{"bounds": [23.100000000000165, 51.20333333333331, 32.85000000000017, 56.253333333333316], "width": 2340, "height": 1212, "vmax": 120.0, "dmspGamma": 0.95, "seed": 20260712}