{"type": "FeatureCollection", "features": [{"type": "Feature", "properties": {"iso": "POL", "source": "geoBoundaries gbOpen ADM0 (simplified), Wiki Commons Media", "license": "Other - Humanitarian", "year": "2011"}, "geometry": {"type": "Polygon", "coordinates": [[[19.22317506098034, 54.38794499016922], [19.255812963497533, 54.406159480275846], [19.276970145056225, 54.40348830763935], [19.353877190579908, 54.402096608571696], [19.367824063929447, 54.41972130349541], [19.4088677209686, 54.420648709570344], [19.427994861973332, 54.435947874594774], [19.467046107891633, 54.43664315485779], [19.482586909958002, 54.45100965097464], [19.52363056609778, 54.455874579448334], [19.540765295981657, 54.46699224589548], [19.563478775924807, 54.470234329750554], [19.568659043580055, 54.48273710413412], [19.58698921977674, 54.48320009580783], [19.594958862461567, 54.49315316268837], [19.61289055715355, 54.49731884398949], [19.62723591200779, 54.51374600077736], [19.64835546413343, 54.51675307469469], [19.699361173179625, 54.54588709081662], [19.711714117812335, 54.558828869256956], [19.731239741221145, 54.56021524433811], [19.741682622055407, 54.577941965549314], [19.757539559203337, 54.57684807517859], [19.774275807582512, 54.59370498919395], [19.792605984678517, 54.6073239751214], [19.799387755140856, 54.621276730936415], [19.81372553590478, 54.62093840508339], [19.820898213781618, 54.61055492986617], [19.81412401830886, 54.59878378814136], [19.795793841212856, 54.58631651539491], [19.787027235518565, 54.572690503963656], [19.763915273171392, 54.567146415574655], [19.75793804160736, 54.558135663729956], [19.730442776413042, 54.540570528207354], [19.705338403844337, 54.52161018805981], [19.649152428042157, 54.486903845735924], [19.629109995729777, 54.47892723420455], [19.877959914318637, 54.462305192530664], [20.152552928275043, 54.438191235237355], [20.542193550492016, 54.39970590480374], [20.79877326347537, 54.38981544692541], [21.138170228873037, 54.35983109392987], [21.237939023766955, 54.343827638334915], [21.280958596562016, 54.34436118721908], [21.683695016911543, 54.33422257311332], [21.779802571931214, 54.343294082256136], [21.98025547191253, 54.342226949414226], [22.308851779186284, 54.348629329180255], [22.4507248366819, 54.35716428390464], [22.644770566208706, 54.35503071159809], [22.678637037968997, 54.36516419417228], [22.77565990318203, 54.3640976288026], [22.78122174598684, 54.37425271579025], [22.8019428157084, 54.37587746157567], [22.805744148373776, 54.3878019332127], [22.81947602799636, 54.398617154957776], [22.841392543131406, 54.40372025268755], [22.905548161618412, 54.40256051305727], [22.924675302623143, 54.38933716947486], [22.98564306457581, 54.38492844099483], [22.990424849827036, 54.356840688047384], [23.019514042838864, 54.35173175911342], [23.043821451498843, 54.33477485487572], [23.02132760668377, 54.31961797429011], [23.045415379316353, 54.31525414356395], [23.073707608419454, 54.30177014947287], [23.083271178921848, 54.310140045326875], [23.13069054902968, 54.31455680385346], [23.1482237622169, 54.299677409984554], [23.211582415895805, 54.26757541077666], [23.306421156111526, 54.26152440782522], [23.31732975896125, 54.25316077484996], [23.33670579543616, 54.249186918941234], [23.3387819820029, 54.2331236764166], [23.365794989347307, 54.226830371824235], [23.37177222091134, 54.21168624812191], [23.412815877051116, 54.181614535882204], [23.449476230343805, 54.17648384335473], [23.461829175875835, 54.15222103926959], [23.47497908531659, 54.11463228615116], [23.491715333695765, 54.09173547401298], [23.485738102131734, 54.01969173548525], [23.459836764754925, 54.010794562619026], [23.46063372956303, 53.99393154310627], [23.478565424254953, 53.97588992068336], [23.49410622632132, 53.947757523590894], [23.484941137323688, 53.9266457649901], [23.49051988738296, 53.90951393631917], [23.501278904198102, 53.8942536507854], [23.505444245555566, 53.875145755272456], [23.53076657961401, 53.858076263109126], [23.52917265089718, 53.77244160919298], [23.55736815161896, 53.760102754238744], [23.5742011283794, 53.74699985775726], [23.574998092288183, 53.67459511787047], [23.591734340667358, 53.665388199605786], [23.599703982452866, 53.62239597699278], [23.616838713236064, 53.61175927337183], [23.6132523742977, 53.57462800627752], [23.64393549602636, 53.559719022914635], [23.635971738504963, 53.532791958382234], [23.66346111943517, 53.505955759550716], [23.662265673122363, 53.473000939541805], [23.68298674194466, 53.45876792440026], [23.683783705853386, 53.4412072989777], [23.709685043230195, 53.4283882060509], [23.706497185796536, 53.40558916011173], [23.729210665739686, 53.3918088124268], [23.730406112052492, 53.35805187989041], [23.751924145682835, 53.344731929335126], [23.76218436881362, 53.323262215378975], [23.778622446069107, 53.30569955658933], [23.77583307193879, 53.28640819758033], [23.79416324813542, 53.27330415985915], [23.79655414076103, 53.2587658914328], [23.8296281551153, 53.23778394097616], [23.85074770724094, 53.22013206404358], [23.85433404617936, 53.200085978685024], [23.906933683043064, 53.173343273373405], [23.891392880976753, 53.154709037292264], [23.87186725846726, 53.137501021654884], [23.868679401033603, 53.10617430639917], [23.847958332211306, 53.09612579357059], [23.865890026903287, 53.08703225913149], [23.865093062095184, 53.074345961896654], [23.88422020309997, 53.07075482147786], [23.890994399471992, 53.053752693931756], [23.892588327289502, 53.04057741821333], [23.912910914607096, 53.03434770468289], [23.91160531033688, 53.00002236913707], [23.929647162986214, 52.97799983202668], [23.912512432203016, 52.96408137905246], [23.90095645147909, 52.92374056107809], [23.905339754326235, 52.90115249878886], [23.895130867195803, 52.857376033177445], [23.922872967513513, 52.81935260623783], [23.909571717460835, 52.75603481775266], [23.924466895331022, 52.73450313960825], [23.903347344104702, 52.71712718637059], [23.8296281551153, 52.67703957341763], [23.80890708629306, 52.65964072703798], [23.772246733000372, 52.63546416883639], [23.71924861373259, 52.61079030802637], [23.704106293170923, 52.621435640642346], [23.662265673122363, 52.62216136475524], [23.66027326200151, 52.60982242256682], [23.6024933574825, 52.606918636685805], [23.57619353860099, 52.59505951338588], [23.54311952424672, 52.59021813186138], [23.48852747626205, 52.56745647343757], [23.45864131844212, 52.54540999097833], [23.40883105660805, 52.5194730323546], [23.38372668403929, 52.50443712946998], [23.364201060630478, 52.48017483170315], [23.337104277840183, 52.464639936384], [23.311601423766717, 52.44618512404429], [23.303233299577187, 52.415571946188436], [23.25103214421813, 52.38201882610798], [23.2494382155013, 52.36352940066138], [23.222341432711005, 52.35355162760561], [23.222341432711005, 52.33383281992877], [23.19524464992071, 52.32116919640134], [23.191259828578268, 52.30972010999511], [23.188582666456966, 52.287166007905], [23.178354321594725, 52.269745822411835], [23.184248314608055, 52.25892410756154], [23.186515234790306, 52.2392162554259], [23.18470169882437, 52.22116617937576], [23.22006565690458, 52.21588861676628], [23.249082238654466, 52.21533304708254], [23.289886805531694, 52.20922132550385], [23.31572969776738, 52.20894349974276], [23.327971068010413, 52.20199729723754], [23.363335026090624, 52.19838484288624], [23.382377157779672, 52.18893549707559], [23.417741115859883, 52.18059617097657], [23.465346444183126, 52.17364553751162], [23.4726005898454, 52.162522265590155], [23.51295177250637, 52.13498020687109], [23.546502194620643, 52.12301218736263], [23.587760145714185, 52.1185581501386], [23.60643390250266, 52.104462365246036], [23.633353582701716, 52.07617034568494], [23.65035548541738, 52.07050978879579], [23.65035548541738, 52.01299271833932], [23.67940040300624, 52.00732415388666], [23.668065801195837, 51.98202488923732], [23.647521834964778, 51.970242767689626], [23.623435806117584, 51.94535922544793], [23.593682475465926, 51.926141430082964], [23.633353582701716, 51.895113537959446], [23.600766601597456, 51.877186257140124], [23.604308665112853, 51.850063128710474], [23.618476917375915, 51.82029637387859], [23.63547882009152, 51.79927269937565], [23.61068437818153, 51.782622000804736], [23.5887235867242, 51.77122587637314], [23.557553431745532, 51.76508830917817], [23.5384262907408, 51.750179315023445], [23.51079819837821, 51.73702023159848], [23.535592640288144, 51.731316771651734], [23.53417581506187, 51.635127185871], [23.530633751546475, 51.60653842960488], [23.559678669135337, 51.599058399425644], [23.555428193456407, 51.580573039814], [23.56817962139246, 51.55415233496234], [23.600766601597456, 51.52947915583843], [23.60643390250266, 51.5096427995756], [23.651063898480174, 51.49729581744805], [23.655314374159104, 51.45979341183653], [23.67231627687471, 51.4536135872973], [23.682942466521638, 51.43286091360034], [23.700652782300097, 51.413866162693296], [23.67656675255364, 51.400167375424076], [23.668774213359313, 51.36656588620673], [23.640437708833247, 51.352410508638116], [23.638312470544122, 51.30061766976968], [23.688609767426897, 51.299731813272615], [23.72473881114729, 51.28201109953267], [23.725447224210086, 51.27048896749193], [23.730406112052492, 51.254973841069955], [23.738907063410295, 51.241227498550245], [23.75449214179895, 51.224815194965345], [23.78070340893521, 51.21372248650363], [23.795580073361748, 51.19907601794392], [23.838793244112992, 51.18309273953838], [23.86854657386533, 51.16399433547025], [23.86996339909166, 51.108875565355106], [23.898299904517046, 51.09953441967775], [23.91530180723265, 51.085741657751385], [23.93584577346371, 51.06393180490892], [23.93301212301111, 51.04255708364258], [23.94930561356324, 51.01092221658706], [23.9698495797943, 51.00156128762336], [23.996769259094094, 50.95383578739171], [24.03148147758816, 50.93374966061839], [24.052733856882014, 50.91454814208316], [24.096655438897415, 50.909634852566455], [24.155453687137992, 50.89131711399369], [24.13632654613326, 50.87030986380921], [24.121449880807404, 50.859131935590426], [24.007395448741022, 50.85197665509861], [23.977642118089307, 50.84437296633939], [23.965599103216107, 50.831399108182325], [23.99181037035237, 50.7906646155796], [24.030064652361887, 50.779915531776396], [24.03573195326709, 50.751687429731135], [24.078945124018333, 50.72972046352862], [24.072569410050278, 50.702359432042215], [24.114365754675873, 50.67677812920738], [24.103739565928265, 50.54190970406967], [24.080361949244605, 50.52254687773626], [24.064068458692475, 50.48514964244208], [24.011645924419952, 50.43418772138631], [23.959223390147372, 50.4359926211626], [23.90963450632745, 50.421551499302325], [23.781411821098743, 50.4147807077635], [23.731822937278764, 50.40755746370604], [23.716946271952963, 50.38091223141441], [23.696402305721904, 50.35425202181341], [23.651063898480174, 50.33255130979518], [23.624852631343913, 50.31265027968669], [23.597224538981322, 50.28368845046168], [23.55471978129293, 50.26557835275884], [23.519752533952328, 50.25267976425977], [23.27855220372129, 50.10722086784881], [23.254522847451483, 50.07522447333082], [23.23004010696542, 50.06940465100388], [23.222785961303146, 50.05718072670925], [23.20193029364816, 50.05281428435177], [23.20011675768228, 50.02893737575931], [23.17382048123028, 50.01932502512989], [23.167926488216892, 50.00737972789216], [23.145710667913022, 49.9954314601938], [23.141176827548577, 49.98143947235383], [23.122134695859586, 49.964818698724], [23.092664730792762, 49.94644169123114], [23.089944426394197, 49.933310962530925], [23.065461685908133, 49.9230957001065], [23.006975139091423, 49.87929147781949], [22.998814225895842, 49.86321996333072], [22.967077340646824, 49.85649756251257], [22.955742738836364, 49.8526975311662], [22.949848745823033, 49.80590343899257], [22.924459236904283, 49.80180680134288], [22.92128554828946, 49.79185638206644], [22.896349423587083, 49.78570951318352], [22.89226896743895, 49.75701381223769], [22.865519306770636, 49.75379180574731], [22.86098546550687, 49.74090163849985], [22.8355959574875, 49.72273240677521], [22.821994434595524, 49.70924761318685], [22.809753064352492, 49.70719525145972], [22.77846956331973, 49.69399942533329], [22.77529587470491, 49.66818389676945], [22.77121541765746, 49.661434397579455], [22.753533438617353, 49.65350987657962], [22.74401237277283, 49.643822598933866], [22.727237162165352, 49.640299474241374], [22.72587700951641, 49.62826020954111], [22.719529633186085, 49.6129866158397], [22.696407044449586, 49.60769848799487], [22.693686740051078, 49.5956511644697], [22.66376339076794, 49.57272364857755], [22.665123543416826, 49.5594913342577], [22.64064080293076, 49.54625543344156], [22.638827266964825, 49.522421772346945], [22.651975404741165, 49.51064777617398], [22.689152899686633, 49.508292636995634], [22.695953660233272, 49.47265732647452], [22.711822103307497, 49.45438785901251], [22.714542407706006, 49.42225244009808], [22.73313115517874, 49.39127638849459], [22.735398075360933, 49.33635654751669], [22.751266518435102, 49.31862738374684], [22.72406347355053, 49.27368492551898], [22.708648414692618, 49.242615214920306], [22.729504082347546, 49.21863378711964], [22.72088978493565, 49.186047776383816], [22.718622864753456, 49.16707876137576], [22.77030865012415, 49.14988181189614], [22.795698158143523, 49.1433572691227], [22.80839291260287, 49.122591644289], [22.842396718034138, 49.1163602607175], [22.8618922339395, 49.10270782720454], [22.891815583222638, 49.09706768222782], [22.8881885103915, 49.084003833410236], [22.871866684000338, 49.07004547032227], [22.867786226952887, 49.05014059651137], [22.884561437560365, 49.039144935690274], [22.887281741958873, 49.01119907867462], [22.854184704960232, 49.01119907867462], [22.82970196447411, 49.01952501746564], [22.78028309928567, 49.04865483825023], [22.6968604286659, 49.04598036150452], [22.67872506540948, 49.03736162593833], [22.638373882748567, 49.05400335916772], [22.627039280038787, 49.07331267224208], [22.6011963878031, 49.087567041785576], [22.5812474885808, 49.096473945316404], [22.560391820925872, 49.086379334139], [22.500998506575854, 49.08727011802159], [22.40216077709823, 49.09825513446691], [22.376317883963225, 49.127932207105744], [22.34276746274827, 49.148695595325535], [22.3205516424444, 49.15106800058783], [22.304229815153917, 49.13238223695072], [22.270679393938906, 49.14098449513841], [22.223074065615663, 49.157295022447386], [22.210379311156316, 49.17300735940216], [22.195417636514776, 49.18219528308589], [22.143278466927768, 49.184566083957634], [22.118795726441647, 49.19464071759512], [22.112901733428316, 49.20323216683107], [22.041267048835266, 49.20441707758613], [22.019957996964024, 49.229293636592104], [22.01270385220107, 49.26865591843597], [21.995021873160965, 49.29024744106658], [21.9705391326749, 49.304439455216766], [21.947416544837722, 49.34787708056285], [21.909785665675997, 49.35526061888248], [21.885302925189876, 49.355555937356655], [21.85356603994086, 49.374157428222816], [21.828629915238423, 49.38242249909911], [21.81230808884726, 49.395702735592806], [21.79734641420572, 49.381537022115936], [21.76787644913884, 49.372681376344474], [21.744753860402398, 49.36913867161246], [21.736592947206816, 49.382127341603564], [21.698962068944354, 49.41074933141658], [21.6404755221277, 49.42343209341641], [21.600577723683045, 49.451735273564054], [21.56294684452132, 49.436111579186104], [21.502193378421737, 49.4349322307379], [21.49357908011052, 49.419008246433464], [21.43101207714568, 49.41812342955268], [21.419677475335277, 49.414584000151535], [21.3947413506329, 49.421662602647075], [21.36663153821496, 49.441418297816256], [21.34053475027855, 49.443187076322545], [21.31906248044919, 49.456203324024216], [21.29671971274462, 49.45808944966842], [21.24971285176673, 49.46582180713074], [21.24478003257252, 49.455637471492196], [21.220406104658082, 49.44431906107587], [21.214602788487923, 49.42714781781757], [21.193420684017383, 49.41166967871277], [21.160922113464835, 49.40902658201122], [21.133356361207177, 49.42544923589355], [21.111013593502605, 49.43035608896241], [21.10288895086444, 49.437715448109486], [21.084028173761283, 49.43431895785369], [21.073582203755734, 49.42978993875471], [21.04543612078038, 49.4235618538965], [21.025995011160887, 49.4143126333214], [21.042534462695357, 49.39977462210118], [21.05588208988661, 49.37899856693036], [21.075903530223798, 49.37635371115488], [21.067198555968616, 49.35859170864052], [21.009455559626417, 49.35518974241273], [20.963609361882618, 49.3211571343943], [20.96535035673361, 49.309240161304444], [20.93633377498378, 49.30072627319902], [20.909348355242457, 49.30091548606089], [20.879751441875612, 49.30545639239864], [20.869305472769383, 49.32002230868267], [20.842610218386938, 49.33779823899761], [20.822008445533413, 49.34063422948617], [20.795893522767926, 49.33628564316797], [20.782545895576675, 49.348196072790586], [20.772390091829323, 49.36407216010218], [20.751207988258102, 49.36955200092416], [20.729445552170546, 49.38334337789462], [20.73002588378756, 49.4018517448622], [20.706522452848958, 49.41922060065025], [20.665028741783033, 49.41903184104666], [20.655163104293877, 49.40090760869924], [20.618602212422218, 49.405439294288044], [20.61076773514293, 49.41638914094614], [20.585523309353277, 49.41412385573142], [20.57565767186412, 49.38768780394906], [20.506598209439858, 49.386554512480814], [20.4671356585838, 49.406005725983505], [20.439569906326142, 49.41336873727744], [20.429704268836986, 49.41771050853322], [20.39865652687729, 49.40392877948966], [20.37312193572882, 49.39486471133739], [20.354261157726285, 49.40204056921692], [20.30029031734432, 49.40373996143012], [20.302031312195368, 49.35178754056261], [20.195540459124913, 49.342524798680586], [20.173487857678538, 49.33628564316797], [20.146792603296035, 49.32058972513573], [20.1340253077218, 49.30280758140481], [20.12038751427241, 49.30148312284791], [20.117776022445526, 49.287290257039786], [20.0913709334219, 49.26987475971242], [20.095143088482814, 49.25529401900383], [20.06293468328903, 49.23767776871409], [20.06293468328903, 49.16847797427914], [20.037400092140615, 49.17037514989329], [20.031886942228653, 49.18308434656541], [20.013316329584995, 49.1864982018306], [19.96427830749792, 49.220055233062624], [19.94135520907571, 49.22232946203508], [19.91407962217687, 49.23294114561742], [19.857207123709827, 49.20413270206262], [19.8308020346862, 49.18498096190194], [19.80497727727959, 49.18896361767685], [19.783505007450174, 49.19730718947528], [19.76435406408882, 49.19029109795588], [19.736207980214147, 49.202616002626485], [19.73417682000428, 49.22611961073153], [19.755649089833696, 49.24014063318373], [19.76319340085479, 49.25983912697416], [19.79191981634648, 49.27460784037959], [19.769867214000783, 49.30583478304885], [19.78524600230122, 49.32512881844025], [19.769577048641906, 49.340445168609676], [19.792500147963494, 49.35764674240329], [19.7704475456178, 49.381076567429716], [19.766965555915704, 49.41261360803162], [19.72489151323282, 49.406949763221064], [19.70864222795649, 49.39014317976398], [19.697035595616285, 49.389009944953045], [19.68978145085333, 49.379943123976034], [19.672661667701846, 49.395808962613614], [19.643645086851336, 49.409215379386296], [19.619271158037577, 49.41563405756574], [19.630007293401945, 49.448092155028974], [19.6189809926787, 49.461484293265585], [19.591125075062223, 49.446394298857854], [19.545569042677243, 49.47883204466319], [19.53715423378094, 49.495042865036226], [19.537444400039078, 49.51690012114375], [19.524096771948507, 49.51746526501], [19.509008149906265, 49.5750756841955], [19.481732563906746, 49.59181890411918], [19.457358635992307, 49.60404346783184], [19.4431405109259, 49.60855637827427], [19.436176531521767, 49.61419692884522], [19.442560179308884, 49.6224685566786], [19.436466697779906, 49.6145729425873], [19.408320613905232, 49.59840174274626], [19.396133649948013, 49.597085245887456], [19.39033033377791, 49.58278956688508], [19.371179389517238, 49.57695723139119], [19.369728560924386, 49.56434948004454], [19.34477430139293, 49.54722030437358], [19.319602416718226, 49.53448717674189], [19.27471739279349, 49.53419293385684], [19.267463248030538, 49.54243106014536], [19.219857919707295, 49.516535128593375], [19.217590998625724, 49.46705934261462], [19.183587193194455, 49.44672444177962], [19.172705974701046, 49.42667599480137], [19.173159358917303, 49.409864365248325], [19.139155553486034, 49.41192926082675], [19.12374049462818, 49.39865341212533], [19.109232204202897, 49.41045434389292], [19.06842763642635, 49.41635374632841], [19.060720107447025, 49.421367681673246], [19.03895767135947, 49.412224239357215], [19.02867151987482, 49.395094136485284], [19.0, 49.39489770892077], [19.0, 54.37970611866236], [19.22317506098034, 54.38794499016922]]]}}, {"type": "Feature", "properties": {"iso": "LTU", "source": "geoBoundaries gbOpen ADM0 (simplified), OpenStreetMap, Wambacher", "license": "Open Data Commons Open Database License 1.0", "year": "2017"}, "geometry": {"type": "MultiPolygon", "coordinates": [[[[24.89705590000004, 56.448193500000045], [24.900206300000026, 56.4468984], [24.9055991, 56.4473589], [24.908778, 56.4428868], [24.91835830000002, 56.44068120000002], [24.9190698, 56.4344915], [24.91285890000001, 56.43040779999998], [24.911262, 56.42520159999999], [24.902379900000014, 56.4204775], [24.902456599999965, 56.417750400000045], [24.9066263, 56.415719599999974], [24.905629, 56.41272840000001], [24.915305799999963, 56.4057852], [24.91369010000004, 56.40382669999996], [24.918138300000024, 56.4018617], [24.921564800000027, 56.4035997], [24.925030499999988, 56.402725399999966], [24.9433394, 56.377880399999974], [24.942154800000036, 56.37526109999997], [24.94995809999998, 56.377198799999974], [24.95524130000004, 56.37000129999998], [24.960093, 56.3680189], [24.963779799999973, 56.36887390000004], [24.9694909, 56.36528469999999], [24.969909399999988, 56.35439290000003], [24.972652600000032, 56.3523036], [24.967927300000035, 56.3496564], [24.96660130000001, 56.3437385], [24.970791599999973, 56.33755719999997], [24.9673761, 56.335363600000015], [24.97188849999996, 56.33316310000002], [24.96801850000003, 56.3273394], [24.970487500000036, 56.32014220000003], [24.974206900000027, 56.31756140000001], [24.97332, 56.3102437], [24.98694250000004, 56.30585780000003], [24.9925895, 56.298445], [25.0019092, 56.294653100000026], [25.009137100000032, 56.29489130000002], [25.015997, 56.29172250000002], [25.013594599999987, 56.28494849999998], [25.019166500000043, 56.282384800000045], [25.019113900000043, 56.27693580000003], [25.026985200000016, 56.275752299999986], [25.027205699999964, 56.27421709999997], [25.03308089999998, 56.272258], [25.041732400000026, 56.27413859999996], [25.044118700000027, 56.271331699999976], [25.0419189, 56.26868630000003], [25.0565941, 56.26569670000003], [25.05512590000003, 56.261158100000024], [25.059228600000026, 56.25810110000004], [25.0560498, 56.2550552], [25.05775920000004, 56.25175309999998], [25.063699400000015, 56.249717500000045], [25.056853299999958, 56.24461080000002], [25.060576399999988, 56.24366569999998], [25.06015239999999, 56.24179989999997], [25.067399700000024, 56.241693799999986], [25.069007, 56.238710300000044], [25.063007599999974, 56.226611799999986], [25.067964, 56.22602649999996], [25.075144800000036, 56.218329899999965], [25.071585200000033, 56.21524469999996], [25.070277500000014, 56.2099059], [25.07543780000003, 56.205480400000035], [25.07368150000002, 56.202834], [25.07756569999997, 56.19791619999998], [25.075413399999967, 56.19641129999999], [25.076524499999973, 56.195034], [25.085941899999973, 56.196578200000026], [25.09203489999998, 56.18604420000001], [25.097234200000027, 56.18432570000002], [25.11055, 56.1860194], [25.1181502, 56.18433760000003], [25.122269599999967, 56.1848482], [25.136672299999983, 56.17982829999996], [25.142501500000012, 56.17999], [25.15021770000003, 56.1745571], [25.1664061, 56.17392449999998], [25.187440899999956, 56.17672130000001], [25.1999696, 56.1762843], [25.21460359999996, 56.18715310000001], [25.22764509999997, 56.19173749999999], [25.23373990000004, 56.192224500000044], [25.23866920000004, 56.186668], [25.248602, 56.18498749999998], [25.25452539999997, 56.17318860000002], [25.27000779999997, 56.1706142], [25.279689, 56.15831190000004], [25.29745049999996, 56.153611200000036], [25.314861099999984, 56.14491759999997], [25.33735490000004, 56.15417160000004], [25.35292219999996, 56.153039499999984], [25.40407510000002, 56.1582159], [25.40257389999998, 56.148509900000015], [25.4195616, 56.14518550000002], [25.431514, 56.154393900000045], [25.45495919999996, 56.152659200000045], [25.454031700000044, 56.147064], [25.479763300000034, 56.14281369999998], [25.5047356, 56.14454209999999], [25.5096328, 56.159091200000034], [25.536049899999956, 56.16540649999996], [25.551307700000024, 56.161952800000016], [25.565441399999987, 56.1399296], [25.601989099999976, 56.13440429999998], [25.6237161, 56.13609289999998], [25.634063500000035, 56.1347105], [25.650600399999977, 56.1349305], [25.673123200000035, 56.14936670000003], [25.684556300000015, 56.14410729999998], [25.676319199999973, 56.129926300000015], [25.69960520000003, 56.11949050000004], [25.693124199999982, 56.10379630000001], [25.6994255, 56.101149200000016], [25.69554970000003, 56.09496080000002], [25.68712620000002, 56.09295829999998], [25.687857, 56.08645710000003], [25.70279540000002, 56.08227570000001], [25.7168917, 56.08117220000001], [25.7249157, 56.078344399999985], [25.7367066, 56.076834600000026], [25.75197360000003, 56.070574100000016], [25.7607627, 56.06363789999997], [25.801430700000026, 56.05866569999997], [25.82008339999997, 56.05477469999999], [25.824807499999956, 56.0439309], [25.835207299999972, 56.03263610000001], [25.839655100000012, 56.030395], [25.8503509, 56.03049570000002], [25.85869129999998, 56.0225251], [25.8596801, 56.01482689999996], [25.84891729999996, 56.00823970000001], [25.860356, 55.99973959999997], [25.892844900000032, 56.000814], [25.898553400000022, 55.99942069999996], [25.900573, 55.996926], [25.944758399999966, 55.987881399999985], [25.9459911, 55.9845786], [25.956116699999974, 55.98560029999999], [25.961366500000025, 55.982727699999984], [25.974393800000016, 55.98158109999997], [25.979979399999962, 55.978827500000044], [25.98015960000004, 55.97563119999999], [25.988689, 55.97384269999998], [25.9910408, 55.96926529999996], [25.997399300000044, 55.966209], [25.995085199999977, 55.96527710000002], [25.999954, 55.962854799999974], [26.010364699999975, 55.967015399999966], [26.045950799999982, 55.954230699999975], [26.045279699999966, 55.94502950000001], [26.054975700000014, 55.934787700000015], [26.063650300000017, 55.9301857], [26.0841841, 55.909733699999954], [26.08999439999997, 55.90091310000004], [26.109739399999963, 55.88915010000003], [26.120282899999967, 55.879457], [26.15114669999996, 55.8767901], [26.173233900000035, 55.865368299999986], [26.18391050000004, 55.86850469999997], [26.20374350000003, 55.8588881], [26.229389400000034, 55.838210300000014], [26.235596, 55.819791399999964], [26.2312214, 55.81243250000002], [26.257797100000023, 55.7833846], [26.2686215, 55.7677261], [26.313153499999984, 55.7428994], [26.3222543, 55.74337669999997], [26.327519399999975, 55.7413236], [26.333830099999965, 55.743926499999986], [26.350029799999984, 55.74238540000002], [26.3655361, 55.7315421], [26.375627, 55.70939620000003], [26.385829800000014, 55.704531500000044], [26.390058300000028, 55.70536779999996], [26.392432600000014, 55.708865399999986], [26.4032164, 55.711353299999956], [26.4111416, 55.71119420000003], [26.417971699999974, 55.708723300000045], [26.42872920000001, 55.7106334], [26.44305, 55.7090136], [26.446280200000015, 55.70684], [26.457077599999977, 55.7063452], [26.459740899999982, 55.703345], [26.467922699999978, 55.70345169999997], [26.484073599999956, 55.695999700000044], [26.490992099999964, 55.6959647], [26.492900599999956, 55.68796890000002], [26.50272189999998, 55.685768], [26.51234539999998, 55.687312200000044], [26.513735, 55.68260519999996], [26.51939689999998, 55.679152600000016], [26.52852510000003, 55.67839849999997], [26.5310088, 55.6769336], [26.54248520000002, 55.6767876], [26.545329399999982, 55.6782153], [26.5467692, 55.67694780000002], [26.551377600000013, 55.6789044], [26.572392099999973, 55.680074], [26.57552070000002, 55.67594330000004], [26.58320719999998, 55.67512979999997], [26.592825800000018, 55.67653770000002], [26.597454, 55.67465050000001], [26.6187891, 55.68113579999997], [26.6304201, 55.68065250000004], [26.630929300000037, 55.65886430000001], [26.63765389999999, 55.654148], [26.63236750000002, 55.608198], [26.636193400000028, 55.59748870000002], [26.627854700000018, 55.5723118], [26.620534900000024, 55.5689227], [26.623702099999978, 55.5656165], [26.619521800000044, 55.563068700000045], [26.613425400000022, 55.565691200000046], [26.6079345, 55.562344], [26.604152199999962, 55.5563654], [26.598633499999956, 55.5550301], [26.5988691, 55.55168980000002], [26.586354399999966, 55.5462407], [26.587213299999977, 55.538874399999976], [26.581401499999966, 55.535456], [26.56604579999997, 55.5341012], [26.565762100000033, 55.531385], [26.562331499999956, 55.53177459999998], [26.5582218, 55.52715109999996], [26.553378199999987, 55.527168299999964], [26.5507441, 55.52528789999999], [26.54592370000004, 55.52710270000004], [26.534110200000026, 55.52488079999997], [26.5242191, 55.50992280000001], [26.539626700000028, 55.4938433], [26.53879470000002, 55.484407399999974], [26.55034109999996, 55.4772939], [26.556953100000012, 55.463432900000036], [26.54946040000001, 55.460299699999965], [26.541906, 55.450654], [26.559741, 55.438447], [26.54436280000003, 55.442538], [26.538729, 55.4395159], [26.5593564, 55.41108849999998], [26.54800060000002, 55.40785820000004], [26.55012019999998, 55.39614479999996], [26.551934299999978, 55.39646289999999], [26.554147599999965, 55.388833], [26.511002900000012, 55.37945360000004], [26.503396600000027, 55.369820500000046], [26.494976300000015, 55.36890929999997], [26.487864299999984, 55.37303149999998], [26.4805767, 55.36948249999997], [26.474811099999982, 55.37006759999998], [26.471990600000026, 55.356722], [26.45528829999999, 55.350678700000046], [26.44980819999998, 55.35102080000002], [26.445648499999972, 55.34876880000003], [26.44065560000004, 55.3492944], [26.439928600000016, 55.34793509999997], [26.4474083, 55.34200859999997], [26.451856299999974, 55.3419896], [26.453128800000012, 55.339736], [26.45466869999997, 55.34130759999997], [26.465535299999974, 55.33938509999997], [26.475409899999967, 55.341487800000046], [26.480017700000012, 55.3385697], [26.483427699999982, 55.339304], [26.4868576, 55.33708740000002], [26.491712499999974, 55.3376409], [26.494662399999978, 55.334284800000034], [26.511728099999974, 55.33238150000003], [26.514072200000037, 55.3334201], [26.5154951, 55.32997289999996], [26.5224876, 55.330504299999966], [26.52698670000002, 55.3326045], [26.52889210000002, 55.330493], [26.532233299999984, 55.329805], [26.53423920000004, 55.33084469999997], [26.5347529, 55.3290395], [26.548625, 55.328968], [26.548332799999972, 55.32644830000001], [26.553753799999978, 55.32416149999998], [26.55439290000001, 55.321861099999985], [26.56188260000003, 55.321948], [26.563707799999968, 55.31926429999997], [26.56588110000002, 55.32119749999997], [26.5708734, 55.32132869999999], [26.574088199999977, 55.324112], [26.583649299999966, 55.326364], [26.58530149999998, 55.32558579999997], [26.5826514, 55.32465959999998], [26.586462899999972, 55.32172249999997], [26.585036099999957, 55.32049459999998], [26.58846990000003, 55.319080200000016], [26.5943703, 55.321014199999986], [26.59395190000002, 55.32235630000001], [26.607237, 55.31958720000004], [26.607956699999978, 55.3231914], [26.61202880000002, 55.32429129999998], [26.613477399999972, 55.32696370000002], [26.617961099999963, 55.32682339999996], [26.615441400000027, 55.3292734], [26.616767699999986, 55.3310124], [26.614275099999983, 55.33188550000003], [26.622004700000044, 55.331624800000036], [26.626780100000012, 55.33490219999996], [26.63098549999998, 55.333141799999964], [26.626655099999972, 55.33118289999998], [26.624736300000016, 55.32667050000001], [26.632441899999957, 55.32192490000002], [26.638100800000018, 55.325272299999966], [26.640659900000017, 55.3247466], [26.6405652, 55.33023269999996], [26.643903399999978, 55.334351799999986], [26.660737, 55.33526910000003], [26.6643228, 55.33893309999997], [26.6685953, 55.3383816], [26.683425499999956, 55.3314236], [26.687073299999973, 55.3320238], [26.700720099999973, 55.32898129999998], [26.708586399999977, 55.32906369999996], [26.720150799999985, 55.32178489999998], [26.728247499999956, 55.32149909999996], [26.739575500000033, 55.324160900000024], [26.75216910000002, 55.322915700000024], [26.754551, 55.323799100000016], [26.764377899999968, 55.323121], [26.775257900000014, 55.320547900000044], [26.7777534, 55.318480100000016], [26.791969400000013, 55.32120270000004], [26.79402559999997, 55.3179164], [26.801247, 55.3185283], [26.8142562, 55.3152938], [26.8126406, 55.313219], [26.8148724, 55.309094], [26.83210309999997, 55.30689169999997], [26.83001739999997, 55.30286470000002], [26.834005, 55.297657899999976], [26.835475, 55.285511300000024], [26.828663599999956, 55.276034], [26.826076, 55.27722840000001], [26.798192699999966, 55.2736386], [26.798729100000028, 55.2660128], [26.794876699999957, 55.2653654], [26.7919295, 55.26803130000003], [26.785821900000027, 55.26740310000002], [26.784677099999985, 55.26321590000004], [26.782274499999968, 55.26312120000002], [26.780363699999963, 55.25989909999997], [26.76106619999996, 55.2582033], [26.759509400000024, 55.255836800000026], [26.74867740000004, 55.251493], [26.74460470000004, 55.25451220000003], [26.740407200000014, 55.2494783], [26.731415, 55.2451567], [26.7316165, 55.243016400000016], [26.7259272, 55.23807010000003], [26.729708100000014, 55.2156206], [26.709484, 55.207272099999976], [26.70068689999998, 55.2005354], [26.6936249, 55.2055883], [26.674918399999957, 55.197382399999974], [26.67720619999998, 55.19537890000003], [26.676552299999965, 55.188796], [26.680134499999973, 55.187548300000046], [26.687088, 55.17765630000004], [26.691283399999975, 55.17972739999998], [26.6959693, 55.1765802], [26.700403299999962, 55.17849540000001], [26.705798599999973, 55.17188889999997], [26.694207499999976, 55.166837299999976], [26.677923700000015, 55.1703812], [26.67665840000004, 55.15899129999996], [26.66868790000003, 55.15597360000003], [26.66366889999998, 55.156336], [26.653574099999975, 55.16099290000002], [26.645065600000038, 55.15875749999998], [26.641474900000038, 55.1549202], [26.63299870000002, 55.151789499999964], [26.63178250000002, 55.152638500000045], [26.617927, 55.1466535], [26.5908741, 55.1539476], [26.574393899999958, 55.148625099999975], [26.56499929999998, 55.15048690000001], [26.56520409999996, 55.148776100000035], [26.559559, 55.14909959999998], [26.55355069999996, 55.1438164], [26.547957700000023, 55.14659529999998], [26.54663, 55.1442811], [26.54343769999996, 55.14495], [26.53997819999998, 55.143235099999956], [26.51694230000001, 55.1609627], [26.4936505, 55.15107410000001], [26.48930330000003, 55.153350900000014], [26.4803772, 55.1486877], [26.47752120000004, 55.13771769999997], [26.461119099999973, 55.128562399999986], [26.457426599999987, 55.136517799999986], [26.450766899999987, 55.1329842], [26.440531900000018, 55.134764], [26.4236623, 55.14055110000002], [26.417596, 55.13626429999997], [26.41467079999997, 55.1387067], [26.41669, 55.140559], [26.413849300000035, 55.14096550000002], [26.39618259999996, 55.133869], [26.391681200000015, 55.136344799999975], [26.392716499999967, 55.142816300000035], [26.388426700000032, 55.14162380000004], [26.383285399999988, 55.1457335], [26.370757, 55.149690800000045], [26.354683, 55.1505726], [26.355701699999965, 55.14946640000004], [26.3499957, 55.14645620000002], [26.340841700000038, 55.145165399999975], [26.33987049999997, 55.146729], [26.33206969999997, 55.144473700000034], [26.329250400000024, 55.14631619999998], [26.323525900000043, 55.14493430000004], [26.3249735, 55.138285300000035], [26.329179, 55.1368132], [26.302169500000037, 55.1335068], [26.310383, 55.1311517], [26.31194449999996, 55.12905240000003], [26.307540199999966, 55.12869879999999], [26.306620199999962, 55.1267893], [26.301891699999967, 55.1252017], [26.260799700000035, 55.121354199999985], [26.22963420000004, 55.10731769999998], [26.22930379999997, 55.10560539999997], [26.233276699999973, 55.10169289999999], [26.2437742, 55.096716199999975], [26.249282600000033, 55.09108860000002], [26.252357100000044, 55.09201960000004], [26.2598697, 55.08458309999999], [26.2713814, 55.07759049999998], [26.265293, 55.074345200000046], [26.2614681, 55.07408449999997], [26.265831299999974, 55.07031579999998], [26.26330090000004, 55.06634540000001], [26.2461971, 55.070079], [26.239660200000035, 55.06456170000004], [26.237001699999983, 55.0645505], [26.2359005, 55.058744500000024], [26.2452396, 55.056527900000034], [26.24498530000001, 55.051889], [26.2378037, 55.05104169999996], [26.237505, 55.04676070000004], [26.240898700000013, 55.04643640000003], [26.2400366, 55.041258399999975], [26.241843700000043, 55.04038689999999], [26.233351300000017, 55.0345487], [26.216777300000025, 55.014037500000036], [26.208838200000038, 55.0124022], [26.2085126, 54.997414], [26.2001343, 54.99600670000004], [26.18470509999997, 54.99043589999998], [26.181993300000038, 54.99021870000004], [26.1824726, 54.992530600000016], [26.176780799999964, 54.991855], [26.17217540000003, 54.993267200000034], [26.156191800000038, 54.992365500000034], [26.139139399999987, 54.98535570000002], [26.127325699999957, 54.98856809999998], [26.11594060000004, 54.98856569999996], [26.1186237, 54.98008109999996], [26.109836299999987, 54.9719427], [26.07619109999999, 54.970111700000025], [26.07593170000002, 54.965086700000015], [26.072701, 54.96303850000001], [26.080766500000017, 54.9546955], [26.07242690000002, 54.95272439999998], [26.072684, 54.951615399999966], [26.055349, 54.949718], [26.0526643, 54.947454400000034], [26.064170299999965, 54.943081699999986], [26.06191169999996, 54.941609400000026], [26.0294047, 54.94393010000002], [26.023240599999962, 54.94306170000002], [25.99033389999996, 54.95172350000003], [25.99042189999996, 54.9578911], [25.983952, 54.957828], [25.978972300000034, 54.95383419999997], [25.9761229, 54.95528], [25.96375639999997, 54.95246090000003], [25.96068859999998, 54.95031380000001], [25.955644399999976, 54.950822299999984], [25.943824699999983, 54.94748770000003], [25.945238100000044, 54.94634210000002], [25.92776190000001, 54.93767549999996], [25.918806400000037, 54.93670590000003], [25.916199900000024, 54.93413290000004], [25.90838139999998, 54.93138719999996], [25.88350309999998, 54.936684500000034], [25.87778779999996, 54.9297924], [25.857817599999986, 54.927600099999964], [25.853229299999956, 54.9191643], [25.860421499999962, 54.918480199999976], [25.8538535, 54.91142590000001], [25.85921919999996, 54.90579580000003], [25.854228300000013, 54.90100649999997], [25.853118600000034, 54.896566599999964], [25.844238900000025, 54.89373829999999], [25.841705, 54.890098700000024], [25.83778019999996, 54.889382900000044], [25.829976199999958, 54.8840946], [25.823858300000023, 54.88387680000001], [25.82176850000004, 54.87874050000003], [25.818077299999985, 54.87957780000003], [25.81360069999996, 54.877444], [25.813436499999963, 54.87493219999996], [25.816551200000013, 54.87482560000002], [25.8164856, 54.8730272], [25.813181, 54.87222519999998], [25.81183379999996, 54.873465], [25.809628800000038, 54.87212580000002], [25.809745500000012, 54.867766899999964], [25.802094399999962, 54.865944], [25.80205679999996, 54.8641948], [25.79676960000001, 54.862364], [25.7954438, 54.85989730000004], [25.78570729999998, 54.85897830000003], [25.782192599999963, 54.85710339999998], [25.778193099999978, 54.85072680000004], [25.779181499999957, 54.843177399999966], [25.78426349999998, 54.83935609999998], [25.7789147, 54.83474920000001], [25.77857429999999, 54.8286636], [25.773481, 54.823278700000046], [25.756937300000036, 54.82196489999997], [25.751745199999963, 54.823676], [25.748261500000023, 54.81820630000002], [25.74298269999997, 54.8150641], [25.741556099999972, 54.809484], [25.73354980000002, 54.800340299999974], [25.73997440000002, 54.778533700000025], [25.74949329999998, 54.76449310000004], [25.745366799999967, 54.75317829999999], [25.74613969999997, 54.72292560000002], [25.74204759999996, 54.708563199999965], [25.735340600000043, 54.70156710000002], [25.73984189999998, 54.686106], [25.73834910000001, 54.68459580000002], [25.731684, 54.685197399999964], [25.730205599999987, 54.6828234], [25.734638599999958, 54.677695], [25.746037200000014, 54.639799700000026], [25.748628199999988, 54.638454], [25.743734900000035, 54.632209500000044], [25.748579699999972, 54.62903889999998], [25.74601140000001, 54.626682], [25.756778400000034, 54.6194146], [25.752679700000012, 54.61018149999998], [25.755644099999973, 54.6082131], [25.75809550000003, 54.600964], [25.7553395, 54.598965], [25.757527899999964, 54.59463530000003], [25.755132600000017, 54.5927189], [25.7599286, 54.590729], [25.7593446, 54.58585550000003], [25.76161080000001, 54.582587], [25.758768600000035, 54.5809109], [25.762608300000032, 54.57690129999998], [25.756333299999977, 54.575256799999984], [25.75922819999996, 54.5742586], [25.749779699999962, 54.56804920000004], [25.75037520000003, 54.564719], [25.746655899999958, 54.56247189999998], [25.7349139, 54.5590263], [25.703728599999963, 54.54505729999998], [25.70174589999996, 54.546131], [25.682365500000024, 54.53641760000002], [25.6569168, 54.508566], [25.6493983, 54.4887947], [25.6377118, 54.47704280000002], [25.6408762, 54.47602659999996], [25.638932400000012, 54.472563], [25.636549600000034, 54.470861800000016], [25.6280668, 54.47160790000002], [25.620514599999964, 54.46943149999998], [25.610815700000032, 54.463442], [25.602232899999986, 54.46082750000004], [25.6060568, 54.456427799999986], [25.61269420000003, 54.45589680000002], [25.617241300000025, 54.45902080000004], [25.6277007, 54.455143699999965], [25.619669899999973, 54.45057189999997], [25.622523299999987, 54.44796879999997], [25.621510899999976, 54.44047470000003], [25.6244751, 54.44030979999998], [25.625835500000036, 54.43376550000002], [25.63296039999998, 54.42351559999997], [25.62892729999997, 54.41708210000004], [25.6051174, 54.396409300000016], [25.596170400000016, 54.3969802], [25.590515799999956, 54.4014414], [25.58566719999997, 54.39143090000004], [25.59365990000004, 54.375362799999984], [25.562205500000033, 54.365823500000026], [25.555902, 54.3423757], [25.53193520000003, 54.3418175], [25.5320314, 54.3383417], [25.536032500000026, 54.3317002], [25.548387800000015, 54.33170319999997], [25.551591100000024, 54.32604910000004], [25.546523699999966, 54.32383679999996], [25.552332, 54.314994799999965], [25.587230099999967, 54.32230270000004], [25.5893248, 54.31592080000002], [25.6202703, 54.31038530000004], [25.627450399999983, 54.3174545], [25.630352, 54.318206], [25.6360907, 54.31646759999997], [25.64253129999998, 54.3108216], [25.66195150000001, 54.3222324], [25.67716179999997, 54.32381090000004], [25.684292599999957, 54.3192021], [25.705288, 54.3031346], [25.710631500000012, 54.296907], [25.69980810000003, 54.290613399999955], [25.707791300000025, 54.28546170000003], [25.698712, 54.280532699999966], [25.712779500000014, 54.271542400000044], [25.721369899999978, 54.27632650000002], [25.725544399999965, 54.27362880000001], [25.728605500000022, 54.275166], [25.73455240000002, 54.2729931], [25.736642, 54.273695], [25.740456699999957, 54.27130869999998], [25.7438365, 54.273165100000014], [25.750892700000037, 54.268107399999955], [25.746553199999987, 54.266008099999986], [25.751644100000036, 54.26207929999999], [25.756904499999987, 54.251697599999964], [25.7745479, 54.23751519999997], [25.7846845, 54.2380104], [25.785686400000028, 54.233625800000034], [25.76736150000003, 54.22813439999997], [25.7692632, 54.2269646], [25.75013389999996, 54.22191880000004], [25.754258299999975, 54.21638520000004], [25.75155969999998, 54.21500540000001], [25.7584504, 54.2123314], [25.758261700000016, 54.209330400000034], [25.7719361, 54.20453290000002], [25.777793400000036, 54.199558500000016], [25.780490399999987, 54.19360369999998], [25.777136899999984, 54.187724], [25.770479099999964, 54.18320409999998], [25.77879639999998, 54.17774620000004], [25.779096, 54.16783270000002], [25.78307340000001, 54.16812990000001], [25.784264499999974, 54.16461470000004], [25.7885812, 54.165195], [25.7852995, 54.1545797], [25.78342050000004, 54.154028599999975], [25.782753700000026, 54.155731099999976], [25.7796125, 54.15462539999997], [25.779466, 54.158340699999975], [25.781442, 54.157869399999974], [25.7823209, 54.160292700000014], [25.77779430000002, 54.159838], [25.774049399999964, 54.16193110000004], [25.772273899999963, 54.16000449999997], [25.766560800000036, 54.160267200000035], [25.76544230000004, 54.15890619999996], [25.740843499999986, 54.16111830000003], [25.73935119999997, 54.156185800000024], [25.734596600000035, 54.156975399999986], [25.7357598, 54.1616226], [25.72447649999998, 54.16276439999998], [25.72303020000004, 54.16570259999999], [25.71909289999996, 54.16733450000001], [25.7104618, 54.169236099999964], [25.7036304, 54.16893220000004], [25.70150149999999, 54.1684852], [25.7073412, 54.16363540000001], [25.700018799999967, 54.1580758], [25.687427, 54.1549489], [25.689408400000023, 54.14818220000003], [25.684873, 54.1406966], [25.681380300000043, 54.14169239999997], [25.6641144, 54.140708299999986], [25.6538136, 54.1349246], [25.649974699999987, 54.12841350000003], [25.64029849999998, 54.13086039999998], [25.63895549999997, 54.12765389999998], [25.628579, 54.13079560000004], [25.629729, 54.1355591], [25.622942, 54.139141400000014], [25.62695419999996, 54.14222330000002], [25.6228261, 54.1433836], [25.612325, 54.141296], [25.601108400000026, 54.14252439999997], [25.6019389, 54.14586709999997], [25.58611780000004, 54.1467853], [25.5660931, 54.151044], [25.55508430000004, 54.14619180000001], [25.548496500000038, 54.1529705], [25.5338723, 54.15603230000003], [25.5344874, 54.15842109999997], [25.53029150000001, 54.158505600000034], [25.53032119999998, 54.1658755], [25.5270795, 54.1682179], [25.523956, 54.16564339999998], [25.521516300000034, 54.16663109999999], [25.5153327, 54.1752522], [25.510989099999957, 54.175073799999986], [25.516336199999976, 54.18633729999997], [25.522349100000017, 54.18634750000001], [25.538801399999976, 54.19122039999996], [25.542680500000035, 54.190855699999986], [25.56233569999997, 54.1992148], [25.5653751, 54.20731520000001], [25.563983499999974, 54.213696], [25.56182689999997, 54.21701290000002], [25.55641740000003, 54.21688850000003], [25.546250199999985, 54.2212088], [25.549065400000035, 54.22133519999998], [25.547367699999988, 54.22773], [25.5582784, 54.22822139999998], [25.56418170000003, 54.2325262], [25.56571289999998, 54.2302311], [25.572358200000032, 54.22902620000004], [25.576161799999973, 54.22467589999999], [25.5811729, 54.225798300000044], [25.58933539999999, 54.22504], [25.59004579999997, 54.2321816], [25.58458490000004, 54.234239], [25.570613299999987, 54.245806300000034], [25.5675702, 54.25105760000003], [25.5720584, 54.2517615], [25.5685428, 54.2575086], [25.5645871, 54.25702270000003], [25.562904599999968, 54.262502900000044], [25.555551300000044, 54.263167599999974], [25.552488500000024, 54.26565640000002], [25.5595043, 54.266435], [25.565482199999988, 54.27039150000003], [25.563098400000015, 54.27484789999998], [25.557394200000026, 54.27323109999997], [25.5425116, 54.27609849999998], [25.538139800000035, 54.2787179], [25.5292223, 54.27903849999997], [25.52295780000002, 54.28157419999999], [25.52024220000004, 54.2809227], [25.51428550000003, 54.29818], [25.511122199999956, 54.30129669999998], [25.513566699999977, 54.3079555], [25.503138099999976, 54.3100981], [25.502954200000037, 54.3088337], [25.49700610000003, 54.3097976], [25.496526, 54.30397010000002], [25.499786799999978, 54.30020389999998], [25.493987500000024, 54.302040599999984], [25.480957800000013, 54.302405599999986], [25.479703300000043, 54.29507269999997], [25.468199, 54.29311990000004], [25.468282600000023, 54.290593199999975], [25.466119500000016, 54.28980280000003], [25.463826600000015, 54.2918752], [25.453390500000015, 54.29141219999997], [25.455202500000016, 54.2979638], [25.44374440000001, 54.29775629999997], [25.443562, 54.295710399999976], [25.434050200000023, 54.2956023], [25.41989, 54.28887129999997], [25.40957020000003, 54.28729229999997], [25.405464200000026, 54.27933740000001], [25.39577549999996, 54.275764100000025], [25.39536210000004, 54.27422179999996], [25.38103089999999, 54.27812340000001], [25.37671160000001, 54.27276329999999], [25.3731593, 54.2733678], [25.3651827, 54.2716385], [25.353655, 54.2639783], [25.34693210000003, 54.26427620000004], [25.34616650000001, 54.262892699999966], [25.340271, 54.26498040000004], [25.340522600000035, 54.26623109999996], [25.338119499999976, 54.265510899999974], [25.3368456, 54.2665277], [25.33381259999996, 54.2644377], [25.32138739999996, 54.261967499999976], [25.3020303, 54.2611401], [25.295328299999962, 54.2627588], [25.291075200000044, 54.2617069], [25.287534099999974, 54.26605729999997], [25.2837656, 54.266723600000034], [25.2841381, 54.2679201], [25.278980400000027, 54.2702773], [25.277510199999973, 54.26974530000003], [25.2749483, 54.27415930000003], [25.270027700000018, 54.2753139], [25.251563899999983, 54.251040899999985], [25.24208529999998, 54.256301400000034], [25.234356100000042, 54.2633161], [25.2177846, 54.2574776], [25.21488719999998, 54.25593239999996], [25.2171203, 54.25338470000002], [25.21485250000004, 54.2517055], [25.21400029999996, 54.241880799999954], [25.205131300000037, 54.236916399999984], [25.20425979999996, 54.22423989999997], [25.196774799999975, 54.217523900000025], [25.195719699999984, 54.213060600000034], [25.1886738, 54.208813800000016], [25.181843, 54.20793649999999], [25.17613810000001, 54.204061900000035], [25.16130420000002, 54.199563299999966], [25.16281870000001, 54.1916031], [25.14601620000003, 54.18664190000003], [25.14393179999996, 54.18390040000004], [25.1393335, 54.18342250000003], [25.12612319999996, 54.172222200000036], [25.094497, 54.15038429999998], [25.09143029999996, 54.1459952], [25.077037300000036, 54.14268119999998], [25.074424300000018, 54.1360691], [25.070596300000012, 54.13362820000002], [25.055227700000014, 54.137503700000046], [25.02911950000004, 54.13639120000001], [25.01580559999996, 54.1375204], [25.0060752, 54.14241289999998], [24.9929287, 54.14423129999998], [24.98432979999996, 54.14909340000002], [24.982936400000042, 54.155208499999986], [24.9767989, 54.15887460000001], [24.981369499999982, 54.1601207], [24.975428600000036, 54.16605969999996], [24.966968700000034, 54.170361700000015], [24.96181449999999, 54.1686247], [24.9573726, 54.1720575], [24.933437499999965, 54.16480040000004], [24.93020090000004, 54.16615710000003], [24.92684989999998, 54.165248800000015], [24.9209001, 54.16022220000004], [24.91039880000003, 54.1596033], [24.90385739999996, 54.15612289999997], [24.89608310000002, 54.1557196], [24.88129440000004, 54.1503417], [24.865804, 54.14697489999997], [24.858218200000024, 54.1498243], [24.847735800000013, 54.1472748], [24.838446200000018, 54.146813700000045], [24.835805700000034, 54.149040900000024], [24.828647199999974, 54.1491137], [24.82761210000004, 54.14661639999997], [24.813380100000025, 54.144862], [24.8312303, 54.13250059999998], [24.7937914, 54.115486], [24.7864201, 54.1148887], [24.780246099999957, 54.1190473], [24.77372409999998, 54.117701], [24.772388300000035, 54.115339700000014], [24.77530409999997, 54.11165289999997], [24.773776599999973, 54.10991570000002], [24.776563800000016, 54.10385539999997], [24.779151399999975, 54.09981020000002], [24.797687400000033, 54.0917772], [24.8196079, 54.06889079999996], [24.822860199999973, 54.062257500000015], [24.822279499999976, 54.05674359999996], [24.82559629999996, 54.05502270000004], [24.820900800000032, 54.04612309999998], [24.8225685, 54.04343880000001], [24.834757900000024, 54.039453599999966], [24.841161299999957, 54.03374309999999], [24.85723089999996, 54.035590199999966], [24.85649110000003, 54.03716629999999], [24.86390039999997, 54.0393712], [24.8712786, 54.034904], [24.869870500000022, 54.03136370000003], [24.861828200000023, 54.02696260000003], [24.857780699999974, 54.03059410000003], [24.853796899999956, 54.028838900000025], [24.852813500000035, 54.02988809999997], [24.831871, 54.027192100000015], [24.835394699999956, 54.026297100000036], [24.8392242, 54.021039], [24.831961600000028, 54.01599940000003], [24.8323755, 54.01243750000001], [24.8234852, 54.013317399999984], [24.82047150000004, 54.012295], [24.81368620000004, 54.00466490000004], [24.808090699999983, 54.004819], [24.809049299999984, 54.00183080000002], [24.819568, 53.997721800000036], [24.815552900000036, 53.99618350000003], [24.80847469999996, 53.9949217], [24.799845399999974, 53.9968326], [24.79389949999997, 54.00020819999997], [24.785675400000027, 53.997136900000044], [24.7840637, 53.994674599999975], [24.77900190000004, 53.99506070000003], [24.7721559, 53.99337540000003], [24.7691525, 53.99002830000003], [24.7601957, 53.996014399999986], [24.761201, 53.99860420000004], [24.757078099999983, 54.000225599999986], [24.7502598, 53.99440189999997], [24.758801400000017, 53.99006170000004], [24.731806200000015, 53.973253799999966], [24.74078519999998, 53.96889070000001], [24.738839700000035, 53.965992], [24.726279599999977, 53.966865], [24.707219, 53.96426020000004], [24.701126200000044, 53.965768500000046], [24.6845912, 53.96210909999996], [24.68594239999997, 53.967146800000044], [24.68945149999997, 53.967986], [24.693682199999987, 53.974201599999965], [24.692164199999976, 53.98299119999998], [24.693848200000044, 53.99120690000002], [24.699672500000023, 53.995084100000014], [24.7056493, 54.00983379999997], [24.697865, 54.01714209999999], [24.672521, 54.016971199999965], [24.660014900000025, 54.005559900000016], [24.65208310000002, 54.00680830000001], [24.6432815, 54.00627449999999], [24.64362809999998, 54.00862739999998], [24.63126040000003, 54.00571059999996], [24.6259068, 54.01050479999997], [24.611433700000028, 54.004333], [24.608220700000015, 53.99952779999998], [24.605538500000044, 54.0003739], [24.600892799999972, 53.998839699999984], [24.6030347, 53.99346369999997], [24.596346200000017, 53.99264120000004], [24.593263799999974, 53.990328099999964], [24.586314299999977, 53.990899199999966], [24.586030400000023, 53.9891315], [24.5775176, 53.986257200000026], [24.57405910000001, 53.98807819999997], [24.57152309999997, 53.98548550000003], [24.568825699999984, 53.9859274], [24.5626578, 53.982993100000044], [24.55725350000004, 53.97824859999997], [24.55856070000002, 53.9773686], [24.547897100000025, 53.975235499999975], [24.546351899999983, 53.97294479999998], [24.5434292, 53.97309150000004], [24.543520500000014, 53.97158029999997], [24.53945960000001, 53.971776], [24.527759699999983, 53.96624920000003], [24.517053600000025, 53.96642110000004], [24.51460129999998, 53.96278679999999], [24.5108744, 53.96256390000002], [24.50759870000003, 53.96036870000002], [24.509788500000028, 53.954223], [24.50371910000002, 53.94534480000003], [24.496534, 53.94320850000002], [24.4965923, 53.94156769999997], [24.493142, 53.94025059999998], [24.49360859999996, 53.93814879999998], [24.486943400000037, 53.9364402], [24.4869139, 53.93487159999998], [24.481462100000016, 53.93320510000003], [24.482524800000014, 53.9318049], [24.47478, 53.93195750000001], [24.4692685, 53.92671769999998], [24.470321099999957, 53.92505379999998], [24.4653, 53.922584799999974], [24.465765100000024, 53.921064], [24.45812220000003, 53.9180917], [24.458232700000025, 53.911863900000036], [24.455178099999973, 53.9107621], [24.4572856, 53.9096091], [24.447984799999965, 53.904166499999974], [24.444227400000027, 53.90454830000004], [24.44080740000003, 53.9019136], [24.437078200000027, 53.902496], [24.437488799999983, 53.9012352], [24.4349772, 53.9009368], [24.433976, 53.90443350000004], [24.38969390000003, 53.90346630000004], [24.3520594, 53.89678930000003], [24.322767799999976, 53.907668099999974], [24.3161406, 53.90766689999997], [24.305558199999975, 53.91366620000004], [24.30294629999996, 53.91919640000002], [24.308199600000034, 53.92218630000004], [24.3081713, 53.927180099999966], [24.2867603, 53.92199849999996], [24.27341110000003, 53.935314400000024], [24.26343660000003, 53.93612209999998], [24.263126300000025, 53.93985989999998], [24.257320599999986, 53.94258519999996], [24.259708, 53.94904820000003], [24.25040309999997, 53.9528683], [24.24862209999996, 53.94882710000003], [24.2455203, 53.94851409999998], [24.24059719999998, 53.95062649999997], [24.233164, 53.944842799999975], [24.2247328, 53.94771639999997], [24.21877440000002, 53.947023], [24.210266, 53.949752], [24.2111527, 53.954949399999975], [24.216033100000043, 53.95729030000004], [24.201605900000043, 53.9700069], [24.19241890000001, 53.9661265], [24.182871299999984, 53.966132100000024], [24.173408499999958, 53.96193219999998], [24.154208799999964, 53.96110830000002], [24.142186, 53.95383270000004], [24.1184182, 53.95548250000003], [24.11445550000004, 53.95801580000003], [24.10348230000001, 53.9506665], [24.1047906, 53.94467080000004], [24.103109399999976, 53.9405138], [23.9828926, 53.92394689999997], [23.973538199999965, 53.92703690000002], [23.968334099999964, 53.92669770000002], [23.96555050000004, 53.934774699999956], [23.9715698, 53.933380300000046], [23.970531699999984, 53.941576199999965], [23.9613613, 53.95455720000003], [23.94910720000003, 53.9591972], [23.9409412, 53.956906], [23.935520600000036, 53.95836150000003], [23.9220419, 53.9642962], [23.9242146, 53.9669563], [23.913017700000026, 53.969684200000025], [23.907195899999987, 53.96594310000002], [23.9083844, 53.95424749999999], [23.904069, 53.95086960000001], [23.886887800000032, 53.9439177], [23.87518329999998, 53.94392990000002], [23.86085860000002, 53.9534018], [23.8420267, 53.95596760000002], [23.82355, 53.94768409999996], [23.817779199999965, 53.94225430000003], [23.79859620000002, 53.93543509999998], [23.7967743, 53.932696200000024], [23.798129300000024, 53.92821169999996], [23.815604399999966, 53.91925120000002], [23.817857200000024, 53.91112950000002], [23.8156392, 53.90881439999996], [23.8066533, 53.906802799999966], [23.7977822, 53.899865], [23.78271650000001, 53.90051190000002], [23.778119200000035, 53.89891690000003], [23.774486, 53.89998160000002], [23.77397250000004, 53.903380100000014], [23.781027399999964, 53.911185899999985], [23.7734202, 53.9110143], [23.772194600000017, 53.91448070000001], [23.76663940000001, 53.917366], [23.7676386, 53.92047109999997], [23.764322599999986, 53.9245592], [23.756146600000026, 53.92508], [23.7553101, 53.92708689999998], [23.752738500000035, 53.92628550000002], [23.751739200000042, 53.927917200000024], [23.74400150000002, 53.927130400000024], [23.737875699999964, 53.93042710000004], [23.7320796, 53.929874], [23.728398, 53.93251050000002], [23.72921350000001, 53.934050299999974], [23.724821599999977, 53.934176], [23.72103520000004, 53.936882], [23.718371199999975, 53.936003700000036], [23.709492300000033, 53.939441299999984], [23.707606, 53.938902199999966], [23.70898120000002, 53.93679609999997], [23.703136300000025, 53.9338809], [23.6964386, 53.935217800000025], [23.690343, 53.932847], [23.6859102, 53.93353059999996], [23.6819428, 53.931965], [23.675057399999975, 53.93495429999999], [23.670202800000027, 53.93148889999996], [23.666794899999964, 53.93103169999997], [23.657615799999963, 53.93457719999996], [23.65204980000004, 53.9349652], [23.63541379999998, 53.93080729999996], [23.630537500000013, 53.92781640000003], [23.6147641, 53.92761479999996], [23.610364400000037, 53.92471459999998], [23.59809880000001, 53.929582400000044], [23.6010399, 53.930750399999965], [23.5981, 53.9337072], [23.600332099999964, 53.934302100000025], [23.60015580000003, 53.936159], [23.5977864, 53.936842], [23.595322900000014, 53.93431290000003], [23.595056, 53.93664770000003], [23.593237, 53.935365], [23.591219599999967, 53.937544], [23.5845957, 53.93731630000002], [23.58498350000002, 53.93849950000004], [23.581759100000042, 53.93878040000001], [23.581446400000015, 53.9427209], [23.573313599999988, 53.94205240000002], [23.5687881, 53.94456440000003], [23.56911380000004, 53.94314630000002], [23.56477170000004, 53.94289469999999], [23.56489129999999, 53.94146950000002], [23.562292800000016, 53.942431400000025], [23.563574700000032, 53.94030409999996], [23.56078069999996, 53.9390077], [23.55890859999996, 53.94111630000002], [23.55688309999997, 53.94074630000004], [23.5576779, 53.94197510000002], [23.552231899999974, 53.943233599999964], [23.550463500000028, 53.94208609999997], [23.54815440000002, 53.9445], [23.545969499999984, 53.942764400000044], [23.540489399999974, 53.94303709999996], [23.539958, 53.9413941], [23.538712400000026, 53.94295430000004], [23.5370816, 53.94181559999997], [23.538164, 53.9448657], [23.53126590000003, 53.94733429999997], [23.532256500000013, 53.94997580000004], [23.5280741, 53.9514], [23.527528100000026, 53.9530957], [23.53027319999996, 53.953554799999964], [23.527280100000024, 53.95394540000004], [23.526816699999962, 53.95602570000003], [23.522697700000037, 53.954429200000014], [23.5203582, 53.95551990000002], [23.5206157, 53.9542218], [23.516041699999988, 53.9548317], [23.515492400000014, 53.96007279999996], [23.5055414, 53.96471359999998], [23.5074703, 53.96606169999997], [23.5006099, 53.967134700000024], [23.500761899999965, 53.96899160000001], [23.4971008, 53.96816469999998], [23.49539770000004, 53.9694208], [23.4982407, 53.971792700000044], [23.4953531, 53.97359289999996], [23.490727900000017, 53.9736267], [23.48982860000004, 53.97645990000003], [23.488004, 53.97638140000002], [23.489559, 53.977249299999976], [23.4860495, 53.979231], [23.489278700000014, 53.9827875], [23.4875878, 53.98220380000002], [23.48473510000004, 53.98544409999998], [23.485002799999986, 53.989644900000016], [23.4822795, 53.989374899999966], [23.48475750000003, 53.99264190000001], [23.480696899999963, 53.99801460000001], [23.481875, 53.9998307], [23.484199499999956, 53.99934820000004], [23.4913632, 54.0030789], [23.490551499999988, 54.00528469999998], [23.49323670000003, 54.0071001], [23.49780210000003, 54.00615619999997], [23.497538100000035, 54.00846329999999], [23.5035802, 54.00653370000003], [23.5008406, 54.007710300000035], [23.508974500000022, 54.01179660000001], [23.513227700000037, 54.01794819999998], [23.51145139999997, 54.0216948], [23.516199100000044, 54.02858260000004], [23.524878299999983, 54.03108], [23.526121399999987, 54.033484299999984], [23.5232887, 54.037696], [23.527336499999983, 54.0473471], [23.525906, 54.0568868], [23.5286013, 54.0657804], [23.5183905, 54.07867920000002], [23.518323, 54.089797399999966], [23.506962399999985, 54.099496199999976], [23.502023, 54.11293550000004], [23.496466700000028, 54.113026600000026], [23.492616200000025, 54.11700690000002], [23.495335100000013, 54.13257110000004], [23.4911678, 54.13555310000004], [23.48585790000004, 54.15323390000003], [23.482451199999986, 54.1534568], [23.47331570000004, 54.15808370000003], [23.475520600000042, 54.16341640000001], [23.461218700000018, 54.167771400000014], [23.458994700000034, 54.17553710000004], [23.4244732, 54.17752920000002], [23.419158299999985, 54.1911199], [23.40637940000003, 54.19634189999997], [23.4038393, 54.20219390000002], [23.397947599999956, 54.2072347], [23.3942061, 54.21685290000001], [23.385554799999973, 54.21962709999996], [23.38678479999996, 54.224837699999966], [23.381284399999956, 54.22893529999998], [23.3617244, 54.23101559999998], [23.348411199999973, 54.24568040000001], [23.337518899999974, 54.2517237], [23.296612899999978, 54.2555281], [23.2887469, 54.257055], [23.281796700000033, 54.26067370000004], [23.25933739999999, 54.2593678], [23.248879400000042, 54.25681990000003], [23.233884100000022, 54.260910199999984], [23.223780800000025, 54.27190490000002], [23.2114788, 54.27820229999997], [23.205511800000032, 54.28334390000004], [23.20242130000003, 54.2886259], [23.176425799999965, 54.2908629], [23.16961660000003, 54.29495320000003], [23.154200600000017, 54.297024299999975], [23.15975619999997, 54.30960409999998], [23.148796299999972, 54.314355], [23.140399, 54.31594990000003], [23.107035500000038, 54.304143], [23.09968379999998, 54.29913540000003], [23.09216930000004, 54.29845370000003], [23.04212160000003, 54.3159743], [23.046360700000033, 54.3272207], [23.05092190000004, 54.33353090000003], [23.06316460000004, 54.34095849999997], [23.05812140000003, 54.345345599999966], [23.04770010000001, 54.34918769999998], [23.009382200000015, 54.35572], [22.993913299999978, 54.36189849999999], [23.010214799999982, 54.382795900000026], [22.984778099999968, 54.38454230000002], [22.983846199999956, 54.389574099999976], [22.9649851, 54.39058480000002], [22.93468429999996, 54.3962095], [22.89812990000004, 54.40041220000002], [22.8874989, 54.399943200000024], [22.887994799999987, 54.409087800000016], [22.867557199999975, 54.4084586], [22.8546899, 54.41040290000002], [22.84923380000001, 54.407234], [22.836302300000042, 54.406481], [22.81142619999996, 54.3709779], [22.791988800000016, 54.3633414], [22.789343900000024, 54.36872239999998], [22.7671737, 54.38457949999999], [22.736439, 54.442916700000026], [22.701087299999976, 54.4535972], [22.704118499999957, 54.46690960000004], [22.696634399999958, 54.4896374], [22.6959844, 54.50506559999996], [22.699192200000027, 54.50738], [22.6942895, 54.509463799999985], [22.6895264, 54.516546199999965], [22.684442, 54.518494300000036], [22.681607, 54.5246382], [22.683823700000037, 54.529401], [22.680589799999982, 54.533372], [22.6856675, 54.539220400000026], [22.69186710000004, 54.542184100000014], [22.694183899999974, 54.55025770000003], [22.703007, 54.553934], [22.706648400000027, 54.56009160000003], [22.7137585, 54.56365919999998], [22.70314489999996, 54.56722079999997], [22.6993185, 54.57634939999997], [22.68490049999996, 54.58113890000004], [22.683999700000033, 54.58652750000003], [22.685862200000038, 54.590729900000014], [22.69769690000003, 54.59455690000003], [22.705547100000032, 54.6028212], [22.72003269999998, 54.6066158], [22.722236100000035, 54.614802300000036], [22.72050489999997, 54.61660130000003], [22.725781899999962, 54.618946], [22.72659650000004, 54.62297740000001], [22.74538180000003, 54.6267096], [22.744896099999988, 54.62854650000001], [22.74877380000002, 54.63089469999997], [22.750342200000027, 54.63873480000002], [22.74168390000004, 54.642651099999966], [22.7458601, 54.647131799999975], [22.7546926, 54.647611], [22.7572045, 54.652615099999984], [22.750862700000017, 54.6565045], [22.742032099999985, 54.657915799999984], [22.73737470000001, 54.6616817], [22.736922100000044, 54.66456909999999], [22.730770299999968, 54.66643720000001], [22.729171099999988, 54.66867550000002], [22.738764, 54.670517099999984], [22.737503600000018, 54.672561], [22.74049269999998, 54.67404339999999], [22.737348, 54.67619569999999], [22.737720899999967, 54.67968639999997], [22.733784, 54.68030980000004], [22.728718899999965, 54.6788602], [22.7293141, 54.68182230000004], [22.726875400000022, 54.6821115], [22.723337899999983, 54.686016], [22.72661629999999, 54.687322700000045], [22.724411, 54.689976299999955], [22.7296156, 54.692394], [22.729250900000018, 54.697995700000014], [22.7315651, 54.69734259999998], [22.73205180000004, 54.69887160000001], [22.734072299999973, 54.698608600000014], [22.7333803, 54.70017060000002], [22.736099600000024, 54.69784350000003], [22.7396631, 54.69901780000003], [22.736993700000017, 54.70300580000004], [22.74185660000003, 54.70305329999997], [22.745102500000012, 54.7060345], [22.748963, 54.706438600000034], [22.748372, 54.71202590000003], [22.7431712, 54.71216640000002], [22.742820700000042, 54.71575529999996], [22.7402751, 54.7152898], [22.741023799999958, 54.71697130000003], [22.738733399999987, 54.716893199999966], [22.74024259999998, 54.71807089999997], [22.738610899999976, 54.7189546], [22.745883200000037, 54.725515100000045], [22.7415954, 54.72805929999997], [22.7450262, 54.73019229999997], [22.743582, 54.73149830000003], [22.748757, 54.731936799999986], [22.74981730000003, 54.730570199999974], [22.750866, 54.73257270000002], [22.754275400000033, 54.73218960000003], [22.75865410000004, 54.73585860000002], [22.76060670000004, 54.7351027], [22.763909500000022, 54.736305], [22.762971699999966, 54.73770439999998], [22.76689209999998, 54.73795979999997], [22.773954, 54.7481301], [22.776845199999983, 54.74872219999997], [22.774034200000013, 54.75118169999999], [22.778035, 54.7521125], [22.778285, 54.75044609999996], [22.7825368, 54.749075399999974], [22.7905211, 54.75437050000004], [22.791045899999983, 54.75237260000002], [22.79249489999997, 54.753757400000026], [22.793478399999987, 54.752613499999974], [22.794212, 54.753632], [22.799961799999966, 54.7533319], [22.796767900000024, 54.75159589999998], [22.8012386, 54.750251899999974], [22.7995853, 54.74753580000004], [22.804287300000013, 54.7477736], [22.80373919999996, 54.74914590000003], [22.8071478, 54.74800619999997], [22.8053177, 54.74931010000003], [22.80632969999998, 54.75257340000003], [22.808266, 54.753372100000036], [22.811946500000023, 54.75180529999998], [22.8157483, 54.7554627], [22.813936199999983, 54.7567927], [22.80500670000003, 54.75436490000002], [22.8080313, 54.759802200000046], [22.812750899999966, 54.76266710000003], [22.81303280000002, 54.766518899999966], [22.821306299999964, 54.766770700000016], [22.826432800000028, 54.76402070000003], [22.831235899999978, 54.769129], [22.840407100000036, 54.76864310000004], [22.844098700000036, 54.7668468], [22.84958859999997, 54.7714067], [22.848564599999975, 54.77460849999997], [22.859514400000023, 54.777507600000035], [22.848327, 54.785666700000014], [22.854606600000025, 54.7898443], [22.860867900000013, 54.7883114], [22.87203019999997, 54.78858479999997], [22.877908599999984, 54.790805], [22.877945, 54.79325139999999], [22.87181239999998, 54.79734849999997], [22.874945300000025, 54.80042409999998], [22.8733349, 54.8054362], [22.878117799999973, 54.81152850000003], [22.8854091, 54.8113436], [22.886659, 54.8140818], [22.885377599999977, 54.815566900000036], [22.88032249999996, 54.81589940000001], [22.87811129999997, 54.81890129999997], [22.87098740000002, 54.82020989999997], [22.872625700000036, 54.823254700000014], [22.878069499999974, 54.8230699], [22.8800139, 54.8254754], [22.87646550000004, 54.83382080000003], [22.86368529999998, 54.83639930000003], [22.858754400000024, 54.838788], [22.859802599999977, 54.8430306], [22.864273299999958, 54.84607669999996], [22.864843, 54.849250600000026], [22.869108800000014, 54.85046680000002], [22.869084100000013, 54.85315289999996], [22.864542600000036, 54.854067], [22.8592586, 54.85817579999998], [22.848097400000043, 54.86137769999996], [22.84362559999997, 54.861191199999986], [22.839688099999965, 54.86423109999998], [22.84369749999997, 54.87522659999998], [22.8553168, 54.886332], [22.851759199999975, 54.89005130000001], [22.8474088, 54.890235499999974], [22.84631339999996, 54.897382], [22.8413706, 54.899124400000034], [22.8362212, 54.89867660000002], [22.8358993, 54.90385229999998], [22.825992800000037, 54.9064729], [22.82040049999998, 54.9119829], [22.80972360000004, 54.90992960000002], [22.799610799999968, 54.902548], [22.793257099999973, 54.90371850000001], [22.78782119999998, 54.908528299999986], [22.788786299999984, 54.91975989999999], [22.783016399999976, 54.92483350000003], [22.7686657, 54.92340260000003], [22.7618697, 54.916925200000016], [22.7544855, 54.91860550000004], [22.749141, 54.92303220000002], [22.749373800000015, 54.924978], [22.7549267, 54.929343399999965], [22.766777299999983, 54.93270889999999], [22.766350800000044, 54.93547719999997], [22.762702499999985, 54.93765089999997], [22.742736900000036, 54.93905079999998], [22.740432499999972, 54.94477859999997], [22.733734800000025, 54.9471782], [22.727915600000024, 54.954756], [22.72963139999997, 54.95971379999999], [22.726138, 54.96317940000003], [22.71355309999996, 54.967794699999985], [22.70716810000004, 54.97354150000004], [22.7012067, 54.973596], [22.6953639, 54.97060479999997], [22.690025, 54.97160309999997], [22.687677499999957, 54.9807084], [22.6780717, 54.98750070000004], [22.670838599999986, 54.98815450000004], [22.65936869999998, 54.9818774], [22.66476340000003, 54.97395450000001], [22.663853, 54.970777799999986], [22.66832380000001, 54.9692085], [22.6638088, 54.96456720000002], [22.660664800000017, 54.96452249999996], [22.657351599999974, 54.9678109], [22.652834200000036, 54.96503559999996], [22.64406329999997, 54.9698957], [22.64162989999998, 54.972367499999976], [22.643102, 54.9840125], [22.636244, 54.98507619999999], [22.635185899999975, 54.989382200000016], [22.626557, 54.9955747], [22.6283226, 54.9976927], [22.625048800000023, 55.00414880000003], [22.614946, 55.0097175], [22.6146091, 55.012391], [22.6034903, 55.013319200000026], [22.601971299999988, 55.02014970000003], [22.59604549999996, 55.0255036], [22.594469400000026, 55.03394010000002], [22.5972095, 55.0370572], [22.59540069999999, 55.04474069999998], [22.597438099999987, 55.0459905], [22.5903921, 55.05409880000004], [22.591880200000023, 55.060134099999985], [22.5892361, 55.070243], [22.573820799999964, 55.0696988], [22.545168, 55.065267099999964], [22.49123589999997, 55.047693], [22.470597200000018, 55.044526099999985], [22.45709330000003, 55.04504759999997], [22.425430700000025, 55.05396130000003], [22.3945804, 55.053296700000026], [22.348300499999983, 55.0616275], [22.3156796, 55.0618733], [22.2913595, 55.064764], [22.252790800000042, 55.06153240000004], [22.2180995, 55.06034529999996], [22.185696600000025, 55.053677800000024], [22.15856549999997, 55.055638499999986], [22.13367, 55.046420400000045], [22.125607, 55.03156189999997], [22.119927100000012, 55.027537399999964], [22.100243799999973, 55.02414910000001], [22.072708, 55.025564100000025], [22.047652800000026, 55.03393849999997], [22.03691339999998, 55.042544], [22.030835599999985, 55.05535540000001], [22.0396811, 55.0689881], [22.040485, 55.07678439999998], [22.039383, 55.080579800000045], [22.032408099999977, 55.084098], [22.012142399999977, 55.08690440000003], [21.9977573, 55.08673480000003], [21.98353960000001, 55.08390740000004], [21.965539599999982, 55.07387810000003], [21.91639049999998, 55.080992399999985], [21.879422300000016, 55.09363119999998], [21.84851670000003, 55.097456], [21.8162719, 55.1186837], [21.805135100000015, 55.12014920000003], [21.777908799999988, 55.1194201], [21.760853599999972, 55.12317659999996], [21.7431023, 55.12967529999996], [21.722598799999957, 55.13305310000002], [21.717261, 55.136778], [21.71635349999996, 55.14525190000003], [21.709841500000014, 55.15128739999999], [21.685949, 55.16367], [21.669966599999977, 55.16790280000003], [21.649194900000033, 55.180811300000045], [21.613566, 55.18707480000004], [21.594637800000037, 55.18791090000003], [21.57730590000004, 55.19651460000003], [21.570132, 55.19812790000002], [21.54007390000001, 55.1962191], [21.5149497, 55.18525879999997], [21.50020109999997, 55.1873448], [21.4932015, 55.1928892], [21.488075599999988, 55.201002], [21.45584020000002, 55.217434499999975], [21.447113699999985, 55.22393830000004], [21.436635699999982, 55.237590799999985], [21.43121630000002, 55.25232579999996], [21.41651139999996, 55.2627033], [21.406848499999985, 55.2778369], [21.384370800000017, 55.293699600000025], [21.382640500000026, 55.301544799999974], [21.3878089, 55.3191541], [21.386362399999957, 55.323669899999985], [21.37695589999997, 55.33263030000001], [21.35889, 55.34334], [21.300906, 55.34790560000002], [21.278217799999986, 55.3447742], [21.252045599999956, 55.338375], [21.245159300000036, 55.33872389999998], [21.244224100000018, 55.3409011], [21.2499142, 55.34109790000003], [21.24916870000004, 55.34208030000004], [21.252839199999983, 55.34356839999998], [21.253086500000016, 55.34821930000004], [21.257073500000033, 55.34904839999998], [21.253172700000043, 55.35308349999998], [21.251106, 55.352817199999976], [21.253404899999982, 55.3563233], [21.2554832, 55.35636570000003], [21.254285, 55.35827149999998], [21.258228799999966, 55.35903239999997], [21.25878790000004, 55.360741299999965], [21.265571099999956, 55.358979], [21.265991899999957, 55.357451], [21.26886940000001, 55.358310700000025], [21.2661233, 55.3617991], [21.2572201, 55.365249], [21.25150809999998, 55.36551919999996], [21.242138799999964, 55.362059200000026], [21.238986800000024, 55.358852], [21.2375566, 55.35368549999996], [21.239639500000028, 55.34910319999999], [21.235863200000036, 55.34319880000004], [21.223631100000027, 55.34403170000003], [21.21347469999999, 55.341969], [21.20386, 55.34317849999996], [21.189292400000024, 55.3408248], [21.21148559999999, 55.36446390000004], [21.214083199999976, 55.371995300000044], [21.2195163, 55.37419929999997], [21.226085299999962, 55.385275199999974], [21.227182299999956, 55.39254469999998], [21.234661900000027, 55.400883], [21.238148799999966, 55.40126409999996], [21.2390122, 55.40553310000004], [21.24270769999996, 55.40743710000002], [21.249939699999974, 55.41714680000004], [21.246958400000036, 55.42080930000003], [21.248951700000028, 55.44011], [21.24712770000001, 55.443002], [21.2495696, 55.44551629999998], [21.247341, 55.44591320000004], [21.250747700000037, 55.453444], [21.251546100000017, 55.46958480000003], [21.24612, 55.491], [21.234884399999963, 55.504258799999974], [21.233097700000013, 55.51288360000003], [21.229711, 55.5141649], [21.23341, 55.51587], [21.2233453, 55.52271569999997], [21.220542, 55.52168289999996], [21.217818799999975, 55.52279949999998], [21.21002, 55.53076], [21.20607959999998, 55.5465306], [21.20744, 55.55535], [21.20163, 55.56893], [21.177957099999965, 55.59060370000003], [21.169150300000037, 55.608428899999986], [21.165473099999986, 55.623087], [21.15986219999999, 55.63313969999998], [21.1513026, 55.639848599999965], [21.1497632, 55.6478559], [21.147268199999967, 55.64746], [21.145268200000043, 55.6506661], [21.1470796, 55.64782310000004], [21.149422400000038, 55.64810779999997], [21.147738599999986, 55.6512201], [21.145743500000023, 55.650713199999984], [21.147954700000014, 55.6513445], [21.143509900000044, 55.663324], [21.144674699999964, 55.66151959999998], [21.147210900000022, 55.66163280000002], [21.15252279999997, 55.652265100000044], [21.165074499999957, 55.64374759999998], [21.16256340000002, 55.64575689999997], [21.165095199999982, 55.64623110000004], [21.163073799999975, 55.65024069999997], [21.159140200000024, 55.65115219999998], [21.1618138, 55.651010100000036], [21.15828590000004, 55.652620400000046], [21.160965, 55.65247620000002], [21.15743, 55.654089], [21.160106, 55.653937], [21.156578499999988, 55.655534600000024], [21.159242400000043, 55.655406700000015], [21.155736599999962, 55.65702379999996], [21.1583714, 55.65683780000003], [21.157737, 55.65788350000004], [21.154843799999988, 55.65843530000004], [21.1570274, 55.65901929999996], [21.15347040000004, 55.65954270000001], [21.155217199999974, 55.659694], [21.15230870000002, 55.6633748], [21.1532852, 55.660670299999964], [21.150789099999965, 55.660206], [21.14909180000004, 55.66525629999998], [21.147823399999986, 55.66445219999997], [21.140500199999977, 55.68315780000003], [21.136614399999985, 55.68545659999999], [21.140047299999985, 55.6843865], [21.139414899999974, 55.687554099999986], [21.137811, 55.68974149999996], [21.137692600000022, 55.68883569999998], [21.132837, 55.6903475], [21.136341399999957, 55.6901799], [21.13036330000004, 55.69856209999996], [21.12900759999996, 55.69817850000002], [21.124391600000035, 55.70201960000004], [21.12647940000003, 55.70068310000004], [21.125468300000037, 55.70150029999998], [21.12956250000004, 55.7027061], [21.128902499999967, 55.7037301], [21.122583900000034, 55.70509910000003], [21.123846499999964, 55.70262519999997], [21.121841199999956, 55.7054755], [21.1242452, 55.7072801], [21.1230848, 55.7081636], [21.122013, 55.7077588], [21.11950710000001, 55.70977349999998], [21.121770100000024, 55.7082237], [21.124447899999986, 55.709346900000035], [21.1195027, 55.7131432], [21.119870599999977, 55.710827], [21.110092399999967, 55.719257199999966], [21.099662599999956, 55.724703], [21.080259099999974, 55.73024140000002], [21.077393, 55.729294700000025], [21.079656899999975, 55.730797400000014], [21.083834, 55.730339200000024], [21.0856492, 55.7351254], [21.080795, 55.7600026], [21.069224, 55.7865342], [21.063901699999963, 55.82181169999997], [21.058365600000027, 55.83941529999998], [21.057480200000043, 55.8659234], [21.051457399999983, 55.8796078], [21.053309500000015, 55.88709120000003], [21.048691500000015, 55.9187996], [21.054910399999958, 55.9261248], [21.07039, 55.97189], [21.071904, 56.010612599999966], [21.068445899999986, 56.0293135], [21.071740199999976, 56.03363550000002], [21.07220470000004, 56.04163610000003], [21.06462796472983, 56.069178322915974], [21.143338499999984, 56.08002360000001], [21.145931600000043, 56.08413640000004], [21.147498600000024, 56.082637800000036], [21.15969620000002, 56.086244600000036], [21.1629303, 56.08616869999997], [21.1715124, 56.08109879999998], [21.174415300000014, 56.08131940000002], [21.173875600000034, 56.0802114], [21.18039949999999, 56.07735369999999], [21.1805542, 56.07498859999997], [21.2017548, 56.07672280000001], [21.20322280000004, 56.07768470000002], [21.200253799999967, 56.078003799999955], [21.200581, 56.07952609999997], [21.2042978, 56.08004459999997], [21.213006200000038, 56.09084249999997], [21.20992779999997, 56.092818599999966], [21.212591700000026, 56.09413090000001], [21.211516200000034, 56.09581039999997], [21.2178589, 56.0995496], [21.21532939999997, 56.102118800000035], [21.21739459999996, 56.10094049999998], [21.22512850000002, 56.10343419999998], [21.2205801, 56.1087587], [21.224808800000037, 56.109226599999985], [21.226043499999967, 56.11361980000004], [21.23550770000002, 56.11578519999997], [21.233340799999965, 56.11940589999997], [21.238590800000033, 56.12342619999998], [21.235300800000044, 56.12805010000003], [21.238726199999956, 56.13026230000001], [21.2354473, 56.132182099999966], [21.23708150000003, 56.133239100000026], [21.2353519, 56.1355939], [21.229816899999985, 56.136758499999985], [21.228624299999986, 56.14026759999999], [21.233040800000012, 56.141753099999974], [21.22887580000001, 56.142378700000044], [21.230830199999982, 56.14345249999998], [21.226442, 56.14833830000003], [21.229991599999963, 56.1506019], [21.225692699999986, 56.1564802], [21.230795799999978, 56.16233019999998], [21.241449300000024, 56.16298650000002], [21.243773699999966, 56.16464349999998], [21.246833900000038, 56.16403850000002], [21.2486829, 56.166227400000025], [21.25528390000002, 56.16530789999997], [21.257901599999983, 56.16883409999997], [21.26029180000004, 56.16888229999996], [21.259621199999977, 56.1675604], [21.264486700000027, 56.16806290000002], [21.26755240000002, 56.16910420000002], [21.26865470000001, 56.171931], [21.27436269999996, 56.171986699999955], [21.274607499999963, 56.1746859], [21.279258899999974, 56.1744936], [21.27818979999998, 56.179942], [21.283055100000013, 56.179541400000026], [21.28256020000001, 56.18485920000002], [21.293563400000036, 56.19118940000002], [21.2984268, 56.191747900000045], [21.30588750000002, 56.20189549999998], [21.329391199999968, 56.218469699999986], [21.338153899999977, 56.21737019999996], [21.353838099999976, 56.224695], [21.379288599999978, 56.22805219999997], [21.405790799999956, 56.23614169999997], [21.4173223, 56.242007], [21.431469800000034, 56.24069260000001], [21.440493100000023, 56.2463485], [21.45255450000003, 56.24867910000001], [21.4651759, 56.260512], [21.467095799999967, 56.270707799999954], [21.49091909999998, 56.28798829999996], [21.4915687, 56.291088499999965], [21.4960761, 56.2925455], [21.499925399999984, 56.29183039999998], [21.499407400000024, 56.294872200000036], [21.50289329999997, 56.295486100000026], [21.505580700000014, 56.29400560000001], [21.50288560000004, 56.2922782], [21.5095856, 56.293165], [21.513506399999958, 56.291811600000024], [21.514078, 56.28943219999997], [21.51845289999996, 56.29181209999997], [21.52150020000003, 56.29163289999998], [21.5224595, 56.29344489999998], [21.534498, 56.2933431], [21.5421188, 56.298187800000015], [21.546905400000014, 56.2977066], [21.548049800000022, 56.300757900000036], [21.557405, 56.3046649], [21.555879500000017, 56.3075771], [21.562102500000034, 56.3122015], [21.55897440000003, 56.31325510000004], [21.56278109999996, 56.3138964], [21.5611477, 56.316254499999964], [21.5653009, 56.3169354], [21.5679342, 56.31536220000003], [21.571417199999974, 56.31615379999998], [21.5764584, 56.31460420000002], [21.57849850000004, 56.315095], [21.579371399999967, 56.319927700000044], [21.585366499999957, 56.32018779999998], [21.586760099999978, 56.32272270000002], [21.59265529999996, 56.32221449999998], [21.60294280000001, 56.324548], [21.607740599999968, 56.32316449999998], [21.607965199999988, 56.324775699999975], [21.61633469999997, 56.32492530000001], [21.6274677, 56.32183769999998], [21.6355412, 56.3237412], [21.634951300000036, 56.32199270000002], [21.638625500000018, 56.32014650000003], [21.645821, 56.3208268], [21.651946, 56.31737749999998], [21.654381199999982, 56.31878789999997], [21.65978030000004, 56.31855020000002], [21.673237900000018, 56.3113364], [21.680710500000043, 56.3138322], [21.686234400000036, 56.31170969999998], [21.68994420000003, 56.312111099999974], [21.689637699999984, 56.3131387], [21.69231, 56.311514399999986], [21.700772, 56.3140995], [21.704908499999974, 56.312953300000025], [21.710444099999958, 56.3143591], [21.725037799999967, 56.31372850000004], [21.72694869999998, 56.32016710000004], [21.73322409999998, 56.32102839999999], [21.74035030000003, 56.3298372], [21.745097399999967, 56.33058639999999], [21.746799899999967, 56.332916500000046], [21.75310969999997, 56.33561], [21.755110300000034, 56.335148299999965], [21.757010100000016, 56.33728259999999], [21.765504, 56.33700390000002], [21.7876043, 56.343661500000024], [21.790798799999987, 56.348425500000026], [21.8025973, 56.3526139], [21.808054399999975, 56.35899150000002], [21.80798239999997, 56.362378599999964], [21.8143559, 56.36162140000002], [21.824098, 56.36310710000002], [21.8242767, 56.364739700000015], [21.835662299999957, 56.37162], [21.866478700000023, 56.366061599999966], [21.86876679999998, 56.36262129999997], [21.87296660000002, 56.36145310000004], [21.881966, 56.364058], [21.918118699999976, 56.368134699999985], [21.919349, 56.3720174], [21.94505430000002, 56.37486279999996], [21.946178699999972, 56.37749030000003], [21.95420819999998, 56.38159840000002], [21.95824690000001, 56.38155780000004], [21.961881299999984, 56.3779236], [21.969539700000016, 56.37665149999999], [21.97318410000002, 56.377811599999966], [21.9782279, 56.3852682], [21.977583100000018, 56.39358330000001], [21.982138299999974, 56.398334700000035], [21.98796020000002, 56.40035649999999], [21.989452699999966, 56.406229], [21.993172099999956, 56.40615670000001], [21.99148359999996, 56.407798], [21.9938124, 56.408013099999955], [21.9941741, 56.4109485], [21.991699300000043, 56.41361620000002], [21.99508910000003, 56.41301759999996], [21.99640989999998, 56.41535139999997], [22.002421700000017, 56.4133025], [22.014062799999977, 56.41421369999998], [22.011207399999975, 56.42058759999996], [22.014353799999984, 56.42130640000002], [22.01517210000001, 56.42421619999999], [22.019632300000012, 56.42516259999996], [22.027314, 56.424963], [22.028036500000024, 56.42387210000003], [22.0335291, 56.42492170000001], [22.036826199999958, 56.4223636], [22.040786499999985, 56.4222198], [22.0390091, 56.42081490000003], [22.04470749999996, 56.41886240000004], [22.044880299999956, 56.41746619999998], [22.048615800000036, 56.416966], [22.051340200000034, 56.42138150000002], [22.056247099999958, 56.42052620000003], [22.05830719999997, 56.421451], [22.05835109999996, 56.4192291], [22.0622449, 56.41898], [22.069043, 56.42141639999997], [22.067464899999976, 56.423930599999984], [22.07143109999996, 56.425346], [22.085263899999983, 56.422630200000036], [22.08369090000004, 56.42544030000002], [22.0883031, 56.4262762], [22.089442, 56.42822720000004], [22.0963142, 56.42701869999997], [22.097674, 56.428095599999985], [22.09801419999997, 56.426745700000026], [22.1024416, 56.425949300000035], [22.1053828, 56.42888390000002], [22.1064273, 56.42764190000002], [22.1109313, 56.4290813], [22.111989100000027, 56.4279648], [22.11605689999998, 56.4284886], [22.114875500000018, 56.42978519999998], [22.118401, 56.430058899999985], [22.11854470000003, 56.43146279999997], [22.1217239, 56.43062889999998], [22.122496499999976, 56.432154299999986], [22.12818679999997, 56.431364600000016], [22.129970700000044, 56.4324261], [22.136983899999983, 56.42864870000001], [22.153713399999962, 56.425410300000024], [22.165750700000018, 56.41962780000004], [22.20940409999996, 56.4239953], [22.214694199999972, 56.417678699999975], [22.21544679999998, 56.412328599999974], [22.221322899999983, 56.4116473], [22.22448480000003, 56.40711130000004], [22.2316637, 56.40802729999998], [22.236435600000036, 56.404564299999976], [22.235940500000016, 56.40125379999998], [22.239101800000014, 56.40146820000004], [22.240748500000016, 56.400074700000026], [22.251512100000024, 56.40080990000002], [22.264464500000035, 56.404646600000035], [22.266939199999978, 56.403401500000044], [22.2786228, 56.4036748], [22.280189600000043, 56.40719969999998], [22.286141800000035, 56.4103633], [22.2903021, 56.40797320000003], [22.297282100000036, 56.4070283], [22.31150869999996, 56.41000310000003], [22.31900010000003, 56.4083389], [22.321863900000015, 56.402043400000025], [22.33319010000003, 56.40119569999997], [22.34125280000003, 56.39561389999998], [22.348512, 56.39381660000004], [22.354022500000024, 56.395223], [22.357214499999987, 56.3995258], [22.36486970000002, 56.40194179999997], [22.3888612, 56.40058929999997], [22.4044487, 56.40735629999997], [22.41281210000001, 56.40893429999997], [22.41602219999996, 56.40793760000002], [22.422824500000036, 56.41003669999997], [22.429688, 56.4093908], [22.43534979999997, 56.4060611], [22.4476572, 56.40285539999998], [22.475415299999966, 56.40407310000001], [22.488552800000015, 56.39794009999998], [22.501719800000018, 56.395952500000014], [22.510935799999963, 56.392834200000024], [22.529917799999975, 56.393697500000044], [22.53808789999998, 56.38899790000004], [22.55316859999996, 56.389040899999955], [22.55765730000001, 56.38761769999997], [22.564549200000037, 56.3875568], [22.57494809999998, 56.39055679999997], [22.5801181, 56.3905538], [22.584000599999985, 56.389574599999975], [22.5888903, 56.38428640000003], [22.59230740000002, 56.38472], [22.601506, 56.38231369999997], [22.607932600000023, 56.383369500000015], [22.61622459999999, 56.38256829999998], [22.639538300000027, 56.36430610000002], [22.651173799999967, 56.3619797], [22.66189730000003, 56.36186820000001], [22.664151, 56.359025399999986], [22.6800028, 56.351588399999976], [22.689834399999985, 56.353434200000024], [22.69745059999999, 56.35321210000003], [22.71140480000002, 56.365091], [22.7300622, 56.3731016], [22.7331151, 56.37195970000001], [22.749787699999978, 56.3722215], [22.76071319999997, 56.36727559999996], [22.795349299999977, 56.36785070000003], [22.812583699999987, 56.36591550000004], [22.832378600000023, 56.3672524], [22.838390100000037, 56.3668478], [22.838666900000025, 56.3649424], [22.847740800000025, 56.368164], [22.8572599, 56.365972], [22.8592394, 56.36722510000004], [22.85703729999997, 56.36935240000002], [22.8996978, 56.3741602], [22.9073225, 56.377221299999974], [22.919173900000043, 56.379018399999985], [22.928613500000015, 56.38810680000003], [22.92645339999999, 56.39251379999998], [22.92378979999996, 56.39217219999996], [22.920516899999964, 56.39914], [22.936497499999973, 56.40262989999997], [22.935704, 56.41064190000004], [22.9400638, 56.412228200000015], [22.94035879999998, 56.41451270000003], [22.96917170000001, 56.41389090000001], [22.977604800000016, 56.405695400000035], [23.002250300000025, 56.40642359999998], [23.01892550000004, 56.37063830000001], [23.005101699999962, 56.3684601], [23.01531139999997, 56.346089900000045], [23.0240818, 56.34032960000003], [23.02694060000001, 56.33115429999999], [23.04523150000004, 56.320037599999985], [23.0704217, 56.32436080000002], [23.085097100000016, 56.31744079999998], [23.0932498, 56.30463830000002], [23.11517989999996, 56.308061], [23.11240910000003, 56.312897], [23.1460196, 56.32676960000002], [23.17653449999999, 56.33368930000004], [23.1841099, 56.33741610000002], [23.184194499999975, 56.34232810000001], [23.17618090000004, 56.34471709999997], [23.17242060000004, 56.35454090000002], [23.181346599999973, 56.35839739999999], [23.170412100000036, 56.366886600000015], [23.177012600000023, 56.36859509999998], [23.281519800000037, 56.372786400000024], [23.282868499999985, 56.371901], [23.284783399999974, 56.373707699999954], [23.30425469999997, 56.37846439999998], [23.308994800000036, 56.381225100000044], [23.30645219999998, 56.38305349999998], [23.387975, 56.3789231], [23.410184099999974, 56.371001599999964], [23.418389599999976, 56.37057960000004], [23.439078800000022, 56.35168790000004], [23.48126579999996, 56.34768969999998], [23.49257870000003, 56.34522010000002], [23.510595300000013, 56.335802199999975], [23.535102599999956, 56.33453019999998], [23.544935799999987, 56.3321], [23.557171500000027, 56.3338187], [23.561772500000043, 56.33716229999998], [23.572427500000035, 56.3384732], [23.58275620000003, 56.3454464], [23.6026802, 56.349068400000014], [23.616735, 56.353502299999974], [23.617873299999957, 56.355593], [23.6300768, 56.35993410000003], [23.6576303, 56.36307070000003], [23.661356699999956, 56.36474119999996], [23.70419619999997, 56.3662467], [23.713292599999967, 56.36948609999998], [23.723487299999977, 56.37025669999997], [23.743309499999963, 56.36901], [23.758692299999982, 56.3707143], [23.764795300000017, 56.37332379999999], [23.78061050000002, 56.3677097], [23.78030729999998, 56.36054580000002], [23.772432499999983, 56.354508800000026], [23.76222939999999, 56.33662740000004], [23.762139900000044, 56.33323769999998], [23.76785, 56.332902899999986], [23.7666897, 56.32380790000001], [23.7814775, 56.320518], [23.795222500000033, 56.339129500000034], [23.8036078, 56.34211079999997], [23.813388400000022, 56.3423484], [23.82885849999998, 56.338080900000044], [23.91262270000003, 56.33869030000002], [23.915153, 56.33111710000002], [24.0189971, 56.32976150000003], [24.02263139999996, 56.31070809999998], [24.0492395, 56.29934090000003], [24.046005400000013, 56.27966079999999], [24.097829199999985, 56.27726540000003], [24.0962236, 56.27106119999998], [24.10217840000004, 56.26718609999998], [24.118900500000027, 56.261756300000044], [24.1187285, 56.256803], [24.114600100000015, 56.25091330000004], [24.121520199999978, 56.248891099999966], [24.15468730000003, 56.253765300000026], [24.176793299999975, 56.250885], [24.20104550000004, 56.26706], [24.240395100000043, 56.27803209999997], [24.257635, 56.276936], [24.269568100000026, 56.2831668], [24.290132799999984, 56.28560180000003], [24.28574209999996, 56.30063670000004], [24.295440699999958, 56.298456899999984], [24.316318499999976, 56.30103910000003], [24.3290446, 56.299379700000046], [24.33992, 56.2959109], [24.345577200000033, 56.2924189], [24.346962099999956, 56.2855252], [24.357743700000032, 56.27232019999996], [24.38005989999996, 56.279133100000024], [24.39214589999996, 56.27841969999997], [24.42317180000004, 56.26105779999998], [24.454149599999962, 56.25815790000003], [24.460051499999967, 56.2601422], [24.46174449999998, 56.266334300000025], [24.483752499999987, 56.269473599999976], [24.519241300000026, 56.2812635], [24.536811700000037, 56.28289179999998], [24.5647736, 56.2891976], [24.579503800000023, 56.2882443], [24.58332669999996, 56.305589], [24.5755982, 56.31560189999997], [24.576749699999965, 56.323152399999955], [24.58260879999998, 56.3246943], [24.5879817, 56.332533], [24.59469970000003, 56.33455560000004], [24.6058418, 56.33541080000001], [24.6077524, 56.34019230000004], [24.6134247, 56.34413529999997], [24.623613399999964, 56.34585069999997], [24.6280868, 56.354581299999985], [24.623945800000023, 56.3620666], [24.631139, 56.36762989999996], [24.62703850000003, 56.372899400000044], [24.62876150000004, 56.37557669999997], [24.6467758, 56.37808979999998], [24.656557400000032, 56.3756008], [24.6762206, 56.37699809999998], [24.6876743, 56.37632519999999], [24.70457730000004, 56.38741320000002], [24.70272750000002, 56.39307380000004], [24.698814199999973, 56.396430899999984], [24.701134, 56.40362010000001], [24.70565910000002, 56.4036221], [24.711577699999985, 56.40061660000001], [24.724932499999984, 56.4029125], [24.7336062, 56.40055680000004], [24.740890299999972, 56.400436799999966], [24.74827410000002, 56.40352050000003], [24.756337, 56.4031176], [24.762229599999984, 56.40452290000001], [24.7657304, 56.402038], [24.77542050000001, 56.39949639999996], [24.77678950000004, 56.40270719999997], [24.78206110000003, 56.40154349999997], [24.786852199999963, 56.403059199999966], [24.788326299999984, 56.40557109999997], [24.803542499999985, 56.41171769999997], [24.805262800000037, 56.416271499999986], [24.79943710000003, 56.41802620000004], [24.80636, 56.421858200000024], [24.82236649999998, 56.41795850000003], [24.824491300000016, 56.41062020000002], [24.8337356, 56.4105523], [24.83503610000004, 56.412864099999965], [24.840333500000032, 56.41435329999999], [24.848240899999972, 56.413228900000036], [24.8615853, 56.415739799999955], [24.863409899999976, 56.417101], [24.861842400000043, 56.42184110000003], [24.853590700000037, 56.4245599], [24.851638399999974, 56.42753680000003], [24.85345679999997, 56.43347520000003], [24.851219899999986, 56.43599770000002], [24.857882300000032, 56.43701159999998], [24.864488100000013, 56.44098620000003], [24.867184299999987, 56.445861], [24.872620099999974, 56.449673400000016], [24.886428899999967, 56.450289900000044], [24.889414, 56.4468147], [24.895318, 56.44686450000004], [24.89705590000004, 56.448193500000045]]], [[[21.384822, 55.32037309999997], [21.37971860000003, 55.300624], [21.381969600000026, 55.2951055], [21.37730809999998, 55.29402830000004], [21.374087599999967, 55.28825329999997], [21.35399440000003, 55.2853329], [21.34634510000004, 55.279596099999985], [21.330328199999958, 55.2755418], [21.320545800000044, 55.2677002], [21.3055041, 55.26254390000004], [21.30131380000004, 55.26613770000003], [21.30604210000002, 55.2633571], [21.30310129999997, 55.26543230000002], [21.310162, 55.26536079999997], [21.301958600000013, 55.26606389999996], [21.296626800000016, 55.2729999], [21.288842100000014, 55.27646349999996], [21.29080970000001, 55.27872060000002], [21.288562, 55.28730520000004], [21.29257660000001, 55.2878779], [21.28646650000001, 55.29448950000001], [21.29105350000002, 55.3019551], [21.289698, 55.307142799999966], [21.281913300000042, 55.31614860000002], [21.28480419999996, 55.319009899999976], [21.280981599999958, 55.31913280000002], [21.275451399999977, 55.325959900000015], [21.270733399999962, 55.32834], [21.2584997, 55.332235799999964], [21.25075, 55.330919600000044], [21.246676900000015, 55.33346770000002], [21.24838649999998, 55.33528229999997], [21.281552799999968, 55.34352730000004], [21.302456800000023, 55.3457199], [21.3555216, 55.342503], [21.3766622, 55.33019089999997], [21.38306609999998, 55.324597], [21.384822, 55.32037309999997]]], [[[21.29700109999999, 55.26681], [21.298717299999968, 55.2655094], [21.2962553, 55.26975459999998], [21.3043491, 55.26094430000003], [21.30247129999998, 55.256961900000036], [21.294015200000025, 55.25230969999996], [21.28124139999996, 55.24971419999997], [21.270690399999957, 55.245732], [21.264041499999962, 55.24565779999998], [21.262016500000012, 55.248664399999974], [21.2705944, 55.2509103], [21.272817, 55.25477630000003], [21.2709422, 55.261495], [21.2650854, 55.267097200000016], [21.26362130000001, 55.2773366], [21.2818064, 55.273130100000024], [21.28735020000003, 55.2745628], [21.29397660000003, 55.272366099999964], [21.29700109999999, 55.26681]]], [[[21.28168560000003, 55.27394160000002], [21.263875299999977, 55.27974619999997], [21.279099899999963, 55.2857342], [21.28024930000003, 55.29025050000002], [21.2833416, 55.29088620000004], [21.287122400000012, 55.286673199999974], [21.28937030000002, 55.2780055], [21.28168560000003, 55.27394160000002]]], [[[21.120823799999975, 55.69763230000004], [21.119410800000036, 55.69686890000002], [21.120945700000025, 55.69743480000004], [21.122525099999965, 55.69580239999998], [21.121431399999977, 55.69744090000001], [21.131580300000017, 55.685940599999974], [21.135378400000036, 55.6776269], [21.129048100000023, 55.6567269], [21.133609799999984, 55.6314397], [21.132363900000016, 55.61996340000001], [21.13594889999999, 55.61309], [21.13441, 55.60411], [21.130206699999963, 55.59977879999997], [21.1334737, 55.589540299999975], [21.12847, 55.58517], [21.128232500000042, 55.57882350000002], [21.1309543, 55.57557110000003], [21.12709770000003, 55.55834909999999], [21.129223100000026, 55.553068799999984], [21.126517399999976, 55.552971], [21.1287483, 55.55130450000002], [21.1184056, 55.5364906], [21.1196111, 55.52959769999998], [21.1152657, 55.52013], [21.11651, 55.51603], [21.120259, 55.51392790000002], [21.115862299999975, 55.509384499999975], [21.1130157, 55.4970862], [21.118703599999964, 55.4879727], [21.10778869999996, 55.4781043], [21.1031861, 55.46303279999997], [21.09852790000004, 55.45752440000002], [21.09841, 55.45044850000004], [21.0927673, 55.44566109999997], [21.094271799999962, 55.44224590000001], [21.090041599999985, 55.43886], [21.108998, 55.42614660000004], [21.11107320000003, 55.42061759999998], [21.086083100000018, 55.40927510000004], [21.08622089999996, 55.40673950000003], [21.0883715, 55.4074885], [21.094822599999972, 55.40221360000001], [21.075683500000018, 55.39142250000003], [21.074359900000015, 55.3872119], [21.079415, 55.384500900000035], [21.071532700000038, 55.37819620000001], [21.068405899999963, 55.372665800000014], [21.055020800000033, 55.36555770000004], [21.053847899999976, 55.355925799999966], [21.06029, 55.35012], [21.05287, 55.33996029999996], [21.05257650000003, 55.33590919999997], [21.058191099999977, 55.331073], [21.042781799999986, 55.323727499999954], [21.024414, 55.31965260000004], [21.015303900000013, 55.31415789999998], [21.010061899999986, 55.3096551], [21.013192099999987, 55.308456300000024], [21.0100008, 55.309604], [21.007716299999977, 55.306402700000014], [21.010302, 55.303049600000044], [21.008695299999978, 55.30423750000001], [21.008063, 55.3030855], [21.010603400000026, 55.302713599999954], [21.007529399999967, 55.301772100000036], [21.011179800000022, 55.301702400000046], [21.0072732, 55.30176159999997], [20.99803630000001, 55.29703710000004], [21.0008872, 55.28903369999997], [20.988653799999966, 55.284206100000034], [20.9843239, 55.27751969999996], [20.953702399999983, 55.28083340000004], [20.97291, 55.30097], [20.99715930000001, 55.33134970000001], [21.030327499999977, 55.37766170000002], [21.052433700000027, 55.4143553], [21.0697676, 55.451784], [21.09021820000003, 55.50765910000003], [21.0979027, 55.5364862], [21.10623789999999, 55.61144890000002], [21.10365, 55.66708390000003], [21.100237, 55.692105399999974], [21.0931923, 55.722597700000044], [21.07681959999996, 55.7271067], [21.0818234, 55.726562199999975], [21.0909939, 55.72373980000004], [21.102069599999982, 55.719393300000036], [21.120823799999975, 55.69763230000004]]]]}}, {"type": "Feature", "properties": {"iso": "LVA", "source": "geoBoundaries gbOpen ADM0 (simplified), Geoportal of Latvia", "license": "Creative Commons Attribution 4.0 International (CC BY 4.0)", "year": "2021"}, "geometry": {"type": "Polygon", "coordinates": [[[26.592775505000077, 55.67663431900007], [26.583207205000065, 55.67512980600003], [26.575520664000067, 55.67594326700004], [26.57239209900007, 55.680073959000026], [26.551644816000078, 55.67887720900006], [26.54729998700003, 55.67689123800005], [26.545288666000033, 55.67827149100003], [26.542516198000044, 55.67670014600003], [26.521266216000072, 55.678630715000054], [26.513756056000034, 55.68248328400006], [26.512272910000036, 55.68730284000003], [26.50274276300007, 55.68574074500003], [26.492692585000043, 55.688059931000055], [26.49103990800006, 55.695964771000035], [26.484063221000042, 55.69600721200004], [26.470885671000076, 55.70268951700007], [26.459672227000055, 55.70336026400008], [26.45721637400004, 55.70631708600007], [26.446274868000046, 55.70683434400007], [26.439823406000073, 55.709457486000076], [26.428454206000026, 55.71065719500007], [26.41795574300005, 55.70872560300006], [26.411167943000066, 55.711211053000056], [26.40336295900005, 55.711424994000026], [26.39245035700003, 55.70887520600007], [26.390012677000072, 55.70537573900003], [26.385847700000056, 55.70447344100006], [26.375626966000027, 55.70939621800005], [26.365529438000067, 55.73155178400003], [26.35002976800007, 55.74238532000004], [26.339041876000067, 55.74385338700006], [26.337101261000043, 55.742828495000026], [26.333182024000052, 55.743809042000066], [26.32740325700007, 55.74139544700006], [26.322217928000043, 55.74335051400004], [26.313351468000064, 55.74284051600006], [26.26862146900004, 55.76772606800006], [26.25779717000006, 55.78338426200003], [26.23122197300006, 55.81243179000006], [26.23559603800004, 55.819791388000056], [26.229389446000027, 55.83821032700007], [26.203748930000074, 55.85888218100007], [26.183910534000063, 55.86850472500004], [26.173234011000034, 55.865368284000056], [26.151146750000066, 55.876790087000074], [26.120282875000044, 55.87945700400007], [26.109739337000065, 55.88915008100008], [26.089994450000063, 55.90091314400007], [26.084184153000024, 55.909733637000045], [26.06376331900003, 55.93013460700007], [26.05497570400007, 55.93478772900005], [26.045279667000045, 55.945029487000056], [26.04595075700007, 55.95423071400006], [26.010364639000045, 55.96701531700006], [26.00001885200004, 55.962815731000035], [25.99511102100007, 55.96524667700004], [25.997412920000045, 55.96620164700005], [25.991043336000075, 55.96925424800003], [25.988686845000075, 55.97383522800004], [25.980126811000048, 55.975652739000054], [25.979988080000055, 55.978781182000034], [25.974363120000078, 55.98158686000005], [25.961234052000066, 55.98273951600004], [25.954990054000064, 55.98591825700004], [25.945988099000033, 55.98457845100006], [25.944818997000027, 55.98787112200006], [25.900572975000046, 55.99692604400008], [25.898553383000035, 55.99942071300006], [25.89287459800005, 56.00083150200004], [25.86028889200003, 55.99974179800006], [25.848917218000054, 56.00823974900004], [25.859680104000063, 56.01482690200004], [25.85869271200005, 56.02252271200007], [25.85034410000003, 56.03049732200003], [25.839657901000066, 56.03039085100005], [25.835198940000055, 56.03263361900008], [25.824807427000053, 56.043965971000034], [25.819985055000075, 56.05475954500008], [25.802000372000066, 56.05853620400006], [25.760708845000067, 56.06369453900004], [25.751970982000046, 56.07057525500005], [25.736742159000073, 56.07677876100007], [25.72492531100005, 56.07833869900003], [25.716892615000063, 56.08117014100003], [25.70314139100003, 56.08207575100005], [25.687810606000028, 56.08653145000005], [25.687110940000025, 56.09293956300007], [25.695569146000025, 56.09493120600007], [25.69924430100008, 56.101119459000074], [25.693006455000045, 56.103942688000075], [25.699633385000027, 56.119472579000046], [25.676416706000055, 56.13006527300007], [25.684444975000076, 56.143998184000054], [25.67294712000006, 56.149484560000076], [25.65100753300004, 56.134936527000036], [25.634115458000053, 56.134703279000064], [25.623731835000058, 56.13608495300008], [25.60204199700007, 56.134410152000044], [25.56536667200004, 56.13986485800007], [25.55130265200006, 56.161990666000065], [25.536091424000062, 56.165394312000046], [25.509624599000063, 56.159083603000056], [25.504739199000028, 56.14454281800005], [25.480160028000057, 56.142761291000056], [25.454036813000073, 56.147067726000046], [25.454965557000037, 56.15265945500005], [25.431583514000067, 56.15438742900005], [25.420752655000058, 56.14498076600006], [25.402488763000065, 56.14847182400007], [25.40407508900006, 56.15821592000003], [25.352626590000057, 56.15301879700007], [25.337237921000053, 56.15415893100004], [25.31488210300006, 56.14491140400003], [25.297448802000076, 56.15361041600005], [25.279703133000055, 56.15829602400004], [25.27005318700003, 56.17057290100007], [25.254564660000028, 56.17315793600005], [25.248647145000064, 56.184956327000066], [25.238635421000026, 56.186685099000044], [25.233765428000027, 56.19221897400007], [25.227666146000047, 56.19176236100003], [25.214655726000046, 56.18719686500003], [25.199846321000052, 56.17625005100007], [25.187504510000053, 56.176719485000035], [25.166293860000053, 56.17392896400003], [25.150166781000053, 56.17456736200006], [25.142418708000037, 56.180014662000076], [25.13669807900004, 56.17982370900006], [25.122348470000077, 56.18484547800006], [25.118064575000062, 56.18435172800008], [25.11074744700005, 56.18603817800005], [25.09719410200006, 56.18433325800004], [25.091984298000057, 56.18605645800005], [25.085574050000048, 56.196813192000036], [25.07677392200003, 56.195034718000045], [25.075386888000025, 56.19634446600003], [25.077488542000026, 56.19787923800004], [25.073732214000074, 56.20271151600008], [25.075391679000063, 56.20540026500004], [25.070248906000074, 56.210425454000074], [25.075152211000045, 56.21832053900005], [25.067917997000052, 56.22603998800008], [25.063024550000023, 56.22650492100007], [25.069038092000028, 56.23860519400006], [25.067437098000028, 56.24165398700006], [25.060321113000043, 56.24173797800006], [25.060565525000072, 56.24366049100007], [25.056743219000055, 56.24475819300005], [25.063641310000037, 56.249791893000065], [25.057805673000075, 56.25173243200004], [25.056134151000037, 56.25489604900008], [25.05917599000003, 56.25817193000006], [25.054994916000055, 56.26135414600003], [25.056492809000076, 56.26572126900004], [25.04215292600003, 56.26856552100003], [25.04408890700006, 56.27148727100007], [25.04169920100003, 56.274109302000056], [25.03297963500006, 56.27221952900004], [25.02745053800004, 56.27405337600004], [25.027016354000068, 56.27570788200006], [25.01903231400007, 56.276964934000034], [25.019148335000068, 56.28239231500004], [25.013705258000073, 56.28449602400008], [25.015942205000044, 56.29174530500006], [25.009021481000048, 56.29490928600006], [25.001852916000075, 56.294664698000076], [24.992540406000046, 56.298460212000066], [24.987414553000065, 56.305579013000056], [24.973301454000023, 56.31028576600005], [24.974186744000065, 56.31762681600003], [24.970486531000063, 56.32016349200006], [24.96810281200004, 56.32730303100004], [24.97185131200007, 56.33321752400008], [24.967354147000037, 56.33537148100004], [24.97077395200006, 56.33722376000003], [24.96666520900004, 56.34349564900003], [24.96798842800007, 56.34970664900004], [24.97260575100006, 56.35211481700003], [24.969830444000024, 56.35452082900008], [24.96949955300005, 56.36528815400004], [24.963785594000058, 56.36885787700004], [24.960267531000056, 56.36797217600008], [24.955637350000075, 56.36973498300006], [24.94983250000007, 56.37720494200005], [24.94224704000004, 56.37509979200007], [24.943266925000046, 56.37784850300005], [24.934651425000027, 56.38773556500007], [24.93550733400008, 56.38990249900007], [24.926584104000028, 56.398295328000074], [24.926750870000035, 56.400958106000076], [24.922668400000077, 56.403476030000036], [24.918521905000034, 56.401837553000064], [24.913813144000073, 56.40371869900008], [24.915266365000036, 56.405800741000064], [24.905607979000024, 56.41274954000005], [24.906698660000075, 56.41562023300003], [24.902381199000047, 56.41776418200004], [24.90234240600006, 56.42041060200006], [24.911300118000042, 56.425222344000076], [24.912838799000042, 56.430355915000064], [24.919046696000066, 56.43449158400006], [24.91825154000003, 56.440800480000064], [24.908824263000042, 56.44287531700007], [24.905381754000075, 56.447379553000076], [24.90026140300006, 56.44690061500006], [24.897091836000072, 56.44819470300007], [24.895267297000032, 56.44685851500003], [24.88920739300005, 56.44687454600006], [24.88836310100004, 56.449499185000036], [24.88544981700005, 56.45041347500006], [24.872507704000043, 56.449631142000044], [24.864359033000028, 56.44078630800004], [24.857270490000076, 56.43698253000008], [24.851193032000026, 56.43598562400007], [24.85346054100006, 56.433603823000055], [24.851753004000045, 56.42724254500007], [24.853472270000054, 56.42463034200006], [24.861740203000068, 56.42188984900008], [24.861773764000077, 56.415821520000065], [24.848463950000053, 56.413271344000066], [24.840313253000033, 56.41436396900008], [24.83523045900006, 56.412999282000044], [24.834005803000025, 56.41054947400005], [24.82453012700006, 56.41063393700006], [24.822110740000028, 56.41807249400006], [24.806456585000035, 56.42189093400003], [24.799437931000057, 56.41809841700007], [24.805316408000067, 56.41613583800006], [24.803497452000045, 56.41173856000006], [24.78812885600007, 56.40552725100008], [24.787022614000023, 56.40317850000008], [24.782628979000037, 56.40159841800005], [24.776817031000064, 56.402733813000054], [24.77555505400005, 56.39953081900006], [24.765428108000037, 56.40207380700008], [24.761920796000027, 56.404546425000035], [24.756468892000044, 56.40311963100004], [24.748058451000077, 56.40351496300008], [24.741150521000066, 56.40044572800008], [24.733547045000023, 56.400559361000035], [24.724463306000075, 56.40295058500004], [24.711236453000026, 56.400637163000056], [24.70554142800006, 56.40368033400006], [24.70121553300004, 56.403669867000076], [24.698744887000032, 56.39666373100005], [24.70459109600006, 56.38746490500006], [24.687731774000042, 56.37634364300004], [24.676308302000052, 56.37703301800008], [24.656268432000047, 56.375620526000034], [24.64753196600003, 56.378146292000054], [24.63772711000007, 56.37589115000003], [24.628804924000065, 56.37564714200005], [24.627010332000054, 56.37299382200007], [24.631245169000067, 56.36773848300004], [24.62397007000004, 56.36191934300007], [24.628014853000025, 56.35492794400005], [24.624654853000038, 56.347017839000046], [24.622396131000073, 56.34518116000004], [24.616385114000025, 56.34539755800006], [24.61324130400004, 56.34402204300005], [24.607789883000066, 56.34030966000006], [24.60566229400007, 56.33539504500004], [24.588503907000074, 56.33270794900005], [24.582565473000045, 56.32465283100004], [24.576733860000047, 56.32315013500005], [24.575600708000024, 56.31564992700004], [24.583277073000033, 56.30558814200003], [24.57944846500004, 56.28827456400006], [24.56477351600006, 56.28919762000004], [24.536811728000032, 56.28289173700006], [24.519241257000033, 56.28126352500004], [24.483752460000062, 56.26947364100005], [24.461744545000045, 56.266334338000036], [24.460051515000032, 56.26014220700006], [24.454149648000055, 56.25815790200005], [24.42311516700005, 56.26108381800003], [24.392017744000043, 56.27841712900005], [24.380059878000054, 56.27913310500003], [24.35775197600003, 56.27238134300006], [24.34655460500005, 56.28605059900008], [24.34569259600005, 56.29223094300005], [24.34063880100007, 56.29563066700007], [24.329233439000063, 56.29934188400006], [24.316123641000047, 56.30109068500008], [24.296017049000056, 56.298530922000054], [24.285747504000028, 56.300657235000074], [24.290132803000063, 56.285601874000065], [24.26981245500008, 56.283211480000034], [24.257640707000064, 56.27693100700003], [24.240256960000067, 56.27800060000004], [24.201045398000076, 56.26706002200007], [24.176793316000044, 56.25088498000008], [24.15466465800006, 56.253769970000064], [24.121563648000063, 56.248903029000076], [24.114573476000032, 56.25091687200006], [24.11871849100004, 56.256797594000034], [24.118899335000037, 56.26175705600008], [24.102178286000026, 56.26718612500008], [24.096223547000022, 56.27106117300008], [24.097835167000028, 56.27728482900005], [24.046005525000055, 56.27966082100005], [24.049239482000075, 56.29934089200003], [24.022631465000075, 56.31070807200007], [24.018972321000035, 56.32977941400003], [23.915152980000073, 56.33111709000008], [23.912615475000052, 56.33869046700005], [23.82885850100007, 56.33808085900006], [23.813623380000024, 56.34227260400007], [23.80361982100004, 56.342208981000056], [23.795264925000026, 56.339074889000074], [23.781477489000054, 56.320517978000055], [23.766848286000027, 56.32365717300007], [23.767792215000043, 56.33279483600006], [23.762173542000028, 56.33328539400003], [23.762138638000067, 56.33660456400003], [23.77251108200005, 56.35449753600005], [23.78019577400005, 56.360509912000055], [23.780518049000023, 56.367702233000045], [23.76479525600007, 56.37332382000005], [23.75869226800006, 56.37071433600005], [23.74435369100007, 56.369189522000056], [23.713663671000063, 56.36953233200006], [23.70419616600003, 56.36624666100005], [23.661356711000053, 56.364741226000035], [23.657630268000048, 56.36307066100005], [23.63007677400003, 56.359934088000045], [23.61787332800003, 56.35559296000008], [23.61673495200006, 56.35350234600003], [23.602680156000076, 56.34906844000005], [23.582756234000044, 56.34544635900005], [23.572427453000046, 56.33847320700005], [23.561772473000076, 56.33716224900007], [23.557171501000028, 56.333818733000044], [23.54493578100005, 56.33209995300007], [23.535131634000038, 56.33455243000003], [23.51059532100004, 56.335802182000066], [23.492626234000056, 56.34520447500006], [23.481406553000056, 56.34770491100005], [23.43892928100007, 56.35178733400005], [23.418478820000075, 56.37049876600008], [23.409439415000065, 56.371169157000054], [23.38797503400008, 56.37892313700007], [23.306443013000035, 56.383053923000034], [23.308994770000027, 56.38122510300008], [23.30425469200003, 56.37846437200005], [23.284783365000067, 56.37370772200006], [23.282868527000062, 56.37190098700006], [23.281519810000077, 56.372786407000035], [23.177012614000034, 56.36859507200006], [23.170412057000078, 56.36688662100005], [23.18134658200006, 56.35839742200005], [23.172420570000043, 56.35454089600006], [23.176180927000075, 56.34471707700004], [23.184194496000032, 56.34232810700007], [23.18410989000006, 56.33741610000004], [23.17653449200003, 56.333689320000076], [23.14601964600007, 56.32676957800004], [23.112409066000055, 56.31289699800004], [23.115180062000036, 56.30806073700006], [23.093249840000055, 56.30463832700008], [23.085097090000033, 56.31744080900006], [23.07042171100005, 56.324360813000055], [23.045231457000057, 56.32003761900006], [23.026940652000064, 56.33115434800004], [23.02408175900007, 56.34032962300006], [23.015311386000064, 56.34608986400008], [23.005101738000064, 56.36846008500004], [23.018895238000027, 56.37061578300006], [23.00225029300003, 56.406423550000056], [22.97760478600003, 56.40569536600003], [22.96921902500003, 56.41388866800003], [22.94041861900007, 56.41454882100004], [22.94003708300005, 56.412215349000064], [22.935701668000036, 56.41065317200008], [22.936507671000072, 56.40263870100006], [22.920516811000027, 56.39914062500003], [22.923789784000064, 56.392172224000035], [22.926453363000064, 56.392513800000074], [22.92861347400003, 56.38810680800003], [22.919173554000054, 56.379018303000066], [22.907322556000054, 56.377221305000035], [22.899852132000035, 56.37419946800003], [22.857006247000072, 56.369341372000065], [22.859224685000072, 56.36722611500005], [22.857239047000064, 56.365974066000035], [22.847800946000064, 56.36816001900007], [22.838655919000075, 56.36494201900007], [22.83839011500004, 56.366847792000044], [22.832378550000044, 56.36725239300006], [22.812583896000035, 56.365914401000055], [22.795349344000044, 56.367850659000055], [22.760713242000065, 56.36727556900007], [22.749787667000078, 56.372221523000064], [22.73311514100004, 56.37195974400004], [22.730008953000038, 56.37309150700003], [22.711414154000067, 56.36509729900007], [22.697458425000036, 56.35321228200007], [22.689862851000044, 56.35343672500005], [22.680095023000035, 56.35158885200008], [22.664186550000068, 56.35899316300004], [22.661962454000047, 56.36184277400008], [22.651162015000068, 56.36198160400005], [22.63956307500007, 56.36429390300003], [22.616192829000056, 56.38257626700005], [22.60793946800004, 56.38337009400004], [22.601547931000027, 56.382308401000046], [22.59230578000006, 56.38472447400005], [22.588885151000056, 56.38427345800005], [22.584005743000034, 56.389572058000056], [22.58016580800006, 56.390547378000065], [22.574920374000044, 56.390568607000034], [22.56453769700005, 56.38755167800008], [22.557688248000034, 56.38762019700005], [22.551403452000045, 56.38916045900004], [22.538116883000043, 56.38899934800003], [22.529926984000042, 56.393693907000056], [22.510841516000028, 56.39284906100005], [22.50164509500007, 56.39597065800007], [22.48850118100006, 56.39795836300004], [22.47549044400006, 56.404053633000046], [22.447708875000046, 56.40284657400008], [22.435388511000042, 56.40605794500004], [22.429859945000032, 56.409373541000036], [22.422828655000046, 56.41004975900006], [22.415898307000077, 56.407937608000054], [22.41283025200005, 56.40895305300006], [22.40738510700004, 56.40801565900006], [22.38880043100005, 56.40059645500003], [22.36492329400005, 56.401962867000066], [22.35714068300007, 56.39939360500006], [22.35388987300007, 56.395143949000044], [22.347820134000074, 56.39383546900007], [22.34148830600003, 56.39547343600003], [22.33323030100007, 56.40130726500007], [22.321831446000033, 56.40204972600003], [22.319426175000046, 56.40808252200003], [22.311487622000072, 56.40998408200005], [22.308214543000076, 56.40833014700007], [22.29695631000004, 56.40703675800006], [22.29002137300006, 56.408066047000034], [22.28602373500007, 56.410324854000066], [22.280169439000076, 56.40720636900005], [22.27864075100007, 56.40361440700008], [22.26702153100007, 56.403397890000065], [22.26451110900007, 56.40466194700008], [22.251513389000024, 56.40081451100008], [22.240818527000044, 56.40007429700006], [22.239136424000037, 56.40144914900003], [22.236055124000075, 56.40117355600006], [22.236441588000048, 56.404557116000035], [22.231590022000034, 56.40806766000003], [22.224501733000068, 56.40709658600008], [22.22133072400004, 56.41163944900006], [22.215360647000068, 56.41239428800003], [22.21473093800006, 56.41758782200003], [22.20972970200006, 56.42389050200006], [22.16574946000003, 56.419626236000056], [22.15373216100005, 56.42540572900003], [22.136988856000073, 56.42864951400003], [22.130117169000073, 56.43212139500008], [22.122605385000043, 56.43216989600006], [22.121631584000056, 56.43062286000003], [22.11864481500004, 56.431480186000044], [22.118384241000058, 56.430051340000034], [22.11493162000005, 56.42982875600006], [22.116179721000037, 56.428529956000034], [22.11203437000006, 56.42783942800003], [22.107563808000066, 56.42960028300007], [22.101137339000047, 56.425933222000026], [22.097926546000053, 56.42810311000005], [22.096176825000043, 56.42698668500003], [22.08880817100004, 56.428098926000075], [22.088255550000042, 56.42622152200005], [22.08358287300007, 56.425638235000065], [22.086541107000073, 56.42420512700005], [22.085070544000075, 56.42282377400005], [22.071517112000038, 56.42530418700005], [22.070802428000036, 56.42400255100006], [22.067463109000073, 56.42437968400003], [22.068872304000024, 56.421308441000065], [22.062177145000078, 56.41905561100003], [22.058090623000055, 56.41951556100008], [22.05834395900007, 56.42120906900004], [22.051459563000037, 56.421411308000074], [22.048758829000064, 56.41702345700003], [22.045125597000037, 56.41738614500008], [22.039313246000063, 56.42065959700005], [22.040931529000034, 56.422382835000064], [22.036557481000045, 56.422328562000075], [22.033925501000056, 56.42482972600004], [22.027976410000065, 56.42402002800003], [22.019865453000023, 56.42523481900008], [22.015133840000033, 56.42417805700006], [22.01456425200007, 56.42128128300004], [22.01113706500007, 56.420573872000034], [22.014225298000042, 56.41432259700008], [22.00215006700006, 56.413372209000045], [21.99647361600006, 56.41533992300003], [21.995125932000064, 56.41313559200006], [21.99170597600005, 56.41355942900003], [21.99415330900007, 56.41081268100004], [21.99390683200005, 56.40821881200003], [21.991345529000057, 56.407934272000034], [21.992963746000044, 56.406045962000064], [21.989333739000074, 56.40628157100008], [21.987969631000055, 56.40020022200008], [21.982098532000066, 56.39835572700008], [21.977509928000075, 56.39352207400003], [21.97820943200003, 56.38514453700003], [21.973391708000065, 56.37789514200006], [21.96949405500004, 56.37664920000003], [21.96187382100004, 56.37792084000006], [21.958247620000066, 56.38155781000006], [21.954235281000024, 56.38160097300005], [21.946323514000028, 56.37744517600004], [21.94506242400007, 56.37489805000007], [21.919349553000075, 56.37202746500003], [21.91813547000004, 56.36813134500005], [21.881970995000074, 56.364057202000026], [21.872970654000028, 56.361455301000035], [21.868762184000047, 56.36262289900003], [21.866481608000072, 56.366060247000064], [21.835663999000076, 56.37161874100008], [21.823694183000043, 56.36317517100008], [21.814252487000033, 56.361618529000054], [21.807981077000022, 56.36237363300006], [21.80805027400004, 56.35898967400004], [21.80264888100004, 56.35266783800006], [21.79081824600007, 56.34843684800006], [21.78760403700005, 56.34366029900008], [21.76550138300007, 56.337002228000074], [21.756989273000045, 56.33727532100005], [21.75511141000004, 56.335148494000066], [21.753102456000022, 56.33560491800006], [21.74676364100003, 56.33289078400003], [21.745255970000073, 56.330662120000056], [21.740423667000073, 56.32986441500003], [21.73323618200004, 56.32103585300007], [21.726946172000055, 56.32015343200004], [21.72502674200007, 56.313723107000044], [21.710449924000045, 56.31435944300006], [21.704948287000036, 56.31295791700006], [21.700800581000067, 56.31410078700003], [21.692309692000038, 56.311514299000066], [21.689709943000025, 56.313120551000054], [21.686146947000054, 56.31171659300003], [21.680546381000056, 56.31389421000006], [21.673195606000036, 56.31134490100004], [21.659766484000045, 56.31855305600004], [21.65441664900004, 56.31879278900004], [21.65196215700007, 56.31737722200006], [21.645842834000064, 56.32082056200005], [21.638642590000075, 56.32014376700005], [21.637859554000045, 56.32198973000004], [21.634947286000056, 56.32199689300006], [21.63576845800003, 56.323697578000065], [21.627359711000054, 56.32177061900006], [21.61635452400003, 56.324920433000045], [21.60804237700006, 56.324779489000036], [21.60770655300007, 56.323154214000056], [21.603060421000066, 56.32454847300005], [21.59275090500006, 56.32223912300003], [21.586828354000033, 56.32273771700005], [21.58543006600007, 56.32020272300008], [21.579047925000054, 56.31965724200006], [21.578489796000042, 56.315113505000056], [21.576551893000044, 56.314619235000066], [21.571660189000056, 56.316131839000036], [21.56799816700004, 56.315343349000045], [21.565327929000034, 56.31691209100006], [21.56121588900004, 56.31623212400007], [21.562871378000068, 56.31409580500008], [21.559044632000052, 56.31329365600004], [21.561574782000037, 56.31243732400003], [21.560472399000048, 56.310444174000054], [21.555594464000023, 56.30782335400005], [21.55737110700005, 56.30468132700008], [21.54834184400005, 56.30103155000006], [21.547139169000047, 56.29779916900003], [21.542256803000043, 56.298251304000075], [21.534236686000042, 56.29335074900007], [21.522350247000077, 56.29350137100005], [21.521793784000067, 56.29179577200006], [21.518239901000072, 56.291772421000076], [21.51407837000005, 56.28943311200004], [21.513550144000078, 56.29179240700006], [21.509587012000054, 56.29316186700004], [21.502927172000057, 56.292273640000076], [21.505496227000037, 56.294063023000035], [21.502761968000073, 56.295496], [21.499372503000075, 56.29486149500008], [21.49996286800007, 56.29185309700006], [21.496254150000027, 56.29255849500004], [21.491536543000052, 56.291059688000075], [21.490892174000066, 56.28795228900003], [21.46706610600006, 56.27076617600005], [21.465214840000044, 56.260526611000046], [21.452344006000033, 56.24868190700005], [21.440491639000072, 56.24634550300004], [21.431453203000046, 56.24068899500003], [21.417214355000056, 56.24197815200006], [21.40559867500008, 56.236076094000055], [21.379146632000072, 56.22801325000006], [21.35437543300003, 56.22484087200007], [21.33817745600004, 56.21737732100007], [21.32938511900005, 56.21846672500004], [21.305889859000047, 56.20189882500006], [21.29865779200003, 56.19185512300004], [21.293585558000075, 56.19125692700004], [21.282502858000043, 56.18489355100007], [21.283075847000077, 56.17965104600006], [21.278141455000025, 56.180109548000075], [21.279330902000027, 56.17454653400006], [21.274642089000054, 56.17469170800007], [21.27434443800007, 56.171964710000054], [21.26843523200006, 56.17192769900004], [21.26848519400005, 56.16932914200004], [21.26496989900005, 56.16819355000007], [21.259756868000068, 56.16750547400005], [21.260193206000054, 56.16886971300005], [21.25778616100007, 56.16875352300008], [21.25527445700004, 56.16542250300006], [21.24866924400004, 56.16621037900006], [21.24683488100004, 56.16403324000004], [21.243689162000067, 56.16463640900008], [21.24131492400005, 56.16295019300003], [21.230743571000062, 56.162274299000046], [21.225666537000052, 56.156414314000074], [21.22993444800005, 56.15067279200008], [21.226473842000075, 56.14839162700008], [21.226784201000044, 56.14592880300006], [21.230772108000053, 56.14343645800005], [21.228852344000074, 56.14236409800003], [21.232974684000055, 56.14185615000008], [21.22863337700005, 56.13890709600008], [21.229946683000037, 56.136585713000045], [21.235224496000058, 56.13560751800003], [21.236906419000036, 56.13352922000007], [21.235461987000065, 56.13210243100008], [21.239018487000067, 56.12952652200005], [21.235025263000068, 56.128334652000035], [21.238912596000034, 56.12290434000005], [21.235358001000066, 56.12216607400006], [21.23332534800005, 56.11937501800003], [21.235494732000063, 56.115783074000035], [21.226000975000034, 56.11359769400008], [21.22462005600005, 56.10911182700005], [21.22062210400003, 56.10878442600006], [21.22416727700005, 56.10649110800006], [21.222587892000035, 56.10399596500008], [21.225143368000033, 56.10341090800006], [21.217693274000055, 56.10108058600008], [21.215409073000046, 56.10217376500003], [21.217812448000075, 56.09956773200008], [21.211667401000057, 56.095918564000044], [21.210877754000023, 56.09280141100004], [21.213278788000025, 56.09144277300004], [21.204205226000056, 56.08001025200008], [21.200587254000027, 56.079527839000036], [21.20247476000003, 56.07710657400003], [21.180476403000057, 56.07496645500004], [21.18040600300003, 56.077338258000054], [21.173919058000024, 56.080184864000046], [21.17442528400005, 56.08130938100004], [21.171506960000045, 56.08110675800003], [21.162989175000064, 56.08614249000004], [21.159593968000024, 56.086227533000056], [21.14743883400007, 56.08262936500006], [21.145952408000028, 56.08414442700007], [21.143341858000042, 56.080022762000056], [21.06466808400006, 56.06919138100005], [21.038777264000032, 56.12726756300003], [20.989337845000023, 56.20503677900007], [20.981947114000036, 56.22257432600003], [20.980177739000055, 56.24732806900005], [20.98539398500003, 56.28852110100007], [20.983567545000028, 56.306306144000075], [20.97132490900003, 56.34488732800003], [20.971179298000038, 56.353042068000036], [20.973957320000068, 56.37562256700005], [20.995572416000073, 56.43376403500008], [20.999491770000077, 56.46703671500006], [20.996722066000075, 56.483855565000056], [20.988214291000077, 56.50935311000006], [20.982512642000074, 56.52049576400003], [20.968366480000043, 56.52551811400008], [20.962119271000063, 56.54898127700005], [20.968861450000077, 56.55365929300007], [21.000303064000036, 56.55832802400005], [21.003471330000025, 56.56795616900007], [21.006744853000043, 56.56959279700004], [21.008802854000066, 56.57396589100006], [21.011945164000053, 56.58765236000005], [21.029185385000062, 56.613768468000046], [21.038975596000057, 56.63507866300006], [21.042220787000076, 56.65046219300007], [21.05146269000005, 56.67224203600006], [21.05769214000003, 56.70023190200004], [21.059647319000078, 56.732263825000075], [21.058110843000065, 56.78755692000004], [21.052001395000048, 56.82125442600005], [21.056024900000068, 56.83361448900007], [21.067462324000076, 56.84398810000005], [21.09363219900007, 56.85331625100008], [21.118617176000043, 56.868961298000045], [21.156779055000072, 56.88356843300005], [21.16750726400005, 56.89069165500007], [21.16646405000006, 56.89198054000008], [21.170025762000023, 56.89000737300006], [21.185079634000033, 56.89355418300005], [21.244598091000057, 56.91826000800006], [21.266337701000054, 56.93214515000005], [21.289489767000077, 56.954057214000045], [21.30409310600004, 56.95793206700006], [21.32643157600006, 56.97228151200005], [21.349526678000075, 56.98239406300007], [21.37371059700007, 57.00159828300008], [21.384539890000042, 57.01806956200005], [21.39675429400006, 57.02913454000003], [21.409902115000023, 57.05045191900007], [21.41715681900007, 57.079338077000045], [21.415575744000023, 57.11673695400003], [21.407196373000033, 57.15852280300004], [21.406372324000074, 57.17491613000004], [21.409379729000023, 57.18415876600005], [21.40955275500005, 57.19795159100005], [21.414449192000063, 57.21315125500007], [21.412339600000053, 57.24255678700007], [21.414037533000055, 57.25404866100007], [21.411591931000032, 57.26777615100008], [21.419478709000032, 57.291331221000064], [21.427221720000034, 57.301194432000045], [21.454395731000034, 57.31825671300004], [21.481160094000074, 57.34606361200008], [21.496764942000027, 57.35605406700006], [21.51041226600006, 57.37035154000006], [21.52876214300005, 57.39244589500004], [21.53004584400003, 57.39983716200004], [21.524254644000052, 57.40528876900004], [21.52694516100007, 57.40813891200003], [21.533678571000053, 57.40833321900004], [21.550498892000064, 57.40451977400005], [21.56577044100004, 57.41121709300006], [21.593692458000078, 57.430286324000065], [21.610616865000054, 57.45532444000003], [21.627867244000072, 57.472860611000044], [21.63608623700003, 57.48478334600003], [21.661326142000064, 57.506085244000076], [21.67666055600006, 57.52954505100007], [21.68637380000007, 57.55433308900007], [21.69161999800008, 57.56025100700003], [21.706534016000035, 57.57042622200004], [21.723692836000055, 57.57791222900005], [21.80588050800003, 57.590724684000065], [21.838124377000042, 57.59743208300006], [21.859970883000074, 57.59906842400005], [21.901625827000032, 57.598840213000074], [21.96624255100005, 57.60081123800006], [21.988909937000074, 57.60304767500003], [22.021338556000046, 57.60905139000005], [22.087337379000076, 57.62596966000007], [22.154699090000065, 57.64714876200003], [22.261947720000023, 57.67472922800005], [22.414544094000064, 57.71892917400004], [22.492870883000023, 57.73992452400006], [22.560471739000036, 57.75487570100006], [22.587760243000048, 57.75840759400006], [22.60618696800003, 57.75892063300006], [22.58086836500007, 57.72306800700005], [22.57539267100003, 57.70517408300003], [22.57373602900003, 57.684569201000045], [22.57740908900007, 57.66297748100004], [22.586800598000025, 57.64100265500008], [22.61298903900007, 57.60487876600007], [22.647684008000056, 57.57726203800007], [22.694637286000045, 57.55043002000008], [22.730768586000067, 57.53512191200008], [22.778057287000024, 57.51991891100005], [22.791895663000048, 57.51386387100007], [22.806176890000074, 57.50938265000008], [22.812303413000052, 57.51104483200004], [22.814922513000056, 57.507205370000065], [22.813149271000043, 57.50452960300004], [22.825535784000067, 57.49840078100004], [22.84638728500005, 57.492327387000046], [22.854583939000065, 57.48395366200003], [22.87021284100007, 57.475449936000075], [22.889042610000047, 57.45659573100005], [22.897341269000037, 57.452173326000036], [22.902674411000078, 57.45203968100003], [22.899990683000055, 57.44937231400007], [22.908211453000035, 57.444683335000036], [22.912443014000075, 57.43395311000006], [22.93828187500003, 57.41739121400008], [22.98681811600005, 57.400399572000026], [23.009798063000062, 57.39405192900006], [23.02507481500004, 57.38271783500005], [23.035770585000023, 57.37878557000005], [23.08863483600004, 57.36756679100006], [23.104816963000076, 57.36610248900007], [23.121699400000068, 57.366839164000055], [23.13216437600005, 57.360186516000056], [23.13308287800004, 57.35641093400005], [23.127005198000063, 57.351465433000044], [23.12745336300003, 57.34904027600004], [23.129185637000035, 57.350702513000044], [23.131076032000067, 57.34032690200007], [23.128639706000058, 57.34171203300008], [23.130128068000033, 57.339871207000044], [23.126945054000032, 57.33899351800005], [23.132506144000047, 57.33919841800008], [23.136279459000036, 57.335697863000064], [23.14205326900003, 57.33522180800003], [23.13730720700005, 57.33136473800005], [23.13725740700005, 57.32628815700008], [23.141647368000065, 57.319781885000054], [23.150009324000052, 57.31435621300005], [23.161322450000057, 57.30194186400007], [23.16808603100003, 57.27442422900003], [23.180635162000044, 57.261849383000026], [23.175346560000037, 57.25263836100004], [23.17837889200007, 57.234192963000055], [23.188437410000063, 57.22110315500004], [23.199763723000046, 57.21158578500007], [23.213013841000077, 57.18772802800004], [23.22700031900007, 57.17092940800006], [23.23392460100007, 57.16472395000005], [23.23853934400006, 57.164049618000035], [23.238446169000042, 57.16215695800008], [23.23105275200004, 57.15840256900003], [23.23233091800006, 57.149043404000054], [23.229884281000068, 57.13973278700007], [23.234641046000036, 57.12976906500006], [23.23595146300005, 57.11262328500004], [23.239145096000072, 57.10664255200004], [23.25912794000004, 57.08981632900003], [23.280953943000043, 57.07586249000008], [23.303650867000044, 57.06477150100005], [23.32661593800003, 57.05627769600005], [23.358357200000057, 57.04705257400008], [23.38754794600004, 57.04169724500008], [23.42647121400006, 57.03682757200005], [23.459991993000074, 57.03531037000005], [23.473966050000058, 57.03658507100005], [23.48754716800005, 57.03465107900007], [23.49366287400005, 57.031338031000075], [23.496669118000057, 57.02576028300007], [23.504361578000044, 57.02078260500008], [23.52514359500003, 56.99468621700004], [23.559939237000037, 56.97663994000004], [23.59591613400005, 56.97273510900004], [23.619406165000044, 56.965384319000066], [23.66095653600007, 56.96265472700003], [23.70227862300004, 56.96476742400006], [23.753073949000054, 56.969930496000075], [23.837926268000047, 56.98435994200008], [23.898855108000078, 56.99821665200005], [23.929754108000054, 57.007551352000064], [23.93605974600007, 57.011367085000074], [23.963963875000047, 57.02054093100003], [23.98556062600005, 57.03072059300007], [24.01873674500007, 57.055288731000076], [24.021461871000042, 57.05924429100003], [24.010130038000057, 57.06536382200005], [24.014674942000056, 57.06845816900005], [24.02921403700003, 57.06442616000004], [24.095733934000066, 57.07887232200005], [24.159042331000023, 57.100851815000055], [24.205934785000068, 57.122257157000035], [24.229242201000034, 57.13559586000008], [24.262274991000027, 57.15922844500005], [24.267314382000052, 57.15913290200007], [24.268512668000028, 57.16143985600007], [24.300400006000075, 57.174966108000035], [24.339489494000077, 57.19579293400005], [24.373161233000076, 57.21926613000005], [24.396428163000053, 57.24196238300004], [24.410080562000076, 57.26576031600007], [24.412330302000044, 57.285856770000066], [24.40697399100003, 57.29695555100005], [24.408277549000047, 57.31285073300006], [24.399806067000043, 57.31526972800003], [24.39953981000008, 57.31655389400004], [24.403838113000063, 57.319461353000065], [24.40458736100004, 57.345220392000044], [24.400749869000038, 57.35631367900004], [24.39853535700007, 57.40179014000006], [24.384649238000065, 57.44948072600005], [24.385116562000064, 57.46507708000007], [24.380979351000065, 57.475189026000066], [24.381173638000064, 57.48906015600005], [24.37846589700007, 57.49107867200007], [24.38149798300003, 57.49248828600008], [24.380080332000034, 57.51154828700004], [24.374029669000038, 57.52952493200007], [24.362453741000024, 57.54135039100004], [24.36909035800005, 57.55853098500006], [24.36884140500007, 57.56595375400008], [24.36320230800004, 57.57709790800004], [24.37199140900003, 57.59165192100005], [24.372273827000072, 57.600259891000064], [24.382439559000034, 57.610794819000034], [24.38540234900006, 57.61162217300006], [24.38597100900006, 57.61770367000008], [24.36767229800006, 57.64811390500006], [24.36937063000005, 57.65594053400008], [24.35934108500004, 57.68464592000004], [24.352693102000046, 57.69286439700005], [24.344063121000033, 57.69839123300005], [24.342632327000047, 57.70247729100004], [24.34628794100007, 57.749627488000044], [24.345744773000035, 57.75262880300005], [24.339335188000064, 57.755467184000054], [24.34877307800008, 57.75660777400003], [24.345944531000043, 57.78758333500008], [24.34258562200006, 57.788714896000045], [24.347863854000025, 57.79042889600004], [24.33430383500007, 57.81674869300008], [24.333166057000028, 57.82444157000003], [24.33557109700007, 57.836761470000056], [24.34505652200005, 57.85449947200004], [24.344223381000063, 57.864569979000066], [24.351908512000023, 57.871634261000054], [24.351756126000055, 57.87559670400003], [24.348913650000043, 57.87667292100008], [24.35677411000006, 57.87451745700008], [24.366363656000033, 57.875978933000056], [24.40933250300003, 57.87168801900003], [24.411324480000076, 57.864544023000064], [24.459871518000057, 57.88011746500007], [24.452412216000027, 57.899453805000064], [24.459535196000047, 57.90649917300004], [24.44549382200006, 57.90803927700006], [24.462261885000032, 57.92495426200003], [24.512993126000026, 57.93070224600007], [24.509853304000046, 57.93496096000007], [24.51832355600004, 57.93672372000003], [24.52067556000003, 57.94345389700004], [24.53102218300006, 57.94693037400003], [24.54311442000005, 57.94481844500007], [24.548656980000032, 57.949763920000066], [24.573092787000064, 57.95432301200003], [24.58509380000004, 57.962051004000045], [24.60992462300004, 57.95116795800004], [24.616654092000033, 57.94354284600007], [24.628405173000033, 57.94186834900006], [24.64576420900005, 57.95277592800005], [24.641421597000033, 57.95425622400006], [24.64435293100007, 57.95914544100003], [24.67483796700003, 57.95923271800007], [24.69209441600003, 57.94641612500004], [24.71510603100006, 57.96252704900007], [24.732567077000056, 57.962385002000076], [24.743537466000078, 57.96487717600007], [24.74214254800006, 57.98203776500003], [24.808295608000037, 57.990517467000075], [24.83233018900006, 57.97193525700004], [24.839284363000047, 57.97528759700003], [24.84711121500004, 57.97550644100005], [24.865723784000068, 57.98071859400005], [24.948868636000043, 58.00936397900006], [24.99473774200004, 58.010965655000064], [25.020405932000074, 58.01782472000008], [25.076951586000064, 58.06643410300006], [25.105080330000078, 58.06620852800006], [25.105844868000077, 58.07782597800008], [25.13444357900005, 58.07975636500004], [25.151719462000074, 58.07698312800005], [25.15387690500006, 58.07474868600008], [25.191227883000067, 58.076006362000044], [25.189412464000043, 58.079945473000066], [25.199428600000033, 58.085568798000054], [25.212183149000055, 58.08078731000006], [25.21657508100003, 58.07404646300006], [25.203727248000064, 58.06504312800007], [25.20549078700003, 58.06129117000006], [25.21133233300003, 58.06234907400005], [25.21623982400007, 58.05962224500007], [25.217540791000033, 58.04932449300003], [25.221444813000062, 58.050347490000036], [25.221933257000046, 58.05316565600003], [25.228265504000035, 58.053504659000055], [25.22564373700004, 58.04694394400008], [25.21729973300006, 58.041218247000074], [25.219782425000062, 58.02936685700007], [25.225531858000068, 58.02177362700007], [25.227006892000077, 58.02445113200008], [25.236478512000076, 58.02437191800004], [25.23604827300005, 58.02252933900007], [25.240344742000048, 58.022302567000054], [25.24082919400007, 58.020809316000054], [25.24455312400005, 58.02118279600006], [25.246034155000075, 58.01861190900007], [25.228396387000032, 58.01806519400003], [25.229974593000065, 58.01600242600006], [25.24586682900008, 58.00295707400005], [25.254221401000052, 58.00407411800006], [25.25600601700006, 58.00295872000004], [25.256262089000074, 57.99384735600006], [25.26741476600006, 57.99459811000003], [25.27695527900005, 57.99288833800006], [25.28282792400006, 57.98964179900008], [25.292207818000065, 57.99299495900004], [25.302582656000027, 57.99400843600006], [25.296561060000045, 57.99708057000004], [25.29575778900005, 57.999840230000075], [25.302378154000053, 57.99996751300006], [25.297135981000054, 58.01464983200003], [25.30060600300004, 58.01538100300007], [25.30373923700006, 58.034271440000055], [25.293345051000074, 58.046423497000035], [25.279590013000075, 58.05066315600004], [25.264866064000046, 58.06008616300005], [25.26607596300005, 58.067233842000064], [25.28117796500004, 58.07000945000004], [25.286829819000047, 58.08162377900004], [25.295672618000026, 58.081449973000076], [25.318736365000063, 58.06950075600008], [25.319985150000036, 58.06605416600007], [25.32611792600005, 58.063909315000046], [25.329523959000028, 58.05874505300005], [25.336008609000032, 58.05725489000008], [25.34498512400006, 58.04691198300003], [25.353374849000033, 58.043584503000034], [25.363858254000036, 58.03139578000008], [25.372162263000064, 58.02876998000005], [25.40831229400004, 58.02913730400007], [25.448594540000045, 58.01705656100006], [25.466841484000042, 58.00517617000003], [25.45840069600007, 58.00199914500007], [25.448018054000045, 58.000716813000054], [25.443010827000023, 57.99595989100004], [25.45129895200006, 57.99229002200008], [25.458453490000068, 57.99156239400003], [25.47864818900007, 57.982544190000056], [25.47860048800004, 57.98027282700008], [25.48586636500005, 57.97481491100007], [25.519596532000037, 57.98018865800003], [25.522704042000044, 57.974487329000056], [25.512025576000042, 57.96979384000008], [25.51708985500005, 57.96752872400003], [25.522812518000023, 57.967917442000044], [25.525284245000023, 57.97185915600005], [25.551395381000077, 57.97236851300005], [25.556957684000054, 57.960437495000065], [25.565853994000065, 57.96265476700006], [25.565388257000052, 57.967464223000036], [25.57469124100004, 57.974024995000036], [25.580498460000058, 57.971953762000055], [25.582632765000028, 57.967726721000076], [25.589294537000058, 57.965120081000066], [25.59433966100005, 57.959580525000035], [25.585515018000024, 57.94752068200006], [25.58051733700006, 57.944192659000066], [25.638646305000066, 57.93072875000007], [25.647175451000066, 57.92255982800003], [25.64878692900004, 57.91660937300003], [25.65568715200004, 57.914551618000075], [25.661283715000025, 57.915397839000036], [25.67779202400004, 57.91237247300006], [25.67896895800004, 57.90439272700007], [25.703257852000036, 57.90332039700007], [25.720840140000064, 57.91306381800007], [25.727003638000042, 57.92211726100004], [25.737462942000036, 57.92415628100008], [25.752070763000063, 57.917743329000075], [25.772727392000036, 57.91262362200007], [25.788288340000065, 57.90458171600005], [25.785128099000076, 57.89923041800006], [25.82027133300005, 57.86486214200005], [25.859124506000057, 57.85727516000003], [25.875843116000055, 57.865018613000075], [25.876767132000055, 57.85897923500005], [25.886080809000077, 57.85638975100005], [25.886926075000076, 57.85244811100006], [25.88362345200005, 57.84944452500008], [25.88812659100006, 57.84705489700008], [25.895494134000046, 57.85068866200004], [25.931504783000037, 57.853425008000045], [25.961959682000042, 57.845878377000076], [25.998580188000062, 57.85903529900003], [26.01099425700005, 57.85818814600003], [26.020659135000074, 57.84619199400004], [26.036200534000045, 57.85029407800005], [26.056458425000073, 57.848431848000075], [26.05866111000006, 57.83697306000005], [26.054764274000036, 57.833265030000064], [26.05047663000005, 57.822579947000065], [26.038596434000056, 57.81009389800005], [26.032936775000053, 57.78977740100004], [26.02889769500007, 57.78898655300003], [26.024668392000024, 57.783265604000064], [26.02743396900007, 57.78145999600008], [26.02711531600005, 57.77477054900004], [26.020425627000066, 57.77186373100005], [26.02410266100003, 57.76861693400008], [26.03369170600007, 57.77168203400004], [26.04457565200005, 57.76765103900004], [26.05052858700003, 57.76196086500005], [26.05912978500004, 57.76090100600004], [26.070558224000024, 57.76696803800007], [26.074671747000025, 57.76455447600006], [26.078020250000066, 57.76469922400008], [26.078686033000054, 57.766805602000034], [26.109119305000036, 57.75692862300008], [26.135696643000074, 57.751106754000034], [26.141637538000055, 57.74513793400007], [26.137254639000048, 57.73963648500006], [26.14290972300006, 57.73320918400003], [26.173729380000054, 57.729164953000065], [26.185998391000055, 57.72341196200006], [26.19667507400004, 57.72051173800003], [26.20574005000003, 57.71499519900004], [26.198644526000066, 57.709095346000026], [26.188519117000055, 57.69452004900006], [26.182252707000032, 57.69159846300005], [26.179316394000068, 57.68760831800006], [26.18625583100004, 57.68511192900007], [26.196061263000047, 57.68522014300004], [26.20199631500003, 57.68098141400003], [26.21231100400007, 57.67937090200007], [26.210805519000075, 57.67613176400005], [26.214601223000045, 57.66898467300007], [26.21211110200005, 57.66581642800003], [26.228291470000045, 57.65889469600006], [26.239630832000046, 57.65814349400006], [26.238274973000046, 57.655497583000056], [26.243044309000027, 57.651172460000055], [26.233358641000052, 57.649067125000045], [26.231954409000025, 57.64736928100007], [26.24016818900003, 57.64628903100004], [26.246256519000042, 57.63929249100005], [26.247495592000064, 57.63510047600005], [26.241878658000076, 57.635058264000065], [26.240575187000047, 57.63356144900007], [26.253916153000034, 57.62586402900007], [26.24847266100005, 57.62542056900003], [26.249889104000033, 57.622904120000044], [26.247518995000064, 57.62075771000008], [26.25609885800003, 57.62124000500006], [26.252301569000053, 57.61839893300004], [26.256784122000056, 57.61738553200007], [26.254939517000025, 57.61412197000004], [26.26093462800003, 57.61301151600003], [26.26666706000003, 57.60924950200007], [26.27444384300003, 57.60080622000004], [26.27105855800005, 57.599756236000076], [26.27818876200007, 57.595418978000055], [26.283875997000052, 57.59573271000005], [26.283940633000043, 57.59273194100007], [26.28887097200004, 57.59146762300003], [26.30130132800008, 57.59371964300004], [26.311048680000056, 57.59277249000007], [26.30952962200007, 57.58992970500003], [26.311640947000058, 57.58675787700008], [26.314174252000043, 57.58827269100004], [26.31670721100005, 57.58763001500006], [26.311200880000058, 57.585681359000034], [26.31229699100004, 57.58436074300005], [26.325628694000045, 57.58318389000004], [26.32800676000005, 57.57952111600008], [26.331104939000056, 57.58093646200007], [26.33502890500006, 57.57958610600008], [26.345001747000026, 57.58405766700008], [26.401571138000065, 57.57223438600005], [26.469490415000053, 57.57555830100006], [26.490970611000023, 57.545470773000034], [26.499867040000026, 57.52450866400005], [26.524905054000044, 57.51624710900006], [26.55742669400007, 57.51394592500003], [26.561933085000078, 57.51570187800007], [26.56622510400007, 57.51953206200005], [26.561088019000067, 57.522620018000055], [26.561121833000072, 57.52806031800003], [26.567772814000023, 57.53179507900006], [26.579192307000028, 57.533677013000045], [26.578840499000023, 57.53670165800003], [26.584881289000066, 57.539879459000076], [26.588926319000052, 57.53643427900005], [26.586052006000045, 57.529934377000075], [26.58913136900003, 57.52787750700003], [26.587153520000072, 57.526187304000075], [26.591661384000076, 57.52454863300005], [26.589735276000056, 57.52256723900007], [26.59267168100007, 57.52014210200008], [26.58859403100007, 57.51716042400005], [26.595133974000078, 57.51576044800004], [26.59610579400004, 57.51361068600005], [26.60533642300004, 57.51462298800004], [26.605184226000063, 57.511334677000036], [26.613069893000045, 57.51138606500007], [26.61693535200004, 57.50935389000006], [26.614616799000032, 57.529286831000036], [26.634499147000042, 57.54353489500005], [26.64281029600005, 57.546551572000055], [26.64707596900007, 57.55400843700005], [26.66465776800004, 57.553057498000044], [26.67150706700005, 57.55429155500008], [26.672393787000033, 57.55808574500003], [26.66992992400003, 57.56070493700008], [26.672462765000034, 57.56154818700003], [26.669693624000047, 57.56301970100003], [26.675900728000045, 57.566654252000035], [26.69228307900005, 57.56612610800005], [26.697333300000025, 57.567357564000076], [26.697076933000062, 57.57078911700006], [26.70049472000005, 57.570873522000056], [26.708275747000073, 57.56638100500004], [26.71238376100007, 57.566835463000075], [26.723759190000067, 57.57239945600003], [26.73080043300007, 57.56927366300005], [26.73781052700008, 57.575870148000035], [26.72903831800005, 57.58025007200007], [26.737805656000035, 57.58769822100004], [26.75273394800007, 57.580185277000055], [26.749034316000063, 57.57767485900007], [26.76778070100005, 57.57741663300004], [26.773380214000042, 57.57439270800006], [26.75362647700007, 57.56238734600004], [26.762944996000044, 57.563210034000065], [26.770084232000045, 57.56037676800008], [26.77660444000003, 57.559964265000076], [26.775017880000064, 57.56125504000005], [26.78206924500006, 57.57264881700007], [26.786848548000023, 57.57529062300006], [26.781109322000077, 57.57623764600004], [26.77851660300007, 57.58058556600008], [26.782481033000067, 57.58066194400004], [26.78196104400007, 57.57860275200005], [26.792800725000063, 57.57332366300005], [26.79558476300008, 57.57550277000007], [26.794630142000074, 57.57781406000004], [26.79890113500005, 57.58054558600003], [26.796883910000076, 57.581837343000075], [26.800829434000036, 57.58295426500007], [26.809659424000074, 57.58443497400003], [26.816841271000044, 57.581204899000056], [26.833765750000055, 57.58280795300004], [26.846340877000046, 57.58930728000007], [26.861667003000036, 57.59204178200008], [26.863616210000032, 57.59429604500008], [26.859412556000052, 57.596476221000046], [26.857572553000068, 57.600933902000065], [26.86114447700004, 57.60234194000003], [26.864346949000037, 57.60838877500004], [26.859335438000073, 57.60892336900008], [26.857805167000038, 57.61102524100005], [26.86082275700005, 57.61105414300005], [26.865737284000033, 57.61633886700008], [26.886623066000027, 57.62158641000008], [26.895810459000074, 57.62583084200003], [26.900513790000048, 57.62921326900005], [26.899673239000037, 57.63059173200003], [26.90686473100004, 57.63310930300008], [26.926293388000033, 57.63331670000008], [26.93006206700005, 57.63014997400006], [26.930180931000052, 57.623455885000055], [26.93295090500004, 57.62373105100005], [26.940207677000046, 57.619916957000044], [26.950463574000025, 57.620514265000054], [26.951192115000026, 57.61548036700003], [26.939913588000024, 57.60907664400003], [26.94558838100005, 57.60278225500008], [26.957030966000048, 57.60452804300007], [26.95961476800005, 57.606383840000035], [26.97079631500003, 57.60479857800004], [26.975417304000075, 57.61261339400005], [26.978939284000035, 57.61153324900005], [26.983404650000068, 57.61223896200005], [26.98744596800003, 57.60908432300005], [26.99269440000006, 57.61083139500005], [26.99521026000008, 57.604590691000055], [27.03144731200007, 57.604517359000056], [27.04459634400007, 57.596772298000076], [27.04137238800007, 57.58755799700003], [27.03362724400006, 57.585163840000064], [27.046611249000023, 57.58229353400003], [27.046935459000053, 57.580665252000074], [27.055839426000034, 57.58266344700007], [27.068307051000033, 57.58129245900005], [27.075869461000025, 57.576857105000045], [27.087370726000074, 57.57676442200005], [27.088308423000058, 57.57348177400007], [27.100475132000042, 57.56842641900005], [27.10213130300008, 57.56569277400007], [27.10887868900005, 57.56550005500003], [27.117361148000043, 57.56205825200004], [27.16139309700003, 57.56051976600003], [27.194215091000046, 57.55058408100007], [27.225509448000025, 57.55466767000007], [27.248696594000023, 57.54868966300006], [27.257960136000065, 57.55078091400003], [27.265230786000075, 57.54884597400007], [27.26615371200006, 57.544332524000026], [27.275332262000063, 57.54390561200006], [27.28077117400005, 57.53738427900004], [27.297223935000034, 57.53974846700004], [27.32574771800006, 57.52349170900004], [27.347114459000068, 57.52194018100005], [27.350634211000056, 57.51771563700004], [27.367850471000054, 57.52677167000007], [27.365307055000073, 57.52995655800004], [27.37485557000008, 57.53539748900005], [27.38051555100003, 57.535433788000034], [27.398244528000077, 57.52535796800004], [27.409592985000074, 57.52514959200005], [27.415063088000068, 57.522647653000035], [27.426572474000068, 57.52483771900006], [27.429551634000063, 57.52682287200008], [27.43315264900008, 57.52560296300004], [27.44414944600004, 57.53178538900005], [27.452424634000067, 57.53203028200005], [27.460857265000072, 57.52880922700007], [27.463242673000025, 57.53043317100003], [27.47125959300007, 57.53012169400006], [27.469250078000073, 57.53472711300003], [27.488574680000056, 57.535519624000074], [27.500589760000025, 57.54022516100008], [27.556406046000063, 57.53780666500006], [27.54626803800005, 57.51926042600007], [27.549972874000048, 57.51893091300008], [27.55537497000006, 57.521270678000064], [27.55446464000005, 57.51959336900006], [27.56658191500003, 57.51475060200005], [27.567339222000044, 57.50921767300008], [27.55572247400005, 57.49755827100006], [27.557082595000054, 57.493376785000066], [27.554772068000034, 57.48910715200003], [27.557309962000033, 57.48701797800004], [27.552164438000034, 57.47643110800004], [27.551015851000045, 57.46604491800008], [27.540641523000033, 57.46782684000004], [27.515920658000027, 57.42447744200007], [27.52719356800003, 57.42594264500008], [27.557008713000073, 57.41573396700005], [27.560496259000047, 57.41106534900007], [27.579938840000068, 57.41575454800005], [27.593118724000078, 57.41705446600008], [27.603239960000053, 57.41563167900006], [27.62385196100007, 57.40167101800006], [27.669915727000046, 57.39518633200004], [27.671321748000025, 57.38947932200006], [27.679392479000057, 57.38501828600005], [27.68414317400004, 57.37209930700004], [27.72115240100004, 57.361265841000034], [27.738039694000065, 57.35914846000003], [27.75715558400003, 57.354500460000054], [27.756570832000023, 57.35095271400007], [27.779119498000057, 57.343394656000044], [27.779783618000067, 57.33573410100007], [27.77600640000003, 57.33523814900008], [27.773260537000056, 57.331455145000064], [27.77419601200006, 57.327787812000054], [27.781839322000053, 57.320296934000055], [27.814534523000077, 57.32416160300005], [27.823910493000028, 57.323026190000064], [27.833737103000033, 57.31762800300004], [27.83179624400003, 57.31563071000005], [27.836310538000077, 57.31478939700003], [27.83599442700006, 57.31233201200007], [27.843237486000078, 57.310565487000076], [27.847020357000076, 57.30351703400004], [27.85563215800005, 57.30316790300003], [27.86134359500005, 57.29774384400008], [27.866552467000076, 57.29658092800008], [27.867799881000053, 57.29147203600007], [27.86786065600006, 57.28082646200005], [27.862337643000046, 57.27665388200006], [27.86050694000005, 57.262988233000044], [27.86626511000003, 57.261282134000055], [27.86380828500006, 57.25763069800007], [27.868321630000025, 57.25444944900005], [27.866025317000037, 57.25246598000007], [27.86692518500007, 57.24959337400003], [27.870423103000064, 57.24828364600006], [27.866620410000053, 57.244641681000076], [27.858724382000048, 57.244877416000065], [27.853930571000035, 57.23524798500006], [27.848172808000072, 57.23431095300003], [27.84874413800003, 57.23188400400005], [27.843620615000077, 57.23030687000005], [27.842513242000052, 57.224060379000036], [27.83787448100003, 57.220000836000054], [27.84247997400007, 57.212172302000056], [27.82967330500003, 57.207313233000036], [27.830032940000024, 57.20462786600007], [27.825592950000043, 57.20049303400003], [27.830738818000043, 57.19920975000008], [27.82565588700004, 57.19193775900004], [27.834947759000045, 57.18204946800006], [27.826185053000074, 57.171790474000034], [27.833216183000047, 57.16657407900004], [27.822423569000023, 57.15799118100006], [27.82419088000006, 57.15334315300004], [27.82008812500004, 57.15158803700007], [27.818277514000044, 57.14334348500006], [27.80684214100006, 57.141172839000035], [27.80161058500005, 57.13746191900003], [27.790135476000046, 57.13510007200006], [27.787827587000038, 57.132736917000045], [27.78348012200007, 57.132856477000075], [27.781411349000052, 57.13561181300008], [27.77880465800007, 57.133958575000065], [27.772953089000055, 57.13440342300004], [27.768244150000044, 57.13205460100005], [27.75721416700003, 57.13103212400006], [27.751581103000035, 57.126749672000074], [27.755682181000054, 57.12367941600007], [27.74723900600003, 57.11975097900006], [27.742530271000078, 57.12042947000003], [27.737536025000054, 57.11896920400005], [27.733808021000073, 57.11303444200007], [27.73657019700005, 57.11091165100004], [27.742230303000042, 57.111915863000036], [27.753114321000055, 57.10735395300003], [27.75190834400007, 57.098278546000074], [27.743171792000055, 57.099839951000035], [27.744934645000058, 57.10151122700006], [27.737471466000045, 57.10311696400004], [27.734705648000045, 57.10099328600006], [27.72190327100003, 57.10040034000008], [27.719632354000055, 57.10386832300003], [27.715215200000046, 57.09762433900005], [27.71932145200003, 57.093122977000064], [27.730642300000056, 57.09052768400005], [27.742920816000037, 57.08970032500008], [27.744572364000078, 57.08717817200005], [27.751688913000066, 57.08411910700005], [27.765442732000054, 57.08662424200003], [27.768774536000024, 57.08561801600007], [27.763274958000068, 57.08013921100007], [27.752058601000044, 57.07661334800008], [27.74303018300003, 57.06782285200006], [27.74882612500005, 57.05343372800007], [27.742447222000067, 57.048435563000055], [27.73603119300003, 57.046878151000044], [27.72883869900005, 57.03824750800004], [27.72857616500005, 57.027287787000034], [27.714650360000064, 57.00737898400007], [27.717696525000065, 57.002518999000074], [27.721107735000032, 57.00345245700004], [27.731759788000033, 57.001364839000075], [27.769565364000073, 57.00524053300006], [27.74235071700008, 56.95662360000006], [27.73715610800008, 56.920077992000074], [27.72984465600007, 56.920346179000035], [27.723822512000027, 56.914783998000075], [27.714604012000052, 56.91307807800007], [27.713421295000046, 56.91459281400006], [27.70472132900005, 56.91225510100003], [27.686334646000034, 56.915895136000074], [27.68319670900007, 56.90670542300006], [27.672046902000034, 56.89562197500004], [27.673958497000058, 56.887086124000064], [27.67151020800003, 56.883474094000064], [27.670538522000072, 56.86981841900007], [27.660239854000054, 56.86146559500003], [27.655405158000065, 56.85314793300006], [27.65938080500007, 56.834340170000075], [27.665024132000042, 56.83578943600003], [27.69211256400007, 56.837178908000055], [27.69432620200007, 56.839662900000064], [27.702452296000047, 56.841541532000065], [27.703699477000043, 56.847596216000056], [27.719329938000044, 56.84752776600004], [27.720146070000055, 56.85086593900007], [27.72642720500005, 56.85330328200007], [27.730716006000023, 56.85325310500008], [27.732628634000037, 56.857206973000075], [27.743184890000066, 56.854425398000046], [27.74686158000003, 56.857294255000056], [27.753316620000078, 56.857247157000074], [27.755748668000024, 56.86052548200007], [27.765677414000038, 56.862746403000074], [27.771186871000054, 56.861930063000045], [27.774704577000023, 56.86299746900005], [27.77886197600003, 56.861747742000034], [27.78929432600006, 56.86471332000008], [27.79578057200007, 56.86272900400007], [27.819698772000038, 56.86682553600008], [27.836682814000028, 56.87336375400008], [27.844991200000038, 56.87493307200003], [27.84522190000007, 56.87750357500005], [27.848561072000052, 56.87940984100004], [27.874045771000056, 56.87741264300007], [27.87556608700004, 56.874075649000076], [27.87051446600003, 56.867513228000064], [27.876513163000027, 56.86075570000003], [27.884312613000077, 56.85731593300005], [27.88552339000006, 56.85197667600005], [27.898602505000042, 56.837906657000076], [27.90166742300005, 56.820563390000075], [27.915088765000064, 56.823875798000074], [27.93487334400004, 56.82638019500007], [27.955623840000044, 56.832898717000035], [27.95905757400004, 56.83260653700006], [27.965039750000074, 56.83770637900005], [27.96808841400008, 56.83671087400006], [27.969254679000073, 56.834674422000035], [27.966804122000042, 56.83330584300006], [27.971219167000072, 56.83239325800008], [27.971039592000068, 56.83018548900003], [27.965839919000075, 56.827156202000026], [27.976234564000038, 56.82498256000008], [27.96979542300005, 56.82058196200006], [27.97553831600004, 56.81782974600003], [27.977729127000032, 56.814807665000046], [27.976579454000046, 56.81169116700005], [27.96456402700005, 56.805668497000056], [27.958737436000035, 56.807840687000066], [27.95370044300006, 56.80468280900004], [27.948727373000054, 56.80470726200008], [27.944119105000027, 56.80276691600005], [27.94418852800004, 56.79852132800005], [27.939643575000048, 56.795848172000035], [27.941402449000066, 56.78830170800006], [27.947223875000077, 56.78297169400008], [27.944649130000073, 56.77657837400005], [27.934163264000063, 56.77320743200005], [27.92037223400007, 56.77489288500004], [27.91498922100004, 56.77322874200007], [27.91198459900005, 56.76786418800003], [27.900649110000074, 56.759938582000075], [27.89849607800005, 56.75233909800005], [27.903950252000072, 56.75052799800005], [27.905178962000036, 56.74739319100007], [27.902299179000067, 56.74665206800006], [27.904766102000053, 56.74701534900004], [27.905474436000077, 56.74573395400006], [27.908969916000046, 56.747181675000036], [27.91121969200003, 56.746109438000076], [27.914068577000023, 56.75042406500006], [27.91167206700004, 56.74224452000004], [27.91765962200003, 56.73355134500008], [27.927129541000056, 56.729296402000045], [27.936345525000036, 56.72807681200004], [27.945272471000067, 56.72260332500008], [27.946823383000037, 56.715633410000066], [27.957251115000076, 56.71473692700005], [27.962248961000057, 56.71202911700004], [27.962280599000053, 56.70690532000003], [27.97550657100004, 56.70795239200004], [27.980627913000035, 56.70701852700006], [27.981890100000044, 56.70303252000008], [27.976151006000066, 56.69345364700007], [27.978594324000028, 56.68866620600005], [27.994788053000036, 56.68876531800004], [27.997114330000045, 56.685385014000076], [28.001594646000058, 56.68429307800005], [28.007053167000038, 56.67637869500004], [28.012508680000053, 56.67248961300004], [28.011383783000042, 56.636640087000046], [28.032682672000078, 56.61298091300006], [28.03938927200005, 56.608098951000045], [28.04300721900006, 56.59041294100007], [28.050335589000042, 56.589209279000045], [28.055081466000047, 56.58421974300006], [28.060227762000068, 56.585827807000044], [28.075946271000078, 56.586180038000066], [28.099201039000036, 56.58235414600006], [28.12387054100003, 56.58276954200005], [28.135449252000058, 56.578780262000066], [28.135140268000043, 56.57610791800005], [28.14357392000005, 56.57181872100006], [28.13970864600003, 56.56951673400005], [28.13722518000003, 56.564427282000054], [28.137533718000043, 56.558511545000044], [28.142628476000027, 56.55350527500008], [28.14118675700007, 56.55171793000005], [28.13580667800005, 56.54912331400004], [28.126346555000055, 56.548373146000074], [28.123744977000058, 56.54635901100005], [28.10546966800007, 56.54307735300006], [28.10035780800007, 56.53933580000006], [28.100723166000023, 56.531282935000036], [28.09244135700004, 56.52969798600003], [28.09659980400005, 56.523660936000056], [28.09468706800004, 56.511071005000076], [28.09709203400007, 56.51318126600006], [28.10205449600005, 56.50865506000008], [28.10967118800005, 56.50861130200008], [28.12555962500005, 56.515711845000055], [28.13719132700004, 56.50810706700008], [28.127935922000063, 56.50304519300005], [28.130287734000035, 56.50061039000008], [28.128719448000027, 56.497841820000076], [28.12534314000004, 56.49758530300005], [28.12960559700008, 56.49366912600004], [28.129483381000057, 56.49061296900004], [28.13874142700007, 56.485785143000044], [28.142825302000062, 56.47812743700007], [28.151321236000058, 56.47567347100005], [28.155314977000046, 56.472851554000044], [28.157311738000033, 56.46706529700003], [28.16571323100004, 56.463286750000066], [28.166683653000064, 56.46005943400007], [28.173431408000056, 56.45704175000003], [28.17548464500004, 56.45411331200006], [28.19081985400004, 56.45153311300004], [28.19264397200004, 56.448690276000036], [28.19214161600007, 56.444324263000055], [28.19485506700005, 56.44121719000003], [28.186915658000032, 56.42869138000003], [28.182508717000076, 56.42800491700007], [28.18629289100005, 56.41186227600008], [28.194431433000034, 56.40551179700003], [28.18718045600008, 56.40377575000008], [28.170197333000033, 56.38616538400004], [28.167998030000035, 56.38016380700003], [28.163164105000078, 56.37955527500003], [28.165556698000046, 56.37455099300007], [28.175635595000074, 56.36760607200006], [28.19010368200003, 56.36160259400003], [28.193958450000025, 56.357948875000034], [28.193598688000066, 56.35231470100007], [28.20089458500007, 56.34331223700008], [28.199400684000068, 56.33792807600008], [28.206219459000067, 56.32271376700004], [28.22020664300004, 56.308619219000036], [28.221156415000053, 56.30418840300007], [28.23054065900004, 56.296738264000055], [28.241493726000044, 56.27865831400004], [28.23967285200007, 56.27130170200007], [28.219213400000058, 56.251691737000044], [28.21804336300005, 56.24838227100008], [28.198195115000033, 56.24168262200004], [28.185406312000055, 56.23027909700005], [28.18421354700007, 56.22617106700005], [28.18761231600007, 56.219428727000036], [28.193518467000047, 56.218499189000056], [28.194217053000045, 56.217057186000034], [28.197667383000066, 56.217847610000035], [28.20229838800003, 56.21657456600008], [28.20401905400007, 56.214648286000056], [28.196760891000054, 56.20851802300007], [28.181385525000053, 56.20714846000004], [28.17436388400006, 56.20414321800007], [28.17415445300003, 56.202870990000065], [28.177964290000034, 56.20483749200008], [28.18269004700005, 56.20381484100005], [28.186539311000047, 56.20030597900006], [28.185781983000027, 56.19415644700007], [28.180199351000056, 56.19300894100007], [28.17593935000008, 56.18615234100008], [28.178508634000025, 56.185671537000076], [28.178900528000042, 56.17938069000007], [28.168548432000023, 56.17712474600006], [28.16426047300007, 56.17236914800003], [28.16099814200004, 56.172915114000034], [28.154878389000032, 56.16986022600008], [28.147669293000035, 56.17106761400004], [28.14235139400006, 56.17033658100007], [28.13697683500004, 56.17220984100004], [28.133966224000062, 56.16787856000008], [28.12925841200007, 56.165768092000064], [28.12185568600006, 56.166486374000044], [28.116001776000076, 56.16413594200003], [28.103597654000055, 56.15248457200005], [28.095125628000062, 56.15044129200004], [28.092302476000043, 56.14550435900003], [28.094326816000034, 56.14376496300008], [28.093155566000064, 56.13646868500007], [28.086114063000025, 56.13713589200006], [28.083208935000073, 56.13919114500004], [28.068272643000057, 56.14017688400003], [28.06054886900006, 56.134662545000026], [28.044940706000034, 56.12895517900006], [28.044611984000028, 56.11874952900007], [28.02596697300004, 56.119331525000064], [28.02218381700004, 56.12428495000006], [28.01470181800005, 56.12428660300003], [28.008618881000075, 56.12665182300003], [27.990682449000076, 56.12555045800008], [27.985296966000078, 56.12208966400004], [27.97188294500006, 56.12033936700004], [27.969298071000026, 56.11696870700007], [27.969651585000065, 56.11027423500008], [27.962178625000035, 56.10526741100006], [27.94991280000005, 56.10300723300003], [27.95156958700005, 56.10156329000006], [27.949343139000064, 56.09700860200007], [27.939220232000025, 56.091704263000054], [27.934335630000078, 56.08016824200007], [27.936696792000077, 56.07779439400008], [27.934464168000034, 56.076952352000035], [27.935749564000048, 56.07367447100006], [27.927619891000063, 56.065952209000045], [27.921597795000025, 56.06407226700003], [27.922628668000073, 56.06129281300008], [27.918679087000044, 56.05864550800004], [27.910724522000066, 56.05928017400004], [27.90667619900006, 56.05517483300008], [27.907437204000075, 56.05296623700008], [27.902304568000034, 56.05079919100007], [27.90502328200006, 56.04868781600004], [27.901830319000055, 56.04755870500003], [27.899736547000032, 56.05037022300007], [27.890300163000063, 56.05296236500004], [27.886219322000045, 56.052161729000034], [27.88213898500004, 56.05336588800003], [27.87668525500004, 56.05189895600006], [27.874935959000027, 56.053397878000055], [27.86492368900008, 56.049665325000035], [27.866520052000055, 56.04714943000005], [27.860744854000075, 56.04368523000005], [27.84794991700005, 56.041811849000055], [27.836453693000067, 56.03780383900005], [27.830170874000032, 56.03986587500003], [27.820923709000056, 56.04010639200004], [27.80647825500006, 56.035436477000076], [27.811879479000027, 56.029436849000035], [27.81867933700005, 56.03035315000005], [27.83322674200008, 56.02390986200004], [27.833301661000064, 56.02170994100004], [27.816033979000053, 56.01126739100005], [27.817248576000054, 56.00785493700005], [27.805200305000028, 56.008150484000055], [27.81058692000005, 56.004160392000074], [27.809623415000033, 56.00001167100004], [27.81255739900007, 55.99784955700005], [27.810256174000074, 55.998318837000056], [27.81091684100005, 55.99687899800006], [27.808242448000044, 55.995988356000055], [27.811388125000065, 55.993049306000046], [27.808840072000066, 55.990833131000045], [27.811108862000026, 55.990046720000066], [27.807181134000075, 55.988126100000045], [27.802454642000043, 55.990050316000065], [27.802861567000036, 55.98638287800003], [27.799582043000044, 55.98676377400005], [27.80100131300003, 55.98475038400005], [27.799151022000046, 55.982625503000065], [27.801653557000066, 55.98134247400003], [27.79410507700004, 55.98318676500003], [27.794691026000066, 55.979919334000044], [27.78731569300004, 55.980501480000044], [27.789603455000076, 55.97737659300003], [27.78360709800006, 55.97517509900007], [27.78148450900005, 55.97674993500004], [27.769213662000027, 55.97509499800003], [27.765543969000078, 55.977563717000066], [27.76802465800006, 55.97810912700004], [27.762597346000064, 55.97989798800006], [27.756697866000025, 55.979659240000046], [27.756927219000033, 55.97846955000006], [27.754139225000074, 55.979668022000055], [27.74947787900004, 55.979005965000056], [27.75087909000007, 55.97585057600003], [27.74890330100004, 55.976038638000034], [27.74440398200005, 55.97218322700007], [27.652960310000026, 55.92952536800004], [27.653239230000054, 55.91319271200007], [27.624690675000068, 55.892318129000046], [27.639684404000036, 55.84813228500008], [27.618833150000057, 55.79161188900008], [27.614252948000058, 55.79007375600003], [27.615520686000025, 55.78704358700003], [27.589930889000073, 55.78337809000004], [27.55108741400005, 55.784360055000036], [27.477568650000023, 55.79044151700003], [27.467966099000023, 55.79418921300004], [27.454868743000077, 55.793178097000066], [27.432478053000068, 55.79423037500004], [27.412001407000048, 55.80117462000004], [27.373320268000043, 55.808699947000036], [27.36671829200003, 55.81500353700005], [27.363603949000037, 55.812677319000045], [27.360881680000034, 55.81333217300005], [27.354381985000032, 55.811109455000064], [27.353446580000025, 55.807234866000044], [27.34913941700006, 55.80547918700006], [27.351594094000063, 55.80384553600004], [27.349512511000057, 55.801919102000056], [27.30559568700005, 55.79269570300005], [27.287357041000064, 55.78516712800007], [27.268075297000053, 55.79045822100005], [27.26329052600005, 55.790250652000054], [27.258718962000046, 55.79352405600008], [27.249511217000077, 55.794241287000034], [27.24248562300005, 55.80576150100006], [27.219626670000025, 55.81928120100008], [27.213590028000056, 55.82105856600003], [27.199662010000054, 55.834224909000056], [27.174203788000057, 55.838192046000074], [27.17142464500006, 55.83742404000003], [27.170588442000053, 55.84266616200006], [27.16089754400008, 55.84989229100006], [27.15642196400006, 55.849010700000065], [27.155921730000045, 55.85091651100004], [27.152128979000054, 55.85216628300003], [27.143669574000057, 55.84860952100007], [27.133434329000067, 55.85156876000008], [27.124169662000043, 55.850784247000036], [27.10875344200008, 55.84722995900006], [27.102086159000066, 55.84383682100008], [27.100942485000076, 55.83396264800007], [27.09811383300007, 55.82890443400004], [27.093503164000026, 55.82725159300003], [27.082470405000038, 55.82625183500005], [27.07006340500004, 55.82953542300004], [27.051381880000065, 55.830686540000045], [27.04006088400007, 55.829467270000066], [27.03913739400008, 55.82778104400006], [27.035006732000056, 55.827389365000045], [27.033128760000068, 55.82413871000006], [27.03538398200004, 55.82370321600007], [27.032351040000037, 55.82268581400007], [27.025238750000028, 55.82692011300003], [27.019979661000036, 55.826832739000054], [27.015172532000065, 55.828753532000064], [26.996742852000068, 55.81849640100006], [26.981489063000026, 55.814649055000075], [26.973607538000067, 55.81463976400005], [26.967095044000075, 55.805670072000055], [26.952378019000037, 55.79787205100007], [26.94675877700007, 55.78748862300006], [26.931742109000027, 55.790121190000036], [26.920625046000055, 55.78812967200008], [26.89857196500003, 55.75685625500006], [26.89980369700004, 55.754718205000074], [26.897149091000074, 55.754232036000076], [26.901156240000034, 55.75156079800007], [26.875296038000045, 55.73447093100003], [26.87844672500006, 55.727852032000044], [26.870440984000027, 55.71375485000004], [26.847463848000075, 55.708950892000075], [26.844937754000057, 55.706943883000065], [26.827425342000026, 55.705298121000055], [26.81640722800006, 55.69968017200006], [26.799826325000026, 55.698044104000076], [26.78396398800004, 55.677790955000035], [26.74311284600003, 55.68235063700007], [26.721862179000027, 55.70077657500008], [26.65286194400005, 55.70750356000008], [26.644449097000063, 55.70428317800008], [26.651453185000037, 55.70009569300004], [26.641829115000064, 55.695409373000075], [26.635874125000043, 55.68504467200006], [26.636664926000037, 55.68225874800004], [26.63205103100006, 55.68060183700004], [26.61878900800008, 55.68113578600003], [26.59752476500006, 55.674681365000026], [26.592775505000077, 55.67663431900007]]]}}, {"type": "Feature", "properties": {"iso": "RUS", "source": "geoBoundaries gbOpen ADM0 (simplified), geoBoundaries, OpenStreetMap", "license": "Open Data Commons Open Database License 1.0", "year": "2017"}, "geometry": {"type": "MultiPolygon", "coordinates": [[[[39.026944200000116, 47.005184600000064], [39.05187080000019, 47.01487889999993], [39.071605900000066, 47.02583840000011], [39.091741300000194, 47.03184570000013], [39.10628630000019, 47.041740400000094], [39.10286880000001, 47.04300130000013], [39.10695580000015, 47.0415638], [39.10461100000015, 47.036877700000105], [39.10741920000015, 47.03079710000003], [39.11122040000021, 47.0280146], [39.118102799999974, 47.026283699999965], [39.16994260000007, 47.02985310000008], [39.190043600000195, 47.0344927000001], [39.2395762000001, 47.018720299999984], [39.26292900000021, 47.018206], [39.28757020000012, 47.01971200000014], [39.29371950000018, 47.020485], [39.297222700000134, 47.02320980000002], [39.30255619999997, 47.0323295], [39.30693370000017, 47.056227500000034], [39.310446400000046, 47.05943590000015], [39.294773599999985, 47.05970090000005], [39.28923570000006, 47.05692360000012], [39.282318100000225, 47.062665400000014], [39.2750602000001, 47.06266640000007], [39.269890799999985, 47.069456600000024], [39.27089310000014, 47.07257370000002], [39.2628615000001, 47.076305800000114], [39.25894560000012, 47.07592690000001], [39.26033370000005, 47.07893480000001], [39.256492700000194, 47.08037760000002], [39.25687680000004, 47.08247870000014], [39.24518530000023, 47.085333500000104], [39.23854810000017, 47.08467390000004], [39.23104660000013, 47.08840550000008], [39.25216619999998, 47.09200780000003], [39.2550344, 47.09506520000008], [39.253178, 47.097475000000145], [39.259436, 47.10302320000005], [39.261124, 47.109510000000114], [39.26086690000011, 47.11201870000002], [39.25626340000008, 47.11550150000005], [39.25129019999997, 47.11634790000011], [39.24770380000007, 47.12144050000012], [39.24337180000009, 47.12230180000017], [39.24183919999996, 47.124393800000064], [39.23693830000002, 47.1242117000001], [39.239418500000056, 47.12645970000011], [39.238678500000105, 47.12798860000015], [39.22988630000003, 47.13734890000012], [39.235429400000044, 47.142666], [39.233031100000176, 47.14341830000012], [39.2356115, 47.149179600000025], [39.24027310000008, 47.15201590000004], [39.24021819999996, 47.1554751000001], [39.24600080000005, 47.16188930000004], [39.243871, 47.16519060000019], [39.23798150000016, 47.1675998], [39.24382650000007, 47.173408100000074], [39.24302720000003, 47.17452410000004], [39.2365635000001, 47.17342209999998], [39.237174400000185, 47.17644380000007], [39.233810000000176, 47.1772866], [39.228207800000064, 47.17515330000009], [39.22503120000016, 47.1765567], [39.2141, 47.186033], [39.215424, 47.18756900000011], [39.21323920000003, 47.19016890000006], [39.217859700000076, 47.19348600000012], [39.21540360000006, 47.19676560000005], [39.21974650000004, 47.20348919999998], [39.22348710000011, 47.205604], [39.22263840000005, 47.20942210000004], [39.224237200000175, 47.2101662], [39.2224213, 47.21262310000009], [39.22539480000006, 47.21736160000006], [39.224162500000034, 47.22609290000008], [39.22928190000016, 47.23015580000015], [39.227192, 47.232037200000036], [39.230687200000034, 47.23478080000001], [39.22651110000004, 47.23773460000001], [39.234481, 47.243695], [39.23801660000004, 47.244981], [39.241714200000104, 47.244338100000164], [39.24315410000003, 47.25005450000009], [39.2369417000001, 47.25716340000014], [39.243879400000196, 47.26145589999999], [39.22833720000011, 47.25986059999997], [39.2232583, 47.26082860000014], [39.22725780000002, 47.264053], [39.20098910000007, 47.28286210000016], [39.19396140000015, 47.28485790000008], [39.162119600000096, 47.287075300000026], [39.12228850000014, 47.285943299999985], [39.101562799999954, 47.28863560000002], [39.08364459999996, 47.287611700000014], [39.06506300000012, 47.282384], [39.04585980000002, 47.26717810000008], [39.040147900000136, 47.264071100000024], [39.03416680000015, 47.26335570000015], [38.989315, 47.272785], [38.954653, 47.26931500000012], [38.944112, 47.261104], [38.93834449999997, 47.25192610000005], [38.93799130000008, 47.246066500000154], [38.94099540000013, 47.243954299999984], [38.939377500000205, 47.24165840000012], [38.94088810000011, 47.238986700000055], [38.9372403000001, 47.236102], [38.935922100000084, 47.22914630000014], [38.936319100000105, 47.22443960000004], [38.94278859999997, 47.21206609999996], [38.956832200000065, 47.2045114], [38.955180300000166, 47.2011063], [38.95105, 47.20082250000013], [38.9471557, 47.1973033000001], [38.929429600000105, 47.199712500000146], [38.895559100000014, 47.19891810000013], [38.88400370000011, 47.19692780000014], [38.879092, 47.194632], [38.880506100000105, 47.193676400000015], [38.87424050000004, 47.188252], [38.864474, 47.172817], [38.864467, 47.175381], [38.854455200000075, 47.17679150000009], [38.84191160000012, 47.17590460000008], [38.8323393, 47.177541300000144], [38.82018230000011, 47.17511190000005], [38.798589900000024, 47.175776], [38.79193820000012, 47.172409600000094], [38.78852450000011, 47.172636700000055], [38.776821800000164, 47.168931400000076], [38.757677, 47.17032779999994], [38.7319051, 47.159921700000154], [38.68870760000004, 47.1556920000001], [38.671796500000085, 47.15208490000009], [38.643120200000226, 47.145100300000024], [38.637038300000086, 47.14093740000004], [38.62726190000012, 47.14044729999995], [38.60688130000011, 47.143232700000056], [38.57624700000014, 47.143518], [38.56568340000007, 47.140935300000024], [38.557896, 47.13537000000014], [38.561031, 47.119738], [38.569312, 47.1178460000001], [38.579350900000065, 47.12025260000007], [38.58062410000008, 47.11937970000014], [38.57968069999998, 47.122263000000146], [38.58174230000003, 47.124072], [38.57419160000006, 47.1284629000001], [38.5807926, 47.124947700000064], [38.58555639999997, 47.12069270000006], [38.5833778, 47.1177872], [38.57206740000015, 47.1151056], [38.560861200000204, 47.11634160000011], [38.53040610000011, 47.12477250000012], [38.51314740000015, 47.12775990000006], [38.50128580000012, 47.13253789999993], [38.48984480000013, 47.13955140000007], [38.487484900000084, 47.13921490000013], [38.48133030000014, 47.140767300000164], [38.483399, 47.144035], [38.484912, 47.143016], [38.482862, 47.14121100000011], [38.487855600000046, 47.13966829999998], [38.490427700000055, 47.14112790000013], [38.484134, 47.145704], [38.4909, 47.145735000000116], [38.493519, 47.147029], [38.4993072000002, 47.14601710000005], [38.504218, 47.148486], [38.503771, 47.156178], [38.500708, 47.162063], [38.503847, 47.1682320000001], [38.50398500000017, 47.173618], [38.508838, 47.177486], [38.510302, 47.181852000000106], [38.51950009999996, 47.18446960000017], [38.52496790000009, 47.190373200000124], [38.52486400000021, 47.1939670000001], [38.533295, 47.197976], [38.553946, 47.203187], [38.562537000000134, 47.211043], [38.56904900000018, 47.220044], [38.57205000000016, 47.221337], [38.57220400000011, 47.225697], [38.579368, 47.224313], [38.590634, 47.227816], [38.60565070000007, 47.2368512000001], [38.607077, 47.24441500000012], [38.610467, 47.244299000000126], [38.61388000000011, 47.24097600000016], [38.62104230000011, 47.23978210000013], [38.62596900000011, 47.235502], [38.63049320000016, 47.23508790000005], [38.64261290000002, 47.238370900000064], [38.652681, 47.23892], [38.684270300000094, 47.244527800000014], [38.70688, 47.243431], [38.717683200000124, 47.24564650000002], [38.72797500000013, 47.242201], [38.7491308000001, 47.24196610000001], [38.755026500000156, 47.24058540000016], [38.77133890000016, 47.243757600000094], [38.79102520000009, 47.24352190000013], [38.80657570000011, 47.24799640000015], [38.81468780000006, 47.2579068], [38.82791910000003, 47.26811009999989], [38.82709250000005, 47.270126], [38.83229510000007, 47.2826275999999], [38.832446500000174, 47.287879799999985], [38.81326700000011, 47.289198800000065], [38.81400460000003, 47.29399930000005], [38.8134359, 47.29781860000003], [38.81207380000012, 47.297673800000155], [38.81239660000017, 47.295704800000124], [38.80823470000007, 47.29554009999998], [38.80808780000018, 47.29172180000006], [38.8050006000002, 47.29098480000005], [38.80296069999997, 47.287800800000014], [38.79877360000012, 47.27446120000013], [38.79508890000022, 47.27506840000012], [38.78833110000011, 47.27195210000002], [38.768389, 47.26978359999998], [38.7251571, 47.26918310000002], [38.69464660000011, 47.26506870000014], [38.67948270000011, 47.266262], [38.674269200000026, 47.262813], [38.654831100000024, 47.26216330000011], [38.624236300000064, 47.255247900000086], [38.6033407000001, 47.24830680000008], [38.58435640000016, 47.24113860000011], [38.566721900000175, 47.23188010000001], [38.55796429999998, 47.22948660000003], [38.524341000000106, 47.210378000000105], [38.521365, 47.206519], [38.522148, 47.203188000000125], [38.51356600000014, 47.195202000000165], [38.5141827, 47.193666], [38.5237527000001, 47.19312280000008], [38.52254540000001, 47.1916018], [38.51398680000011, 47.19321940000009], [38.516508900000076, 47.187450400000046], [38.51568190000006, 47.18457940000002], [38.509688, 47.18736300000012], [38.49841100000015, 47.186417], [38.490773, 47.17869000000013], [38.4817112, 47.173855900000035], [38.4781471, 47.16538179999998], [38.46510550000005, 47.1586299], [38.467139, 47.15370600000011], [38.47290640000017, 47.15305730000006], [38.47446350000007, 47.150075900000104], [38.4786282, 47.15331409999999], [38.481988400000205, 47.15235960000007], [38.477905, 47.148369000000116], [38.47837649999997, 47.146845000000155], [38.481471200000044, 47.146763799999974], [38.47596210000006, 47.144042700000114], [38.45188559999997, 47.151307], [38.4291707000001, 47.14847930000002], [38.421480400000064, 47.142254600000115], [38.41048150000006, 47.13886820000005], [38.39985569999999, 47.138405400000124], [38.396808, 47.135968300000116], [38.38197600000012, 47.138274], [38.346099700000195, 47.13612359999996], [38.32361990000004, 47.13986390000002], [38.32122930000014, 47.13782250000003], [38.31061260000013, 47.13893750000011], [38.28226870000009, 47.12735050000009], [38.2578020000002, 47.12648110000009], [38.229798300000084, 47.119301600000085], [38.2290997, 47.127166700000146], [38.236218100000144, 47.139553300000046], [38.23589040000002, 47.198600600000134], [38.23397810000006, 47.20377560000003], [38.23724210000012, 47.20831580000004], [38.241007700000125, 47.209975000000156], [38.24276220000013, 47.21776849999998], [38.24025550000022, 47.21869430000004], [38.24029320000017, 47.22165660000002], [38.23644560000014, 47.22542859999999], [38.2339134, 47.225822500000106], [38.23290870000005, 47.22895100000011], [38.2386429, 47.2325952], [38.25434360000003, 47.23388970000002], [38.2603084000001, 47.23825520000008], [38.28819570000019, 47.23853530000014], [38.28797369999995, 47.256752900000095], [38.324490100000105, 47.25695], [38.33157170000004, 47.26364830000006], [38.329307500000084, 47.266979900000024], [38.33353000000022, 47.26919], [38.330765100000065, 47.27587560000012], [38.326505300000065, 47.277097600000104], [38.327085200000056, 47.27976039999999], [38.32282950000001, 47.281492200000116], [38.32807369999995, 47.2853766], [38.33309680000008, 47.29271220000015], [38.33351060000007, 47.296591400000125], [38.326954900000146, 47.29784490000009], [38.32700029999995, 47.29949850000014], [38.33459020000021, 47.3026939], [38.33603990000006, 47.3062541000001], [38.22089200000016, 47.3053966], [38.221133500000064, 47.32707820000002], [38.2269703, 47.330243900000085], [38.22251120000021, 47.33310630000017], [38.23041070000011, 47.33864820000002], [38.23190920000013, 47.34431480000012], [38.23927809999998, 47.346081], [38.2462386000002, 47.350727400000096], [38.246486400000094, 47.35415780000005], [38.24933260000023, 47.35677730000009], [38.244983, 47.36370920000007], [38.2572543, 47.37321260000016], [38.286548600000174, 47.37341930000002], [38.28647170000005, 47.391357900000116], [38.30064719999996, 47.39145160000004], [38.30238950000006, 47.39284800000013], [38.30202820000005, 47.47496230000007], [38.288368, 47.476092300000175], [38.2859552000001, 47.48349210000009], [38.28851550000002, 47.48880060000005], [38.291962799999965, 47.4904919], [38.29003940000001, 47.498995100000116], [38.29378020000007, 47.50216130000007], [38.291567100000066, 47.50584450000002], [38.29343120000016, 47.508087699999976], [38.284896, 47.509034], [38.28472690000007, 47.544309600000076], [38.30505380000005, 47.54480820000015], [38.307288200000016, 47.54648700000013], [38.306075400000054, 47.548287900000105], [38.31126390000003, 47.553574800000035], [38.31079260000007, 47.5761448], [38.35071610000006, 47.57619650000004], [38.3504612000001, 47.616646], [38.45675010000008, 47.617110600000046], [38.4564852000002, 47.64404380000008], [38.61643719999995, 47.64458130000014], [38.626086300000054, 47.653458900000146], [38.629749, 47.65343450000012], [38.62927210000004, 47.669396], [38.66602650000016, 47.6693143], [38.6658283000001, 47.698728800000026], [38.7348912, 47.69963689999997], [38.73551170000019, 47.69458350000002], [38.7298727000001, 47.69117], [38.734137000000146, 47.687408600000026], [38.73773460000007, 47.68773859999999], [38.739705, 47.685092300000065], [38.735568200000046, 47.682591100000025], [38.73660730000006, 47.680135899999925], [38.743224300000065, 47.68067710000014], [38.746871, 47.686366], [38.75078229999997, 47.68446540000008], [38.75345850000008, 47.68651780000005], [38.7551449, 47.68534010000013], [38.772608400000024, 47.68552490000013], [38.77263590000018, 47.713709200000096], [38.77075130000003, 47.717513100000076], [38.77296030000002, 47.717783300000065], [38.77305580000012, 47.719341], [38.77015080000007, 47.721056499999975], [38.777521100000115, 47.73570430000012], [38.77975920000017, 47.73718670000005], [38.78902340000002, 47.73754340000005], [38.789109900000085, 47.768582400000184], [38.793270600000085, 47.768729], [38.79251520000008, 47.772340400000076], [38.7965442000002, 47.773658100000034], [38.7959805000001, 47.776458], [38.788991, 47.7783083], [38.79309730000011, 47.78442160000009], [38.78654119999999, 47.784616500000084], [38.7838686, 47.78804080000009], [38.783970900000156, 47.79173020000013], [38.7904681, 47.796407], [38.78892250000001, 47.815916700000116], [38.828818900000044, 47.81591860000009], [38.8287987, 47.82326820000014], [38.832410400000015, 47.826680500000066], [38.828853800000104, 47.827905500000156], [38.828454, 47.8318774], [38.82529039999997, 47.83536620000001], [38.8264974, 47.83872409999998], [38.82469119999996, 47.84020080000016], [38.82752549999998, 47.84820090000005], [38.829777100000115, 47.84825810000012], [38.82984340000007, 47.84994610000001], [38.83605470000015, 47.849684600000046], [38.83839360000002, 47.851436600000056], [38.8425792000001, 47.8513972], [38.84296260000008, 47.865325400000074], [38.87756680000007, 47.86710320000009], [38.87969410000005, 47.87271690000006], [38.87806020000005, 47.87587390000016], [38.8906172, 47.874261599999954], [38.89180769999996, 47.87302160000007], [38.89379370000012, 47.87440749999996], [38.898269300000095, 47.87433840000011], [38.899156400000095, 47.87293330000006], [38.90345470000011, 47.872368900000026], [38.90912069999996, 47.87293190000008], [38.912436100000036, 47.87562670000011], [38.914598700000056, 47.87432240000004], [38.92744490000018, 47.87310050000002], [38.94140169999997, 47.8732852], [38.955593100000044, 47.86936880000013], [39.08311030000016, 47.8695323], [39.0830608, 47.851627], [39.10948530000019, 47.85165410000013], [39.109463200000164, 47.84267170000015], [39.14962720000011, 47.842376], [39.14992189999998, 47.851505], [39.16228070000011, 47.851569], [39.17192950000015, 47.84622109999998], [39.18096890000004, 47.853680100000076], [39.23648750000018, 47.853646400000116], [39.233927400000084, 47.85990620000007], [39.23681000000022, 47.86091000000016], [39.236936600000035, 47.86464989999996], [39.241737, 47.86706910000015], [39.35144120000018, 47.86694870000014], [39.34839000000011, 47.871448], [39.35418820000007, 47.87262100000015], [39.3873086000001, 47.871160400000065], [39.4132247, 47.82972740000008], [39.42195650000019, 47.83315760000005], [39.426356300000066, 47.836927900000035], [39.439354100000116, 47.840186500000016], [39.43322430000006, 47.84435380000002], [39.43996050000004, 47.8547661], [39.4459655, 47.85545660000014], [39.44550530000015, 47.85257750000011], [39.448649300000056, 47.8519273], [39.46475460000016, 47.859545200000014], [39.472079, 47.858955600000115], [39.47780620000003, 47.860679700000105], [39.52093709999997, 47.82568350000014], [39.534957200000065, 47.83282530000008], [39.54251590000001, 47.82505960000003], [39.560628300000076, 47.83280590000004], [39.565478200000086, 47.83643390000003], [39.62166310000015, 47.83635750000013], [39.625709800000095, 47.839133], [39.64510770000015, 47.836367700000096], [39.65222890000001, 47.83299470000003], [39.73804250000012, 47.82777960000004], [39.75673870000003, 47.846823200000074], [39.763231800000085, 47.8463221], [39.76344860000012, 47.87069039999989], [39.790957300000116, 47.86886959999987], [39.79492010000013, 47.87037550000014], [39.79364840000005, 47.91935140000004], [39.801097099999936, 47.9265368], [39.80212120000016, 47.93474110000005], [39.80647070000015, 47.93483330000009], [39.80606210000008, 47.95053850000011], [39.82173870000008, 47.95075379999997], [39.82477590000019, 47.955297], [39.822437100000116, 47.95610980000015], [39.82338000000016, 47.95858], [39.82149, 47.96013], [39.81789000000015, 47.960640000000126], [39.81703, 47.96648], [39.818965599999956, 47.96753430000001], [39.816, 47.96802], [39.81786469999997, 47.97468910000015], [39.821542000000136, 47.97693190000007], [39.8231004000001, 47.9812205], [39.822345600000176, 47.98310260000011], [39.81621140000016, 47.98347360000008], [39.814988100000164, 47.98565950000011], [39.81515390000004, 47.98916370000012], [39.81857, 47.99034000000012], [39.816418800000065, 47.990828900000054], [39.81595230000005, 47.99308390000016], [39.81780810000009, 47.99470739999998], [39.812821200000144, 47.997274400000094], [39.81646030000013, 48.001318900000115], [39.80968939999997, 48.00285980000007], [39.81054470000004, 48.004565400000104], [39.8038772000001, 48.00571960000008], [39.802740800000095, 48.007727900000134], [39.80032550000004, 48.006996600000036], [39.791095000000155, 48.01216740000012], [39.786637, 48.020919400000025], [39.78354740000009, 48.02272240000002], [39.78535140000014, 48.02520480000004], [39.78327779999995, 48.025842700000055], [39.784190200000126, 48.028172400000074], [39.77689880000008, 48.039909399999885], [39.88338810000016, 48.04160680000001], [39.883510599999966, 48.04898820000005], [39.84769190000003, 48.059076], [39.83396720000002, 48.067014200000074], [39.86888760000011, 48.07919530000004], [39.87419000000011, 48.10896], [39.8704565000001, 48.116608300000166], [39.8764637000001, 48.118908], [39.889203, 48.130622300000084], [39.897473800000114, 48.1340955], [39.9024950000001, 48.14034150000009], [39.906716400000164, 48.1488308000001], [39.90677510000006, 48.16838620000004], [39.9098171, 48.17984590000003], [39.92500000000018, 48.18191], [39.937015800000154, 48.1809588000001], [39.942, 48.22861000000012], [39.95494190000011, 48.228824100000054], [40.00372050000004, 48.223565], [40.00959060000008, 48.22511860000009], [40.00651770000002, 48.24202570000011], [40.02075930000012, 48.253857], [40.013034, 48.26624320000013], [40.01601360000018, 48.26690790000009], [40.01414270000009, 48.270312800000056], [40.01040120000016, 48.27018930000014], [39.99303390000006, 48.300700300000074], [39.992844700000035, 48.314009899999974], [39.9903342, 48.317058300000156], [39.97857579999999, 48.315623900000105], [39.97215740000007, 48.3127609], [39.97109640000002, 48.30722520000012], [39.96578249999999, 48.30645010000012], [39.963182100000154, 48.303123700000015], [39.95682460000012, 48.30127239999996], [39.955885300000205, 48.303592300000105], [39.95184990000007, 48.3034014000001], [39.9483798, 48.294491500000106], [39.9442487, 48.291876100000025], [39.9373346000001, 48.291928200000086], [39.935395100000164, 48.28422010000003], [39.9302639, 48.28303950000003], [39.93476030000022, 48.279150100000095], [39.928820200000075, 48.277355900000146], [39.92521090000008, 48.27152690000014], [39.915035399999965, 48.269628199999886], [39.91469620000015, 48.27186849999998], [39.9103043, 48.27152690000014], [39.91529680000008, 48.282295], [39.91227090000018, 48.28445270000009], [39.910368800000015, 48.29255600000016], [39.900552100000084, 48.30011290000016], [39.88809040000001, 48.30223530000006], [39.88760560000003, 48.308549300000095], [39.85247900000013, 48.308576800000026], [39.841160200000104, 48.31005349999998], [39.840756300000066, 48.32896220000009], [39.845132100000114, 48.3294639], [39.845318, 48.33285640000008], [39.8615202000002, 48.334541400000035], [39.87896480000012, 48.33408490000011], [39.91863370000016, 48.34163590000014], [39.91861350000005, 48.34713070000004], [39.93207410000002, 48.34906830000011], [39.94236120000011, 48.346165700000086], [39.94744989999998, 48.354704399999946], [39.94206780000002, 48.35479850000013], [39.9429884, 48.3560758000001], [39.941319100000044, 48.35654640000013], [39.944465399999956, 48.35768250000001], [39.934889, 48.36172640000012], [39.93229220000012, 48.3645634], [39.9367565, 48.36746830000004], [39.93557210000006, 48.372970100000146], [39.9421311000001, 48.3821208], [39.94151450000004, 48.38631960000015], [39.93761540000003, 48.38666520000015], [39.929150800000116, 48.37553650000001], [39.923955, 48.375225500000056], [39.9178786, 48.378735900000095], [39.9140481, 48.38687630000004], [39.90572010000017, 48.3903787000001], [39.90690240000009, 48.3924733], [39.91648170000008, 48.39444110000011], [39.918492800000195, 48.39890079999998], [39.91468050000009, 48.4013518000001], [39.90688390000014, 48.402821], [39.90556769999995, 48.4045089], [39.9113789000001, 48.413370800000166], [39.91171110000005, 48.41989260000014], [39.89622580000008, 48.42880490000016], [39.88893530000013, 48.44202660000008], [39.89137990000006, 48.44374319999997], [39.89596970000002, 48.4439923], [39.89758759999995, 48.44731440000004], [39.88968690000013, 48.44935820000006], [39.87474469999995, 48.457127300000025], [39.85877819999996, 48.4631356000001], [39.85277780000001, 48.46639040000014], [39.84644390000011, 48.47375240000014], [39.847208199999955, 48.50157490000004], [39.85257910000007, 48.503426300000115], [39.85660850000005, 48.501427700000136], [39.8615, 48.501789], [39.86648450000007, 48.504753200000096], [39.86727159999998, 48.50776040000005], [39.86187550000011, 48.52429790000002], [39.8551839000001, 48.53696940000009], [39.857231, 48.54451960000006], [39.8526973000001, 48.55379420000003], [39.85530940000001, 48.56088630000011], [39.85042650000014, 48.56789600000013], [39.84140530000013, 48.573019800000054], [39.82089130000014, 48.578606299999876], [39.82592839999995, 48.58272580000005], [39.823625400000196, 48.58653440000006], [39.81334919999995, 48.58393819999998], [39.807282500000156, 48.5843375], [39.79961850000018, 48.5900054], [39.791632, 48.59300849999994], [39.773455200000114, 48.59232090000006], [39.76917980000019, 48.58726180000002], [39.752417, 48.58199419999988], [39.75044080000015, 48.583228500000075], [39.75080409999998, 48.58839770000003], [39.747476500000175, 48.59056170000002], [39.736157300000116, 48.586005300000124], [39.72546150000011, 48.586564700000054], [39.721399, 48.5849166000001], [39.701890300000116, 48.58763790000006], [39.68788820000009, 48.58680180000016], [39.68299960000007, 48.59255070000012], [39.68038820000004, 48.59247550000009], [39.678553, 48.59002940000005], [39.67607410000011, 48.591355500000134], [39.67554330000007, 48.59409470000014], [39.68009050000006, 48.59584599999988], [39.67957860000001, 48.597637599999985], [39.67678110000003, 48.59817120000008], [39.671795500000144, 48.595485599999904], [39.669306400000096, 48.5961703000001], [39.668248, 48.60127610000012], [39.67130410000016, 48.60390180000013], [39.66179670000008, 48.60572580000007], [39.66064929999999, 48.60908560000007], [39.67024730000014, 48.623402400000145], [39.69378009999997, 48.6367222], [39.693933300000026, 48.642890900000054], [39.69131080000011, 48.64587260000002], [39.69373910000013, 48.64929470000004], [39.7026601, 48.65351750000002], [39.70534720000012, 48.656543], [39.71091760000007, 48.65513930000009], [39.70966929999997, 48.66214750000012], [39.711418899999956, 48.66720890000005], [39.703736800000115, 48.66673220000007], [39.70184480000006, 48.66951540000014], [39.71208380000007, 48.67465980000014], [39.71437640000005, 48.68029480000013], [39.723289000000136, 48.68386290000012], [39.71687910000003, 48.6897591], [39.7183688, 48.693204300000104], [39.715897, 48.69518449999998], [39.720234500000174, 48.69758290000004], [39.71839030000001, 48.702295700000036], [39.711935200000084, 48.700865], [39.705098300000145, 48.705995200000075], [39.70758310000019, 48.712050200000135], [39.71205050000003, 48.71203620000006], [39.712261400000216, 48.71551220000009], [39.70739480000009, 48.717203], [39.70430760000011, 48.7205075], [39.70615509999999, 48.72145490000008], [39.70920580000018, 48.72008330000011], [39.71005749999995, 48.72419500000012], [39.7157011000001, 48.72783960000004], [39.720721100000105, 48.72849850000006], [39.720573000000115, 48.7253852], [39.722944400000074, 48.72525280000008], [39.72666630000015, 48.72894110000004], [39.72283980000009, 48.73140489999997], [39.725196100000176, 48.74045790000014], [39.73124390000004, 48.741844400000105], [39.733696, 48.74517380000009], [39.73686310000005, 48.743265899999926], [39.739471900000126, 48.74365060000014], [39.73887210000021, 48.74748970000002], [39.733855700000106, 48.75260620000006], [39.73026330000005, 48.750887400000124], [39.73092710000009, 48.74834660000005], [39.726702700000146, 48.74987909999999], [39.7255512000001, 48.7523718], [39.73209200000019, 48.75506010000004], [39.730767, 48.75920739999998], [39.73578410000016, 48.7597818000001], [39.737876500000084, 48.76569760000001], [39.74540110000004, 48.7674427], [39.74373, 48.7702], [39.75095390000013, 48.77273460000015], [39.753329800000074, 48.77055], [39.74946209999996, 48.767151], [39.755077, 48.76812560000002], [39.76088020000003, 48.76386910000008], [39.76494, 48.76388290000017], [39.768274, 48.765838], [39.7683282000001, 48.76981319999999], [39.76379540000005, 48.771047100000146], [39.762991300000124, 48.77340869999995], [39.76665019999996, 48.77937440000011], [39.772117600000115, 48.78379500000011], [39.77909560000012, 48.785411], [39.7837078, 48.79169430000002], [39.78558740000011, 48.799895700000036], [39.7800297, 48.807213600000125], [39.78011379999998, 48.81212020000004], [39.787238799999955, 48.817834100000084], [39.785077, 48.82237670000006], [39.786268400000154, 48.82475160000013], [39.79223360000003, 48.82257920000012], [39.7975009000001, 48.82441930000016], [39.794381500000156, 48.82797850000014], [39.791634900000076, 48.828444300000115], [39.79164780000008, 48.8359079], [39.796057, 48.8375009], [39.8001048000001, 48.84260210000002], [39.80502670000021, 48.843604], [39.808284, 48.83993190000007], [39.80710140000008, 48.8386061], [39.82792270000016, 48.83112310000007], [39.829879, 48.833770700000116], [39.88672, 48.820840000000146], [39.94818, 48.79578], [39.96088, 48.79595], [39.97552830000012, 48.79303380000016], [40.08010679999995, 48.87013660000008], [40.07246, 48.8744], [40.05838000000011, 48.90409], [40.06096, 48.9089], [40.05587010000011, 48.9105656000001], [40.04821730000003, 48.910317], [40.04490419999996, 48.91247130000005], [40.04534, 48.91439], [40.03987550000011, 48.91487790000008], [40.036728, 48.91306380000003], [40.0351121, 48.9158883], [40.02923880000003, 48.91508270000014], [40.027271, 48.91310320000014], [40.02954000000011, 48.91199], [40.0256, 48.91199], [40.023710000000165, 48.90976], [40.01976, 48.90942], [40.02151990000016, 48.9059332], [40.0174727000001, 48.902175600000135], [40.00403010000008, 48.90128120000003], [39.993232100000114, 48.868206300000054], [39.962058, 48.87210570000008], [39.949210000000164, 48.87628], [39.94474000000014, 48.87955], [39.942, 48.88504], [39.924972, 48.89583580000016], [39.87617810000012, 48.89202560000001], [39.875427, 48.89314440000004], [39.87179, 48.89173], [39.85239, 48.89053], [39.84532510000008, 48.90291250000001], [39.84228510000008, 48.90095330000008], [39.83940480000001, 48.90312850000009], [39.83377580000001, 48.90073320000016], [39.836158599999976, 48.89501150000012], [39.832650000000115, 48.8881300000001], [39.826994, 48.88645980000007], [39.82492, 48.89208], [39.8182300000002, 48.89654000000013], [39.824410000000114, 48.90169], [39.823040000000105, 48.90427], [39.818800300000134, 48.905483], [39.8182300000002, 48.9077], [39.81565, 48.90787], [39.804586700000016, 48.914669300000014], [39.79807010000013, 48.914045700000145], [39.7971688, 48.910767500000134], [39.7943368, 48.91082850000004], [39.79288319999995, 48.9150707], [39.78220910000016, 48.91544520000008], [39.776504100000125, 48.920686100000125], [39.7739964000001, 48.9245140000001], [39.77892, 48.926410000000146], [39.77857000000017, 48.93087], [39.78184, 48.93465], [39.78115000000014, 48.93688], [39.77651, 48.93843], [39.7719727, 48.943295100000114], [39.77377, 48.94958], [39.7784276000001, 48.9518566000001], [39.770031400000164, 48.9530517], [39.76450870000008, 48.958127200000035], [39.76659960000006, 48.960748], [39.762878700000215, 48.96123070000016], [39.762990100000025, 48.962898399999915], [39.76060750000022, 48.96379410000014], [39.76401690000023, 48.96761230000004], [39.75702240000004, 48.967687400000045], [39.75679360000015, 48.97004770000012], [39.7604543, 48.971463700000015], [39.75855850000016, 48.9755187], [39.75214, 48.976190000000145], [39.74932560000008, 48.9779188], [39.74873620000011, 48.98204470000013], [39.75294700000018, 48.98594320000012], [39.74573170000008, 48.98688310000006], [39.73545850000005, 48.982318], [39.7300912, 48.97654790000007], [39.72648179999999, 48.97571460000006], [39.724248899999964, 48.97971550000017], [39.72175080000022, 48.979394600000035], [39.71678, 48.98237], [39.7166000000002, 48.98666], [39.71129910000002, 48.9918806], [39.707712700000116, 48.99272070000006], [39.70832370000005, 48.99503570000013], [39.70389090000009, 48.9992484], [39.69914170000004, 49.00088600000015], [39.6931072000001, 48.99934940000003], [39.692142800000056, 48.996902], [39.67833630000007, 48.989086100000065], [39.66369959999997, 49.000885], [39.6739783000001, 49.005564600000014], [39.678131399999984, 49.013400100000126], [39.6739795000002, 49.0144146], [39.67282600000016, 49.01668410000008], [39.677050500000064, 49.0221176], [39.67714369999999, 49.02706940000013], [39.682833800000026, 49.02997970000001], [39.680758100000105, 49.0333498], [39.68509250000022, 49.033926599999916], [39.68176, 49.03799], [39.67867, 49.03644], [39.672392000000116, 49.04040150000009], [39.69315710000012, 49.05047950000011], [39.74156950000008, 49.0420128], [39.76637060000013, 49.040058100000124], [39.77656210000015, 49.0436358], [39.80520170000011, 49.0599049], [39.81124190000003, 49.06038620000004], [39.81725620000009, 49.058037900000045], [39.880220500000064, 49.064336], [39.910065799999984, 49.05743100000012], [39.93805, 49.056399800000065], [39.94234000000017, 49.07146], [39.93831190000009, 49.08304229999999], [39.95879379999997, 49.10569450000003], [39.97152000000011, 49.12382000000014], [40.031113, 49.17975920000009], [40.07737020000002, 49.18698710000001], [40.0935212, 49.202979], [40.10875329999999, 49.21169390000006], [40.12304830000005, 49.230842100000075], [40.1372536, 49.23983850000013], [40.1767387000001, 49.237367400000096], [40.18780580000009, 49.23844150000002], [40.20807220000006, 49.242019600000106], [40.221282, 49.24989920000013], [40.22758010000018, 49.26052930000003], [40.18593010000018, 49.281223100000034], [40.183549700000015, 49.29902570000007], [40.18579480000017, 49.303654700000095], [40.18408260000007, 49.30453110000013], [40.18760370000007, 49.30893380000009], [40.195029000000204, 49.33617240000012], [40.194611, 49.34647210000003], [40.18131050000022, 49.35202429999987], [40.17553469999996, 49.35636770000008], [40.16894310000009, 49.356652199999985], [40.158669, 49.36689530000001], [40.160920799999985, 49.36643509999993], [40.16226340000003, 49.368070200000034], [40.158268200000066, 49.371363], [40.155749, 49.37067530000013], [40.15414350000003, 49.371461299999964], [40.15575980000017, 49.3725546], [40.14332710000019, 49.37837830000012], [40.11439380000007, 49.38571250000018], [40.078257600000086, 49.40989280000014], [40.05862570000022, 49.436630100000116], [40.04752, 49.44510980000007], [40.0293438, 49.453605], [40.04190000000011, 49.49856], [40.03761, 49.51658], [40.03920480000022, 49.520717900000136], [40.16962, 49.56877000000014], [40.13941000000011, 49.59589000000017], [40.13539170000013, 49.61710210000001], [40.064960200000144, 49.598967900000105], [40.05761340000015, 49.606937100000096], [39.95212, 49.59709000000015], [39.93461, 49.5734], [39.89118, 49.558300000000145], [39.86853000000019, 49.55967], [39.83969000000013, 49.56379], [39.80604, 49.557950000000176], [39.77669, 49.57735], [39.750250000000165, 49.59743], [39.714337500000056, 49.606326900000056], [39.697032400000126, 49.60479810000004], [39.68690730000014, 49.61183030000012], [39.6603, 49.61494], [39.6579, 49.61666], [39.63884, 49.63451], [39.61378, 49.69065000000012], [39.59129, 49.71828000000011], [39.61052, 49.73373000000015], [39.54494, 49.739050000000134], [39.47868, 49.75656000000015], [39.44366, 49.76], [39.43371000000013, 49.75931000000014], [39.41431, 49.75382], [39.37878, 49.73854], [39.35783000000015, 49.74111], [39.30857, 49.75279000000012], [39.28522, 49.75536000000017], [39.27355000000023, 49.76824], [39.26514, 49.76789], [39.25089, 49.77648], [39.23784, 49.79879], [39.227710000000116, 49.80738], [39.23046000000011, 49.81098], [39.22823000000017, 49.81596], [39.22668000000016, 49.83982], [39.20214, 49.87003], [39.1954530000001, 49.873309], [39.188823799999966, 49.885021700000095], [39.17994250000004, 49.88880210000008], [39.130675, 49.86163490000007], [39.11054759999996, 49.83790940000006], [39.07070880000009, 49.8193293], [39.06684010000009, 49.8156292000001], [39.0485, 49.81836], [39.03223770000005, 49.82272660000007], [39.0220298000001, 49.82160270000014], [38.9853812, 49.80829310000007], [38.971086699999944, 49.80710770000002], [38.949110900000164, 49.796014], [38.938947, 49.800818000000106], [38.930157900000154, 49.79697369999997], [38.92672020000009, 49.800846699999965], [38.927591900000095, 49.80428740000008], [38.92060019999997, 49.80493760000007], [38.91593440000008, 49.8124863000001], [38.9183197000001, 49.81469740000006], [38.90946870000016, 49.81964880000015], [38.90671, 49.8278], [38.913422400000115, 49.82966180000011], [38.91387110000011, 49.83217800000011], [38.910841900000094, 49.83455939999999], [38.91362570000007, 49.836484200000086], [38.91208329999995, 49.84400010000002], [38.90649739999998, 49.84511240000006], [38.90452520000008, 49.849190799999974], [38.9103173000002, 49.85187390000016], [38.91156340000009, 49.856134], [38.91585170000019, 49.85590890000003], [38.91842440000005, 49.858593800000165], [38.9164614, 49.859889500000065], [38.911017300000026, 49.859105800000066], [38.90827120000006, 49.86007840000008], [38.90120939999997, 49.86934650000006], [38.896431, 49.87055860000015], [38.88744830000019, 49.86906770000007], [38.879005100000086, 49.86968110000004], [38.871955200000116, 49.865314400000045], [38.87040990000014, 49.8669092], [38.86324110000015, 49.86592110000015], [38.856624600000146, 49.86889489999999], [38.8516, 49.864710000000116], [38.8478300000001, 49.86437], [38.84706330000006, 49.8671994], [38.84165, 49.86557], [38.83598, 49.86832], [38.830790400000126, 49.875459700000135], [38.82398340000003, 49.87843430000004], [38.795624800000155, 49.88336350000003], [38.7909714000001, 49.878372700000114], [38.78120540000009, 49.88226100000014], [38.768767200000184, 49.89610049999999], [38.744750200000226, 49.89737579999996], [38.7338400000001, 49.90539], [38.72405949999995, 49.92708340000007], [38.6939731, 49.93492620000006], [38.68604610000011, 49.96223910000009], [38.71067, 49.98024], [38.71805000000012, 49.983500000000106], [38.7093, 49.99123], [38.70312, 49.99294], [38.70243, 49.99672], [38.68698, 50.00770000000011], [38.68011000000013, 50.00616], [38.67788000000019, 49.998780000000124], [38.67977, 49.97406], [38.66741, 49.97234], [38.6475, 49.95586], [38.63068, 49.96633000000014], [38.61150280000004, 49.975600000000156], [38.5826100000001, 49.97749], [38.56665, 49.97097], [38.52733000000012, 49.95861], [38.50983, 49.96324], [38.4887100000002, 49.96324], [38.482700000000136, 49.97045], [38.48322, 49.97715000000011], [38.478580000000136, 49.98316], [38.46502, 49.98299], [38.46931000000012, 49.99534], [38.43412000000012, 50.001350000000116], [38.41629540000008, 49.9817738000001], [38.39739069999996, 49.991704800000036], [38.350534599999946, 50.00691089999998], [38.35379350000011, 50.01895150000007], [38.3512338000001, 50.035751700000105], [38.33302200000014, 50.05949480000015], [38.32959159999996, 50.08540390000002], [38.31417880000015, 50.08818880000001], [38.3017552, 50.087090900000135], [38.291555, 50.079710900000066], [38.27578970000013, 50.07347650000008], [38.252524900000026, 50.072758599999986], [38.17823010000012, 50.0799958], [38.18476990000016, 50.05571619999995], [38.1834997000002, 50.04629220000004], [38.18727, 50.04076759999998], [38.188900100000126, 50.02367609999999], [38.18623000000014, 50.0228196], [38.19763859999995, 50.006552399999975], [38.20484550000015, 50.00106920000002], [38.20493460000006, 49.997045400000104], [38.21654250000017, 49.98745870000005], [38.2169139, 49.98306739999998], [38.22184790000006, 49.979137600000115], [38.19557529999997, 49.96933750000011], [38.19768240000002, 49.96211090000014], [38.16219980000017, 49.95125150000007], [38.1710164000001, 49.94190110000005], [38.13217, 49.92462], [38.1245543, 49.94238820000004], [38.05592330000013, 49.923187], [38.0457543, 49.91533530000004], [38.032974, 49.900150600000075], [38.02237450000018, 49.909474200000034], [38.023419399999966, 49.91605670000007], [38.021149, 49.91860639999999], [38.02369130000011, 49.919626000000164], [38.02093, 49.925750700000094], [38.043719800000076, 49.9329439], [38.00470919999998, 49.967424800000174], [37.998726300000044, 49.96360680000009], [37.9805614, 49.9766803], [37.96457880000014, 49.97892480000007], [37.92652, 50.0338], [37.89253, 50.05096], [37.86386, 50.05422], [37.85099, 50.05834], [37.824900000000184, 50.06847], [37.79692000000023, 50.08409], [37.75486, 50.07843], [37.743360000000166, 50.09439], [37.72636, 50.10727], [37.7074803000001, 50.127870700000074], [37.71006, 50.1337], [37.70164, 50.13439], [37.69083, 50.14246], [37.66851000000014, 50.152760000000114], [37.664560000000165, 50.15877], [37.655120000000124, 50.16563], [37.65238000000011, 50.17044], [37.64671, 50.17422], [37.64379, 50.174040000000105], [37.6407, 50.175930000000164], [37.63899, 50.17988000000014], [37.64345, 50.19087000000013], [37.62680000000012, 50.204430000000116], [37.61495, 50.21644000000015], [37.614440000000116, 50.22005], [37.62731, 50.240820000000156], [37.62577, 50.24511], [37.62749000000019, 50.26262000000014], [37.62646, 50.29335], [37.63813, 50.30279], [37.63555, 50.31137], [37.63006, 50.31378000000012], [37.608770000000106, 50.31652000000014], [37.59453, 50.31618], [37.58577, 50.31412], [37.57702, 50.30657], [37.55573, 50.32974], [37.52142590000017, 50.33651070000002], [37.50818, 50.34708], [37.505090000000166, 50.3524], [37.48466, 50.35652], [37.47196, 50.369220000000155], [37.46612, 50.38038], [37.466392000000155, 50.40557780000012], [37.46292670000014, 50.42274240000012], [37.4651138000001, 50.43094950000011], [37.4778933, 50.431226600000116], [37.48470430000009, 50.43469240000002], [37.48449000000011, 50.44493000000011], [37.49102, 50.45746000000014], [37.47688960000005, 50.45943940000012], [37.46888719999998, 50.45361929999996], [37.43159010000011, 50.443445199999985], [37.4212579, 50.43485240000007], [37.412695100000064, 50.43327979999998], [37.39671770000007, 50.431199700000036], [37.37756690000003, 50.43263070000012], [37.35210980000011, 50.43749240000005], [37.332996100000116, 50.43701080000017], [37.32727200000011, 50.43547619999998], [37.319430000000125, 50.43286250000011], [37.309306100000015, 50.42585080000009], [37.29934609999998, 50.40594080000017], [37.29248610000013, 50.401300800000115], [37.263921200000084, 50.3940561], [37.2575847, 50.391064300000096], [37.25603550000011, 50.39253770000016], [37.22178040000017, 50.3792883000001], [37.2229928000001, 50.37806230000007], [37.21515860000011, 50.3749216999999], [37.18167050000005, 50.36305870000001], [37.15297859999998, 50.35646410000004], [37.147569100000055, 50.35647640000002], [37.13835020000022, 50.36112910000003], [37.10258520000008, 50.35731970000012], [37.10545480000002, 50.35332560000006], [37.10532110000014, 50.35185070000006], [37.10234480000008, 50.351258500000085], [37.07080070000012, 50.34665730000006], [37.059255399999984, 50.34724180000012], [37.044529300000136, 50.3449561], [37.03753410000007, 50.348753100000124], [36.93761050000006, 50.350456399999985], [36.9160773000001, 50.34666220000014], [36.88664340000008, 50.33794470000004], [36.8829412, 50.339058499999965], [36.882040900000106, 50.33756580000011], [36.870278300000166, 50.33772820000007], [36.869941300000164, 50.3359671], [36.85226, 50.32768], [36.83287, 50.31309], [36.8096900000001, 50.31155], [36.80008, 50.30605], [36.76781, 50.30159], [36.76403000000016, 50.29163], [36.77158, 50.289400000000114], [36.7551, 50.29043], [36.74841, 50.28786], [36.75115, 50.28253000000012], [36.74892000000011, 50.280130000000156], [36.74446, 50.28047], [36.74480000000011, 50.28202], [36.739830000000154, 50.28305], [36.72867, 50.27738], [36.71957, 50.27738], [36.70566, 50.26897000000014], [36.7041200000001, 50.26451], [36.70069, 50.26399], [36.69296, 50.269140000000164], [36.68404, 50.25215], [36.67992, 50.238070000000164], [36.66429, 50.22194000000013], [36.64867, 50.217650000000106], [36.63975000000016, 50.22228], [36.61846, 50.22743000000014], [36.6152, 50.227260000000115], [36.61348, 50.224], [36.59683, 50.22932], [36.598890000000154, 50.23069], [36.58413, 50.23636], [36.5604400000002, 50.250610000000165], [36.56919000000016, 50.2573], [36.577950000000214, 50.25850000000014], [36.57537, 50.26022], [36.580520000000206, 50.26228], [36.57417, 50.27447], [36.59380190000013, 50.27536429999998], [36.5937181000001, 50.27793490000005], [36.59031, 50.27927], [36.58499, 50.285800000000165], [36.56181, 50.28494], [36.55632, 50.28133000000014], [36.53572, 50.28374], [36.5237, 50.28648], [36.52285, 50.28906], [36.52611000000013, 50.293520000000115], [36.51083000000011, 50.29541], [36.5019, 50.29867], [36.49641, 50.30348], [36.49521000000016, 50.30279], [36.48937000000012, 50.30622], [36.48783, 50.311200000000156], [36.473410000000115, 50.31309], [36.43993, 50.311200000000156], [36.43341, 50.33077], [36.42414, 50.32802], [36.406800000000146, 50.31034], [36.40011, 50.307080000000155], [36.37384, 50.2997], [36.37934, 50.29301], [36.36303000000021, 50.28751], [36.29574, 50.29163], [36.29866, 50.29901000000018], [36.28561, 50.29867], [36.28458, 50.30502], [36.27617, 50.316350000000114], [36.27994, 50.32287], [36.27342, 50.323220000000106], [36.28372000000013, 50.33558000000011], [36.255416000000196, 50.35539], [36.24252, 50.35789], [36.23342, 50.36373], [36.23085, 50.3718], [36.22124, 50.37781], [36.210760000000164, 50.386730000000114], [36.20579, 50.39411], [36.19326000000012, 50.40356], [36.1845, 50.4063], [36.17763, 50.40167], [36.170770000000175, 50.40888], [36.160640000000114, 50.43154], [36.137810000000115, 50.43772], [36.11549, 50.43875], [36.092830000000106, 50.44493000000011], [36.08665000000019, 50.44836], [36.06966, 50.44630000000012], [36.06794, 50.45076], [36.03927, 50.44956], [36.03361, 50.44716], [36.01902, 50.44510000000014], [36.00357, 50.445270000000164], [35.998420000000124, 50.44304], [35.9749, 50.44063000000011], [35.97253450000011, 50.43753420000013], [35.967662800000085, 50.4354474000001], [35.96132310000007, 50.43561040000009], [35.955854500000214, 50.4337445000001], [35.95084510000015, 50.434957899999915], [35.938233699999955, 50.433694700000046], [35.936992100000225, 50.43109910000004], [35.9328900000001, 50.430598299999986], [35.92124030000008, 50.43695830000007], [35.91177779999998, 50.43433570000013], [35.906346200000144, 50.43797089999998], [35.88976, 50.43857], [35.87242, 50.42244], [35.8556, 50.42913], [35.8353400000002, 50.424670000000106], [35.83174, 50.43377], [35.79431, 50.41386000000011], [35.79861000000017, 50.41111000000012], [35.80686479999997, 50.41093029999996], [35.80702000000019, 50.4051], [35.80204, 50.39738], [35.79277000000013, 50.38982], [35.75662390000002, 50.368397400000106], [35.73818, 50.35446000000013], [35.67280330000011, 50.35504110000005], [35.658001600000034, 50.351148300000034], [35.628301700000065, 50.35443730000003], [35.62622340000007, 50.3520279], [35.601441100000045, 50.367315], [35.61192290000008, 50.37463250000013], [35.5975, 50.38309960000015], [35.594003700000144, 50.39298439999999], [35.58424670000005, 50.39266150000009], [35.58358150000004, 50.430102900000065], [35.58710310000009, 50.43121210000015], [35.58583080000017, 50.448799100000144], [35.57924250000008, 50.45276350000006], [35.569701, 50.464366199999915], [35.56184069999995, 50.458822899999916], [35.5618991, 50.45637520000008], [35.56778930000007, 50.45803020000005], [35.571498, 50.457713200000114], [35.57155050000006, 50.4561852], [35.56831130000012, 50.45543960000015], [35.569526700000154, 50.454771700000094], [35.56374760000017, 50.451082700000086], [35.5586158000001, 50.454379500000016], [35.5550532000002, 50.45384810000007], [35.552764, 50.458225], [35.54878779999996, 50.456985], [35.53727650000019, 50.459630200000106], [35.53829740000009, 50.460924700000135], [35.533125200000086, 50.46539739999997], [35.509925800000076, 50.47561990000008], [35.50167550000009, 50.48145160000013], [35.47641880000009, 50.48853250000002], [35.463020500000084, 50.50464489999996], [35.45932810000011, 50.50431690000005], [35.45676720000017, 50.50645550000007], [35.459401, 50.508690100000024], [35.45795410000011, 50.5130031], [35.44543620000002, 50.52308130000006], [35.44460290000018, 50.529271100000074], [35.43604949999997, 50.53007220000012], [35.43495400000012, 50.53581450000007], [35.4391275000001, 50.54047940000004], [35.43888119999997, 50.544342200000074], [35.42791080000018, 50.562149], [35.39034610000016, 50.579985800000145], [35.4001952000001, 50.590197], [35.421182199999976, 50.599605900000086], [35.42565, 50.603176], [35.41883729999995, 50.6088236], [35.421038, 50.615548500000045], [35.41595510000002, 50.615595700000085], [35.41282720000004, 50.6134073], [35.402303300000085, 50.631902400000115], [35.39198040000019, 50.642], [35.39291620000017, 50.6499991], [35.40054, 50.65635020000002], [35.42726310000006, 50.6550487], [35.46271060000004, 50.666297100000065], [35.48573410000006, 50.655864100000144], [35.488877100000025, 50.65855510000006], [35.487150499999984, 50.670653700000116], [35.49618090000007, 50.678791500000045], [35.48050480000012, 50.68147370000008], [35.4720294, 50.68046670000007], [35.463888200000156, 50.684301100000084], [35.4592983, 50.68908850000008], [35.46335060000007, 50.69395930000002], [35.46093090000022, 50.696737000000155], [35.4615022000001, 50.70300060000005], [35.459763200000054, 50.704735300000095], [35.4670933000001, 50.710457], [35.46742660000001, 50.71660950000006], [35.47315390000011, 50.725539], [35.46387670000007, 50.734965], [35.47174490000003, 50.737133100000165], [35.473627900000054, 50.74043040000015], [35.469599500000186, 50.74415470000008], [35.46974110000002, 50.746724500000084], [35.4760629000001, 50.75189620000003], [35.473484100000064, 50.75514920000012], [35.4887132, 50.77680379999998], [35.47464840000015, 50.7846123], [35.4546637000002, 50.782011], [35.449666900000125, 50.78295550000007], [35.4331623, 50.794187900000054], [35.41496140000004, 50.7990289], [35.411406200000044, 50.802563], [35.41035060000013, 50.80781159999998], [35.41957409999998, 50.82736069999993], [35.41911770000007, 50.843828], [35.40604790000009, 50.862681900000155], [35.4019012, 50.864875200000085], [35.395105899999976, 50.86470459999998], [35.38519579999996, 50.86758310000016], [35.38231449999995, 50.870043300000134], [35.387613800000054, 50.874956800000064], [35.40200570000013, 50.8795073], [35.387752399999954, 50.88610220000015], [35.3798869000002, 50.89564260000009], [35.403316, 50.902569700000015], [35.39674750000012, 50.906633100000136], [35.396686800000055, 50.90885220000007], [35.40223260000005, 50.910404], [35.400608499999976, 50.9145904], [35.3924767000002, 50.9195305], [35.392764800000066, 50.92442450000016], [35.373566400000186, 50.9233752], [35.366791300000045, 50.92561630000017], [35.37259680000005, 50.93241880000005], [35.354922200000146, 50.93106130000001], [35.35444959999995, 50.93211620000005], [35.34516380000008, 50.93292800000012], [35.3437844, 50.93544910000014], [35.33317219999998, 50.93462550000004], [35.32568640000005, 50.94675180000007], [35.32930620000002, 50.9478651], [35.3298191, 50.9520387], [35.33558650000009, 50.95608720000013], [35.33629430000002, 50.9632924], [35.3421571, 50.96366], [35.3432004, 50.967479300000036], [35.35209280000015, 50.973302200000035], [35.342641200000116, 50.987901100000045], [35.331078599999955, 50.99264340000002], [35.32933280000009, 50.9964207000001], [35.338630100000046, 50.998449], [35.33135540000012, 51.00237750000002], [35.32897060000016, 51.0086417], [35.32303639999998, 51.013823500000115], [35.329885700000204, 51.01089250000007], [35.35751779999998, 51.00563550000015], [35.36824570000016, 51.00891720000004], [35.37448519999998, 51.009159], [35.37516790000018, 51.01165539999994], [35.38251290000005, 51.01286720000002], [35.38393740000015, 51.020063100000016], [35.39406710000003, 51.02014950000006], [35.3940338000001, 51.023306000000105], [35.40403730000003, 51.023132800000155], [35.40947700000015, 51.02662290000006], [35.407892500000116, 51.0291254], [35.40362540000001, 51.02896720000007], [35.40280370000005, 51.0316193000001], [35.4000602000001, 51.031572900000015], [35.4003917, 51.033796500000165], [35.40359600000011, 51.03546410000007], [35.40348860000006, 51.03908480000001], [35.409780600000204, 51.03903660000009], [35.407939, 51.043137500000114], [35.4048426, 51.043678900000145], [35.4062444, 51.047669100000064], [35.395250900000065, 51.054890700000044], [35.38694010000006, 51.05337800000012], [35.37530620000007, 51.06695730000013], [35.37297940000013, 51.065843300000154], [35.361283800000024, 51.06680050000011], [35.34960090000004, 51.06222240000005], [35.3274411000001, 51.0706474000001], [35.32600080000009, 51.074198], [35.32923870000013, 51.08085740000001], [35.321959700000036, 51.08161480000001], [35.320798700000125, 51.087225200000034], [35.314502200000106, 51.0869727000001], [35.31195680000019, 51.081194], [35.31084040000019, 51.08195140000015], [35.310030300000165, 51.07967790000015], [35.30421039999999, 51.07834670000011], [35.304276, 51.07405360000001], [35.30131140000009, 51.07341910000008], [35.301126500000066, 51.071793600000035], [35.298171500000194, 51.072139], [35.297237200000154, 51.069943800000146], [35.28843919999997, 51.06927560000008], [35.28673930000002, 51.067352], [35.2817109, 51.06750940000012], [35.276957900000184, 51.06402350000002], [35.27525739999999, 51.066377700000146], [35.27383400000019, 51.06492680000014], [35.27636500000017, 51.062642], [35.27606320000007, 51.05909020000007], [35.273073000000124, 51.059452299999975], [35.27359420000005, 51.0581246000001], [35.26687310000011, 51.057952200000045], [35.2649434, 51.059711500000105], [35.265910800000086, 51.06300020000009], [35.2578213000001, 51.058729800000094], [35.25774519999999, 51.06148210000009], [35.254219200000136, 51.06144830000011], [35.24964520000003, 51.064263900000014], [35.22689470000006, 51.05470880000007], [35.22613370000016, 51.052468200000135], [35.22259320000012, 51.05239840000007], [35.2220344000001, 51.0505324], [35.21189260000011, 51.04619539999999], [35.199704100000076, 51.05298630000004], [35.19676170000014, 51.050389], [35.189809900000114, 51.054158], [35.189610100000095, 51.05683920000013], [35.18317050000019, 51.06192140000002], [35.1772638, 51.070114800000056], [35.165630400000055, 51.07742430000002], [35.16606260000009, 51.08050159999988], [35.16325109999997, 51.0835558], [35.158679100000086, 51.0808184], [35.1577427000002, 51.0819724000001], [35.154141, 51.080682700000125], [35.148198300000104, 51.082447500000114], [35.156381700000054, 51.0907102000001], [35.17373010000017, 51.0875385], [35.17692839999995, 51.09844540000006], [35.1700228000002, 51.103231500000106], [35.16854320000016, 51.10077780000012], [35.16468469999995, 51.10100480000011], [35.163007700000094, 51.1094379000001], [35.168252400000085, 51.11925850000017], [35.17471260000008, 51.12149390000002], [35.16701009999997, 51.12643220000007], [35.14135669999996, 51.133847600000024], [35.14372679999997, 51.13682200000011], [35.141864600000076, 51.141548800000066], [35.13569930000011, 51.14517840000002], [35.137151, 51.14596419999998], [35.134765, 51.1490662], [35.13942540000005, 51.15010969999997], [35.14043, 51.15219890000003], [35.12549590000003, 51.16091380000006], [35.12340990000007, 51.16524930000014], [35.13413110000022, 51.17097430000007], [35.130829700000106, 51.17382], [35.13027550000004, 51.19446290000002], [35.14301200000017, 51.203226700000016], [35.14243770000007, 51.20739150000003], [35.13800740000016, 51.20935920000011], [35.13948190000008, 51.21752620000012], [35.150590799999975, 51.22094570000007], [35.15048100000013, 51.22343319999999], [35.11997180000003, 51.23097260000014], [35.11732380000012, 51.2294328000001], [35.10554760000008, 51.23261960000002], [35.084728000000155, 51.22990660000005], [35.075830300000064, 51.23207060000004], [35.0663239000001, 51.22904790000007], [35.061459799999966, 51.22217410000013], [35.062137100000086, 51.215566799999976], [35.03977480000003, 51.20442730000008], [35.03785380000011, 51.21775740000004], [35.0230102000001, 51.22100570000009], [35.01050810000004, 51.23144850000011], [35.00533630000007, 51.23195880000003], [34.99468520000005, 51.22854000000012], [34.982276300000024, 51.23094690000016], [34.979443499999945, 51.23505380000012], [34.95125790000003, 51.226600200000064], [34.95121930000005, 51.218972800000074], [34.94484, 51.218876], [34.93919540000013, 51.2165028], [34.93854010000007, 51.21001110000003], [34.93468830000006, 51.20729030000001], [34.90778110000008, 51.2048666], [34.90443620000008, 51.20304020000003], [34.904702100000065, 51.198654400000066], [34.89695640000008, 51.193130100000076], [34.88350820000005, 51.19570060000012], [34.87619110000003, 51.19097880000004], [34.87230409999995, 51.192022800000075], [34.862510199999974, 51.19917470000013], [34.83464769999995, 51.1831456000001], [34.83557220000006, 51.17442410000007], [34.817314, 51.16891090000007], [34.81412980000016, 51.17118220000003], [34.80890070000021, 51.172116300000084], [34.808006, 51.17669280000001], [34.8007884000001, 51.17473039999999], [34.78462970000004, 51.18467160000006], [34.77915400000012, 51.17774760000003], [34.77251260000003, 51.17462790000002], [34.75952860000007, 51.17725020000012], [34.75418490000004, 51.18054150000012], [34.73650280000004, 51.17945210000005], [34.72272340000018, 51.18778050000009], [34.70632490000014, 51.175285200000076], [34.68826490000009, 51.18124140000015], [34.66782400000011, 51.198158900000124], [34.661654100000135, 51.24747790000015], [34.655239200000096, 51.24735990000016], [34.629849899999954, 51.25165490000006], [34.61015210000011, 51.25110760000007], [34.60383609999997, 51.25462410000006], [34.59977290000006, 51.251792100000046], [34.601498900000024, 51.2465254], [34.598661800000116, 51.24677490000005], [34.58022820000008, 51.23347390000015], [34.5408248, 51.25244720000006], [34.52331410000011, 51.25271520000007], [34.5130074, 51.242003300000135], [34.488304300000095, 51.2440628], [34.4573008000001, 51.2541084], [34.45265880000005, 51.259422800000095], [34.445792100000176, 51.26247640000014], [34.4417391, 51.26212950000007], [34.43273390000013, 51.26532410000004], [34.43124480000017, 51.26745370000003], [34.425804100000164, 51.268043499999976], [34.414541, 51.26615], [34.400760599999956, 51.27107330000001], [34.383667700000046, 51.27401], [34.33091690000009, 51.23985760000005], [34.30679650000013, 51.23817760000014], [34.2836142000001, 51.24950200000012], [34.27299670000002, 51.25194490000007], [34.244162600000095, 51.2633204], [34.230791200000226, 51.26540689999996], [34.23436019999997, 51.26955110000006], [34.231131800000185, 51.27119290000019], [34.2317842, 51.27296720000004], [34.24545750000016, 51.27618669999998], [34.25182500000011, 51.2752059], [34.25515860000007, 51.28192220000011], [34.243326900000056, 51.28454820000013], [34.237658099999976, 51.29233100000016], [34.24474239999995, 51.29404620000014], [34.244971400000054, 51.29604450000011], [34.249909100000025, 51.296864800000094], [34.249839700000166, 51.298991700000045], [34.2546741000001, 51.29899080000013], [34.25871640000008, 51.30236910000008], [34.266625100000056, 51.29872870000014], [34.27282630000013, 51.3145455], [34.28246870000004, 51.31087290000005], [34.280874200000085, 51.31799840000008], [34.28206009999997, 51.3200255000001], [34.2887836000001, 51.322330000000136], [34.281227, 51.334746], [34.2879175, 51.33904850000005], [34.29956410000017, 51.334623299999976], [34.30464220000022, 51.3366845], [34.30812730000008, 51.33593660000014], [34.31133840000001, 51.33102340000005], [34.31680460000007, 51.33094790000001], [34.31300710000011, 51.3356940000001], [34.31936300000018, 51.3379589000001], [34.31611450000014, 51.3426225], [34.33365860000009, 51.35144680000002], [34.338553300000115, 51.35553370000014], [34.338204099999984, 51.35886169999998], [34.33108840000011, 51.36177670000012], [34.33601879999998, 51.3633243000001], [34.33670070000011, 51.365574600000116], [34.33082380000002, 51.36829500000016], [34.32641759999996, 51.3680273], [34.30705630000011, 51.3734503], [34.305695100000094, 51.3790727], [34.3013075, 51.3777718], [34.301667900000155, 51.37481790000004], [34.298335, 51.37374410000001], [34.285411899999986, 51.37467560000016], [34.29250079999997, 51.38804090000002], [34.281119600000125, 51.38989780000003], [34.27803320000004, 51.38613150000015], [34.27305790000014, 51.38720480000012], [34.27209810000011, 51.382706100000064], [34.261762600000054, 51.390262200000166], [34.2588763, 51.395467300000064], [34.250904000000105, 51.3988526], [34.24935660000017, 51.40135780000003], [34.245792800000174, 51.40217030000008], [34.23706519999996, 51.39927190000009], [34.22808690000011, 51.3996135000001], [34.226633200000094, 51.409398500000066], [34.22077980000006, 51.417153400000075], [34.227168800000186, 51.42151940000002], [34.22238820000007, 51.428758500000185], [34.246198900000195, 51.431505700000116], [34.245302800000104, 51.43659440000016], [34.25527850000003, 51.439698500000134], [34.25479070000017, 51.443867800000135], [34.24626190000009, 51.45080150000007], [34.24473320000004, 51.456455800000015], [34.25746870000006, 51.460651700000085], [34.258846000000176, 51.466515100000095], [34.26504370000015, 51.4697086], [34.26378480000005, 51.47066240000004], [34.281527200000085, 51.473482000000104], [34.295988400000056, 51.48182860000003], [34.291152600000146, 51.4867726], [34.2977686000001, 51.49196510000013], [34.28960820000009, 51.509602700000016], [34.296808500000225, 51.51163580000002], [34.30376150000018, 51.51128230000006], [34.30840749999999, 51.5139683000001], [34.30840749999999, 51.5192], [34.30388280000011, 51.522087800000065], [34.29630929999996, 51.52359910000007], [34.29516939999996, 51.53280010000003], [34.285214200000155, 51.53270480000015], [34.28467820000003, 51.53499140000014], [34.259866800000054, 51.5332765], [34.259053700000095, 51.548303100000055], [34.255748400000016, 51.54817250000008], [34.250263800000084, 51.55462660000012], [34.2572106, 51.55957070000011], [34.24406850000014, 51.57027580000016], [34.249029, 51.5763123000001], [34.23745230000003, 51.58481130000007], [34.22436690000018, 51.576298399999985], [34.21629060000021, 51.574344200000155], [34.21512070000006, 51.5891474], [34.21260240000004, 51.58990540000002], [34.21099720000012, 51.6003758], [34.18233420000013, 51.59676490000004], [34.17973650000016, 51.62442620000007], [34.167259700000045, 51.645658200000014], [34.15284010000016, 51.64265730000005], [34.144732000000204, 51.64247], [34.141868500000044, 51.64380160000002], [34.13022820000009, 51.643006500000126], [34.13034230000011, 51.648556], [34.11208490000007, 51.64901930000008], [34.10580740000012, 51.65699250000006], [34.1053770000002, 51.666774800000155], [34.09275810000008, 51.661532199999954], [34.0871896000001, 51.66233210000007], [34.08076550000004, 51.66569980000003], [34.08905430000004, 51.67118140000008], [34.096839300000056, 51.671721000000105], [34.098435500000164, 51.67624519999998], [34.102350200000046, 51.67829640000008], [34.1123171000001, 51.67982080000007], [34.11524250000008, 51.68458950000013], [34.121849400000144, 51.6840899], [34.12173619999999, 51.68553130000004], [34.12567359999997, 51.68417080000012], [34.127701, 51.68911990000015], [34.13868300000013, 51.688782800000126], [34.142312300000185, 51.69061320000009], [34.14654150000001, 51.68735270000013], [34.15422170000005, 51.690009], [34.159134400000084, 51.685957600000165], [34.16364290000013, 51.6885506000001], [34.18512890000011, 51.69308769999998], [34.19106480000005, 51.69753680000008], [34.19288960000006, 51.696409], [34.1961761, 51.6969706000001], [34.19880820000003, 51.694308900000124], [34.20499500000017, 51.69383990000006], [34.213067499999966, 51.70287410000009], [34.220608900000116, 51.70290510000012], [34.2339124, 51.6968480000001], [34.250964000000124, 51.70236580000011], [34.26202790000002, 51.70129910000014], [34.265138, 51.703508100000136], [34.27313960000015, 51.70339209999992], [34.27967590000003, 51.70565370000003], [34.290214700000035, 51.704950100000076], [34.296708200000126, 51.707552], [34.303211799999985, 51.71607540000008], [34.3094486, 51.720234700000105], [34.321358100000225, 51.71570050000014], [34.338581500000146, 51.71381780000013], [34.34879890000013, 51.71504690000006], [34.354070800000045, 51.713160100000096], [34.36500430000001, 51.712627300000065], [34.39115500000014, 51.71796690000008], [34.40077750000012, 51.7152115], [34.40131830000013, 51.717277], [34.40815280000004, 51.71800150000007], [34.40815280000004, 51.72000590000005], [34.411488599999984, 51.720186700000056], [34.41421390000005, 51.72225010000005], [34.4213941000001, 51.72205440000005], [34.42496900000015, 51.72791970000003], [34.43178109999997, 51.72930320000012], [34.4358155, 51.73262560000006], [34.44034810000005, 51.743676500000106], [34.435490700000116, 51.74972770000005], [34.4381997000001, 51.757970199999875], [34.435721400000034, 51.76190920000005], [34.43664970000009, 51.7641493000001], [34.43126800000016, 51.76674], [34.42773209999996, 51.77321310000008], [34.42464049999995, 51.77356910000003], [34.40919630000019, 51.78234270000013], [34.408154200000126, 51.7938936], [34.41399980000011, 51.80068770000014], [34.41663570000003, 51.80794270000001], [34.41638789999996, 51.81339480000008], [34.41139170000014, 51.81835330000001], [34.41461170000008, 51.81994880000002], [34.415371500000106, 51.82529640000001], [34.399686800000154, 51.83510310000014], [34.391056900000194, 51.83499130000013], [34.38453240000001, 51.84355240000008], [34.36838620000003, 51.84562049999994], [34.36706760000004, 51.8496594], [34.36896220000011, 51.8514907], [34.363626500000066, 51.85583300000013], [34.363181199999985, 51.85871680000014], [34.33078620000015, 51.8701345], [34.317062400000054, 51.88139870000015], [34.30568180000006, 51.8838983], [34.302856500000075, 51.88717], [34.274676900000145, 51.88749240000004], [34.26293010000006, 51.8784043], [34.245607, 51.8816443], [34.258088900000075, 51.8885729000001], [34.253792, 51.89337560000007], [34.254775200000154, 51.90527540000005], [34.25636340000011, 51.90799980000003], [34.261491600000056, 51.90928180000009], [34.25008730000002, 51.91618260000013], [34.23256450000008, 51.91291860000007], [34.219117300000164, 51.92038630000013], [34.225812200000064, 51.928197299999965], [34.21474809999995, 51.9357933], [34.203434500000185, 51.940982], [34.20544120000011, 51.9441385], [34.197918, 51.95041740000016], [34.191453, 51.959240100000045], [34.1895904000001, 51.96894239999989], [34.177444700000024, 51.970479], [34.14292770000014, 51.96798450000006], [34.14202930000022, 51.97227690000011], [34.137120599999946, 51.9725914], [34.12925889999997, 51.984649300000115], [34.134972000000175, 51.98891570000012], [34.13972200000012, 51.999722200000065], [34.12641480000002, 52.0064167000001], [34.116941, 52.00508600000012], [34.112305100000185, 52.00618840000004], [34.10478530000006, 52.003720700000144], [34.09691740000011, 52.00426160000012], [34.0916257, 52.030476400000055], [34.09381660000008, 52.028865500000165], [34.09572880000019, 52.03165960000007], [34.093156200000124, 52.03561750000017], [34.101178, 52.04084260000013], [34.09438200000011, 52.04654070000015], [34.092769, 52.052502200000106], [34.087539200000094, 52.053688], [34.082898300000124, 52.05771689999989], [34.08083670000008, 52.070685800000035], [34.062856900000156, 52.069434100000024], [34.062653900000214, 52.07306040000003], [34.0848957, 52.08498240000006], [34.094014400000106, 52.08517039999998], [34.0955623000001, 52.09122919999999], [34.099677400000076, 52.09331330000015], [34.088175399999955, 52.10175140000001], [34.087167700000066, 52.10884930000003], [34.09085059999995, 52.110861900000145], [34.09875260000007, 52.11165620000014], [34.11081020000012, 52.122762200000125], [34.113224400000036, 52.13841650000006], [34.11627960000004, 52.141083900000126], [34.08915560000008, 52.15483410000007], [34.076022300000034, 52.15471530000002], [34.059305700000095, 52.166597100000104], [34.05396810000008, 52.17240490000012], [34.06508640000004, 52.18313989999996], [34.06140760000011, 52.18487240000013], [34.053188300000215, 52.197290399999986], [34.052827, 52.20139460000013], [34.016343600000084, 52.20189830000004], [33.99884380000003, 52.210993199999905], [34.0024853000001, 52.22388370000016], [34.00081760000012, 52.227025800000035], [33.981908900000064, 52.234111800000164], [33.97429210000007, 52.23051830000003], [33.969151099999976, 52.233699000000115], [33.96395280000007, 52.23428270000011], [33.957959800000026, 52.24242450000014], [33.9584114000001, 52.245042], [33.962090500000045, 52.24614730000013], [33.96110639999995, 52.2473496], [33.93684360000009, 52.249789700000065], [33.94129970000017, 52.25853310000002], [33.9404088, 52.266052800000125], [33.945442700000115, 52.27505310000015], [33.9443913, 52.28294290000014], [33.937996300000066, 52.28865120000012], [33.932636000000116, 52.289716699999985], [33.924361400000066, 52.294935400000156], [33.922090100000105, 52.304551499999945], [33.91039489999997, 52.30848980000002], [33.90539380000007, 52.3017880000001], [33.89653480000004, 52.30731900000018], [33.87562330000014, 52.30608630000012], [33.83932970000012, 52.32004740000008], [33.85529849999995, 52.33287300000012], [33.84365390000016, 52.341879400000096], [33.843501900000206, 52.344601800000135], [33.839723700000036, 52.346001], [33.837733300000195, 52.349774800000034], [33.83872249999996, 52.358179800000016], [33.83647180000008, 52.361388700000134], [33.82332980000001, 52.36417440000008], [33.81909390000021, 52.36311319999999], [33.80357830000003, 52.36592080000014], [33.78811470000011, 52.366295500000035], [33.75109170000013, 52.360947800000076], [33.74820110000002, 52.35687630000001], [33.727060000000165, 52.35341319999998], [33.724449400000026, 52.35347940000014], [33.71710029999997, 52.36247280000015], [33.70752700000014, 52.3626964], [33.69972740000014, 52.35871280000009], [33.68232550000005, 52.35718040000012], [33.67781880000018, 52.35460710000001], [33.67845090000009, 52.35195090000013], [33.68155630000001, 52.35051], [33.68029060000009, 52.347883600000046], [33.667610800000034, 52.3443021], [33.66372550000011, 52.344451500000105], [33.65643400000022, 52.33925840000012], [33.63887989999995, 52.33967660000013], [33.633900800000106, 52.33722530000017], [33.626295, 52.338108900000066], [33.6053475, 52.333483299999955], [33.58673030000023, 52.322131300000024], [33.57688179999997, 52.31800410000017], [33.58174750000006, 52.3108833], [33.57718370000009, 52.31058800000011], [33.56224410000016, 52.31860390000003], [33.5510591000002, 52.322787800000015], [33.54390330000001, 52.32362010000014], [33.54451960000017, 52.32047480000011], [33.551448, 52.3190340000001], [33.56383090000003, 52.31330740000004], [33.56543170000009, 52.3095684000001], [33.56050620000008, 52.3019273000001], [33.53100400000011, 52.304755300000124], [33.52536679999997, 52.30727430000002], [33.50490780000007, 52.30607480000003], [33.498085800000126, 52.312148900000125], [33.487866700000154, 52.31054770000014], [33.482473, 52.31364480000008], [33.480767600000036, 52.31605880000012], [33.48851230000008, 52.32177520000005], [33.489869899999974, 52.32948260000006], [33.512188, 52.33381359999993], [33.52046680000012, 52.34346009999996], [33.5160965, 52.3467839], [33.5193835, 52.35187609999997], [33.51863570000012, 52.35467539999996], [33.50961570000004, 52.35827119999993], [33.49804680000011, 52.355048600000146], [33.489032, 52.35761510000003], [33.472190600000204, 52.358706200000086], [33.464006300000165, 52.362675600000046], [33.46133490000011, 52.36164560000009], [33.45452010000008, 52.36496959999994], [33.45129829999996, 52.360137100000145], [33.45206360000003, 52.35718380000003], [33.44442550000008, 52.357204399999944], [33.438957300000084, 52.352765], [33.44647170000013, 52.34841970000002], [33.44663350000019, 52.341884900000025], [33.41279950000012, 52.349802700000055], [33.41102610000007, 52.34869600000013], [33.411609800000065, 52.35190270000004], [33.417665099999965, 52.35312749999997], [33.4166931000002, 52.359953800000085], [33.40921449999996, 52.35920610000005], [33.406418400000064, 52.36110640000004], [33.4026993, 52.35998830000011], [33.40126210000011, 52.36346150000003], [33.40699630000012, 52.36687160000014], [33.39554030000011, 52.37009090000004], [33.3805628, 52.371641200000056], [33.37329170000004, 52.37020310000008], [33.36995990000008, 52.36153050000013], [33.3638317, 52.360537400000055], [33.36074870000016, 52.363616], [33.35120959999995, 52.35309330000001], [33.33687940000016, 52.35157140000001], [33.3212201, 52.354996600000106], [33.313637100000165, 52.354918800000064], [33.306382, 52.350142700000106], [33.288862700000095, 52.35768129999997], [33.207923900000196, 52.37561390000013], [33.20616250000012, 52.372899600000096], [33.19618379999997, 52.37361330000016], [33.19571950000011, 52.378948100000116], [33.18865990000006, 52.37914730000011], [33.188704100000166, 52.373108500000114], [33.16990420000002, 52.37283409999998], [33.16976110000007, 52.36865390000014], [33.17284340000003, 52.366629100000125], [33.16956270000003, 52.340845700000045], [33.156199, 52.33841230000013], [33.14417990000004, 52.344286300000135], [33.1369559000002, 52.34590500000013], [33.13396140000009, 52.345008], [33.1291278, 52.3418018000001], [33.12965080000009, 52.33843130000008], [33.11727259999998, 52.32878460000006], [33.11108860000013, 52.325415300000145], [33.107527900000036, 52.32671179999994], [33.08069660000007, 52.30769090000001], [33.072676300000126, 52.30721320000009], [33.07342129999995, 52.3043735], [33.06698720000014, 52.30259440000003], [33.06164970000009, 52.30611550000003], [33.06060140000005, 52.310055100000056], [33.063059800000076, 52.315260499999965], [33.066748, 52.31299390000004], [33.07415020000019, 52.31476740000005], [33.07133840000006, 52.31656430000004], [33.07334630000014, 52.32160629999993], [33.07184870000003, 52.32385320000003], [33.073779800000125, 52.32411360000009], [33.07196760000011, 52.32636960000008], [33.062282800000105, 52.3278697], [33.06329590000007, 52.32939780000015], [33.0599182000002, 52.32955359999988], [33.054552599999965, 52.32474380000002], [33.058927200000085, 52.318267], [33.04464420000011, 52.313488300000074], [33.044817300000034, 52.30706100000015], [33.02383540000005, 52.2998887], [33.01842300000021, 52.293243300000086], [33.00639280000013, 52.288761299999976], [32.99702639999998, 52.2880662], [32.99969729999998, 52.27670920000003], [32.99613300000016, 52.27664170000014], [32.99574080000002, 52.27186030000013], [32.98237490000008, 52.27352210000015], [32.96155780000004, 52.27320570000006], [32.94496350000014, 52.26424340000017], [32.91029969999994, 52.25001780000014], [32.906849500000135, 52.24599160000008], [32.887558600000034, 52.24509850000004], [32.87913280000009, 52.258832500000096], [32.88529889999995, 52.2683745], [32.884403900000166, 52.273370800000066], [32.85659740000017, 52.27408890000015], [32.8330224, 52.278294599999924], [32.8170525000001, 52.258938000000114], [32.79924160000007, 52.26539420000017], [32.77880460000017, 52.26148150000006], [32.77860850000013, 52.259196299999985], [32.772290399999974, 52.2593566000001], [32.76284629999998, 52.25549230000013], [32.76184450000005, 52.26208920000005], [32.756589500000075, 52.26679780000012], [32.72598080000006, 52.25633610000011], [32.71683140000016, 52.25862490000014], [32.70058950000009, 52.24790130000014], [32.700138800000104, 52.25489590000018], [32.68963350000007, 52.2557076], [32.685125, 52.26630720000003], [32.66210290000015, 52.278668900000014], [32.637768700000095, 52.28662470000012], [32.622018800000035, 52.29722210000017], [32.61179370000008, 52.3007801], [32.607896, 52.30468350000007], [32.59405170000008, 52.30362630000013], [32.57721510000022, 52.30018890000014], [32.571382500000084, 52.31005390000013], [32.55003420000014, 52.32686590000009], [32.501711300000125, 52.32729499999988], [32.499542, 52.32124550000009], [32.48967920000007, 52.314380700000015], [32.472062, 52.324347900000134], [32.46663240000004, 52.323870800000066], [32.45988960000011, 52.32682589999996], [32.43380580000019, 52.32202650000005], [32.4010727000001, 52.33803510000001], [32.39430649999997, 52.33368969999998], [32.387615, 52.3374895], [32.3768323000001, 52.337308300000075], [32.35516009999998, 52.32734579999999], [32.35188510000012, 52.316218], [32.36360280000008, 52.3006426], [32.37030110000006, 52.27495430000016], [32.373865799999976, 52.273144300000126], [32.381735500000104, 52.27825530000007], [32.39485520000011, 52.278191200000094], [32.38294390000004, 52.269747100000075], [32.39054280000016, 52.2530284], [32.39503180000014, 52.25040350000006], [32.40046670000004, 52.250058400000114], [32.39882380000017, 52.24938370000007], [32.401708100000064, 52.248171500000126], [32.401501900000085, 52.24604360000012], [32.39535500000022, 52.246622100000025], [32.38378820000008, 52.240479900000025], [32.3673695, 52.240401200000065], [32.361429600000065, 52.23967330000005], [32.360878, 52.238357600000086], [32.346698200000105, 52.244134], [32.344248200000095, 52.242030500000055], [32.34739050000019, 52.2409154], [32.3411675000001, 52.238861], [32.324542, 52.22341330000012], [32.32467130000015, 52.21455100000014], [32.33084330000008, 52.20552640000005], [32.33055470000005, 52.20280079999992], [32.344308100000035, 52.19507760000005], [32.34686670000019, 52.18247070000001], [32.339778700000124, 52.18066449999998], [32.33845620000011, 52.17554869999998], [32.33484000000021, 52.176284600000145], [32.336913400000014, 52.17409689999994], [32.33923990000011, 52.174202100000116], [32.3329298000001, 52.17081280000002], [32.333558400000015, 52.16776370000014], [32.331450800000084, 52.1668305], [32.33053249999995, 52.16811350000012], [32.3301448000002, 52.164783900000145], [32.328083600000014, 52.1647714], [32.32919580000021, 52.1632191], [32.3263285000001, 52.16316280000012], [32.32727750000009, 52.16054630000002], [32.32533870000009, 52.16004560000016], [32.32962439999994, 52.158993899999984], [32.32389520000004, 52.15154310000008], [32.32629080000004, 52.1498964999999], [32.33233480000007, 52.15604350000012], [32.36522190000011, 52.155321700000115], [32.36790310000009, 52.14649580000008], [32.360139, 52.139895], [32.33485680000001, 52.140431699999965], [32.32978110000016, 52.13247840000008], [32.32026860000019, 52.136198800000045], [32.317994400000146, 52.12192970000001], [32.30565080000002, 52.120338200000106], [32.30028210000012, 52.121224400000074], [32.29679280000005, 52.1191475], [32.29580970000006, 52.12097310000007], [32.29420610000005, 52.11999680000014], [32.295287299999984, 52.11332160000006], [32.29712400000011, 52.11363490000008], [32.298287300000084, 52.11129130000012], [32.29137920000011, 52.108414900000014], [32.29066280000018, 52.10303870000013], [32.28660220000012, 52.10322240000005], [32.286328200000185, 52.10130960000009], [32.27947860000012, 52.09987320000005], [32.276968400000044, 52.09715280000006], [32.2702591000002, 52.09737090000016], [32.26371780000005, 52.09253520000004], [32.26088620000007, 52.09299750000014], [32.26256990000013, 52.092049299999985], [32.26021020000013, 52.0908425], [32.25227670000004, 52.0906857], [32.25274860000002, 52.088922400000115], [32.24300390000019, 52.08951020000006], [32.238297399999965, 52.088656], [32.23808050000014, 52.08675150000005], [32.22462410000003, 52.08719040000017], [32.224534900000094, 52.085669899999914], [32.22192010000009, 52.08508990000007], [32.22229950000008, 52.080593299999975], [32.21815670000012, 52.082154700000046], [32.20895280000008, 52.07856150000009], [32.20657230000012, 52.07486709999995], [32.20208820000005, 52.07453630000015], [32.20065320000015, 52.07269890000015], [32.20270629999999, 52.06873860000002], [32.19951760000015, 52.0661199000001], [32.19939300000016, 52.06850890000004], [32.19299070000011, 52.0668703], [32.19154510000021, 52.0708055], [32.18564780000008, 52.07185900000013], [32.1752712, 52.07012260000016], [32.1709538, 52.072239100000104], [32.158570199999986, 52.070402700000045], [32.15589690000013, 52.07163090000006], [32.152121600000044, 52.068916400000035], [32.14728870000022, 52.069238000000155], [32.14843050000002, 52.06742730000008], [32.14647350000007, 52.06534440000007], [32.14848450000005, 52.06245360000014], [32.143826300000114, 52.06053400000013], [32.14558969999996, 52.059346400000095], [32.14430590000018, 52.05819140000011], [32.14714120000008, 52.05765979999995], [32.13766800000019, 52.05230010000008], [32.1342823, 52.052484400000026], [32.1360429, 52.05368780000015], [32.134035400000016, 52.054245300000105], [32.13004600000016, 52.0489553000001], [32.133961600000134, 52.043395], [32.12571470000023, 52.04575510000012], [32.10169210000015, 52.04524250000003], [32.096473100000026, 52.04350700000015], [32.09632390000007, 52.03362730000015], [32.06593900000013, 52.034699200000034], [32.0447153, 52.0392647000001], [32.0266567000001, 52.048844300000155], [32.019739600000094, 52.049451], [32.01622520000012, 52.04828400000014], [31.97206609999995, 52.05195060000011], [31.960546600000043, 52.05211130000009], [31.95736170000015, 52.04869200000013], [31.949327700000083, 52.04573470000008], [31.944794099999967, 52.0479365], [31.942024, 52.0474969], [31.94075870000006, 52.049116], [31.932122, 52.044904], [31.92550609999995, 52.04320799999988], [31.919791900000064, 52.04474560000011], [31.91891040000013, 52.04237570000015], [31.91656990000007, 52.04220530000009], [31.91751100000016, 52.04770240000016], [31.928046200000153, 52.046238200000175], [31.928661700000134, 52.05023540000013], [31.917220100000065, 52.053170200000125], [31.921194800000137, 52.05687540000008], [31.930402700000116, 52.06010850000007], [31.9327684000001, 52.05984010000009], [31.933027500000208, 52.058138200000144], [31.94288680000011, 52.05694270000015], [31.944253600000025, 52.061047300000155], [31.95776260000008, 52.06854390000012], [31.960990400000014, 52.07471760000004], [31.95385040000002, 52.08186740000008], [31.950280800000087, 52.08261710000011], [31.948700500000086, 52.08112160000002], [31.947566400000028, 52.082214700000065], [31.940742000000114, 52.079963800000144], [31.940650200000107, 52.082410800000105], [31.93078540000016, 52.09023760000002], [31.917235100000028, 52.09679369999998], [31.908246600000098, 52.09844670000018], [31.90156590000015, 52.102610200000015], [31.893293, 52.105067], [31.867791700000225, 52.110178200000064], [31.846637699999974, 52.109998200000064], [31.822721600000023, 52.098683600000015], [31.811181399999953, 52.09836930000017], [31.801715899999977, 52.10209780000008], [31.79808559999998, 52.10197720000008], [31.787198000000103, 52.112143200000105], [31.781703500000106, 52.11197530000004], [31.79280000000017, 52.126009999999894], [31.78422000000012, 52.13528], [31.7855100000001, 52.14017], [31.78104, 52.185570000000155], [31.77529, 52.188230000000146], [31.76731, 52.18651000000011], [31.761560000000145, 52.19029], [31.74405, 52.18841], [31.73736, 52.19278], [31.7189, 52.19089000000014], [31.708350000000223, 52.18635], [31.688264100000083, 52.19446360000006], [31.68813620000003, 52.202499300000056], [31.6959, 52.20334000000014], [31.702340000000163, 52.20901000000015], [31.70363, 52.21355000000011], [31.70929, 52.21484], [31.70328, 52.23561000000012], [31.708, 52.23595], [31.71023, 52.238270000000114], [31.70328, 52.23991000000012], [31.69882, 52.24574], [31.69659000000013, 52.25673], [31.702340000000163, 52.25724000000014], [31.71247, 52.26368], [31.71221, 52.266], [31.708350000000223, 52.26617], [31.69976, 52.27166], [31.68354000000022, 52.277670000000114], [31.66028000000017, 52.276300000000106], [31.649120000000153, 52.28007000000014], [31.64749000000012, 52.28685000000013], [31.629640000000222, 52.29784000000012], [31.626810000000205, 52.29011], [31.58535000000012, 52.31972], [31.58183, 52.32822], [31.595560000000205, 52.32728], [31.60672, 52.32951], [31.61153, 52.32633], [31.624192900000025, 52.33346910000006], [31.6198839, 52.34093130000002], [31.627670000000137, 52.38805], [31.63256, 52.39818000000014], [31.626120000000128, 52.4029], [31.62163930000014, 52.418336400000044], [31.611333800000068, 52.41773280000001], [31.609006700000123, 52.4156135], [31.59409210000007, 52.41490149999987], [31.59336900000011, 52.4212149], [31.602493100000117, 52.42328470000001], [31.596662100000117, 52.43986120000005], [31.609877900000072, 52.440812400000084], [31.61084000000011, 52.453450000000146], [31.584410000000105, 52.45534], [31.5796, 52.45929], [31.58501, 52.46117], [31.600630000000137, 52.46255], [31.60732, 52.466840000000104], [31.61625, 52.48289000000011], [31.626120000000128, 52.49250000000012], [31.61531, 52.4931], [31.61531, 52.49594], [31.60509, 52.50443000000013], [31.59591, 52.50477], [31.58818, 52.50237], [31.5796, 52.49534000000011], [31.57265000000018, 52.49877], [31.567840000000103, 52.50709000000012], [31.5608, 52.50761], [31.55763, 52.51765], [31.56209, 52.52100000000013], [31.565270000000112, 52.51834000000014], [31.569730000000163, 52.52022], [31.57642, 52.52006000000017], [31.57711, 52.51688000000013], [31.580290000000105, 52.51516], [31.58629, 52.51782], [31.59428, 52.51628], [31.59016, 52.5208300000001], [31.59144, 52.52572], [31.5972, 52.52872], [31.595220000000154, 52.53216000000015], [31.60286, 52.53799], [31.60767, 52.53688], [31.61273000000017, 52.5386], [31.6105, 52.54349], [31.61307000000022, 52.54632], [31.61024, 52.54915000000011], [31.623630000000162, 52.55327000000011], [31.63127, 52.54194], [31.63925, 52.54117], [31.65216970000006, 52.54507100000012], [31.668427299999962, 52.559863100000086], [31.67362330000003, 52.5611449000001], [31.668385200000216, 52.56232730000005], [31.65439550000019, 52.5619939], [31.647141800000043, 52.56564490000011], [31.6440579, 52.56220560000014], [31.633539500000097, 52.56371370000005], [31.6304212, 52.5627558], [31.617056400000024, 52.57629570000012], [31.59336850000011, 52.582801500000016], [31.579718800000137, 52.59440630000006], [31.56419360000001, 52.59424510000002], [31.568047300000217, 52.60948180000008], [31.564179100000104, 52.621446400000025], [31.56974190000011, 52.635099100000104], [31.558669700000223, 52.64253510000003], [31.560183900000084, 52.647306100000094], [31.557339600000148, 52.64994040000005], [31.54201, 52.65739], [31.54072, 52.66193], [31.51523, 52.67704], [31.51686, 52.68227], [31.51428, 52.68648], [31.505700000000104, 52.689060000000154], [31.49995, 52.69343], [31.50312, 52.69850000000014], [31.53248, 52.70176], [31.55316000000016, 52.70742000000013], [31.558910000000196, 52.706220000000144], [31.56432000000018, 52.708880000000136], [31.56561, 52.71266], [31.57136, 52.7166], [31.575066900000138, 52.727587], [31.592853600000126, 52.734477300000094], [31.600630000000137, 52.74605], [31.59617, 52.75703], [31.58887, 52.757980000000146], [31.58793, 52.762100000000146], [31.59496000000013, 52.77], [31.586980000000153, 52.79377], [31.56492, 52.79772], [31.56175000000019, 52.80681], [31.549650000000156, 52.80948], [31.53694, 52.81583000000012], [31.51943000000017, 52.8315300000001], [31.52578000000011, 52.83583], [31.536260000000198, 52.83943], [31.538230000000112, 52.84338], [31.536000000000172, 52.85025], [31.538230000000112, 52.8564300000001], [31.533420000000206, 52.86003], [31.51497, 52.85797], [31.48081, 52.86054], [31.47703, 52.86587], [31.471280000000206, 52.86638], [31.47034, 52.86964000000012], [31.4592990000001, 52.87573910000009], [31.44528340000005, 52.880842], [31.439420500000097, 52.88131650000008], [31.43760310000016, 52.884843800000056], [31.432086300000037, 52.88811350000003], [31.427129500000092, 52.89715480000012], [31.41618, 52.90355], [31.41266, 52.90758000000011], [31.40785, 52.91041000000013], [31.39798000000019, 52.90947], [31.393520000000137, 52.91127], [31.39386, 52.91582000000011], [31.389740000000188, 52.91582000000011], [31.383310000000165, 52.92475], [31.375070000000164, 52.92715], [31.37189000000012, 52.93358], [31.37824, 52.95299], [31.372490000000198, 52.96036000000015], [31.36202, 52.96560000000011], [31.355341800000133, 52.984078], [31.347788700000137, 52.98790160000004], [31.32760000000019, 52.9911], [31.31387, 52.99736], [31.310950000000105, 53.00165], [31.302710000000104, 53.00586], [31.28966, 53.00586], [31.28838, 53.009200000000135], [31.28263, 53.01092], [31.28039, 53.013410000000135], [31.27627, 53.01358], [31.256790000000137, 53.02465], [31.24091, 53.0268], [31.2434, 53.03435], [31.26349, 53.0427600000001], [31.30687860000006, 53.03654979999999], [31.330609300000106, 53.04180680000013], [31.327519, 53.06642540000013], [31.336726700000042, 53.0820127], [31.33478, 53.09123240000008], [31.360571899999968, 53.092547800000034], [31.3606592000001, 53.09584670000015], [31.391200300000037, 53.096492], [31.3891731, 53.10784640000003], [31.398790600000098, 53.109694000000104], [31.395006800000033, 53.115755099999944], [31.38391640000009, 53.12314090000001], [31.37601, 53.126530000000116], [31.367250700000113, 53.1250968], [31.365529500000036, 53.12673110000003], [31.366480000000138, 53.13392000000016], [31.36356000000012, 53.14396], [31.368970000000104, 53.14353], [31.38425, 53.15297], [31.39446, 53.15615], [31.397380000000112, 53.16112], [31.393520000000137, 53.16507], [31.39858, 53.17091], [31.41232, 53.1752], [31.41489, 53.17829000000012], [31.41841, 53.18764000000016], [31.4142, 53.190130000000124], [31.413600000000145, 53.19331000000017], [31.40502, 53.19769], [31.40725, 53.20275000000015], [31.40184, 53.21185], [31.45377, 53.20842000000016], [31.45918, 53.21048], [31.48304, 53.20464], [31.50029, 53.20447], [31.51969, 53.19769], [31.53214, 53.20009000000016], [31.538490000000138, 53.19881], [31.543339700000104, 53.19081940000012], [31.564013500000215, 53.192279], [31.56655000000012, 53.19374], [31.57771, 53.19357], [31.586640000000102, 53.19597000000016], [31.60037000000011, 53.20996], [31.61496000000011, 53.21674], [31.62835, 53.231080000000134], [31.644211100000064, 53.220267300000046], [31.661310500000013, 53.21787060000014], [31.660948800000085, 53.2163546000001], [31.66685640000003, 53.21182420000008], [31.675717800000143, 53.212113], [31.70689779999998, 53.206158600000094], [31.728621400000065, 53.193717800000115], [31.73538280000014, 53.19504210000014], [31.738676399999974, 53.19883140000013], [31.7454626, 53.19955270000008], [31.758081400000094, 53.1881029000001], [31.77003730000007, 53.181423], [31.78639920000012, 53.179727300000025], [31.790634, 53.177153600000054], [31.792385500000023, 53.1730847], [31.79114600000014, 53.16321929999998], [31.797935199999984, 53.14966420000002], [31.79575560000012, 53.1458273], [31.79771480000022, 53.14156070000013], [31.808234, 53.13230290000007], [31.811021700000083, 53.124146400000086], [31.814674499999967, 53.124423200000024], [31.817933900000185, 53.122578900000065], [31.82605170000022, 53.11300360000001], [31.8309548000002, 53.11037930000015], [31.84798380000018, 53.110093700000164], [31.8696784, 53.10708140000014], [31.874205100000097, 53.110194100000115], [31.876015700000153, 53.109712400000035], [31.880210400000124, 53.11490939999999], [31.8862851, 53.113467300000025], [31.88709460000007, 53.11452390000005], [31.917430000000195, 53.10654000000011], [31.922544900000105, 53.104985500000055], [31.91348060000007, 53.088873400000125], [31.93467430000021, 53.08306370000008], [31.953487900000084, 53.08541950000017], [31.99258110000011, 53.08533709999989], [31.99258570000012, 53.09328640000001], [32.01906369999995, 53.100115500000015], [32.0180363, 53.09085070000009], [32.04985570000002, 53.08448139999996], [32.056315000000154, 53.08545], [32.06838410000012, 53.07936060000014], [32.09475280000015, 53.07619080000006], [32.14284530000009, 53.08316050000013], [32.15125820000003, 53.083188], [32.17315819999999, 53.088756], [32.1716600000002, 53.09709000000015], [32.176916600000084, 53.10467350000005], [32.1875689000002, 53.108855300000016], [32.20271150000008, 53.10788110000004], [32.21210470000011, 53.104408400000125], [32.219110000000114, 53.10383540000015], [32.23607300000015, 53.0991687], [32.23634730000009, 53.10221590000009], [32.234099700000115, 53.10355200000015], [32.23707140000016, 53.10848110000012], [32.23565410000015, 53.11869520000005], [32.24095970000002, 53.12233270000007], [32.24215410000022, 53.12712420000008], [32.245244, 53.1291705000001], [32.25473060000007, 53.131443], [32.26152640000009, 53.128464900000154], [32.27168880000022, 53.12671310000013], [32.302219099999945, 53.127664400000015], [32.31060140000005, 53.13462110000006], [32.33262130000014, 53.14433739999998], [32.33376910000004, 53.15110130000011], [32.34412540000005, 53.15882640000012], [32.33889480000016, 53.17179169999997], [32.357738300000165, 53.18512460000005], [32.37757369999997, 53.1890413000001], [32.378781799999956, 53.19163220000007], [32.414345100000105, 53.186095], [32.422522700000115, 53.193947300000104], [32.4312377, 53.197998800000164], [32.43117510000013, 53.20417540000017], [32.43321120000002, 53.20605369999993], [32.435721800000124, 53.207468400000096], [32.44831490000007, 53.208254300000135], [32.453659, 53.214599400000054], [32.45504590000007, 53.22083730000014], [32.46677240000008, 53.228476000000114], [32.4698886, 53.23435890000013], [32.47881289999998, 53.23983970000012], [32.4873247000001, 53.25022860000013], [32.492570299999954, 53.253658700000074], [32.50048, 53.27511], [32.50949000000014, 53.28163], [32.51009000000022, 53.29468000000014], [32.48588000000012, 53.29880000000014], [32.48846, 53.30352], [32.51103, 53.30524], [32.51584, 53.30712], [32.52254, 53.30669000000012], [32.521930000000225, 53.29656], [32.53687, 53.29803], [32.54218410000004, 53.30297619999999], [32.55849980000016, 53.30112420000006], [32.570784300000014, 53.29706570000013], [32.573322800000085, 53.29793720000015], [32.58330720000015, 53.2905245], [32.58681430000007, 53.292577], [32.58870560000008, 53.30103820000005], [32.592892100000086, 53.30356200000011], [32.593332800000155, 53.311702900000114], [32.59877740000013, 53.314740300000096], [32.60794, 53.31519], [32.61558, 53.32051], [32.61017, 53.333730000000116], [32.613, 53.3391400000001], [32.61652, 53.34034], [32.62073, 53.33974], [32.62673000000012, 53.33047], [32.662440000000174, 53.33253000000013], [32.67995, 53.34103], [32.6857, 53.3418], [32.687930000000165, 53.33390000000014], [32.694280000000106, 53.33141], [32.7019200000002, 53.331070000000125], [32.709300000000155, 53.33313], [32.71694, 53.33141], [32.73350000000016, 53.33253000000013], [32.739260000000115, 53.34806], [32.73316, 53.35519], [32.72295000000014, 53.37407], [32.72999000000016, 53.38068], [32.74209, 53.38729], [32.74269, 53.39029000000011], [32.73762000000016, 53.39467000000013], [32.738910000000146, 53.39613000000014], [32.74913, 53.39561], [32.75548000000015, 53.39707], [32.74784, 53.40034000000014], [32.73986, 53.4084], [32.74372, 53.417240000000106], [32.739260000000115, 53.419130000000166], [32.739260000000115, 53.42256], [32.750070000000164, 53.42686], [32.75487450000014, 53.42239], [32.76278090000005, 53.424277300000085], [32.76251340000016, 53.426855], [32.75291, 53.43484], [32.74879, 53.44522], [32.75325, 53.44874000000016], [32.75325, 53.45484], [32.75711, 53.45818000000014], [32.74114, 53.46162], [32.73831, 53.4599], [32.72613, 53.46007], [32.68922000000015, 53.46385000000015], [32.68407, 53.46256], [32.67514, 53.463680000000124], [32.65591420000004, 53.469859000000156], [32.6603752000002, 53.47895680000005], [32.66694000000018, 53.477204], [32.67410790000014, 53.4774574], [32.67637900000011, 53.4799493000001], [32.687046800000076, 53.4813904], [32.6731853, 53.48919770000009], [32.654073300000164, 53.49504770000004], [32.647068400000194, 53.504121700000155], [32.63842360000007, 53.502523300000064], [32.6369906, 53.48624180000013], [32.633956, 53.480627600000105], [32.6251, 53.475], [32.617460000000165, 53.47878], [32.604242500000055, 53.478813800000125], [32.60983590000012, 53.491448599999956], [32.60649040000004, 53.49397220000009], [32.603387800000064, 53.49335570000005], [32.605192399999964, 53.5030334], [32.60330200000021, 53.51286870000001], [32.58819, 53.518010000000174], [32.58288849999997, 53.51555129999991], [32.56767780000018, 53.5192596], [32.54227060000011, 53.516791100000034], [32.54365540000009, 53.52244130000014], [32.550684599999954, 53.524972300000115], [32.551173900000094, 53.52719480000002], [32.544098100000156, 53.527933100000155], [32.541075800000044, 53.53110090000007], [32.52669160000005, 53.53494250000011], [32.52247100000022, 53.5418644], [32.49423680000018, 53.549308900000085], [32.47791570000015, 53.54887980000012], [32.475532499999986, 53.559309], [32.4818125, 53.56736810000001], [32.459162700000036, 53.575017100000025], [32.45522919999996, 53.582433900000126], [32.44804000000022, 53.58555], [32.44263, 53.59363000000013], [32.43456, 53.59431], [32.42984, 53.59775000000013], [32.42580000000021, 53.60744], [32.438154700000155, 53.61426090000003], [32.440122700000074, 53.63074720000009], [32.44979670000009, 53.63734570000014], [32.43768360000007, 53.64316390000016], [32.431913600000144, 53.65194860000014], [32.430041, 53.651306], [32.42895690000012, 53.64487980000001], [32.43143269999996, 53.64335280000017], [32.43005430000011, 53.64147070000001], [32.43385510000019, 53.640315199999975], [32.43278320000013, 53.6388617], [32.42933840000006, 53.63906510000015], [32.43213260000016, 53.63090550000004], [32.418358299999966, 53.63497610000002], [32.41952750000007, 53.639734400000066], [32.416893400000106, 53.64092290000002], [32.421063900000036, 53.64766260000005], [32.41678489999998, 53.6508971], [32.41389820000006, 53.65066270000011], [32.4149966, 53.664962400000036], [32.42581410000014, 53.66434390000006], [32.429016500000046, 53.67131170000016], [32.43315350000006, 53.670415100000014], [32.437291400000106, 53.67247210000005], [32.44344400000011, 53.669886300000144], [32.4546262, 53.66815690000004], [32.47221530000013, 53.678395400000056], [32.483021800000074, 53.680408300000124], [32.48598340000012, 53.68232180000001], [32.489342700000066, 53.677256600000135], [32.49895129999999, 53.68113480000005], [32.49694720000008, 53.683881100000065], [32.50091610000004, 53.68795360000007], [32.49828160000004, 53.695119900000066], [32.50136590000011, 53.69929850000011], [32.498762800000065, 53.706909800000176], [32.48116, 53.719020000000114], [32.46254000000022, 53.721], [32.45876, 53.72692], [32.46068290000005, 53.73765250000008], [32.44616690000015, 53.73657070000007], [32.439651800000206, 53.73319019999997], [32.42297, 53.728900000000124], [32.41421000000014, 53.72829], [32.41307059999997, 53.73151230000008], [32.3951153000001, 53.729842], [32.36917459999995, 53.71739890000009], [32.35803510000005, 53.72059350000012], [32.354066600000124, 53.72935100000012], [32.356320200000084, 53.73920579999998], [32.351124200000186, 53.740624], [32.3438728000001, 53.750574800000095], [32.33393890000008, 53.75173170000005], [32.31441720000009, 53.760776700000065], [32.31147039999996, 53.7595222], [32.30554180000007, 53.760838500000034], [32.295284600000116, 53.75973180000011], [32.28359370000004, 53.762545200000034], [32.272356100000025, 53.75849890000006], [32.26842259999995, 53.762729800000045], [32.29069560000005, 53.76996870000016], [32.28484419999995, 53.77593040000016], [32.2614218, 53.772581900000034], [32.25677140000016, 53.765615300000036], [32.22970440000006, 53.765980300000024], [32.219799, 53.77027680000009], [32.216077000000155, 53.77950890000011], [32.21907410000017, 53.781800200000134], [32.2242260000001, 53.78167610000003], [32.22351430000003, 53.783885], [32.22046739999996, 53.7850868000001], [32.20804950000013, 53.799566500000026], [32.19974580000019, 53.79437750000005], [32.193417, 53.79632429999998], [32.1903971000001, 53.795740600000045], [32.18645280000004, 53.79857340000012], [32.17742210000017, 53.7927188000001], [32.17501710000016, 53.799566500000026], [32.15278, 53.801500000000146], [32.14917, 53.80228], [32.15067129999994, 53.80543920000008], [32.14093, 53.80537], [32.14098180000008, 53.8127847], [32.1329086, 53.813101], [32.12684109999998, 53.818491600000016], [32.121892900000034, 53.81555760000009], [32.10010840000007, 53.8145905], [32.09235, 53.8058], [32.089, 53.80812], [32.0805, 53.80348], [32.06909, 53.80494], [32.06411000000014, 53.80417], [32.04931550000009, 53.806527900000106], [32.04282610000001, 53.80567550000012], [32.048907, 53.801149], [32.04832879999998, 53.798497900000086], [32.03236000000015, 53.80022], [32.02317, 53.80271], [32.01090000000022, 53.80099], [32.01025180000022, 53.80361069999998], [31.98969379999994, 53.804133], [31.985231700000213, 53.80196720000009], [31.983608300000014, 53.802557500000034], [31.976819100000114, 53.794146800000135], [31.968735600000116, 53.7924794], [31.968062199999963, 53.78858059999999], [31.963434800000073, 53.790350200000034], [31.958571800000072, 53.788809100000094], [31.95197410000003, 53.78962730000012], [31.950231200000076, 53.7833185], [31.944713200000024, 53.78319650000003], [31.9455954, 53.78599220000007], [31.941226500000198, 53.784267099999965], [31.93963160000021, 53.78637120000002], [31.927402200000188, 53.78937000000013], [31.925073, 53.78656190000015], [31.92378170000012, 53.78855180000011], [31.920551199999977, 53.78889560000016], [31.91738550000008, 53.78604050000001], [31.911109700000054, 53.78663279999995], [31.90946130000009, 53.7855287000001], [31.906077, 53.78692900000016], [31.90065149999998, 53.78142750000006], [31.902226, 53.77937710000003], [31.898116500000015, 53.77443370000009], [31.89386230000008, 53.7776176000001], [31.887813700000038, 53.77819690000007], [31.887722100000076, 53.78145419999993], [31.884945800000082, 53.78324820000006], [31.875752, 53.7836663], [31.873327300000085, 53.78661760000011], [31.868875300000013, 53.78464670000011], [31.867957900000135, 53.782299100000046], [31.861870900000042, 53.78351069999991], [31.86009960000007, 53.7873363999999], [31.855834200000118, 53.78615060000004], [31.850344, 53.79253540000002], [31.847203600000114, 53.79253120000004], [31.847385, 53.79043230000008], [31.84511210000005, 53.7903217], [31.843630800000085, 53.793017], [31.83891660000012, 53.79371210000005], [31.83874650000007, 53.796676700000035], [31.836782800000094, 53.79459140000017], [31.834032300000104, 53.79472960000004], [31.82158930000014, 53.80219789999995], [31.818716400000085, 53.80220420000012], [31.820409600000062, 53.8008008], [31.816540100000168, 53.799642], [31.814464000000157, 53.80121340000005], [31.80828850000006, 53.80039560000006], [31.806332, 53.80214979999988], [31.8108395000001, 53.80273190000008], [31.81138390000001, 53.8065628], [31.78953869999998, 53.80677], [31.788707299999942, 53.802849500000036], [31.785755800000175, 53.80166750000012], [31.785711400000025, 53.803132], [31.780779000000166, 53.80336290000008], [31.779289100000142, 53.805260100000055], [31.77557079999997, 53.803496100000075], [31.779051500000037, 53.802720700000066], [31.777172100000143, 53.80046490000012], [31.779790200000207, 53.7998], [31.77686420000009, 53.79948060000004], [31.77611590000015, 53.7976514], [31.779405099999963, 53.796319900000185], [31.778188, 53.79505969999997], [31.768867600000135, 53.79552430000007], [31.768365100000096, 53.79384590000012], [31.7721272, 53.79271050000011], [31.77005570000017, 53.79195790000006], [31.76121950000004, 53.79616180000005], [31.7614529, 53.798275100000126], [31.766999900000144, 53.79764119999987], [31.767231899999956, 53.79929650000008], [31.763871000000222, 53.799784900000134], [31.763458700000058, 53.80150249999997], [31.76953670000006, 53.80140060000008], [31.766924300000085, 53.80743039999999], [31.76941060000013, 53.80836240000002], [31.769704500000103, 53.80556130000008], [31.7713576000001, 53.80564270000008], [31.77430890000005, 53.81124340000002], [31.7709853, 53.8169881], [31.772924900000078, 53.81912060000002], [31.77162560000022, 53.82271890000004], [31.768565000000137, 53.823568200000125], [31.765059400000155, 53.82149649999997], [31.761725299999966, 53.822534800000085], [31.760955400000057, 53.82456140000011], [31.764343600000075, 53.82515660000013], [31.76466970000007, 53.82657080000007], [31.756120400000214, 53.8311898], [31.756555000000105, 53.832601399999874], [31.76130950000004, 53.83221060000005], [31.769091299999957, 53.83565510000011], [31.776574500000095, 53.8360497000001], [31.779050500000153, 53.8325276], [31.782408900000178, 53.831676100000095], [31.785402700000077, 53.834754700000076], [31.789948900000013, 53.833900800000094], [31.794287400000144, 53.83950610000011], [31.78930370000012, 53.84078930000004], [31.788786, 53.842539600000066], [31.78275450000001, 53.84067849999991], [31.781357100000037, 53.842501], [31.78136030000013, 53.8449966], [31.78790669999995, 53.84948520000012], [31.7867137, 53.851897800000074], [31.789549299999976, 53.85557720000003], [31.811888100000033, 53.8533321000001], [31.8140595000001, 53.85898430000003], [31.819397399999957, 53.86141020000002], [31.824968400000103, 53.85820760000007], [31.832935200000065, 53.85859010000013], [31.838343, 53.86550140000014], [31.817599100000052, 53.86462680000005], [31.818885100000216, 53.867156], [31.815837, 53.86745489999993], [31.815315100000078, 53.869304], [31.81913400000019, 53.871863], [31.818143800000144, 53.872945300000026], [31.81121710000008, 53.86991510000013], [31.798685600000113, 53.87579960000011], [31.800461500000097, 53.877328], [31.809040600000117, 53.87722149999996], [31.830239800000186, 53.882529300000044], [31.829654100000198, 53.890427800000055], [31.827223600000025, 53.891769700000054], [31.8259759, 53.8977301999999], [31.831416400000194, 53.9029900000001], [31.830984000000115, 53.9055858000001], [31.84154840000008, 53.904281800000035], [31.845421200000033, 53.90683360000014], [31.84387049999998, 53.910695], [31.83769680000006, 53.91128530000003], [31.84134280000012, 53.91434670000007], [31.841264900000056, 53.9174364000001], [31.844816400000127, 53.91771610000012], [31.850739200000078, 53.91434], [31.854266, 53.91448870000005], [31.856830600000137, 53.917097800000136], [31.851916, 53.921069400000135], [31.85541560000013, 53.9251686], [31.85067770000012, 53.931032], [31.855338400000107, 53.934172699999976], [31.84934, 53.93683240000013], [31.854364800000212, 53.938908100000106], [31.848464799999988, 53.941825100000074], [31.850839800000017, 53.94350010000011], [31.85141040000019, 53.948587700000076], [31.847860700000126, 53.94985040000006], [31.845076700000163, 53.948706100000095], [31.844766800000116, 53.95019159999987], [31.847510900000145, 53.95142700000014], [31.851860300000112, 53.95094580000011], [31.858579800000086, 53.954696], [31.8556516000001, 53.95815210000006], [31.86579780000011, 53.95859139999999], [31.86710020000021, 53.96135200000015], [31.871498800000154, 53.962175400000035], [31.87408340000013, 53.96486520000002], [31.891745100000094, 53.96617310000005], [31.89094339999997, 53.99399160000013], [31.87397070000003, 53.996311100000014], [31.85383, 54.00441000000012], [31.85469000000012, 54.0069], [31.859920000000102, 54.00844000000012], [31.86095, 54.01205], [31.87546, 54.02347], [31.878890000000126, 54.0287], [31.88610000000017, 54.03213], [31.889324200000146, 54.04654310000012], [31.894513400000164, 54.045904], [31.895957100000032, 54.04745650000001], [31.893176000000153, 54.05109670000013], [31.899091400000202, 54.05250280000013], [31.8848142, 54.0569994], [31.891892400000188, 54.060202300000185], [31.89094690000013, 54.063464], [31.883805000000166, 54.066315400000065], [31.881711900000028, 54.0694673000001], [31.898104500000102, 54.082948400000134], [31.8947885, 54.08681760000002], [31.87324890000002, 54.084149800000034], [31.864938400000028, 54.07873010000014], [31.852766, 54.08814850000016], [31.8480012, 54.08766470000012], [31.83831530000009, 54.0816665000001], [31.82888060000016, 54.08732429999998], [31.82063380000011, 54.089223400000094], [31.827781100000152, 54.09549310000017], [31.823476, 54.09684149999998], [31.8136697, 54.08746770000016], [31.803040399999986, 54.08567610000006], [31.79894750000011, 54.08105340000003], [31.795221100000163, 54.082200200000045], [31.78578620000019, 54.07611450000013], [31.78637, 54.077970000000164], [31.78165, 54.08037000000013], [31.77555, 54.07814], [31.753363500000034, 54.078444000000104], [31.75455840000012, 54.084275000000105], [31.76414000000011, 54.08552], [31.768, 54.09016000000014], [31.774293299999954, 54.11275490000003], [31.758730000000128, 54.11384], [31.75482939999995, 54.11040830000002], [31.74787379999998, 54.11184590000016], [31.74225, 54.10835], [31.74351360000003, 54.10701670000009], [31.73620150000022, 54.104508099999975], [31.727123499999948, 54.10576260000005], [31.72762110000008, 54.11509430000018], [31.704884400000196, 54.1109553], [31.67711870000005, 54.102729500000066], [31.6716308, 54.1061742], [31.676210600000218, 54.11772210000015], [31.674674900000014, 54.12029380000013], [31.667917600000067, 54.12268540000014], [31.66843, 54.12475], [31.65985000000012, 54.13221], [31.65207090000007, 54.1335173], [31.647856300000058, 54.13605240000015], [31.64996360000015, 54.13647210000005], [31.64931150000018, 54.13855780000017], [31.653543400000217, 54.13797580000016], [31.652291700000205, 54.14043160000011], [31.654814900000076, 54.14183980000013], [31.652282100000093, 54.1425268000001], [31.641030200000102, 54.13549410000013], [31.63024, 54.13376], [31.61754, 54.13608], [31.59419, 54.13290000000012], [31.58338, 54.13805], [31.576, 54.13814], [31.57059, 54.13599000000016], [31.56346, 54.13711], [31.558660000000145, 54.13968000000011], [31.55677, 54.14801000000011], [31.553250000000162, 54.15084000000013], [31.539, 54.15393], [31.5293, 54.15144], [31.52063, 54.15616000000011], [31.49514, 54.1589], [31.49248, 54.161480000000154], [31.49274, 54.16492], [31.49943000000019, 54.17831000000018], [31.49101349999995, 54.18523250000004], [31.478757900000062, 54.179728], [31.472664099999974, 54.18665650000008], [31.464210800000103, 54.18696490000002], [31.4579642, 54.19300430000004], [31.461691400000177, 54.19440289999994], [31.459960100000103, 54.195517200000154], [31.45129840000004, 54.197189599999945], [31.450529500000016, 54.198704400000054], [31.444777500000157, 54.1980747], [31.44219, 54.20302], [31.43223, 54.20826], [31.40039000000013, 54.21135], [31.39043, 54.21152000000012], [31.38416, 54.2092], [31.38047, 54.21006000000011], [31.37901, 54.21306], [31.38416, 54.21933], [31.38914000000011, 54.22156], [31.406480000000215, 54.21676], [31.4106, 54.21839000000011], [31.4106, 54.22233000000017], [31.40588000000014, 54.22414], [31.40124, 54.22182], [31.39669, 54.222160000000144], [31.39627000000013, 54.22457], [31.39326000000011, 54.225170000000105], [31.38485, 54.22328], [31.382880000000114, 54.23246], [31.35738, 54.23847000000012], [31.35223, 54.24182], [31.341680000000224, 54.24457], [31.33644, 54.24877], [31.324510000000146, 54.24362], [31.31782, 54.24414000000013], [31.31198, 54.25246], [31.30898, 54.26988], [31.3104400000002, 54.2825], [31.320390000000145, 54.29589], [31.31155, 54.30336000000011], [31.31112, 54.30568], [31.32022, 54.31194], [31.31756, 54.31529], [31.31258000000014, 54.31623], [31.29962, 54.31392], [31.28906000000012, 54.31477], [31.2858, 54.31658], [31.2858, 54.31967], [31.29953, 54.32859], [31.3185, 54.337610000000154], [31.31867000000011, 54.34044], [31.30915, 54.34885], [31.310860000000105, 54.35821], [31.298614399999963, 54.36830630000014], [31.29052000000013, 54.36936], [31.28383, 54.37434], [31.277130000000113, 54.37434], [31.268290000000206, 54.37829], [31.25422, 54.37666000000013], [31.24924, 54.37803000000014], [31.25876, 54.39185], [31.26546000000019, 54.39494], [31.269463, 54.40117920000006], [31.260740000000112, 54.40507000000014], [31.256790000000137, 54.40927], [31.24838, 54.42979], [31.24452, 54.43228000000016], [31.235420000000147, 54.43434], [31.237798400000088, 54.44020620000015], [31.23259000000013, 54.46627], [31.21945, 54.47004], [31.20495, 54.46678], [31.20197810000002, 54.479827100000136], [31.19434670000004, 54.479934400000104], [31.17362, 54.47365], [31.1671, 54.4738200000001], [31.13766, 54.48901], [31.10873, 54.49167], [31.09792, 54.49991], [31.09294, 54.50154], [31.091820000000155, 54.50463], [31.0847, 54.51012000000014], [31.08539, 54.5114099999999], [31.09268, 54.5114099999999], [31.095520000000192, 54.51330000000013], [31.09835, 54.53218], [31.103930000000105, 54.533470000000136], [31.1156000000002, 54.54154000000011], [31.12968, 54.54523], [31.13362, 54.5484100000001], [31.136370000000113, 54.55699], [31.13182, 54.56248], [31.13448, 54.56608], [31.142210000000148, 54.57055], [31.14504, 54.58102], [31.1695000000002, 54.59029000000015], [31.17637, 54.60025], [31.18615, 54.6046199999999], [31.18847, 54.61072000000013], [31.19285, 54.61201000000011], [31.19328, 54.61647], [31.19954, 54.61879], [31.19868, 54.62497], [31.206240000000207, 54.62634], [31.20778, 54.636470000000145], [31.20649, 54.63921], [31.19797890000001, 54.64443939999995], [31.20206040000005, 54.65122470000006], [31.197745100000077, 54.655933200000106], [31.19780540000005, 54.65908630000001], [31.175598899999954, 54.670637299999896], [31.170454100000086, 54.670305000000155], [31.16132800000014, 54.66605049999998], [31.147228800000107, 54.6675578], [31.135681799999986, 54.66495040000012], [31.10981530000015, 54.669364], [31.093700200000114, 54.66132929999998], [31.085607500000037, 54.66552110000009], [31.0767754000002, 54.66592090000012], [31.07034650000014, 54.67372769999997], [31.065185, 54.672496700000124], [31.071054600000082, 54.66751990000006], [31.07075250000014, 54.665737], [31.067094099999963, 54.66454300000015], [31.0529034, 54.66821179999994], [31.03878640000005, 54.66860170000007], [31.031189300000165, 54.672698400000115], [31.021877800000084, 54.67275880000011], [31.01324169999998, 54.674715900000024], [30.991263599999968, 54.67227160000016], [30.986770800000045, 54.685331400000166], [30.9831916, 54.688645300000076], [30.983985299999972, 54.691167], [30.99919830000016, 54.69137820000009], [31.003384500000095, 54.69448670000003], [31.00331159999996, 54.698581900000136], [31.02322049999998, 54.70256489999997], [31.02544140000009, 54.705819400000166], [31.0134541, 54.71375629999994], [31.012134300000014, 54.71706750000004], [31.007990300000188, 54.719367100000056], [30.99674370000008, 54.72175630000004], [30.98961170000007, 54.72138720000004], [30.98279660000003, 54.7164254], [30.984043400000132, 54.715396700000156], [30.977807100000177, 54.71290810000011], [30.970267, 54.718251], [30.96956080000018, 54.725417100000016], [30.956870700000195, 54.73116560000017], [30.959552, 54.73403730000007], [30.951095, 54.73975750000017], [30.953383600000166, 54.74322970000003], [30.939681600000142, 54.74548450000009], [30.9353135, 54.75009820000008], [30.93207770000015, 54.75001520000012], [30.930647, 54.75142360000012], [30.922292, 54.747541], [30.914257, 54.75584200000014], [30.8960462, 54.75439590000002], [30.85527, 54.77345], [30.84249, 54.78393000000011], [30.8321, 54.7887300000001], [30.75451000000021, 54.80504], [30.75156970000012, 54.80952460000009], [30.75837, 54.82323], [30.76859, 54.83525], [30.77331, 54.84615], [30.779400000000123, 54.8508700000001], [30.78223000000014, 54.85577], [30.781120000000158, 54.86049], [30.79193, 54.87456], [30.79648, 54.87765], [30.803430000000105, 54.87903], [30.81502, 54.8786], [30.821802500000217, 54.879798900000026], [30.81983, 54.88418], [30.81459, 54.88727], [30.81416, 54.89387], [30.83476000000013, 54.90752], [30.8285, 54.925540000000126], [30.81811, 54.92838000000012], [30.820260000000133, 54.93061], [30.81682, 54.93696], [30.818710000000124, 54.940220000000124], [30.834604900000045, 54.94851290000008], [30.842677800000104, 54.94787200000013], [30.863242, 54.95094350000011], [30.885036, 54.94855399999989], [30.908414900000025, 54.94900920000009], [30.9020749, 54.958793499999956], [30.914733099999978, 54.96184320000009], [30.94375530000002, 54.95846620000009], [30.93674710000016, 54.96721070000007], [30.935583000000122, 54.97565480000014], [30.941245700000024, 54.97931080000012], [30.942756199999963, 54.97833560000004], [30.96377480000001, 54.9793012], [30.961312299999975, 54.981029], [30.962350400000105, 54.985254800000064], [30.952836900000023, 54.988671600000146], [30.95267860000007, 54.997555], [30.948100600000203, 55.001259900000036], [30.93175510000009, 55.01042819999992], [30.921254400000123, 55.01179150000013], [30.910357399999953, 55.0184938000001], [30.92026370000019, 55.02178770000012], [30.921452500000157, 55.02871549999992], [30.9268019000001, 55.03325760000007], [30.94502960000011, 55.03779920000011], [30.957907800000044, 55.03303050000011], [30.969677300000058, 55.03626400000013], [30.981515500000057, 55.03112550000003], [30.985998600000073, 55.03237010000015], [30.988555200000064, 55.025461200000166], [31.0163996, 55.02947950000009], [31.010795800000153, 55.03959569999989], [31.016329600000063, 55.040559], [31.01605530000012, 55.0468105], [31.027887599999985, 55.062307600000054], [31.00666290000015, 55.06379179999993], [31.004631500000073, 55.0685651], [30.998327099999983, 55.07041010000006], [30.99923780000006, 55.072936800000036], [30.9903018, 55.07684990000001], [30.990084, 55.08741190000012], [30.984235300000023, 55.09419430000014], [30.985609500000066, 55.105769800000076], [31.002397299999984, 55.1160309], [30.98993010000015, 55.1199919], [30.997087200000067, 55.136096], [31.003755100000035, 55.140982], [30.996240700000044, 55.14427749999999], [30.97297140000012, 55.144375700000126], [30.972255099999984, 55.14564150000007], [30.982413899999983, 55.15162910000004], [30.9830521, 55.15810190000002], [30.984966900000018, 55.159742700000095], [30.990391899999963, 55.159712400000046], [30.992466200000194, 55.1629635000001], [30.9863497, 55.16569780000003], [30.98533240000006, 55.17178240000004], [30.975127199999974, 55.17177350000003], [30.968691600000056, 55.169981300000074], [30.964615800000104, 55.1712043], [30.969464900000048, 55.177600400000074], [30.960914400000092, 55.19349170000004], [30.94727, 55.19286870000002], [30.942326300000104, 55.20137640000013], [30.923523300000056, 55.20066010000005], [30.9175457, 55.213071100000036], [30.9213608, 55.21774760000005], [30.91863410000019, 55.22873940000005], [30.905285, 55.240350900000124], [30.90564889999996, 55.24895890000005], [30.90855970000007, 55.251810600000056], [30.88121190000004, 55.26516300000014], [30.88188, 55.27522], [30.87562000000014, 55.28054], [30.847290000000157, 55.279850000000124], [30.8436, 55.2808], [30.82309, 55.27900000000017], [30.81983, 55.282], [30.82326, 55.30869], [30.81892480000016, 55.31621720000004], [30.821022100000107, 55.32025050000016], [30.827070600000184, 55.32343020000013], [30.830590500000085, 55.33417640000005], [30.85442, 55.34346000000011], [30.863711599999988, 55.34446750000012], [30.866495700000144, 55.34830170000015], [30.874169000000165, 55.350932800000066], [30.87673, 55.35856], [30.8977091000001, 55.36901740000013], [30.89699, 55.37144], [30.900156900000127, 55.374873900000125], [30.91756580000009, 55.37502210000014], [30.92214, 55.3765], [30.9266, 55.38749], [30.93355000000014, 55.39581], [30.93467, 55.39985], [30.923600000000192, 55.41298], [30.920160000000124, 55.42362], [30.91304, 55.42851000000013], [30.9054900000001, 55.44053], [30.90454, 55.44465], [30.912591300000088, 55.45623169999999], [30.911920000000123, 55.459750000000156], [30.90695000000011, 55.459840000000156], [30.9018, 55.4619], [30.89965, 55.46396000000016], [30.90111, 55.473320000000115], [30.89613, 55.47383], [30.892440000000192, 55.47684], [30.91819000000021, 55.47684], [30.927464500000042, 55.484340799999984], [30.95218, 55.49443], [30.956900000000132, 55.49426], [30.95862, 55.49709], [30.957330000000184, 55.50362], [30.948920000000157, 55.50679], [30.943510000000174, 55.50533], [30.940930000000208, 55.50679], [30.946510000000217, 55.51082], [30.946080000000165, 55.51323], [30.93638, 55.51031], [30.93029, 55.51117000000011], [30.92797000000013, 55.51297], [30.931840000000193, 55.51846], [30.92815, 55.52104], [30.92171, 55.52215], [30.91536000000019, 55.51992], [30.9139, 55.52207], [30.91364, 55.53194], [30.92617, 55.53074], [30.929, 55.53623], [30.940680000000157, 55.54104000000012], [30.94462, 55.542150000000106], [30.952610000000107, 55.54112], [30.95501, 55.54241000000013], [30.9496, 55.55228], [30.94866000000013, 55.56816000000015], [30.943080000000123, 55.57323], [30.93527, 55.58687000000015], [30.93767000000014, 55.59640000000013], [30.93355000000014, 55.612710000000106], [30.93537300000014, 55.61459550000018], [30.932373, 55.617085500000144], [30.926964500000054, 55.61685940000007], [30.925132400000166, 55.622625200000016], [30.916078600000105, 55.619677900000056], [30.873179000000107, 55.6304798000001], [30.838138100000037, 55.62897920000012], [30.843864700000097, 55.624230300000136], [30.851367400000186, 55.62434059999998], [30.856231399999956, 55.62119180000008], [30.8344176, 55.614233400000046], [30.828896400000076, 55.60459980000002], [30.83264589999999, 55.59892160000004], [30.825133799999946, 55.602841000000126], [30.81698760000006, 55.603042300000084], [30.80889690000015, 55.59990140000008], [30.809144600000025, 55.59445820000002], [30.811592400000052, 55.59427040000014], [30.809487399999966, 55.590519300000096], [30.780124, 55.588303300000064], [30.77259030000016, 55.59212930000007], [30.76477280000006, 55.59035110000002], [30.764035900000067, 55.592468], [30.75711610000019, 55.59455740000004], [30.757438200000024, 55.598261600000114], [30.75078080000003, 55.59723850000006], [30.750892400000055, 55.59995930000008], [30.75878950000009, 55.60379020000016], [30.7592244, 55.60569780000009], [30.755911400000173, 55.60629830000005], [30.755911400000173, 55.60862010000011], [30.75824660000012, 55.6089839], [30.73400000000015, 55.654590000000155], [30.73226939999995, 55.6619675], [30.7296162, 55.66266160000009], [30.729131000000166, 55.661547700000085], [30.7293231000001, 55.66339290000002], [30.727121600000032, 55.66356430000013], [30.718006400000036, 55.65820830000001], [30.716062200000124, 55.66014000000018], [30.711481000000163, 55.6581427000001], [30.706992300000024, 55.65966520000012], [30.70026940000014, 55.65802170000006], [30.70014060000011, 55.656847500000026], [30.6981578, 55.657612], [30.693767700000024, 55.655394800000124], [30.696782500000097, 55.650739900000076], [30.69514260000011, 55.6492943], [30.699421799999982, 55.64754950000008], [30.696965600000112, 55.64415070000007], [30.691648500000042, 55.6403783], [30.68695740000004, 55.642474500000105], [30.6828911, 55.6413182], [30.68154590000006, 55.6390922], [30.67909280000015, 55.64068670000012], [30.676064300000064, 55.64036010000012], [30.67677600000013, 55.63840060000001], [30.673038400000166, 55.63939230000017], [30.675909100000013, 55.63693280000007], [30.672584800000095, 55.63611], [30.668280500000094, 55.6476131], [30.675691500000084, 55.65902139999997], [30.662055700000224, 55.659118800000044], [30.66151850000017, 55.65756510000011], [30.656580000000133, 55.65914], [30.671859200000085, 55.673814100000016], [30.665740200000073, 55.67391070000002], [30.665526399999976, 55.67816810000005], [30.64693239999997, 55.67353450000013], [30.64147000000014, 55.67579], [30.63949450000007, 55.68980620000002], [30.6496185000002, 55.693172300000185], [30.65134, 55.69828], [30.6480381, 55.71013480000016], [30.64157330000012, 55.712874699999986], [30.642012700000066, 55.71608810000015], [30.63402410000009, 55.72099330000009], [30.629036600000063, 55.73056670000011], [30.621006599999987, 55.7321548000001], [30.59475630000003, 55.746949], [30.5899796, 55.747018], [30.581690500000036, 55.75112970000015], [30.568160199999966, 55.75136930000008], [30.5612946, 55.75294080000003], [30.53357690000007, 55.75041840000006], [30.5262788, 55.752679900000146], [30.5218907000002, 55.760543400000074], [30.492877300000032, 55.782919], [30.51788980000009, 55.78876510000015], [30.5187603, 55.79460640000008], [30.51446480000004, 55.79581690000009], [30.511726700000168, 55.79931440000007], [30.487217500000156, 55.805530500000145], [30.487120700000162, 55.80802470000009], [30.481501800000103, 55.812715900000114], [30.416826100000094, 55.80956960000003], [30.40727220000008, 55.81026259999999], [30.404648400000042, 55.817058200000076], [30.400189200000057, 55.81697880000007], [30.3920095000002, 55.81518230000012], [30.38175130000002, 55.8103911], [30.36634879999997, 55.808921], [30.36198930000006, 55.81230950000008], [30.3581074, 55.812655], [30.358714500000133, 55.82113420000013], [30.3451237000001, 55.8260241000001], [30.33947960000006, 55.8352544], [30.326591600000086, 55.83568080000009], [30.286730400000124, 55.83163909999996], [30.282044499999984, 55.8404971], [30.28600590000019, 55.850443500000154], [30.279668900000104, 55.858886400000074], [30.283108900000116, 55.86011220000006], [30.28479350000009, 55.86470320000012], [30.27708530000018, 55.870135800000014], [30.277116, 55.86473870000003], [30.273858500000188, 55.863884400000074], [30.2389521, 55.87176780000004], [30.227813400000173, 55.86896660000008], [30.22771259999996, 55.86462460000001], [30.224765500000217, 55.86474240000001], [30.220475499999964, 55.86973740000013], [30.215348100000142, 55.86977610000014], [30.180462100000057, 55.86248350000017], [30.17164, 55.86858910000012], [30.171857, 55.87605480000002], [30.16908700000016, 55.878680700000075], [30.165638700000102, 55.878996800000095], [30.159375800000078, 55.87855820000004], [30.156705100000067, 55.8747103], [30.165366200000108, 55.870349500000145], [30.169578000000115, 55.86354560000012], [30.163196700000015, 55.861529], [30.1673803, 55.85358310000004], [30.164997, 55.84982030000009], [30.15482410000004, 55.848554399999955], [30.142760200000055, 55.850771200000054], [30.140518600000178, 55.849073800000156], [30.140571100000102, 55.842535500000054], [30.13506540000003, 55.84105650000009], [30.13457080000012, 55.83778110000014], [30.136829, 55.8360879], [30.132262900000114, 55.832504700000015], [30.12888940000005, 55.832054800000094], [30.111104300000022, 55.83459520000014], [30.10698270000006, 55.831247500000075], [30.083545200000117, 55.839507099999935], [30.0843724, 55.84080390000014], [30.080307600000083, 55.841457100000014], [30.08333840000006, 55.843826700000136], [30.076768900000047, 55.84433870000004], [30.079228400000147, 55.845807200000024], [30.075571900000114, 55.84761030000004], [30.070970200000033, 55.84491380000003], [30.071244, 55.83900390000008], [30.067194300000097, 55.84212459999998], [30.06200940000008, 55.84035310000013], [30.060894500000018, 55.847792800000036], [30.053298400000017, 55.84875810000011], [30.05652120000002, 55.849501200000134], [30.051434100000108, 55.85474820000013], [30.0432333, 55.8551106000001], [30.043158200000164, 55.85737470000004], [30.03732309999998, 55.8560665], [30.023839200000054, 55.861253499999975], [30.01820880000014, 55.860714300000154], [30.01207340000002, 55.865559200000064], [30.005527600000164, 55.86582070000003], [29.997103700000025, 55.87031220000006], [29.986753100000044, 55.869763400000124], [29.975790700000175, 55.87148610000003], [29.971483400000125, 55.86678880000005], [29.96403520000007, 55.86330670000007], [29.97138500000017, 55.85686190000007], [29.959362000000112, 55.85639760000004], [29.940931499999976, 55.851726900000074], [29.91620430000006, 55.856966099999966], [29.907953400000224, 55.860681900000145], [29.895156, 55.862722], [29.891348900000025, 55.858226299999956], [29.882037400000172, 55.85539970000008], [29.878050499999972, 55.85220490000006], [29.863716800000077, 55.84911090000003], [29.8776838, 55.84143610000007], [29.872042200000067, 55.837958], [29.868962499999952, 55.83105790000002], [29.862948200000062, 55.8293999], [29.8632675, 55.8265189], [29.857475400000226, 55.826594], [29.857915800000228, 55.823455900000056], [29.847471800000108, 55.816169100000025], [29.83878, 55.81767], [29.83664, 55.815700000000106], [29.8405, 55.81063], [29.83852, 55.80394], [29.81587, 55.79424], [29.80634, 55.78342], [29.79737300000022, 55.780541200000016], [29.792984200000205, 55.78210359999997], [29.78572669999994, 55.7813802], [29.778042899999946, 55.77762309999997], [29.769170000000145, 55.77888], [29.7624831, 55.78110040000013], [29.7621812000001, 55.78464850000006], [29.76591, 55.78754], [29.76561910000015, 55.79141650000014], [29.760680000000207, 55.79449], [29.763029300000085, 55.7947779000001], [29.75269, 55.80076000000014], [29.74538650000011, 55.802392800000064], [29.725684400000148, 55.79983130000005], [29.71632960000005, 55.79178839999997], [29.709707399999957, 55.792712400000084], [29.688958600000035, 55.79034610000002], [29.686501300000145, 55.792291600000055], [29.66403, 55.78857000000016], [29.65830470000003, 55.78629280000001], [29.655553, 55.78136030000013], [29.64343320000006, 55.78226610000013], [29.640289699999983, 55.781168], [29.63488740000014, 55.77422590000009], [29.630387200000087, 55.77540270000014], [29.629087300000037, 55.77947310000013], [29.62282180000011, 55.78031730000015], [29.60340389999999, 55.769512700000064], [29.600083700000084, 55.76590610000005], [29.59725130000004, 55.76641310000008], [29.5960121, 55.76365770000001], [29.585007, 55.7587775], [29.58884, 55.75218], [29.58229160000002, 55.746922000000154], [29.58303250000006, 55.74395320000002], [29.578747800000087, 55.74038850000011], [29.577834199999984, 55.73355980000014], [29.56287870000017, 55.72885120000012], [29.551927500000033, 55.7219091], [29.545363900000154, 55.720601199999976], [29.546258100000045, 55.71711880000015], [29.532401600000185, 55.71316840000014], [29.515285700000163, 55.701575700000035], [29.505001799999945, 55.7053841], [29.479074, 55.70844660000006], [29.46540610000011, 55.71675240000002], [29.457357, 55.71883560000009], [29.453257100000144, 55.73250530000013], [29.43748960000005, 55.73446650000005], [29.413509399999953, 55.74555049999998], [29.409978800000204, 55.74908280000005], [29.40022060000001, 55.75373760000008], [29.378116200000022, 55.75409130000003], [29.360489300000097, 55.75898680000006], [29.35847, 55.76462], [29.358618, 55.7679731], [29.365833100000145, 55.770171600000026], [29.369776200000047, 55.78009970000011], [29.360452200000054, 55.79851340000005], [29.364142900000104, 55.79957700000017], [29.362967700000013, 55.80172560000011], [29.372683100000074, 55.80427420000012], [29.389027300000066, 55.820265], [29.39084460000015, 55.825603], [29.383832200000086, 55.83309400000013], [29.396902200000056, 55.848572500000046], [29.39587930000016, 55.8611421], [29.40361770000004, 55.87237720000002], [29.410319800000025, 55.874256], [29.425252200000045, 55.87255780000004], [29.416035600000043, 55.885776699999894], [29.406317499999943, 55.8892977000001], [29.39934620000014, 55.896280700000034], [29.39638950000011, 55.896741600000155], [29.395429500000034, 55.90339510000001], [29.412222800000052, 55.9017184], [29.429523800000027, 55.9045751000001], [29.425731, 55.90819710000011], [29.445659699999965, 55.907349300000135], [29.45064260000015, 55.913432999999884], [29.460727100000042, 55.91273260000003], [29.479157400000133, 55.918962000000136], [29.472633299999984, 55.92906620000002], [29.46370950000005, 55.93409030000004], [29.4420583000001, 55.94187570000014], [29.4348119, 55.94182640000014], [29.4224216, 55.94537300000013], [29.430197499999963, 55.95226610000009], [29.443759400000147, 55.95313430000016], [29.447591100000068, 55.95450620000014], [29.4499131, 55.95846440000008], [29.43004190000022, 55.96364310000013], [29.422612799999968, 55.968931200000156], [29.38495850000004, 55.97414850000001], [29.35755519999998, 55.971496800000125], [29.340913900000146, 55.97664500000013], [29.335540699999967, 55.98215680000004], [29.305425799999966, 55.99141990000015], [29.290555700000084, 55.990022600000145], [29.28591659999995, 55.987815499999954], [29.26848600000011, 55.995246399999985], [29.25985730000008, 55.99501120000008], [29.255842, 55.997019499999965], [29.249158, 55.99450300000012], [29.24024130000015, 55.995813800000064], [29.235647100000165, 55.990523], [29.22552970000004, 55.990351000000146], [29.222234000000185, 55.98838220000016], [29.215299, 55.98813520000016], [29.20442079999998, 56.00101120000005], [29.155782200000147, 56.02670010000014], [29.146619800000167, 56.0254878], [29.14358510000011, 56.02713290000008], [29.132711800000152, 56.027346799999975], [29.126005600000212, 56.019912], [29.118350500000076, 56.01617250000004], [29.11398800000012, 56.016010200000096], [29.09908029999997, 56.01938300000012], [29.098411600000077, 56.022725], [29.0948238000002, 56.024180400000034], [29.088154800000154, 56.03409610000011], [29.06549720000021, 56.02910610000009], [29.059375500000158, 56.0305265], [29.01207830000004, 56.02593409999997], [29.01176920000006, 56.02291830000007], [29.001880800000094, 56.019848300000035], [29.00593580000003, 56.01382880000011], [29.003568800000153, 56.01238790000008], [28.95257750000013, 56.01289350000013], [28.95193300000011, 56.01043850000008], [28.93976150000003, 56.01100350000007], [28.934674799999982, 56.0025028], [28.93816250000009, 55.999676100000045], [28.940152500000067, 56.00132140000011], [28.944744500000013, 55.99666], [28.940254100000118, 55.99482680000011], [28.925793, 56.0008380000001], [28.9169162, 55.991521900000066], [28.909298799999988, 55.993153900000095], [28.858073, 55.98853790000004], [28.8571867, 55.97645970000008], [28.847837500000196, 55.96880210000012], [28.851090900000088, 55.95840780000003], [28.84862590000006, 55.957105100000035], [28.84902170000015, 55.9538799], [28.845156400000064, 55.954196700000125], [28.836198200000126, 55.959890600000165], [28.829435100000126, 55.9614133], [28.829169299999933, 55.963654599999984], [28.81604610000005, 55.965613200000064], [28.816845500000113, 55.96805750000016], [28.80996590000018, 55.97189940000004], [28.80599310000008, 55.97073750000004], [28.79531259999993, 55.97164070000014], [28.79217560000012, 55.97041060000015], [28.78893320000003, 55.971678], [28.78133000000014, 55.970594], [28.77850790000008, 55.9725739000001], [28.76384589999998, 55.96963630000005], [28.76359780000007, 55.967294], [28.754623200000196, 55.97140730000001], [28.742354900000123, 55.97244690000008], [28.7396753000001, 55.97048100000012], [28.74060620000006, 55.96839920000002], [28.74813140000009, 55.966833], [28.73382739999994, 55.967007], [28.73698990000014, 55.96827020000018], [28.722414100000094, 55.97884760000011], [28.713870900000074, 55.993128500000125], [28.703562100000113, 56.000783600000034], [28.704935600000056, 56.004773], [28.702522900000076, 56.01078610000002], [28.705961600000023, 56.01406720000011], [28.701574300000118, 56.01635390000013], [28.703649400000018, 56.01999910000012], [28.699789700000053, 56.02350819999998], [28.699937900000066, 56.02640720000005], [28.69187870000013, 56.02898120000003], [28.689553, 56.03155780000009], [28.691800500000056, 56.03420060000008], [28.6890732, 56.035989200000074], [28.680916400000115, 56.034310700000105], [28.674238900000205, 56.04044069999998], [28.669908100000157, 56.0405589], [28.667610699999955, 56.04300130000013], [28.66227470000007, 56.04312550000009], [28.657902199999967, 56.045692], [28.655456500000128, 56.04892050000012], [28.656938700000012, 56.05194190000003], [28.65382610000006, 56.05508710000004], [28.65382610000006, 56.0564114], [28.6583468, 56.057735600000115], [28.657309300000122, 56.05922520000007], [28.6547895, 56.0597631], [28.654419, 56.06241130000012], [28.647082, 56.06390070000003], [28.645896200000095, 56.065928], [28.6442658000002, 56.065390200000024], [28.642042400000093, 56.0679965], [28.6440434000001, 56.070975], [28.639152100000047, 56.071885], [28.63641, 56.07444959999998], [28.645676400000013, 56.08230430000009], [28.645357700000147, 56.08563590000006], [28.648283900000138, 56.08453], [28.653619900000194, 56.08614270000004], [28.65391640000007, 56.083082700000034], [28.658437100000015, 56.083372200000156], [28.658363, 56.082131600000025], [28.66206850000009, 56.083], [28.66629290000003, 56.08808610000011], [28.664440100000036, 56.08924380000013], [28.669702, 56.08978130000003], [28.671480600000052, 56.091724500000055], [28.679410500000017, 56.09387440000012], [28.68096680000002, 56.09850430000006], [28.68749390000005, 56.10152630000016], [28.68127240000007, 56.10463390000007], [28.672052400000155, 56.101452100000074], [28.6621674000001, 56.1005305], [28.63529690000007, 56.107021400000065], [28.631095100000095, 56.10136280000012], [28.619900000000143, 56.09936000000016], [28.549125300000014, 56.115764200000115], [28.54372720000009, 56.11337640000011], [28.530071100000157, 56.11337680000014], [28.528218100000117, 56.107614500000125], [28.515455299999985, 56.10897670000003], [28.510128100000088, 56.107732], [28.5085209, 56.10459520000006], [28.505128200000115, 56.106089], [28.50355079999997, 56.10432970000011], [28.499657900000102, 56.10447170000015], [28.498022099999957, 56.10713880000003], [28.494237299999952, 56.107794100000035], [28.481116900000075, 56.10476440000002], [28.467061899999976, 56.10513759999998], [28.453250700000126, 56.09923760000015], [28.44623679999995, 56.093525500000055], [28.444501400000092, 56.09480050000002], [28.439204500000073, 56.094037700000115], [28.43539919999995, 56.09097459999998], [28.427472700000123, 56.0903641000001], [28.42549, 56.08847], [28.42009, 56.08795], [28.417250000000195, 56.08993], [28.425654800000018, 56.09408760000002], [28.422830000000204, 56.09833], [28.41940000000011, 56.09980000000013], [28.403927500000123, 56.10026490000007], [28.397003799999936, 56.11111440000013], [28.378338200000087, 56.111530300000084], [28.373601900000097, 56.10790870000011], [28.378853600000127, 56.1027034], [28.37079940000001, 56.0989148000001], [28.37159, 56.09611400000017], [28.38033140000016, 56.09194860000014], [28.387705899999958, 56.08173120000009], [28.3949346, 56.079035200000135], [28.3914398, 56.075798099999986], [28.3868711, 56.07735370000012], [28.382539300000076, 56.07388690000016], [28.38224, 56.06940999999989], [28.376190099999974, 56.06022410000014], [28.371025400000065, 56.05915690000012], [28.359501799999975, 56.06029290000015], [28.35582869999996, 56.05823460000005], [28.347820000000127, 56.06306000000012], [28.33872, 56.06418], [28.32988, 56.06254], [28.320611, 56.05817010000004], [28.3202162, 56.05944990000006], [28.30439, 56.06263], [28.291165100000057, 56.06896630000017], [28.280079600000022, 56.081308], [28.277911500000187, 56.09511590000017], [28.275930500000072, 56.09544010000002], [28.262698099999966, 56.083389000000125], [28.26009760000011, 56.08295520000013], [28.25797390000008, 56.0869126], [28.251033400000097, 56.0853403000001], [28.248025400000074, 56.086555], [28.24308550000012, 56.08581100000015], [28.240259200000196, 56.09157450000009], [28.2429992000001, 56.11197340000001], [28.247948899999983, 56.1133961000001], [28.2394686, 56.1186325000001], [28.236003700000026, 56.11842340000004], [28.219438800000034, 56.12436990000003], [28.218952599999966, 56.12671419999998], [28.21357740000019, 56.12625710000003], [28.195052300000043, 56.13884430000002], [28.157426699999974, 56.14317580000011], [28.15616669999997, 56.162045399999954], [28.153404, 56.16385759999997], [28.146731700000032, 56.163341], [28.15031790000012, 56.16999240000007], [28.154809100000136, 56.16974759999988], [28.15977500000014, 56.172451200000125], [28.164152800000124, 56.1723854], [28.16861760000006, 56.17707189999999], [28.17951330000011, 56.17990120000013], [28.17838860000012, 56.18560580000002], [28.176095700000133, 56.18617260000002], [28.180250199999932, 56.192975900000135], [28.1864878, 56.194035], [28.186601900000028, 56.200245200000154], [28.183999500000027, 56.20324770000008], [28.178574, 56.204735200000016], [28.1737181000002, 56.2030471], [28.17488220000007, 56.20523150000008], [28.18591980000008, 56.20796], [28.196821300000067, 56.2085661000001], [28.203879600000164, 56.21468340000001], [28.197982600000046, 56.217766900000015], [28.194207399999982, 56.21699590000003], [28.19353650000005, 56.218405900000164], [28.186819400000104, 56.2194644], [28.184120700000108, 56.22620880000005], [28.1854141, 56.23040120000002], [28.198062500000106, 56.24165030000012], [28.217966900000135, 56.2484609], [28.220012600000075, 56.25272180000013], [28.23830259999994, 56.27031970000013], [28.24149040000009, 56.278554], [28.230454, 56.29662570000011], [28.22127880000005, 56.30418090000012], [28.2201725, 56.30862350000001], [28.206206800000018, 56.32277980000015], [28.199337, 56.33795310000005], [28.200737100000026, 56.343459199999984], [28.193484099999978, 56.35239740000003], [28.1937645000001, 56.35786669999999], [28.19011569999998, 56.36157050000003], [28.175528400000076, 56.367529], [28.165547100000026, 56.37457330000012], [28.16306480000003, 56.37957140000009], [28.16793819999998, 56.38014959999998], [28.16983890000006, 56.38591290000005], [28.187145300000054, 56.4038657000001], [28.195118900000068, 56.40497400000015], [28.1863927, 56.41196870000016], [28.182589900000096, 56.427972700000055], [28.186973100000046, 56.42867769999992], [28.195056700000066, 56.44130180000013], [28.192429, 56.44418220000006], [28.1927652, 56.44856610000005], [28.190485, 56.4513917000001], [28.175498, 56.45419940000005], [28.1741836, 56.45671780000009], [28.166827200000114, 56.46009660000004], [28.167211800000132, 56.4630365000001], [28.15749640000007, 56.46709750000002], [28.154705200000024, 56.4734545], [28.142845800000032, 56.47809720000009], [28.13876280000011, 56.48577390000008], [28.129626300000155, 56.49073190000013], [28.129681, 56.49363740000001], [28.125482, 56.49756339999993], [28.129097900000147, 56.49797770000015], [28.130426900000145, 56.500569300000166], [28.128017100000022, 56.50291030000005], [28.133731900000043, 56.509491700000126], [28.12682449999994, 56.51377240000011], [28.114226300000098, 56.50777990000006], [28.103175100000044, 56.50820279999988], [28.0975866, 56.51115230000005], [28.099119400000177, 56.516052300000126], [28.094682, 56.516885200000104], [28.096758500000078, 56.523480300000074], [28.09258110000013, 56.529623800000024], [28.100871900000072, 56.53128500000014], [28.099328800000137, 56.534069400000135], [28.103115100000025, 56.5416828], [28.124143500000173, 56.54633060000015], [28.12638840000011, 56.548191800000154], [28.13635160000007, 56.549115700000016], [28.141742300000033, 56.55196760000007], [28.14265940000007, 56.55355500000013], [28.13759620000019, 56.55842980000011], [28.13731710000002, 56.564354500000036], [28.143526700000052, 56.5717729000001], [28.13523619999995, 56.575980300000026], [28.1354172, 56.57883279999999], [28.1247856, 56.58267850000004], [28.120756500000084, 56.58179210000009], [28.115189, 56.58320450000002], [28.110839700000042, 56.58159010000003], [28.098890600000118, 56.58241490000006], [28.076642799999945, 56.5860634], [28.060352, 56.585789600000055], [28.054523800000027, 56.58422280000008], [28.05054430000007, 56.589179400000035], [28.043213299999934, 56.59037610000013], [28.041224500000055, 56.60360609999998], [28.01143850000011, 56.636690600000065], [28.012733799999978, 56.67243669999988], [28.007206600000075, 56.676396599999975], [28.001688700000045, 56.684369400000094], [27.997192499999983, 56.68528730000003], [27.99468640000009, 56.68882150000002], [27.978539700000113, 56.688617900000054], [27.980390699999987, 56.69156760000004], [27.978391700000145, 56.69086560000005], [27.976358699999935, 56.6934263], [27.982027800000083, 56.70291700000013], [27.980766600000152, 56.706969], [27.975699499999962, 56.70791840000004], [27.962872800000014, 56.70665850000006], [27.962154899999973, 56.712173600000085], [27.95766970000011, 56.71463160000002], [27.94721650000014, 56.715466400000025], [27.94544930000012, 56.72253850000004], [27.93639550000006, 56.728154100000154], [27.92699319999997, 56.729349200000115], [27.917481900000155, 56.73368290000002], [27.911706400000128, 56.74214970000014], [27.91434339999995, 56.75019760000009], [27.9112953, 56.74612860000002], [27.90886260000002, 56.74718630000012], [27.905284400000028, 56.74573559999999], [27.90477250000015, 56.74701890000017], [27.9024111, 56.746533400000146], [27.905155200000195, 56.747370600000124], [27.903807400000062, 56.750472100000025], [27.898484600000018, 56.75237520000013], [27.900609, 56.75987950000001], [27.911855800000012, 56.767725200000086], [27.914970000000153, 56.7732006], [27.92066590000013, 56.7748626], [27.93382610000009, 56.77311450000013], [27.944349300000056, 56.77650269999998], [27.947056700000076, 56.7831086], [27.94127169999996, 56.7883923], [27.939513100000113, 56.7957980999999], [27.9436943, 56.798092], [27.943761700000096, 56.8026673], [27.948261, 56.8047411], [27.95377339999999, 56.804839800000025], [27.95805470000016, 56.807854700000064], [27.964170500000137, 56.805686], [27.97633220000006, 56.811694100000125], [27.97752790000004, 56.8147973], [27.97532760000007, 56.817889900000125], [27.96964230000009, 56.82075070000002], [27.9760799, 56.82504920000008], [27.96564280000007, 56.8272118000001], [27.97088930000001, 56.83052250000014], [27.970794, 56.83257700000013], [27.96657290000013, 56.83347730000003], [27.96890970000004, 56.83572450000014], [27.9647425, 56.83781480000005], [27.958564700000125, 56.83250970000006], [27.948870800000066, 56.8317642], [27.93893429999997, 56.827805400000045], [27.923798799999986, 56.82475820000013], [27.90259090000012, 56.82242310000004], [27.898625500000094, 56.838087800000096], [27.885238500000014, 56.851973], [27.884435500000052, 56.85710119999993], [27.876336, 56.8608966000001], [27.871008099999983, 56.86632820000011], [27.8754062000001, 56.874044300000094], [27.873960600000032, 56.877419], [27.847327899999982, 56.88012530000003], [27.845011699999986, 56.874574700000096], [27.835775599999977, 56.87346729999996], [27.824167500000044, 56.86731340000006], [27.796381699999984, 56.86269160000012], [27.788892300000043, 56.86477540000004], [27.77879400000012, 56.86178160000014], [27.77436440000008, 56.86305660000011], [27.77010610000002, 56.86151160000003], [27.76565830000004, 56.862821], [27.75553510000003, 56.86054910000013], [27.75319980000006, 56.856516200000044], [27.74671539999997, 56.85788700000012], [27.74281940000003, 56.85444890000008], [27.736537900000087, 56.85669230000002], [27.729803100000083, 56.85674040000009], [27.730673199999956, 56.8533523000001], [27.726377000000127, 56.853335400000105], [27.720078300000125, 56.850905000000125], [27.71905320000002, 56.847458900000106], [27.7035904, 56.847589200000016], [27.702388000000155, 56.84161290000009], [27.69425070000011, 56.83965420000004], [27.69222780000007, 56.83721890000015], [27.665228, 56.83578680000011], [27.65944470000005, 56.83436549999993], [27.65539750000005, 56.85319219999997], [27.660273600000096, 56.86146270000006], [27.670569700000215, 56.869889], [27.673910400000068, 56.88720910000012], [27.67217190000008, 56.8957453000001], [27.683234000000198, 56.9067715999999], [27.6863029000001, 56.91582870000002], [27.70460560000015, 56.912291300000106], [27.71346040000003, 56.9150714999999], [27.71442740000009, 56.91307050000006], [27.7232008000002, 56.91466190000011], [27.72990250000015, 56.92037010000007], [27.737645200000202, 56.92024090000007], [27.74288519999999, 56.95685640000005], [27.76852, 57.00250490000013], [27.767303699999957, 57.004920700000014], [27.731426900000145, 57.0012835], [27.7209163, 57.00343440000012], [27.717858599999943, 57.002410400000144], [27.71539750000011, 57.00629350000008], [27.728529400000184, 57.02720580000005], [27.727922400000068, 57.03838040000005], [27.73608750000011, 57.04721380000012], [27.742603200000076, 57.048496], [27.74881289999996, 57.05354220000004], [27.7467797, 57.05940120000008], [27.743065300000126, 57.06092460000002], [27.743651100000136, 57.06592260000002], [27.740039300000035, 57.067578500000025], [27.74298010000018, 57.06772890000008], [27.75568770000018, 57.07867980000003], [27.75843329999998, 57.0782238000001], [27.76356900000019, 57.08030350000007], [27.768725800000027, 57.0856065000001], [27.76542630000006, 57.086607], [27.751687199999935, 57.08409460000007], [27.744498, 57.08721319999995], [27.742922300000032, 57.08967240000004], [27.719100900000058, 57.09310439999996], [27.715167600000086, 57.09765040000008], [27.71934619999996, 57.10366409999989], [27.722212399999933, 57.10035750000003], [27.734929600000214, 57.100942], [27.737530100000072, 57.10319630000009], [27.74570520000009, 57.101445], [27.743579100000034, 57.099430400000074], [27.75239030000006, 57.09830410000018], [27.753335800000116, 57.107304099999965], [27.7422459, 57.111884700000076], [27.7364623000002, 57.11083050000008], [27.733461400000067, 57.11330940000005], [27.736627700000213, 57.1187089], [27.74254710000008, 57.12047339999998], [27.7472654, 57.11982380000006], [27.75587409999997, 57.12367620000015], [27.75146790000008, 57.12671690000002], [27.755736499999955, 57.128207100000054], [27.75791, 57.13118880000002], [27.768312500000093, 57.1320412], [27.772932100000048, 57.134398600000054], [27.77609979999994, 57.13343150000014], [27.781515, 57.13560760000007], [27.78381010000004, 57.1328441], [27.787823799999956, 57.1324103], [27.790548100000137, 57.13541170000002], [27.802054, 57.137535100000036], [27.8059497000001, 57.141356], [27.811594799999966, 57.14129460000004], [27.818273400000123, 57.143264699999975], [27.820137700000032, 57.15168350000005], [27.824178800000084, 57.15325230000002], [27.822307400000113, 57.158043], [27.83331, 57.1666264000001], [27.82830809999996, 57.17431690000012], [27.835075800000027, 57.182084500000144], [27.825574, 57.19211520000016], [27.8309835, 57.19924620000006], [27.825649600000077, 57.200438], [27.8309718000001, 57.20381580000014], [27.82873840000002, 57.20859709999996], [27.84125540000008, 57.2107701], [27.8417386000001, 57.21523040000011], [27.83795040000001, 57.22002160000005], [27.842594700000063, 57.22402160000007], [27.843814900000098, 57.2302618], [27.848825400000067, 57.231944400000145], [27.84822540000016, 57.234302], [27.854706300000146, 57.23541960000006], [27.853662300000053, 57.237666700000034], [27.858792, 57.24495110000004], [27.865618700000084, 57.2442959], [27.870517300000017, 57.247659900000144], [27.86696480000012, 57.249627400000065], [27.86839450000008, 57.254800100000125], [27.863970200000097, 57.2576628], [27.866578500000116, 57.26128920000002], [27.860659300000066, 57.26297440000002], [27.862468600000057, 57.27660420000012], [27.8679621, 57.2807717], [27.869606000000147, 57.28662960000008], [27.866999500000134, 57.28981829999992], [27.8701565, 57.28979500000014], [27.867305800000054, 57.297210400000154], [27.858381600000087, 57.30426280000012], [27.852124400000037, 57.302783700000134], [27.846949, 57.303695700000105], [27.84284220000012, 57.31088409999995], [27.8359279, 57.312324899999965], [27.836427200000116, 57.31476760000015], [27.831933100000015, 57.315628200000106], [27.833904300000086, 57.31761919999997], [27.823713300000122, 57.32299870000014], [27.8144416, 57.32415090000006], [27.782231499999966, 57.320407899999964], [27.77413180000019, 57.327783], [27.773386, 57.33155020000015], [27.776410300000066, 57.3352445000001], [27.7799195, 57.33563740000011], [27.779423000000122, 57.343322700000044], [27.75935200000015, 57.351081], [27.758605600000067, 57.35417760000007], [27.73812040000007, 57.35912339999999], [27.7221485, 57.3610769], [27.68193200000013, 57.37324610000002], [27.683125400000108, 57.377728099999956], [27.67934120000001, 57.38513750000004], [27.673914, 57.38769660000003], [27.6743438000002, 57.392139400000076], [27.67127279999994, 57.39502340000013], [27.623943600000075, 57.40156719999999], [27.6035806000001, 57.415635900000154], [27.59659380000005, 57.4166778], [27.57970030000007, 57.41573410000012], [27.560312599999975, 57.411021700000106], [27.557111200000122, 57.415678200000116], [27.523309700000084, 57.427342], [27.517335000000116, 57.42696109999997], [27.53665010000003, 57.46091710000002], [27.5468902, 57.45924730000007], [27.55267290000006, 57.469203900000025], [27.549276400000053, 57.47197420000009], [27.557245400000056, 57.487003500000014], [27.554681400000163, 57.48910620000004], [27.557053699999983, 57.493372800000145], [27.555736900000113, 57.4976759], [27.5672902, 57.50933240000006], [27.566494100000057, 57.51480870000006], [27.5544304, 57.51953860000009], [27.555462400000124, 57.52120950000011], [27.5534576, 57.52160210000011], [27.549990199999968, 57.51894520000002], [27.546923, 57.519271600000025], [27.556349600000033, 57.537774400000046], [27.50063810000006, 57.540215], [27.48860310000009, 57.535524800000076], [27.4689899, 57.53465069999987], [27.4713279, 57.53010740000002], [27.463227599999982, 57.53042560000006], [27.460965500000043, 57.52881740000004], [27.45239350000014, 57.532044], [27.44435690000006, 57.531992999999886], [27.433362500000044, 57.5256245], [27.429496400000062, 57.5268923000001], [27.426407300000108, 57.52468989999994], [27.415076699999986, 57.522641199999896], [27.40971010000021, 57.52515130000012], [27.398050100000205, 57.52534690000016], [27.3804404, 57.53551480000016], [27.374426100000107, 57.53542560000005], [27.365345100000127, 57.53005930000012], [27.367921, 57.52684490000007], [27.351589900000135, 57.51806809999988], [27.352893800000174, 57.52548410000014], [27.34959070000008, 57.5256897000001], [27.350576, 57.528333799999984], [27.345705300000134, 57.5295724], [27.349435800000037, 57.5310278], [27.348949200000106, 57.535277800000074], [27.34440430000012, 57.537464], [27.342695000000106, 57.5443606], [27.34063520000018, 57.54391830000003], [27.34068730000007, 57.54562950000002], [27.336307500000032, 57.546236300000146], [27.335640799999965, 57.5484763], [27.33811419999995, 57.549893900000086], [27.335952900000052, 57.551094700000135], [27.335863900000106, 57.55885809999995], [27.330277100000103, 57.559638900000095], [27.332787699999983, 57.565064], [27.330462500000124, 57.57053790000003], [27.317455300000063, 57.57998420000001], [27.3282815, 57.58078260000002], [27.34026870000008, 57.5858106], [27.340602399999966, 57.59057310000003], [27.356597700000066, 57.5977904], [27.372617400000024, 57.59776960000005], [27.377722399999982, 57.59607259999996], [27.38412130000006, 57.6035859000001], [27.4047567, 57.61257350000017], [27.401141900000084, 57.61693530000008], [27.388801500000056, 57.616005800000096], [27.38754940000001, 57.62177070000013], [27.39601270000003, 57.622276], [27.400444100000072, 57.624237500000106], [27.401004200000045, 57.632862], [27.399047100000132, 57.63667160000006], [27.38744320000012, 57.6390143000001], [27.385556400000155, 57.64044870000015], [27.387561799999958, 57.64245840000012], [27.38065119999999, 57.64275939999999], [27.37842009999997, 57.64430680000015], [27.381309600000122, 57.64759800000013], [27.377587900000208, 57.648519599999986], [27.38501430000008, 57.6550762], [27.377483100000063, 57.658450699999946], [27.381221600000117, 57.660940200000084], [27.376314800000046, 57.66865650000011], [27.378026300000045, 57.67237040000009], [27.38255930000014, 57.67428760000007], [27.3813545000001, 57.67593190000008], [27.384253400000148, 57.67519760000005], [27.391869400000076, 57.678218900000104], [27.389239100000054, 57.685823], [27.40133090000006, 57.6860261], [27.405805, 57.69404810000009], [27.414270300000055, 57.695973900000126], [27.41108989999998, 57.70047640000013], [27.426819, 57.69981210000009], [27.42499410000005, 57.70338550000014], [27.428713499999958, 57.705879], [27.428868, 57.70859010000004], [27.4470027000001, 57.717408700000135], [27.451661599999966, 57.71668290000008], [27.461863799999946, 57.707227200000034], [27.46948240000006, 57.70875440000009], [27.472177599999952, 57.71684520000002], [27.486223, 57.719967100000076], [27.492572100000075, 57.72288230000004], [27.49032260000007, 57.71736450000003], [27.4970265, 57.708083800000054], [27.501168600000085, 57.706418100000064], [27.506948100000102, 57.70803369999999], [27.506889600000022, 57.713703300000134], [27.518194900000026, 57.70928870000006], [27.52558849999997, 57.709414400000014], [27.521533299999987, 57.71594260000012], [27.526642, 57.73106270000011], [27.541146, 57.73114620000007], [27.54229690000011, 57.733244200000115], [27.5454643, 57.73333660000014], [27.527857900000015, 57.74137270000011], [27.529511900000045, 57.745178200000055], [27.527314000000104, 57.751657600000044], [27.511308400000075, 57.75071660000003], [27.5132893, 57.7525627], [27.527807400000086, 57.754173200000025], [27.526375800000096, 57.75725720000008], [27.518145900000036, 57.75932470000009], [27.514299400000084, 57.76279190000008], [27.507831900000042, 57.763547], [27.50577530000021, 57.772319500000094], [27.512490900000046, 57.7756758000001], [27.50621570000004, 57.78328090000002], [27.497289500000136, 57.7854666], [27.494324, 57.78890190000004], [27.501684300000136, 57.79168250000009], [27.503680700000075, 57.788943300000085], [27.517400399999985, 57.793004], [27.520775, 57.79265800000013], [27.519859900000085, 57.78981720000013], [27.528057199999978, 57.789761900000144], [27.53622940000008, 57.79416950000012], [27.53361930000011, 57.796638], [27.53811410000003, 57.80149630000011], [27.5361577, 57.8051033000001], [27.53225249999997, 57.80673510000014], [27.53558510000005, 57.808566199999916], [27.54264820000003, 57.8084482000001], [27.53909770000007, 57.81096660000014], [27.539111000000105, 57.813901400000134], [27.554137500000138, 57.814269900000056], [27.549897600000122, 57.817026], [27.543038099999933, 57.81682650000005], [27.541573600000106, 57.82317630000017], [27.546036100000038, 57.824048800000014], [27.551251300000217, 57.82172590000005], [27.55173520000011, 57.82696930000009], [27.55433979999998, 57.82704140000004], [27.553925900000195, 57.83187470000007], [27.549362500000086, 57.83165120000007], [27.549218300000064, 57.833347700000104], [27.552423300000044, 57.83417350000002], [27.55416080000009, 57.83209860000011], [27.556723, 57.83265049999994], [27.555584600000145, 57.83406580000002], [27.557956600000125, 57.833824200000095], [27.56404989999993, 57.830793], [27.56642410000012, 57.832249700000034], [27.576359100000047, 57.83172690000009], [27.578860100000043, 57.83361010000016], [27.58209440000013, 57.83269230000002], [27.5841282, 57.834162900000024], [27.58498990000004, 57.832690700000114], [27.586481400000025, 57.83427760000012], [27.596171500000082, 57.83354920000005], [27.602410300000088, 57.83575050000013], [27.60422079999995, 57.834987400000045], [27.613267100000087, 57.83963980000004], [27.6153316, 57.83869280000005], [27.617648400000064, 57.84018880000002], [27.617624500000034, 57.838974600000086], [27.62201310000006, 57.840970500000026], [27.62428250000005, 57.84068200000013], [27.62186429999997, 57.8402059], [27.624988700000017, 57.8381255], [27.628728300000034, 57.840319499999964], [27.639903700000104, 57.84099660000004], [27.648156800000095, 57.8386903], [27.66101180000004, 57.83985080000008], [27.66965090000008, 57.83684230000006], [27.675549700000147, 57.83728880000007], [27.676904100000115, 57.835860800000034], [27.679376800000114, 57.83658980000013], [27.68597390000008, 57.83519750000005], [27.68918380000008, 57.838246900000115], [27.692031699999973, 57.8367515], [27.697751400000016, 57.83842910000004], [27.700225600000124, 57.8417389], [27.7028434, 57.841431300000124], [27.708050300000025, 57.84844749999996], [27.71057180000014, 57.84701740000014], [27.708114800000033, 57.840949599999874], [27.715650400000072, 57.8398494], [27.718056700000034, 57.83633440000011], [27.725168700000154, 57.835078600000145], [27.73024670000018, 57.8306257000001], [27.740926, 57.827721200000155], [27.757438400000126, 57.83485989999997], [27.756322300000136, 57.837025200000085], [27.776319800000067, 57.83346380000012], [27.78793870000004, 57.843509900000015], [27.79563700000017, 57.841216199999906], [27.79840130000008, 57.843971599999975], [27.79206360000012, 57.846169799999984], [27.794164600000045, 57.85137960000009], [27.815626100000088, 57.861788100000126], [27.813334000000168, 57.864093], [27.81779709999995, 57.865708199999915], [27.813519100000065, 57.87088230000012], [27.809508300000175, 57.87243939999996], [27.814507500000104, 57.8764306], [27.816718, 57.882096099999956], [27.808666199999948, 57.88530610000004], [27.809185500000126, 57.88688579999996], [27.818196400000147, 57.8888933], [27.818994700000133, 57.8905618], [27.816308900000138, 57.89540170000009], [27.79912690000009, 57.8982494], [27.781975600000123, 57.897432], [27.770658800000092, 57.89460360000015], [27.761361499999964, 57.89558350000004], [27.753751900000054, 57.89748430000009], [27.7555069, 57.902879100000064], [27.753854100000012, 57.901620700000024], [27.7510395, 57.902593600000046], [27.747042800000088, 57.900256500000125], [27.730137900000045, 57.905930500000125], [27.70543190000012, 57.900128600000016], [27.694911500000046, 57.9074531], [27.70854250000008, 57.90720730000004], [27.719157399999972, 57.91210500000011], [27.71689790000005, 57.91362100000015], [27.716315500000178, 57.919267300000115], [27.718230300000016, 57.92000440000004], [27.709919300000138, 57.922795800000074], [27.6788929, 57.92370319999998], [27.684455, 57.92813860000018], [27.680978, 57.93543620000003], [27.67604680000005, 57.93435010000002], [27.671829800000012, 57.9375832], [27.666846099999987, 57.9418599], [27.669602699999984, 57.946090600000105], [27.656365600000015, 57.95533490000008], [27.660263699999973, 57.95716980000003], [27.684455500000013, 57.96001580000018], [27.685721899999976, 57.9710617], [27.680111900000156, 57.971063100000094], [27.678626099999974, 57.97443530000004], [27.690319600000066, 57.986615], [27.697183700000153, 57.988740600000085], [27.694285300000104, 57.993686600000046], [27.698680000000138, 57.9948086], [27.695856600000127, 57.996295700000076], [27.6985689, 57.998989700000095], [27.68918560000003, 57.999876500000084], [27.69423990000007, 58.00358319999998], [27.693235300000083, 58.004801400000076], [27.682168900000022, 58.00792970000009], [27.66756290000012, 58.00945590000009], [27.662348100000145, 58.01643530000007], [27.657574600000032, 58.01856819999995], [27.649134500000173, 58.0189046000001], [27.649335300000075, 58.01438380000013], [27.652648100000135, 58.012643300000036], [27.65547490000006, 58.0057915000001], [27.648738200000082, 58.00280110000011], [27.64998580000008, 57.998669900000095], [27.657864200000063, 57.99827750000014], [27.6539325, 57.99540850000005], [27.64371470000009, 58.001046500000086], [27.634133600000155, 58.003369400000054], [27.618005400000072, 58.01353730000011], [27.608029499999986, 58.05430760000013], [27.63445850000005, 58.09715340000014], [27.590272700000014, 58.118556000000126], [27.49096949999995, 58.22463269999997], [27.488329600000043, 58.30398120000007], [27.55298900000014, 58.36627130000005], [27.357336600000053, 58.78722170000009], [27.7310903, 58.97275159999998], [27.7320890000002, 58.97621080000005], [27.73776450000014, 58.97789], [27.745909400000073, 58.985154199999954], [27.74692170000003, 58.99155330000008], [27.740287200000125, 59.0081781], [27.7448287000002, 59.026806599999986], [27.7511058, 59.03132090000014], [27.76808139999997, 59.03311930000007], [27.774707900000067, 59.044705], [27.77145560000008, 59.05114569999995], [27.773144200000047, 59.05839680000008], [27.7804691, 59.06532629999998], [27.792153, 59.070040800000015], [27.792701700000123, 59.076886500000114], [27.788914100000113, 59.08178950000007], [27.78807970000014, 59.09120310000003], [27.80126480000007, 59.10355060000006], [27.8097656, 59.10721639999997], [27.80348960000009, 59.11361740000007], [27.80870550000003, 59.12972960000002], [27.819367200000045, 59.13439510000006], [27.831067299999972, 59.1448926], [27.842965, 59.148921500000085], [27.86485540000001, 59.16088990000003], [27.871155100000067, 59.17151830000017], [27.887660800000106, 59.18386020000008], [27.900424400000077, 59.207657900000015], [27.89610590000018, 59.21793800000012], [27.89999910000006, 59.235855300000026], [27.904331, 59.24126510000002], [27.92460410000001, 59.2546853], [27.9578292, 59.27197770000009], [27.9982814, 59.27639860000011], [28.021907100000135, 59.28495420000013], [28.04643589999995, 59.29010929999998], [28.09257709999997, 59.29181710000006], [28.10861239999997, 59.291572500000086], [28.120008900000016, 59.28974090000008], [28.131204200000127, 59.2909734000001], [28.15376260000005, 59.312085], [28.167837299999974, 59.33379320000006], [28.191905300000087, 59.347182200000134], [28.191039500000045, 59.352838200000065], [28.19878670000014, 59.35599190000005], [28.19914, 59.361155900000085], [28.205799000000184, 59.36413639999995], [28.205896100000075, 59.36704930000013], [28.210017500000163, 59.37036770000003], [28.20298650000018, 59.37489730000004], [28.2085318, 59.38009640000013], [28.208568800000194, 59.383744099999944], [28.191225499999973, 59.40064520000004], [28.17561109999997, 59.40523410000009], [28.16508520000002, 59.41159240000002], [28.139052100000015, 59.41938660000011], [28.1256573, 59.4370363000001], [28.086585900000046, 59.4586691], [28.077940500000068, 59.46080390000003], [28.05445709999998, 59.46216880000003], [28.045882800000015, 59.46549579999993], [28.04274870000006, 59.47161250000016], [27.8572079, 59.582155800000066], [26.915, 59.63166610000013], [26.4401694, 59.938375400000155], [26.590774589519818, 60.0], [41.0, 60.0], [41.0, 47.0], [39.01872947273818, 47.0], [39.026944200000116, 47.005184600000064]], [[36.05386180000011, 52.93059100000016], [36.04987160000019, 52.934979699999985], [36.0390529, 52.929599200000155], [36.04361900000015, 52.927094700000055], [36.04374240000004, 52.925954], [36.05386180000011, 52.93059100000016]]], [[[31.574332, 52.483874], [31.578710000000115, 52.481411], [31.581628, 52.4764320000001], [31.57562, 52.4630140000001], [31.566607, 52.466002], [31.561973, 52.476223], [31.545579000000146, 52.472292], [31.539142, 52.472711], [31.533133, 52.485655], [31.574332, 52.483874]]], [[[21.51796410000003, 55.18594160000009], [21.5344616000001, 55.194321000000116], [21.543372800000043, 55.196899500000086], [21.570132, 55.198127900000145], [21.5773059, 55.19651460000006], [21.594637799999987, 55.18791090000013], [21.613566, 55.18707480000006], [21.6491949, 55.18081130000013], [21.66996660000018, 55.167902800000036], [21.685949000000107, 55.16367000000014], [21.70984150000004, 55.1512874], [21.716353500000082, 55.14525190000012], [21.717261, 55.136778000000106], [21.72259880000007, 55.133053100000154], [21.743102300000146, 55.12967530000009], [21.76085360000002, 55.12317660000008], [21.777908800000034, 55.11942010000013], [21.805135099999973, 55.12014920000007], [21.8162719, 55.11868370000013], [21.84851670000006, 55.097456], [21.879422299999987, 55.09363120000012], [21.916390500000034, 55.08099240000007], [21.96428470000012, 55.07385380000011], [21.97066920000009, 55.0755079], [21.98353960000003, 55.083907400000044], [21.997757300000103, 55.086734800000045], [22.012142400000016, 55.08690440000004], [22.035273500000017, 55.083120700000165], [22.04027, 55.078454], [22.0398265, 55.06951919999989], [22.031828, 55.05893230000004], [22.030724800000087, 55.05418980000002], [22.0369134, 55.042544000000134], [22.047652800000037, 55.03393850000009], [22.07581540000001, 55.02499769999997], [22.1002438000001, 55.0241491000001], [22.12056410000008, 55.027768600000115], [22.127725500000054, 55.03449940000013], [22.13367, 55.046420400000045], [22.1585655, 55.055638499999986], [22.185696600000085, 55.053677800000116], [22.21809950000005, 55.06034530000005], [22.252790800000014, 55.06153240000003], [22.291359500000112, 55.064764], [22.315679600000124, 55.0618733], [22.3483005, 55.0616275000001], [22.39458040000011, 55.05329670000003], [22.42543070000005, 55.05396130000014], [22.457093300000054, 55.045047599999975], [22.470597200000043, 55.044526099999985], [22.491235900000106, 55.047693], [22.545168, 55.06526709999997], [22.573820800000078, 55.069698800000026], [22.589236099999937, 55.07024300000012], [22.59188020000005, 55.06013410000003], [22.59039210000003, 55.05409880000013], [22.597438100000034, 55.045990500000016], [22.595400700000027, 55.04474069999998], [22.597209500000133, 55.0370572], [22.594469400000037, 55.03394010000005], [22.59604550000006, 55.02550360000009], [22.601971300000116, 55.02014970000016], [22.603490300000203, 55.01331920000007], [22.614609100000052, 55.012391], [22.614946, 55.009717500000136], [22.625048799999945, 55.004148800000166], [22.628322599999933, 54.99769270000013], [22.626557, 54.99557470000002], [22.635185900000124, 54.989382200000136], [22.636244, 54.98507619999998], [22.643102, 54.98401250000012], [22.6416299, 54.972367500000075], [22.644063300000084, 54.96989570000005], [22.652834199999972, 54.96503560000008], [22.657351600000027, 54.96781090000002], [22.660664800000063, 54.96452249999987], [22.66380880000014, 54.96456720000003], [22.66832379999994, 54.969208500000036], [22.663853, 54.9707778], [22.664763400000083, 54.973954500000104], [22.65936870000013, 54.98187740000003], [22.670838600000025, 54.98815450000018], [22.678071700000032, 54.987500700000055], [22.687677500000063, 54.98070840000008], [22.690025, 54.971603100000095], [22.69536390000013, 54.9706048000001], [22.701206700000057, 54.9735960000001], [22.7071681, 54.97354150000007], [22.713553100000013, 54.96779470000007], [22.726138, 54.963179400000115], [22.729631400000017, 54.95971380000009], [22.72791559999996, 54.954756], [22.733734800000036, 54.94717820000011], [22.7404325, 54.9447786], [22.742736900000068, 54.93905080000002], [22.762702500000046, 54.9376509], [22.766350800000055, 54.93547720000009], [22.7667773, 54.93270890000002], [22.754926700000055, 54.92934340000005], [22.749373799999944, 54.924978], [22.749141, 54.92303220000014], [22.754485500000158, 54.918605499999956], [22.761869700000034, 54.91692520000004], [22.7686657000001, 54.92340260000003], [22.78301640000018, 54.92483350000015], [22.788786300000083, 54.91975990000009], [22.7878212, 54.9085283], [22.7932571, 54.90371850000014], [22.799610800000096, 54.902548], [22.809723599999984, 54.90992960000011], [22.8204005, 54.9119829], [22.8259928, 54.9064729000001], [22.83589930000005, 54.90385229999998], [22.83622120000001, 54.898676600000044], [22.84137060000012, 54.89912439999995], [22.846313399999985, 54.897382], [22.84740880000004, 54.890235500000074], [22.851759200000117, 54.890051299999925], [22.85531680000014, 54.886332], [22.843697500000076, 54.875226600000076], [22.83968809999999, 54.864231099999984], [22.8436256, 54.8611912], [22.848097399999972, 54.8613777], [22.859258600000146, 54.85817580000008], [22.8645426, 54.8540670000001], [22.869084100000066, 54.85315290000017], [22.869108799999935, 54.850466800000106], [22.864843, 54.84925060000006], [22.864273300000093, 54.84607669999997], [22.859802600000023, 54.84303060000002], [22.858754399999953, 54.838788], [22.8636853000001, 54.83639930000004], [22.87646550000005, 54.83382080000007], [22.88001390000005, 54.825475400000016], [22.878069500000095, 54.82306990000012], [22.872625699999958, 54.82325470000012], [22.87098740000016, 54.820209900000066], [22.8781113, 54.8189013], [22.880322499999977, 54.81589940000015], [22.885377600000083, 54.815566900000135], [22.886659, 54.8140818], [22.88540910000006, 54.8113436000001], [22.878117799999984, 54.81152850000012], [22.87333490000003, 54.80543620000003], [22.874945300000036, 54.8004241000001], [22.87181240000018, 54.7973485], [22.877945000000125, 54.79325140000009], [22.877908600000126, 54.790805], [22.872030200000097, 54.78858479999997], [22.860867900000073, 54.78831140000011], [22.854606599999954, 54.789844300000084], [22.848327000000154, 54.78566670000015], [22.859514399999966, 54.777507600000035], [22.84856460000009, 54.7746085], [22.849588600000118, 54.771406700000114], [22.844098700000075, 54.76684680000011], [22.8404071, 54.76864310000008], [22.831235900000024, 54.769129000000135], [22.826432799999964, 54.76402070000006], [22.821306300000174, 54.76677070000005], [22.81303280000003, 54.766518900000165], [22.812750900000026, 54.76266710000016], [22.808031300000096, 54.75980220000008], [22.80500670000015, 54.754364900000155], [22.8139362, 54.75679270000012], [22.815748300000052, 54.75546270000001], [22.811946500000033, 54.751805300000115], [22.808266, 54.753372100000036], [22.8063297, 54.752573400000074], [22.805317699999932, 54.74931010000006], [22.807147800000052, 54.74800619999996], [22.80373920000011, 54.749145900000144], [22.80428729999994, 54.74777360000013], [22.799585300000103, 54.74753580000015], [22.801238600000147, 54.75025189999997], [22.796767900000077, 54.751595899999984], [22.7999618, 54.75333190000009], [22.794212, 54.753632], [22.793478400000026, 54.7526135], [22.79249490000018, 54.753757400000154], [22.79104590000003, 54.752372600000115], [22.790521100000092, 54.75437050000005], [22.782536800000116, 54.74907539999998], [22.77828500000021, 54.75044610000009], [22.778035, 54.75211250000012], [22.774034200000074, 54.75118170000002], [22.776845200000082, 54.74872220000009], [22.773954, 54.74813010000014], [22.76689210000012, 54.737959800000056], [22.762971700000094, 54.7377044000001], [22.763909500000068, 54.73630500000013], [22.760606700000153, 54.73510270000014], [22.758654100000058, 54.73585860000014], [22.754275399999983, 54.73218960000014], [22.750866, 54.73257270000005], [22.749817300000075, 54.7305702000001], [22.748757, 54.73193680000003], [22.743582000000174, 54.73149829999994], [22.745026199999927, 54.730192300000056], [22.741595400000108, 54.728059300000155], [22.74588319999998, 54.725515100000166], [22.738610900000083, 54.71895460000002], [22.7402426000001, 54.7180709000001], [22.738733400000115, 54.71689319999996], [22.741023800000107, 54.71697130000007], [22.740275099999963, 54.7152898], [22.742820700000095, 54.71575530000018], [22.74317120000012, 54.71216640000006], [22.748372, 54.71202590000013], [22.748963, 54.70643860000007], [22.74510250000003, 54.70603449999999], [22.741856600000062, 54.70305330000008], [22.736993700000028, 54.703005800000085], [22.739663100000143, 54.69901780000015], [22.73609959999999, 54.69784350000015], [22.73338030000002, 54.70017060000015], [22.734072300000093, 54.69860860000006], [22.73205180000008, 54.69887160000013], [22.731565100000125, 54.69734260000007], [22.729250900000125, 54.69799570000015], [22.729615600000102, 54.692394], [22.724411, 54.68997630000007], [22.726616300000103, 54.68732270000004], [22.723337900000104, 54.68601600000011], [22.72687540000004, 54.68211150000002], [22.729314100000067, 54.68182230000008], [22.7287189, 54.67886020000009], [22.733784, 54.680309800000146], [22.7377209, 54.679686400000094], [22.737348, 54.67619570000011], [22.7404927, 54.674043400000016], [22.737503599999968, 54.672561], [22.738764, 54.6705171000001], [22.729171100000087, 54.66867550000012], [22.730770300000074, 54.66643720000002], [22.736922100000015, 54.6645691], [22.737374700000146, 54.66168170000003], [22.742032100000188, 54.65791580000001], [22.750862700000027, 54.656504500000096], [22.757204500000057, 54.6526151], [22.754692600000055, 54.647611], [22.745860100000016, 54.64713180000001], [22.7416839, 54.642651099999966], [22.750342199999977, 54.63873480000012], [22.748773800000038, 54.6308947], [22.7448961, 54.62854650000003], [22.745381800000075, 54.62670960000008], [22.726596500000085, 54.622977400000025], [22.725781900000015, 54.618946], [22.72050489999998, 54.61660130000007], [22.72223610000009, 54.614802300000065], [22.7200327, 54.60661580000004], [22.7055471, 54.60282120000011], [22.69769690000004, 54.59455690000004], [22.685862199999974, 54.5907299000001], [22.68385860000012, 54.585972], [22.683760399999983, 54.5828578], [22.686996800000088, 54.579681500000106], [22.699644400000068, 54.576103100000125], [22.7033373000001, 54.5670738], [22.713758500000097, 54.563659200000075], [22.70664839999995, 54.560091600000135], [22.703007, 54.55393400000014], [22.694183899999985, 54.55025770000003], [22.691867099999968, 54.54218409999993], [22.685667500000022, 54.53922040000003], [22.6805898, 54.533372], [22.68382370000006, 54.529401], [22.681607, 54.52463820000003], [22.684442, 54.51849430000004], [22.68952640000009, 54.5165462], [22.694289500000025, 54.5094638], [22.69919219999997, 54.50738], [22.6959844000001, 54.50506560000008], [22.696634400000107, 54.48963740000005], [22.704118500000106, 54.46690959999995], [22.701100700000154, 54.453633800000034], [22.736439, 54.44291670000007], [22.767173700000114, 54.384579500000086], [22.789343900000063, 54.36872240000008], [22.791996299999937, 54.36332270000008], [22.726875200000052, 54.3608979], [22.70277230000005, 54.361321400000065], [22.6793336, 54.36004989999998], [22.660536300000103, 54.35558420000001], [22.641544500000066, 54.35376980000012], [22.61651889999996, 54.35567480000003], [22.596363300000064, 54.35357730000004], [22.571367799999962, 54.3538721000001], [22.528228, 54.34915980000011], [22.446999800000015, 54.34868150000011], [22.434467, 54.346285], [22.421774, 54.34844990000016], [22.382596799999988, 54.34468480000004], [22.330759200000102, 54.343308500000035], [22.3292505, 54.34453980000012], [22.319767500000125, 54.34293760000003], [22.31866600000012, 54.34053750000004], [22.23880779999996, 54.34171700000013], [22.232029, 54.34021630000012], [22.229278099999988, 54.34050330000008], [22.22568250000006, 54.343781900000124], [22.17936940000004, 54.337225600000124], [22.097072300000036, 54.33741130000004], [22.06235920000006, 54.33564970000015], [22.00996090000001, 54.336209], [21.969879500000104, 54.332681500000035], [21.9135776, 54.333704500000124], [21.8509029, 54.33128010000007], [21.7967046, 54.33178620000001], [21.677085499999976, 54.326863], [21.63535140000016, 54.327410499999985], [21.579259100000115, 54.325618700000064], [21.573604000000103, 54.325369], [21.57037020000007, 54.32203420000013], [21.553302500000086, 54.32286540000001], [21.552816800000016, 54.325211100000104], [21.53047870000006, 54.32547760000011], [21.495703, 54.324014900000066], [21.46782429999996, 54.32001229999997], [21.445369, 54.31877830000002], [21.4369797, 54.32625090000016], [21.4337423, 54.326873400000125], [21.414334600000018, 54.32621780000005], [21.39354460000004, 54.32790970000008], [21.379499100000032, 54.33104320000001], [21.3238986, 54.32929880000012], [21.302913500000102, 54.33353690000013], [21.290605600000106, 54.33233160000003], [21.274325200000078, 54.328392800000074], [21.26133210000006, 54.32913790000009], [21.196760200000142, 54.3377825], [21.164116100000115, 54.33729580000005], [21.143218000000104, 54.3425504], [21.0988294, 54.34674339999998], [21.038081300000044, 54.3485955000001], [21.007105600000045, 54.35356330000013], [20.95797690000012, 54.354691600000024], [20.951345200000105, 54.35713200000015], [20.92593860000011, 54.35642910000007], [20.85757620000004, 54.35922370000003], [20.848385300000075, 54.36069230000004], [20.818442900000093, 54.36001010000007], [20.74081650000005, 54.36928670000009], [20.7172991, 54.36914940000008], [20.692769900000144, 54.372119699999985], [20.648106499999983, 54.37118], [20.6310833, 54.366328500000066], [20.61687890000013, 54.37255570000002], [20.584409300000118, 54.37789980000002], [20.538186499999938, 54.380824500000074], [20.515197300000125, 54.380578200000116], [20.505367900000067, 54.38258440000004], [20.438368, 54.38786790000006], [20.404167700000073, 54.39279090000008], [20.361325900000054, 54.39583190000013], [20.332428700000094, 54.40105360000001], [20.221075100000064, 54.4087528], [20.069372300000055, 54.42213050000004], [20.007365400000026, 54.424739900000134], [19.803860600000064, 54.44240450000012], [19.8143794, 54.45881120000013], [19.830903600000113, 54.46928760000009], [19.85062, 54.47426], [19.8671389000001, 54.48266040000004], [19.900910000000124, 54.48498000000012], [19.90568, 54.48758000000015], [19.91622, 54.48844], [19.91923, 54.490910000000156], [19.92409, 54.49044], [19.92631140000009, 54.491972799999985], [19.923976900000014, 54.493947300000116], [19.926080799999966, 54.495349], [19.92439780000018, 54.493736], [19.928044300000067, 54.49480070000004], [19.928887600000053, 54.49297960000018], [19.92820359999996, 54.4951195000001], [19.935882900000138, 54.49549120000012], [19.94056, 54.49980000000011], [19.94407, 54.5006], [19.94665, 54.502930000000106], [19.944840000000113, 54.50471000000016], [19.94877, 54.50577], [19.947453800000062, 54.50778130000003], [19.952282200000013, 54.51092970000013], [19.959980000000144, 54.52379], [19.965120300000024, 54.538778200000024], [19.96621090000002, 54.55253770000007], [19.973097799999948, 54.555811], [19.9806678, 54.569849200000135], [19.99331630000006, 54.57685480000015], [20.00942450000008, 54.577031900000065], [20.02106, 54.57515000000012], [20.04601, 54.56395], [20.05113, 54.55246], [20.05559000000011, 54.54994], [20.060030000000154, 54.54843], [20.06749, 54.54952000000014], [20.07231000000013, 54.55109], [20.072720000000118, 54.55264], [20.09162, 54.55457], [20.0929, 54.55663], [20.10992000000016, 54.56418], [20.111297600000114, 54.56671630000011], [20.12257, 54.57042000000013], [20.12122, 54.57143], [20.12869000000012, 54.57277], [20.142154100000027, 54.58131], [20.147720000000106, 54.59058000000016], [20.15037, 54.5906], [20.151630000000125, 54.59342000000015], [20.15949, 54.59732], [20.20998, 54.60957], [20.236410000000205, 54.61205], [20.24458980000003, 54.61470509999998], [20.24280570000002, 54.61663590000006], [20.24914, 54.61610000000013], [20.25175, 54.6179], [20.26319, 54.620020000000125], [20.27629000000013, 54.62804], [20.28724230000006, 54.63196550000015], [20.289372300000082, 54.63608550000015], [20.293332299999975, 54.637125500000025], [20.3020573, 54.64655610000017], [20.294030299999974, 54.6910684], [20.29202229999993, 54.68680570000009], [20.277049, 54.687214300000164], [20.27404130000008, 54.692226400000095], [20.267242, 54.689448900000116], [20.26655930000004, 54.68769090000018], [20.25740920000004, 54.688090399999965], [20.249420600000064, 54.68636380000015], [20.24404830000003, 54.69316910000009], [20.233538300000134, 54.690462], [20.22477, 54.6906], [20.219679600000063, 54.68777590000008], [20.194869700000027, 54.69296560000015], [20.194115099999976, 54.691035900000145], [20.178663, 54.6917788], [20.173938799999974, 54.69468940000013], [20.178296300000113, 54.690216700000065], [20.1757657, 54.687756900000124], [20.165279900000144, 54.6868518], [20.158234600000014, 54.68095910000005], [20.151749300000063, 54.68021020000009], [20.131036500000107, 54.66592830000002], [20.128436400000112, 54.66656250000011], [20.1299639, 54.66553179999988], [20.12637740000008, 54.662512400000026], [20.121117900000115, 54.662212], [20.120588200000157, 54.665544699999884], [20.11878980000006, 54.66517670000002], [20.11839350000014, 54.65774290000007], [20.103623500000026, 54.65339080000007], [20.086747, 54.651686200000086], [20.08429780000006, 54.65275120000007], [19.886671400000125, 54.63186590000004], [19.887347600000112, 54.625054700000135], [19.879417399999966, 54.62375140000012], [19.874713400000132, 54.619145100000026], [19.875945700000102, 54.6170841], [19.883744400000012, 54.61551940000004], [19.8819317, 54.61016960000006], [19.85309330000007, 54.6016778], [19.84885490000005, 54.593683500000054], [19.832498300000054, 54.58563130000016], [19.82618610000003, 54.57651420000002], [19.818292700000143, 54.57135740000007], [19.806907400000114, 54.55593], [19.79433640000002, 54.553210400000125], [19.786162399999967, 54.54666070000013], [19.781822500000033, 54.54586770000009], [19.77865, 54.54272], [19.771991, 54.54033940000011], [19.77266, 54.52921], [19.759759500000143, 54.52431819999998], [19.75128159999997, 54.5155565], [19.75177180000003, 54.51361290000011], [19.73686, 54.50476], [19.733449899999982, 54.49936280000003], [19.7345575, 54.49610330000013], [19.72476729999994, 54.494446], [19.71966, 54.49189730000012], [19.703921800000046, 54.48140970000014], [19.701757300000168, 54.47755980000011], [19.68352, 54.47320000000013], [19.679264400000193, 54.4698418000001], [19.6708375, 54.4684094000001], [19.649111100000027, 54.45330510000002], [19.639004900000145, 54.45839610000007], [19.6834669000001, 54.48560820000006], [19.772018899999978, 54.54711360000016], [19.84067820000007, 54.600038], [19.86574320000011, 54.62284350000016], [19.877408700000046, 54.636221900000066], [19.876954, 54.63900070000011], [19.865310000000136, 54.6467], [19.8688949000001, 54.649316], [19.874441, 54.647184800000105], [19.880545700000027, 54.65006520000003], [19.91217430000006, 54.682082600000115], [19.93148620000011, 54.70658730000008], [19.953, 54.74453000000011], [19.96045, 54.76483], [19.96454060000002, 54.78807189999998], [19.959271200000103, 54.810616400000015], [19.95237, 54.82034], [19.94751, 54.83695], [19.932831000000192, 54.86082660000005], [19.930429, 54.883064], [19.931436200000064, 54.901593000000105], [19.93494710000016, 54.9111815], [19.94600589999999, 54.927594600000134], [19.96075529999996, 54.93851600000016], [19.977962100000127, 54.960919500000045], [19.99245330000008, 54.960766100000114], [20.00438150000008, 54.9535702], [20.01206740000009, 54.952099000000146], [20.016007200000104, 54.949004], [20.021217200000024, 54.94774280000013], [20.03673960000009, 54.94639089999998], [20.07065040000009, 54.948356900000135], [20.081780900000012, 54.94724820000005], [20.09278940000013, 54.94794880000012], [20.1234108000001, 54.94397960000015], [20.158027400000094, 54.94711320000005], [20.194283900000073, 54.95637120000009], [20.2160159, 54.9603265], [20.20844290000008, 54.958681200000115], [20.212398800000187, 54.954758], [20.216202299999964, 54.9553353], [20.21412209999994, 54.958348900000146], [20.216258900000184, 54.95555020000006], [20.21974230000012, 54.95479540000014], [20.236187200000074, 54.95563850000008], [20.27080510000002, 54.963171800000055], [20.272640199999955, 54.96040050000005], [20.2992213, 54.94341590000005], [20.353930000000105, 54.93724], [20.37179120000002, 54.93774860000008], [20.39826720000002, 54.94204090000011], [20.446686600000078, 54.9529862], [20.49989, 54.96931], [20.54931, 54.98768], [20.590593600000034, 55.005712500000016], [20.68016, 55.05776], [20.72522, 55.08989], [20.77365, 55.13327000000015], [20.85255, 55.19228000000015], [20.87711, 55.2146], [20.929440000000113, 55.25639], [20.95370240000011, 55.280833400000176], [20.984323900000106, 55.277519700000084], [20.98250440000004, 55.2743382999999], [20.984127500000056, 55.27143360000008], [20.998180399999967, 55.26489470000013], [20.974937500000124, 55.260374300000024], [20.9504789, 55.25200140000004], [20.945533600000147, 55.24773790000006], [20.9445533, 55.239016700000036], [20.939774199999988, 55.2350788], [20.925468700000124, 55.23045429999996], [20.91309910000001, 55.224356], [20.900474200000133, 55.207232700000134], [20.87807, 55.19155], [20.87476, 55.18207], [20.849949900000183, 55.16608699999989], [20.850397100000066, 55.15859300000017], [20.855930500000113, 55.15660030000015], [20.85538870000005, 55.15492920000008], [20.85592130000009, 55.155993900000055], [20.863705, 55.153237200000035], [20.84871, 55.1444], [20.8255, 55.13502000000017], [20.7947, 55.12613], [20.7611, 55.10097000000013], [20.756460000000118, 55.09354], [20.734220000000107, 55.08016000000015], [20.7067, 55.05808], [20.659600000000125, 55.03517], [20.64491, 55.03192], [20.638260000000116, 55.02845], [20.63385000000011, 55.0227900000001], [20.62077, 55.01482], [20.619179700000075, 55.006879300000094], [20.600798899999972, 55.00226320000007], [20.600558300000102, 54.999274], [20.57976120000012, 54.9844235], [20.54966, 54.9779817000001], [20.53796320000015, 54.9777229], [20.533112300000028, 54.96838040000006], [20.531009599999948, 54.96856530000008], [20.53433840000008, 54.964973400000076], [20.5348292, 54.959387], [20.528728500000057, 54.958384100000046], [20.530772900000102, 54.961724], [20.5263, 54.95686], [20.51341, 54.95566], [20.511703, 54.95399650000007], [20.52053000000012, 54.95594000000011], [20.529360899999972, 54.950303], [20.5261, 54.95481], [20.52815670000001, 54.95656380000008], [20.53427620000008, 54.9553803], [20.5343762, 54.95400340000015], [20.532480900000053, 54.95509050000004], [20.53013690000006, 54.953833100000054], [20.527763300000117, 54.95551480000012], [20.528713, 54.95249690000003], [20.534012300000086, 54.95182760000006], [20.534580300000016, 54.953628500000036], [20.54249690000006, 54.944554200000084], [20.55263190000005, 54.9404505], [20.569519300000024, 54.938027600000055], [20.574033500000155, 54.93406410000006], [20.578002600000104, 54.9336427], [20.5809107, 54.93818870000007], [20.582361099999957, 54.93510630000014], [20.591960000000142, 54.93328], [20.59550000000013, 54.93509], [20.59768, 54.940220000000124], [20.60081, 54.93869], [20.60971, 54.93833], [20.62214, 54.94055], [20.627480000000105, 54.94005], [20.62794, 54.93852000000015], [20.63772, 54.93944], [20.64219, 54.93754], [20.64351, 54.93857], [20.64619, 54.93729000000013], [20.64841, 54.93832], [20.65509, 54.93757], [20.66132, 54.93657], [20.66133, 54.935420000000136], [20.672280600000022, 54.93722410000004], [20.6755377, 54.936277], [20.677358200000185, 54.93754710000013], [20.681148300000075, 54.9347659], [20.688533500000062, 54.93393780000008], [20.69245180000007, 54.930430000000115], [20.693499100000054, 54.93421560000013], [20.697555200000124, 54.93377950000013], [20.694109600000104, 54.933301100000165], [20.694873400000063, 54.93131480000011], [20.70317, 54.93295], [20.709483799999987, 54.93265280000014], [20.71154220000011, 54.930845900000065], [20.739352900000085, 54.933360700000094], [20.74704829999996, 54.935544199999924], [20.747547, 54.937611400000094], [20.755619700000068, 54.94038300000011], [20.7606601, 54.94442390000012], [20.770929700000067, 54.943882], [20.7770625, 54.94517410000003], [20.77625249999994, 54.946246900000176], [20.7801025, 54.948075], [20.784743499999934, 54.94569410000008], [20.792434, 54.94619220000004], [20.799562200000196, 54.94017110000016], [20.805813699999987, 54.936979500000064], [20.80761480000001, 54.93780070000014], [20.806671400000084, 54.93661270000007], [20.812884700000097, 54.93696310000013], [20.814619100000073, 54.934630800000036], [20.81701950000007, 54.93542930000001], [20.821093500000188, 54.93415010000007], [20.82422020000007, 54.930325], [20.827899400000206, 54.928489800000136], [20.830325300000027, 54.9289854000001], [20.831969500000014, 54.92577160000013], [20.833721500000024, 54.92600390000001], [20.832812600000125, 54.924156], [20.836704700000098, 54.9240473000001], [20.840192600000023, 54.917700300000035], [20.8380151, 54.915972799999906], [20.840968400000122, 54.916122700000074], [20.841679000000113, 54.91264509999991], [20.84757260000015, 54.911637], [20.854090400000132, 54.90674040000005], [20.854983500000117, 54.903625600000055], [20.856222200000104, 54.904562699999985], [20.86497129999998, 54.902842200000066], [20.8690851, 54.899805800000024], [20.878114599999947, 54.90037190000015], [20.88461989999996, 54.90314820000003], [20.88762, 54.90241], [20.88753440000005, 54.904918], [20.891310400000066, 54.90688710000012], [20.9169581000001, 54.89852159999998], [20.921943100000078, 54.90044830000011], [20.923370600000055, 54.8991246], [20.926369, 54.900036900000146], [20.92962, 54.89873], [20.93673, 54.90001], [20.94584610000004, 54.896996600000136], [20.95138760000009, 54.8980825000001], [20.96073, 54.89695], [20.96709670000007, 54.89458919999987], [20.970851800000105, 54.89482240000001], [20.97051, 54.89348999999987], [20.97361, 54.89286], [20.986341200000084, 54.894486799999925], [20.995525600000065, 54.89287920000015], [20.99673, 54.89081], [21.008351400000095, 54.89291680000008], [21.01895, 54.8997700000001], [21.025769100000048, 54.89357450000011], [21.030082500000105, 54.89204890000002], [21.04561, 54.89451], [21.04770890000009, 54.897825799999964], [21.059433, 54.9015918], [21.071005100000093, 54.893312600000115], [21.074640399999964, 54.893733400000144], [21.080508, 54.89188419999988], [21.08216749999997, 54.89326349999999], [21.0856, 54.89065000000011], [21.08827, 54.89308], [21.093584499999963, 54.89266770000006], [21.09044040000009, 54.894830500000126], [21.091146300000048, 54.8971787000001], [21.095172900000136, 54.9028947], [21.100906800000075, 54.906308600000045], [21.125171799999976, 54.90652350000005], [21.157223499999986, 54.91600870000008], [21.179011600000138, 54.915877300000034], [21.19148, 54.918320000000165], [21.19815619999997, 54.91758240000007], [21.207517100000018, 54.91925660000004], [21.23718, 54.9386], [21.24749, 54.952670000000126], [21.24843, 54.96189], [21.2403, 54.97881], [21.22919, 54.98331], [21.22876, 54.98485000000011], [21.226310000000126, 54.98472], [21.22968, 54.98958000000016], [21.225260000000105, 54.99727000000013], [21.21905, 55.00215000000014], [21.212600000000123, 55.00447], [21.21509, 55.01163], [21.219560000000115, 55.01087], [21.215990000000147, 55.01266], [21.21911, 55.01368], [21.22137, 55.01828], [21.220740000000205, 55.02545], [21.21564000000012, 55.030330000000106], [21.21658, 55.039040000000114], [21.210850000000107, 55.0516], [21.21308, 55.052100000000166], [21.209740000000124, 55.053130000000124], [21.21202000000011, 55.06261], [21.20957, 55.06364], [21.208040000000153, 55.06927], [21.20897, 55.076950000000124], [21.20588, 55.08362], [21.20374, 55.10104], [21.19576, 55.11462000000017], [21.19761000000011, 55.12590000000017], [21.19184, 55.13486], [21.18898, 55.14486], [21.191000000000145, 55.14562], [21.19035, 55.150490000000104], [21.18724, 55.155100000000175], [21.18771, 55.15895], [21.18436, 55.16023], [21.18084, 55.17304], [21.17915, 55.19712], [21.191500000000133, 55.20376], [21.20628, 55.20501], [21.20943, 55.20808], [21.21392, 55.2091], [21.225110000000143, 55.20882], [21.230900000000133, 55.20471], [21.232010000000116, 55.20087], [21.22638, 55.19473], [21.23265000000015, 55.197540000000174], [21.237590000000125, 55.19791], [21.2443, 55.19675000000018], [21.2443, 55.198280000000125], [21.247440000000154, 55.198280000000125], [21.251910000000123, 55.19648], [21.25148, 55.19904], [21.25461, 55.19954], [21.2584, 55.197230000000104], [21.26089, 55.20131000000015], [21.27388000000019, 55.20181000000014], [21.275700000000143, 55.2054], [21.28199000000012, 55.20896], [21.28159, 55.21511000000015], [21.28432, 55.22099], [21.2892700000001, 55.22405000000015], [21.28929, 55.227890000000116], [21.287080000000117, 55.23123], [21.28867, 55.2343], [21.2843476, 55.2403637000001], [21.2804448, 55.24135760000007], [21.27593, 55.23945], [21.2708, 55.24305000000015], [21.27098290000015, 55.24500590000014], [21.2963764000001, 55.25252650000016], [21.302937, 55.256173900000135], [21.306264800000122, 55.26098810000002], [21.320251900000073, 55.26630690000013], [21.332381200000214, 55.275271], [21.345127400000024, 55.27818140000011], [21.35683359999996, 55.2849152], [21.37441170000011, 55.28756420000002], [21.380509100000097, 55.294133100000124], [21.384370800000056, 55.29369960000014], [21.392412700000023, 55.288867400000015], [21.406848500000024, 55.27783690000001], [21.4165114, 55.2627033], [21.431216300000074, 55.25232580000005], [21.43498790000001, 55.2438985], [21.436635700000124, 55.23759080000002], [21.449370900000076, 55.22149470000011], [21.488075600000116, 55.201002], [21.494912100000022, 55.191003300000034], [21.502749, 55.1864387], [21.5110158, 55.18511540000014], [21.51796410000003, 55.18594160000009]]]]}}, {"type": "Feature", "properties": {"iso": "UKR", "source": "geoBoundaries gbOpen ADM0 (simplified), OpenStreetMap, Wambacher", "license": "Open Data Commons Open Database License 1.0", "year": "2017"}, "geometry": {"type": "Polygon", "coordinates": [[[33.206162500000026, 52.37289960000002], [33.20792390000001, 52.37561389999998], [33.28886269999997, 52.357681300000024], [33.306382, 52.35014270000004], [33.31363709999998, 52.35491879999998], [33.3212201, 52.35499660000002], [33.33687939999997, 52.35157139999995], [33.35120960000003, 52.35309330000002], [33.360748699999974, 52.363616], [33.36383169999998, 52.3605374], [33.36995989999997, 52.3615305], [33.37329170000004, 52.37020310000002], [33.3805628, 52.3716412], [33.39554029999997, 52.37009089999997], [33.40699629999998, 52.366871599999975], [33.4012621, 52.3634615], [33.40269929999998, 52.35998830000003], [33.406418400000035, 52.3611064], [33.40921450000002, 52.35920609999997], [33.4166931, 52.35995380000002], [33.41766509999996, 52.3531275], [33.411609799999965, 52.3519027], [33.41102609999999, 52.348696], [33.4127995, 52.34980269999998], [33.446633499999976, 52.341884899999975], [33.4464717, 52.348419700000036], [33.438957299999984, 52.352765], [33.44442549999999, 52.3572044], [33.452063600000024, 52.35718379999998], [33.45129830000003, 52.3601371], [33.454520099999975, 52.36496959999999], [33.46133490000002, 52.361645600000024], [33.46400629999998, 52.36267559999998], [33.4721906, 52.3587062], [33.489032, 52.35761509999996], [33.4980468, 52.355048599999975], [33.509615700000026, 52.35827119999998], [33.51863570000001, 52.3546754], [33.519383499999975, 52.35187610000003], [33.51609649999997, 52.346783899999956], [33.5204668, 52.343460100000016], [33.512188, 52.33381359999998], [33.48986989999997, 52.3294826], [33.4885123, 52.3217752], [33.480767600000014, 52.316058799999986], [33.482473, 52.3136448], [33.487866699999955, 52.31054769999999], [33.498085800000034, 52.31214890000004], [33.50490779999996, 52.3060748], [33.525366799999965, 52.30727430000004], [33.531004, 52.30475529999998], [33.56050620000005, 52.301927300000024], [33.5654317, 52.30956839999996], [33.56383089999998, 52.31330739999997], [33.551448, 52.319034], [33.54451959999999, 52.32047479999997], [33.543903299999975, 52.32362009999998], [33.55105909999999, 52.322787800000036], [33.56224409999996, 52.31860389999998], [33.5771837, 52.310588], [33.581747500000034, 52.31088329999995], [33.57688179999997, 52.3180041], [33.58673030000002, 52.32213129999998], [33.60534749999996, 52.3334833], [33.626295, 52.3381089], [33.6339008, 52.3372253], [33.63887990000004, 52.33967659999996], [33.65825719999999, 52.339802], [33.6637255, 52.34445149999998], [33.667610800000034, 52.34430209999996], [33.680290599999964, 52.3478836], [33.68155629999997, 52.35051], [33.67845089999998, 52.3519509], [33.6778188, 52.354607099999946], [33.68232550000002, 52.35718039999997], [33.69189779999996, 52.357172], [33.699727400000036, 52.35871280000001], [33.707527, 52.36269640000002], [33.71560189999997, 52.3628949], [33.724449399999976, 52.3534794], [33.72706, 52.35341320000002], [33.74820110000002, 52.35687630000003], [33.7510917, 52.36094780000002], [33.772462, 52.36323740000002], [33.7773526, 52.365173100000035], [33.80242020000003, 52.36603659999999], [33.8190939, 52.36311320000004], [33.82332980000001, 52.3641744], [33.8364718, 52.3613887], [33.83872249999996, 52.35817979999997], [33.8377333, 52.34977479999998], [33.83972370000002, 52.346001], [33.8435019, 52.34460179999998], [33.84365389999996, 52.34187939999997], [33.85529850000003, 52.332873], [33.83932970000002, 52.32004739999996], [33.875623300000036, 52.306086299999976], [33.8965348, 52.307319], [33.905393799999985, 52.301788], [33.91039489999997, 52.308489799999975], [33.92209009999997, 52.3045515], [33.92436139999996, 52.294935399999986], [33.932636, 52.28971670000002], [33.93799630000004, 52.28865119999997], [33.944391299999985, 52.2829429], [33.94544270000003, 52.2750531], [33.940408799999986, 52.26605280000005], [33.94129969999998, 52.25853310000004], [33.93684359999997, 52.24978970000002], [33.96110640000002, 52.247349600000014], [33.9620905, 52.24614730000001], [33.95841139999997, 52.245042], [33.9579598, 52.2424245], [33.96395279999999, 52.23428270000003], [33.96915110000004, 52.233699], [33.97429209999997, 52.23051830000005], [33.98190890000002, 52.234111800000015], [34.00081760000001, 52.2270258], [34.002485299999975, 52.2238837], [33.99884380000003, 52.21099320000004], [34.01634359999998, 52.20189829999999], [34.052827, 52.20139459999997], [34.05318830000002, 52.19729040000003], [34.06140760000002, 52.1848724], [34.06508640000002, 52.1831399], [34.05396809999998, 52.17240489999997], [34.05930570000001, 52.16659710000002], [34.076022299999984, 52.15471530000004], [34.08915560000004, 52.1548341], [34.11627960000004, 52.141083899999984], [34.11322440000003, 52.1384165], [34.11081020000003, 52.12276219999998], [34.09875259999998, 52.11165619999998], [34.090850600000046, 52.11086189999998], [34.087167699999966, 52.10884929999999], [34.08817540000003, 52.10175139999997], [34.099677400000026, 52.0933133], [34.09556229999998, 52.09122920000004], [34.094014399999985, 52.085170400000024], [34.0848957, 52.0849824], [34.062653900000015, 52.07306039999999], [34.06285690000003, 52.069434099999974], [34.080836699999985, 52.07068579999998], [34.08289830000003, 52.057716900000024], [34.08753919999997, 52.053688], [34.092769, 52.052502200000035], [34.094382, 52.04654069999999], [34.101178, 52.04084259999997], [34.09315620000003, 52.0356175], [34.09572879999999, 52.0316596], [34.093816600000046, 52.0288655], [34.09162569999996, 52.030476399999976], [34.09691740000002, 52.00426159999998], [34.104785299999975, 52.00372069999999], [34.1123051, 52.00618839999997], [34.116941, 52.005086], [34.12641480000001, 52.00641670000003], [34.139722, 51.9997222], [34.134972, 51.9889157], [34.12925889999997, 51.98464930000004], [34.13712060000004, 51.97259139999996], [34.14202930000002, 51.97227689999997], [34.142927700000016, 51.9679845], [34.177444700000024, 51.970479], [34.1895904, 51.968942400000024], [34.191453, 51.95924009999999], [34.197918, 51.9504174], [34.20544120000001, 51.944138499999966], [34.20343449999997, 51.940982], [34.214748100000016, 51.93579330000004], [34.225812200000014, 51.92819730000002], [34.219117300000036, 51.920386299999976], [34.23256450000004, 51.9129186], [34.25008730000002, 51.91618259999997], [34.261491600000014, 51.9092818], [34.2563634, 51.90799979999998], [34.25477520000003, 51.90527539999998], [34.253792, 51.89337560000002], [34.258088900000025, 51.888572900000014], [34.245607, 51.88164429999997], [34.26293010000002, 51.878404300000035], [34.274676900000024, 51.887492399999964], [34.30285649999997, 51.88717], [34.30568179999997, 51.88389830000004], [34.317062399999955, 51.8813987], [34.33078620000002, 51.87013450000004], [34.36318119999996, 51.8587168], [34.36362650000003, 51.855833], [34.3689622, 51.851490700000035], [34.3670676, 51.849659400000036], [34.36838620000003, 51.84562049999999], [34.384532399999976, 51.84355240000002], [34.39105689999998, 51.8349913], [34.39968680000002, 51.83510310000001], [34.41537149999997, 51.82529640000004], [34.41461169999999, 51.81994879999998], [34.41139170000002, 51.81835330000004], [34.416387899999954, 51.81339480000002], [34.41663570000003, 51.80794270000002], [34.413999799999985, 51.80068769999997], [34.40815420000002, 51.79389360000004], [34.4091963, 51.7823427], [34.42464050000004, 51.77356909999997], [34.42773210000004, 51.7732131], [34.431268, 51.76674], [34.4366497, 51.764149300000035], [34.4357214, 51.76190919999996], [34.438199699999984, 51.75797020000001], [34.43549070000002, 51.749727699999966], [34.440227399999976, 51.74229539999999], [34.435815499999975, 51.73262559999998], [34.43178110000004, 51.729303199999976], [34.424969, 51.72791969999999], [34.421394100000015, 51.7220544], [34.41421390000002, 51.72225010000002], [34.41148859999995, 51.7201867], [34.40815279999999, 51.720005900000054], [34.40815279999999, 51.71800150000003], [34.4013183, 51.717277], [34.400777500000025, 51.715211500000024], [34.391155, 51.7179669], [34.36848649999998, 51.71280150000001], [34.3552521, 51.7130011], [34.348798900000034, 51.7150469], [34.33448369999997, 51.71403659999998], [34.317071099999964, 51.71636450000003], [34.30944859999997, 51.72023469999998], [34.303211799999964, 51.7160754], [34.2967082, 51.707552], [34.290214699999986, 51.7049501], [34.279675900000015, 51.70565370000004], [34.273139600000015, 51.70339210000005], [34.265138, 51.70350809999997], [34.26202789999998, 51.701299099999986], [34.250964, 51.702365800000045], [34.2339124, 51.696848], [34.2206089, 51.7029051], [34.21306749999996, 51.7028741], [34.204995, 51.6938399], [34.1988082, 51.6943089], [34.1961761, 51.69697060000004], [34.19288960000003, 51.696409], [34.191064800000035, 51.6975368], [34.185128899999974, 51.69308770000003], [34.1636429, 51.68855059999997], [34.1591344, 51.6859576], [34.15422170000003, 51.690009], [34.14654149999997, 51.68735269999998], [34.142312299999986, 51.6906132], [34.138683, 51.6887828], [34.127701, 51.6891199], [34.12567359999997, 51.68417080000005], [34.12173619999997, 51.6855313], [34.121849400000016, 51.68408990000002], [34.11524250000003, 51.684589499999966], [34.11231710000001, 51.679820800000016], [34.10235020000002, 51.6782964], [34.098435500000036, 51.676245200000025], [34.096839300000035, 51.671721], [34.0890543, 51.6711814], [34.08076550000004, 51.66569980000004], [34.0871896, 51.662332100000015], [34.09275810000004, 51.6615322], [34.105377, 51.6667748], [34.10580739999999, 51.6569925], [34.112084899999985, 51.64901930000003], [34.1303423, 51.648556], [34.13022819999997, 51.6430065], [34.14186850000004, 51.64380159999997], [34.144732, 51.64247], [34.15284010000003, 51.64265729999997], [34.16725970000002, 51.64565820000002], [34.179736500000026, 51.6244262], [34.18233420000002, 51.596764900000046], [34.2109972, 51.60037580000003], [34.21260240000002, 51.589905400000035], [34.21512070000002, 51.58914740000002], [34.2162906, 51.5743442], [34.22436689999998, 51.57629840000004], [34.23745229999998, 51.584811299999984], [34.249029, 51.57631230000003], [34.244068500000026, 51.5702758], [34.2572106, 51.55957070000003], [34.25026379999997, 51.55462659999996], [34.2557484, 51.5481725], [34.25905370000001, 51.54830309999998], [34.25986679999996, 51.533276500000035], [34.284678200000016, 51.5349914], [34.28521420000005, 51.53270479999998], [34.29516940000005, 51.53280009999996], [34.29630930000004, 51.52359910000001], [34.303882799999975, 51.52208780000002], [34.30840749999998, 51.5192], [34.30840749999998, 51.51396830000003], [34.30376149999997, 51.51128230000001], [34.29680850000004, 51.51163580000004], [34.28960819999999, 51.509602700000045], [34.2977686, 51.49196509999998], [34.29115260000005, 51.48677259999996], [34.29598840000004, 51.481828599999986], [34.281527199999985, 51.473482], [34.26378480000004, 51.47066239999997], [34.26504370000002, 51.46970860000002], [34.258846, 51.46651510000002], [34.25746869999996, 51.4606517], [34.24473320000004, 51.45645580000002], [34.246261899999965, 51.45080149999998], [34.25479069999998, 51.443867799999964], [34.25527850000002, 51.43969849999996], [34.24530280000001, 51.4365944], [34.24619889999999, 51.43150570000003], [34.22238820000004, 51.428758500000015], [34.2271688, 51.42151940000004], [34.22077980000001, 51.41715340000001], [34.2266332, 51.40939849999999], [34.22808690000002, 51.39961350000004], [34.23706520000002, 51.399271900000016], [34.24579280000005, 51.40217030000002], [34.24935660000005, 51.401357800000035], [34.250904, 51.39885259999996], [34.25887629999998, 51.3954673], [34.26176259999997, 51.3902622], [34.2720981, 51.3827061], [34.2730579, 51.387204799999985], [34.27803319999999, 51.3861315], [34.28111960000001, 51.38989779999996], [34.29250080000005, 51.38804089999997], [34.28541189999997, 51.3746756], [34.298335, 51.37374410000002], [34.301667900000034, 51.374817899999954], [34.301307499999965, 51.377771800000026], [34.3056951, 51.379072700000016], [34.3070563, 51.373450300000044], [34.32641759999996, 51.36802729999996], [34.33082380000002, 51.368295], [34.3367007, 51.365574599999974], [34.33601879999998, 51.36332430000003], [34.33108839999998, 51.36177669999997], [34.338204099999956, 51.35886170000001], [34.33855329999999, 51.35553369999999], [34.3336586, 51.35144679999996], [34.31611450000004, 51.34262250000001], [34.319363, 51.33795889999997], [34.31300709999997, 51.335694], [34.316804600000026, 51.330947900000034], [34.31133840000001, 51.33102339999997], [34.30812729999998, 51.335936599999975], [34.30464220000001, 51.33668449999995], [34.29956410000005, 51.334623300000025], [34.287917499999985, 51.33904849999997], [34.281227, 51.334746], [34.288783599999974, 51.32233], [34.282060100000024, 51.32002550000003], [34.28087420000004, 51.3179984], [34.28246869999999, 51.3108729], [34.27282630000003, 51.31454550000003], [34.266625100000034, 51.298728699999984], [34.2587164, 51.3023691], [34.25467410000002, 51.2989908], [34.24983969999996, 51.29899169999998], [34.24990910000002, 51.29686480000004], [34.24497140000003, 51.29604450000002], [34.2447424, 51.294046199999975], [34.23765810000005, 51.292331], [34.243326900000035, 51.28454819999997], [34.255158600000044, 51.281922200000025], [34.251825, 51.27520590000005], [34.24545750000002, 51.276186700000025], [34.23178419999996, 51.2729672], [34.23113179999998, 51.27119290000002], [34.234360200000026, 51.26955109999997], [34.23079120000004, 51.2654069], [34.2441626, 51.26332040000003], [34.2729967, 51.25194490000002], [34.2836142, 51.249502], [34.3067965, 51.2381776], [34.3309169, 51.2398576], [34.38366770000002, 51.27401], [34.400760599999956, 51.271073299999976], [34.414541, 51.26615], [34.425804100000036, 51.268043500000026], [34.43124479999998, 51.26745369999998], [34.4327339, 51.2653241], [34.4417391, 51.2621295], [34.44579209999997, 51.26247640000001], [34.452658800000044, 51.25942280000004], [34.4573008, 51.25410839999997], [34.4883043, 51.244062800000044], [34.51300739999997, 51.2420033], [34.523314100000015, 51.25271519999998], [34.54082479999997, 51.25244720000001], [34.580228199999986, 51.233473900000014], [34.5986618, 51.2467749], [34.6014989, 51.24652539999996], [34.59977290000001, 51.25179209999999], [34.60383610000003, 51.2546241], [34.610152100000015, 51.25110760000002], [34.62984990000001, 51.2516549], [34.65523920000001, 51.2473599], [34.6616541, 51.2474779], [34.667824, 51.19815890000005], [34.6882649, 51.181241399999976], [34.70632490000002, 51.1752852], [34.722723399999964, 51.18778050000003], [34.73650280000001, 51.179452099999985], [34.75418490000003, 51.180541499999975], [34.75952860000003, 51.17725019999997], [34.7725126, 51.174627899999976], [34.779154, 51.1777476], [34.78462969999999, 51.184671600000016], [34.8007884, 51.17473040000002], [34.808006, 51.17669280000003], [34.8089007, 51.1721163], [34.81412980000004, 51.17118219999998], [34.817314, 51.1689109], [34.83557220000005, 51.17442409999999], [34.83464770000003, 51.18314559999997], [34.86251020000003, 51.1991747], [34.8723041, 51.19202280000003], [34.8761911, 51.19097879999998], [34.883508200000044, 51.195700600000045], [34.89695640000004, 51.1931301], [34.904702100000016, 51.19865440000002], [34.90443620000004, 51.2030402], [34.90778109999996, 51.20486660000003], [34.93468829999996, 51.20729030000002], [34.93854009999998, 51.21001109999998], [34.939195400000024, 51.21650280000003], [34.94484, 51.218876], [34.951219300000034, 51.218972800000024], [34.95125790000003, 51.22660019999998], [34.97944350000003, 51.2350538], [34.982276300000024, 51.2309469], [34.9946852, 51.22854], [35.00533630000003, 51.23195879999997], [35.010508100000024, 51.23144850000003], [35.0230102, 51.2210057], [35.037853799999986, 51.2177574], [35.03977480000003, 51.2044273], [35.062137100000044, 51.21556680000003], [35.06145979999996, 51.222174100000046], [35.066323899999986, 51.2290479], [35.07583029999998, 51.232070599999986], [35.084728, 51.2299066], [35.105547599999966, 51.23261960000003], [35.1173238, 51.22943280000005], [35.11997179999998, 51.2309726], [35.150481, 51.223433200000045], [35.15059079999997, 51.220945700000016], [35.1394819, 51.21752619999997], [35.13800740000003, 51.209359200000044], [35.14243770000004, 51.20739150000004], [35.143012, 51.203226699999966], [35.13027550000004, 51.19446290000005], [35.13082969999998, 51.17382], [35.13413110000002, 51.17097430000001], [35.12340989999997, 51.1652493], [35.1254959, 51.1609138], [35.14043, 51.152198900000045], [35.13942540000002, 51.15010970000002], [35.134765, 51.149066200000014], [35.137151, 51.14596420000004], [35.13569930000001, 51.145178400000034], [35.14186459999996, 51.14154880000001], [35.14372680000003, 51.136822], [35.14135670000004, 51.13384759999999], [35.16701010000004, 51.12643219999999], [35.1747126, 51.12149390000005], [35.16825239999998, 51.1192585], [35.1630077, 51.10943790000004], [35.16468470000002, 51.101004800000034], [35.16854319999997, 51.1007778], [35.1700228, 51.10323149999998], [35.1769284, 51.09844540000001], [35.173730099999965, 51.08753849999996], [35.156381700000026, 51.09071020000002], [35.1481983, 51.0824475], [35.154141, 51.0806827], [35.157742700000014, 51.081972400000026], [35.15867910000004, 51.08081840000003], [35.16325109999997, 51.083555800000035], [35.16606259999998, 51.08050160000001], [35.16563040000001, 51.07742430000004], [35.177263799999956, 51.0701148], [35.1831705, 51.06192140000003], [35.1896101, 51.0568392], [35.189809900000014, 51.054158], [35.196761700000025, 51.050389], [35.19970410000003, 51.052986299999965], [35.211892599999985, 51.04619540000004], [35.22203439999997, 51.050532399999966], [35.22259320000002, 51.0523984], [35.22613370000004, 51.0524682], [35.22689470000003, 51.05470880000002], [35.24964520000001, 51.06426389999996], [35.254219200000016, 51.06144829999997], [35.25774519999999, 51.0614821], [35.25782129999998, 51.0587298], [35.26591079999998, 51.063000200000026], [35.26494339999996, 51.05971149999997], [35.26687310000002, 51.057952199999974], [35.27359420000003, 51.05812460000003], [35.273073, 51.05945230000002], [35.27606320000004, 51.059090199999986], [35.276365, 51.062642], [35.273834, 51.0649268], [35.27525739999998, 51.066377699999975], [35.2769579, 51.06402349999996], [35.28171089999997, 51.0675094], [35.2867393, 51.067352], [35.288439199999964, 51.069275600000026], [35.29723719999996, 51.06994379999998], [35.2981715, 51.072139], [35.30112649999998, 51.0717936], [35.3013114, 51.073419100000024], [35.304276, 51.074053600000035], [35.30421039999997, 51.078346699999976], [35.31003030000003, 51.079677899999986], [35.3108404, 51.08195139999998], [35.3119568, 51.081194], [35.31450220000002, 51.08697270000004], [35.3207987, 51.08722519999997], [35.321959700000036, 51.08161480000002], [35.32923870000003, 51.080857399999964], [35.3260008, 51.074198], [35.32744109999998, 51.07064740000002], [35.34960090000002, 51.062222399999975], [35.361283799999974, 51.066800499999964], [35.3729794, 51.0658433], [35.37530619999997, 51.06695729999997], [35.38694010000004, 51.053378], [35.39525090000005, 51.05489069999997], [35.406244399999984, 51.04766910000002], [35.4048426, 51.04367890000001], [35.407939, 51.04313749999998], [35.4097806, 51.03903660000004], [35.40348859999997, 51.03908480000003], [35.403596, 51.035464100000034], [35.400391699999965, 51.0337965], [35.400060199999984, 51.03157290000004], [35.402803699999964, 51.031619299999974], [35.4036254, 51.0289672], [35.40789250000002, 51.02912540000004], [35.409477, 51.026622900000014], [35.40403729999998, 51.0231328], [35.39403379999998, 51.023306], [35.39406709999998, 51.020149499999974], [35.38393740000002, 51.02006310000002], [35.382512900000016, 51.012867199999974], [35.37516789999998, 51.01165539999999], [35.37448519999998, 51.009159], [35.368245700000024, 51.0089172], [35.35751780000004, 51.0056355], [35.3298857, 51.01089250000001], [35.32303640000004, 51.013823499999965], [35.32897059999996, 51.008641700000034], [35.33135540000002, 51.00237749999998], [35.33863010000001, 50.998449], [35.3293328, 50.996420699999966], [35.33107860000003, 50.99264339999998], [35.34264119999998, 50.9879011], [35.352092799999966, 50.9733022], [35.34320039999997, 50.96747929999996], [35.34215709999998, 50.96366], [35.33629430000001, 50.963292400000014], [35.335586499999984, 50.9560872], [35.3298191, 50.952038700000045], [35.32930620000002, 50.94786509999995], [35.3256864, 50.94675180000003], [35.33317219999997, 50.93462549999998], [35.343784399999976, 50.9354491], [35.34516379999998, 50.932928], [35.35444960000002, 50.93211620000002], [35.35492220000004, 50.93106129999995], [35.37259679999997, 50.9324188], [35.36679130000003, 50.9256163], [35.37356639999999, 50.92337520000003], [35.392764799999966, 50.924424499999986], [35.39247670000002, 50.91953049999997], [35.40060849999996, 50.914590399999966], [35.40223260000005, 50.910404], [35.39668680000002, 50.9088522], [35.39674749999998, 50.906633099999986], [35.403316, 50.90256970000004], [35.37988689999999, 50.89564260000003], [35.38775240000002, 50.88610219999998], [35.40200570000002, 50.879507300000014], [35.3876138, 50.8749568], [35.382314500000035, 50.87004329999998], [35.38519580000005, 50.8675831], [35.39510590000005, 50.86470460000003], [35.40190119999998, 50.86487520000002], [35.40604789999998, 50.8626819], [35.41911770000002, 50.843828], [35.41957410000004, 50.82736069999998], [35.4103506, 50.80781160000003], [35.41140620000004, 50.802563], [35.41496140000003, 50.79902890000005], [35.433162299999985, 50.79418789999998], [35.44966690000001, 50.7829555], [35.4546637, 50.782011], [35.47464840000002, 50.78461230000004], [35.488713199999964, 50.776803800000025], [35.473484099999965, 50.755149200000034], [35.4760629, 50.7518962], [35.46974109999997, 50.74672450000001], [35.46959949999998, 50.74415470000002], [35.47362789999996, 50.74043039999998], [35.47174490000003, 50.7371331], [35.463876699999965, 50.734965], [35.4731539, 50.725539], [35.46742659999996, 50.71660949999998], [35.4670933, 50.710457], [35.45976319999996, 50.70473530000001], [35.46150220000005, 50.70300060000001], [35.46093090000003, 50.696737], [35.46335060000004, 50.693959300000046], [35.45929830000004, 50.6890885], [35.46388820000003, 50.68430110000001], [35.47202940000004, 50.68046670000001], [35.4805048, 50.68147370000002], [35.49618090000003, 50.67879149999996], [35.487150499999984, 50.67065369999997], [35.488877100000025, 50.65855509999999], [35.48573410000003, 50.6558641], [35.46271060000002, 50.6662971], [35.427263100000026, 50.65504870000004], [35.40054, 50.656350199999984], [35.392916199999966, 50.64999910000003], [35.39198039999999, 50.642], [35.402303300000035, 50.6319024], [35.41282720000002, 50.613407300000034], [35.4159551, 50.6155957], [35.421038, 50.6155485], [35.4188373, 50.60882360000003], [35.42565, 50.603176], [35.42118220000005, 50.59960590000003], [35.40019520000005, 50.590197], [35.39034610000004, 50.57998579999998], [35.42791079999997, 50.562149], [35.43888120000004, 50.54434220000001], [35.4391275, 50.54047939999997], [35.434954, 50.5358145], [35.43604949999995, 50.53007220000005], [35.444602899999964, 50.529271100000024], [35.44543619999999, 50.5230813], [35.45795410000002, 50.51300310000004], [35.459401, 50.50869009999996], [35.45676719999996, 50.50645549999999], [35.45932810000002, 50.504316899999964], [35.4630205, 50.50464490000002], [35.47641880000004, 50.48853250000003], [35.5016755, 50.4814516], [35.50992579999998, 50.47561990000002], [35.53312519999997, 50.46539740000002], [35.5382974, 50.460924699999964], [35.5372765, 50.45963019999997], [35.54878779999996, 50.456985], [35.552764, 50.458225], [35.55505320000002, 50.453848100000016], [35.5586158, 50.45437950000002], [35.56374759999997, 50.4510827], [35.56952670000003, 50.45477169999997], [35.56831130000001, 50.455439599999984], [35.57155049999997, 50.456185200000036], [35.571498, 50.457713199999986], [35.56778929999999, 50.45803020000001], [35.56189909999997, 50.45637520000003], [35.561840700000026, 50.458822899999966], [35.569701, 50.464366199999965], [35.57924250000003, 50.45276349999998], [35.58583079999998, 50.448799099999974], [35.5871031, 50.43121210000001], [35.58358150000004, 50.43010289999998], [35.5842467, 50.39266150000003], [35.594003700000044, 50.39298440000002], [35.5975, 50.38309959999998], [35.611922900000046, 50.3746325], [35.6014411, 50.367315], [35.62622340000004, 50.35202790000002], [35.62830170000005, 50.35443729999997], [35.65800160000002, 50.35114829999998], [35.67280330000001, 50.355041100000015], [35.73818, 50.35446], [35.756623900000015, 50.368397399999964], [35.79277, 50.38982], [35.80204, 50.39738], [35.80702, 50.4051], [35.80686480000003, 50.41093030000001], [35.79861, 50.41111], [35.79431, 50.41386], [35.83174, 50.43377], [35.83534, 50.42467], [35.8556, 50.42913], [35.87242, 50.42244], [35.88976, 50.43857], [35.90634619999996, 50.43797090000004], [35.91177779999995, 50.4343357], [35.92124030000005, 50.4369583], [35.93289, 50.43059830000003], [35.93699210000004, 50.43109909999998], [35.93823370000001, 50.43369469999998], [35.95084509999997, 50.434957899999965], [35.955854500000015, 50.43374450000002], [35.961323099999966, 50.43561040000004], [35.96766280000004, 50.435447399999966], [35.97253449999999, 50.437534199999966], [35.9749, 50.44063], [35.99842, 50.44304], [36.00357, 50.44527], [36.01902, 50.4451], [36.03361, 50.44716], [36.03927, 50.44956], [36.06794, 50.45076], [36.06966, 50.4463], [36.08665, 50.44836], [36.09283, 50.44493], [36.11549, 50.43875], [36.13781, 50.43772], [36.16064, 50.43154], [36.17077, 50.40888], [36.17763, 50.40167], [36.1845, 50.4063], [36.19326, 50.40356], [36.20579, 50.39411], [36.21076, 50.38673], [36.22124, 50.37781], [36.23085, 50.3718], [36.23342, 50.36373], [36.24252, 50.35789], [36.255416, 50.35539], [36.28372, 50.33558], [36.27342, 50.32322], [36.27994, 50.32287], [36.27617, 50.31635], [36.28458, 50.30502], [36.28561, 50.29867], [36.29866, 50.29901], [36.29574, 50.29163], [36.36303, 50.28751], [36.37934, 50.29301], [36.37384, 50.2997], [36.40011, 50.30708], [36.4068, 50.31034], [36.42414, 50.32802], [36.43341, 50.33077], [36.43993, 50.3112], [36.47341, 50.31309], [36.48783, 50.3112], [36.48937, 50.30622], [36.49521, 50.30279], [36.49641, 50.30348], [36.5019, 50.29867], [36.51083, 50.29541], [36.52611, 50.29352], [36.52285, 50.28906], [36.5237, 50.28648], [36.53572, 50.28374], [36.55632, 50.28133], [36.56181, 50.28494], [36.58499, 50.2858], [36.59031, 50.27927], [36.59371810000002, 50.2779349], [36.593801900000024, 50.275364300000035], [36.57417, 50.27447], [36.58052, 50.26228], [36.57537, 50.26022], [36.57795, 50.2585], [36.56919, 50.2573], [36.56044, 50.25061], [36.58413, 50.23636], [36.59889, 50.23069], [36.59683, 50.22932], [36.61348, 50.224], [36.6152, 50.22726], [36.61846, 50.22743], [36.63975, 50.22228], [36.64867, 50.21765], [36.66429, 50.22194], [36.67992, 50.23807], [36.68404, 50.25215], [36.69296, 50.26914], [36.70069, 50.26399], [36.70412, 50.26451], [36.70566, 50.26897], [36.71957, 50.27738], [36.72867, 50.27738], [36.73983, 50.28305], [36.7448, 50.28202], [36.74446, 50.28047], [36.74892, 50.28013], [36.75115, 50.28253], [36.74841, 50.28786], [36.7551, 50.29043], [36.77158, 50.2894], [36.76403, 50.29163], [36.76781, 50.30159], [36.80008, 50.30605], [36.80969, 50.31155], [36.83287, 50.31309], [36.85226, 50.32768], [36.86994130000004, 50.33596710000003], [36.87027830000004, 50.3377282], [36.882040900000014, 50.33756579999997], [36.8829412, 50.33905850000002], [36.886643399999976, 50.337944699999966], [36.91607729999996, 50.34666219999997], [36.937610500000034, 50.35045640000002], [37.037534100000045, 50.34875310000004], [37.0445293, 50.344956100000026], [37.059255399999955, 50.34724179999996], [37.070800699999985, 50.3466573], [37.10234480000004, 50.351258500000036], [37.10532110000001, 50.3518507], [37.105454799999976, 50.3533256], [37.102585200000036, 50.3573197], [37.13835020000002, 50.361129099999964], [37.14756910000003, 50.35647640000003], [37.15297859999997, 50.35646409999998], [37.181670500000024, 50.36305870000002], [37.21515859999999, 50.37492170000004], [37.2229928, 50.37806230000001], [37.22178039999996, 50.37928830000002], [37.256035499999975, 50.3925377], [37.2575847, 50.39106430000004], [37.263921199999984, 50.39405609999996], [37.29248610000001, 50.401300800000044], [37.29934609999998, 50.4059408], [37.309306100000015, 50.42585079999997], [37.31943, 50.43286249999996], [37.327272, 50.43547620000004], [37.33299610000002, 50.4370108], [37.3521098, 50.43749239999997], [37.37756690000002, 50.43263069999997], [37.39671770000005, 50.43119969999996], [37.41269509999997, 50.43327980000003], [37.42125789999996, 50.434852400000025], [37.43159009999998, 50.44344520000001], [37.46888719999998, 50.4536193], [37.476889599999964, 50.4594394], [37.49102, 50.45746], [37.48449, 50.44493], [37.48470429999996, 50.434692400000024], [37.47789329999996, 50.43122659999997], [37.465113800000054, 50.43094950000004], [37.46292670000001, 50.4227424], [37.466392, 50.40557779999999], [37.46612, 50.38038], [37.47196, 50.36922], [37.48466, 50.35652], [37.50509, 50.3524], [37.50818, 50.34708], [37.52142590000004, 50.33651069999998], [37.55573, 50.32974], [37.57702, 50.30657], [37.58577, 50.31412], [37.59453, 50.31618], [37.60877, 50.31652], [37.63006, 50.31378], [37.63555, 50.31137], [37.63813, 50.30279], [37.62646, 50.29335], [37.62749, 50.26262], [37.62577, 50.24511], [37.62731, 50.24082], [37.61444, 50.22005], [37.61495, 50.21644], [37.6268, 50.20443], [37.64345, 50.19087], [37.63899, 50.17988], [37.6407, 50.17593], [37.64379, 50.17404], [37.64671, 50.17422], [37.65238, 50.17044], [37.65512, 50.16563], [37.66456, 50.15877], [37.66851, 50.15276], [37.69083, 50.14246], [37.70164, 50.13439], [37.71006, 50.1337], [37.707480299999986, 50.12787070000002], [37.72636, 50.10727], [37.74336, 50.09439], [37.75486, 50.07843], [37.79692, 50.08409], [37.8249, 50.06847], [37.85099, 50.05834], [37.86386, 50.05422], [37.89253, 50.05096], [37.92652, 50.0338], [37.9645788, 49.9789248], [37.9805614, 49.97668030000002], [37.9987263, 49.96360680000002], [38.00470920000004, 49.9674248], [38.04371979999998, 49.93294390000005], [38.02093, 49.925750700000044], [38.023691299999975, 49.919626], [38.021149, 49.9186064], [38.02341940000004, 49.916056699999984], [38.0223745, 49.90947419999998], [38.032974, 49.90015060000001], [38.0457543, 49.91533529999998], [38.05592330000002, 49.923187], [38.1245543, 49.94238819999996], [38.13217, 49.92462], [38.1710164, 49.94190109999998], [38.16219980000005, 49.95125150000003], [38.19768240000002, 49.96211089999998], [38.19557530000003, 49.96933749999999], [38.221847900000014, 49.97913760000003], [38.21691389999998, 49.983067400000024], [38.21654249999999, 49.9874587], [38.204934600000016, 49.99704539999998], [38.20484550000002, 50.001069200000025], [38.19763860000004, 50.006552400000025], [38.18623, 50.022819600000034], [38.1889001, 50.023676100000024], [38.18727, 50.040767600000024], [38.1834997, 50.04629219999998], [38.18476990000003, 50.0557162], [38.1782301, 50.07999580000002], [38.25252490000001, 50.07275860000002], [38.2757897, 50.0734765], [38.291555, 50.07971089999998], [38.301755199999974, 50.087090899999986], [38.31417880000002, 50.08818879999996], [38.329591600000036, 50.085403900000024], [38.333022, 50.0594948], [38.351233799999974, 50.03575170000005], [38.35379350000002, 50.0189515], [38.35053460000003, 50.00691090000002], [38.397390700000024, 49.991704799999965], [38.41629540000004, 49.98177380000001], [38.43412, 50.00135], [38.46931, 49.99534], [38.46502, 49.98299], [38.47858, 49.98316], [38.48322, 49.97715], [38.4827, 49.97045], [38.48871, 49.96324], [38.50983, 49.96324], [38.52733, 49.95861], [38.56665, 49.97097], [38.58261, 49.97749], [38.61150280000004, 49.9756], [38.63068, 49.96633], [38.6475, 49.95586], [38.66741, 49.97234], [38.67977, 49.97406], [38.67788, 49.99878], [38.68011, 50.00616], [38.68698, 50.0077], [38.70243, 49.99672], [38.70312, 49.99294], [38.7093, 49.99123], [38.71805, 49.9835], [38.71067, 49.98024], [38.6860461, 49.96223910000001], [38.693973099999965, 49.934926200000014], [38.72405950000003, 49.9270834], [38.73384, 49.90539], [38.74475020000003, 49.89737580000002], [38.768767199999985, 49.89610050000002], [38.7812054, 49.882261], [38.790971399999975, 49.878372700000035], [38.79562479999997, 49.88336349999997], [38.82398339999999, 49.87843429999998], [38.8307904, 49.87545969999998], [38.83598, 49.86832], [38.84165, 49.86557], [38.847063300000045, 49.86719939999997], [38.84783, 49.86437], [38.8516, 49.86471], [38.85662459999996, 49.868894900000015], [38.863241100000025, 49.86592109999999], [38.870409899999956, 49.86690920000003], [38.8719552, 49.86531439999997], [38.879005099999965, 49.86968109999996], [38.8874483, 49.8690677], [38.896431, 49.8705586], [38.901209399999956, 49.869346499999985], [38.908271200000016, 49.8600784], [38.911017300000026, 49.85910579999999], [38.91646139999999, 49.8598895], [38.918424399999964, 49.8585938], [38.9158517, 49.855908899999974], [38.9115634, 49.856134], [38.91031730000002, 49.85187389999999], [38.90452520000004, 49.84919080000003], [38.90649739999998, 49.8451124], [38.912083300000035, 49.84400009999998], [38.913625700000026, 49.836484200000015], [38.9108419, 49.83455940000001], [38.91387109999999, 49.832178], [38.91342239999999, 49.82966179999997], [38.90671, 49.8278], [38.90946869999998, 49.81964879999998], [38.9183197, 49.814697400000014], [38.9159344, 49.81248630000003], [38.920600200000045, 49.80493760000002], [38.92759189999998, 49.80428739999996], [38.92672019999998, 49.80084670000002], [38.930691400000015, 49.79683259999998], [38.933688600000025, 49.79771560000003], [38.93365689999998, 49.799528900000055], [38.938947, 49.800818], [38.94911090000003, 49.796014], [38.971086700000036, 49.80710769999998], [38.98538119999998, 49.8082931], [39.02202979999997, 49.8216027], [39.03223770000001, 49.8227266], [39.0485, 49.81836], [39.06684009999998, 49.81562920000002], [39.07070879999998, 49.819329300000014], [39.11054759999996, 49.83790939999999], [39.130675, 49.8616349], [39.1799425, 49.888802100000014], [39.188823799999966, 49.88502170000004], [39.195453, 49.873309], [39.20214, 49.87003], [39.22668, 49.83982], [39.22823, 49.81596], [39.23046, 49.81098], [39.22771, 49.80738], [39.23784, 49.79879], [39.25089, 49.77648], [39.26514, 49.76789], [39.27355, 49.76824], [39.28522, 49.75536], [39.30857, 49.75279], [39.35783, 49.74111], [39.37878, 49.73854], [39.41431, 49.75382], [39.43371, 49.75931], [39.44366, 49.76], [39.47868, 49.75656], [39.54494, 49.73905], [39.61052, 49.73373], [39.59129, 49.71828], [39.61378, 49.69065], [39.63884, 49.63451], [39.6579, 49.61666], [39.6603, 49.61494], [39.6869073, 49.611830300000044], [39.69703240000003, 49.604798100000046], [39.71433750000003, 49.60632689999997], [39.75025, 49.59743], [39.77669, 49.57735], [39.80604, 49.55795], [39.83969, 49.56379], [39.86853, 49.55967], [39.89118, 49.5583], [39.93461, 49.5734], [39.95212, 49.59709], [40.057613400000015, 49.60693710000001], [40.06496020000002, 49.59896790000002], [40.135391700000035, 49.61710209999996], [40.13941, 49.59589], [40.16962, 49.56877], [40.03920480000002, 49.52071790000005], [40.03761, 49.51658], [40.0419, 49.49856], [40.0293438, 49.453605], [40.04752, 49.4451098], [40.05862570000002, 49.43663009999997], [40.07825759999998, 49.40989279999999], [40.11439380000003, 49.38571250000001], [40.14332709999998, 49.37837829999998], [40.155759799999984, 49.37255459999996], [40.1541435, 49.3714613], [40.155749, 49.37067529999999], [40.15826820000005, 49.371363], [40.16226340000003, 49.3680702], [40.16092079999997, 49.36643509999998], [40.158669, 49.366895300000046], [40.1689431, 49.35665220000003], [40.17553470000005, 49.35636770000002], [40.18238139999998, 49.3514715], [40.194256, 49.346822], [40.1958878, 49.344299], [40.195029, 49.33617239999999], [40.187603699999976, 49.3089338], [40.18408259999996, 49.30453109999997], [40.18579479999997, 49.30365470000002], [40.183549700000015, 49.2990257], [40.185930099999965, 49.281223099999956], [40.22758009999997, 49.26052929999997], [40.221282, 49.2498992], [40.20807220000006, 49.24201960000005], [40.176738700000016, 49.237367399999975], [40.1372536, 49.239838499999976], [40.12304830000005, 49.2308421], [40.108753299999975, 49.2116939], [40.0935212, 49.202979], [40.0773702, 49.186987099999975], [40.031113, 49.179759200000035], [39.97152, 49.12382], [39.95879380000004, 49.10569449999997], [39.9383119, 49.083042300000045], [39.94234, 49.07146], [39.93805, 49.0563998], [39.91006579999997, 49.057431], [39.880220499999965, 49.064336], [39.817256199999974, 49.0580379], [39.8112419, 49.06038619999997], [39.802362, 49.05886580000003], [39.776562100000014, 49.04363580000004], [39.7663706, 49.040058100000046], [39.7415695, 49.042012800000045], [39.69315710000002, 49.05047949999999], [39.672392, 49.04040150000004], [39.67867, 49.03644], [39.68176, 49.03799], [39.68509250000004, 49.033926599999965], [39.68075809999997, 49.033349800000025], [39.682833800000026, 49.02997969999998], [39.67714369999996, 49.02706939999997], [39.67705049999998, 49.022117599999966], [39.672826, 49.0166841], [39.67397949999999, 49.014414599999974], [39.67813139999997, 49.01340009999997], [39.67397829999998, 49.00556460000003], [39.66369960000004, 49.000885], [39.678336300000055, 48.98908610000003], [39.69214280000003, 48.996902], [39.69310719999998, 48.999349400000035], [39.69914170000003, 49.000886], [39.70389090000005, 48.99924840000003], [39.7083237, 48.99503569999999], [39.70771269999999, 48.99272070000002], [39.7112991, 48.991880599999966], [39.7166, 48.98666], [39.71678, 48.98237], [39.72175080000004, 48.9793946], [39.72424890000005, 48.9797155], [39.72648179999997, 48.97571459999998], [39.7300912, 48.9765479], [39.7354585, 48.982318], [39.745731700000036, 48.9868831], [39.752947, 48.985943200000044], [39.748736200000025, 48.98204469999998], [39.749325600000034, 48.97791880000002], [39.75214, 48.97619], [39.75855850000004, 48.97551870000003], [39.76045430000005, 48.97146369999998], [39.75679360000003, 48.970047699999974], [39.75702240000004, 48.96768739999999], [39.76401690000003, 48.9676123], [39.76060750000002, 48.9637941], [39.76299009999998, 48.962898399999965], [39.7628787, 48.9612307], [39.766599600000035, 48.960748], [39.76450870000005, 48.958127199999986], [39.77003140000003, 48.95305169999997], [39.7784276, 48.95185660000003], [39.77377, 48.94958], [39.77197269999998, 48.94329509999997], [39.77651, 48.93843], [39.78115, 48.93688], [39.78184, 48.93465], [39.77857, 48.93087], [39.77892, 48.92641], [39.7739964, 48.924514], [39.77650410000001, 48.920686099999976], [39.782209099999974, 48.915445200000036], [39.79288320000004, 48.91507069999996], [39.79433680000005, 48.910828499999965], [39.79716879999998, 48.910767499999984], [39.79807010000004, 48.914045699999974], [39.804586700000016, 48.914669299999964], [39.81565, 48.90787], [39.81823, 48.9077], [39.818800300000014, 48.905483], [39.82304, 48.90427], [39.82441, 48.90169], [39.81823, 48.89654], [39.82492, 48.89208], [39.826994, 48.88645980000003], [39.83265, 48.88813], [39.836158599999976, 48.8950115], [39.8337758, 48.90073320000001], [39.83940479999998, 48.903128500000044], [39.8422851, 48.90095330000001], [39.8453251, 48.90291250000003], [39.85239, 48.89053], [39.87179, 48.89173], [39.875427, 48.89314439999996], [39.87617809999998, 48.89202560000003], [39.924972, 48.895835799999986], [39.942, 48.88504], [39.94474, 48.87955], [39.94921, 48.87628], [39.962058, 48.87210570000004], [39.99323210000002, 48.8682063], [40.00403010000004, 48.901281199999964], [40.01747270000001, 48.902175599999985], [40.02151990000004, 48.90593320000003], [40.01976, 48.90942], [40.02371, 48.90976], [40.0256, 48.91199], [40.02954, 48.91199], [40.027271, 48.91310319999997], [40.029238800000016, 48.91508269999998], [40.03511210000005, 48.91588830000002], [40.036728, 48.9130638], [40.0398755, 48.9148779], [40.04534, 48.91439], [40.04490419999996, 48.9124713], [40.0482173, 48.910317], [40.055870100000014, 48.91056559999998], [40.06096, 48.9089], [40.05838, 48.90409], [40.07246, 48.8744], [40.08010680000004, 48.8701366], [39.975528299999986, 48.79303380000002], [39.96088, 48.79595], [39.94818, 48.79578], [39.88672, 48.82084], [39.829879, 48.83377069999997], [39.82792270000003, 48.83112310000001], [39.80710139999998, 48.838606100000014], [39.808284, 48.83993190000002], [39.8050267, 48.843604], [39.8001048, 48.84260209999997], [39.796057, 48.83750089999996], [39.791647799999964, 48.83590789999996], [39.79163490000005, 48.82844429999997], [39.79438150000002, 48.82797849999998], [39.79750090000002, 48.82441930000001], [39.79223360000003, 48.8225792], [39.786268400000026, 48.82475159999997], [39.785077, 48.82237670000002], [39.787238800000026, 48.817834099999956], [39.78011379999998, 48.81212019999996], [39.78002970000004, 48.807213599999976], [39.7855874, 48.79989570000005], [39.78370779999999, 48.79169430000003], [39.779095600000026, 48.785411], [39.77211759999998, 48.783795], [39.76665020000004, 48.77937440000004], [39.7629913, 48.7734087], [39.7637954, 48.7710471], [39.768328200000056, 48.769813200000044], [39.768274, 48.765838], [39.76494, 48.7638829], [39.76088020000003, 48.7638691], [39.755077, 48.76812560000003], [39.749462100000045, 48.767151], [39.753329800000046, 48.77055], [39.75095390000002, 48.7727346], [39.74373, 48.7702], [39.74540110000004, 48.76744270000002], [39.73787649999997, 48.765697600000045], [39.73578410000004, 48.75978180000004], [39.730767, 48.75920740000004], [39.732092, 48.75506009999999], [39.72555119999998, 48.75237180000005], [39.72670270000004, 48.74987910000004], [39.73092709999998, 48.74834659999998], [39.73026330000003, 48.750887399999975], [39.7338557, 48.75260619999999], [39.7388721, 48.74748969999995], [39.7394719, 48.7436506], [39.736863099999965, 48.743265899999976], [39.733696, 48.7451738], [39.7312439, 48.741844399999955], [39.7251961, 48.74045789999999], [39.72283979999999, 48.73140490000003], [39.72666630000005, 48.7289411], [39.72294440000003, 48.725252800000014], [39.720573, 48.72538520000005], [39.72072110000001, 48.72849849999998], [39.71570109999997, 48.7278396], [39.71005750000002, 48.724195], [39.70920579999998, 48.720083300000034], [39.70615509999999, 48.72145490000001], [39.70430759999998, 48.72050749999996], [39.707394799999975, 48.717203], [39.71226140000003, 48.7155122], [39.71205049999999, 48.7120362], [39.7075831, 48.7120502], [39.70509830000003, 48.705995200000025], [39.71193520000004, 48.700865], [39.71839029999998, 48.7022957], [39.72023449999999, 48.697582899999965], [39.715897, 48.69518450000003], [39.71836879999998, 48.69320429999997], [39.7168791, 48.68975910000002], [39.723289, 48.68386290000004], [39.71437639999996, 48.68029480000004], [39.71208379999999, 48.6746598], [39.701844800000046, 48.66951539999997], [39.7037368, 48.6667322], [39.71141890000004, 48.6672089], [39.70966929999996, 48.6621475], [39.710917600000045, 48.65513930000002], [39.70534720000002, 48.656543], [39.7026601, 48.65351750000004], [39.69373910000004, 48.64929469999996], [39.691310800000025, 48.64587259999997], [39.693933300000026, 48.6428909], [39.69378009999997, 48.63672220000004], [39.6702473, 48.6234024], [39.66064929999999, 48.609085599999986], [39.661796699999975, 48.6057258], [39.67130409999996, 48.60390179999998], [39.668248, 48.60127609999998], [39.66930640000005, 48.596170300000026], [39.67179550000003, 48.59548560000004], [39.676781099999985, 48.598171200000024], [39.679578599999985, 48.59763760000002], [39.68009049999998, 48.595846], [39.67554329999997, 48.59409469999998], [39.676074100000015, 48.5913555], [39.678553, 48.59002939999996], [39.68038820000001, 48.59247550000003], [39.68299959999998, 48.59255070000003], [39.68788819999999, 48.58680179999999], [39.70189029999999, 48.587637899999976], [39.721399, 48.58491659999997], [39.725461500000016, 48.5865647], [39.7361573, 48.58600529999999], [39.747476499999976, 48.590561700000045], [39.75080409999997, 48.58839769999996], [39.75044080000002, 48.5832285], [39.752417, 48.58199420000002], [39.7691798, 48.587261800000036], [39.77345519999999, 48.592320900000026], [39.791632, 48.59300849999999], [39.7996185, 48.590005400000024], [39.80728249999996, 48.58433750000002], [39.8133492, 48.58393820000002], [39.82362540000001, 48.58653439999998], [39.825928400000045, 48.58272579999998], [39.8208913, 48.57860630000001], [39.841405300000034, 48.5730198], [39.850426500000026, 48.567896], [39.85530940000001, 48.56088629999997], [39.852697299999974, 48.553794199999984], [39.857231, 48.54451959999999], [39.855183900000014, 48.536969400000025], [39.86187549999999, 48.524297899999986], [39.86727159999998, 48.5077604], [39.866484499999956, 48.504753200000046], [39.8615, 48.501789], [39.85660850000002, 48.501427699999965], [39.852579099999964, 48.50342630000004], [39.84720820000002, 48.50157489999997], [39.84644390000002, 48.4737524], [39.85277779999997, 48.46639039999998], [39.858778200000046, 48.46313559999997], [39.87474469999995, 48.457127299999954], [39.88968690000002, 48.4493582], [39.89758760000003, 48.4473144], [39.8959697, 48.443992300000026], [39.89137990000003, 48.44374320000002], [39.8889353, 48.4420266], [39.896225799999975, 48.42880490000001], [39.91171110000003, 48.41989259999997], [39.9113789, 48.41337080000001], [39.905567700000034, 48.40450889999996], [39.906883899999954, 48.402821], [39.91468049999997, 48.40135180000004], [39.91849280000001, 48.39890080000002], [39.91648169999996, 48.39444109999997], [39.90690239999998, 48.39247330000005], [39.90572010000003, 48.39037870000002], [39.91404809999996, 48.386876299999955], [39.9178786, 48.3787359], [39.923955, 48.3752255], [39.92915079999998, 48.37553649999997], [39.93761540000001, 48.38666519999999], [39.94151450000004, 48.3863196], [39.9421311, 48.38212080000004], [39.93557209999997, 48.37297009999999], [39.9367565, 48.367468299999956], [39.93229220000002, 48.36456340000004], [39.934889, 48.36172639999996], [39.944465399999956, 48.35768250000003], [39.941319100000044, 48.3565464], [39.94298839999996, 48.356075799999964], [39.9420678, 48.35479849999997], [39.94744989999998, 48.3547044], [39.94236120000002, 48.346165699999965], [39.9320741, 48.34906829999996], [39.91861350000005, 48.34713069999996], [39.91863370000003, 48.34163589999998], [39.878964799999984, 48.334084900000036], [39.86152019999999, 48.33454139999997], [39.845318, 48.3328564], [39.845132100000015, 48.329463899999965], [39.84075629999998, 48.32896220000002], [39.8411602, 48.31005350000004], [39.852479, 48.308576799999976], [39.88760560000003, 48.30854930000001], [39.8880904, 48.302235300000014], [39.9005521, 48.3001129], [39.9103688, 48.292556], [39.9122709, 48.28445270000003], [39.91529679999998, 48.282295], [39.9103043, 48.2715269], [39.91469620000002, 48.271868500000025], [39.91503540000002, 48.26962820000002], [39.92521090000004, 48.2715269], [39.92882019999998, 48.27735590000002], [39.934760300000036, 48.27915010000005], [39.93026389999997, 48.28303949999999], [39.93539509999998, 48.28422009999997], [39.937334599999964, 48.29192820000003], [39.94424869999996, 48.29187609999998], [39.9483798, 48.29449150000002], [39.95184989999997, 48.303401399999956], [39.9558853, 48.30359230000003], [39.9568246, 48.301272400000016], [39.96318210000004, 48.30312369999998], [39.96578249999999, 48.306450099999964], [39.97109640000002, 48.30722519999997], [39.972157399999965, 48.31276089999996], [39.97857579999999, 48.31562389999997], [39.990334199999964, 48.3170583], [39.992844700000035, 48.3140099], [39.99303390000006, 48.30070030000002], [40.01040119999996, 48.2701893], [40.0141427, 48.2703128], [40.0160136, 48.2669079], [40.013034, 48.2662432], [40.02075929999999, 48.253857], [40.006517699999975, 48.24202570000004], [40.00959060000004, 48.22511860000002], [40.0037205, 48.223565], [39.9549419, 48.22882410000002], [39.942, 48.22861], [39.93701579999997, 48.18095880000001], [39.925, 48.18191], [39.9098171, 48.17984590000004], [39.90677510000002, 48.168386199999986], [39.90671640000004, 48.14883080000005], [39.902495, 48.14034150000001], [39.89747380000003, 48.13409549999996], [39.889203, 48.1306223], [39.87646369999999, 48.118908], [39.870456499999975, 48.1166083], [39.87419, 48.10896], [39.868887600000015, 48.0791953], [39.83396720000002, 48.06701420000003], [39.84769189999999, 48.059076], [39.883510599999966, 48.04898819999998], [39.88338810000004, 48.041606799999954], [39.776898799999984, 48.03990940000002], [39.784190200000026, 48.02817240000003], [39.78327780000003, 48.0258427], [39.7853514, 48.02520479999998], [39.783547400000046, 48.02272240000003], [39.786637, 48.02091939999997], [39.791095, 48.01216739999996], [39.80032550000004, 48.00699659999996], [39.80274080000005, 48.007727899999985], [39.80387720000002, 48.0057196], [39.81054470000004, 48.004565399999976], [39.80968939999997, 48.00285979999998], [39.816460300000024, 48.00131890000003], [39.812821200000016, 47.99727439999997], [39.817808099999986, 47.994707400000024], [39.8159523, 47.99308389999999], [39.816418799999965, 47.99082890000001], [39.81857, 47.99034], [39.81515390000003, 47.9891637], [39.81498809999998, 47.98565950000004], [39.816211400000036, 47.98347360000001], [39.8223456, 47.983102600000045], [39.8231004, 47.98122050000002], [39.821542, 47.9769319], [39.81786469999996, 47.97468909999998], [39.816, 47.96802], [39.81896560000001, 47.96753430000005], [39.81703, 47.96648], [39.81789, 47.96064], [39.82149, 47.96013], [39.82338, 47.95858], [39.8224371, 47.95610979999998], [39.8247759, 47.955297], [39.82173870000004, 47.95075380000002], [39.80606209999996, 47.95053849999997], [39.80647070000002, 47.9348333], [39.80212120000003, 47.93474110000002], [39.80109710000003, 47.92653680000003], [39.79364840000002, 47.91935139999996], [39.7949201, 47.8703755], [39.79095730000003, 47.8688696], [39.7634486, 47.87069040000002], [39.7632318, 47.84632210000004], [39.756738700000014, 47.84682320000002], [39.7384963, 47.8280085], [39.65222889999997, 47.8329947], [39.64510769999997, 47.83636770000001], [39.62570980000001, 47.839133], [39.62166310000003, 47.83635749999997], [39.5654782, 47.83643389999998], [39.5606283, 47.8328059], [39.542515899999984, 47.82505959999998], [39.534957200000036, 47.83282530000001], [39.52093709999997, 47.8256835], [39.4778062, 47.86067969999996], [39.472079, 47.85895560000004], [39.46475460000004, 47.85954519999997], [39.448649300000014, 47.8519273], [39.44550530000003, 47.85257749999998], [39.4459655, 47.85545659999999], [39.4399605, 47.854766099999964], [39.43322429999997, 47.84435379999998], [39.4393541, 47.840186499999966], [39.42635630000005, 47.8369279], [39.4219565, 47.83315759999997], [39.41322469999996, 47.82972740000002], [39.38730859999998, 47.8711604], [39.3554047, 47.87271190000004], [39.34839, 47.871448], [39.35144119999997, 47.866948699999966], [39.241737, 47.86706909999998], [39.23693660000002, 47.86464990000001], [39.23681, 47.86091], [39.2339274, 47.8599062], [39.23648749999998, 47.85364639999996], [39.18096890000001, 47.8536801], [39.171929500000026, 47.84622110000003], [39.162280699999975, 47.851569], [39.14992189999997, 47.851505], [39.1496272, 47.842376], [39.10946320000003, 47.84267169999998], [39.10948529999999, 47.85165409999996], [39.083060799999956, 47.851627], [39.08311029999997, 47.86953230000004], [38.9555931, 47.86936880000001], [38.94140169999997, 47.873285199999955], [38.92744489999998, 47.87310050000004], [38.91459869999997, 47.874322399999976], [38.9124361, 47.875626699999984], [38.909120700000045, 47.87293190000003], [38.90345470000002, 47.8723689], [38.8991564, 47.87293329999997], [38.89826929999997, 47.87433839999997], [38.893793700000025, 47.8744075], [38.891807700000015, 47.8730216], [38.8906172, 47.87426160000001], [38.879044600000036, 47.875989100000034], [38.877566799999975, 47.867103200000045], [38.842962600000035, 47.86532540000003], [38.84257920000002, 47.85139720000002], [38.8383936, 47.8514366], [38.83605470000001, 47.84968459999998], [38.82984339999999, 47.84994610000004], [38.826198400000024, 47.845692900000024], [38.825290400000036, 47.83536620000002], [38.828454, 47.83187740000001], [38.8288538, 47.8279055], [38.832410400000015, 47.82668049999998], [38.828798699999965, 47.8232682], [38.828818900000044, 47.815918600000025], [38.7889225, 47.815916700000045], [38.790468099999984, 47.796407], [38.78397090000002, 47.7917302], [38.7838686, 47.7880408], [38.786541199999974, 47.7846165], [38.793097300000014, 47.78442159999996], [38.788991, 47.77830830000005], [38.7959805, 47.776458], [38.796544200000014, 47.77365810000005], [38.7925152, 47.7723404], [38.793270600000056, 47.768729], [38.78910990000006, 47.768582400000014], [38.7890234, 47.7375434], [38.77975919999997, 47.737186699999974], [38.77752109999998, 47.73570429999998], [38.77015079999998, 47.721056500000024], [38.7730558, 47.719341], [38.7729603, 47.7177833], [38.770751300000015, 47.717513100000026], [38.77263589999998, 47.713709199999975], [38.772608400000024, 47.6855249], [38.755144899999976, 47.68534009999998], [38.75345849999997, 47.6865178], [38.75078229999997, 47.6844654], [38.746871, 47.686366], [38.74322429999998, 47.6806771], [38.736607300000045, 47.680135899999975], [38.735568200000046, 47.68259109999999], [38.739705, 47.6850923], [38.737734599999975, 47.68773860000002], [38.734137, 47.687408599999976], [38.72987269999998, 47.69117], [38.73551169999999, 47.69458349999997], [38.7348912, 47.69963690000003], [38.66582829999997, 47.69872880000003], [38.66602650000003, 47.66931430000005], [38.6292721, 47.669396], [38.629749, 47.65343450000003], [38.62608630000001, 47.65345890000001], [38.61643720000002, 47.6445813], [38.45648520000002, 47.64404380000002], [38.4567501, 47.6171106], [38.3504612, 47.616646], [38.35071610000004, 47.576196500000044], [38.31079259999998, 47.57614480000003], [38.311263899999986, 47.55357479999997], [38.306075400000026, 47.54828789999996], [38.307288200000016, 47.546487], [38.30505379999997, 47.5448082], [38.28472689999997, 47.54430960000004], [38.284896, 47.509034], [38.29343120000003, 47.50808770000001], [38.29156709999998, 47.50584450000004], [38.29378020000004, 47.50216130000002], [38.29003939999997, 47.49899509999997], [38.291962800000036, 47.49049190000003], [38.2885155, 47.488800599999976], [38.28595519999999, 47.48349210000004], [38.288368, 47.4760923], [38.3020282, 47.47496230000003], [38.30238949999997, 47.392848], [38.30064719999996, 47.3914516], [38.2864717, 47.391357899999974], [38.286548599999975, 47.37341929999996], [38.257254299999985, 47.3732126], [38.244983, 47.36370919999999], [38.24933260000002, 47.356777300000026], [38.24648639999998, 47.3541578], [38.2462386, 47.35072740000003], [38.23927809999998, 47.346081], [38.2319092, 47.344314799999964], [38.2304107, 47.33864819999997], [38.222511200000014, 47.3331063], [38.2269703, 47.33024390000004], [38.22113349999997, 47.32707820000004], [38.220892, 47.30539660000004], [38.336039900000046, 47.30625410000002], [38.3345902, 47.302693899999966], [38.32700030000004, 47.2994985], [38.32695490000001, 47.29784490000004], [38.333510600000025, 47.296591399999976], [38.33309679999998, 47.2927122], [38.32807370000003, 47.28537660000003], [38.3228295, 47.281492199999974], [38.32708520000004, 47.279760400000036], [38.32650530000002, 47.27709759999998], [38.330765099999965, 47.275875600000035], [38.33353, 47.26919], [38.32930749999998, 47.26697990000004], [38.3315717, 47.26364829999998], [38.3244901, 47.25695], [38.28797370000002, 47.256752900000016], [38.2881957, 47.23853530000002], [38.2603084, 47.23825520000002], [38.25434360000003, 47.23388970000004], [38.2386429, 47.23259520000005], [38.23290870000001, 47.228951], [38.2339134, 47.22582250000002], [38.2364456, 47.22542860000003], [38.24029320000003, 47.22165660000004], [38.24025550000002, 47.21869429999998], [38.24276220000004, 47.217768500000034], [38.2410077, 47.209975], [38.2372421, 47.208315800000044], [38.23397810000003, 47.2037756], [38.23589039999999, 47.1986006], [38.2362181, 47.13955330000001], [38.22909969999998, 47.12716670000001], [38.228514, 47.12260680000002], [38.32324873906857, 47.0], [29.59891095202737, 47.0], [29.602482599999966, 47.041633599999976], [29.62867579999996, 47.044726], [29.611875399999974, 47.1002241], [29.5476253, 47.0936589], [29.54973370000001, 47.0758996], [29.53020169999997, 47.07544939999997], [29.52995360000005, 47.08189439999997], [29.51563350000003, 47.11255759999997], [29.499272499999982, 47.10918369999997], [29.494746599999964, 47.131521800000016], [29.5054805, 47.128402], [29.579924800000036, 47.13576349999997], [29.55210969999996, 47.2513875], [29.598693199999957, 47.25739160000002], [29.57419360000003, 47.3704013], [29.5175601, 47.364590299999975], [29.49765809999999, 47.358529300000036], [29.49379569999998, 47.35590550000001], [29.487653399999978, 47.35586079999996], [29.48643030000003, 47.350046], [29.490748700000026, 47.34795360000003], [29.4873316, 47.3398175], [29.4934363, 47.33771639999997], [29.4913173, 47.33294770000003], [29.4831419, 47.33235139999998], [29.486022599999963, 47.32230030000004], [29.484247, 47.32101439999996], [29.485716200000013, 47.30587759999995], [29.4450536, 47.29978919999997], [29.44621479999997, 47.29458829999997], [29.4270454, 47.29214820000005], [29.423697199999985, 47.3047822], [29.398361599999987, 47.300472], [29.38374070000004, 47.3451482], [29.398006199999983, 47.35363960000003], [29.390721799999987, 47.3797607], [29.361320699999958, 47.37560040000004], [29.361626400000027, 47.373409899999984], [29.337622399999987, 47.37055329999997], [29.3174901, 47.449200400000024], [29.3086865, 47.4466679], [29.30448860000002, 47.442846800000034], [29.290799399999976, 47.43999770000002], [29.289191100000046, 47.43687439999997], [29.27706290000002, 47.43632310000001], [29.272575199999963, 47.434665399999986], [29.25335619999997, 47.42261589999998], [29.2536335, 47.41852030000004], [29.251287100000013, 47.416088099999975], [29.2437545, 47.41530659999997], [29.24234569999996, 47.461968699999986], [29.190968, 47.42505760000004], [29.18517640000001, 47.43118419999998], [29.18338940000004, 47.4360043], [29.18828689999998, 47.438895], [29.182188599999982, 47.449070800000044], [29.193021899999984, 47.45953780000003], [29.188926399999957, 47.463098], [29.190554600000027, 47.46710550000002], [29.162212300000036, 47.452674], [29.1575637, 47.459232900000025], [29.18753180000003, 47.475225], [29.183630299999983, 47.4790733], [29.192292600000037, 47.48737509999998], [29.190571, 47.489753699999966], [29.182830100000032, 47.49315860000005], [29.1823852, 47.49591759999998], [29.18554519999997, 47.50523949999998], [29.18485919999997, 47.511333200000045], [29.189672200000025, 47.51396630000004], [29.1850496, 47.51881219999998], [29.151540399999973, 47.5065536], [29.116881799999973, 47.55449909999998], [29.166664399999988, 47.57124990000003], [29.171000899999967, 47.56756729999998], [29.184659599999975, 47.571964099999974], [29.1849196, 47.57823150000002], [29.188578200000016, 47.58150829999998], [29.185966, 47.585753799999985], [29.192115400000027, 47.5919317], [29.19941319999998, 47.5938307], [29.20354850000001, 47.59798449999997], [29.200709300000014, 47.6024291], [29.217664700000036, 47.6122875], [29.209605, 47.628576], [29.21389060000005, 47.625809100000026], [29.219196699999962, 47.62698470000004], [29.223154200000025, 47.634954900000025], [29.233956699999965, 47.642589300000026], [29.209386499999965, 47.642297300000024], [29.2098184, 47.6579888], [29.219606600000034, 47.6580692], [29.21954889999997, 47.6820405], [29.23110650000004, 47.6837634], [29.22040649999996, 47.6965729], [29.222665199999973, 47.697552699999974], [29.204363799999967, 47.71906850000003], [29.215231300000042, 47.73870230000006], [29.248606399999986, 47.751339099999974], [29.276134700000043, 47.80370759999999], [29.247093300000024, 47.810943100000024], [29.2326968, 47.79740539999999], [29.219307499999978, 47.79843459999997], [29.19842129999998, 47.819844699999976], [29.2073227, 47.83684379999997], [29.210492399999985, 47.83985469999996], [29.214791200000043, 47.84064220000001], [29.227336400000027, 47.85643649999997], [29.235376899999963, 47.858948], [29.236032600000037, 47.86252780000002], [29.243129299999957, 47.8673376], [29.267063199999974, 47.87520269999998], [29.268964, 47.87880949999998], [29.273863399999968, 47.87968629999997], [29.27779979999997, 47.8864924], [29.281268199999978, 47.88843450000002], [29.271612599999983, 47.89025310000003], [29.215849699999964, 47.88595759999998], [29.21698219999996, 47.88848239999999], [29.22227679999999, 47.88912639999998], [29.223546200000037, 47.891092899999975], [29.2162098, 47.896073699999974], [29.213198399999975, 47.8857689], [29.200637600000036, 47.8843692], [29.18530130000004, 47.96449469999999], [29.180474, 47.9642178], [29.175315399999988, 47.993778199999966], [29.124871400000053, 47.993668], [29.12400590000003, 47.988400800000015], [29.129833, 47.98647889999998], [29.130998, 47.98235909999999], [29.10897760000003, 47.98411440000001], [29.10220969999996, 47.98166869999998], [29.1020255, 47.9829228], [29.092889099999972, 47.98307049999997], [29.0919459, 47.98022689999996], [29.089752499999975, 47.98127310000002], [29.084073700000047, 47.977333500000015], [29.085296699999986, 47.9755137], [29.087738200000025, 47.97670389999997], [29.09253770000003, 47.9730984], [29.0965122, 47.973308599999974], [29.09812129999999, 47.96012559999998], [29.09530620000004, 47.95976850000001], [29.09104059999997, 47.968334700000014], [29.0874042, 47.96806440000003], [29.0822396, 47.97161540000003], [29.0794659, 47.9714324], [29.078608400000014, 47.96753410000003], [29.0846474, 47.9594399], [29.0867675, 47.9466787], [29.07376319999996, 47.9438964], [29.052224699999982, 47.94273720000002], [29.0368412, 47.9478756], [29.032633700000034, 47.94264170000002], [29.025129, 47.946179900000025], [29.012465600000027, 47.9562528], [29.001746599999976, 47.95809430000004], [29.000304500000027, 47.962185200000036], [28.994484499999963, 47.961349], [28.9783402, 47.97135079999999], [28.961602, 47.97919], [28.925847199999986, 47.9601399], [28.877663099999985, 48.00080780000002], [28.885043500000016, 48.0037929], [28.8873243, 48.006141099999965], [28.88421510000004, 48.008139800000045], [28.890113899999967, 48.011826700000015], [28.89485480000001, 48.00958049999997], [28.9009861, 48.01023830000004], [28.9018878, 48.0125575], [28.8902883, 48.01400409999996], [28.883074900000025, 48.0103474], [28.8641603, 48.02109139999999], [28.85679810000005, 48.019771600000034], [28.855856300000013, 48.02704640000004], [28.839449299999984, 48.03494619999997], [28.8520313, 48.060855], [28.843813600000047, 48.06566429999999], [28.8496999, 48.070500700000025], [28.842572300000015, 48.07502459999997], [28.836757, 48.0712668], [28.833415100000046, 48.07284759999997], [28.839927700000047, 48.07849069999996], [28.85083570000001, 48.0786575], [28.849938300000012, 48.08383449999997], [28.857548599999973, 48.10286249999997], [28.85527240000002, 48.108219800000036], [28.847327, 48.1153695], [28.841118499999986, 48.125543599999986], [28.837278, 48.12385360000004], [28.833487099999964, 48.12881170000003], [28.813934399999987, 48.12430210000002], [28.8064751, 48.13454720000003], [28.799773299999977, 48.129950500000014], [28.7948442, 48.129573199999975], [28.794663200000024, 48.12625739999998], [28.771865100000014, 48.12482439999999], [28.754639600000033, 48.13622009999998], [28.735669700000045, 48.13333889999998], [28.72181909999997, 48.12612910000002], [28.706526799999978, 48.129581799999976], [28.687788300000037, 48.12462549999996], [28.68029970000002, 48.13461409999997], [28.6776416, 48.1427855], [28.682087, 48.1467916], [28.647500400000027, 48.1432913], [28.6489921, 48.151919], [28.63517329999997, 48.154832], [28.630410100000034, 48.154145399999955], [28.6145859, 48.15958770000004], [28.6113827, 48.15708349999996], [28.59192250000003, 48.1732898], [28.5793649, 48.16663070000004], [28.570550299999965, 48.17410219999998], [28.5738075, 48.17562659999999], [28.576092699999975, 48.1745158], [28.57734629999996, 48.18244910000004], [28.5704992, 48.176248500000014], [28.56450640000002, 48.17516960000001], [28.557282399999963, 48.1714274], [28.5449628, 48.16937340000005], [28.543239200000023, 48.165292], [28.53532709999996, 48.160816800000035], [28.529853500000044, 48.153113099999985], [28.503247800000032, 48.15103970000003], [28.5211366, 48.138255299999976], [28.4994258, 48.127579200000014], [28.50036460000004, 48.121462199999975], [28.4927717, 48.118557], [28.49903389999998, 48.11505249999996], [28.496078300000036, 48.11154439999996], [28.49699610000004, 48.0879483], [28.4915263, 48.07742250000004], [28.49355929999998, 48.072769], [28.500532900000017, 48.06921570000002], [28.5009513, 48.06724859999998], [28.499388, 48.06574459999997], [28.49003, 48.065855], [28.48119170000004, 48.07053310000004], [28.463514199999963, 48.07416330000002], [28.453834700000037, 48.0789646], [28.437855300000038, 48.096716800000046], [28.433853799999973, 48.110738900000015], [28.421710400000023, 48.122174], [28.423361, 48.13126690000004], [28.438653299999984, 48.141461599999964], [28.43967279999996, 48.14420940000004], [28.433418899999964, 48.16847460000002], [28.42837069999998, 48.172392], [28.410355300000013, 48.177172], [28.3831572, 48.17510430000002], [28.371609799999987, 48.165049400000036], [28.36409439999997, 48.1494452], [28.356356500000025, 48.138841], [28.351706400000033, 48.13656860000004], [28.339662799999985, 48.133803599999965], [28.322274600000043, 48.1328282], [28.306634799999983, 48.13949409999998], [28.3050419, 48.14378320000003], [28.307418299999973, 48.16057640000004], [28.31465710000002, 48.165210899999984], [28.346901500000023, 48.177981300000035], [28.354772699999984, 48.18376620000004], [28.361590900000046, 48.19194030000002], [28.36823, 48.2073387], [28.369710499999954, 48.21725], [28.36679849999998, 48.23213189999997], [28.356091699999965, 48.24504669999998], [28.34803290000002, 48.24736580000002], [28.34299789999998, 48.24652980000003], [28.33029589999999, 48.23945890000003], [28.329379899999964, 48.236732899999986], [28.3232821, 48.2332733], [28.31619909999997, 48.23486909999996], [28.30878240000004, 48.24150290000004], [28.303135700000013, 48.24134080000004], [28.284920799999966, 48.23112880000002], [28.27523790000003, 48.22891020000004], [28.2317498, 48.21022330000002], [28.219305700000028, 48.206159], [28.20833419999996, 48.204756400000036], [28.20304290000003, 48.2054795], [28.192717899999984, 48.210043499999976], [28.18611929999998, 48.216156], [28.182012, 48.239995800000045], [28.1868279, 48.251230200000016], [28.1823903, 48.2553382], [28.17771189999997, 48.25702260000002], [28.1582292, 48.2617068], [28.14449240000002, 48.26262449999998], [28.140677, 48.2591027], [28.138985800000036, 48.248603500000016], [28.128792300000036, 48.241119], [28.106052400000046, 48.2311876], [28.102693500000044, 48.230865399999985], [28.08636940000003, 48.23520260000002], [28.080476499999975, 48.24145460000004], [28.0797468, 48.25060609999998], [28.08853919999997, 48.2721129], [28.0934334, 48.29368010000003], [28.085472199999963, 48.307264899999964], [28.0705484, 48.31926389999996], [28.05886620000001, 48.32316279999997], [28.041781799999974, 48.32602840000002], [28.0147815, 48.32639159999996], [27.97145190000002, 48.32443689999997], [27.964161100000027, 48.3249858], [27.954408600000015, 48.3281375], [27.93947529999997, 48.33730449999997], [27.90429990000002, 48.35479519999996], [27.88813720000004, 48.3670769], [27.87892450000001, 48.37914029999999], [27.878276300000024, 48.38781919999999], [27.8809596, 48.3920241], [27.873489099999972, 48.40459259999996], [27.8553084, 48.412075899999984], [27.845547, 48.4147974], [27.82637749999998, 48.4172233], [27.82027470000005, 48.4194743], [27.8092863, 48.43235989999999], [27.786333900000017, 48.44659059999998], [27.756416299999973, 48.4567488], [27.748464299999984, 48.45795629999998], [27.71012779999996, 48.450648800000025], [27.6821596, 48.440720400000025], [27.6757, 48.43988129999996], [27.6436076, 48.44181669999996], [27.5914238, 48.46129310000002], [27.5890987, 48.46564520000005], [27.59551779999999, 48.473331399999985], [27.5942168, 48.475978100000034], [27.604892800000034, 48.48562989999998], [27.59856990000001, 48.49117209999998], [27.5811669, 48.49090679999996], [27.5610784, 48.48307670000003], [27.55247060000002, 48.477733], [27.530230900000028, 48.467940200000044], [27.526233699999967, 48.464475900000025], [27.5266312, 48.4616503], [27.522093, 48.463248499999985], [27.50371450000003, 48.45526919999996], [27.49163089999996, 48.458415], [27.473523600000025, 48.452405200000044], [27.465303699999986, 48.447329199999984], [27.46230370000001, 48.43376079999999], [27.44712330000004, 48.40968719999996], [27.425077500000015, 48.4105679], [27.4156879, 48.41358030000002], [27.385015300000024, 48.409009700000034], [27.38079, 48.4101524], [27.377034200000026, 48.41669640000001], [27.3743738, 48.4251088], [27.37539270000001, 48.43332740000001], [27.373227099999973, 48.4417183], [27.364971299999983, 48.44203139999996], [27.353266199999968, 48.44905749999999], [27.349830800000028, 48.44668729999999], [27.35346789999996, 48.44051679999996], [27.33917379999996, 48.447974], [27.33528530000001, 48.44396670000004], [27.33859439999998, 48.4422734], [27.337315600000043, 48.44104719999997], [27.31972360000002, 48.443588], [27.311520799999975, 48.42851], [27.314061799999987, 48.42271689999997], [27.29711809999996, 48.40934030000003], [27.2863711, 48.37153010000004], [27.26373729999999, 48.38030469999996], [27.249864, 48.375432900000014], [27.2410029, 48.374823300000024], [27.2355701, 48.3728253], [27.213049899999984, 48.3911458], [27.2002557, 48.389033800000036], [27.19225960000001, 48.39490650000002], [27.16801959999998, 48.38084389999999], [27.161189, 48.3789021], [27.16021989999998, 48.380550100000015], [27.156562699999984, 48.3781873], [27.13909510000004, 48.3745429], [27.12364250000002, 48.379199099999965], [27.106909800000043, 48.3965582], [27.087234599999963, 48.41321589999998], [27.084875800000017, 48.4347067], [27.06931769999997, 48.432370300000045], [27.06945209999999, 48.43082049999998], [27.065578300000013, 48.4292963], [27.06418720000002, 48.421985600000035], [27.06233130000003, 48.421298899999975], [27.05135180000001, 48.42542580000002], [27.0372691, 48.423451700000015], [27.02994249999998, 48.42711980000003], [27.014409499999967, 48.42511360000003], [27.012188300000037, 48.42303620000001], [27.013556, 48.42041339999998], [27.023221100000026, 48.417597], [27.02627740000004, 48.41802279999998], [27.032649100000015, 48.4149563], [27.040065800000033, 48.410745200000015], [27.044722200000013, 48.40406039999998], [27.046825100000014, 48.376424900000025], [27.045880600000025, 48.37426080000002], [27.027168200000027, 48.382677700000016], [27.003949300000016, 48.379936100000016], [27.00118139999997, 48.37735990000002], [27.00231020000002, 48.36397219999997], [27.0004914, 48.364867399999966], [26.99519020000004, 48.35948089999997], [26.93102149999996, 48.3715598], [26.933598700000037, 48.3643044], [26.9317325, 48.3632932], [26.894639900000037, 48.38346], [26.898824399999963, 48.3947904], [26.902017799999953, 48.39676450000001], [26.88226959999996, 48.415558], [26.872999900000014, 48.41943160000002], [26.851319, 48.413153], [26.788078, 48.41927710000002], [26.774963800000027, 48.418363], [26.76823530000002, 48.40723530000004], [26.764641799999964, 48.40831090000004], [26.754329399999985, 48.3993311], [26.725383, 48.41167590000001], [26.7092435, 48.405308200000015], [26.739850200000035, 48.37940839999997], [26.75353389999998, 48.365451599999986], [26.760863900000018, 48.36061139999998], [26.765159, 48.353646499999954], [26.775001699999965, 48.3519574], [26.793495700000012, 48.3435062], [26.796119500000035, 48.34327140000003], [26.8086269, 48.3515999], [26.82488810000004, 48.34427219999997], [26.8271396, 48.326248700000036], [26.823553099999984, 48.3255291], [26.824068099999963, 48.319936], [26.83128619999998, 48.31336910000001], [26.82356139999996, 48.31154249999996], [26.826308, 48.30366420000003], [26.817330800000025, 48.29507240000004], [26.79465119999996, 48.2910605], [26.7834427, 48.29724080000004], [26.7669341, 48.302351799999975], [26.757840399999964, 48.32273349999998], [26.74015930000003, 48.31337279999996], [26.7296542, 48.3257169], [26.703113699999967, 48.34955660000004], [26.6914403, 48.36335839999999], [26.6800778, 48.35890410000003], [26.69075829999997, 48.344893699999965], [26.695893400000035, 48.32723530000005], [26.675891, 48.324832500000014], [26.675834900000037, 48.31705660000003], [26.648292, 48.304837799999966], [26.649744, 48.2980711], [26.641415600000027, 48.28976630000003], [26.61628229999998, 48.274228], [26.630199399999963, 48.2596394], [26.628074800000032, 48.24655], [26.62530249999998, 48.24610990000002], [26.61797250000003, 48.25108560000004], [26.613647400000016, 48.249479], [26.61964580000001, 48.2389872], [26.61220270000003, 48.24022750000003], [26.5975208, 48.237691199999965], [26.589125600000028, 48.24565790000001], [26.5862077, 48.246352], [26.5824569, 48.24307190000001], [26.577286700000045, 48.2429044], [26.5716227, 48.23816330000003], [26.568704200000024, 48.22993449999997], [26.572284499999963, 48.22465090000005], [26.572207, 48.219119699999986], [26.54977060000002, 48.22495369999997], [26.5471317, 48.223024899999984], [26.550399199999983, 48.216141799999974], [26.544020400000043, 48.21414250000002], [26.538144699999986, 48.214099700000034], [26.52901230000003, 48.20922129999998], [26.525476, 48.2130742], [26.51454740000002, 48.210658], [26.50939820000003, 48.21417490000004], [26.493843, 48.21800510000005], [26.48911530000003, 48.21765], [26.48101119999998, 48.2143644], [26.471808100000036, 48.2194171], [26.468689, 48.216124399999956], [26.457768899999987, 48.213938700000035], [26.461285399999976, 48.20919620000004], [26.457825, 48.206383500000015], [26.447423, 48.20353710000005], [26.4358718, 48.204155], [26.4356301, 48.20183809999998], [26.432737899999967, 48.200208100000026], [26.439855899999962, 48.19696789999998], [26.436732099999958, 48.19337770000003], [26.4333459, 48.193181400000036], [26.430676700000042, 48.196426400000036], [26.4215464, 48.200940499999966], [26.4182456, 48.1973525], [26.40298270000004, 48.18891459999996], [26.39348120000001, 48.18956329999999], [26.38744530000002, 48.1867187], [26.38291770000004, 48.1870687], [26.378897300000013, 48.18979240000003], [26.38546509999996, 48.1925713], [26.386238, 48.1948823], [26.37503139999998, 48.1984032], [26.37207260000004, 48.19754529999997], [26.36858089999997, 48.1899123], [26.36009490000003, 48.1849561], [26.354970799999986, 48.186266499999974], [26.35303109999999, 48.1903922], [26.34832760000002, 48.19114180000003], [26.34722029999997, 48.18932789999997], [26.349735199999955, 48.18353110000004], [26.3448085, 48.18198019999997], [26.33346270000004, 48.183777], [26.329367599999962, 48.18013650000001], [26.32837880000004, 48.17622180000003], [26.335389799999973, 48.161685200000036], [26.332499500000015, 48.15642449999997], [26.328585700000016, 48.15284129999997], [26.3170104, 48.14857210000005], [26.298152599999955, 48.1337288], [26.287469500000036, 48.11849839999997], [26.28250519999998, 48.10076590000005], [26.277750699999967, 48.095166600000034], [26.27289549999997, 48.081716], [26.2683499, 48.07730420000002], [26.232025899999964, 48.0614566], [26.212258, 48.0508927], [26.20802809999999, 48.0289846], [26.19902890000004, 48.0077205], [26.184373100000045, 47.99466440000002], [26.137084200000036, 47.98418890000004], [26.12661560000001, 47.987739800000035], [26.117813899999973, 47.98223239999999], [26.100340299999978, 47.978393699999984], [26.061046699999988, 47.98811760000003], [25.95217960000001, 47.970923], [25.94460030000004, 47.97304579999999], [25.940621800000017, 47.9758261], [25.914999199999986, 47.97751769999998], [25.907707700000024, 47.96474640000003], [25.892041900000038, 47.961213800000046], [25.880029700000016, 47.9632089], [25.861192, 47.9703719], [25.850364800000012, 47.96914550000004], [25.826363, 47.96378069999998], [25.818415900000034, 47.95396059999997], [25.774986300000045, 47.93944920000001], [25.738452799999987, 47.941644400000015], [25.733553199999957, 47.9458393], [25.7251152, 47.943929099999956], [25.7206959, 47.944492300000014], [25.718082200000012, 47.941117799999965], [25.70870389999996, 47.941593], [25.69848819999999, 47.945702400000044], [25.691915399999985, 47.944136599999986], [25.68857679999997, 47.94611850000001], [25.6857164, 47.94405240000003], [25.66240169999997, 47.94882329999999], [25.652917400000028, 47.94804360000004], [25.65054520000004, 47.949544200000034], [25.643466800000034, 47.95000030000003], [25.625651800000036, 47.948613], [25.592331199999983, 47.938374], [25.534496, 47.935921], [25.4951946, 47.932223100000044], [25.346803699999985, 47.915804899999976], [25.34069019999997, 47.91411580000002], [25.3111278, 47.91429229999997], [25.2697633, 47.8923706], [25.264172, 47.89427339999996], [25.256389, 47.8925487], [25.25217859999996, 47.89500469999999], [25.244113799999965, 47.893638700000025], [25.238551399999984, 47.895912], [25.2289808, 47.891948], [25.222648199999984, 47.87946680000001], [25.224830100000037, 47.87268150000001], [25.2225174, 47.86941330000005], [25.221323599999987, 47.85882609999998], [25.204946500000034, 47.85266559999999], [25.1999728, 47.84630820000004], [25.20197989999998, 47.839642199999965], [25.1959496, 47.83382189999996], [25.1800183, 47.82569729999999], [25.1796373, 47.81754759999998], [25.17662770000003, 47.81558920000004], [25.177328700000032, 47.813922299999966], [25.166448699999986, 47.80864510000004], [25.17032, 47.804177], [25.170824700000036, 47.796382800000025], [25.165509399999983, 47.7906802], [25.160120599999978, 47.789499], [25.15305790000003, 47.78939140000002], [25.14874, 47.7921348], [25.141394900000034, 47.78559770000001], [25.1346275, 47.7824481], [25.11725969999997, 47.76908190000004], [25.1166148, 47.75670820000004], [25.1133034, 47.754354399999976], [25.10329790000002, 47.75291040000005], [25.0976395, 47.7492258], [25.08959660000004, 47.749081], [25.082620299999956, 47.7451285], [25.0767867, 47.74548420000004], [25.0650882, 47.740526], [25.054516499999977, 47.7459892], [25.0401002, 47.7252877], [25.029962, 47.728265199999974], [25.025290200000025, 47.7315386], [25.016736299999973, 47.73094610000001], [25.00747759999996, 47.73416130000003], [25.001392499999984, 47.72702380000002], [24.995254399999975, 47.72496849999996], [24.991958, 47.72553769999998], [24.9893142, 47.7281744], [24.9826104, 47.7294012], [24.9470986, 47.729216], [24.92146, 47.72615], [24.88592, 47.72461], [24.88609, 47.73388], [24.88146, 47.73886], [24.88043, 47.74624], [24.87734, 47.74864], [24.87803, 47.75293], [24.8564, 47.76461], [24.85485, 47.77113], [24.83648, 47.79327], [24.82189, 47.80649], [24.82309, 47.81301], [24.82807, 47.81834], [24.82773, 47.82074], [24.8085, 47.82349], [24.80473, 47.82228], [24.79014, 47.82486], [24.78447, 47.82349], [24.77623, 47.83773], [24.7637, 47.83893], [24.757, 47.8355], [24.75323, 47.82966], [24.7347396, 47.84336480000004], [24.72782, 47.84099], [24.70540360000003, 47.839305], [24.70448, 47.85061], [24.686425499999984, 47.85658659999996], [24.66757, 47.87172], [24.6662, 47.87773], [24.672799899999962, 47.89678989999999], [24.6583, 47.9088], [24.65229, 47.91086], [24.65143, 47.9191], [24.6413, 47.92236], [24.626989900000016, 47.9398], [24.624895099999975, 47.95127279999998], [24.610859599999966, 47.95167089999996], [24.607322699999976, 47.94926839999995], [24.599357300000033, 47.94763420000001], [24.59255, 47.95652], [24.5841203, 47.96058580000004], [24.581487300000013, 47.96615], [24.569829900000038, 47.9690988], [24.5603852, 47.96694360000002], [24.552554, 47.958547599999974], [24.537006700000017, 47.9618359], [24.53105909999996, 47.960613], [24.5272455, 47.961583199999964], [24.51239, 47.95257], [24.507589, 47.951848], [24.487141099999974, 47.956452099999964], [24.472210100000034, 47.963180399999956], [24.464318, 47.96194990000002], [24.44752959999997, 47.96398530000003], [24.436135, 47.970383100000035], [24.428412499999972, 47.9676958], [24.418417, 47.96045780000002], [24.411204600000023, 47.96022290000003], [24.394026200000027, 47.9541907], [24.391200700000013, 47.946511800000046], [24.386421700000014, 47.9411483], [24.383118199999974, 47.939933300000014], [24.38050620000004, 47.93366020000003], [24.38168380000004, 47.926506800000034], [24.374969, 47.92412], [24.34522830000004, 47.91449839999997], [24.338788500000028, 47.91819209999996], [24.334437, 47.917821], [24.324935800000045, 47.926013900000015], [24.31924610000001, 47.922896600000016], [24.315762800000016, 47.922992], [24.308462, 47.917889], [24.303945, 47.917153], [24.297959700000025, 47.9113621], [24.288252699999955, 47.90981479999996], [24.27876, 47.90623], [24.2652287, 47.90733539999998], [24.254744, 47.906196], [24.24013, 47.90022], [24.228228400000038, 47.89747090000002], [24.2175105, 47.897554], [24.21713, 47.90279], [24.19533, 47.91687], [24.1813438, 47.9147972], [24.1652967, 47.920113200000024], [24.16144550000002, 47.914797600000036], [24.151297499999966, 47.917037800000024], [24.1428274, 47.91235420000002], [24.13818, 47.91217], [24.13025239999996, 47.9159362], [24.11253839999997, 47.91466850000001], [24.10079, 47.927611300000024], [24.09783260000001, 47.93699020000004], [24.070270099999966, 47.947553900000024], [24.063341199999986, 47.953297], [24.050164900000013, 47.9532708], [24.03230930000003, 47.9490832], [24.024716700000024, 47.9574283], [24.007238, 47.96777169999997], [23.99697220000002, 47.96190839999996], [23.98011580000002, 47.9597513], [23.978609299999984, 47.961839300000015], [23.980553, 47.966152800000046], [23.97662419999996, 47.9681135], [23.969235200000014, 47.96679269999997], [23.967119899999965, 47.96246510000002], [23.949832199999985, 47.962741], [23.945922599999978, 47.9521577], [23.939460499999985, 47.94750059999997], [23.93075310000002, 47.94891859999996], [23.921091599999986, 47.9457265], [23.902738, 47.94585289999997], [23.8914011, 47.94272650000002], [23.883094499999977, 47.94384679999999], [23.86773310000004, 47.932640899999974], [23.864278500000022, 47.93179470000004], [23.856021500000022, 47.93516330000005], [23.8520462, 47.9394972], [23.8457751, 47.9415981], [23.840431299999985, 47.95016], [23.84047, 47.95963709999997], [23.834417799999983, 47.9628416], [23.836077, 47.966809], [23.8306813, 47.9689656], [23.822938299999983, 47.9761118], [23.819166800000033, 47.983255], [23.7973173, 47.986638599999964], [23.791811399999983, 47.985981799999976], [23.780938199999966, 47.992332], [23.77339189999997, 47.9947018], [23.764557, 47.9949615], [23.75764229999998, 47.99174260000003], [23.7511867, 47.998354], [23.7310015, 47.99242010000004], [23.720302, 47.9954393], [23.713304, 47.99091810000002], [23.70658510000002, 47.99386690000002], [23.6866982, 47.987323599999975], [23.6732573, 47.98625310000004], [23.664902299999966, 47.9834864], [23.659264200000028, 47.98774669999999], [23.645625199999962, 47.99181079999999], [23.6426018, 47.99985460000002], [23.638933599999987, 48.00208650000004], [23.628371200000018, 48.002167100000044], [23.623108400000046, 48.003871500000024], [23.617945100000046, 48.00322550000004], [23.61435730000002, 48.008749599999966], [23.601130500000043, 48.00600650000002], [23.5938284, 48.00845869999996], [23.5853427, 48.0036115], [23.575970199999983, 48.004625499999975], [23.566993400000023, 48.00289370000004], [23.555219299999983, 48.008662799999975], [23.539925599999965, 48.010758299999985], [23.52972679999997, 48.02178840000002], [23.52173, 47.99669], [23.50285, 47.97678], [23.50422, 47.97146], [23.50113, 47.96871], [23.49495, 47.9682], [23.48225, 47.97352], [23.45478, 47.97626], [23.43384, 47.98983], [23.41633, 47.98794], [23.40466, 47.99343], [23.40054, 48.00098], [23.39487, 48.0015], [23.38835, 48.00424], [23.3765, 48.00339], [23.37547, 48.00871], [23.34715, 48.02072], [23.34166, 48.01832], [23.33325, 48.02107], [23.32878, 48.02399], [23.33342, 48.03411], [23.33754, 48.03532], [23.33736, 48.03738], [23.33428, 48.03858], [23.32604, 48.03703], [23.32157, 48.04167], [23.31093, 48.04441], [23.3032, 48.04338], [23.29514, 48.04441], [23.28827, 48.04767], [23.28827, 48.04956], [23.27711, 48.05969], [23.28535, 48.07033], [23.29102, 48.07188], [23.281119499999967, 48.08183569999997], [23.271009699999965, 48.08418229999997], [23.269357400000032, 48.08582330000004], [23.2676437, 48.10007560000005], [23.251994599999968, 48.10061340000004], [23.246254500000028, 48.091662600000014], [23.241908499999973, 48.094155400000034], [23.23568459999997, 48.09174149999997], [23.208643399999982, 48.09567730000001], [23.19878679999997, 48.09564530000003], [23.195969900000044, 48.09750479999997], [23.18930250000003, 48.09769750000001], [23.1899429, 48.09973029999998], [23.1851, 48.10398], [23.18716, 48.10947], [23.18047, 48.11376], [23.17909, 48.11891], [23.174045500000027, 48.12012420000002], [23.1718157, 48.11782839999996], [23.166677200000017, 48.11994879999999], [23.165605, 48.115053699999976], [23.15208890000001, 48.11287789999998], [23.14648, 48.09986], [23.13892, 48.09626], [23.13824, 48.09454], [23.13103, 48.09626], [23.12742, 48.09265], [23.11403, 48.08647], [23.12279, 48.08149], [23.12262, 48.07737], [23.12193, 48.07548], [23.105387600000036, 48.0649174], [23.111584400000016, 48.06107990000001], [23.109047, 48.057738], [23.11163, 48.05385], [23.098289099999967, 48.04415180000003], [23.100718199999957, 48.040947], [23.1052552, 48.0394378], [23.1080052, 48.03532], [23.100114700000027, 48.0254466], [23.0894196, 48.01925710000001], [23.09024110000003, 48.016489], [23.096955, 48.01570879999996], [23.090632399999986, 48.005847700000025], [23.083511700000034, 48.004842], [23.074580799999964, 48.0085837], [23.065790299999964, 48.00780939999998], [23.056856099999976, 48.003372699999964], [23.03010009999996, 48.0002783], [23.024113200000027, 47.991794300000045], [23.0184204, 47.99212619999997], [23.0176475, 47.99049369999999], [23.015083, 47.99179840000003], [23.013547200000026, 47.990551], [23.010741799999987, 47.99409809999997], [22.996873100000013, 47.996062499999965], [22.99593139999999, 48.000799], [22.99264820000003, 48.004366599999955], [22.991956700000014, 48.00317170000003], [22.9866686, 48.0039871], [22.98677330000004, 48.00536939999997], [22.977095100000042, 48.00686740000002], [22.9776604, 48.0099609], [22.9626352, 48.011584], [22.961015800000038, 48.007637300000034], [22.945656099999976, 48.01433980000002], [22.94425089999997, 48.01667660000002], [22.927115900000015, 48.0191626], [22.921699699999962, 48.0145531], [22.920100399999974, 48.00691529999998], [22.9228497, 48.002514900000044], [22.9285735, 47.9996021], [22.93511010000003, 47.999087], [22.9375723, 47.995671500000036], [22.942606499999982, 47.97245319999998], [22.947695200000027, 47.96735619999996], [22.942042500000035, 47.965713], [22.94193459999999, 47.96415360000001], [22.93692960000003, 47.96378369999996], [22.9293871, 47.95916750000002], [22.925277300000033, 47.95917979999997], [22.923403199999957, 47.96058159999996], [22.920104699999975, 47.95952109999997], [22.9213546, 47.958139799999984], [22.918798399999982, 47.9588152], [22.918677700000032, 47.9568088], [22.91627720000001, 47.95864629999997], [22.916926299999982, 47.96040120000004], [22.914380800000043, 47.957239899999955], [22.91106560000001, 47.960509], [22.9107124, 47.9571396], [22.908362, 47.958041], [22.908098900000038, 47.9601174], [22.905837900000012, 47.957014200000025], [22.90069520000003, 47.957845], [22.90124109999999, 47.954616499999965], [22.895050299999973, 47.95447980000002], [22.896753799999967, 47.9567638], [22.8919462, 47.95704259999997], [22.892872800000017, 47.9613121], [22.889687100000042, 47.96152], [22.89346249999996, 47.96311729999998], [22.893037, 47.96701470000004], [22.886917, 47.965523500000025], [22.8854721, 47.966786900000024], [22.87956379999999, 47.9634944], [22.87750589999998, 47.964523599999985], [22.8776414, 47.96836830000004], [22.874025100000015, 47.9660503], [22.8725553, 47.968613800000014], [22.869479399999957, 47.96598439999997], [22.8677817, 47.96830639999998], [22.872593699999975, 47.9700069], [22.8712972, 47.97210939999996], [22.873522399999988, 47.97355859999996], [22.8728184, 47.974914599999984], [22.86734530000004, 47.977183899999986], [22.867697100000015, 47.97432629999998], [22.863437299999987, 47.97516750000003], [22.861814600000017, 47.9737489], [22.863293800000015, 47.9778078], [22.85877939999997, 47.976489399999984], [22.860216, 47.9794597], [22.85593, 47.97891150000002], [22.85527239999997, 47.98067640000003], [22.852997799999972, 47.980160499999975], [22.851821, 47.98201229999999], [22.84685930000002, 47.98250120000002], [22.8405514, 47.981062199999975], [22.84078189999997, 47.983117799999974], [22.844065599999972, 47.984717], [22.8418987, 47.98618569999997], [22.842491500000026, 47.98802119999996], [22.836251600000033, 47.990430299999986], [22.847526299999963, 48.002519399999976], [22.850857499999986, 48.0027784], [22.8580626, 48.00920589999997], [22.8655662, 48.01202870000003], [22.865461, 48.0219019], [22.872833, 48.0248003], [22.880644, 48.0363044], [22.88199340000002, 48.053282400000015], [22.8814284, 48.05486109999999], [22.8771605, 48.054297900000016], [22.873736600000036, 48.0561053], [22.87192680000004, 48.052878299999975], [22.87350629999999, 48.051745899999986], [22.869626200000024, 48.0513832], [22.861083199999985, 48.05755290000004], [22.864967700000047, 48.0592258], [22.861352399999966, 48.05977739999998], [22.863455499999983, 48.06194359999998], [22.859744, 48.06553150000001], [22.8616276, 48.067914], [22.858660299999976, 48.06863989999999], [22.86168749999998, 48.07060890000001], [22.859594900000033, 48.0722844], [22.861185900000045, 48.07428990000002], [22.858160099999978, 48.075152], [22.856651600000042, 48.07812], [22.850728, 48.080154100000016], [22.84839589999997, 48.08322120000003], [22.844297399999967, 48.083174299999975], [22.840043399999974, 48.079353], [22.836448199999957, 48.0803814], [22.83630320000004, 48.08335330000004], [22.839270300000045, 48.0852185], [22.834558, 48.0872483], [22.834368800000036, 48.093468], [22.830442, 48.09367870000003], [22.82791610000002, 48.096394500000024], [22.83151249999996, 48.1094485], [22.82417, 48.117535200000034], [22.81955769999998, 48.118717], [22.815055499999968, 48.117978], [22.810819300000027, 48.112414], [22.8099978, 48.1075247], [22.805075599999967, 48.106174], [22.80193579999997, 48.10739220000004], [22.801622900000016, 48.11043410000002], [22.80678479999999, 48.118761499999984], [22.802789700000012, 48.12193459999998], [22.797919700000033, 48.121968700000046], [22.7916504, 48.11690590000001], [22.778365700000034, 48.12158129999997], [22.772319, 48.121874299999966], [22.770250400000034, 48.120294100000045], [22.770634600000026, 48.11747930000003], [22.777967, 48.11257670000002], [22.77646179999998, 48.11075750000004], [22.770391499999985, 48.10901620000003], [22.76238, 48.11171539999999], [22.75762430000002, 48.12005990000003], [22.75221, 48.12049440000001], [22.744296699999964, 48.11765259999998], [22.73471929999996, 48.1198481], [22.730033400000025, 48.114972099999974], [22.720721100000016, 48.115374], [22.715799400000023, 48.11163369999998], [22.706654900000043, 48.11048990000002], [22.6996286, 48.104831], [22.687346600000033, 48.099621300000024], [22.675449300000015, 48.091997], [22.665079399999986, 48.09250250000005], [22.657465399999985, 48.09573149999997], [22.635143899999974, 48.095911600000036], [22.625126900000012, 48.10345829999998], [22.619652600000038, 48.1038922], [22.619705499999974, 48.105618], [22.609475499999974, 48.103346300000034], [22.602968099999963, 48.103820900000045], [22.5950937, 48.10765170000002], [22.59027640000003, 48.10734150000002], [22.592601899999973, 48.1131164], [22.600110699999973, 48.11679479999997], [22.59261760000003, 48.123156099999974], [22.592818899999987, 48.13218220000002], [22.595520200000028, 48.13501650000005], [22.5881388, 48.13958490000003], [22.589168700000037, 48.14187589999996], [22.598244899999962, 48.144756], [22.592214900000016, 48.15185279999998], [22.589422800000012, 48.15100909999998], [22.586209499999974, 48.15401840000002], [22.583448699999984, 48.159037], [22.578522200000037, 48.15808790000002], [22.575242199999987, 48.15924769999997], [22.564838900000037, 48.1772229], [22.566053299999975, 48.17917739999997], [22.561636199999988, 48.18160659999997], [22.5620807, 48.18469], [22.5682467, 48.184364], [22.5718437, 48.190461699999986], [22.571144300000032, 48.19614280000002], [22.557583, 48.198316800000036], [22.54389040000003, 48.2084122], [22.53663539999998, 48.21055850000004], [22.53110890000004, 48.20942820000005], [22.5237864, 48.2183844], [22.513614099999977, 48.2258558], [22.512995, 48.2296858], [22.5162873, 48.233515], [22.516149100000025, 48.237965099999975], [22.497220199999965, 48.23955460000004], [22.503492399999967, 48.24523129999998], [22.4988748, 48.246694299999966], [22.501449799999982, 48.24920920000004], [22.48987259999998, 48.253442], [22.471199, 48.24786439999997], [22.469979800000015, 48.249915799999975], [22.46971639999998, 48.24733739999998], [22.4660904, 48.24451180000004], [22.46203, 48.24464959999999], [22.456386, 48.242311], [22.455439900000016, 48.24382189999998], [22.447296, 48.24362329999998], [22.440399299999978, 48.2502124], [22.436297699999983, 48.2503327], [22.432838500000027, 48.25251660000005], [22.42992029999998, 48.2509939], [22.432946299999976, 48.24661550000002], [22.41984320000002, 48.24879209999999], [22.419648100000042, 48.250575899999966], [22.40064079999998, 48.249198], [22.3963246, 48.2455622], [22.39464209999996, 48.241190899999985], [22.3862762, 48.23796059999996], [22.384754799999982, 48.23396329999998], [22.3691105, 48.245103], [22.370883699999986, 48.2464843], [22.36030679999997, 48.26539660000002], [22.338426699999978, 48.2792074], [22.340924599999976, 48.28264629999996], [22.336880799999967, 48.29034720000005], [22.340273099999983, 48.29563290000005], [22.3372945, 48.30791139999999], [22.329089300000025, 48.3106016], [22.3289065, 48.31254], [22.321143099999983, 48.3143459], [22.318401900000016, 48.317668300000015], [22.319644499999978, 48.322079], [22.313286199999958, 48.325071200000046], [22.3126717, 48.32734560000002], [22.3152092, 48.32845479999996], [22.320323400000017, 48.338743800000046], [22.317261299999966, 48.34503420000004], [22.3199238, 48.34971640000003], [22.31781060000003, 48.35454370000003], [22.29793470000004, 48.354770499999965], [22.29437080000004, 48.35673189999998], [22.26757229999997, 48.3611613], [22.25361409999996, 48.37887660000002], [22.239876099999965, 48.3870056], [22.2433105, 48.389575800000024], [22.25438450000002, 48.3916989], [22.256948499999982, 48.39355889999999], [22.264657799999963, 48.40417749999999], [22.2654858, 48.409867499999955], [22.259057599999963, 48.41113549999998], [22.237140600000025, 48.4100397], [22.226891599999963, 48.4141952], [22.2125723, 48.42564680000001], [22.2015242, 48.4242962], [22.184109, 48.4148219], [22.168814300000026, 48.41347559999998], [22.1582481, 48.410516099999974], [22.15555950000004, 48.4081269], [22.155256, 48.403388], [22.143973, 48.403844], [22.142326, 48.405255], [22.142802, 48.411285], [22.138287, 48.414586], [22.137889, 48.42504], [22.14024, 48.428514], [22.137691099999977, 48.4326478], [22.154561, 48.509803], [22.153156, 48.512821], [22.155583, 48.514988], [22.158285, 48.527041], [22.1609681, 48.56726139999996], [22.171379, 48.587537], [22.183819, 48.602387], [22.187467, 48.603548], [22.189027, 48.609864], [22.198381, 48.609397], [22.203471, 48.61143], [22.208484, 48.617421], [22.215702, 48.621273], [22.229986, 48.620548], [22.240504, 48.627708], [22.249669, 48.639469], [22.250294, 48.647399], [22.255422, 48.648337], [22.2649566, 48.65328980000003], [22.265222, 48.654747600000036], [22.268904, 48.65494], [22.282272, 48.661549], [22.289302, 48.666295], [22.290805, 48.669323], [22.301381, 48.673194], [22.302546, 48.676376], [22.321521, 48.682276], [22.339611, 48.683893], [22.345695, 48.698584], [22.34557, 48.70589], [22.353701, 48.717838], [22.350692, 48.72032], [22.356974, 48.725646], [22.36013, 48.726144], [22.361795, 48.7302], [22.360456, 48.738547], [22.362227, 48.74], [22.353908, 48.743228], [22.35006, 48.749196], [22.342667, 48.750679], [22.345619, 48.757125], [22.345697, 48.766147], [22.350285, 48.7716], [22.357935, 48.773012], [22.364349, 48.779507], [22.373369, 48.782445], [22.379056, 48.794627], [22.387648, 48.80004], [22.384999, 48.806615], [22.383698, 48.824503], [22.375913, 48.834026], [22.376133, 48.836441], [22.379947, 48.838875], [22.381282, 48.860039], [22.383536, 48.86504], [22.386731, 48.869662], [22.3943678, 48.8733599], [22.394549400000017, 48.877203400000035], [22.421124, 48.884602], [22.42258, 48.901512], [22.42074, 48.903483], [22.423431, 48.904584], [22.424806, 48.912571], [22.431548, 48.919252], [22.431179, 48.921887], [22.426294, 48.92437], [22.424921, 48.929329], [22.466227, 48.972943], [22.475609, 48.976279], [22.477309, 48.991182], [22.479692, 48.992838], [22.490337, 48.994107], [22.494998, 48.998387], [22.500501, 48.999517], [22.50546, 48.999917], [22.513875, 48.996627], [22.520821, 48.996746], [22.53112, 49.002884], [22.545495, 49.006765], [22.53799, 49.021321], [22.5477, 49.025201], [22.551079, 49.030161], [22.553237, 49.079483], [22.562596, 49.081037], [22.565596, 49.083661], [22.56571, 49.087995599999985], [22.579420899999967, 49.09613759999998], [22.584479099999974, 49.09731160000003], [22.599812800000016, 49.09349789999997], [22.605031299999965, 49.084512099999976], [22.613215299999965, 49.0841422], [22.61829890000003, 49.0811944], [22.6256698, 49.08032210000004], [22.63115619999999, 49.075761299999975], [22.63400169999997, 49.06688430000001], [22.63971950000002, 49.059719], [22.645976700000023, 49.05777329999996], [22.651570600000035, 49.05082240000002], [22.659887, 49.04711260000003], [22.669200399999987, 49.0476351], [22.671261199999968, 49.04281330000002], [22.680183699999965, 49.03938189999997], [22.686491, 49.03972820000002], [22.699108899999985, 49.04970009999998], [22.717858400000033, 49.05277669999999], [22.724291400000016, 49.0512494], [22.72747589999998, 49.04825290000005], [22.7353886, 49.04903009999997], [22.7440137, 49.0453882], [22.748702399999985, 49.04525460000004], [22.752019700000012, 49.0427928], [22.754967099999988, 49.04294560000004], [22.760087199999965, 49.047293], [22.76176709999996, 49.05210940000002], [22.765494900000025, 49.05352960000002], [22.78622379999998, 49.0464511], [22.80013860000004, 49.036640299999966], [22.8095073, 49.034644], [22.8131892, 49.0251418], [22.82431810000004, 49.0227587], [22.833749499999954, 49.0260768], [22.844452900000043, 49.0114168], [22.843976200000036, 49.00492759999999], [22.847092, 49.00238720000003], [22.867826499999975, 49.00286810000003], [22.8915533, 49.00784939999998], [22.88937790000004, 49.01413639999996], [22.893999100000038, 49.01672630000002], [22.893792, 49.01823270000005], [22.886490300000037, 49.01938889999997], [22.88568569999999, 49.02145930000003], [22.87962569999996, 49.02394249999997], [22.877191900000025, 49.02898290000002], [22.87411630000001, 49.03076710000003], [22.874499600000018, 49.034003], [22.88137830000002, 49.0383196], [22.877641900000043, 49.03999660000002], [22.873682, 49.03668490000001], [22.873146399999964, 49.038516], [22.866688300000035, 49.039859], [22.87119169999997, 49.04583679999998], [22.870191299999973, 49.0471551], [22.875780699999968, 49.051350800000044], [22.87446850000002, 49.055815], [22.870864, 49.05563820000005], [22.87099610000004, 49.058487199999966], [22.8682648, 49.05870529999998], [22.867753499999974, 49.05742210000003], [22.866219, 49.0603394], [22.868684, 49.06242059999999], [22.8645314, 49.066786099999966], [22.86712740000004, 49.0681078], [22.866574400000026, 49.069935100000016], [22.869265899999967, 49.06987569999998], [22.871865300000014, 49.0718553], [22.866571, 49.07469620000004], [22.86801309999996, 49.0774093], [22.88398, 49.0815336], [22.883250600000036, 49.0842838], [22.88120069999998, 49.08271930000005], [22.88057679999996, 49.0837739], [22.886025500000038, 49.08595359999996], [22.89270359999996, 49.09444860000003], [22.890167800000025, 49.09709089999998], [22.885127800000014, 49.09642480000002], [22.8856729, 49.098807399999984], [22.8807328, 49.09711860000005], [22.879551600000045, 49.09862320000002], [22.87569389999998, 49.096558300000055], [22.87037039999996, 49.09951049999999], [22.8680201, 49.0988398], [22.8668189, 49.10067360000003], [22.862702, 49.100061], [22.86014780000004, 49.10252679999998], [22.855511500000034, 49.10367510000004], [22.8548274, 49.1059847], [22.86016209999998, 49.112314499999975], [22.8542003, 49.111075599999964], [22.8511517, 49.11467370000004], [22.842604, 49.110104900000024], [22.836414099999978, 49.11044229999997], [22.8365218, 49.1123986], [22.831508499999984, 49.11101540000004], [22.829268600000017, 49.11265259999997], [22.830848099999965, 49.117688], [22.8292105, 49.11922629999996], [22.82011149999997, 49.12272909999997], [22.818887600000046, 49.126229], [22.8150322, 49.12334219999998], [22.812130199999956, 49.125044], [22.81640149999996, 49.12976789999998], [22.813092, 49.130509499999974], [22.807357899999978, 49.12866050000002], [22.807642900000022, 49.132708900000054], [22.801282600000015, 49.133656], [22.799959499999964, 49.13603120000005], [22.79310019999997, 49.1382901], [22.792729899999973, 49.146604], [22.788797599999953, 49.1494274], [22.792307099999984, 49.15479380000003], [22.7891975, 49.15772750000002], [22.784705400000025, 49.15753960000002], [22.77289149999998, 49.15238649999998], [22.774096600000036, 49.155904099999965], [22.7604472, 49.152532], [22.755398100000033, 49.1540001], [22.751177100000017, 49.152822299999976], [22.74894340000003, 49.156415900000034], [22.745609699999978, 49.156122099999976], [22.74434829999997, 49.15813550000003], [22.7391328, 49.15797780000004], [22.7381752, 49.16068390000003], [22.7422447, 49.168791099999986], [22.749088, 49.17278109999998], [22.749687100000013, 49.176556800000014], [22.756306599999974, 49.18069229999997], [22.756172100000036, 49.18262569999998], [22.7525166, 49.18134220000001], [22.747103899999974, 49.184547099999975], [22.743020599999983, 49.18276820000005], [22.740106, 49.1837143], [22.7381173, 49.1823715], [22.73271649999998, 49.18226790000004], [22.733581, 49.17989950000001], [22.7301908, 49.17552589999998], [22.724025400000034, 49.174202900000026], [22.7250996, 49.168559099999975], [22.71900409999997, 49.164986], [22.71619880000003, 49.1652887], [22.714569, 49.170312700000025], [22.707264899999977, 49.1749798], [22.70815960000002, 49.180905], [22.71617080000002, 49.18356460000004], [22.7227904, 49.196041499999964], [22.7309111, 49.198582399999964], [22.729313599999976, 49.203868099999966], [22.7347992, 49.20708820000004], [22.7339598, 49.21144320000003], [22.7404455, 49.211726], [22.7476795, 49.21562210000003], [22.74162829999998, 49.218869799999986], [22.7365994, 49.218417], [22.729253, 49.2212326], [22.72008169999996, 49.22117649999997], [22.71488749999998, 49.22649009999997], [22.7166857, 49.23579], [22.721312700000027, 49.24133780000004], [22.739630399999964, 49.2473455], [22.74409760000001, 49.2988594], [22.750955599999987, 49.316593699999984], [22.743164199999963, 49.3358495], [22.7468112, 49.359890700000015], [22.732462600000023, 49.39859720000001], [22.712855900000015, 49.43755129999998], [22.700443700000026, 49.488421], [22.696685500000022, 49.495128], [22.670404699999978, 49.497529299999975], [22.651237800000033, 49.5083715], [22.640830800000042, 49.5299919], [22.663162199999984, 49.5388264], [22.67468960000004, 49.549156], [22.67816510000001, 49.56070480000003], [22.68472219999996, 49.57171520000003], [22.69484, 49.58198], [22.749442699999953, 49.631257400000024], [22.78331190000001, 49.657238], [22.787219899999975, 49.676461899999964], [22.8055558, 49.693400600000025], [22.82191860000001, 49.69452980000002], [22.84778079999997, 49.710080399999974], [22.8520942, 49.720355599999984], [22.8734259, 49.740629200000015], [22.88512629999998, 49.744633], [22.896776, 49.7517552], [22.897927, 49.764455199999986], [22.901585599999983, 49.76825], [22.9328029, 49.79328550000004], [22.954414, 49.8033079], [22.961899200000033, 49.80469549999997], [22.956643500000027, 49.811111599999975], [22.970632099999975, 49.838514], [22.995464900000027, 49.84215169999999], [23.0332984, 49.8813662], [23.065227799999963, 49.908373], [23.08850440000004, 49.924850299999974], [23.107493700000035, 49.941955599999964], [23.1149238, 49.95653949999996], [23.142635400000042, 49.97122139999998], [23.213005799999973, 50.0311008], [23.215984799999987, 50.047463199999974], [23.239320399999972, 50.054451], [23.264605499999966, 50.07886489999997], [23.279328500000016, 50.08628970000004], [23.28008440000003, 50.1005448], [23.283913799999976, 50.0990398], [23.296850800000044, 50.10289969999999], [23.298513500000038, 50.1070508], [23.313951600000014, 50.111962799999986], [23.34214659999999, 50.133614], [23.38031619999997, 50.159364299999986], [23.4294452, 50.18420479999996], [23.470127699999974, 50.2178762], [23.506317500000016, 50.23032], [23.558652700000025, 50.25702880000004], [23.581018399999962, 50.26598960000001], [23.611568800000047, 50.29924689999998], [23.631035800000042, 50.30479459999999], [23.63884869999998, 50.320506399999964], [23.68632629999997, 50.3316353], [23.6912281, 50.3468922], [23.69113869999998, 50.35332949999997], [23.696647300000038, 50.366167899999965], [23.703111700000044, 50.375285799999965], [23.708757099999964, 50.37926409999997], [23.727028599999986, 50.388000799999965], [23.77821479999996, 50.40097410000001], [23.80336350000004, 50.40476440000001], [23.8839921, 50.408268300000024], [23.940769899999967, 50.41390979999998], [23.997543, 50.41214069999997], [24.005826599999978, 50.435379799999964], [24.0345288, 50.444832], [24.038007100000023, 50.45511859999998], [24.0701051, 50.50338830000005], [24.075643899999974, 50.52292869999999], [24.09131580000002, 50.56202010000003], [24.090350199999975, 50.577933900000026], [24.098658, 50.599537400000045], [24.097397399999974, 50.61060919999998], [24.091227199999974, 50.619123500000036], [24.09818920000003, 50.63743650000003], [24.09360259999996, 50.6352312], [24.0885138, 50.6373213], [24.088386, 50.63515420000002], [24.087403599999977, 50.641881099999985], [24.08514709999997, 50.64326760000004], [24.087825599999988, 50.64469320000004], [24.080065200000043, 50.64488459999998], [24.08453, 50.649563], [24.089125499999984, 50.650667099999964], [24.08711320000002, 50.652885600000026], [24.09045449999999, 50.65385419999997], [24.085694799999988, 50.6552469], [24.091063099999985, 50.66373060000002], [24.0854287, 50.6613849], [24.08510610000004, 50.668098900000054], [24.0867125, 50.66919140000003], [24.08152710000003, 50.67193620000003], [24.082074, 50.674836700000036], [24.07930739999996, 50.6746966], [24.079200099999962, 50.672832600000035], [24.0770514, 50.67565819999997], [24.07528, 50.67592320000005], [24.07566959999997, 50.6736007], [24.0737604, 50.67606470000003], [24.07308640000002, 50.67371859999998], [24.070322, 50.67892039999997], [24.068, 50.677469900000034], [24.0622882, 50.6778592], [24.065088499999963, 50.68049719999996], [24.06295220000004, 50.6807058], [24.063388199999967, 50.6849803], [24.0663524, 50.68325719999997], [24.0695062, 50.6838597], [24.065090799999975, 50.68680360000004], [24.072409, 50.69900359999997], [24.0671125, 50.70737349999998], [24.07351460000001, 50.70797080000002], [24.07526179999998, 50.71110919999999], [24.071478300000013, 50.71208569999996], [24.075331499999972, 50.71360039999997], [24.071219, 50.71543990000002], [24.0731743, 50.7177701], [24.07197230000003, 50.7205579], [24.0668967, 50.72013610000001], [24.06599210000003, 50.72165010000005], [24.064415699999984, 50.718387], [24.06088150000004, 50.72065370000003], [24.05309470000004, 50.71780820000004], [24.0499479, 50.71904150000004], [24.044179500000027, 50.71519010000005], [24.042431900000025, 50.71763229999997], [24.023748, 50.7251382], [24.0216506, 50.7248947], [24.022334099999973, 50.721772], [24.01668960000004, 50.72296439999999], [24.01974369999996, 50.73087789999999], [24.015742, 50.729831199999985], [24.0194929, 50.732762100000016], [24.020608099999983, 50.73775429999998], [24.0161503, 50.73724050000001], [24.020260900000032, 50.74556620000001], [24.023143399999967, 50.74549870000002], [24.019933300000016, 50.748656], [24.017675, 50.7464453], [24.01536509999996, 50.74735180000005], [24.01794029999996, 50.751236], [24.020818299999966, 50.74955689999998], [24.02365740000004, 50.750864], [24.01725320000004, 50.75196540000004], [24.0171969, 50.75455460000004], [24.013247100000044, 50.75347360000004], [24.0111459, 50.75448479999995], [24.017791, 50.756727200000036], [24.012389499999962, 50.75705149999996], [24.016208500000022, 50.7602348], [24.014055200000026, 50.762108], [24.020732200000037, 50.7616249], [24.02174269999998, 50.758004600000035], [24.0249193, 50.75875620000005], [24.0237094, 50.7664726], [24.01134170000004, 50.77209690000004], [23.99748349999996, 50.76919129999997], [23.980830800000028, 50.7712056], [23.981979500000037, 50.76802410000003], [23.978160100000032, 50.7684295], [23.978470499999958, 50.77332580000002], [23.971898700000036, 50.77454750000003], [23.97207609999997, 50.776991], [23.968821199999955, 50.774973600000024], [23.9703835, 50.778702900000035], [23.966135300000033, 50.77804619999997], [23.9633526, 50.781344500000024], [23.96825940000001, 50.78575789999997], [23.965326399999984, 50.78970030000003], [23.960495899999987, 50.79112849999998], [23.957452299999957, 50.79452909999997], [23.96346010000002, 50.79899139999997], [23.9689001, 50.811668799999964], [23.963522799999968, 50.81437509999997], [23.967802899999988, 50.816358], [23.970468700000023, 50.815979799999965], [23.9684149, 50.8193874], [23.97449830000001, 50.817091899999966], [23.972499199999984, 50.82052860000001], [23.975215400000014, 50.8223781], [23.975441199999956, 50.825999100000026], [23.97743670000004, 50.8270819], [23.9796733, 50.82430210000004], [23.9803721, 50.82789729999997], [23.983248, 50.82656839999997], [23.9809743, 50.82984669999997], [23.989623, 50.837443399999955], [24.006935900000013, 50.8411945], [24.0092641, 50.8388425], [24.019285200000038, 50.838721900000046], [24.02012809999997, 50.841674], [24.02453630000002, 50.84062529999997], [24.026969900000026, 50.838076600000036], [24.0266808, 50.84125390000003], [24.02990560000001, 50.84114220000002], [24.028762400000012, 50.838416299999984], [24.0324442, 50.8357651], [24.034489400000023, 50.839552], [24.047007100000037, 50.838260300000044], [24.0398961, 50.83648829999998], [24.04367129999999, 50.833478], [24.047590399999983, 50.83575280000005], [24.052595799999974, 50.83623149999996], [24.05593539999998, 50.834224299999974], [24.060886700000026, 50.83541709999999], [24.063587600000034, 50.8340871], [24.064651899999987, 50.83624979999996], [24.074620799999966, 50.834019199999965], [24.076985100000012, 50.83548410000002], [24.0817297, 50.834727699999966], [24.08055069999998, 50.836682], [24.085396, 50.835405099999974], [24.100156099999968, 50.83594819999997], [24.1006126, 50.83816860000001], [24.1067701, 50.838571799999976], [24.108871, 50.840307100000025], [24.114972700000035, 50.841361100000015], [24.11769739999997, 50.844687399999984], [24.123945600000027, 50.84505090000004], [24.124371600000014, 50.84724290000004], [24.13205770000003, 50.849002699999986], [24.1432845, 50.85821350000003], [24.145736899999957, 50.86901430000001], [24.138797, 50.8692536], [24.13614349999996, 50.86671070000001], [24.132960899999976, 50.8681962], [24.1258518, 50.86832589999999], [24.122397, 50.871854], [24.116407199999976, 50.869903], [24.1126386, 50.87566240000003], [24.099532399999966, 50.876756100000016], [24.086496299999958, 50.88907070000001], [24.08280279999998, 50.88703], [24.08007289999997, 50.88959729999998], [24.0727126, 50.89108059999996], [24.060335, 50.89236650000004], [24.055442499999966, 50.89064389999997], [24.052345100000014, 50.89141410000002], [24.049934, 50.89405969999998], [24.051306100000023, 50.89704010000002], [24.04720240000003, 50.90080539999999], [24.0394024, 50.90349079999996], [24.02415129999996, 50.91623279999997], [24.01102319999998, 50.9198131], [24.006118, 50.92535460000003], [23.99733549999997, 50.92831870000005], [23.995804599999957, 50.93400540000001], [23.988418399999976, 50.9447656], [23.9820026, 50.94626970000002], [23.9797367, 50.948762], [23.9759506, 50.9461738], [23.9745573, 50.9494287], [23.97038090000004, 50.95029850000003], [23.96815430000002, 50.956536599999964], [23.97068609999998, 50.95931980000003], [23.9674026, 50.96751709999998], [23.9670247, 50.978330800000045], [23.956754899999986, 50.99076220000003], [23.9511097, 50.99502229999999], [23.947709, 50.994833700000015], [23.938607500000018, 51.002964], [23.929301700000014, 51.00608140000002], [23.92299, 51.0054799], [23.915080099999972, 51.00705109999996], [23.9185155, 51.00938379999997], [23.914764200000036, 51.010185599999964], [23.91565090000004, 51.01236890000005], [23.92226, 51.0096471], [23.9220385, 51.01280460000004], [23.925595799999986, 51.01255], [23.925880099999972, 51.01491390000003], [23.928373400000034, 51.013811], [23.93290630000001, 51.014441699999956], [23.9346032, 51.0128998], [23.935655600000025, 51.01470389999998], [23.930066599999975, 51.017282900000026], [23.923325299999973, 51.01644479999996], [23.923637799999984, 51.01886940000002], [23.92729, 51.02001869999999], [23.9182472, 51.0254343], [23.921209399999963, 51.02700779999998], [23.915899, 51.02840290000003], [23.923367199999976, 51.0346039], [23.931517300000014, 51.0380787], [23.927301900000018, 51.038524600000045], [23.921355100000028, 51.03663720000002], [23.921512399999987, 51.03900080000001], [23.915976200000042, 51.039680500000024], [23.913017700000037, 51.04176019999997], [23.9199345, 51.04658940000004], [23.913703700000042, 51.046814199999986], [23.916028600000026, 51.0487638], [23.912897200000014, 51.063247499999974], [23.908772399999965, 51.06420590000005], [23.912538900000033, 51.06998029999998], [23.91017449999998, 51.07214749999997], [23.911091800000026, 51.0745997], [23.90569059999997, 51.07843220000003], [23.903296400000027, 51.07400960000003], [23.8982004, 51.074095699999965], [23.8962618, 51.076745099999975], [23.8923458, 51.07449169999995], [23.8899735, 51.079075100000026], [23.8864321, 51.0788247], [23.8850077, 51.08217579999998], [23.879318700000027, 51.08046229999996], [23.879568299999985, 51.07745259999998], [23.875925799999962, 51.07706829999998], [23.870592899999963, 51.09044720000002], [23.87142040000004, 51.09488009999998], [23.867851299999963, 51.09344350000004], [23.867438299999986, 51.09833769999998], [23.86426250000003, 51.09930130000004], [23.861464299999966, 51.0968554], [23.856859199999967, 51.099951099999984], [23.862200899999984, 51.103260100000035], [23.85762889999997, 51.10725970000003], [23.862565200000017, 51.1079527], [23.858807599999974, 51.1084777], [23.856947, 51.11050460000001], [23.862297299999966, 51.112843], [23.855314499999967, 51.1143108], [23.857287699999983, 51.11817230000002], [23.8520613, 51.11823069999996], [23.853141500000028, 51.122255100000054], [23.849611800000012, 51.1239729], [23.853551400000015, 51.12637160000004], [23.85421260000001, 51.13078880000003], [23.85528339999997, 51.127906300000014], [23.8602882, 51.13119809999997], [23.86164340000004, 51.1275573], [23.86983619999997, 51.1298932], [23.870281500000043, 51.1403914], [23.8678829, 51.1420306], [23.871383600000016, 51.14507679999998], [23.8654237, 51.1475545], [23.86926939999997, 51.1503124], [23.862399, 51.151585900000036], [23.863238, 51.15499879999998], [23.860511099999968, 51.15784649999997], [23.849949100000032, 51.155213], [23.851046100000026, 51.159989299999985], [23.8419751, 51.16068420000001], [23.84435760000004, 51.162534100000045], [23.842999400000018, 51.164299], [23.838157300000038, 51.15944049999996], [23.835637900000037, 51.163649], [23.833161899999986, 51.16133820000004], [23.829209800000015, 51.16215219999997], [23.828944900000035, 51.160053], [23.827021400000046, 51.16297339999998], [23.82423010000002, 51.16174830000004], [23.82154359999996, 51.1663969], [23.8265377, 51.16698179999999], [23.81421610000004, 51.17071250000002], [23.8121138, 51.17524849999999], [23.8141995, 51.179009], [23.80837510000001, 51.18498979999997], [23.801766499999975, 51.1851641], [23.797181699999967, 51.1876986], [23.78508069999997, 51.189567199999985], [23.7823588, 51.19167270000002], [23.783424399999973, 51.19565850000003], [23.7804588, 51.196545], [23.7832089, 51.19867170000003], [23.775903699999965, 51.20036550000002], [23.768556899999957, 51.199959099999965], [23.766665699999976, 51.20235309999998], [23.76276469999997, 51.2025078], [23.763129300000028, 51.20556589999998], [23.7604914, 51.20285649999998], [23.76000570000004, 51.2076937], [23.756078199999973, 51.2095658], [23.757870400000023, 51.210829600000025], [23.756599300000012, 51.21234120000004], [23.750255500000037, 51.21082190000001], [23.74648579999997, 51.21284760000002], [23.746005799999956, 51.21146920000001], [23.74227679999997, 51.21489140000001], [23.742348799999977, 51.2121529], [23.739188499999972, 51.21196779999997], [23.735943599999985, 51.219650399999956], [23.7427549, 51.220836200000015], [23.74297249999998, 51.22443350000003], [23.741478, 51.22730480000001], [23.739172900000014, 51.22747169999997], [23.738864499999988, 51.2315985], [23.726520100000013, 51.23646460000002], [23.726647299999968, 51.23864290000004], [23.73128630000002, 51.2386629], [23.7273562, 51.2396482], [23.72602709999999, 51.24172360000003], [23.727039800000025, 51.24302289999998], [23.72971370000002, 51.241648300000016], [23.7298927, 51.24494080000004], [23.727288199999972, 51.24443530000004], [23.72415420000001, 51.24652559999998], [23.725640599999984, 51.25089859999996], [23.7232052, 51.2583133], [23.7261067, 51.25946440000002], [23.7233876, 51.2605023], [23.72663410000003, 51.26134659999997], [23.722511399999977, 51.26136179999998], [23.7198087, 51.2649142], [23.717403300000015, 51.26420180000004], [23.719589299999964, 51.26704029999998], [23.717735599999976, 51.26824269999999], [23.72049549999998, 51.2694579], [23.7172626, 51.26973], [23.716508499999964, 51.27146619999998], [23.71376330000002, 51.269288], [23.709505100000037, 51.273354], [23.710536700000038, 51.2756293], [23.705513900000028, 51.27475690000003], [23.709313, 51.277496699999965], [23.70365350000002, 51.28199320000004], [23.70061670000002, 51.28149370000001], [23.6972953, 51.28320209999997], [23.695011200000025, 51.2916376], [23.695164199999983, 51.288770099999965], [23.692279599999964, 51.286621900000036], [23.687946700000015, 51.28643759999998], [23.684345500000035, 51.28840839999997], [23.6851254, 51.291113100000025], [23.68163, 51.29035550000005], [23.68081070000004, 51.29183540000002], [23.677381800000017, 51.29039410000004], [23.677839300000034, 51.29246650000001], [23.670688900000023, 51.28997420000003], [23.668395900000014, 51.290665300000015], [23.668774100000043, 51.29235610000002], [23.6630102, 51.29238070000002], [23.658095799999987, 51.2894801], [23.657370700000033, 51.287168], [23.65312989999998, 51.28905589999999], [23.648409899999976, 51.28742389999996], [23.649410499999988, 51.29013610000001], [23.645975199999967, 51.29265760000001], [23.6502114, 51.294289], [23.6468988, 51.29830880000006], [23.652339200000014, 51.2995854], [23.640967200000027, 51.306753300000025], [23.639623799999985, 51.31081679999998], [23.64341719999997, 51.310506100000026], [23.64387149999999, 51.31337850000001], [23.635572100000033, 51.319357], [23.637374600000047, 51.3232958], [23.642183899999978, 51.32638910000004], [23.6368073, 51.32670990000003], [23.63577280000003, 51.32851520000001], [23.6453551, 51.334445], [23.6474871, 51.33978719999998], [23.6565308, 51.33940939999999], [23.657586799999972, 51.342210700000045], [23.653432100000025, 51.34209120000001], [23.649808100000023, 51.34396670000003], [23.65586839999999, 51.34483439999997], [23.6535896, 51.3468389], [23.654203299999974, 51.35027139999997], [23.65830670000003, 51.35133360000001], [23.654867300000024, 51.3525895], [23.656694699999967, 51.35909160000003], [23.663177499999986, 51.358076], [23.661988, 51.3625757], [23.666754199999982, 51.36028430000003], [23.66920320000002, 51.36088669999996], [23.665317699999964, 51.36682419999998], [23.6681423, 51.367802800000035], [23.675642900000025, 51.36647079999996], [23.6781791, 51.3689413], [23.6833866, 51.36773429999997], [23.686578599999972, 51.36861620000001], [23.682707499999953, 51.372417300000016], [23.68436920000004, 51.378110399999976], [23.681489900000017, 51.37819820000004], [23.680127099999968, 51.37597290000004], [23.6779517, 51.37703240000004], [23.68115610000002, 51.3814191], [23.678620899999956, 51.383826], [23.680317700000018, 51.384935], [23.68436819999996, 51.38365789999997], [23.684823300000044, 51.387018], [23.68916310000003, 51.38820240000001], [23.68, 51.39044229999998], [23.67689770000002, 51.39405019999998], [23.680418099999976, 51.3955415], [23.6866724, 51.393828], [23.687116199999956, 51.39548319999998], [23.681796199999958, 51.39750310000004], [23.682473, 51.39852180000004], [23.68755280000002, 51.39977990000004], [23.690973499999988, 51.398702200000045], [23.69692630000003, 51.40296470000003], [23.702745, 51.40354860000002], [23.701138600000036, 51.40541450000004], [23.69704130000004, 51.4059626], [23.69632789999999, 51.40788479999998], [23.702163500000015, 51.4116045], [23.6949872, 51.41215240000003], [23.69278040000001, 51.4145222], [23.70293310000001, 51.41954520000002], [23.700846400000017, 51.420889499999966], [23.694069199999976, 51.418752399999974], [23.688727, 51.4191156], [23.68454449999998, 51.426473300000026], [23.67698790000002, 51.42967330000003], [23.678515799999964, 51.433441], [23.6857416, 51.43380390000003], [23.681255499999985, 51.43738639999997], [23.68586579999997, 51.44228559999997], [23.684631499999984, 51.445230900000034], [23.6759227, 51.441212199999974], [23.6677496, 51.4454419], [23.660778900000032, 51.444077299999975], [23.64944190000001, 51.4462588], [23.65106029999998, 51.449724400000036], [23.6487204, 51.45095110000002], [23.650854, 51.45374159999998], [23.6466917, 51.45696030000002], [23.646705399999988, 51.459103499999976], [23.65439410000004, 51.459681600000025], [23.660059700000033, 51.464768], [23.66504380000004, 51.46666809999998], [23.66781440000004, 51.47129769999996], [23.67413680000002, 51.469870199999974], [23.6763093, 51.471005], [23.6714412, 51.47478419999995], [23.669819300000015, 51.48302659999999], [23.663914500000036, 51.48520530000005], [23.663116099999968, 51.4881234], [23.659465, 51.49055010000005], [23.655234, 51.48976429999996], [23.65177509999997, 51.485967200000026], [23.63823720000001, 51.485589], [23.6360891, 51.490284899999956], [23.63024069999998, 51.491374], [23.627211499999987, 51.49433839999997], [23.61958559999998, 51.49695879999998], [23.624548099999974, 51.5010296], [23.6164718, 51.50308870000002], [23.61749920000001, 51.50812010000003], [23.62560219999997, 51.50340210000002], [23.648103700000043, 51.5064205], [23.654209500000043, 51.50445120000004], [23.6573585, 51.50129459999999], [23.66886840000003, 51.49904730000003], [23.67140209999997, 51.49942249999999], [23.67687779999997, 51.5065869], [23.6715087, 51.51906280000002], [23.6665558, 51.524334899999964], [23.656440499999984, 51.53216550000003], [23.65451369999999, 51.5359823], [23.636300900000027, 51.54886969999996], [23.636176, 51.55276620000004], [23.639006599999988, 51.556621099999965], [23.64374640000003, 51.558092], [23.647248499999982, 51.5619438], [23.647736400000028, 51.56634139999998], [23.652379499999974, 51.5685068], [23.656998200000032, 51.56729339999997], [23.66042570000003, 51.5687826], [23.659476, 51.57046850000004], [23.661847399999978, 51.57116209999997], [23.664474600000016, 51.57730840000003], [23.6610179, 51.584141], [23.6576042, 51.58726629999999], [23.637489, 51.59376320000002], [23.630845700000034, 51.59220340000001], [23.626129900000024, 51.5990144], [23.625344599999973, 51.60788340000002], [23.621098900000046, 51.60807], [23.614734699999982, 51.61332150000002], [23.605366100000023, 51.61681309999999], [23.605894, 51.62084369999997], [23.623788700000024, 51.62766019999998], [23.6304815, 51.62876540000003], [23.644765200000037, 51.63929529999997], [23.66026, 51.63895880000002], [23.6665526, 51.64144419999996], [23.678405499999986, 51.65306310000004], [23.70307659999998, 51.6485027], [23.71592210000003, 51.6509114], [23.73593030000004, 51.6577848], [23.74888330000001, 51.6600659], [23.755001699999987, 51.6591352], [23.782714400000025, 51.6675263], [23.786872, 51.665815900000055], [23.78986519999998, 51.66149759999998], [23.788417199999987, 51.64050240000002], [23.803634, 51.640336699999985], [23.827572900000025, 51.64545310000001], [23.84622430000004, 51.640396200000026], [23.8670532, 51.642794400000035], [23.91277, 51.63145], [23.889227700000024, 51.6132397], [23.880285700000012, 51.60839550000002], [23.8771768, 51.598094], [23.8824379, 51.59224269999998], [23.903696199999978, 51.5978206], [23.928035300000037, 51.597746299999976], [23.943296300000014, 51.59569110000002], [23.95690069999997, 51.58833180000004], [23.973771, 51.5868091], [23.99534, 51.58047], [24.01508, 51.59128], [24.0156, 51.59626], [24.03264049999999, 51.6039843], [24.076128500000014, 51.61954049999997], [24.100308, 51.639832], [24.120639599999958, 51.66684080000003], [24.26844539999996, 51.71622380000002], [24.319693299999976, 51.75112319999997], [24.307393799999986, 51.769014200000036], [24.305830100000012, 51.779860100000015], [24.29443110000001, 51.79967539999996], [24.295911700000037, 51.806993700000014], [24.2997531, 51.81426489999998], [24.3126292, 51.82673820000005], [24.325012099999963, 51.8346338], [24.334279100000042, 51.844913], [24.33767129999996, 51.8457236], [24.3401256, 51.84954020000003], [24.334222499999978, 51.856031799999975], [24.3397511, 51.86408440000003], [24.34727449999997, 51.863506800000025], [24.3722284, 51.87823069999997], [24.387475, 51.88182349999997], [24.477845600000023, 51.882295899999974], [24.518040399999972, 51.88868519999998], [24.537583799999982, 51.88741680000002], [24.553894200000013, 51.888743800000036], [24.5680431, 51.8900638], [24.5743369, 51.8944885], [24.60476950000002, 51.90118439999998], [24.62523380000002, 51.902734], [24.6628998, 51.89956330000005], [24.671844300000032, 51.892654300000025], [24.71406029999997, 51.896452599999975], [24.735110300000027, 51.88492750000002], [24.74968770000002, 51.88105809999996], [24.76704909999997, 51.88433329999997], [24.78666739999996, 51.89524169999997], [24.792828700000022, 51.89657230000002], [24.802181099999974, 51.905293], [24.803910599999988, 51.909138], [24.810195300000046, 51.91185439999997], [24.834785099999976, 51.913179], [24.843099600000027, 51.89601220000004], [24.880308199999988, 51.90692380000004], [24.90427, 51.911119099999965], [24.9145333, 51.916872799999965], [24.934199400000043, 51.89121160000003], [24.962577100000036, 51.89756239999996], [24.97844609999996, 51.903216599999986], [24.993783499999953, 51.912792699999976], [24.99464950000002, 51.91507770000003], [25.020320100000024, 51.91885610000002], [25.05484, 51.93735], [25.067995899999982, 51.94090710000003], [25.08011350000002, 51.94708169999995], [25.0928992, 51.951167200000036], [25.10016, 51.95314], [25.1169369, 51.95091150000002], [25.1421405, 51.95314289999999], [25.15609350000002, 51.956538500000015], [25.1651297, 51.96298290000005], [25.1802482, 51.96537269999999], [25.191414899999973, 51.96923609999999], [25.21362080000001, 51.966615400000045], [25.226675100000016, 51.960762199999984], [25.234131500000032, 51.9611876], [25.24512150000003, 51.9669005], [25.26358150000002, 51.96853179999998], [25.27078440000002, 51.9634674], [25.2893398, 51.95937280000005], [25.291047900000017, 51.95576209999999], [25.302348200000022, 51.954035200000014], [25.309279500000024, 51.94908909999995], [25.320083700000016, 51.9444598], [25.3207737, 51.94084160000003], [25.336676300000036, 51.9392289], [25.34346020000001, 51.9327227], [25.35028459999996, 51.93204350000002], [25.359389200000013, 51.93457839999997], [25.363592399999977, 51.934169100000034], [25.369819599999985, 51.92797750000004], [25.40574129999996, 51.9252537], [25.409967, 51.92172709999998], [25.4478318, 51.92183749999997], [25.45865079999997, 51.92105870000001], [25.45827949999998, 51.91919589999998], [25.465087800000017, 51.919043199999955], [25.465904800000025, 51.920386900000025], [25.484706300000024, 51.92238240000002], [25.484402899999967, 51.928218], [25.4878889, 51.930197], [25.495790900000035, 51.927769200000036], [25.499904499999957, 51.92794730000003], [25.50885949999998, 51.9219635], [25.517910899999983, 51.926177100000025], [25.5272964, 51.94043729999997], [25.592291, 51.925784499999956], [25.59588189999996, 51.92357170000001], [25.68123, 51.91812], [25.71135820000002, 51.917724], [25.75512820000002, 51.92304409999997], [25.76327819999996, 51.92519410000005], [25.782248199999955, 51.92227410000003], [25.784398200000034, 51.92407410000001], [25.783618199999978, 51.92733410000001], [25.781308199999984, 51.93085410000002], [25.7762621, 51.932186300000026], [25.771799, 51.94044149999996], [25.77186819999998, 51.9484541], [25.774528199999978, 51.950854], [25.78379820000004, 51.95205409999996], [25.7916082, 51.9469041], [25.8090495, 51.946579], [25.81402770000004, 51.94467429999998], [25.821237399999983, 51.94478020000004], [25.8269023, 51.94139389999999], [25.82587229999996, 51.9390658], [25.820550800000017, 51.9372666], [25.82947719999998, 51.92498829999998], [25.863723599999986, 51.924459], [25.87076170000003, 51.920727100000015], [25.894880200000046, 51.918689], [25.901145800000034, 51.9201183], [25.9161233, 51.91474490000003], [25.9343623, 51.914797899999975], [25.941271599999958, 51.9175773], [25.9442757, 51.921256500000034], [25.947751900000036, 51.92178580000004], [25.947751900000036, 51.9193508], [25.95358839999996, 51.91892720000004], [25.953717100000038, 51.92226220000002], [25.96230020000002, 51.923215], [25.9647893, 51.92165350000002], [25.96367349999996, 51.924882400000016], [25.9668492, 51.92649680000001], [25.972368200000027, 51.92442410000002], [25.974078200000026, 51.92802409999999], [25.979148200000033, 51.926484100000025], [25.997768200000024, 51.93197409999996], [26.023518200000026, 51.9294841], [26.041012499999958, 51.92510040000002], [26.048651499999984, 51.9136818], [26.099818200000033, 51.91128410000003], [26.1079782, 51.8993641], [26.1186182, 51.8952441], [26.129948199999973, 51.8936941], [26.135618199999975, 51.884424100000025], [26.14359819999997, 51.87712409999998], [26.1476282, 51.8762741], [26.1617882, 51.87910410000003], [26.1633382, 51.8657941], [26.168828200000025, 51.86837410000005], [26.171918199999986, 51.86691410000004], [26.174578199999985, 51.86871410000002], [26.17663819999999, 51.86682409999996], [26.18118819999996, 51.86897410000004], [26.194838200000046, 51.86253410000001], [26.223078200000014, 51.86897410000004], [26.225738200000013, 51.873004099999974], [26.22839820000001, 51.8732641], [26.23105820000001, 51.871804099999984], [26.248138200000035, 51.8726641], [26.251918199999977, 51.8652841], [26.26049819999997, 51.86185409999997], [26.2689982, 51.870344099999976], [26.278268199999975, 51.87052410000003], [26.282038199999977, 51.8700041], [26.284698199999976, 51.8657941], [26.295178199999967, 51.8694041], [26.2991182, 51.86897410000004], [26.3086482, 51.86176409999998], [26.31473820000002, 51.86133410000002], [26.34623819999998, 51.86511410000005], [26.364778200000014, 51.86288410000002], [26.36992819999998, 51.86322409999999], [26.38658819999998, 51.86871410000002], [26.399458200000012, 51.8758341], [26.40142820000003, 51.83524410000004], [26.41215820000001, 51.83524410000004], [26.4243482, 51.83756409999997], [26.42812820000003, 51.8359241], [26.439368200000022, 51.828294], [26.44846819999996, 51.81756410000002], [26.45567820000002, 51.81498409999998], [26.47309820000002, 51.812924099999975], [26.475588199999986, 51.809664099999985], [26.47575820000002, 51.79945410000004], [26.49816819999998, 51.798594100000024], [26.506488200000042, 51.799794100000014], [26.544938200000043, 51.79756409999998], [26.55025820000004, 51.79876409999997], [26.5590182, 51.806484100000034], [26.559958199999976, 51.813354100000026], [26.59351820000003, 51.82099409999996], [26.598838200000028, 51.829324], [26.6090582, 51.82846410000003], [26.615148200000025, 51.82502409999998], [26.62029330000003, 51.8244243], [26.646120899999968, 51.82376340000003], [26.661728600000032, 51.824834500000016], [26.69178310000003, 51.8233679], [26.7050216, 51.81237859999996], [26.714859, 51.81148310000003], [26.72866509999997, 51.815561], [26.755138200000026, 51.803394099999984], [26.755908199999965, 51.80091409999996], [26.750826699999983, 51.797402099999985], [26.75262909999999, 51.79461519999997], [26.757521499999957, 51.79275719999998], [26.757907700000025, 51.789200300000026], [26.759796, 51.78954539999998], [26.7590882, 51.777824099999954], [26.776938199999964, 51.77241409999997], [26.782258199999962, 51.767604099999986], [26.78680820000002, 51.766664100000014], [26.792138199999957, 51.76837410000001], [26.79513820000002, 51.76709409999997], [26.7960782, 51.75876409999997], [26.80955819999996, 51.756534100000025], [26.823208199999957, 51.76340410000002], [26.832558199999976, 51.7661541], [26.841488199999972, 51.767604099999986], [26.8505882, 51.76692410000003], [26.860368199999982, 51.7626341], [26.8706682, 51.75524409999996], [26.884488200000032, 51.7494941], [26.888268199999974, 51.75130410000001], [26.902168199999963, 51.74846410000004], [26.914268199999967, 51.748894], [26.932638199999968, 51.74357410000001], [26.95048820000002, 51.7361941], [26.956588199999985, 51.73851410000003], [26.99374820000001, 51.76855409999998], [27.1060182, 51.77249410000002], [27.11099820000001, 51.771304099999966], [27.125418200000038, 51.7731841], [27.1290182, 51.77224410000003], [27.20737820000002, 51.77387409999998], [27.20617820000003, 51.763064], [27.213218199999964, 51.666504099999976], [27.217168200000028, 51.66564409999996], [27.25026170000003, 51.66729209999998], [27.273006299999967, 51.654421199999966], [27.273385199999964, 51.64657830000003], [27.2447406, 51.62116110000003], [27.2486501, 51.60936590000002], [27.240360100000025, 51.601807099999974], [27.26837940000003, 51.6023302], [27.267370899999985, 51.60622170000002], [27.3441101, 51.60625879999998], [27.359214, 51.615964799999965], [27.392755, 51.604933500000016], [27.42731140000002, 51.60587210000005], [27.42695239999998, 51.61389820000004], [27.457918199999973, 51.62023409999998], [27.462818200000036, 51.611484099999956], [27.468908199999973, 51.609254], [27.4749982, 51.60882409999996], [27.48426819999997, 51.61225409999999], [27.4886482, 51.61585410000004], [27.4939682, 51.613194100000044], [27.4943182, 51.61062410000003], [27.482388200000027, 51.59903410000004], [27.48692819999997, 51.59371410000004], [27.5060682, 51.58779409999996], [27.510618199999968, 51.5878741], [27.520918199999986, 51.59397409999997], [27.53018819999996, 51.6041841], [27.53113819999996, 51.608044], [27.51842820000002, 51.6068441], [27.514658200000017, 51.6190341], [27.5149982, 51.6308841], [27.5203182, 51.63542410000004], [27.524098200000022, 51.63628409999996], [27.5434082, 51.622464100000016], [27.555598199999984, 51.636194099999976], [27.568298199999983, 51.63010410000004], [27.5880382, 51.62487410000003], [27.62142820000003, 51.607104], [27.628978199999974, 51.6065941], [27.635848199999966, 51.60865410000002], [27.6454582, 51.6119141], [27.653098200000024, 51.617574099999985], [27.6697482, 51.61225409999999], [27.688378200000017, 51.612944099999964], [27.694468200000042, 51.60667409999997], [27.70545820000004, 51.607104], [27.727598199999957, 51.604614099999964], [27.73103820000001, 51.594834099999986], [27.73463819999998, 51.59371410000004], [27.72416820000002, 51.56230409999998], [27.705798200000018, 51.554924], [27.683658200000014, 51.5410941], [27.681938199999987, 51.5299441], [27.6843482, 51.520754099999984], [27.668808200000026, 51.5178441], [27.6839982, 51.50942410000001], [27.69764819999999, 51.49810409999997], [27.703308199999963, 51.4988741], [27.710178200000044, 51.497754099999966], [27.722538199999978, 51.49234409999998], [27.742018199999983, 51.47741410000004], [27.7590982, 51.47406409999997], [27.763648199999977, 51.474494], [27.76836819999998, 51.47776409999995], [27.76974820000003, 51.49269409999999], [27.779958199999975, 51.50076409999997], [27.79609820000003, 51.52230409999998], [27.805329099999966, 51.53106739999995], [27.839008200000016, 51.53560409999997], [27.83979750000004, 51.5379112], [27.854288199999964, 51.54547410000003], [27.849398200000017, 51.550364099999975], [27.844508199999986, 51.551834], [27.84484819999996, 51.55998409999995], [27.83248820000003, 51.572944], [27.8340282, 51.57534410000004], [27.8296582, 51.57869410000002], [27.8340282, 51.58547410000003], [27.83368820000002, 51.597924100000036], [27.840536800000017, 51.60827159999999], [27.8224866, 51.61806640000004], [27.843868800000017, 51.6305524], [27.856456200000025, 51.63339430000004], [27.8751309, 51.6261222], [27.88827819999998, 51.62487410000003], [27.898318199999984, 51.61869410000001], [27.9180582, 51.6172341], [27.92681819999997, 51.60753409999998], [27.929988199999976, 51.59552409999996], [27.9249282, 51.5816941], [27.9263882, 51.578604100000035], [27.930418200000027, 51.57766409999997], [27.950508199999966, 51.581104100000026], [27.95977820000003, 51.59337409999998], [27.965868199999967, 51.59440410000002], [27.9675882, 51.5962941], [27.9802882, 51.59560410000001], [27.9749682, 51.58487410000003], [27.9622682, 51.57714410000003], [27.9607182, 51.572084099999955], [27.944578200000038, 51.5622141], [27.945788199999967, 51.55818409999997], [27.990668199999966, 51.56281409999998], [28.01616819999998, 51.5636741], [28.0379682, 51.56736410000004], [28.051008199999984, 51.566424099999985], [28.0696382, 51.57440409999998], [28.0770182, 51.57989410000001], [28.0843982, 51.57492410000002], [28.117278200000015, 51.583074099999955], [28.1249982, 51.6000641], [28.135468200000048, 51.60882409999996], [28.151948199999985, 51.60590410000003], [28.17074820000004, 51.623244], [28.174698200000016, 51.62864410000003], [28.173748200000013, 51.64392409999998], [28.2454182, 51.67473409999996], [28.2643882, 51.68143410000001], [28.27279819999996, 51.6767141], [28.2744282, 51.6719941], [28.269538199999964, 51.664784100000034], [28.2634382, 51.63963410000003], [28.257948199999973, 51.627964099999986], [28.2602682, 51.62289409999998], [28.262668199999972, 51.61955410000003], [28.277858200000026, 51.62341410000002], [28.286788200000025, 51.62341410000002], [28.3279882, 51.5903741], [28.33253819999998, 51.58427410000004], [28.34557820000004, 51.57809410000002], [28.3617182, 51.557924], [28.3590582, 51.55165409999995], [28.35276590000003, 51.54479650000001], [28.359488199999973, 51.5393841], [28.3673882, 51.5410941], [28.37579819999997, 51.54659409999997], [28.384288199999972, 51.54702410000002], [28.39733819999998, 51.5509741], [28.4715441, 51.593459400000015], [28.51818820000004, 51.59182409999998], [28.530888200000035, 51.58316410000003], [28.5597282, 51.58316410000003], [28.55895819999997, 51.5731141], [28.63525819999998, 51.573974], [28.63714820000004, 51.5698541], [28.651138200000013, 51.569254100000016], [28.655178199999973, 51.5710541], [28.66272820000001, 51.56813409999998], [28.661008199999984, 51.5669341], [28.65019820000004, 51.5669341], [28.63577820000002, 51.5625641], [28.63997819999998, 51.557494099999985], [28.65096819999998, 51.56195409999997], [28.6553482, 51.562384100000024], [28.658178200000037, 51.56075409999998], [28.644878200000043, 51.5550941], [28.653028199999987, 51.54745409999999], [28.656638199999982, 51.538694], [28.660238200000045, 51.528654100000026], [28.6580082, 51.521184100000035], [28.6612682, 51.510204099999974], [28.68778820000003, 51.4447141], [28.7029782, 51.44231410000002], [28.72383819999996, 51.452614100000034], [28.7249582, 51.46110410000004], [28.739978200000017, 51.466944099999985], [28.742038200000017, 51.46505410000002], [28.737828200000024, 51.4514941], [28.740148199999958, 51.44437410000002], [28.73799819999997, 51.4357841], [28.747868200000028, 51.42651410000003], [28.754568199999987, 51.42583409999999], [28.75439820000004, 51.41733410000004], [28.75739820000002, 51.41587410000003], [28.77198819999999, 51.4293541], [28.77541820000001, 51.4489241], [28.77713820000004, 51.45080410000002], [28.78357819999998, 51.451324], [28.785118200000035, 51.453294], [28.780148199999957, 51.46350410000002], [28.777908199999978, 51.474414099999976], [28.775598199999983, 51.47776409999995], [28.76572820000002, 51.48402410000001], [28.7666682, 51.490544], [28.779028200000013, 51.50076409999997], [28.78580820000002, 51.50942410000001], [28.79765820000003, 51.53182410000003], [28.81275820000001, 51.5432441], [28.8133582, 51.54822410000001], [28.82374820000001, 51.55878409999996], [28.8270082, 51.55998409999995], [28.8397082, 51.56007410000003], [28.8649482, 51.5689941], [28.871208199999963, 51.569684099999975], [28.8740382, 51.5743141], [28.886578199999988, 51.5793841], [28.88485819999996, 51.58298409999997], [28.886578199999988, 51.584964100000015], [28.905368200000012, 51.5888241], [28.9214182, 51.5884741], [28.931718200000013, 51.58633410000004], [28.97016820000001, 51.59131409999997], [28.9749782, 51.57835410000004], [28.982528200000033, 51.5732041], [29.001668199999976, 51.57328410000004], [29.0350582, 51.592254100000034], [29.043048200000023, 51.602644100000035], [29.06698820000001, 51.6216941], [29.06810820000004, 51.62598410000003], [29.0777182, 51.6300241], [29.09711820000004, 51.6308841], [29.1013182, 51.6394641], [29.09917820000004, 51.6409241], [29.1226982, 51.658174099999975], [29.131618199999977, 51.652934100000024], [29.141148199999968, 51.65036410000001], [29.14989819999999, 51.652594100000044], [29.1513582, 51.6509641], [29.157538200000012, 51.652594100000044], [29.16045820000003, 51.6509641], [29.1670682, 51.65414410000004], [29.178228200000035, 51.65002410000003], [29.177278200000032, 51.64693409999998], [29.1709282, 51.643244100000025], [29.16775819999998, 51.634914100000024], [29.16225820000001, 51.63233409999999], [29.162088199999978, 51.630364099999966], [29.16612820000003, 51.627794100000045], [29.18886820000003, 51.62195410000001], [29.180458199999983, 51.611314100000016], [29.203736700000036, 51.6002328], [29.2056748, 51.5912918], [29.204886400000042, 51.58430349999998], [29.202149299999967, 51.5823628], [29.208681299999974, 51.577347299999964], [29.208877899999983, 51.57358030000003], [29.2191682, 51.568484099999985], [29.25040820000003, 51.57036410000002], [29.25426820000002, 51.570114100000026], [29.25744819999997, 51.56796410000004], [29.2576182, 51.56350409999997], [29.2644882, 51.55148410000001], [29.2614782, 51.54513409999996], [29.2665482, 51.5310541], [29.255128200000037, 51.523844100000034], [29.25100820000003, 51.4956141], [29.2585682, 51.48428410000003], [29.271348199999956, 51.47698409999999], [29.2717782, 51.46582410000004], [29.2753882, 51.45878410000002], [29.288858200000035, 51.46016409999998], [29.2949582, 51.4594741], [29.3091182, 51.454234], [29.307918200000017, 51.44488410000003], [29.31572819999998, 51.4337241], [29.3165882, 51.42145409999996], [29.32207820000002, 51.4174141], [29.32473820000002, 51.40995410000004], [29.3204688, 51.394951200000015], [29.3218182, 51.38617409999997], [29.32619820000003, 51.37767410000002], [29.3402782, 51.3857441], [29.3443982, 51.38411409999996], [29.356238199999986, 51.384544100000014], [29.36327820000001, 51.38926410000002], [29.3691982, 51.38943409999996], [29.3828482, 51.40222410000003], [29.39031819999999, 51.40445409999998], [29.39580820000002, 51.408234100000016], [29.42155820000002, 51.415104], [29.45159819999997, 51.4089241], [29.464298199999973, 51.403944099999975], [29.4956883, 51.396767700000034], [29.502358, 51.40214020000002], [29.5151082, 51.42411410000005], [29.517348199999972, 51.42454410000001], [29.5207782, 51.42239410000002], [29.52326819999996, 51.42377409999998], [29.52352819999998, 51.438874099999964], [29.519148200000046, 51.44368409999995], [29.521718199999967, 51.45243409999998], [29.5355382, 51.4627341], [29.534775400000036, 51.47435360000003], [29.5387982, 51.48247410000002], [29.54214819999997, 51.48273410000004], [29.579318200000024, 51.46239410000002], [29.58540819999996, 51.46393409999998], [29.605918200000012, 51.47158410000003], [29.609098199999963, 51.4746741], [29.609788200000033, 51.47938409999997], [29.60677820000003, 51.4831641], [29.60883820000003, 51.49372410000004], [29.615958200000016, 51.492774100000034], [29.624548200000035, 51.4944041], [29.633648199999975, 51.506344099999986], [29.638878199999986, 51.5041941], [29.643258200000012, 51.49895410000005], [29.646428200000017, 51.499214099999975], [29.654588199999985, 51.506344099999986], [29.667808200000024, 51.502304100000025], [29.672778200000018, 51.5029941], [29.67415819999998, 51.50985409999997], [29.6767282, 51.5121741], [29.691748200000013, 51.517664100000026], [29.69492820000005, 51.51715410000001], [29.701968199999982, 51.51904409999999], [29.70968819999996, 51.5230741], [29.711068200000014, 51.52754410000002], [29.716728199999984, 51.5299441], [29.7296882, 51.52925410000002], [29.7376682, 51.53157410000004], [29.740418199999986, 51.5310541], [29.746338199999975, 51.51535410000003], [29.74522819999997, 51.5131241], [29.739478200000015, 51.51200409999996], [29.739478200000015, 51.509344099999964], [29.7445382, 51.5062541], [29.746338199999975, 51.5020441], [29.742048200000028, 51.493294099999986], [29.7317482, 51.49243409999997], [29.73818820000004, 51.4746741], [29.746338199999975, 51.464884099999985], [29.744278199999975, 51.4574141], [29.7492582, 51.45707410000002], [29.77045820000003, 51.449264], [29.786168200000027, 51.44668410000001], [29.797328199999974, 51.44171410000002], [29.794408200000042, 51.45810409999998], [29.8134582, 51.45999410000004], [29.81714820000004, 51.44977409999998], [29.846508200000045, 51.458354], [29.852168200000015, 51.449864099999964], [29.85834820000003, 51.45020410000003], [29.8765482, 51.44608410000002], [29.881348199999955, 51.44625409999996], [29.882898200000042, 51.449864099999964], [29.878778200000035, 51.45784409999996], [29.889078199999965, 51.4627341], [29.891568200000016, 51.473894100000024], [29.88632819999998, 51.475614099999966], [29.8856382, 51.4784441], [29.89387820000001, 51.48024409999998], [29.893628200000023, 51.48531409999999], [29.90684819999997, 51.48531409999999], [29.91113820000001, 51.487624099999984], [29.915258200000018, 51.48668410000001], [29.9229782, 51.48814410000002], [29.9265882, 51.4920941], [29.93233820000004, 51.4920941], [29.9366282, 51.4888341], [29.949760300000037, 51.48396559999997], [29.947903200000034, 51.47921549999996], [29.949633899999974, 51.47441250000002], [29.958760100000035, 51.47129469999998], [29.96620020000004, 51.47149720000004], [29.97178530000003, 51.47476309999998], [29.973449299999956, 51.4832779], [29.976943400000046, 51.48571659999998], [29.985067, 51.486260300000026], [29.991144, 51.4824944], [30.00400820000003, 51.486164099999975], [30.008128200000037, 51.48934410000001], [30.014908200000043, 51.49020410000002], [30.017388199999985, 51.4956141], [30.021088199999966, 51.496554099999976], [30.01696820000005, 51.50282409999998], [30.01811880000004, 51.506039600000015], [30.028118199999966, 51.50728409999996], [30.028548200000017, 51.5041941], [30.041598200000017, 51.50325410000003], [30.059318399999988, 51.49877760000001], [30.0706982, 51.499214099999975], [30.117394800000028, 51.487376900000044], [30.1265101, 51.49053160000003], [30.120970300000018, 51.504605099999985], [30.12797629999998, 51.5060565], [30.133098799999978, 51.50475839999997], [30.13390379999997, 51.50090919999999], [30.147921, 51.493214], [30.16395, 51.4889951], [30.1685068, 51.509015], [30.180170799999985, 51.51252240000004], [30.212398600000036, 51.49314139999996], [30.2466296, 51.48553360000003], [30.27378070000003, 51.467978899999984], [30.2838117, 51.463900699999975], [30.28753539999999, 51.4640095], [30.294431800000034, 51.45774310000004], [30.2986994, 51.4562032], [30.311070200000024, 51.4432392], [30.319209100000023, 51.4395091], [30.322384300000017, 51.43366740000001], [30.336549700000027, 51.425123800000016], [30.3488682, 51.42349], [30.362688200000022, 51.37965409999998], [30.324175900000014, 51.36050579999998], [30.34243819999999, 51.35167410000003], [30.350158199999967, 51.35047409999995], [30.386455500000018, 51.323492], [30.3915306, 51.321464299999974], [30.39755930000002, 51.31270929999998], [30.4239682, 51.30558410000001], [30.443581700000045, 51.30848380000003], [30.462565, 51.30647889999997], [30.45939919999997, 51.29811410000002], [30.46652220000002, 51.2914208], [30.454402499999986, 51.28139229999997], [30.45544190000001, 51.27684890000001], [30.458576099999988, 51.27524730000001], [30.50424169999998, 51.27945980000003], [30.567447100000024, 51.257598199999975], [30.576860599999968, 51.274058100000026], [30.59261259999998, 51.28064270000003], [30.607086500000023, 51.280212400000046], [30.61798530000003, 51.288054199999976], [30.618873499999978, 51.29241230000005], [30.61651519999998, 51.29812219999998], [30.622489700000045, 51.30467739999995], [30.618387700000014, 51.305829], [30.612410099999963, 51.30087889999999], [30.602972, 51.300780600000024], [30.599948100000027, 51.30434139999995], [30.603856600000036, 51.3053328], [30.609651100000036, 51.3034521], [30.614159700000044, 51.30599540000002], [30.613867600000034, 51.30786659999995], [30.6103623, 51.30910510000002], [30.59571850000001, 51.30916550000004], [30.593602099999963, 51.3118422], [30.601962800000017, 51.31804629999996], [30.612368199999963, 51.32283409999998], [30.62213349999997, 51.3325878], [30.628538500000033, 51.333699100000025], [30.64831739999999, 51.33325780000002], [30.651555, 51.33541809999997], [30.656550699999983, 51.3425429], [30.656047, 51.34511530000003], [30.649109, 51.3517672], [30.638076399999967, 51.3563057], [30.634693600000027, 51.36104520000002], [30.64087360000004, 51.367671099999974], [30.6517934, 51.37076709999999], [30.6556975, 51.376181], [30.63203719999997, 51.40761309999997], [30.627559, 51.41965250000002], [30.622228800000038, 51.42262439999998], [30.621516900000024, 51.428877199999974], [30.61295879999998, 51.43105810000004], [30.60969280000002, 51.43051810000003], [30.600226300000045, 51.42375689999998], [30.591348099999983, 51.424931], [30.58642480000003, 51.42988380000004], [30.579402499999965, 51.4465583], [30.5829624, 51.45198480000001], [30.591609700000042, 51.45599110000003], [30.60262950000002, 51.45901439999998], [30.61241320000004, 51.457439], [30.62231460000003, 51.46098710000004], [30.623226199999962, 51.46484089999996], [30.622551099999974, 51.469083], [30.61909540000004, 51.47161359999998], [30.601118699999986, 51.4755822], [30.59919120000002, 51.472990699999976], [30.5931572, 51.4767695], [30.58871569999996, 51.4846949], [30.588552599999964, 51.49522829999997], [30.58310619999999, 51.50185359999997], [30.57012120000003, 51.51012029999997], [30.568306, 51.51314969999998], [30.57000310000003, 51.521563100000044], [30.58574009999996, 51.53781690000001], [30.58669229999996, 51.5426849], [30.5787536, 51.55161970000004], [30.5734422, 51.55237579999998], [30.567640300000022, 51.550755], [30.553059800000035, 51.54049589999998], [30.54740380000004, 51.54103110000003], [30.5421489, 51.5522087], [30.529926199999977, 51.56178090000003], [30.528105100000026, 51.57019130000002], [30.535108, 51.57454249999997], [30.55198659999997, 51.57239610000001], [30.555318499999963, 51.574721899999986], [30.553966199999984, 51.57898859999996], [30.532961400000026, 51.58833520000005], [30.510779700000036, 51.593502600000036], [30.5067238, 51.59715750000002], [30.506994600000027, 51.601038], [30.5145385, 51.60416630000004], [30.52594230000004, 51.60228919999998], [30.53229639999998, 51.60311789999998], [30.5360956, 51.60761759999996], [30.53086810000002, 51.6159427], [30.531431, 51.61964019999996], [30.536448, 51.62240119999996], [30.54952910000003, 51.6214859], [30.5572555, 51.62278320000004], [30.557968, 51.628854799999964], [30.54656840000002, 51.6365637], [30.5464318, 51.640845399999975], [30.54875960000004, 51.642942400000024], [30.55848549999999, 51.643894600000024], [30.57289969999998, 51.64243250000002], [30.579691, 51.646044700000026], [30.580384, 51.651032599999986], [30.573535700000022, 51.6602289], [30.579005299999963, 51.67622070000004], [30.578331, 51.68055960000004], [30.562709299999966, 51.696288], [30.56057219999998, 51.70254610000004], [30.566694800000036, 51.70806279999997], [30.576433, 51.71126709999998], [30.60850030000003, 51.70744989999998], [30.61842450000004, 51.70900590000002], [30.62672449999996, 51.71362510000004], [30.625529899999968, 51.731807200000034], [30.650555199999964, 51.75270339999997], [30.65127180000001, 51.76039740000002], [30.646731699999975, 51.76401390000002], [30.637852800000033, 51.76486610000001], [30.619493600000034, 51.75905919999997], [30.612923, 51.7619054], [30.6131652, 51.767171900000015], [30.616585700000044, 51.76977769999997], [30.628485600000012, 51.77303630000003], [30.636143199999978, 51.78333339999998], [30.6448836, 51.7851144], [30.662168899999962, 51.7845594], [30.67060519999997, 51.79068739999997], [30.671215099999984, 51.80259590000002], [30.6604583, 51.814923], [30.661087500000015, 51.817581], [30.66725829999998, 51.82155039999998], [30.690563600000033, 51.8252014], [30.699163100000035, 51.84313610000004], [30.700922799999972, 51.858427], [30.70865049999997, 51.86816919999997], [30.72145740000002, 51.87338829999997], [30.729099500000032, 51.88658710000002], [30.749828, 51.9034423], [30.7562962, 51.903963200000035], [30.793512100000044, 51.89716060000002], [30.802578799999978, 51.899055500000046], [30.805677500000037, 51.907223200000026], [30.82405910000002, 51.9191048], [30.8251646, 51.92255430000003], [30.813253299999985, 51.935531799999985], [30.8066463, 51.948002], [30.819445700000045, 51.955626200000026], [30.82398180000002, 51.955356], [30.831465499999986, 51.9518045], [30.83497889999999, 51.952710199999984], [30.836276, 51.96138339999996], [30.84015560000003, 51.962342700000015], [30.8487462, 51.96156260000004], [30.8589504, 51.972112500000044], [30.863544399999974, 51.97219910000001], [30.872221900000042, 51.9670335], [30.882971100000013, 51.967358100000034], [30.890013599999975, 51.969377399999956], [30.890375100000043, 51.97498619999996], [30.884042400000013, 51.98109649999998], [30.885591099999985, 51.9850717], [30.88882, 51.98631359999999], [30.9015192, 51.9841701], [30.9068616, 51.9848765], [30.911168099999976, 51.988605], [30.908392099999972, 51.992618899999975], [30.89445520000004, 51.9944676], [30.8923979, 51.9982011], [30.89478, 52.00226760000002], [30.904189100000025, 52.00475959999997], [30.9099243, 52.00905750000004], [30.917574900000012, 52.01006119999995], [30.924968100000036, 52.01565409999997], [30.934901800000034, 52.012727400000024], [30.93929860000003, 52.012968], [30.938862600000014, 52.019664], [30.945418400000037, 52.02626939999997], [30.93770560000003, 52.03148559999999], [30.933400100000043, 52.0401539], [30.935144499999957, 52.04263], [30.943001, 52.04560649999996], [30.948546799999974, 52.05530690000002], [30.94506530000004, 52.0602103], [30.937030400000033, 52.06331490000002], [30.932154900000043, 52.07154420000004], [30.936395900000022, 52.075768399999966], [30.946023700000026, 52.07343269999998], [30.95210580000002, 52.075202200000014], [30.95249479999996, 52.08100740000001], [30.949328299999976, 52.089480500000036], [30.957284200000025, 52.08800049999997], [30.958601400000028, 52.090853400000036], [30.965195899999962, 52.090171900000044], [30.963569400000033, 52.08162429999998], [30.978160600000017, 52.07849030000002], [30.991648, 52.07760089999997], [30.992088199999976, 52.0790041], [30.9981782, 52.080544099999955], [31.009598199999964, 52.08114410000004], [31.061698199999967, 52.08904409999999], [31.066248200000025, 52.09119409999998], [31.0997182, 52.09024409999998], [31.1192882, 52.09762409999998], [31.126158199999985, 52.0978841], [31.128545900000013, 52.10052979999997], [31.13593819999997, 52.103294099999985], [31.139842, 52.103103500000024], [31.144767599999987, 52.09857409999998], [31.14744119999996, 52.09037619999999], [31.150790699999988, 52.08885719999998], [31.14932729999996, 52.087111200000024], [31.153184, 52.0853654], [31.156546100000035, 52.0857691], [31.154838400000052, 52.0838445], [31.157506900000044, 52.08058609999997], [31.1724178, 52.075844899999986], [31.1922197, 52.07542819999997], [31.2157497, 52.07106239999997], [31.211821200000024, 52.06339], [31.21369220000002, 52.05939629999998], [31.2175509, 52.057178], [31.218553299999975, 52.051078199999985], [31.232896899999986, 52.049101799999974], [31.25299560000002, 52.0422288], [31.29752079999998, 52.051623], [31.321335299999973, 52.08291039999999], [31.31109210000004, 52.086858499999984], [31.32055819999998, 52.090334099999964], [31.327768200000037, 52.1052641], [31.340558200000025, 52.10895410000005], [31.361498200000035, 52.112304100000024], [31.37171820000001, 52.1150541], [31.380818200000036, 52.1200241], [31.3856182, 52.11985409999997], [31.3897382, 52.1225241], [31.389908200000036, 52.12552409999997], [31.37986820000004, 52.1342741], [31.38863, 52.13425], [31.39395, 52.13871], [31.40099, 52.14043], [31.40236, 52.14249], [31.41317, 52.1418], [31.42021, 52.1394], [31.42124, 52.14077], [31.42656, 52.14077], [31.42983, 52.14334], [31.43412, 52.14111], [31.43755, 52.14231], [31.445927100000013, 52.139942500000046], [31.452134499999985, 52.14033190000002], [31.455686199999953, 52.13087529999998], [31.459891900000038, 52.12860970000001], [31.46409760000003, 52.12149590000001], [31.476371400000026, 52.1197041], [31.481349599999987, 52.11717430000002], [31.488731, 52.11622569999996], [31.52089, 52.12549], [31.5355087, 52.12444690000002], [31.54663879999996, 52.120409600000016], [31.563227199999986, 52.12048160000002], [31.58218, 52.11785], [31.59333, 52.11485], [31.60003, 52.11613], [31.60698, 52.11262], [31.62586, 52.11562], [31.65256, 52.11502], [31.65925, 52.11768], [31.6832, 52.11262], [31.69787, 52.10773], [31.71187, 52.10789], [31.71856, 52.10335], [31.72139, 52.09674], [31.74405, 52.10274], [31.75581, 52.10412], [31.77143, 52.11185], [31.776998799999987, 52.112824700000026], [31.787198, 52.112143200000034], [31.79808559999998, 52.1019772], [31.80171589999997, 52.10209780000003], [31.811181400000045, 52.0983693], [31.8227216, 52.09868359999998], [31.846637699999967, 52.109998200000014], [31.867791700000012, 52.110178199999986], [31.893293, 52.105067], [31.90156590000003, 52.10261019999997], [31.9082466, 52.09844670000001], [31.917235100000028, 52.09679370000002], [31.93078540000004, 52.09023759999997], [31.94065020000002, 52.08241080000004], [31.940742, 52.0799638], [31.947566400000014, 52.08221469999998], [31.948700499999973, 52.08112159999995], [31.950280799999987, 52.08261709999997], [31.953850400000015, 52.08186740000002], [31.960990399999964, 52.07471759999997], [31.957762599999974, 52.06854390000004], [31.9442536, 52.061047299999984], [31.942886799999982, 52.0569427], [31.9330275, 52.05813819999998], [31.93276839999998, 52.05984010000002], [31.9304027, 52.06010850000002], [31.927220899999988, 52.058012699999985], [31.9231076, 52.058067900000026], [31.91836569999996, 52.05489529999998], [31.917482, 52.05292959999996], [31.9286617, 52.05023539999998], [31.92804619999997, 52.0462382], [31.91712360000004, 52.047491100000016], [31.91656989999997, 52.0422053], [31.9189104, 52.04237569999999], [31.919791900000014, 52.04474559999996], [31.925506100000035, 52.043208], [31.932122, 52.044904], [31.940758700000025, 52.049116], [31.942024, 52.04749689999996], [31.94479409999996, 52.04793650000001], [31.9493277, 52.0457347], [31.95736170000002, 52.048692], [31.960546600000015, 52.05211130000002], [31.972066100000042, 52.05195059999996], [32.0162252, 52.048284], [32.01973959999999, 52.049451], [32.02665669999997, 52.048844299999985], [32.04471530000005, 52.039264699999976], [32.065939, 52.03469919999996], [32.09632389999998, 52.0336273], [32.096473099999976, 52.043507], [32.101692099999966, 52.04524250000004], [32.12571470000004, 52.0457551], [32.1339616, 52.043395], [32.130046, 52.04895530000002], [32.13403539999998, 52.05424530000002], [32.1360429, 52.0536878], [32.13428229999998, 52.05248439999998], [32.137668, 52.05230010000001], [32.147141199999986, 52.05765980000001], [32.14430590000005, 52.05819140000003], [32.145589700000045, 52.059346400000024], [32.14382629999998, 52.060534], [32.148484500000016, 52.0624536], [32.146473499999985, 52.06534439999999], [32.14843049999999, 52.06742730000002], [32.14728870000002, 52.069238], [32.15212160000004, 52.06891640000004], [32.15589690000004, 52.07163090000002], [32.15857019999998, 52.0704027], [32.1709538, 52.07223909999998], [32.1752712, 52.07012260000001], [32.18564779999996, 52.071859], [32.19154510000003, 52.07080550000003], [32.1929907, 52.06687030000003], [32.199393, 52.06850889999998], [32.19951760000003, 52.066119900000025], [32.20270629999998, 52.06873859999998], [32.20065320000002, 52.07269890000001], [32.2020882, 52.074536299999984], [32.206572300000026, 52.0748671], [32.2089528, 52.078561499999964], [32.2181567, 52.0821547], [32.22229950000003, 52.08059330000003], [32.2219201, 52.08508990000002], [32.22453489999998, 52.085669899999964], [32.224624099999986, 52.0871904], [32.238080500000045, 52.08675150000001], [32.23829739999996, 52.088656], [32.2430039, 52.0895102], [32.2527486, 52.088922400000044], [32.252276700000024, 52.090685700000016], [32.2602102, 52.09084250000002], [32.26256990000002, 52.09204930000004], [32.26088619999997, 52.09299749999998], [32.263717800000045, 52.0925352], [32.27025910000002, 52.0973709], [32.27696840000004, 52.097152799999975], [32.2794786, 52.0998732], [32.28632819999998, 52.1013096], [32.2866022, 52.1032224], [32.29066279999998, 52.1030387], [32.291379200000016, 52.10841490000002], [32.29828730000005, 52.11129129999998], [32.297124, 52.1136349], [32.295287299999984, 52.11332160000001], [32.29420609999997, 52.11999679999997], [32.29580970000004, 52.1209731], [32.29679280000003, 52.11914750000004], [32.3002821, 52.12122440000002], [32.305650800000016, 52.120338200000056], [32.31799440000002, 52.121929700000024], [32.32026859999998, 52.1361988], [32.329781100000034, 52.13247840000001], [32.334856799999976, 52.14043170000002], [32.360139, 52.139895], [32.367903099999985, 52.14649580000003], [32.3652219, 52.15532170000003], [32.33233480000003, 52.15604349999998], [32.32629079999999, 52.14989650000003], [32.32389520000002, 52.151543100000026], [32.329624400000036, 52.15899390000003], [32.3253387, 52.1600456], [32.3272775, 52.16054630000004], [32.3263285, 52.1631628], [32.3291958, 52.163219100000035], [32.3280836, 52.16477140000004], [32.330144800000014, 52.16478390000001], [32.33053250000003, 52.1681135], [32.331450799999985, 52.16683049999997], [32.333558400000015, 52.1677637], [32.33292979999997, 52.17081280000004], [32.3392399, 52.17420209999999], [32.336913399999965, 52.17409689999999], [32.33484, 52.17628459999999], [32.33845619999999, 52.17554870000003], [32.33977869999999, 52.1806645], [32.346866699999985, 52.18247069999997], [32.34430810000003, 52.1950776], [32.3305547, 52.20280079999997], [32.3308433, 52.205526399999975], [32.32467130000002, 52.214551], [32.324542, 52.223413299999976], [32.34116749999997, 52.238861], [32.34739049999998, 52.24091540000002], [32.34424819999996, 52.2420305], [32.3466982, 52.244134], [32.360878, 52.238357600000036], [32.36142960000002, 52.2396733], [32.367369499999974, 52.240401200000015], [32.3837882, 52.24047990000005], [32.395355, 52.24662210000004], [32.401501899999964, 52.24604360000004], [32.40170809999997, 52.248171499999984], [32.398823799999974, 52.2493837], [32.40046670000002, 52.250058399999965], [32.39503180000002, 52.2504035], [32.390542800000034, 52.253028400000034], [32.382943900000036, 52.2697471], [32.394855199999974, 52.27819120000003], [32.38173549999998, 52.2782553], [32.373865799999955, 52.273144299999984], [32.37030109999998, 52.2749543], [32.36360279999998, 52.300642599999954], [32.3518851, 52.316218], [32.35516009999998, 52.327345800000046], [32.3768323, 52.337308300000025], [32.387615, 52.33748950000001], [32.394306499999956, 52.33368970000003], [32.40107269999998, 52.338035100000035], [32.4338058, 52.322026500000014], [32.4598896, 52.32682590000002], [32.46663240000004, 52.32387080000002], [32.472062, 52.32434789999998], [32.48967920000002, 52.31438069999996], [32.499542, 52.32124549999997], [32.5017113, 52.327295], [32.550034200000034, 52.32686590000004], [32.5713825, 52.310053899999986], [32.57721510000003, 52.30018889999999], [32.5940517, 52.3036263], [32.607896, 52.30468349999999], [32.6117937, 52.30078009999996], [32.62201880000003, 52.2972221], [32.637768700000045, 52.28662469999998], [32.66210290000006, 52.278668900000035], [32.685125, 52.26630720000005], [32.689633500000035, 52.25570760000002], [32.7001388, 52.2548959], [32.70058949999998, 52.2479013], [32.716831400000025, 52.2586249], [32.72598080000005, 52.25633609999998], [32.7565895, 52.26679780000005], [32.761844500000024, 52.26208920000001], [32.76284630000005, 52.25549229999997], [32.77229040000004, 52.25935660000005], [32.77860850000002, 52.25919630000002], [32.77880459999999, 52.2614815], [32.79924160000004, 52.2653942], [32.81705249999997, 52.258938], [32.833022399999976, 52.278294599999974], [32.85659739999996, 52.27408889999998], [32.88440390000004, 52.27337079999998], [32.885298900000016, 52.268374500000036], [32.8791328, 52.258832500000025], [32.88755860000002, 52.2450985], [32.906849500000014, 52.2459916], [32.910299700000024, 52.25001779999998], [32.944963500000014, 52.2642434], [32.9615578, 52.2732057], [32.98237489999997, 52.27352209999998], [32.9957408, 52.27186029999997], [32.996133, 52.2766417], [32.99969729999997, 52.27670919999998], [32.99702639999996, 52.28806619999997], [33.0063928, 52.28876130000002], [33.018423, 52.29324330000004], [33.02383540000001, 52.29988870000002], [33.04481730000003, 52.307061], [33.0446442, 52.31348830000002], [33.05892719999998, 52.318267], [33.054552600000044, 52.32474379999996], [33.0599182, 52.32955360000002], [33.06329590000004, 52.32939780000001], [33.06228279999998, 52.32786969999996], [33.07196759999999, 52.3263696], [33.0737798, 52.32411360000004], [33.0718487, 52.32385319999999], [33.07334630000002, 52.32160629999998], [33.07133839999997, 52.316564299999975], [33.0741502, 52.31476739999998], [33.066748, 52.31299389999997], [33.06305980000005, 52.315260500000015], [33.06060140000003, 52.3100551], [33.0616497, 52.3061155], [33.06698720000002, 52.302594399999975], [33.0734213, 52.30437350000001], [33.0726763, 52.30721320000004], [33.08069659999996, 52.307690899999955], [33.10752789999999, 52.3267118], [33.1110886, 52.32541530000001], [33.11727259999998, 52.328784599999985], [33.1296508, 52.33843130000004], [33.12912779999998, 52.34180180000003], [33.13396139999997, 52.345008], [33.13695590000002, 52.345905], [33.1441799, 52.344286299999986], [33.156199, 52.33841229999998], [33.169562699999986, 52.34084569999997], [33.1728434, 52.36662909999998], [33.169761099999974, 52.3686539], [33.1699042, 52.37283410000002], [33.188704100000045, 52.37310849999999], [33.188659900000026, 52.379147300000035], [33.19571949999999, 52.37894809999999], [33.196183800000036, 52.3736133], [33.206162500000026, 52.37289960000002]]]}}]}