category,lat,lon
station,55.4708831,30.0048825
station,55.5036833,29.9638677
station,55.6764955,29.9779673
station,53.8905701,27.5490868
station,55.0447227,30.1682249
station,55.3560431,30.0895056
station,55.3288609,30.0882566
station,55.2553399,30.1123772
station,55.2128512,30.1302310
station,55.5845695,28.5964386
station,55.4497850,28.9436801
station,55.6037838,29.0413050
station,54.2455296,25.3530183
station,53.9068666,27.4368467
station,53.9062312,27.4539802
station,53.9084273,27.4795368
station,53.9096710,27.4977357
station,53.9058375,27.5540258
station,53.8938442,27.5709184
station,53.8902509,27.5864709
station,53.8899194,27.6145005
station,53.8692203,27.6479536
station,53.8619910,27.6742453
shop_grocery,52.6623678,29.6256456
shop_grocery,53.9224262,27.5143590
station,55.2570705,28.1747494
station,53.8762966,27.6288809
bank,53.9116063,27.5794198
post_office,53.8691780,27.6505669
bank,53.8692759,27.6502133
shop_grocery,53.9310650,27.4905605
bank,53.9087668,27.4736411
post_office,53.9087678,27.4737078
shop_grocery,53.9099277,27.5370581
bank,53.9108096,27.5396696
cafe,53.9081166,27.5294772
shop_grocery,53.8820205,27.4336230
shop_grocery,53.8827134,27.4540862
shop_grocery,53.8816954,27.4411203
shop_grocery,53.8818125,27.4391791
cafe,53.8945091,27.4347406
post_office,53.8818438,27.4329818
post_office,53.8576859,27.6156676
shop_grocery,53.8553040,27.6125996
shop_grocery,53.8537811,27.6138252
shop_grocery,53.8547272,27.6080195
shop_grocery,53.9069843,27.4524138
station,53.9066349,27.5229027
cafe,53.8847402,27.5891271
station,51.9858267,23.7001625
station,52.2175186,24.0919700
station,52.2542097,24.1240621
station,53.4302566,24.4560613
station,53.7869821,25.1796210
station,53.7531797,25.3819333
station,53.9999700,25.7110465
station,54.9877200,26.1648212
station,54.4961236,26.2695836
station,52.2886143,26.6706138
station,52.2824158,26.7128223
station,54.4567566,26.4566856
station,54.1014019,27.1581880
station,52.8091742,27.5732119
station,54.8205005,27.4615551
station,53.7446674,27.3349492
station,53.5722067,27.9406866
station,52.2530315,28.0013770
station,53.7685714,27.6535368
station,53.3740314,28.3413729
station,52.7065950,28.8968740
station,54.8754730,28.6910418
station,52.9894626,29.1533636
station,52.9521027,29.1132022
station,54.8743214,28.9304728
station,54.8670270,29.0503004
station,52.8539765,29.0497660
station,52.8126388,29.0404151
station,52.7466317,28.9304564
station,52.7749915,28.9559430
station,52.5484425,29.6289125
station,52.4071323,29.5000293
station,54.6361692,30.0504063
station,53.0714655,30.0093283
station,52.3320152,30.1141959
station,54.6527553,29.9951139
station,54.5501810,30.3260958
station,54.2735860,30.2521889
station,54.5881819,30.2641797
station,54.5714351,30.2712983
station,54.5492256,30.4217339
station,54.3794621,30.6592362
station,53.9409562,27.3469750
station,53.4495749,32.0408556
station,53.8364578,27.4787420
station,53.8154926,27.4534849
station,53.8643924,31.5654078
station,53.7618307,31.6456233
station,54.1298069,31.1963332
station,54.6826624,31.0373439
station,53.1542457,24.4490908
station,53.5937660,24.8529176
fap,53.8951530,27.6288870
fap,53.8886646,27.6220663
sports_centre,53.9359564,27.5798776
cafe,53.8725929,27.5603461
station,53.9009334,27.5618112
sports_centre,53.8887764,27.4320702
restaurant,53.9112410,27.5431135
shop_grocery,53.8859085,27.4387213
station,53.7773206,27.3888728
station,53.9053364,27.5393148
shop_grocery,53.8881175,27.4232907
station,53.4824032,26.7560125
fap,53.5185788,28.1558292
shop_grocery,53.8888822,27.4407276
shop_grocery,53.8841103,27.4314462
bank,53.8867861,27.4279828
bank,53.9138292,27.5845943
bank,53.9099746,27.5763892
shop_grocery,53.9063977,27.5868704
shop_grocery,53.9109876,27.5947736
shop_grocery,53.9145917,27.5828859
shop_grocery,53.8701344,27.6037154
post_office,53.8586942,27.6338409
shop_grocery,53.8749070,27.6245972
bank,53.8591531,27.5918427
shop_grocery,53.9121757,27.5800847
shop_grocery,53.9099786,27.5783597
shop_grocery,53.9079124,27.5757508
shop_grocery,53.9092426,27.5739951
shop_grocery,53.9127661,27.5691479
bank,53.9130133,27.5684927
cafe,53.9092316,27.5798730
shop_grocery,53.9040019,27.5987503
shop_grocery,53.9054731,27.5801259
shop_grocery,53.9032881,27.5816158
post_office,53.9082000,27.5820292
shop_grocery,53.9088304,27.5807611
cafe,53.9095621,27.5807113
bank,53.9126740,27.5713887
shop_grocery,53.9230875,27.6069195
shop_grocery,53.9119227,27.5646817
shop_grocery,53.9190610,27.5534409
post_office,53.9196340,27.5656341
post_office,53.8766287,27.4980616
shop_grocery,53.8803068,27.4316719
shop_grocery,53.8710070,27.4191584
shop_grocery,53.8922735,27.5521240
shop_grocery,53.8915336,27.5571798
cafe,53.9012831,27.5598328
post_office,53.8891036,27.5502886
cafe,53.9006989,27.5514891
shop_grocery,53.8995576,27.5755546
post_office,53.8977420,27.5793607
bank,53.9010438,27.6016368
shop_grocery,53.8992525,27.6045261
shop_grocery,53.8883100,27.6160495
school,53.9103062,27.5898314
shop_grocery,53.8735772,27.6292011
shop_grocery,53.8691609,27.6232286
shop_grocery,53.8627660,27.6111606
post_office,53.8836443,27.5673799
restaurant,53.8829203,27.5674063
shop_grocery,53.8402728,27.6355455
shop_grocery,53.8385952,27.6479208
shop_grocery,53.8781551,27.5473573
bank,53.8790969,27.5342085
bank,53.8811662,27.5365706
shop_grocery,53.9472273,27.7095095
bank,53.9444207,27.7059925
bank,53.9354751,27.6884651
shop_grocery,53.9426823,27.6861273
post_office,53.9329329,27.6434963
shop_grocery,53.9352706,27.6515296
bank,53.9388198,27.6408490
school,53.9262476,27.6352796
cafe,53.9228036,27.6034485
shop_grocery,53.9239311,27.6066703
shop_grocery,53.9266547,27.6045027
fap,53.9151509,27.5992878
bank,53.9184498,27.5887130
shop_grocery,53.9179257,27.5874541
shop_grocery,53.9125013,27.5999282
cafe,53.9129064,27.6016851
cafe,53.9124688,27.5997830
bank,53.8933712,27.5001131
cafe,53.9038174,27.5993253
shop_grocery,53.9209746,27.5681412
bank,53.9219329,27.5673339
restaurant,53.9053494,27.5615272
cafe,53.9003562,27.4370512
shop_grocery,53.9014940,27.6021155
cafe,53.9065525,27.5905851
station,53.8991994,27.6232469
station,53.9146131,27.6633113
station,53.9325829,27.7166407
post_office,53.9120619,27.5885165
restaurant,53.8716753,27.6398610
cafe,53.8974608,27.5448870
restaurant,53.8970858,27.5496641
shop_grocery,53.8586839,27.5375399
post_office,53.8848946,27.5945362
shop_grocery,53.9155572,27.5979221
station,53.9301648,27.4754603
station,53.9481803,27.3777313
station,53.8082530,27.5796320
station,53.8836231,27.5345760
station,53.9867208,27.8469774
shop_grocery,53.8616699,27.9031343
cafe,53.9255414,27.5922902
shop_grocery,53.9351134,27.5821642
bank,53.9356711,27.5794256
bank,53.8587760,27.6340286
cafe,53.8506666,27.4208254
shop_grocery,53.8735842,27.5774107
shop_grocery,53.8659467,27.5703220
shop_grocery,53.8687692,27.5694738
bank,53.8844853,27.4387108
bank,53.9036259,27.5439547
post_office,53.8607762,27.4297803
post_office,53.8589654,27.4382605
bank,53.8452580,27.4572973
bank,53.9016393,27.4361600
post_office,53.9070371,27.4460918
post_office,53.9027648,27.4362262
post_office,53.8975926,27.4522186
post_office,53.9037203,27.4553225
post_office,53.8654920,27.4535000
post_office,53.8495197,27.4654572
cafe,53.8674201,27.4577699
cafe,53.8620056,27.4778252
cafe,53.8712291,27.4736849
cafe,53.8669883,27.4837616
post_office,53.8629491,27.4810892
post_office,53.8674815,27.4840026
bank,53.9274136,27.4812907
cafe,53.8611280,27.4653675
post_office,53.9274919,27.4814198
post_office,53.9291171,27.4735804
post_office,53.9206118,27.4927279
post_office,53.9314474,27.4913233
restaurant,53.9313004,27.4904273
cafe,53.8929892,27.4892089
restaurant,53.9077200,27.4938900
post_office,53.9056320,27.4973271
post_office,53.9117301,27.4890179
fap,53.9337468,27.5005676
post_office,53.8465588,27.5009549
post_office,53.8570400,27.4930900
post_office,53.8969295,27.4914139
fap,53.9072136,27.4848774
post_office,53.8431256,27.5158592
post_office,53.8428361,27.5041841
post_office,53.8553889,27.5199619
post_office,53.9082160,27.5152144
post_office,53.8671644,27.5110382
fap,53.9159429,27.5279941
post_office,53.9180454,27.5292862
post_office,53.9093577,27.5299407
post_office,53.9134730,27.5047371
post_office,53.8994977,27.5059856
post_office,53.8948842,27.5206205
cafe,53.9059255,27.5298126
post_office,53.8767626,27.5317188
post_office,53.8732619,27.5384380
restaurant,53.9126398,27.5384051
cafe,53.9238401,27.5187599
cafe,53.8931441,27.5494504
post_office,53.8440871,27.5327488
fap,53.9045199,27.5435272
restaurant,53.9051359,27.5443606
post_office,53.9040263,27.5440551
post_office,53.8961626,27.5456066
post_office,53.9111557,27.5451164
post_office,53.8507297,27.5454751
bank,53.8505265,27.5454186
shop_grocery,53.8324153,27.5530725
cafe,53.9090510,27.5481290
cafe,53.8955438,27.5470648
restaurant,53.9037892,27.5542116
restaurant,53.9151167,27.5503719
restaurant,53.9153333,27.5504034
post_office,53.9133978,27.5549159
restaurant,53.9016732,27.5539136
restaurant,53.9034229,27.5574471
restaurant,53.9044763,27.5569052
restaurant,53.8939499,27.5673644
post_office,53.9117080,27.5652170
bank,53.9594181,27.5377586
cafe,53.9321000,27.5421900
restaurant,53.9240074,27.5474059
restaurant,53.9023096,27.5560910
restaurant,53.9023316,27.5572057
restaurant,53.8989716,27.5564718
restaurant,53.8967055,27.5545971
restaurant,53.9010804,27.5606479
cafe,53.9120940,27.5635628
post_office,53.8988386,27.5633075
cafe,53.8941289,27.5660398
cafe,53.9077762,27.5550587
post_office,53.8635844,27.5708869
bank,53.8365499,27.5737452
restaurant,53.9199360,27.5726929
post_office,53.9126370,27.5805431
post_office,53.9286750,27.5748772
cafe,53.9033900,27.5636700
bank,53.9222243,27.5585629
cafe,53.8977150,27.5541099
post_office,53.9282956,27.5550836
cafe,53.8997288,27.5563469
restaurant,53.9261800,27.5642700
cafe,53.9167370,27.5585010
restaurant,53.9158695,27.5672308
bank,53.8803148,27.5669632
shop_grocery,53.8961759,27.5814949
fap,53.9012322,27.5766515
fap,53.8836900,27.5830000
cafe,53.9216933,27.5772996
cafe,53.9215000,27.5786700
cafe,53.9082199,27.5789856
fap,53.9085400,27.5833900
restaurant,53.9046798,27.5862328
post_office,53.9197200,27.5987300
post_office,53.9011797,27.6010071
shop_grocery,53.8309846,27.6072500
bank,53.8838547,27.5942965
restaurant,53.9092254,27.5978699
cafe,53.9157986,27.5974727
cafe,53.9176384,27.5867275
cafe,53.9248384,27.5985273
cafe,53.9187161,27.6031502
cafe,53.9198430,27.6036750
cafe,53.9282481,27.6110909
post_office,53.9402558,27.6054736
post_office,53.9353992,27.6138210
post_office,53.9243530,27.6119579
cafe,53.9026400,27.6165200
restaurant,53.9254826,27.6130446
bank,53.9283369,27.5883910
post_office,53.9241536,27.5910712
restaurant,53.9297470,27.5985008
cafe,53.9283298,27.6002850
restaurant,53.9271200,27.5867600
fap,53.9334506,27.5894239
fap,53.9249800,27.6015800
restaurant,53.9258857,27.6066142
fap,53.9159576,27.5974888
post_office,53.8370302,27.6219514
post_office,53.9527930,27.6179130
restaurant,53.8759453,27.6275429
post_office,53.8697103,27.6270228
post_office,53.8764938,27.6182829
post_office,53.8819085,27.6122735
cafe,53.8776143,27.6174827
cafe,53.8895562,27.6187539
post_office,53.9024653,27.6173104
restaurant,53.8898963,27.6136837
bank,53.9312272,27.6363823
post_office,53.9214902,27.6360851
restaurant,53.9473869,27.6451270
post_office,53.9469968,27.6296793
post_office,53.8847453,27.6837864
shop_grocery,53.8375975,27.6604058
post_office,53.8801207,27.6681654
post_office,53.8645813,27.6674599
bank,53.8658640,27.6555959
cafe,53.8659400,27.6529300
post_office,53.8386935,27.6469935
post_office,53.9483915,27.6717009
restaurant,53.9343616,27.6481888
cafe,53.8894373,27.6501352
post_office,53.8990699,27.6495208
post_office,53.9525985,27.6334798
post_office,53.8425093,27.7010329
cafe,53.9349647,27.6887677
cafe,53.9121200,27.6730600
post_office,53.9386999,27.6843542
post_office,53.9125816,27.6786636
cafe,53.9227154,27.6713958
bank,52.1013908,23.7621264
bank,52.1035800,23.7518247
shop_grocery,52.1110300,23.7466500
shop_grocery,52.1024661,23.7532583
shop_grocery,52.1008492,23.7569180
shop_grocery,52.1004382,23.7570937
shop_grocery,52.0923818,23.7645304
pool,52.1016900,23.7557500
post_office,52.1044670,23.7535463
bank,52.0785181,23.7438580
shop_grocery,52.0784300,23.7440100
post_office,52.0789781,23.7490568
post_office,52.0613657,23.7318824
post_office,52.0691411,23.7312341
shop_grocery,52.0688582,23.7258145
shop_grocery,52.0596579,23.7297691
shop_grocery,52.0610674,23.7313567
shop_grocery,52.0537497,23.7234441
bank,52.0688573,23.7244379
station,52.0773531,23.7308563
cafe,52.0751091,23.7396229
station,52.4005261,23.3814682
station,51.7430884,24.1300428
station,52.1878849,23.9833280
station,51.9041341,23.9848655
station,51.8812613,24.0227947
shop_grocery,52.1101300,23.7432800
shop_grocery,52.1141941,23.7390232
shop_grocery,52.1128500,23.7339900
post_office,52.1014746,23.7237453
shop_grocery,52.0952239,23.7016099
shop_grocery,52.0947280,23.6996344
school,52.0939100,23.7166700
shop_grocery,52.0875031,23.7035835
shop_grocery,52.0838064,23.7022413
shop_grocery,52.0904201,23.7111982
shop_grocery,52.0882406,23.7087221
school,52.0916700,23.6993100
post_office,52.0886900,23.7055961
shop_grocery,52.1515593,23.7054468
bank,52.0859093,23.7042712
restaurant,52.1228654,23.6947834
fap,52.1011600,23.6945500
shop_grocery,53.7361686,27.3084374
station,53.0568828,27.2849227
post_office,52.0990368,23.6949976
station,53.5445167,26.9656531
cafe,52.0960300,23.6907100
restaurant,52.0942007,23.6867502
station,53.6245018,27.8216956
school,52.0971400,23.6890800
school,52.0977246,23.6901607
shop_grocery,52.0940806,23.6864167
shop_grocery,52.0942813,23.6878746
station,53.0371558,27.3533318
shop_grocery,53.4873200,26.7448200
cafe,52.0900195,23.6941931
shop_grocery,53.4848212,26.7387142
shop_grocery,53.4857139,26.7435699
shop_grocery,53.4845538,26.7396085
shop_grocery,53.4834076,26.7465188
cafe,53.4814405,26.7201602
shop_grocery,53.4832900,26.7555100
shop_grocery,53.4790800,26.7377600
shop_grocery,53.4811547,26.7195028
bank,53.4886246,26.7396269
post_office,53.4800583,26.7388077
shop_grocery,52.0895215,23.6944592
cafe,52.0873927,23.6959810
station,53.0662841,26.8239127
shop_grocery,53.5337602,26.7644866
station,53.0645112,26.7314516
cafe,53.4791773,26.7383451
cafe,53.4762767,26.7313705
bank,52.0921500,23.6940444
cafe,53.4894603,26.7326801
cafe,53.4891897,26.7323024
cafe,53.4909100,26.7378783
cafe,52.0919614,23.6936925
shop_grocery,53.4880611,26.7466756
restaurant,52.0853561,23.6925557
shop_grocery,53.4827553,26.7484549
station,53.5967897,27.8594277
station,52.9522133,27.9085136
post_office,52.0938961,23.6840063
station,53.5606646,28.0125479
station,52.9588204,27.9692007
post_office,52.7919163,28.0002922
post_office,52.0938539,23.6857885
fap,53.6465924,27.9208712
station,53.5475555,28.0657681
station,53.4167575,28.2571271
station,53.4369661,28.2285873
station,53.0407059,28.2695632
station,53.0802252,28.2917227
station,53.1204980,28.3261367
station,53.1465084,28.4282095
station,53.4633029,28.1828642
shop_grocery,53.5462636,28.1672692
station,53.0148155,28.1678067
shop_grocery,52.0947400,23.6889700
fap,53.0164350,27.5582187
station,52.9975836,27.5863226
shop_grocery,52.0991453,23.6913166
shop_grocery,52.0988799,23.6916781
station,52.9125593,27.5479656
shop_grocery,52.0901309,23.6797184
fap,53.0443900,27.5928500
shop_grocery,52.1019700,23.6803400
bank,52.0892543,23.6742188
shop_grocery,52.0882541,23.6891729
station,52.9581517,27.5224471
shop_grocery,52.0951814,23.6909898
shop_grocery,52.0971186,23.6859297
bank,52.0970965,23.6885079
bank,52.0949989,23.6841010
station,52.9804071,27.7551046
cafe,52.0895537,23.6751271
restaurant,52.0951720,23.6884471
cafe,52.0968500,23.6770600
station,52.9836398,27.6952268
restaurant,52.0969213,23.6815907
station,52.9631356,27.8208808
station,52.2521523,29.9246550
station,52.2911984,30.0007708
station,52.2551481,29.8281718
station,52.1762674,29.8807512
station,52.1575771,23.6154818
station,52.1413703,29.9030095
station,52.3256456,30.0923066
station,52.3424040,30.3066569
shop_grocery,52.2669788,30.2547529
post_office,52.1049292,23.6532427
shop_grocery,52.0920194,23.6650867
shop_grocery,52.3578100,30.4183300
shop_grocery,52.3555581,30.4163848
post_office,52.3586803,30.4233242
pool,52.3655000,30.4052900
station,52.3682481,30.5857772
restaurant,52.3590400,30.4239300
cafe,52.3592539,30.4208226
school,52.3666693,30.4261048
post_office,52.3682763,30.3934888
station,52.2382827,23.5258272
station,51.5785414,23.6078650
station,51.5513495,23.6123401
post_office,52.3666490,30.4016420
school,52.3663958,30.3820977
station,52.2577075,23.4947525
station,51.8046473,23.6442187
station,51.9246491,23.6536701
station,51.9415218,23.6635557
station,51.6248624,23.5930967
station,51.6602161,23.5908410
station,51.6088427,23.5982291
station,51.7312313,23.6235398
station,51.8393507,23.6346750
station,51.8811107,23.6406818
station,51.7633696,23.6465585
shop_grocery,52.3525391,30.4059340
station,52.2083480,23.5818418
shop_grocery,52.3668465,30.3987675
shop_grocery,51.7803447,29.5071112
station,52.3136561,29.4456477
station,52.3628204,29.4712636
station,52.1610258,29.4928064
station,52.1830625,29.3666442
station,52.2699834,29.4202230
station,52.1588050,29.3521378
station,52.0196043,30.0046572
station,52.0518513,29.9951843
station,52.0946885,29.9936494
station,52.2509275,29.7363228
station,52.2218512,29.6710340
station,52.1971687,29.6156062
station,52.1652448,29.0248543
station,51.7286871,29.1116079
station,52.1591905,29.1016453
school,52.0585700,29.1994100
fap,51.8050892,29.1774128
station,51.8212417,29.1536216
station,51.9528259,29.2053136
station,51.8926044,29.1844019
station,51.9009850,29.2730469
station,52.2147864,29.3855367
station,52.1350225,29.2249981
station,51.4737446,30.3271357
fap,55.5324718,28.6444328
fap,55.5320683,28.6449368
fap,55.5325305,28.6453300
bank,55.5350056,28.6443483
sports_centre,53.1417505,29.2177180
station,55.4240802,28.5814255
station,55.3460655,28.3465611
cafe,55.3509755,28.3209733
station,55.4067673,28.4735595
station,55.2855817,28.2217828
shop_grocery,53.7794500,27.5619500
station,55.8169101,27.9400600
station,55.2146366,28.0796130
station,55.1612064,27.9758481
shop_grocery,54.8831726,27.7757317
station,54.9546226,27.6674956
shop_grocery,53.9167502,27.5604912
station,54.8786346,27.6029247
restaurant,55.1386671,27.6871388
station,55.3680040,27.4695805
station,55.7783723,27.4803948
station,55.1337069,27.5840994
shop_grocery,55.2427218,27.6697045
station,55.1307532,27.4988873
shop_grocery,55.2415285,27.6703682
station,55.1493561,27.3812312
shop_grocery,53.8967716,27.5920388
station,54.8393478,27.5090805
station,55.1504042,27.0862389
shop_grocery,53.1885336,29.2141426
cafe,53.9115955,27.6034391
shop_grocery,53.9118458,27.5983557
cafe,53.8681647,27.5995766
station,53.6164625,29.5477590
station,53.0092723,29.6596111
station,53.5992393,29.4992504
station,52.9788133,29.7275783
station,53.7172176,29.8426873
station,53.7389601,29.8922512
shop_grocery,53.1407206,29.3032639
station,53.1178185,29.3205185
station,53.0860275,29.3713909
station,53.5091673,29.2413328
station,53.5479810,29.3519363
station,53.5711736,29.4182110
station,53.0426968,29.5147405
station,53.0575362,29.4465429
station,53.0275213,29.5710961
station,54.0382574,28.2023532
cafe,54.0934986,28.2817509
shop_grocery,54.0975928,28.3044205
station,54.0663771,28.2812261
station,54.1023042,28.3408076
shop_grocery,54.0930300,28.3072800
station,54.0869864,28.3154558
shop_grocery,54.1095750,28.3600830
school,54.0934910,28.3243465
pool,54.0967787,28.3255689
shop_grocery,54.0939073,28.3196117
shop_grocery,54.0947310,28.3220815
cafe,54.0942229,28.3202966
shop_grocery,53.9278434,27.5864308
cafe,53.9163053,27.5861765
shop_grocery,53.9288728,27.5874381
station,54.1910890,27.0846658
station,54.2719516,27.0243024
station,54.6159163,27.0818973
station,54.6418773,27.1310268
station,54.2800947,26.9746799
station,54.5589790,26.9891885
station,54.3540425,26.8595182
station,54.4210106,26.8799797
station,54.4619377,26.8882148
station,54.3058051,29.3620338
station,54.2917294,26.9194619
fap,54.2968243,26.8769265
station,54.3010570,26.8841427
shop_grocery,54.4872300,30.4250100
cafe,53.2356000,26.6791200
shop_grocery,54.4934583,30.4163883
station,53.4336929,26.6790600
station,53.0845393,26.5665185
station,53.3149057,26.5379772
station,54.5146581,30.3233108
station,53.2604791,26.4423437
station,54.7389420,27.2967425
station,53.2044448,26.2963582
station,55.0135071,30.7957765
station,55.0249941,30.7039895
station,54.6749256,27.1831247
station,55.0043455,30.8694518
station,54.6863325,30.8887824
station,54.9884109,30.9401072
station,54.6744488,30.7678886
shop_grocery,53.9109909,27.5081920
shop_grocery,54.4901261,30.4290468
shop_grocery,54.4911187,30.4287250
shop_grocery,54.4871005,30.4369947
station,54.5422401,30.4476129
station,54.6496923,30.6587692
station,54.6207756,30.5638494
station,54.2992167,26.8107075
restaurant,53.9112682,27.5462309
station,54.2180460,26.5217710
station,54.3316370,26.7306502
station,54.3662671,26.6610268
station,54.8426720,30.2071672
station,55.0134354,30.1765541
shop_grocery,55.0638952,30.3521382
station,55.1113141,30.2979578
station,55.2850241,30.3025634
station,55.2220750,30.2683635
station,54.1711695,26.1539278
station,54.1812971,26.2577792
station,54.2181477,26.3694115
cafe,55.1979087,30.2078523
shop_grocery,55.8449003,29.9718353
station,53.0756069,29.1723557
station,55.4086041,30.0590108
station,54.4702321,30.0353945
station,54.4655807,29.9294966
station,55.1781440,30.0983294
station,53.4638857,29.1128133
station,54.4781770,30.1292319
station,53.1764784,29.0678768
station,53.1829046,29.0374886
shop_grocery,53.1193732,29.1369369
station,53.0318115,29.1681650
station,53.3529897,28.8428691
shop_grocery,53.9299500,27.5478100
station,53.5457540,28.7431698
station,53.1946196,28.9815379
station,53.2192255,28.9277057
station,53.3383752,28.5196655
station,53.4837903,28.5351546
station,53.2548862,28.5621574
station,53.2084773,28.5355491
station,53.1767823,28.4907374
station,53.4037573,28.4896419
station,53.4581975,28.4968990
station,53.3170591,28.5862525
station,53.4913277,28.5910184
station,53.2995274,28.6460443
station,53.3021608,28.7040998
station,53.2697023,28.7725573
station,55.3943062,29.1464267
station,55.7344613,29.3300532
sports_centre,53.9114800,27.5458600
station,54.3083904,29.4462219
shop_grocery,55.3051245,29.5978277
fap,53.1771261,29.1928806
station,55.2638046,29.7610814
shop_grocery,54.4366862,29.6048925
station,54.3491475,29.6029354
station,54.3760577,29.6827034
shop_grocery,54.4347354,29.6044960
station,54.4443675,29.8522842
station,55.5850588,29.9398844
shop_grocery,55.4876718,28.7804818
shop_grocery,55.4888230,28.7853412
cafe,55.4912891,28.8080306
shop_grocery,55.5008900,28.8229800
shop_grocery,55.4947300,28.8057200
shop_grocery,55.4908100,28.7980900
station,53.4283122,28.4872776
shop_grocery,55.5378324,28.6322806
shop_grocery,55.5367974,28.6437415
shop_grocery,55.5427319,28.6273866
cafe,55.5305489,28.6426860
shop_grocery,55.5337196,28.6546051
shop_grocery,55.5340686,28.6534717
station,55.4538462,28.7208092
shop_grocery,55.5315760,28.6621899
shop_grocery,55.5048917,28.7393155
shop_grocery,55.4778101,28.7655641
shop_grocery,53.9516701,27.6814352
station,53.9174545,25.3648950
station,53.7355626,25.3930588
station,54.1549291,25.3015204
station,54.0785838,25.2936509
station,53.9548355,25.5082794
station,53.3277398,25.6149593
station,53.3512270,25.5999403
cafe,53.8837325,25.7416428
station,54.0331421,25.8344693
station,54.0907175,25.9655388
station,53.7276029,25.0489495
station,53.0840279,25.0320940
station,53.7707775,25.1374081
station,53.7494911,25.1076490
shop_grocery,53.0756545,25.2776301
station,53.0758139,25.1507092
station,53.0805711,25.3929093
shop_grocery,53.0580037,25.4747166
station,53.8417667,25.2372042
station,53.9583430,25.2653479
station,53.8811516,25.2951169
station,53.1168326,24.3632620
station,53.0572705,24.2047369
station,53.1074180,24.2361072
station,53.0878933,24.2533409
station,53.0291052,24.1104700
station,53.1058921,24.1319808
station,53.0997517,24.0462551
station,53.1521774,24.5721475
station,53.3811502,24.4770017
station,53.6250909,24.8946137
station,53.1870999,24.6941920
station,53.1223536,24.9472437
station,53.1619706,24.7990416
station,54.2763842,28.8377020
station,54.2526378,28.7884781
shop_grocery,54.2702568,28.6898831
station,52.1731619,31.6367143
station,52.1703256,31.6888481
station,52.1765528,31.4886098
station,52.1430659,31.4436900
station,52.4335726,31.4778027
station,52.2101003,31.4177078
station,52.1686810,31.5485142
station,52.1669329,31.5886445
station,52.2642507,31.3428551
station,52.2833987,31.2764115
station,52.4269301,31.0918155
station,52.3916657,31.1006561
station,52.4040774,31.0899098
station,52.3891785,31.1681533
station,52.2136880,31.1016848
shop_grocery,53.8759200,27.6314300
station,52.1416987,31.1256476
station,52.3544186,31.1168922
station,52.1090714,31.1366098
station,52.3235126,31.1816234
station,52.3080051,31.2104758
post_office,52.4636551,31.0365160
shop_grocery,52.4436942,31.0231062
cafe,52.4815200,31.0203900
fap,52.4772178,31.0231471
station,52.4498274,30.9883869
station,52.4563877,30.9452237
station,52.5717017,30.8792371
station,52.4302447,30.9036469
station,52.4412330,30.9275195
post_office,52.1011547,23.7687078
post_office,52.1089327,23.7741702
post_office,52.1068973,23.7695566
station,52.5784746,30.8616129
shop_grocery,53.9077200,27.6238100
station,53.8533984,31.5819208
station,53.8829228,31.5518345
station,53.9284317,31.4812973
station,53.8027509,31.6604573
station,53.5229676,32.0093201
shop_grocery,53.9456254,27.6323665
station,53.6735202,31.8323593
station,53.7258486,31.8484395
station,53.2330571,32.1614680
station,53.3782083,32.0596468
station,53.2828145,32.1167131
station,53.7224028,32.1571068
station,53.7812624,30.9280178
station,53.7612008,31.0287548
station,54.3456859,30.7420528
station,53.7947322,30.8394250
station,54.1663751,31.1568759
station,54.2032114,31.0862218
station,54.2971018,30.8719730
station,53.7587811,31.1307250
station,54.2640771,30.9898339
station,54.0972036,31.2426168
station,54.0368022,31.3368300
station,53.7624428,31.2762522
station,53.9788580,31.4132179
station,53.7554711,31.4410104
station,53.7573456,31.5390632
station,53.7950884,30.2131918
station,53.8489823,30.1619391
station,53.8684032,30.2485747
shop_grocery,53.8572604,30.2537615
station,53.7474286,30.2406957
station,54.0437293,30.2846224
shop_grocery,53.9007529,30.3569646
station,53.9196123,30.3561845
station,53.8772449,30.4027739
station,53.8662423,30.4474235
station,54.4212577,26.5410664
station,54.4717618,26.4057574
station,53.8161207,30.7368761
station,53.8242900,30.6876000
station,53.7883263,29.9771337
shop_grocery,52.0759600,23.7393500
shop_grocery,52.0757018,23.7386013
station,53.8215051,30.0925679
station,53.3048835,30.1284727
station,53.4050567,30.1632797
station,53.6613742,30.2611724
station,54.5502936,26.0088027
station,54.1278133,30.2778469
station,54.5963954,25.8933148
station,54.2610601,30.2524719
station,54.1574858,30.2921509
station,54.1211075,26.0211567
shop_grocery,54.2194287,30.4503281
station,52.2315648,27.6846188
station,52.2235720,27.7483642
station,52.2280827,28.3161260
shop_grocery,53.9391237,27.6505542
station,52.2538617,28.1372026
station,52.2076675,28.5620733
station,52.2151422,28.3808666
station,52.2051115,28.4533761
post_office,52.1070305,23.7825896
post_office,52.1010900,23.7861714
restaurant,52.1033658,23.7858880
shop_grocery,52.5549137,24.4752479
station,52.2311993,27.6614486
station,52.2279243,27.6046742
station,52.6496690,28.8754244
station,52.6755470,28.8870840
station,52.1960326,24.6920208
station,52.4684724,29.5408781
station,52.2053757,28.6475113
station,52.1883318,28.7438547
station,52.1856172,28.8184613
station,52.1751386,28.9505752
shop_grocery,53.8385642,27.6471835
station,52.4667194,25.1870517
station,52.7780090,25.4105565
post_office,52.1068417,23.8157399
station,52.0276357,23.7938421
station,52.1403946,25.4461840
fap,52.1039014,23.8123516
station,52.8768890,25.6174215
station,52.1216509,25.7302010
post_office,52.0290132,23.8003031
station,53.1057494,25.5866759
station,53.2161000,25.8874355
fap,53.1173673,25.9665702
shop_grocery,53.1186236,25.9501226
fap,53.1099403,25.9504072
shop_grocery,52.1006119,23.7862147
station,53.1192557,25.9708986
fap,53.1297546,25.9965754
fap,53.1270639,26.0052438
station,53.1415142,26.0231581
station,53.0589559,26.1573261
station,53.1853370,26.1283872
station,52.4050641,30.7715128
station,53.1960078,26.1559441
station,53.0723502,26.1697394
shop_grocery,53.1146406,26.0611543
station,52.6116979,30.7863574
station,52.4154668,30.8226733
station,52.5983387,30.8155670
station,53.2064709,26.2344161
station,52.1755126,26.2521478
station,52.7528759,30.4794632
station,52.8647969,26.3641665
station,53.0788501,26.4525369
station,52.7128702,30.5674242
station,52.2949266,26.5314701
station,52.2689896,26.4476041
station,52.6906668,30.6156827
station,52.6416164,30.7213279
station,52.2031784,26.3186945
station,53.0725927,26.3872947
station,52.6591992,30.6831180
station,52.9795710,26.3073270
station,52.6262090,30.7547807
station,53.0709256,26.2663834
station,52.0061248,23.8214148
station,52.4489063,26.7104598
station,52.2966546,26.6174928
station,52.7585846,26.4349212
station,52.7380783,26.4538507
station,52.6583832,26.4895181
station,52.6290737,26.5059127
station,52.8825587,30.0875876
station,52.8568266,30.1654998
station,51.8021115,26.7824994
station,52.8412240,30.2748948
station,52.2329946,26.9357215
station,52.7879312,30.4009992
station,52.3942277,26.7609978
station,52.7697529,30.4419473
station,52.1702930,26.7955457
station,52.8179201,30.3328647
station,52.2412755,26.8416953
station,52.1251537,26.7891040
station,52.2088569,27.2587059
station,52.7233191,29.8183957
station,52.2232863,27.1336756
station,52.6894012,29.7602865
station,52.2040192,27.3595525
station,52.5259296,29.5844968
station,52.2290221,27.0217760
station,53.1990655,30.0929730
station,53.0504759,30.0076095
station,52.9292744,29.8704345
station,52.2230905,27.0790443
station,52.8463368,29.9951085
station,52.8937854,29.9960648
station,52.8147204,29.9473009
station,52.7959221,29.9219115
station,52.2150252,27.4734433
station,52.9048500,30.0031092
shop_grocery,52.9294396,30.0163808
shop_grocery,55.1927225,30.1803922
cafe,55.1725640,30.2253022
shop_grocery,53.8426681,27.4935134
shop_grocery,53.8783005,27.5484361
station,53.8201837,24.0362935
station,53.7602254,23.9598027
station,53.7146509,23.9309106
bank,53.7104450,23.8155740
post_office,53.7070990,23.7970750
shop_grocery,53.7062083,23.8158218
post_office,53.7052261,23.8406149
shop_grocery,53.7036573,23.8501165
post_office,53.7020720,23.8188081
fap,53.6995358,23.7888161
shop_grocery,53.6988451,23.8201776
restaurant,53.6984045,23.8076687
bank,53.6975470,23.8208560
post_office,53.6974359,23.8080402
cafe,53.6970713,23.8197521
post_office,53.6967614,23.8318034
post_office,53.6959767,23.8551514
shop_grocery,53.6932984,23.8252758
post_office,53.6927456,23.8229738
cafe,53.6921143,23.8255206
cafe,53.6918252,23.8257079
fap,53.6914363,23.7963535
shop_grocery,53.6906953,23.8064565
post_office,53.6903663,23.8017884
bank,53.6887896,23.8357443
post_office,53.6833300,23.8360081
bank,53.6829068,23.8304849
bank,53.6827232,23.8327977
cafe,53.6825076,23.8328052
restaurant,53.6824606,23.8323654
school,53.6814849,23.8363661
shop_grocery,53.6811250,23.8380657
cafe,53.6810398,23.8407979
cafe,53.6789580,23.8342380
shop_grocery,53.6758817,23.8458972
bank,53.6754247,23.8529105
bank,53.6742664,23.8282906
shop_grocery,53.6729977,23.8140021
shop_grocery,53.6713779,23.8046837
shop_grocery,53.6705091,23.8237400
shop_grocery,53.6700190,23.8174777
shop_grocery,53.6687884,23.8671944
shop_grocery,53.6684486,23.7901867
shop_grocery,53.6666730,23.7888641
shop_grocery,53.6663890,23.7770800
bank,53.6662590,23.7775000
post_office,53.6661910,23.7881100
fap,53.6593415,23.7724908
cafe,53.6648936,23.7905407
shop_grocery,53.6648632,23.7907240
shop_grocery,53.6640545,23.8418955
cafe,53.6633181,23.7782989
cafe,53.6627172,23.8395103
shop_grocery,53.6621539,23.8148496
shop_grocery,53.6599353,23.8339647
shop_grocery,53.6567045,23.8410796
shop_grocery,53.6566855,23.8413715
shop_grocery,53.6563108,23.8490339
restaurant,53.6547060,23.8460252
shop_grocery,53.6535149,23.8451759
shop_grocery,53.6530607,23.8341036
shop_grocery,53.6521737,23.8420113
restaurant,53.6503270,23.8465515
cafe,53.6488540,23.8362135
shop_grocery,53.6488558,23.8361330
shop_grocery,53.6480581,23.8405144
shop_grocery,53.6481921,23.8328907
shop_grocery,53.6472080,23.8461480
station,53.6452039,24.0545762
shop_grocery,53.6441307,23.8410989
station,53.5877502,24.1608091
shop_grocery,53.5799914,24.2391576
cafe,53.8763330,27.4982551
cafe,55.1934494,30.2138307
cafe,55.1930792,30.2152357
station,52.6309390,29.7149888
school,52.6279966,29.7518979
restaurant,55.1979030,30.2080626
post_office,55.1825205,30.2062095
post_office,55.1733407,30.1513862
post_office,55.1935127,30.2053969
post_office,55.1638913,30.1862225
post_office,55.1687479,30.1216689
post_office,55.1943842,30.2320254
post_office,55.2122714,30.2298650
post_office,55.1967440,30.2484430
post_office,55.2175490,30.1271617
bank,53.8629322,27.6037609
post_office,54.7287182,28.0665044
bank,53.6582490,23.8401010
shop_grocery,53.8758826,27.6211718
restaurant,53.8760090,27.6313617
station,52.2856250,23.4510691
station,52.3179745,23.4258213
post_office,52.2078787,24.3565082
shop_grocery,55.1544650,30.3425694
fap,53.4167644,24.5531751
bank,53.8673087,27.6533429
shop_grocery,53.8663201,27.6568323
school,53.3951544,24.5348982
cafe,53.9093128,27.5754459
bank,53.6793421,23.8292013
shop_grocery,53.6967357,23.8044126
cafe,53.6754996,23.8624609
bank,53.6764781,23.8608494
cafe,53.6814800,23.8311644
bank,53.9352934,27.6509056
shop_grocery,53.7060756,27.8758617
shop_grocery,53.7700195,27.3460826
bank,53.6764405,23.8411503
shop_grocery,53.6789627,23.8405765
bank,53.6859773,23.8346675
shop_grocery,53.9175911,27.6673199
post_office,54.0057297,27.6824838
restaurant,54.0048492,27.6846325
shop_grocery,54.0048352,27.6850962
restaurant,55.1994037,30.2051455
post_office,53.8259142,27.7650879
shop_grocery,53.5328448,26.7649291
station,53.7462601,27.6879256
shop_grocery,53.6726691,27.7484751
restaurant,53.6863537,23.8358256
station,53.6772777,27.7467237
cafe,53.9091107,27.5567119
cafe,53.9038812,27.5588067
bank,53.9039649,27.5572873
cafe,53.9020320,27.5648089
station,53.0952397,25.3435730
shop_grocery,54.2714793,28.4985242
bank,53.6779520,23.8359172
school,53.5672672,26.1359671
bank,53.9159703,27.5881027
cafe,53.6802567,23.8417329
shop_grocery,53.6859145,23.8471270
restaurant,54.4817194,26.4002748
cafe,54.4816441,26.4002312
shop_grocery,52.4608541,30.9657756
fap,52.4885063,30.9858913
school,52.4383952,31.0024769
station,52.4306959,30.9907826
fap,52.4322163,31.0080600
cafe,53.8843131,27.5835608
cafe,53.8835148,27.5823574
post_office,52.4667024,30.9730397
shop_grocery,52.4589097,30.9650665
post_office,52.4566224,30.9555165
post_office,52.4567627,30.9621120
post_office,52.4243926,31.0129972
cafe,55.4834189,28.7786030
shop_grocery,53.7213298,24.1951558
station,52.1221712,26.0890019
restaurant,52.1148396,26.1141131
restaurant,52.1213837,26.0935443
station,53.6595732,23.8179532
shop_grocery,53.8883717,27.5142000
station,54.0925917,27.1917282
station,54.0695277,27.2127575
bank,53.0256026,27.5505851
bank,53.0246683,27.5482610
shop_grocery,53.0296329,27.5564781
shop_grocery,53.0274099,27.5506316
shop_grocery,53.9844862,27.8925648
station,53.9944725,27.9057787
bank,53.0309388,27.5891096
shop_grocery,53.0306955,27.5909893
bank,53.0288473,27.5918345
shop_grocery,53.0222453,27.5409632
shop_grocery,53.8937737,25.7974215
restaurant,52.4229786,31.0138445
shop_grocery,53.9938970,27.9052718
shop_grocery,53.9781768,27.9171228
shop_grocery,53.6853670,23.8247099
bank,53.8254503,27.7647879
station,52.1795737,25.1507370
fap,52.1928756,25.1624927
bank,53.9482084,27.6718725
bank,53.9429223,27.6873180
shop_grocery,53.0052121,27.5177895
station,52.2236830,24.3456778
shop_grocery,53.8360396,30.3587426
cafe,53.9037155,27.4545999
shop_grocery,53.6883864,23.8360018
shop_grocery,53.6971981,23.8210722
cafe,53.9026462,27.5447646
shop_grocery,53.8161159,27.4548593
bank,53.7436990,27.6965878
cafe,53.8832234,27.5519592
station,54.3899801,26.5966749
shop_grocery,53.8356042,27.6954297
bank,53.6993699,23.8146438
shop_grocery,53.9119210,27.3988320
station,52.7930268,27.5449781
bank,53.9098824,27.4947965
shop_grocery,55.1889725,30.2450717
shop_grocery,54.0415874,27.3035763
shop_grocery,53.9357741,27.5831373
cafe,52.1220283,29.2822545
bank,52.1148256,26.1014038
restaurant,55.5359166,28.6438808
post_office,55.5349700,28.6445169
cafe,55.5292124,28.6673446
station,53.5766794,25.5087445
shop_grocery,53.8412615,27.5317190
station,53.4027186,25.5812037
bank,55.5174922,28.6878255
post_office,55.5181922,28.6870128
bank,55.5180594,28.6866722
station,55.5427161,28.6748836
shop_grocery,53.9244014,24.7904462
bank,53.8833597,27.5673259
shop_grocery,53.8913694,27.6837000
shop_grocery,53.1179015,26.0194933
bank,53.6979457,23.8113845
bank,54.4810271,26.3955299
bank,55.1899232,30.2054094
shop_grocery,53.9366055,27.5971049
shop_grocery,53.9356965,27.6028291
shop_grocery,52.7888970,27.5268894
shop_grocery,53.9275898,27.4898093
shop_grocery,52.7924641,27.5331884
shop_grocery,52.7946348,27.5371261
shop_grocery,52.1540214,26.1023730
fap,55.4916304,28.7691219
cafe,53.9071812,27.6357317
bank,55.4854796,28.7711872
post_office,53.8698704,27.6028668
restaurant,53.8978864,27.5455170
shop_grocery,53.8188361,27.7534913
cafe,53.9655370,27.6645354
shop_grocery,53.9656062,27.6644659
cafe,53.1450217,29.2293299
shop_grocery,53.1434140,29.2305505
shop_grocery,53.1363599,29.2033787
shop_grocery,53.1387534,29.2028381
restaurant,53.1371928,29.2272790
cafe,53.1412290,29.2260650
fap,52.3949047,30.8981592
fap,52.3954393,30.9043348
restaurant,54.2458216,28.5057460
shop_grocery,53.8679368,27.6500187
shop_grocery,53.8409072,27.7024734
cafe,53.8672258,27.5246262
shop_grocery,53.8516769,27.5382195
shop_grocery,53.8463991,27.5345311
shop_grocery,53.8511813,27.5459721
cafe,53.8513117,27.5457759
shop_grocery,53.8143703,27.5851841
shop_grocery,52.2128819,24.5591905
shop_grocery,52.2309295,24.3059431
shop_grocery,52.2087750,24.3530125
cafe,52.2116297,24.3558497
shop_grocery,52.2258319,24.3318245
restaurant,52.4448257,30.9973691
restaurant,52.4264787,31.0119989
shop_grocery,52.4273532,31.0131386
post_office,52.2339007,24.3389272
cafe,52.3469828,27.4545808
shop_grocery,53.8519764,27.6094809
cafe,53.8476080,27.5170707
shop_grocery,53.7114673,23.8488845
shop_grocery,52.1875811,24.1333577
post_office,53.8908861,27.5500234
cafe,53.8907413,27.5517612
shop_grocery,53.8907741,27.5506812
shop_grocery,53.9075191,27.5854967
cafe,53.9071390,27.5867609
restaurant,52.4284069,31.0135211
school,53.0793018,30.0464657
cafe,53.0686712,30.0005932
station,53.5370768,24.2724205
station,53.4602614,24.3872113
shop_grocery,53.0700460,29.9899054
station,53.0934587,30.0508451
station,52.8259237,27.5862124
station,52.8560942,27.5864929
station,52.8661716,27.5775727
shop_grocery,53.8769326,27.5596961
cafe,53.9310540,27.5990332
sports_centre,53.9341850,27.6018129
shop_grocery,53.9359030,27.6042131
shop_grocery,53.9365458,27.6045433
shop_grocery,53.9366589,27.6127489
shop_grocery,53.9522798,27.6174002
shop_grocery,53.9611243,27.6165733
shop_grocery,53.9654417,27.6450155
cafe,53.9646171,27.6436850
shop_grocery,53.9644193,27.6437947
restaurant,53.8635516,27.5728395
fap,53.8645013,27.5707106
shop_grocery,55.5234404,28.6643283
shop_grocery,52.4466788,30.9569553
shop_grocery,52.4466872,30.9571081
shop_grocery,52.4467536,30.9584557
cafe,53.9103189,30.3330698
shop_grocery,53.9118436,30.3407020
shop_grocery,53.9842901,29.7080692
bank,53.8647072,27.6670532
sports_centre,53.8648122,27.6685363
shop_grocery,53.8795914,27.6084784
bank,55.5166290,28.6863960
shop_grocery,53.9168517,27.5657385
shop_grocery,53.9168424,27.5659239
shop_grocery,53.4804380,26.7267300
shop_grocery,53.4763180,26.7313900
shop_grocery,53.4779448,26.7323710
shop_grocery,53.4794310,26.7417690
shop_grocery,53.4798185,26.7431113
fap,53.4803491,26.7488175
shop_grocery,53.4832910,26.7319900
bank,53.4836800,26.7376490
shop_grocery,53.4815290,26.7383000
shop_grocery,53.4872200,26.7392590
shop_grocery,53.4825590,26.7499290
shop_grocery,53.4873500,26.7439000
restaurant,53.4870910,26.7449700
shop_grocery,53.4872460,26.7457836
shop_grocery,53.4873366,26.7458924
shop_grocery,53.4875429,26.7460949
shop_grocery,53.4873000,26.7472890
shop_grocery,53.4871100,26.7476500
bank,53.4833100,26.7533790
shop_grocery,53.4832000,26.7541100
shop_grocery,53.4833193,26.7547085
shop_grocery,53.4833659,26.7544524
shop_grocery,53.4834780,26.7552700
shop_grocery,52.0486214,29.2667358
bank,55.5267592,28.6708113
bank,55.5151981,28.6909528
shop_grocery,53.3101090,26.0229532
shop_grocery,52.2158409,27.8366839
bank,52.2120265,27.8571379
shop_grocery,52.2172076,27.8531403
bank,52.2160971,27.8567211
shop_grocery,52.2185262,27.8572578
shop_grocery,52.2147417,27.8640398
bank,52.2134310,27.8622961
shop_grocery,52.2263688,27.8704855
bank,52.4071322,30.9240878
shop_grocery,52.4072682,30.9247890
post_office,52.4070527,30.9237331
bank,52.4093823,30.9353683
restaurant,52.4089865,30.9325438
bank,52.4184110,30.9747257
post_office,52.4168349,30.9970475
bank,52.4177163,31.0032483
restaurant,52.4520277,30.9779999
bank,52.4660928,30.9686445
cafe,54.0714863,28.4642895
bank,52.4405039,31.0012565
bank,52.4266768,31.0061316
cafe,52.4231614,31.0014983
shop_grocery,55.1757365,30.2066282
shop_grocery,52.3947680,31.0282655
cafe,52.3938210,31.0289069
cafe,52.3920308,31.0302331
cafe,52.3933795,31.0290983
shop_grocery,52.3912812,31.0302223
restaurant,52.3825273,31.0286540
bank,52.3901419,31.0319188
bank,53.0845768,30.0517300
bank,53.0869663,30.0539042
post_office,53.2221482,26.3999701
school,52.5395307,30.9071775
school,52.5366325,30.9131664
station,52.9207026,26.3468036
restaurant,53.9415795,27.6411517
shop_grocery,53.9295839,27.5757945
shop_grocery,52.4659173,30.9621631
restaurant,53.9003460,27.5747050
shop_grocery,52.2455328,27.8598522
shop_grocery,52.3823982,31.3472817
restaurant,53.9047786,27.5821269
bank,53.9287533,27.5749495
cafe,53.8475759,27.4428686
restaurant,54.1551219,27.8351769
shop_grocery,52.1010415,28.6131275
cafe,54.0063218,27.2875090
restaurant,53.9068586,27.5735655
shop_grocery,53.9400268,27.5714187
shop_grocery,53.9403143,27.5717194
cafe,53.8997608,27.5619056
sports_centre,53.9289640,27.5751660
shop_grocery,53.9102923,27.4047338
shop_grocery,55.7227239,27.5650885
cafe,53.9309973,27.6354440
cafe,51.8211067,29.1547689
cafe,51.8129039,29.1704061
station,53.5099818,28.1427136
shop_grocery,52.5324932,24.9848811
cafe,52.5339754,24.9845592
restaurant,52.5340385,24.9846203
shop_grocery,53.1506690,29.2261480
shop_grocery,53.8892223,27.6501105
station,55.7013214,27.5806960
shop_grocery,54.0404457,27.6635717
shop_grocery,53.1558063,29.2190966
restaurant,53.8965484,27.5485031
cafe,53.8942683,27.4818203
post_office,52.4113174,30.9739424
bank,52.4112871,30.9736525
shop_grocery,52.4111507,30.9729222
restaurant,53.8728864,25.3178193
restaurant,52.5707981,23.8034552
post_office,52.5585846,23.7974215
shop_grocery,52.5580438,23.7952256
shop_grocery,52.5581009,23.7954609
station,52.1468987,29.1457573
restaurant,52.0527172,29.2537975
post_office,55.5397721,28.6304190
cafe,52.1154110,26.1138958
cafe,53.8975216,27.5459301
restaurant,53.8929471,27.4941960
station,52.3730658,30.4791939
shop_grocery,52.4552928,31.0208594
restaurant,55.4849620,28.7770051
cafe,55.4850691,28.7764469
cafe,55.4852125,28.7775954
cafe,55.4851458,28.7818620
cafe,55.4850653,28.7752991
bank,55.4904373,28.7808831
bank,53.8822328,27.5498296
shop_grocery,53.9218732,27.4969287
cafe,53.9221304,27.4965800
fap,53.6806927,23.8638668
shop_grocery,52.0991168,23.6912410
shop_grocery,52.0294398,23.8020115
cafe,53.9132066,27.5810608
shop_grocery,53.7205729,27.3148763
post_office,52.4000167,23.8228247
pool,54.2045947,28.4737654
shop_grocery,53.3003193,28.5690804
cafe,54.0584079,27.7338311
cafe,54.6911998,30.9908933
station,53.5319835,24.7426399
station,53.4706340,24.6631734
shop_grocery,54.0361569,27.7222503
shop_grocery,52.4568602,30.9586298
station,53.1339776,29.1722015
shop_grocery,53.9097058,27.4927217
shop_grocery,52.6268579,29.7507650
bank,53.6495914,23.8425967
bank,53.6536000,23.8481600
shop_grocery,53.7922690,29.0324919
restaurant,53.9219496,27.5665037
shop_grocery,53.9579497,27.6882362
shop_grocery,53.9495427,27.6945195
shop_grocery,53.9297715,27.6320702
shop_grocery,54.5432003,29.8497775
bank,55.1931591,30.2189618
cafe,54.0209652,26.4039476
shop_grocery,55.1520021,30.1272020
shop_grocery,55.1729126,30.2081901
cafe,54.8805095,28.7284283
cafe,53.9211652,27.6135572
cafe,53.9187592,27.3011137
bank,53.6418416,23.8442711
shop_grocery,53.8452534,27.4573532
cafe,52.0941192,23.7327597
cafe,53.9210768,27.5984715
restaurant,53.9049656,27.5483737
cafe,55.1948059,30.2051029
bank,52.0882616,23.7083294
post_office,53.7518583,28.0128247
cafe,53.8673968,27.6502137
shop_grocery,53.8670941,27.6503481
station,55.7148513,28.2147934
shop_grocery,53.9356006,27.6519750
shop_grocery,53.9386008,27.6536796
pool,52.1218099,26.1266028
shop_grocery,52.1171135,26.1107588
shop_grocery,52.1177774,26.1106480
shop_grocery,52.1177551,26.1198347
shop_grocery,52.1169281,26.1190117
shop_grocery,52.1163666,26.1181162
shop_grocery,52.1125850,26.1060778
shop_grocery,52.1127913,26.1049813
post_office,54.5112018,26.9279160
shop_grocery,54.1661870,27.6364732
shop_grocery,53.6965206,23.8342802
fap,53.8375652,27.5684484
shop_grocery,53.8425208,27.5717243
cafe,53.9108681,27.5856646
shop_grocery,54.0106022,27.2721195
shop_grocery,54.0110991,27.2702180
shop_grocery,53.9522803,30.2129642
cafe,52.4079886,30.9748856
fap,52.4079166,30.9750733
cafe,54.0611814,27.7352507
restaurant,54.0612300,27.7353184
restaurant,52.3452894,31.0294077
cafe,53.9201252,27.6149228
cafe,52.4313395,31.0000529
post_office,52.4294796,30.9978706
shop_grocery,53.4586695,26.4524347
shop_grocery,54.1983549,28.5451208
shop_grocery,53.0139383,29.7281522
bank,53.9120830,27.5799579
cafe,52.4449545,31.0193439
school,55.1963385,30.2051351
restaurant,53.6559451,23.7795440
post_office,55.2974434,30.3066911
station,52.0453167,23.7759751
shop_grocery,53.9242965,27.5912484
bank,53.5899813,24.2487014
bank,53.5910671,24.2518816
shop_grocery,53.5903972,24.2530704
cafe,53.9072147,27.5928828
bank,53.7129843,28.4168651
bank,53.7136558,28.4195635
shop_grocery,53.0829887,25.3237782
shop_grocery,53.7281699,28.4365903
shop_grocery,54.1936331,27.8340736
shop_grocery,54.1942552,27.8325816
restaurant,53.9015594,27.5536179
sports_centre,53.6709704,23.8009661
shop_grocery,54.8742540,28.7138648
cafe,53.8851814,27.6056790
shop_grocery,54.5942760,26.8762505
post_office,54.6916349,26.9244012
cafe,52.7852757,27.5225927
post_office,53.2918700,24.4047290
restaurant,53.2839431,24.4087448
restaurant,53.2924690,24.4044300
bank,53.2918510,24.4048400
shop_grocery,53.2853580,24.3954600
bank,53.9231803,27.5967368
shop_grocery,53.9220880,27.5976862
cafe,52.0763624,23.7473414
shop_grocery,52.0764080,23.7474913
bank,53.9150315,27.5743747
shop_grocery,53.9136427,27.5766653
shop_grocery,53.9156278,30.3728844
station,52.1819683,25.0522903
shop_grocery,52.1828646,25.0531640
school,52.1774055,25.0285263
restaurant,53.6561414,23.8022248
shop_grocery,53.9455231,27.6918233
shop_grocery,52.1902746,25.1647019
shop_grocery,52.1890826,25.1228390
shop_grocery,54.0386747,27.7813072
shop_grocery,52.0583350,25.1219719
shop_grocery,52.0594961,25.1441592
shop_grocery,52.0537897,25.2073198
shop_grocery,52.0838439,25.2462441
shop_grocery,52.1886399,25.0803267
cafe,53.9758057,27.3408530
shop_grocery,52.2280249,24.7868592
station,52.1895764,24.7815934
station,52.1843433,24.8545260
station,52.1767300,24.9567704
restaurant,52.0856977,23.7044243
fap,52.0919259,23.7047294
station,52.1680073,25.2329171
cafe,55.3494462,29.3022777
shop_grocery,55.3495950,29.3017931
cafe,53.9246363,27.5979071
shop_grocery,53.9264196,24.7929446
post_office,53.7654388,28.6741851
post_office,53.9265226,24.7901674
shop_grocery,53.9245320,24.7911750
shop_grocery,53.9246366,24.7917303
shop_grocery,52.3524475,31.1115410
shop_grocery,52.3257115,31.1896662
shop_grocery,52.2935672,31.0874372
bank,55.0210868,30.7959603
cafe,53.8953940,27.5544062
shop_grocery,53.8451255,27.5075593
shop_grocery,53.8467254,27.5082626
shop_grocery,53.8399560,27.5016124
shop_grocery,53.2183654,26.4045326
cafe,52.4559056,30.9928992
bank,52.4498647,30.9954732
shop_grocery,52.4553943,30.9933214
restaurant,53.0833790,25.2998513
restaurant,53.0815685,25.3247351
shop_grocery,53.0817884,25.3255010
post_office,53.0963681,25.3206264
cafe,53.0957787,25.3178536
shop_grocery,53.0963029,25.3149313
shop_grocery,55.1977597,30.2243773
shop_grocery,52.1116310,26.0987087
bank,52.1119917,26.1052194
bank,55.1678298,30.2103806
shop_grocery,55.2065853,30.2184849
post_office,54.1055487,28.3520504
shop_grocery,53.9342750,27.5656626
shop_grocery,53.9338188,27.5654162
shop_grocery,53.9340775,27.5656218
station,53.6077484,31.9241717
restaurant,52.4279488,31.0127511
shop_grocery,51.8986754,26.8616257
restaurant,51.8906889,26.8543488
shop_grocery,51.9030730,26.8749620
shop_grocery,51.9013676,26.8630505
shop_grocery,51.8923020,26.8582122
shop_grocery,51.8925180,26.8317099
shop_grocery,51.8858430,26.8369431
shop_grocery,53.7628809,28.3488956
bank,52.4677414,30.8050004
shop_grocery,52.4680399,30.8046214
shop_grocery,52.4628095,30.8099912
shop_grocery,51.8989997,26.8616659
shop_grocery,51.8877954,26.8486799
bank,54.0178410,31.7242200
shop_grocery,54.4060888,31.1233024
post_office,54.4055900,31.1233900
shop_grocery,51.9015280,26.8622865
bank,51.9018745,26.8617734
shop_grocery,53.4866870,26.7436855
fap,51.8970586,26.8602847
shop_grocery,51.8917047,26.8593833
station,54.7538268,29.3715794
bank,51.8917750,26.8563364
shop_grocery,51.8919808,26.8557036
fap,51.8533154,26.9412887
shop_grocery,51.8527720,26.9407711
shop_grocery,54.4268250,25.9054218
cafe,54.4237708,25.9407220
shop_grocery,53.6078387,31.9567839
shop_grocery,54.2623047,30.9633900
shop_grocery,53.9825615,27.8769167
post_office,51.8899073,26.8519389
shop_grocery,51.8928450,26.8583424
shop_grocery,51.9032499,26.8542333
cafe,55.1642385,30.1876639
shop_grocery,55.1641720,30.1873831
shop_grocery,53.0685255,30.0016349
bank,54.4254782,25.9381015
cafe,54.4364183,25.9727379
shop_grocery,53.5856565,31.9728421
post_office,54.4258724,25.9385071
restaurant,53.5022211,28.1706483
bank,53.9257542,27.5563656
shop_grocery,53.9253788,27.5613172
cafe,52.2145989,27.8640665
cafe,52.2052444,27.8655923
station,52.0946490,23.7102435
cafe,53.9270568,27.6816503
shop_grocery,53.6116649,31.9610717
shop_grocery,53.9116658,27.4893414
shop_grocery,53.9128795,27.4866888
shop_grocery,51.8895067,26.8447720
shop_grocery,52.1436645,25.0449617
shop_grocery,52.1172924,25.1161374
post_office,54.8427280,29.1971640
fap,53.8818127,25.2976722
fap,53.8930330,25.2952428
post_office,53.5040091,28.1653927
shop_grocery,53.4939903,28.1574416
shop_grocery,53.5105614,28.1442064
restaurant,53.5100485,28.1445353
restaurant,53.5126886,28.1469851
bank,53.5108620,28.1473705
bank,53.5147883,28.1461220
school,53.5096185,28.1493794
cafe,53.2600206,24.4169898
shop_grocery,53.2606752,24.4185766
shop_grocery,53.2604134,24.4297035
restaurant,54.8597266,29.1623124
cafe,53.9285184,27.6804355
fap,53.5190270,28.1532110
shop_grocery,53.9247975,27.5700205
station,54.6721067,29.8224413
station,54.7131514,29.7388617
station,54.7120177,29.6479436
station,54.7463537,29.5009115
station,54.6285969,30.1551591
station,54.6092414,30.2269211
station,54.5587689,30.2893308
station,54.5285782,30.3446943
station,54.5062523,30.4020127
school,52.4678111,30.8060537
shop_grocery,52.4629963,30.7968968
station,54.7130847,29.5906824
shop_grocery,52.6402870,29.7189006
sports_centre,53.9175049,27.5851713
shop_grocery,53.8637377,27.4658421
cafe,53.9161150,27.5980013
cafe,53.8874249,27.5414924
cafe,53.8864892,27.5346210
fap,52.2410295,26.8098727
shop_grocery,54.0126934,27.2644697
restaurant,54.0051851,27.2896125
restaurant,55.1435109,30.1674901
cafe,53.9250633,27.6611695
shop_grocery,53.9253377,27.6607078
sports_centre,52.0888471,23.6959703
fap,54.0099318,27.2633063
restaurant,53.9296437,30.2641819
shop_grocery,53.8983400,27.4522057
shop_grocery,53.8573864,27.4446903
shop_grocery,53.8649543,27.4358000
shop_grocery,53.8628551,27.4303211
shop_grocery,53.8612800,27.4296906
shop_grocery,53.8581714,27.4329314
shop_grocery,53.8473289,27.4465738
cafe,52.2437851,26.8008178
station,54.8341356,29.1407301
sports_centre,54.0053972,27.6818373
shop_grocery,53.9985771,27.6841386
restaurant,53.5971665,25.8251892
shop_grocery,54.1917406,27.8294102
shop_grocery,54.2010751,27.8488395
post_office,55.6179530,27.6297632
shop_grocery,52.6283903,29.7218700
fap,53.8255527,28.9881514
shop_grocery,53.8403420,28.9872206
shop_grocery,53.8329997,28.9924645
post_office,53.8341645,28.9943469
bank,53.9017820,27.5579268
post_office,54.8329855,26.7119807
post_office,53.7381206,31.7103103
post_office,53.7356453,31.7203983
restaurant,53.9905275,27.4829634
restaurant,53.9006531,27.5597775
shop_grocery,53.8695235,27.6291524
shop_grocery,53.8691968,27.6267399
shop_grocery,52.4302594,31.0065952
shop_grocery,52.0445210,29.2785971
post_office,55.3493328,29.3028026
restaurant,53.9045560,27.5397848
shop_grocery,52.0408248,29.2794264
cafe,53.8968586,27.5524059
shop_grocery,53.9072088,27.4806634
cafe,53.8929112,27.4514417
restaurant,53.9036645,27.4547513
bank,53.2207524,26.4013998
shop_grocery,53.2263019,26.3946526
shop_grocery,53.9115992,27.5136397
bank,53.9471644,27.6913726
restaurant,53.9115670,27.5614742
bank,53.2587331,24.4275913
shop_grocery,52.9048157,30.0458505
shop_grocery,52.9021178,30.0398576
bank,52.9019583,30.0399631
shop_grocery,52.9049353,30.0395667
bank,51.7840808,30.2723481
restaurant,51.7821929,30.2727644
shop_grocery,55.1896015,30.2105931
restaurant,53.9300750,27.6112552
shop_grocery,53.9299044,27.6115143
cafe,53.7288461,28.4364009
bank,52.4069925,30.9588383
shop_grocery,53.8007312,27.2374636
post_office,53.0781969,30.0520731
cafe,53.7409911,27.3187256
bank,53.9445723,27.6901626
restaurant,53.9478841,27.6978968
sports_centre,53.9467876,27.6972043
shop_grocery,53.9033306,25.2568497
shop_grocery,53.8924332,27.5084173
cafe,53.8780367,27.6059643
shop_grocery,53.8790220,27.6056723
cafe,53.8790852,27.6057038
bank,53.8895110,27.5429422
bank,53.8753547,27.6237516
post_office,53.6636950,28.0822440
post_office,53.7559905,28.1531271
cafe,52.1272785,29.3342921
restaurant,55.0465561,29.4558923
post_office,53.7665278,27.9924644
shop_grocery,53.9411106,27.6324370
cafe,54.0226708,28.2681363
cafe,54.0123704,28.1839652
shop_grocery,52.5689723,24.4684011
shop_grocery,52.5688555,24.4706580
shop_grocery,52.5612321,24.4681184
shop_grocery,52.5638864,24.4620037
restaurant,52.5588608,24.4558427
shop_grocery,52.5573643,24.4566794
shop_grocery,52.5589521,24.4558695
shop_grocery,52.5562975,24.4551841
shop_grocery,52.5589501,24.4712513
shop_grocery,51.8860663,26.8443903
shop_grocery,51.8860000,26.8438271
shop_grocery,51.8859471,26.8438861
shop_grocery,51.8997986,26.8568794
shop_grocery,51.8908936,26.8489185
shop_grocery,51.8986392,26.8556778
shop_grocery,51.8859150,26.8429236
post_office,53.5111096,28.1455376
shop_grocery,53.9476683,27.4288286
cafe,53.9475995,27.4289198
cafe,52.5747584,29.3640354
shop_grocery,53.9364386,30.3624123
cafe,54.5364802,30.1805474
shop_grocery,54.0624790,27.5566241
sports_centre,53.8827565,27.4337972
shop_grocery,53.9288582,27.4748023
shop_grocery,53.9271508,27.4737618
post_office,53.8346461,28.3396197
post_office,53.8307067,28.2364759
shop_grocery,53.8338399,28.3401605
post_office,53.8820863,28.6034913
shop_grocery,53.8820498,28.6751446
post_office,53.8867476,28.3752949
post_office,53.8474655,28.6701221
post_office,53.6165082,28.7595662
post_office,53.6437187,28.6260090
post_office,53.6147460,28.7005852
post_office,53.7041081,28.7417332
cafe,53.9258293,27.5928855
station,54.3756783,30.2896024
shop_grocery,53.8931592,25.2778334
shop_grocery,53.8905379,25.2784649
shop_grocery,53.6634512,27.0844119
shop_grocery,53.9364025,27.5655583
bank,52.4252610,31.0093693
station,55.3051030,28.2958936
station,54.9300447,30.1899484
fap,53.9469882,27.4242671
shop_grocery,53.9460068,27.4272976
shop_grocery,52.1212529,23.7701075
cafe,52.0898704,23.6826234
shop_grocery,53.8240480,28.9879373
shop_grocery,53.8331427,28.9837740
shop_grocery,53.8356989,28.9939331
shop_grocery,53.8338027,28.9938848
station,52.1004334,23.6804112
cafe,55.2005868,30.2076713
sports_centre,53.9017773,27.5430510
sports_centre,53.9017590,27.5433663
sports_centre,55.1708471,30.2034892
post_office,53.8969505,25.2679341
bank,53.8968021,25.2680358
shop_grocery,53.8896190,25.2743073
shop_grocery,53.8964855,25.2680332
station,53.9415629,24.2204417
station,53.9155910,24.1769755
station,53.9281885,24.1980169
station,53.5996195,23.7598926
bank,55.1615655,30.2198872
cafe,55.1614738,30.2189653
restaurant,52.7849155,27.5246448
station,52.7814347,29.9016051
fap,53.8966834,25.2762974
shop_grocery,53.9074039,27.4779180
bank,53.9076270,27.4761419
bank,52.4402248,30.9999258
shop_grocery,52.6257742,29.7307343
shop_grocery,53.8887898,27.5019611
shop_grocery,53.8975744,27.4900245
fap,53.2024841,26.6419392
shop_grocery,53.2024269,26.6422749
shop_grocery,53.9671848,27.0557249
shop_grocery,52.1135678,26.0671591
shop_grocery,52.1094884,26.0550489
restaurant,55.5176759,28.6876244
restaurant,55.5227206,28.6828119
bank,52.9011466,30.0443774
restaurant,55.5259023,28.6680897
bank,55.1991804,30.2051101
cafe,52.4346275,31.0094027
bank,52.1125015,26.1059025
restaurant,54.4891711,26.9133095
shop_grocery,54.4864699,26.9152363
shop_grocery,54.4949738,26.9177583
shop_grocery,54.4998249,26.9179075
restaurant,54.4918474,26.9166071
shop_grocery,54.2083912,30.2890494
shop_grocery,54.2194788,30.2787553
shop_grocery,53.6932219,23.8319457
cafe,53.6928777,23.8284549
cafe,53.6933682,23.8237162
shop_grocery,55.1938664,30.2322893
cafe,55.1900425,30.2505997
cafe,55.1692038,30.2263399
cafe,55.1608015,30.2119790
bank,55.1608930,30.2094569
post_office,55.1679894,30.2120861
shop_grocery,54.4921742,26.9154730
shop_grocery,54.4984656,26.9227103
shop_grocery,54.4888751,26.9129565
shop_grocery,54.4871450,26.9149406
shop_grocery,54.4882167,26.8927133
bank,54.4989845,26.9226764
bank,54.4806862,26.8939114
shop_grocery,52.4655972,30.9695874
shop_grocery,52.1812942,29.8659559
post_office,53.9126405,27.3077528
shop_grocery,53.9092171,25.2860454
shop_grocery,55.1693033,30.1272994
bank,54.4899633,26.8238025
bank,54.5728130,27.2784201
bank,54.4161154,27.2935913
bank,54.4230952,27.1604134
station,53.3901690,28.3091855
ice_rink,52.4603901,31.0217030
shop_grocery,53.9067558,27.4920307
shop_grocery,54.1019341,28.3469774
shop_grocery,54.1025512,28.3423926
shop_grocery,55.1935109,30.2240248
pool,55.1763867,30.1767422
bank,53.9404708,27.5969649
fap,52.4067611,30.7587518
shop_grocery,52.3948300,30.7921600
shop_grocery,53.8680927,27.5974358
bank,53.8718212,27.5915313
cafe,53.8725763,27.5910975
bank,53.8637769,27.6039775
shop_grocery,53.8751642,27.5978545
pool,53.9115241,27.4750790
shop_grocery,54.4990688,26.9226239
bank,53.9018771,27.4345042
restaurant,53.1619414,24.4674006
shop_grocery,54.4936137,26.9103634
shop_grocery,54.4871393,26.9129598
shop_grocery,54.4783478,26.8909757
station,52.3889693,31.2189683
restaurant,52.4206840,31.3191248
shop_grocery,52.4206840,31.3191248
bank,53.9009435,27.4274476
shop_grocery,54.4807497,26.3986097
sports_centre,53.1421270,29.2472360
cafe,53.9166893,27.4712154
shop_grocery,54.4781939,26.8916397
sports_centre,53.8982786,25.2614325
bank,53.7806366,27.6003904
post_office,53.7817005,27.5962229
bank,55.1729320,30.1515010
bank,55.1735457,30.1496944
shop_grocery,55.1729031,30.1518296
cafe,55.2017134,30.2634673
shop_grocery,53.8992089,25.2608388
shop_grocery,53.2068993,26.6618347
restaurant,54.2862584,30.9897234
shop_grocery,54.2861456,30.9899100
shop_grocery,53.9499761,27.6106521
shop_grocery,53.7896947,27.5259514
bank,53.9587286,27.6049585
post_office,53.9586723,27.6054448
cafe,53.7837249,27.5943673
shop_grocery,53.9280556,27.6292536
school,53.9506018,27.6861801
post_office,53.0808121,25.3249874
bank,53.0802588,25.3253065
bank,53.0816697,25.3262540
cafe,54.4909354,30.3801251
shop_grocery,53.8632881,27.5677795
bank,52.8545098,27.4710487
bank,52.8034468,27.7614360
bank,52.7933071,27.5335131
bank,52.7881408,27.5234556
bank,52.7821169,27.5403436
bank,52.8594311,27.5924784
shop_grocery,53.5164246,28.1301721
shop_grocery,53.5152172,28.1317066
post_office,52.1400435,23.6099839
bank,52.1400897,23.6099732
shop_grocery,53.9269300,27.5953670
bank,54.5082849,30.4268187
shop_grocery,53.1427562,24.4247727
shop_grocery,53.1557427,24.4482961
shop_grocery,53.1575424,24.4512464
shop_grocery,53.1546811,24.4471294
shop_grocery,55.1819281,30.2058452
cafe,55.1818568,30.2062365
shop_grocery,53.1634469,24.4521907
shop_grocery,53.0661347,25.3136018
restaurant,53.8990583,27.5566587
shop_grocery,53.7895323,27.5858377
shop_grocery,53.8898062,27.5864414
bank,53.9055753,27.5611138
shop_grocery,53.0851760,25.3199095
shop_grocery,54.3140312,26.8424822
shop_grocery,53.8806737,25.2907803
shop_grocery,53.4834561,29.3362767
shop_grocery,53.4835407,29.3361429
shop_grocery,53.4833656,29.3359006
shop_grocery,53.4834960,29.3357996
cafe,53.4931095,29.3370004
cafe,53.4914274,29.3397973
station,53.5323853,28.1182852
shop_grocery,53.4880982,29.3426288
restaurant,53.4881109,29.3430794
shop_grocery,53.4886246,29.3421158
shop_grocery,53.8908053,25.3026117
shop_grocery,53.8905859,25.2996273
bank,53.8931707,25.2983403
shop_grocery,53.8798271,27.6018438
post_office,54.6550758,29.1432548
bank,55.4851415,28.7670908
bank,53.8692018,27.5670630
shop_grocery,53.8677167,27.5660043
shop_grocery,52.8453676,27.6219983
bank,52.0779574,29.1995666
post_office,52.0755053,29.2009346
shop_grocery,53.8900528,27.5571789
shop_grocery,53.8911934,27.5587483
cafe,53.9141238,27.5995189
shop_grocery,53.0968662,25.3192823
restaurant,53.8934136,27.5527599
shop_grocery,55.5346251,26.8226472
bank,55.5365517,26.8240919
shop_grocery,53.8976776,27.5564532
shop_grocery,53.9182670,27.6004001
shop_grocery,53.0824080,25.3087591
shop_grocery,53.0821168,25.3089246
shop_grocery,53.0923096,25.3174691
shop_grocery,55.1627778,30.2198190
fap,53.7839045,27.6359083
shop_grocery,53.7825194,27.6368312
shop_grocery,53.7795629,27.5984767
shop_grocery,53.9370207,30.3543442
bank,52.4156830,31.0029769
shop_grocery,53.0844854,25.3172446
bank,55.1959376,30.2304511
shop_grocery,53.0848630,25.3002272
shop_grocery,53.9382886,27.6852993
bank,53.0850327,25.3007431
post_office,53.0851151,25.3009506
station,53.4006887,28.9919278
bank,55.1667637,30.1319486
shop_grocery,51.7806838,30.2754257
sports_centre,55.1764574,30.2003561
station,53.8481755,30.5340971
cafe,55.4044106,30.7170464
bank,53.7185209,25.5007278
post_office,53.7185527,25.5006846
post_office,53.6509446,23.8367267
post_office,53.6797403,28.5642067
shop_grocery,52.8711887,24.8737788
shop_grocery,52.3247309,23.7758288
cafe,55.1929878,30.2047685
cafe,53.6845544,23.8431991
shop_grocery,53.5966111,27.8615093
fap,53.9128719,27.5690319
shop_grocery,52.7904995,27.5445481
shop_grocery,54.4567001,27.6579040
shop_grocery,54.4769820,27.6581199
fap,52.1098986,23.6855619
station,53.6577076,27.7658796
shop_grocery,52.2298964,27.8628814
shop_grocery,52.2305716,27.8617763
shop_grocery,52.7843119,27.5114699
shop_grocery,52.7792816,27.5441291
restaurant,53.9231713,27.6071235
restaurant,55.5475214,28.6207613
station,54.1834399,30.2913451
station,54.3427915,30.2778268
restaurant,53.9875596,29.7174351
shop_grocery,53.9886451,29.7176504
cafe,53.9870389,29.7174316
shop_grocery,53.9897866,29.7117606
shop_grocery,53.9916551,29.7112911
shop_grocery,53.9910553,29.7106127
shop_grocery,53.9923283,29.7121694
cafe,53.9922271,29.7120390
restaurant,53.8897616,28.0314428
post_office,53.8896700,28.0350807
shop_grocery,53.4104051,24.5392607
shop_grocery,51.8919223,24.1422008
shop_grocery,52.5502387,25.0641055
shop_grocery,52.5488340,25.0604755
shop_grocery,53.0867659,25.3628221
bank,52.4341519,31.0084119
shop_grocery,52.6228227,29.7204049
shop_grocery,52.6326174,29.7515499
cafe,53.9170933,27.4810441
restaurant,52.1942251,24.0179028
post_office,52.1934627,24.0215069
shop_grocery,52.1908610,24.0339008
shop_grocery,52.2009444,24.0183639
shop_grocery,52.1949264,24.0157187
shop_grocery,52.1963049,24.0135000
shop_grocery,53.0901853,25.3195445
cafe,52.1942897,24.0175565
shop_grocery,53.0930622,25.3171040
shop_grocery,53.0930676,25.3171894
cafe,53.0935978,25.3194426
sports_centre,52.0824599,23.7436436
shop_grocery,53.9084917,27.4738199
cafe,55.0251289,26.9402559
shop_grocery,55.1757668,30.2138113
shop_grocery,55.1751788,30.2135881
shop_grocery,55.1971865,30.1894923
restaurant,52.7083900,25.3372593
bank,52.9033033,30.0534357
bank,52.6332425,29.7441228
shop_grocery,52.6238050,29.7206383
post_office,52.6240003,29.7208233
cafe,53.4068934,24.5346657
bank,53.8993903,27.5060230
shop_grocery,53.9031978,27.5045938
shop_grocery,53.9014052,27.5058385
bank,53.9110199,27.5404233
bank,53.6464630,23.8666610
shop_grocery,53.6464853,23.8664352
shop_grocery,53.6854014,23.8569616
bank,53.8394515,27.6318703
restaurant,53.0704616,25.3111367
bank,53.0700733,25.3111344
post_office,53.0703146,25.3111506
post_office,55.1588702,30.2241437
bank,53.7118498,23.8531926
post_office,53.7122951,23.8522629
fap,52.1037892,23.8137067
fap,52.1060978,23.8161219
fap,52.1066046,23.8128141
fap,52.1051388,23.8136500
fap,52.1056687,23.8154293
fap,52.1054978,23.8115519
fap,52.1061749,23.8147483
fap,52.8669132,24.6776229
shop_grocery,52.8654621,24.6763217
post_office,52.1682372,24.1535247
cafe,55.2092345,30.1691726
bank,53.9350125,27.5820767
shop_grocery,53.9007102,27.4277007
shop_grocery,53.9058571,27.4461340
shop_grocery,53.7048137,23.8068864
shop_grocery,53.7015567,23.8066948
station,53.6416215,27.7899575
shop_grocery,52.1584487,23.7677568
shop_grocery,53.9202500,30.3127144
shop_grocery,53.1481741,29.2325622
shop_grocery,53.1477886,29.2306353
bank,52.3997040,30.9127433
post_office,52.3973138,30.9085000
fap,53.7781032,27.5931391
sports_centre,53.9076288,27.6213598
pool,53.9077875,27.6213787
shop_grocery,53.7836931,27.5938680
bank,53.8915336,27.5210225
shop_grocery,53.6121167,27.8052221
shop_grocery,52.0705569,29.2043557
post_office,52.1896043,24.1313209
bank,52.1895295,24.1313372
shop_grocery,52.4568165,30.9587411
station,52.4424337,30.9760743
bank,54.3113596,26.8953409
bank,54.3176447,26.8706082
cafe,52.7849191,27.5426206
shop_grocery,54.5118143,30.4048879
restaurant,52.7928359,27.5395766
post_office,52.7930207,27.5443395
cafe,52.7931764,27.5443262
shop_grocery,55.4291250,28.5867449
shop_grocery,53.8970285,27.4916986
shop_grocery,53.0649439,25.3407364
shop_grocery,53.8403866,27.6436186
shop_grocery,53.8393772,27.6410817
cafe,52.1177809,23.6877903
shop_grocery,53.8368991,27.6219777
sports_centre,53.9054656,27.4971571
shop_grocery,52.4078510,31.1422124
bank,55.1785947,30.2232548
bank,52.4295926,30.9489351
sports_centre,52.4292328,30.9496852
shop_grocery,52.4361128,30.9579883
shop_grocery,52.4291166,30.9500099
shop_grocery,52.4324529,30.9515333
cafe,54.4242991,27.8339097
bank,54.4259630,27.8307801
shop_grocery,54.4265340,27.8323491
shop_grocery,54.4234963,27.8491083
shop_grocery,54.4140314,27.8136015
shop_grocery,54.4237262,27.8176220
post_office,52.7626775,26.4263516
school,52.7569771,26.4305894
cafe,52.7593468,26.4323764
shop_grocery,52.7580887,26.4239138
restaurant,52.7610175,26.4249087
bank,52.7568797,26.4195936
shop_grocery,52.7553090,26.4227829
bank,52.7624845,26.4252396
shop_grocery,52.7620462,26.4555752
cafe,52.7568594,26.4234825
cafe,52.7619716,26.4303467
shop_grocery,53.1435127,24.4808226
bank,52.0974032,23.6906972
bank,52.1493969,23.7510147
post_office,52.1494404,23.7505297
shop_grocery,52.1491526,23.7540719
fap,52.1498815,23.7529544
station,55.1233303,26.8575985
shop_grocery,55.1188265,26.8126545
shop_grocery,55.1184415,26.8127451
shop_grocery,55.1196578,26.8141404
shop_grocery,54.0008405,27.5681000
bank,52.1298672,29.3388840
bank,52.1277478,29.3369342
shop_grocery,55.1664628,30.1272293
shop_grocery,52.4488784,30.9562887
post_office,53.8409578,27.3860398
cafe,53.9038488,27.5399912
shop_grocery,53.9025003,27.5388600
shop_grocery,53.9010651,27.5424715
cafe,53.9057987,27.5316904
restaurant,53.9020030,27.5424899
bank,53.9002991,27.5423164
shop_grocery,54.0096165,27.8770886
cafe,53.8950137,27.5437305
restaurant,53.8968966,27.5432315
post_office,53.8877920,27.5382120
bank,53.8889222,27.5385647
bank,53.8980284,27.5422825
bank,53.9017020,27.5476986
shop_grocery,53.8975064,27.5428365
shop_grocery,53.9030010,27.5495762
shop_grocery,52.3994560,30.9235905
bank,53.9056019,27.5395529
shop_grocery,53.9105250,27.5473130
bank,53.6723003,23.7958007
bank,52.1018275,23.7723039
station,54.1492116,27.0996366
water_park,52.9098208,30.0495102
bank,53.6619337,23.7814818
shop_grocery,52.7636737,26.4271450
shop_grocery,52.7647855,26.4242803
shop_grocery,52.9124653,30.0443642
shop_grocery,52.7851821,27.5258919
bank,52.0912960,23.6951890
post_office,52.0914033,23.6951366
bank,52.0916050,23.6944006
shop_grocery,53.6548383,23.7797421
cafe,53.1172931,24.0045072
shop_grocery,54.4819448,26.3948854
bank,53.6557099,23.8465315
shop_grocery,53.6720730,23.8630403
shop_grocery,55.0345315,30.7800598
bank,53.8394869,27.6188355
shop_grocery,53.8394742,27.6195973
shop_grocery,54.0023592,27.6824071
restaurant,53.7116167,23.8394951
shop_grocery,52.0967353,23.6869408
shop_grocery,52.5992631,30.8252011
post_office,53.6717023,23.8197537
shop_grocery,52.4790049,31.0274073
sports_centre,53.6720420,23.8159161
shop_grocery,53.7133958,23.8500982
shop_grocery,53.7054897,23.8411749
shop_grocery,53.6951243,23.8536982
bank,53.6865901,23.8454877
post_office,53.6709791,23.8073782
shop_grocery,53.6706742,23.8185734
bank,53.6870922,23.8360638
cafe,53.8076134,27.7312955
sports_centre,53.9284153,27.6180667
bank,53.6714249,23.8096477
cafe,52.7387529,27.4503635
cafe,53.8455383,27.7065770
shop_grocery,53.8435251,27.7058138
cafe,53.8422046,27.7002645
restaurant,53.8546449,27.6897855
shop_grocery,55.5110545,28.6972473
shop_grocery,53.9095170,27.4953791
shop_grocery,53.8651843,27.6122171
shop_grocery,53.8641028,27.6091210
cafe,54.3057325,28.9871028
bank,53.8457307,27.6434193
post_office,52.8656826,24.6770915
shop_grocery,53.8430670,27.6488253
bank,53.8387106,27.6501892
shop_grocery,53.9494800,27.8389810
shop_grocery,53.8409012,28.9897537
shop_grocery,53.8431849,28.9966238
shop_grocery,53.3922064,24.5383496
post_office,53.3923376,24.5382909
shop_grocery,53.4345544,24.5400185
post_office,53.4141141,24.5438431
cafe,53.9453239,27.6218100
shop_grocery,53.9547531,27.6283273
bank,52.1922327,23.9829579
bank,53.9004959,27.4465469
cafe,54.8391838,28.6713404
shop_grocery,53.4118470,24.5422657
cafe,52.7818071,27.5167529
shop_grocery,53.4000301,24.9562156
station,54.1869202,28.4698638
station,54.0096559,28.0089971
station,54.1375731,28.3986619
bank,53.7110159,23.8504234
station,52.4782055,31.0320076
station,52.4522238,31.0786124
station,53.0690451,29.4053749
station,52.2743418,31.0813791
station,52.2871831,31.0781001
bank,53.6744086,23.8404821
shop_grocery,55.1850189,30.1902610
cafe,54.6880722,30.8727998
cafe,54.4785322,29.8147271
cafe,54.6724920,30.7222926
post_office,53.9834950,27.8322856
restaurant,53.5987467,23.7389047
bank,54.0038588,27.2903295
shop_grocery,52.5438435,30.5446095
shop_grocery,52.5428927,30.5365955
shop_grocery,54.0024742,27.5698376
post_office,54.0024374,27.5698386
shop_grocery,55.2038945,30.2143145
bank,54.0021705,27.5696859
cafe,53.8941636,25.3042121
shop_grocery,53.5112573,24.9806119
shop_grocery,54.0471925,27.8744144
cafe,52.0307147,29.2406387
shop_grocery,53.0791995,30.1985485
post_office,53.0794065,30.1986785
restaurant,52.0527080,29.2448318
shop_grocery,52.1567301,29.4931893
shop_grocery,52.1264914,29.3355640
bank,53.2142484,28.2285841
shop_grocery,53.2149457,28.2287895
shop_grocery,54.9007252,26.4021917
shop_grocery,52.2457703,27.0838191
shop_grocery,53.5175915,29.8225496
shop_grocery,53.8162190,28.4996405
post_office,53.8160429,28.4999699
cafe,52.5534038,24.4774080
cafe,51.9861981,29.1232688
bank,52.0339524,29.2600032
shop_grocery,53.9398690,27.6051600
shop_grocery,53.5707197,27.9612893
station,53.6661537,24.9547275
shop_grocery,53.0783416,25.3262219
shop_grocery,53.9241877,27.5813093
station,53.3884090,26.6025263
shop_grocery,53.3600303,24.8735773
shop_grocery,53.3599363,24.8729289
shop_grocery,52.4687130,31.0227865
fap,53.7967350,27.7972234
shop_grocery,53.7971935,27.7965948
post_office,53.7982495,27.8013969
shop_grocery,53.7975018,27.7975667
bank,53.7971976,27.7979315
shop_grocery,53.7967781,27.7978178
shop_grocery,53.7990131,27.7995165
shop_grocery,53.7965385,27.7968157
shop_grocery,53.7985853,27.8027810
shop_grocery,53.7970360,27.7971718
shop_grocery,53.6901942,23.8675367
shop_grocery,52.1507220,23.7522536
shop_grocery,52.1507286,23.7521356
shop_grocery,52.1596663,23.9418727
cafe,55.1895773,30.1962194
restaurant,53.7333712,23.7879064
restaurant,52.5141943,29.5403646
shop_grocery,53.9406582,27.7420691
shop_grocery,53.8754349,27.9031002
bank,53.1295880,30.8028079
bank,53.1302077,30.8020247
shop_grocery,53.9555229,27.5367908
restaurant,53.8754513,27.9026595
shop_grocery,52.1309917,23.7086910
shop_grocery,53.0794303,25.3101793
cafe,52.1121288,26.1055446
shop_grocery,52.1121633,26.0845087
shop_grocery,53.9593022,27.5375650
shop_grocery,55.2082115,30.2213455
post_office,53.1312651,30.8007677
shop_grocery,53.1304401,30.8024336
shop_grocery,53.1397290,30.7765161
shop_grocery,53.1372269,30.7844164
shop_grocery,55.1674027,30.2066662
post_office,52.5610479,24.4605949
post_office,53.6620902,23.7821030
restaurant,53.8681258,27.5997498
shop_grocery,53.6205223,27.8979904
post_office,53.6226594,27.8938214
shop_grocery,53.6200789,27.8946271
bank,53.6227196,27.8939281
shop_grocery,53.6208218,27.9007984
post_office,54.0105122,27.8839303
shop_grocery,54.0097705,27.8782278
shop_grocery,52.1343141,26.0967353
shop_grocery,53.8943916,27.4490269
shop_grocery,54.0394356,27.5847813
shop_grocery,52.3261148,23.7836618
cafe,52.2211599,23.7389173
cafe,55.1936610,30.2126756
shop_grocery,53.8996002,25.3179191
cafe,54.2212837,26.6155965
shop_grocery,54.2211258,26.6136848
shop_grocery,53.9333356,27.7175686
bank,53.8989459,27.6063349
shop_grocery,52.4011602,30.9125884
shop_grocery,55.2147370,30.2323846
shop_grocery,53.6738121,23.7301647
shop_grocery,53.6588645,23.8354925
shop_grocery,53.6613390,23.8450374
shop_grocery,53.6774788,23.8307176
shop_grocery,53.0926622,25.3473931
fap,55.1933439,30.2432229
shop_grocery,53.0999207,25.3335543
sports_centre,53.6577176,23.8418963
cafe,53.6726751,23.8161505
shop_grocery,53.1075924,25.3373469
shop_grocery,53.8865214,27.4167816
post_office,55.1899100,30.2111947
bank,55.1776328,30.2270895
shop_grocery,53.0943233,25.3756305
shop_grocery,53.0913976,25.3922874
shop_grocery,52.4735770,31.0286606
bank,52.4761908,31.0227496
shop_grocery,52.4801673,31.0224921
shop_grocery,52.4688276,31.0268991
shop_grocery,55.1781829,30.1762739
shop_grocery,52.4683079,31.0247881
shop_grocery,52.4381450,31.0039516
cafe,52.4349538,31.0077141
bank,52.4689004,31.0247867
shop_grocery,52.4175508,31.0020601
cafe,52.4160973,31.0024099
shop_grocery,52.4164731,31.0011775
cafe,52.4168376,30.9643671
shop_grocery,52.4180966,30.9734105
cafe,52.4054295,30.9336714
shop_grocery,52.1567660,25.5598406
shop_grocery,53.9383550,27.4790286
restaurant,53.9382069,27.4791714
shop_grocery,52.8396581,29.3843084
restaurant,54.2427195,29.7959798
shop_grocery,53.8466116,27.5598115
shop_grocery,52.4539475,31.0236157
cafe,52.4287102,31.0121826
shop_grocery,52.4589800,31.0244607
shop_grocery,52.4266535,31.0135130
restaurant,52.4329149,31.0093069
cafe,52.4336179,31.0087744
cafe,52.4276645,31.0129503
post_office,52.4271287,31.0132869
shop_grocery,52.4746462,31.0247714
shop_grocery,52.4760741,31.0242940
shop_grocery,52.4757508,31.0237592
shop_grocery,53.9212794,27.5960673
shop_grocery,55.1692351,30.2571992
post_office,53.6627554,23.8393277
shop_grocery,52.0350048,29.2144153
shop_grocery,52.1542837,24.0463412
shop_grocery,52.0685158,23.6408722
fap,54.0408182,27.3010147
post_office,54.0407996,27.3005509
shop_grocery,54.0406844,27.3050348
bank,53.9082238,27.6260673
post_office,55.1825362,30.2027561
post_office,55.1434338,27.2076019
restaurant,55.1724195,30.2011548
shop_grocery,55.1627155,30.2202821
station,54.0504585,27.2236581
bank,55.1971593,30.2053320
station,52.1789237,31.1131659
shop_grocery,52.4194543,31.0028219
shop_grocery,53.7701610,23.6580488
shop_grocery,53.9499876,27.8006002
shop_grocery,53.9507357,27.8039429
shop_grocery,52.5366618,30.9101188
bank,53.9078576,27.5907908
post_office,52.5338603,30.9138452
bank,52.5346923,30.9156930
cafe,55.1606130,30.2167269
cafe,53.9040127,27.5654100
sports_centre,55.1821592,30.2157088
shop_grocery,53.9290845,27.6042498
cafe,53.6745615,23.8634339
shop_grocery,52.4222562,31.0057126
shop_grocery,52.4089553,30.9323970
shop_grocery,53.8799079,27.4891358
shop_grocery,53.9184334,30.3081679
station,54.1073027,27.1411847
shop_grocery,53.8480237,27.6384430
cafe,53.8938169,27.5187222
shop_grocery,53.1891755,29.3553940
cafe,52.0950689,23.6911195
bank,53.8992803,25.3106949
post_office,53.8991757,25.3107986
post_office,53.8819428,25.2948399
shop_grocery,54.4305153,27.7442074
school,54.4286200,27.7433711
shop_grocery,54.0216467,28.0660003
shop_grocery,54.8993532,27.7798404
fap,54.8998871,27.7824724
fap,54.9001226,27.7811125
fap,54.8998418,27.7811640
fap,54.9002543,27.7816755
shop_grocery,53.5141787,28.1545502
restaurant,52.2436127,26.8041482
shop_grocery,55.6222400,27.6466312
bank,54.0729641,27.2174777
post_office,54.0729637,27.2174211
shop_grocery,53.4774050,25.4125447
cafe,53.4643916,25.4069553
shop_grocery,53.6037722,25.3805699
shop_grocery,53.5809786,25.3730307
bank,53.8901505,27.5274735
sports_centre,53.8692740,27.6595880
shop_grocery,53.5355267,24.7359273
shop_grocery,53.8690986,25.2475633
school,53.9327616,27.6086701
shop_grocery,53.8783898,27.4834585
shop_grocery,53.0805272,25.3880002
shop_grocery,52.7942310,27.5163478
shop_grocery,52.7831899,27.5165515
shop_grocery,52.8055223,27.5438956
shop_grocery,53.5327860,28.1207039
shop_grocery,52.7926889,27.5434033
bank,53.8795940,27.4846170
cafe,53.6757069,23.8507991
cafe,53.1493526,24.8156972
restaurant,53.1495731,24.8179572
shop_grocery,53.1494202,24.8179569
bank,53.1472630,24.8191118
shop_grocery,52.6272826,29.7288782
shop_grocery,53.8683748,27.6613883
shop_grocery,54.0694809,27.2120270
shop_grocery,54.0063643,27.7089277
post_office,54.5152453,30.4314954
shop_grocery,53.6486828,23.8254891
shop_grocery,52.7910904,27.5210524
shop_grocery,53.8945434,27.4992335
station,53.1909743,28.9989766
cafe,52.7844337,27.5203043
cafe,52.7854818,27.5238237
shop_grocery,53.9865139,27.8357117
bank,52.1324956,26.0965453
shop_grocery,52.1230967,29.3346567
cafe,53.8431623,27.5706242
station,53.8211869,25.2125797
shop_grocery,54.1342892,28.0681659
shop_grocery,54.1948974,28.0641693
post_office,54.2869125,28.0288049
shop_grocery,53.9001185,25.2562166
shop_grocery,52.9917470,27.6711339
station,54.5025678,26.9297245
station,55.0964707,27.8569155
station,54.4817838,26.8860949
station,55.0764834,27.8294196
station,54.2153422,27.0950685
station,54.1247602,27.1116500
station,54.3429326,26.7066418
station,54.3208418,26.7723588
station,54.4753285,26.3714609
station,55.1378445,27.4215940
station,55.1329992,27.6713543
station,55.2057529,27.1951481
station,55.1391314,27.3205918
station,55.1351941,27.0291476
station,55.1339261,27.2650435
bank,53.8745316,27.4992983
bank,53.8836773,27.4989024
cafe,53.2166977,29.0371556
shop_grocery,53.2168626,29.0365737
shop_grocery,54.0972693,28.2964617
shop_grocery,55.1586012,30.2123511
shop_grocery,53.8815835,27.4983104
bank,54.0965024,28.3015624
cafe,52.7922164,27.5400741
shop_grocery,53.5274406,28.2506690
post_office,53.5263158,28.2442421
shop_grocery,53.5273070,28.2499180
shop_grocery,53.5111865,28.1429593
shop_grocery,55.1853685,30.1930761
shop_grocery,55.1730563,30.1610534
station,55.2545026,29.8057003
shop_grocery,52.5691945,24.4639923
shop_grocery,53.8722089,27.5093871
sports_centre,55.1896375,30.2183344
shop_grocery,52.0750071,23.7179963
shop_grocery,54.8830763,26.9399227
shop_grocery,53.8219426,27.5244080
bank,53.8186111,27.5172995
shop_grocery,53.8225417,27.5186499
bank,53.8225797,27.5186632
post_office,53.8222352,27.5186982
shop_grocery,53.2446311,26.5110834
shop_grocery,53.2200802,26.6792049
shop_grocery,53.3109709,26.5531962
post_office,54.2309081,28.4817858
sports_centre,55.1886007,30.2049128
shop_grocery,55.1708397,30.2340720
shop_grocery,54.8151972,29.7020817
cafe,54.8149734,29.7022495
station,52.1801602,23.5951656
cafe,55.2641006,29.7513447
shop_grocery,55.1929652,30.1411841
cafe,52.2311235,24.3792440
cafe,53.8712899,27.6601918
shop_grocery,53.3469428,27.2500975
shop_grocery,54.1646644,27.3689017
bank,55.1939140,30.1909888
shop_grocery,55.1942101,30.1885310
bank,53.9042035,27.5886546
shop_grocery,53.9048275,27.5863245
cafe,53.9192304,27.5353553
cafe,53.5959518,27.6847267
post_office,53.5959867,27.8597968
cafe,53.8983577,30.3323196
shop_grocery,53.9058873,30.3385607
bank,53.9100094,30.3435736
sports_centre,53.9386492,27.6011552
restaurant,53.9064259,29.4004288
station,52.4912109,30.9673535
shop_grocery,52.1943113,24.0176718
post_office,54.2449913,26.8358175
sports_centre,52.7883560,27.5424729
cafe,54.5170406,30.1457346
shop_grocery,54.5171095,30.1458353
shop_grocery,53.8411058,27.3932433
bank,53.9438954,27.6658634
shop_grocery,53.8780672,27.4825358
cafe,55.4837630,28.8292300
shop_grocery,55.2907743,29.6185264
post_office,53.0382472,26.2660928
shop_grocery,52.0310551,29.2410958
shop_grocery,53.8783463,25.2745710
shop_grocery,53.8731921,25.3187438
shop_grocery,54.3176354,26.8708628
shop_grocery,53.5535673,26.1523034
sports_centre,55.1988433,30.2093147
shop_grocery,53.1432086,24.4531671
bank,55.3495494,29.3067084
bank,52.4512643,30.9975183
shop_grocery,52.4511511,30.9966359
shop_grocery,52.4240249,30.9730697
bank,53.8847430,25.2959578
shop_grocery,53.8850127,25.2990522
fap,55.5325920,28.6457285
cafe,53.8891201,27.6531609
shop_grocery,53.8972954,25.3082965
shop_grocery,55.4926834,28.8158690
shop_grocery,54.6268572,30.4360861
cafe,54.5523177,30.2569648
shop_grocery,53.5984884,31.9552300
shop_grocery,53.5986415,31.9556084
cafe,53.9094919,27.5577684
shop_grocery,51.4416618,30.5714949
shop_grocery,51.4364533,30.5667230
shop_grocery,51.4332967,30.5607902
shop_grocery,51.4434078,30.5642388
shop_grocery,51.4408527,30.5727318
shop_grocery,51.4447654,30.5568766
shop_grocery,54.2573431,26.0110688
shop_grocery,53.5977648,31.9589699
bank,53.8922362,27.5474504
bank,53.8639494,27.6085338
shop_grocery,53.7131692,28.4191973
shop_grocery,53.7026393,28.4140713
station,52.9182129,29.9127731
bank,55.1706013,30.2037753
shop_grocery,53.5156464,28.1331502
shop_grocery,52.5243104,24.9719434
cafe,52.5214724,24.9653801
restaurant,52.5213957,24.9653680
post_office,52.5245002,24.9619460
cafe,52.5301820,24.9806895
shop_grocery,52.5244383,24.9630360
post_office,52.5330389,24.9815224
pool,52.5284152,24.9768170
shop_grocery,52.5411567,24.9812762
post_office,52.5467255,24.9819580
shop_grocery,53.8673278,27.6329814
cafe,54.5024160,30.4112088
bank,53.5042357,28.1659228
bank,53.5041426,28.1651761
bank,53.5142639,28.1279289
shop_grocery,53.8627996,27.5982787
bank,53.8699200,27.6030522
bank,55.1679045,30.1288179
shop_grocery,52.0709621,23.7224101
cafe,52.4166908,31.0051771
cafe,53.6079892,31.9598510
shop_grocery,53.5983325,31.9556287
shop_grocery,53.5978220,31.9562485
shop_grocery,53.8365116,27.5751711
shop_grocery,53.8838739,27.4390056
cafe,52.7883209,27.5322186
bank,54.5073267,30.4248343
shop_grocery,52.5528289,24.4578611
bank,52.5604599,24.4693959
shop_grocery,52.5512498,24.4587617
shop_grocery,52.5578704,24.4553752
cafe,53.9015749,27.5448234
bank,52.5550693,24.4655249
post_office,52.5548276,24.4654632
restaurant,53.9069834,25.3216368
shop_grocery,53.8358427,27.5754209
post_office,53.8386354,27.5683946
station,53.1114396,25.8796475
cafe,53.8830040,27.5597127
bank,52.4396343,31.0080599
station,53.1161054,25.8257121
shop_grocery,53.0348591,27.0763375
bank,52.6357246,29.7261367
bank,53.8954019,27.6533106
shop_grocery,53.8955916,27.6529405
shop_grocery,53.8946749,27.6534179
shop_grocery,53.8735805,25.3170690
cafe,52.4564506,31.0008868
shop_grocery,54.8837321,26.9377199
restaurant,53.9287423,27.5829582
restaurant,52.5602013,31.1724754
bank,52.5575711,31.1753111
bank,52.5654353,31.1716120
shop_grocery,52.5654254,31.1712526
shop_grocery,53.9350439,30.3673211
shop_grocery,53.6039290,24.7499756
cafe,55.1721904,30.2017615
shop_grocery,53.9476570,27.6976534
post_office,52.1125649,26.0698602
shop_grocery,53.8714978,27.6848712
shop_grocery,53.8799082,27.6691883
shop_grocery,53.8774214,27.6691593
cafe,53.9161316,27.6098800
bank,52.5643866,24.4741042
post_office,53.9501140,30.3607835
shop_grocery,55.1683320,30.2215020
shop_grocery,53.8767688,27.6834479
shop_grocery,53.8648502,27.6805705
shop_grocery,53.8896702,27.6900108
post_office,53.9120240,30.3214313
shop_grocery,55.1984407,30.2653573
cafe,54.6143292,25.9559607
post_office,54.6145466,25.9567466
restaurant,54.6149398,25.9557807
cafe,53.8984868,30.3582056
post_office,52.0923285,23.7673616
shop_grocery,53.9360054,27.6546064
shop_grocery,55.6201858,27.6262412
shop_grocery,55.6225254,27.6293956
bank,53.8981699,27.4564403
bank,54.6121147,25.9476467
cafe,55.5248547,28.6737000
cafe,55.5351827,28.6431737
bank,55.5329751,28.6432210
shop_grocery,53.9240659,27.5555358
shop_grocery,55.1156708,26.8801789
shop_grocery,53.9936386,27.2666209
bank,53.9302571,27.5824033
bank,53.8774812,30.3746556
post_office,53.8776384,30.3749344
cafe,54.6127980,25.9481350
shop_grocery,54.4982872,30.4062604
bank,54.5019245,30.4104501
shop_grocery,54.5025452,30.4113567
station,53.9052910,27.5261130
cafe,53.8827214,27.5926677
shop_grocery,53.9007148,27.6468023
bank,53.9113840,27.5792333
bank,53.9225728,27.6073393
shop_grocery,53.9302520,31.4747765
shop_grocery,53.9204549,27.4930581
bank,54.0967752,28.2949411
shop_grocery,54.0972344,28.2890008
shop_grocery,54.0966963,28.2946039
shop_grocery,54.0959297,28.2967709
bank,52.8066301,25.9649371
shop_grocery,52.8067325,25.9648262
post_office,52.8073562,25.9660736
shop_grocery,52.8080820,25.9676027
cafe,52.6135731,29.7753415
shop_grocery,53.8339243,27.6030797
shop_grocery,53.6560930,23.8020950
cafe,52.6251327,25.2029237
bank,53.4675091,27.2161424
bank,53.4678431,27.2145508
shop_grocery,53.9181669,30.2872917
shop_grocery,55.6159343,27.6533843
shop_grocery,55.1978913,30.2146655
cafe,54.3054039,26.8630474
cafe,54.2986804,26.8663719
shop_grocery,53.9103584,27.4050773
shop_grocery,53.8693118,27.6500836
shop_grocery,53.8694097,27.6497300
shop_grocery,53.4656978,27.2005142
school,53.4667793,27.2109317
shop_grocery,53.9168318,27.6857433
cafe,53.9225406,27.5114320
cafe,53.9228236,27.5165441
shop_grocery,53.7131681,28.4197042
cafe,53.9044380,27.5556922
bank,53.8983484,25.2913572
shop_grocery,53.9497566,27.3313246
shop_grocery,53.6442013,27.9159982
shop_grocery,53.7902692,26.5292914
bank,52.7802479,27.5405521
cafe,54.0713657,28.4669843
shop_grocery,53.6466136,27.9164564
shop_grocery,52.6370133,29.7293388
shop_grocery,52.6402207,29.7306251
bank,52.4564795,30.9926525
post_office,52.6318047,29.7497313
shop_grocery,52.6302908,29.7536642
shop_grocery,52.6259242,29.7412113
shop_grocery,52.6238011,29.7442441
restaurant,53.9474598,27.3678430
shop_grocery,52.6387522,29.7472422
bank,53.8888255,27.4288691
cafe,53.8984884,27.5555272
shop_grocery,53.9032981,30.3660392
cafe,54.6144164,25.9512506
bank,53.6678880,27.9530059
cafe,53.8992199,27.5599360
sports_centre,55.1137178,26.8621398
shop_grocery,53.8730155,30.3723654
shop_grocery,53.8805253,27.5565686
bank,53.6466397,27.9168698
cafe,53.8825283,27.4841880
restaurant,53.8880510,27.6129737
shop_grocery,53.8878249,27.6132624
shop_grocery,53.8881505,27.6132240
shop_grocery,53.8889038,27.6114072
post_office,53.4660917,27.2166545
shop_grocery,53.4679068,27.1995681
shop_grocery,52.4015799,31.0652749
shop_grocery,54.6088023,25.9486838
fap,53.9232718,27.6042126
post_office,53.6723926,23.8928719
bank,53.9416703,27.6087201
shop_grocery,52.4648770,30.9424349
restaurant,52.1049837,23.7563044
shop_grocery,53.7062082,23.8063026
shop_grocery,53.7020394,23.8055520
fap,53.7024392,23.8056886
restaurant,53.7013976,23.8064825
cafe,53.9876222,27.5080127
restaurant,53.9569978,27.4300214
station,54.4449607,30.3219753
station,54.4399048,30.4611589
station,54.4034048,30.5869889
station,55.4249573,29.0342414
station,55.4804029,28.8312774
fap,53.8936937,25.2943821
fap,53.8834301,27.5984720
post_office,53.9201925,30.2834958
shop_grocery,53.9202852,30.2836516
cafe,53.9347638,27.5032758
restaurant,52.4443475,30.9949483
cafe,55.1930461,30.2174313
shop_grocery,53.6169971,27.7231592
shop_grocery,53.9103519,27.6718050
shop_grocery,54.2595228,29.7959047
restaurant,54.2532645,29.7988173
shop_grocery,54.0059122,25.6072520
bank,54.0051627,25.6072024
shop_grocery,54.0051468,25.6088836
post_office,54.0050461,25.6074696
pool,55.2121749,30.2307597
shop_grocery,51.9052529,30.0095910
shop_grocery,52.8208953,29.4038176
shop_grocery,54.6166734,25.9603020
shop_grocery,54.0933432,28.2879674
shop_grocery,55.1701119,30.2372057
sports_centre,53.9388357,27.5656232
bank,53.9170318,27.5871212
shop_grocery,52.7136187,30.5693302
shop_grocery,53.8879936,25.4162800
bank,53.8866903,25.4162196
shop_grocery,53.8895523,25.4151946
shop_grocery,53.8875530,25.4159901
shop_grocery,53.4543394,25.9485208
shop_grocery,53.4535948,25.9456067
shop_grocery,53.4616070,25.8878848
cafe,53.4412979,25.9133076
shop_grocery,53.9318268,27.5068395
fap,53.9159914,27.5346891
shop_grocery,55.2057546,30.2866779
bank,53.9333211,27.5024580
bank,53.8731756,27.6289615
shop_grocery,53.9020221,27.6159638
bank,53.9090947,27.4684213
shop_grocery,54.5690947,30.6961194
cafe,54.5691935,30.6960156
post_office,55.5270988,28.6770808
bank,54.2651503,27.1022500
shop_grocery,55.5355807,28.6580661
shop_grocery,55.5279547,28.6562990
cafe,55.1943316,30.2068529
shop_grocery,53.6680835,27.9544493
restaurant,53.9474747,27.6788408
shop_grocery,53.8779419,27.5393046
cafe,53.8779678,27.5394859
shop_grocery,54.2142255,28.4842160
shop_grocery,55.2007178,30.2071503
bank,53.9074858,30.3083810
shop_grocery,53.9067509,30.3071049
post_office,53.6784018,23.8613994
station,53.1539472,26.0153469
station,54.4750549,30.0707637
station,55.8336986,27.8718233
station,55.2380738,29.8578297
station,55.2278829,29.8848811
station,55.3172299,29.4490685
station,55.3510163,29.3456246
post_office,54.1261553,26.9594878
restaurant,53.9108047,27.5299073
shop_grocery,53.9083526,27.5326671
fap,53.5192022,28.1537287
shop_grocery,53.8695736,27.6484654
cafe,53.8695118,27.6486847
bank,55.1709261,30.2154938
bank,52.0968138,23.7448180
shop_grocery,53.1566612,24.4512580
post_office,53.1562722,24.4504124
shop_grocery,53.1556241,24.4478885
shop_grocery,53.1553798,24.4479858
shop_grocery,53.1572069,24.4513125
shop_grocery,53.1552806,24.4477187
shop_grocery,53.1579442,24.4522649
shop_grocery,53.1555332,24.4487391
cafe,53.1568894,24.4507377
shop_grocery,53.1563926,24.4506613
shop_grocery,53.1559358,24.4488731
shop_grocery,53.1556692,24.4488729
shop_grocery,53.1554188,24.4484272
station,53.8187382,27.5729830
shop_grocery,53.9267652,27.6191987
shop_grocery,54.8866758,27.7675567
restaurant,55.1725893,30.2004104
restaurant,55.1743420,30.1951017
station,55.6212459,28.4692575
station,55.6703233,28.3259820
shop_grocery,52.1877591,24.2414826
shop_grocery,52.1774292,26.0607489
shop_grocery,54.8916287,27.7751174
shop_grocery,54.8951463,27.7461566
shop_grocery,53.9030275,30.3005258
shop_grocery,53.8707215,30.3563599
cafe,55.1952579,30.1858156
shop_grocery,53.2321419,26.5864768
school,53.9481027,27.3490567
shop_grocery,54.0220344,27.4309311
post_office,53.8960486,27.5509962
station,54.9895222,27.7036827
post_office,53.7063150,28.4157145
cafe,54.2986066,26.8484247
shop_grocery,54.2976418,26.8559926
shop_grocery,53.1443471,24.5071680
post_office,55.8351823,29.9812766
shop_grocery,54.3980688,27.6204597
post_office,54.3984024,27.6200494
station,55.1511986,26.5820385
shop_grocery,52.0615599,24.4805729
shop_grocery,55.8134695,29.9988002
shop_grocery,53.9168020,27.5946700
pool,53.8775206,27.5377681
shop_grocery,55.6489091,27.8220760
cafe,54.2011109,27.8350137
shop_grocery,54.5950845,25.9114505
shop_grocery,54.6100710,25.9325663
shop_grocery,54.6133859,26.0145062
shop_grocery,55.1873058,30.2205243
cafe,53.8908391,27.5205182
bank,55.5323949,28.6606174
shop_grocery,52.7633725,26.4281843
sports_centre,53.9134922,27.5674867
cafe,53.9049884,27.5467758
cafe,53.9078358,27.5835607
shop_grocery,54.0010515,27.5798669
shop_grocery,53.9410706,27.3454060
shop_grocery,55.5295558,28.6608433
cafe,53.9508766,27.1170016
shop_grocery,53.9557226,27.0988023
shop_grocery,55.5334963,28.6438413
bank,55.5327037,28.6425867
shop_grocery,54.8847422,28.6856993
shop_grocery,54.6136948,25.9502140
shop_grocery,54.6183359,25.9640459
shop_grocery,54.6196388,25.9660422
cafe,54.6183927,25.9640366
shop_grocery,54.6203945,25.9500251
shop_grocery,54.6147447,25.9532722
shop_grocery,54.6163724,25.9588841
restaurant,53.8689533,27.4867600
bank,54.5093429,30.4125320
post_office,53.6443351,27.9173229
shop_grocery,54.8819426,28.6570915
cafe,53.8879866,27.5380561
shop_grocery,53.8406832,27.4681965
bank,53.9427722,27.6858337
bank,53.9439441,27.6864600
shop_grocery,52.4080811,30.9288390
cafe,53.6861237,23.8340488
cafe,53.6880030,23.8429969
cafe,53.6779321,23.8365744
cafe,53.6797507,23.8301400
shop_grocery,53.5861931,31.3517152
bank,52.4244324,31.0102800
post_office,53.7496329,28.4936960
shop_grocery,52.9339116,27.8958553
shop_grocery,52.9331159,27.8952313
post_office,52.9339362,27.8969889
shop_grocery,53.7533139,28.0172218
shop_grocery,53.9172268,27.4724097
shop_grocery,52.4645508,30.8072730
shop_grocery,52.4646716,30.8070963
shop_grocery,52.0977791,23.7134887
shop_grocery,55.3693284,27.4674081
sports_centre,52.4675954,30.8064027
shop_grocery,52.4672674,30.8049845
shop_grocery,52.4674156,30.8046001
shop_grocery,52.4644762,30.8085808
shop_grocery,55.4962734,28.7579603
shop_grocery,53.0637541,29.9944556
shop_grocery,55.1643659,30.2119667
cafe,52.4525927,30.9629380
shop_grocery,53.9309681,27.5989388
shop_grocery,53.8700124,27.6440461
shop_grocery,53.8619820,30.3076194
fap,53.6701227,27.0081914
shop_grocery,53.6719090,27.0091195
post_office,53.6727911,27.0078011
post_office,52.9057458,30.0457500
shop_grocery,55.5400759,28.6352781
shop_grocery,53.9295015,27.6165927
shop_grocery,52.6630581,27.5429150
shop_grocery,55.1858476,30.2104327
shop_grocery,54.0571819,27.7505392
shop_grocery,52.8721891,30.0299319
shop_grocery,52.8920322,30.0055981
shop_grocery,52.8948838,30.0559133
shop_grocery,52.9027305,30.0268476
shop_grocery,53.9537854,28.2301416
shop_grocery,53.8329801,28.2354397
shop_grocery,53.6505416,23.7882611
shop_grocery,55.1961222,30.1867914
shop_grocery,55.1959588,30.1863976
shop_grocery,53.8768311,27.5643044
sports_centre,55.1626680,30.2121949
school,55.1622180,30.2127484
bank,53.8553770,27.5215090
shop_grocery,53.6457411,27.9175423
cafe,53.6443332,27.9161314
shop_grocery,55.3948144,26.6306704
shop_grocery,55.3951168,26.6285594
cafe,55.3952435,26.6285281
cafe,55.3961976,26.6275170
shop_grocery,55.3996514,26.6293498
bank,53.9048351,27.5343713
bank,53.9046135,27.5325879
pool,54.9114746,26.7290734
restaurant,54.9036789,26.6961174
sports_centre,52.7990400,27.9968884
shop_grocery,53.4660685,25.5801631
shop_grocery,53.8718822,25.2818923
bank,52.0854143,23.6919495
shop_grocery,53.6716433,23.8518400
cafe,53.6707391,23.8520814
shop_grocery,53.6694116,23.8507354
restaurant,55.3611775,27.4666306
shop_grocery,55.3612521,27.4662992
shop_grocery,53.8992105,27.6490740
shop_grocery,53.0245192,27.5475518
shop_grocery,53.0386744,28.2663456
restaurant,53.0385966,28.2659808
shop_grocery,53.0377092,28.2651708
school,53.0393970,28.2643894
shop_grocery,54.8598018,29.1617539
station,55.7648400,29.9978034
shop_grocery,55.1704255,30.1272572
bank,55.1957870,30.1520170
cafe,55.1958803,30.1516359
sports_centre,53.5063256,28.1689361
shop_grocery,54.0072621,27.9616070
shop_grocery,53.3717920,24.1757784
cafe,54.4756948,29.8064577
bank,53.8782703,27.5427990
bank,53.8695721,27.6269574
bank,53.9183214,27.5859040
bank,53.6852310,23.8477631
post_office,53.9659911,27.0559743
shop_grocery,53.9660427,27.0562500
bank,53.9676482,27.0560184
cafe,54.9100713,26.7081251
shop_grocery,53.8605176,27.5663160
shop_grocery,55.4558502,29.9878917
shop_grocery,55.4543830,29.9900663
station,52.7396237,30.5086743
station,52.6778186,30.6431952
station,52.1841734,31.4586961
bank,53.1630872,24.4673184
shop_grocery,53.1625367,24.4355466
shop_grocery,53.5992241,27.4518986
bank,53.1687798,24.4395951
shop_grocery,53.5998077,27.4536285
shop_grocery,53.5637388,27.4713778
shop_grocery,52.7516985,26.4323312
cafe,53.6672487,23.9111678
bank,53.8875501,27.5387897
shop_grocery,53.9230864,27.4279189
station,51.9180411,30.0062370
shop_grocery,54.1908972,29.2206835
shop_grocery,53.9597717,27.6295517
shop_grocery,53.9386040,27.6721605
shop_grocery,53.9405250,27.6747427
shop_grocery,53.9692390,27.4969545
shop_grocery,53.7510840,27.5915772
shop_grocery,53.7065743,27.6800225
shop_grocery,53.8157277,27.6482952
shop_grocery,53.8745968,27.5282324
bank,53.8982298,27.5499869
fap,55.1632377,30.2039161
shop_grocery,52.5241217,30.6705263
station,52.1664529,31.1173528
station,52.1925465,31.1086249
station,52.3650110,31.0674436
cafe,55.4725182,28.7671154
shop_grocery,53.9031343,27.6863135
bank,54.0949882,28.3151176
shop_grocery,54.0925313,28.3114524
sports_centre,54.0968505,28.3251621
shop_grocery,54.0972845,28.3150433
sports_centre,54.0859030,28.3101694
shop_grocery,54.0968219,28.3159083
pool,54.2256065,28.5096796
shop_grocery,54.2391056,28.4747150
station,52.3750973,30.6276131
shop_grocery,55.6760709,29.9936095
shop_grocery,54.3586134,28.6202651
shop_grocery,53.9745047,27.8569272
shop_grocery,53.1493730,24.8159285
shop_grocery,54.2312587,28.4850993
shop_grocery,53.8567400,27.6090353
post_office,53.5281926,28.1819863
shop_grocery,54.3175069,26.8700545
restaurant,52.0947317,23.6914981
station,52.1181848,31.4645366
shop_grocery,54.0118481,27.3066760
shop_grocery,54.0098928,27.2658909
shop_grocery,55.6263946,27.6476308
sports_centre,55.6267354,27.6343697
pool,55.6266284,27.6341826
sports_centre,55.6189609,27.6325379
restaurant,53.4655364,25.4047912
shop_grocery,53.4890761,25.4692240
shop_grocery,53.9341270,27.2904929
cafe,54.6068415,25.9404861
shop_grocery,53.8981580,27.5251580
post_office,52.2236222,27.4864030
school,53.5266563,28.2337543
shop_grocery,52.2424905,27.4524744
shop_grocery,53.8742943,27.5292606
cafe,55.0290437,30.8052014
bank,53.9035340,27.4547940
station,53.6563477,24.0203096
bank,52.7100606,25.3387754
station,52.3993377,31.3215463
post_office,55.1595170,30.2110053
shop_grocery,54.2014303,27.8338040
restaurant,55.1729305,30.2635321
shop_grocery,53.5251525,30.3414780
shop_grocery,53.9705740,27.5996503
post_office,54.2118056,28.4817726
cafe,54.2142964,28.4893526
cafe,54.2245685,28.5103691
post_office,54.2160811,28.4902312
shop_grocery,54.2203821,28.5087878
shop_grocery,55.1689260,30.1990832
shop_grocery,53.5215562,27.8299375
shop_grocery,53.5219727,27.8289833
shop_grocery,53.0204184,27.5574317
shop_grocery,53.8504556,28.7399036
cafe,52.7851020,27.5245268
cafe,53.9349912,27.7061692
shop_grocery,53.8973760,27.5317965
shop_grocery,54.6247667,30.4531562
station,52.3310957,30.1495287
shop_grocery,52.2075058,25.2182208
shop_grocery,52.6939649,25.3527504
shop_grocery,52.6939645,25.3526800
station,54.4111821,30.3036015
shop_grocery,54.0140965,27.5468905
shop_grocery,54.0693866,27.6766351
bank,55.8350778,29.9815192
station,52.4643739,30.9965566
cafe,53.9313808,27.5141781
shop_grocery,53.9170437,27.5332384
shop_grocery,53.9662296,30.1704074
station,52.9873999,30.0051319
bank,53.9037602,30.3406008
cafe,52.4245411,31.0080871
shop_grocery,55.6167341,27.0699267
shop_grocery,55.6163527,27.0700738
shop_grocery,53.9264410,27.5564268
cafe,54.2663985,28.6797495
cafe,54.2665643,28.6790595
bank,53.6759942,23.8450472
post_office,55.1568148,27.3847564
shop_grocery,55.2053789,28.1590174
shop_grocery,53.6599171,26.0787116
shop_grocery,53.6636651,26.1354616
shop_grocery,53.6599305,26.0782640
shop_grocery,53.5160121,24.8333508
shop_grocery,55.1694200,30.1224566
shop_grocery,55.1690007,30.1233095
shop_grocery,55.1683637,30.1240134
cafe,53.6535543,23.8448140
post_office,53.1662281,29.2058493
shop_grocery,55.1721743,30.1421176
post_office,53.6417997,23.8447022
bank,53.9203009,27.5773224
restaurant,54.8136873,29.7094506
shop_grocery,54.8139153,29.7083997
shop_grocery,54.8131116,29.7068655
cafe,54.8136359,29.7092095
shop_grocery,54.8082655,29.6891306
shop_grocery,54.8149073,29.7084255
shop_grocery,53.6229891,27.8953325
shop_grocery,53.9992742,27.6835341
bank,53.9992109,27.6839686
restaurant,53.6774184,23.8286721
shop_grocery,54.8143093,29.7090983
cafe,52.1126815,26.1050595
shop_grocery,54.8426438,29.1972071
school,53.6030684,24.7364763
fap,53.6033100,24.7308152
post_office,53.6036894,24.7414489
shop_grocery,53.6504007,23.8466185
shop_grocery,54.8598678,29.1613623
shop_grocery,54.8089562,29.6884209
shop_grocery,54.8162397,29.6989979
shop_grocery,54.8133048,29.7023909
shop_grocery,53.7400514,27.3152861
station,54.6393639,29.8966849
restaurant,54.0301022,28.0912566
shop_grocery,54.0300634,28.0919965
shop_grocery,53.4568658,26.4543353
restaurant,54.3094083,26.8382329
shop_grocery,54.3036554,26.8527334
cafe,53.8943452,27.5447093
cafe,53.9032563,27.5817044
cafe,53.9268324,27.6191496
cafe,53.8791938,27.5356123
cafe,53.8867809,27.5388916
cafe,53.8486760,27.6333127
cafe,53.8876130,27.6117174
cafe,53.9368517,27.5802605
cafe,53.8906509,27.4966661
cafe,53.9158353,27.5971964
cafe,53.8251889,27.7025988
cafe,53.9134490,27.5921838
cafe,53.9369130,27.6667469
cafe,53.8422299,27.5099979
cafe,53.8505391,27.6554491
cafe,53.8666749,27.6714103
cafe,53.8712645,27.6440470
cafe,53.9269566,27.6138877
cafe,53.8563778,27.5719041
cafe,53.8738638,27.5866399
cafe,53.8773870,27.6046202
cafe,53.8778882,27.5266823
cafe,53.8828006,27.5286530
cafe,53.8842558,27.6025394
cafe,53.8845515,27.4531716
cafe,53.8861789,27.5808683
cafe,53.8903527,27.5369815
cafe,53.8921361,27.6445801
cafe,53.8928544,27.4926475
cafe,53.8976742,27.6417173
cafe,53.9031214,27.5581957
cafe,53.9051938,27.5951618
cafe,53.9107864,27.5853137
cafe,53.9141988,27.5910404
cafe,53.9157187,27.4772944
cafe,53.9170852,27.6221369
cafe,53.9175990,27.5233450
cafe,53.9239536,27.6667892
cafe,53.9341903,27.7006685
cafe,53.9360016,27.4903393
cafe,53.9473980,27.7073402
shop_grocery,53.8663993,27.5101487
shop_grocery,53.6465659,23.8457652
shop_grocery,55.8129800,27.0442978
shop_grocery,54.5097502,30.3430280
cafe,53.8885575,27.5947288
shop_grocery,52.4671360,30.8074025
bank,53.9230540,27.5108304
bank,53.9426410,27.6079825
bank,53.9060523,27.4427486
station,54.8809096,28.8584648
post_office,54.0464241,27.8738134
station,54.7391092,29.4432937
shop_grocery,54.8203267,29.6991279
shop_grocery,54.8136998,29.6995101
shop_grocery,53.7203101,28.4197115
station,52.2389971,31.3847955
shop_grocery,52.7311886,27.6092069
cafe,53.8210822,27.0191171
shop_grocery,53.8407475,27.0557705
pool,54.8185872,29.7100229
shop_grocery,53.9092890,27.6280209
shop_grocery,53.6744341,28.1865399
fap,53.8308177,28.2365388
cafe,52.8995953,30.0372895
cafe,54.0762175,28.0038387
shop_grocery,53.4697021,27.2178520
cafe,55.1983483,30.2041083
fap,53.5875256,27.8604030
fap,53.8834062,28.3698606
shop_grocery,53.8863453,28.3741213
shop_grocery,53.8867182,28.3730580
bank,53.8612970,27.4799317
bank,54.2994139,26.8629278
cafe,53.5277576,28.2519318
shop_grocery,52.3497838,31.4246091
shop_grocery,52.3504511,31.4170786
shop_grocery,52.8255084,25.0049833
bank,55.1345511,30.1537706
post_office,55.1351682,30.1492016
shop_grocery,53.8703999,28.4192749
shop_grocery,54.2967971,26.8475029
shop_grocery,52.3497301,31.4143372
cafe,54.3143191,26.8259801
shop_grocery,54.3141734,26.8261485
cafe,54.2997586,26.8794223
cafe,54.3139105,26.8401876
cafe,54.3068658,26.8352470
bank,53.9238439,27.5796762
bank,53.9210517,27.5783291
bank,52.8852202,30.0362095
cafe,52.8950921,30.0578966
shop_grocery,53.4158191,28.2624232
bank,53.8441904,27.5330724
shop_grocery,52.7142132,30.5679648
shop_grocery,53.8889524,30.2812615
shop_grocery,54.0750084,27.2142374
shop_grocery,52.5593862,24.4320130
shop_grocery,52.5597230,24.4732976
post_office,52.5619109,24.4771196
shop_grocery,52.5650534,24.4692595
shop_grocery,52.5671780,24.4692892
sports_centre,53.8556087,27.4475433
shop_grocery,52.3911205,23.8232442
bank,52.4028745,23.8207769
bank,53.8900178,27.5216690
shop_grocery,53.9259122,27.4300954
post_office,53.8669159,30.3445565
shop_grocery,52.4037039,23.8175927
station,53.9518328,27.3156830
bank,53.8470386,27.5635450
station,55.0668919,30.3621887
station,55.6986931,29.2142743
station,55.5297607,28.8747637
shop_grocery,53.7792373,27.5972811
shop_grocery,53.7793736,27.5973442
shop_grocery,52.0612813,23.7317586
bank,54.2451168,27.7099228
bank,53.9057707,27.4418182
shop_grocery,53.9127338,27.5865027
bank,53.7169646,25.5062464
shop_grocery,53.7173646,25.5046851
shop_grocery,53.7163869,25.5073357
shop_grocery,53.7806344,27.4949073
shop_grocery,54.4244329,27.8333318
shop_grocery,53.9515087,27.6358162
shop_grocery,53.9485720,27.6393310
cafe,53.9056353,27.4181522
shop_grocery,55.1912901,30.1914548
shop_grocery,51.5569074,23.6105282
cafe,53.8360334,27.6941638
station,51.5689251,29.0403524
station,51.6312816,29.0668426
station,51.5031693,28.9746542
shop_grocery,54.8129590,29.7039050
shop_grocery,54.8393960,30.2125467
bank,54.8397262,30.2124736
shop_grocery,54.8411658,30.2123917
shop_grocery,54.8443145,30.2004732
shop_grocery,54.8448109,30.2000782
shop_grocery,54.8431843,30.2230787
cafe,55.1892031,30.2506733
shop_grocery,53.8455261,27.4438287
shop_grocery,53.8422632,27.4792288
shop_grocery,53.8835529,27.6815194
bank,53.8848515,27.6842570
sports_centre,53.7174360,25.5026724
restaurant,54.0180625,31.7272208
shop_grocery,54.0185920,31.7253544
post_office,54.0178123,31.7259732
cafe,53.9064567,30.3440304
shop_grocery,53.7158890,25.4994284
bank,54.0925990,26.5205813
cafe,54.0903809,26.5213160
restaurant,54.0913547,26.5215174
shop_grocery,52.0876998,23.7157776
fap,53.1613109,24.4453135
bank,53.9059407,27.4586156
shop_grocery,53.1670231,24.4415611
shop_grocery,53.1625506,24.4440902
post_office,53.1635766,24.4674427
post_office,53.1613469,24.4464401
shop_grocery,53.1666830,24.4414582
bank,55.5095575,28.6975535
bank,55.5100485,28.6985640
shop_grocery,54.3159344,26.8578358
shop_grocery,53.8919579,25.2563526
bank,54.3053456,26.8266215
post_office,52.7121360,25.3445937
cafe,53.9059206,27.5462376
bank,53.1631849,24.4583556
bank,53.1394157,24.4186133
bank,53.1613279,24.4461651
bank,53.1665693,24.4416214
fap,53.1617385,24.4427320
bank,53.1631355,24.4601570
sports_centre,53.1615093,24.4482823
station,53.1068817,25.9384431
shop_grocery,54.2992277,26.8635914
school,53.1621203,24.4545108
shop_grocery,53.9038684,25.2588002
bank,54.0885660,26.5515100
bank,54.0903388,26.5199681
shop_grocery,54.0938901,26.5147504
shop_grocery,54.0863816,26.5360400
shop_grocery,54.0869355,26.5177442
shop_grocery,54.0877152,26.5507248
shop_grocery,54.0894104,26.5250535
shop_grocery,54.0906186,26.5270059
shop_grocery,54.5123377,30.3723181
restaurant,54.0885898,26.5231917
bank,54.2149629,26.4435416
shop_grocery,55.2903655,30.3239881
cafe,55.2002116,30.2418749
shop_grocery,55.1898257,30.2447472
shop_grocery,53.1635518,24.4593759
shop_grocery,53.1629031,24.4574958
shop_grocery,53.1632384,24.4606081
bank,54.2042367,28.4817544
bank,54.2463653,28.5052933
shop_grocery,54.0899250,26.5211358
shop_grocery,53.1581393,24.4526314
shop_grocery,53.1550057,24.4469230
shop_grocery,53.9699159,26.8347407
shop_grocery,53.1650681,24.4468236
shop_grocery,53.1656443,24.4467494
pool,53.1614459,24.4484909
station,51.9566173,23.8973263
station,51.9815622,23.8574713
station,51.9908678,23.8438927
cafe,53.1442288,24.8254680
shop_grocery,53.1652254,24.4435923
shop_grocery,53.1658157,24.4338714
cafe,53.1621872,24.4622155
shop_grocery,53.1623878,24.4631962
shop_grocery,53.6152965,28.7004312
bank,54.3122017,26.8399644
shop_grocery,53.1581884,30.4605801
shop_grocery,53.1673310,24.4415734
shop_grocery,53.8223065,27.5310741
station,54.7803255,29.3014625
station,54.7948588,29.2596643
shop_grocery,53.9111294,27.5026561
restaurant,53.9058120,27.6383553
shop_grocery,53.9404532,27.6743860
shop_grocery,52.0918594,23.6580084
shop_grocery,53.8276079,27.5791096
shop_grocery,52.8589807,29.9951695
shop_grocery,53.8524430,27.6758137
cafe,52.7692212,25.1253701
school,52.7701999,29.8897085
shop_grocery,52.7671171,29.8880408
school,52.5420614,30.5386261
bank,53.9440481,27.6865914
shop_grocery,53.9117576,27.6785259
cafe,53.8929134,27.6426260
shop_grocery,53.8844738,27.5627218
cafe,55.3680703,27.4667679
shop_grocery,55.3680442,27.4667096
bank,54.0299288,28.0882428
shop_grocery,53.9181043,27.4474478
shop_grocery,53.9157395,27.4433018
bank,52.0914059,23.6870193
restaurant,53.1328314,26.0186256
cafe,53.1329968,26.0184860
post_office,53.1274578,26.0211680
shop_grocery,53.6626906,27.1423346
restaurant,53.6614168,27.1458110
restaurant,53.6624277,27.1411923
cafe,53.5564046,26.9725712
cafe,53.8412573,27.5220639
shop_grocery,54.0273593,28.0810612
shop_grocery,53.8980383,27.5055475
shop_grocery,53.9033672,27.5052581
shop_grocery,53.9035150,27.5059153
shop_grocery,53.9165859,27.4570471
bank,53.9178686,27.4556969
shop_grocery,54.0309399,28.0848451
shop_grocery,54.0148757,28.0969718
shop_grocery,53.8323316,27.5533544
sports_centre,52.5721694,23.8024740
shop_grocery,53.7771196,30.3489579
post_office,53.7773486,30.3490255
bank,53.7773441,30.3491136
cafe,53.7773505,30.3489739
station,52.7916325,28.9990602
cafe,52.5714878,23.8008212
school,54.0297460,28.0869768
station,54.0245740,28.1003951
shop_grocery,53.9527409,27.9873277
shop_grocery,53.9647002,28.0275441
shop_grocery,53.9032799,27.4062502
shop_grocery,53.7237673,27.5040726
cafe,54.0281469,28.0874409
shop_grocery,54.0388213,28.2022577
post_office,54.4367456,30.4480561
shop_grocery,53.8364880,27.5132315
bank,53.7121253,31.7142191
shop_grocery,53.7137687,31.7133497
shop_grocery,53.7146387,31.7155427
shop_grocery,53.7151828,31.7152019
station,53.5928283,27.0523716
post_office,52.0363548,29.2669183
sports_centre,53.4471533,31.0010472
shop_grocery,53.8925272,27.4157114
cafe,53.8819496,27.5356802
post_office,52.1807235,28.9593627
shop_grocery,52.1896876,28.9444134
shop_grocery,54.3073307,26.8267189
cafe,52.0447618,29.2568598
shop_grocery,52.4343107,30.9934955
shop_grocery,53.7112841,31.7193779
shop_grocery,52.0327530,29.2221658
bank,52.0321823,29.2228911
post_office,52.0319935,29.2232690
cafe,53.9055064,27.5478688
shop_grocery,52.6222795,29.7274168
shop_grocery,52.9384476,30.1970353
shop_grocery,53.8913903,27.4209145
fap,53.8910804,27.4208253
sports_centre,53.8514005,27.5208913
cafe,53.8461757,27.5147384
shop_grocery,53.6076891,31.9570011
shop_grocery,53.6077675,31.9571716
shop_grocery,53.4448372,24.3753865
bank,53.9067050,30.3494937
restaurant,53.9048972,27.5579948
shop_grocery,53.9010165,27.6613896
cafe,53.9286975,27.5830221
bank,52.6319714,29.7474011
shop_grocery,52.4551214,30.9934910
shop_grocery,52.4518532,30.9641425
shop_grocery,52.4570437,31.0230923
pool,53.8585626,27.5018920
shop_grocery,52.4399012,30.9452974
bank,52.4443219,30.9447188
post_office,52.4441761,30.9447366
shop_grocery,53.2580360,24.4264648
shop_grocery,54.3033503,26.8642870
shop_grocery,54.3173944,26.8826446
school,53.8430445,27.3927938
bank,52.6254126,29.7511861
cafe,53.9052895,27.5523175
shop_grocery,53.6635582,27.0842696
school,53.6741724,27.1304803
school,53.6873326,27.1396025
school,53.6825632,27.1251504
post_office,53.6843227,27.1340748
shop_grocery,53.6860978,27.1163993
bank,53.6840868,27.1319775
shop_grocery,53.6839533,27.1334903
cafe,53.6844108,27.1334688
pool,53.6854825,27.1349867
shop_grocery,53.6865643,27.1651983
shop_grocery,53.6815648,27.1183882
bank,53.6800604,27.1382177
bank,53.6838078,27.1334729
sports_centre,55.4963542,28.7537717
cafe,53.7056171,31.7247427
cafe,53.6822659,23.8316487
bank,53.7388919,31.6912756
shop_grocery,53.7135678,31.7175169
bank,53.7116876,31.7192235
shop_grocery,53.1512154,30.4015946
shop_grocery,53.1765150,30.3761565
shop_grocery,53.8871307,25.4162999
post_office,53.7138055,31.7135098
station,53.7529225,31.7017883
shop_grocery,55.1765950,30.2041289
station,53.3089853,28.6135780
post_office,52.7525764,26.4250141
shop_grocery,52.7581762,26.4335495
cafe,52.9169626,30.0442019
fap,53.9819122,31.5843401
cafe,53.1619008,29.1976101
shop_grocery,52.3897317,31.0301084
bank,52.6267184,29.7262664
cafe,53.7151068,31.7174304
shop_grocery,53.8901666,27.5765787
shop_grocery,53.7059206,31.7103142
shop_grocery,53.7387393,31.7185631
bank,53.7387945,31.7183766
post_office,52.7662921,29.8899105
ice_rink,54.3008840,26.8642511
pool,54.3015318,26.8645193
water_park,54.3016014,26.8642382
bank,55.4125571,27.7339794
shop_grocery,52.7680407,26.4327089
shop_grocery,52.7596072,26.4249991
shop_grocery,52.7580591,26.4241391
shop_grocery,52.7524937,26.4220683
shop_grocery,52.7536396,26.4211306
shop_grocery,52.7576995,26.4141823
shop_grocery,52.7559995,26.4394458
shop_grocery,52.7609801,26.4405020
shop_grocery,52.7585598,26.4331656
shop_grocery,52.7582251,26.4348279
shop_grocery,55.3675336,27.4688537
shop_grocery,55.3654405,27.4639745
shop_grocery,54.3139828,26.8406822
shop_grocery,53.9574582,30.7106894
cafe,53.9576649,30.7105134
station,53.5484741,30.2229710
post_office,52.8987040,30.0292834
shop_grocery,52.7497926,26.4318604
shop_grocery,52.7569420,26.4233032
shop_grocery,54.3143414,26.8488452
shop_grocery,52.7679249,26.4345915
shop_grocery,54.1271714,25.3613513
shop_grocery,53.7054308,23.7974487
shop_grocery,53.6978456,23.8012169
bank,54.5112855,30.4297672
bank,54.5174634,30.4339421
restaurant,53.6818548,23.8321755
shop_grocery,53.6810735,23.8294794
shop_grocery,53.6503048,23.8324435
shop_grocery,52.7526355,26.4292805
sports_centre,52.7511021,26.4151956
sports_centre,52.7575147,26.4273372
shop_grocery,52.7511880,26.4201628
post_office,52.7392784,26.4563024
shop_grocery,52.7393496,26.4562436
cafe,53.9285085,27.5884473
cafe,53.9284244,27.5832340
pool,53.9108199,27.5429780
school,54.0010008,30.1382353
restaurant,53.7291330,27.2780174
shop_grocery,52.6305813,29.7625601
shop_grocery,53.6738399,28.5567883
cafe,55.1981635,30.2281203
sports_centre,55.1986115,30.2305417
station,53.6240470,23.7717627
station,53.0829565,27.1481569
station,53.0454678,27.3244625
station,52.9909012,27.6358858
shop_grocery,53.9151772,30.4709957
shop_grocery,52.4149419,30.9608710
restaurant,54.0003551,27.0195743
shop_grocery,52.6945441,25.3520995
shop_grocery,52.6945384,25.3522057
shop_grocery,53.9503997,27.4285426
station,51.9643143,23.6822520
station,51.7436821,23.6376938
station,52.1521505,23.8818304
station,53.0384724,26.1933639
station,52.2013344,24.5228697
station,52.1927822,24.6018597
station,52.1780008,24.9953394
station,51.9279896,29.1996693
station,52.2733387,31.3210950
station,51.6679113,29.0835041
post_office,53.7021926,27.8555535
shop_grocery,53.8538178,30.3355060
station,52.4386723,31.0876261
station,53.5642197,23.7227211
station,53.9657684,25.5571443
station,53.8588250,24.1037545
station,53.5806192,23.7508509
station,53.0666967,24.2253819
station,53.8298294,24.0711167
station,53.5457622,25.5199112
restaurant,53.9549306,27.7122927
cafe,53.6508899,23.8291273
shop_grocery,53.6499549,23.8253672
station,52.5125009,25.1560850
station,52.5613941,25.1249138
station,53.1697941,24.6256666
station,53.8440093,30.5693883
station,54.0113928,31.3716229
station,52.9302313,29.0895666
shop_grocery,53.6371686,23.8780887
shop_grocery,53.7085946,23.8054823
shop_grocery,53.7071531,23.7968494
bank,53.1207968,23.9103825
cafe,53.1207396,23.9103700
shop_grocery,54.0738588,28.0147023
shop_grocery,53.1171050,23.9405904
station,53.8929394,27.3501556
station,54.2515558,28.6447209
fap,52.2407874,26.8034876
shop_grocery,53.0036022,27.5179077
shop_grocery,52.2433707,26.8084781
bank,52.2560175,26.7968749
shop_grocery,53.1715860,29.1908677
bank,53.9210800,27.4986224
post_office,55.5889224,28.5883169
cafe,55.5894438,28.5866631
school,55.5926732,28.5959960
shop_grocery,52.2548963,26.8276305
cafe,55.5894142,28.5879907
shop_grocery,52.2436087,26.8421879
cafe,52.2436828,26.8423154
school,55.5668079,28.2142917
cafe,52.2439386,26.8033554
shop_grocery,54.6107798,27.9097741
cafe,53.9550862,27.6929208
shop_grocery,55.2057671,30.2870624
cafe,55.2057579,30.2868548
bank,55.2063132,30.2900229
cafe,53.9122981,27.5074178
shop_grocery,53.9081840,27.5140531
restaurant,53.2184025,26.6805811
cafe,53.2208023,26.6806287
shop_grocery,53.9127247,27.4273223
shop_grocery,53.9167139,27.4135986
shop_grocery,54.0038380,28.0307690
fap,54.0048463,28.0328234
fap,53.8876530,27.4205253
shop_grocery,53.7969964,27.7973408
station,54.2970275,28.9328988
shop_grocery,53.1461699,29.2219263
shop_grocery,53.1436362,29.2298999
shop_grocery,54.5084889,30.4202095
station,51.9888019,26.7702411
station,51.6981391,23.5987696
shop_grocery,53.1759653,29.1876136
shop_grocery,54.2781607,28.7665107
shop_grocery,54.2777317,28.7720763
bank,53.9243510,27.6122693
sports_centre,53.9104960,27.4305985
post_office,53.6647346,23.8197862
post_office,53.6766795,23.8382976
post_office,53.6850487,23.8470318
shop_grocery,52.5272636,24.9689052
cafe,53.9056499,27.4341837
fap,53.9226050,27.6703943
restaurant,53.8973703,27.5559871
cafe,53.7819876,30.0100488
cafe,53.1265954,25.9087846
shop_grocery,53.1266113,25.9089619
shop_grocery,55.0292735,27.7806363
bank,52.8899650,25.8524542
fap,52.8930572,25.8554046
cafe,55.1886270,30.2561401
cafe,53.9259356,27.4439182
school,52.8077080,30.0797967
shop_grocery,52.8886706,30.0559595
shop_grocery,54.4301389,25.9502417
shop_grocery,55.2236873,30.0967939
shop_grocery,55.1997064,30.2448405
shop_grocery,52.6278704,29.7540641
shop_grocery,53.6970418,23.8537849
shop_grocery,52.9558687,26.3055007
shop_grocery,53.7055947,31.7248949
shop_grocery,53.7033561,23.8406067
cafe,53.6881097,23.8358770
bank,54.4235534,25.9347275
shop_grocery,54.2693186,27.1034579
cafe,54.4240930,25.9342332
fap,53.6910200,23.7996661
bank,54.4320597,25.9563589
bank,53.7955741,27.3784598
cafe,53.9022487,27.4905131
bank,53.8929760,27.4889493
shop_grocery,55.2053383,30.1867731
bank,53.4420003,23.9330948
post_office,53.4419847,23.9330646
shop_grocery,53.4423461,23.9322431
cafe,53.4450708,31.0050501
shop_grocery,53.4455319,31.0050486
cafe,53.4451933,31.0050839
station,53.6975248,27.2379484
shop_grocery,55.2903701,30.3242984
bank,53.9114949,27.4545673
station,55.1379898,26.6841126
sports_centre,53.9232151,27.4246657
shop_grocery,54.1021402,27.1582757
post_office,53.9234159,27.4419144
shop_grocery,55.1623955,30.2303914
shop_grocery,54.8951721,26.6805897
post_office,52.1332764,26.1140782
cafe,53.7432142,27.3272157
shop_grocery,55.2041396,30.2118877
shop_grocery,53.4414871,27.2315308
shop_grocery,52.7113623,30.3360797
bank,53.1515787,29.2256119
shop_grocery,54.1998965,27.8391475
bank,52.2761415,25.6893503
post_office,52.2763114,25.6889372
bank,52.3167549,25.6109718
post_office,52.3168237,25.6108002
bank,52.3168827,25.6097889
shop_grocery,52.3128540,25.6163470
restaurant,52.3162531,25.6087349
shop_grocery,55.5406267,28.6265247
shop_grocery,53.8598187,27.5709360
post_office,54.1114544,27.5951693
shop_grocery,55.4044428,30.7171365
shop_grocery,53.9204289,25.3101906
shop_grocery,55.0983368,26.8388691
cafe,55.1724736,30.2420136
cafe,55.1922699,30.2028568
post_office,52.2362428,25.6694012
restaurant,54.8716507,26.9286642
cafe,54.8717072,26.9287337
shop_grocery,53.9257537,27.4230929
bank,53.9149523,27.6759820
shop_grocery,55.2257658,30.1156453
bank,53.8819901,27.6124149
shop_grocery,53.8858748,27.6073701
shop_grocery,53.8830049,27.6146511
bank,53.8221178,27.5307846
shop_grocery,53.8229972,27.5313737
shop_grocery,53.7830040,24.8482665
restaurant,53.7830230,24.8488244
shop_grocery,53.7826950,24.8491918
shop_grocery,53.7824224,24.8486661
shop_grocery,53.7855963,24.8461699
restaurant,53.8996526,27.5430438
bank,55.2155245,30.1310482
station,55.3897348,30.0827134
cafe,53.9042271,27.5482983
school,53.1353771,29.2303097
school,53.1375418,29.2020836
cafe,52.1582040,26.0926012
cafe,53.4872296,26.7452276
shop_grocery,52.1479728,25.5383416
cafe,53.9062384,27.5423710
shop_grocery,53.9661712,30.1704168
shop_grocery,53.9288097,30.2688675
post_office,55.4085165,30.7271295
shop_grocery,53.9064167,29.3995829
bank,55.1597308,30.1665733
shop_grocery,53.9721150,27.8311776
shop_grocery,54.0633031,27.2596143
cafe,53.6167661,24.7327544
bank,53.6040804,24.7392565
restaurant,53.6038678,24.7421688
shop_grocery,53.6025717,24.7415867
shop_grocery,54.8570947,29.1586477
shop_grocery,54.6577305,29.1415442
shop_grocery,54.0298767,28.2070618
bank,54.0963900,28.3523137
cafe,53.9369114,25.7632558
shop_grocery,53.9369331,25.7633985
shop_grocery,53.9318217,25.7813254
cafe,54.8927176,27.7643924
station,53.5080150,24.7237726
post_office,53.8768422,27.9025319
cafe,54.3152807,26.8858303
fap,53.8752716,27.9056125
shop_grocery,55.1748452,30.2499678
school,52.3658545,30.4041792
shop_grocery,53.9137700,27.2544113
shop_grocery,54.6566577,29.1405831
shop_grocery,54.6574988,29.1428115
cafe,54.6574886,29.1427722
bank,53.9060411,27.5423100
shop_grocery,54.5127940,30.4111772
shop_grocery,53.2946852,28.6368185
cafe,54.4958576,30.4023142
bank,54.4966819,30.4016754
bank,54.4955289,30.4019174
post_office,54.4955832,30.4019888
bank,55.1913224,30.2039921
bank,55.1914023,30.2035873
bank,52.1580401,26.0925264
shop_grocery,55.3588112,30.0712521
bank,55.1914260,30.2037295
shop_grocery,52.2867557,30.9184237
shop_grocery,55.1915895,30.2321972
post_office,53.1916587,24.0211034
cafe,55.5281111,28.6466939
restaurant,55.6374682,27.0356359
bank,55.1741499,30.2006463
shop_grocery,54.1664960,27.8191743
post_office,52.0161978,29.5232031
cafe,53.9067507,27.5160579
bank,55.6388949,27.0399033
station,55.7069995,29.9864631
cafe,54.7867529,27.4546013
shop_grocery,53.6505940,23.7883764
bank,54.7849900,27.4605478
cafe,53.9125871,27.5325451
station,54.6780423,29.1414341
shop_grocery,54.2964501,26.8259378
cafe,53.9091897,27.4948800
shop_grocery,53.9379448,27.4893913
cafe,53.9055955,27.5635309
shop_grocery,55.5166429,28.6711491
restaurant,53.9361307,27.4823778
station,52.3570430,23.4155133
restaurant,53.9324352,27.5605206
fap,55.1717136,30.1427922
fap,55.2015020,30.1956108
fap,53.8372346,27.6313351
cafe,53.8402796,27.6393735
cafe,53.8487310,27.6333265
cafe,52.7927790,27.9901543
sports_centre,53.8375316,27.6362654
shop_grocery,53.8998619,27.4341895
cafe,53.8445265,27.5258284
shop_grocery,54.1549447,27.2443220
fap,54.1546248,27.2448371
shop_grocery,55.1716518,30.2242125
sports_centre,53.8937667,27.5191037
bank,54.5088216,30.4207086
shop_grocery,53.1322385,29.2279009
sports_centre,53.9074509,27.5317162
bank,54.4859626,30.4159924
post_office,54.4860142,30.4158383
shop_grocery,54.4860607,30.4154012
restaurant,52.4271998,31.0199752
cafe,52.4228608,31.0142889
post_office,53.8577847,30.3054783
bank,54.5208310,30.3759140
post_office,54.5211035,30.3771961
bank,54.5206837,30.4363341
pool,53.9162398,27.5967803
bank,53.9179506,27.4473025
cafe,53.9268336,27.6888148
shop_grocery,55.1807478,30.1534071
restaurant,55.1448207,27.0065693
post_office,55.1533891,26.9980594
school,55.1428194,27.0131087
shop_grocery,53.8461120,27.4858996
cafe,53.9049740,27.4570367
shop_grocery,52.7845945,27.5456330
bank,52.7830101,27.5438874
shop_grocery,53.8449354,27.5597634
cafe,53.8453305,27.5606047
bank,52.1001379,23.6940517
shop_grocery,55.1607100,30.1720433
cafe,52.8131921,27.5525114
bank,55.4966329,28.7523532
pool,53.9133175,27.4425472
shop_grocery,53.9056862,27.4490373
sports_centre,53.9053255,27.4512436
shop_grocery,53.1551015,24.4437188
shop_grocery,54.5218030,30.4037765
shop_grocery,54.5412299,30.4473729
fap,53.6971997,23.7927501
fap,53.6908970,23.7995459
shop_grocery,53.6033593,24.7320297
cafe,53.8763674,27.5530669
pool,53.8892839,27.5877813
bank,53.9044123,27.5528637
bank,53.8928785,27.4587712
shop_grocery,53.8444457,27.4703759
shop_grocery,53.9997095,27.6327178
pool,53.9931069,27.6746464
pool,53.9863063,27.6753532
sports_centre,53.9861195,27.6763105
shop_grocery,54.0128122,27.6785674
fap,53.9955413,27.6773017
post_office,53.9940752,27.6729825
bank,53.9940027,27.6729020
shop_grocery,53.3180078,28.6243593
bank,53.3093159,28.6381104
shop_grocery,53.3079355,28.6384380
bank,53.3074880,28.6365531
pool,51.8993880,26.8689810
post_office,52.4480845,31.0212439
shop_grocery,52.4671147,30.9848571
shop_grocery,52.4489549,31.0207508
cafe,52.4416679,31.0032356
cafe,55.1915254,30.1923226
cafe,52.4245857,31.0098975
restaurant,52.1151503,26.1143189
cafe,52.1141187,26.1139087
restaurant,52.1141137,26.1147218
cafe,52.1134094,26.1091849
cafe,52.1161440,26.0964479
shop_grocery,53.9387741,27.6851888
shop_grocery,53.9382421,27.6855804
shop_grocery,53.8899430,27.5556304
cafe,53.8904107,27.5540681
cafe,53.8904850,27.5537811
cafe,53.8898903,27.5557158
cafe,53.8903656,27.5537077
shop_grocery,53.8552555,27.4462015
shop_grocery,53.8530761,27.4431949
sports_centre,53.8552471,27.4392429
shop_grocery,53.8623447,27.4485337
cafe,53.9108114,27.5767639
cafe,53.9078385,27.5754984
cafe,53.9137980,27.5756430
cafe,53.8939013,27.5514391
cafe,53.8962810,27.5543590
cafe,53.8980295,27.5560568
bank,53.9139989,27.5526546
bank,53.9144843,27.5537388
restaurant,51.8135149,23.7051112
restaurant,53.6826254,23.8334814
cafe,53.8935822,25.3010269
shop_grocery,53.9440983,27.6868983
bank,53.9448229,27.6892165
shop_grocery,52.3582481,31.0290030
cafe,52.4246785,31.0109146
cafe,55.5342890,28.6443470
shop_grocery,53.9192536,27.6414425
shop_grocery,53.9301176,27.5989913
school,53.9298627,27.5970664
shop_grocery,53.9263234,27.5455499
sports_centre,53.9297649,27.5415357
shop_grocery,53.9270236,27.5434926
bank,53.9202213,27.5576673
pool,52.3825139,31.0266646
cafe,53.9047318,27.4576925
fap,53.9073919,27.4737198
sports_centre,53.9043433,27.4577016
cafe,53.9114982,27.4545021
restaurant,53.9395152,27.6019270
fap,53.8646695,27.4697450
station,53.6182659,24.1088024
bank,53.9369921,27.6734684
bank,53.9369631,27.6736119
shop_grocery,53.9506549,27.6938606
bank,53.8865662,27.6079811
bank,53.9507587,27.6936691
fap,53.9483013,27.6725792
bank,53.8694758,27.5693259
shop_grocery,53.8716664,27.5687637
cafe,53.8963466,27.5531035
cafe,53.4871956,26.7448849
sports_centre,53.8897430,27.6491022
bank,53.9076212,27.4373986
cafe,53.8581660,27.6036062
cafe,53.8555400,27.6097290
bank,53.8898334,27.4289220
pool,53.8919200,27.5659169
sports_centre,53.8822995,27.6169142
sports_centre,53.8823043,27.6170281
cafe,53.9078974,27.5756915
fap,52.7800374,27.5341363
shop_grocery,53.8875447,27.4349370
fap,52.7782268,27.5327886
shop_grocery,53.8322418,27.7363180
shop_grocery,53.7897283,27.5256170
shop_grocery,53.8389528,27.5678568
post_office,53.8432211,27.4803915
shop_grocery,53.9494415,27.6750427
cafe,53.9548188,27.6928508
shop_grocery,53.1376289,29.2174847
cafe,53.1376210,29.2176910
cafe,53.8901299,27.5611887
cafe,53.8971216,27.5657256
cafe,53.8950771,27.5531619
cafe,53.8495177,27.6640620
shop_grocery,54.5435805,30.4494499
bank,54.4928825,30.4306709
shop_grocery,53.0432501,26.2473881
bank,53.9071308,27.5509416
shop_grocery,53.8511308,27.4524000
shop_grocery,53.8516295,27.5533353
shop_grocery,53.8509389,27.5529634
cafe,53.9021344,27.5531830
school,52.7859593,27.5343232
station,53.1626869,32.2664539
shop_grocery,53.9189984,27.6259743
shop_grocery,53.9062262,27.4952597
fap,52.0587488,23.7325501
shop_grocery,52.9123580,30.0443354
shop_grocery,52.8819996,30.0095927
shop_grocery,53.9381180,27.4864544
bank,53.9378431,27.4883875
cafe,53.9382179,27.4886126
cafe,53.9381595,27.4889264
cafe,53.9379849,27.4858266
shop_grocery,53.9318921,27.5628930
cafe,53.9396731,27.4423222
sports_centre,53.6747792,23.8083277
shop_grocery,53.8950693,27.4818094
bank,55.1640530,30.1873676
bank,53.6563998,23.7807175
shop_grocery,52.2158580,27.8544936
cafe,55.1928855,30.2144711
shop_grocery,53.9256253,27.4454878
shop_grocery,53.1207532,29.2331575
bank,52.5578398,24.4570761
cafe,53.1159055,29.2468043
shop_grocery,53.1474189,29.2290691
sports_centre,53.1415368,29.2293590
bank,53.1380556,29.2274934
bank,53.1388046,29.2270532
restaurant,53.6767674,23.8302147
cafe,53.8875620,25.3013277
sports_centre,53.8881668,25.3002337
post_office,55.1314057,30.2603871
cafe,53.8436759,27.6944429
shop_grocery,53.8440164,27.6960305
cafe,54.4317338,25.9555568
shop_grocery,54.4328848,25.9585843
shop_grocery,52.2039515,27.8564176
shop_grocery,52.2045625,27.8555840
cafe,53.6118145,24.7370492
shop_grocery,53.2204845,27.5500848
cafe,52.4273143,30.9107648
cafe,52.4344344,30.8668617
post_office,54.8931473,27.7644724
shop_grocery,54.8927960,27.7640729
sports_centre,52.3816810,31.0245640
cafe,54.8940565,27.7589998
restaurant,55.1695760,30.2243288
shop_grocery,52.4078717,30.9239197
shop_grocery,52.3373263,31.3226524
bank,52.3362080,31.3226897
shop_grocery,52.3709753,30.3888176
sports_centre,52.3705354,30.3875411
shop_grocery,53.8799098,30.3164189
shop_grocery,52.2224175,27.8523630
bank,52.4071663,30.9216979
fap,53.9075432,27.4389668
shop_grocery,53.9074080,27.4385117
shop_grocery,53.5945419,25.8245626
fap,53.6790699,23.8345044
station,52.1234342,29.2704467
shop_grocery,52.0857454,29.2295508
bank,52.4205449,30.9597977
shop_grocery,52.4206635,30.9585991
bank,52.4206761,30.9526180
shop_grocery,52.3705701,30.3893444
bank,52.3694262,30.3928423
shop_grocery,53.7094104,28.4145491
shop_grocery,54.0051920,25.6081842
shop_grocery,54.5026577,30.4114545
school,52.3682701,30.3955288
sports_centre,53.8835974,27.6327880
station,52.3344171,30.2025487
station,52.3363886,30.2278110
cafe,54.8153687,29.7083541
sports_centre,54.8132391,29.7143493
cafe,53.9011444,27.5419899
post_office,54.4093166,29.6920501
shop_grocery,53.9059895,27.4435198
shop_grocery,54.1789105,29.2125855
shop_grocery,54.2768759,28.8371801
shop_grocery,52.2750508,31.2651669
shop_grocery,53.9220771,27.4313937
station,53.7162184,27.2710256
station,53.6726568,27.1342408
station,53.6825670,27.1590037
station,53.6831468,27.2141339
station,53.8737143,27.5211866
station,53.6432765,27.0970400
station,53.6071429,27.0724750
station,53.5638896,27.0075434
station,53.5008878,26.7909412
bank,52.9010992,30.0442155
shop_grocery,52.8938177,30.0463269
shop_grocery,52.8926175,30.0366028
station,53.7847614,27.6050400
station,53.2532950,28.8650867
post_office,52.9489958,29.9984051
shop_grocery,54.3055137,26.8253345
bank,54.3096988,26.8416845
shop_grocery,54.7006669,29.1391327
shop_grocery,55.1603341,30.2063169
shop_grocery,55.1606676,30.2065009
station,52.8896110,29.9988222
school,53.8762693,27.5660850
sports_centre,55.5374759,28.6508543
post_office,52.9115632,30.3216132
shop_grocery,53.8717860,27.6194953
station,54.2839991,26.9525185
station,54.2528938,27.0665884
shop_grocery,52.9134606,30.3157964
restaurant,52.3697681,30.3901467
station,54.5714755,25.9513964
shop_grocery,53.8958337,27.6516934
cafe,54.5096407,27.2205249
station,53.1292146,26.0423391
station,53.2355549,26.3828509
post_office,54.4790015,26.8937335
shop_grocery,52.2124724,27.8472568
shop_grocery,52.3570566,30.4246942
shop_grocery,52.3558795,30.4165437
station,52.1429030,23.8511286
station,52.2347643,24.0883154
station,52.1709468,23.9395635
station,52.0275797,23.7119454
station,52.2241508,23.5511287
station,52.1955587,23.5942545
station,52.2190974,24.2289401
station,51.4964338,30.5204805
bank,52.3664476,30.4020042
station,52.1177740,25.9228333
station,52.1462725,25.3920053
sports_centre,53.9053037,27.5371675
post_office,52.0916048,23.6548766
shop_grocery,55.1830162,30.1609377
cafe,53.9100179,27.5736643
bank,54.4844020,30.3189808
bank,52.0368012,29.2065704
station,52.1882886,26.2873033
station,52.2192456,26.3527063
station,51.8520556,26.7838258
bank,52.0361546,29.2062783
shop_grocery,52.7875136,30.3275951
fap,52.7892439,30.3306326
station,52.3876843,30.6934775
station,52.7815110,26.4137455
station,53.0288636,26.2277373
station,52.5171491,26.6078826
station,52.8849758,26.3571394
bank,52.0300320,29.2432266
shop_grocery,52.0312006,29.2424583
shop_grocery,52.0298497,29.2158960
bank,52.0359392,29.2095674
shop_grocery,55.1861338,30.2346739
restaurant,53.2346310,29.1754930
cafe,51.7848585,28.3281681
station,53.6982667,25.4085419
station,53.2536519,25.8410588
station,53.1760757,25.9455121
station,53.3153119,25.7131670
station,54.2089915,25.3499785
station,54.0569587,25.2935824
station,53.9355884,25.4439871
cafe,53.8497608,27.4779451
shop_grocery,55.1932851,30.2216231
station,54.1604548,26.0935318
station,54.2034547,26.2989445
shop_grocery,54.0947881,26.5130348
station,54.2178664,26.6147017
station,54.2239115,26.6555312
station,54.2279206,26.7075908
station,54.2627247,26.7701274
bank,52.8132402,27.5524837
station,53.5589419,23.6915372
station,53.3593624,24.4539231
station,53.1089095,24.1941687
school,52.7844975,30.3294365
shop_grocery,55.1780124,30.2202287
cafe,55.5205499,28.5470622
sports_centre,53.6822220,23.8296860
station,53.1209284,25.6963259
station,53.0679868,25.1909275
station,53.1519581,24.8905322
shop_grocery,52.9816719,30.1501431
bank,53.9238269,27.6057301
shop_grocery,53.4900823,28.1458281
cafe,53.4904006,28.1461661
shop_grocery,52.8893675,28.6749888
bank,53.8516897,27.4559709
station,53.5113279,28.6430481
shop_grocery,54.8811325,28.7298299
bank,54.5111541,30.4278849
cafe,55.1304429,27.7040655
cafe,54.5061156,30.4321935
sports_centre,53.8329220,28.9905922
shop_grocery,53.8288766,28.9815578
station,52.0861351,29.2362890
bank,53.8499036,27.4621675
shop_grocery,55.2459174,29.5606694
school,52.9467459,29.7899618
shop_grocery,53.8512430,27.4239286
shop_grocery,53.8019614,27.6937176
shop_grocery,53.8136003,27.7270767
shop_grocery,52.7571058,30.2256929
shop_grocery,52.7116409,25.3482613
shop_grocery,52.7006039,25.3190846
shop_grocery,55.2031405,30.2082540
shop_grocery,55.2038968,30.2081786
bank,53.9204912,27.4482358
shop_grocery,53.8741886,27.5354710
shop_grocery,53.8731180,27.5347932
fap,51.9105978,29.9764540
station,53.0287866,27.4359284
station,53.0865172,27.0324243
station,53.0715565,26.9469953
school,52.7603486,30.2234624
cafe,53.5115582,28.1456138
restaurant,54.4259353,25.9376422
shop_grocery,54.8346063,26.8350848
station,52.4980100,30.9866463
station,52.1509802,31.4392230
sports_centre,54.4987642,30.4017971
pool,52.0915354,23.8690906
station,52.8524597,30.1956720
fap,53.1536542,29.2210662
shop_grocery,52.3336018,30.4400539
shop_grocery,52.2444874,24.4112451
shop_grocery,55.6419683,27.0393815
shop_grocery,52.4054804,30.9185949
bank,53.9690935,27.5441758
fap,52.4312754,31.0038918
shop_grocery,53.9869880,27.7952906
cafe,53.9869155,27.7950379
shop_grocery,53.9867923,27.7947052
shop_grocery,53.8926198,25.2734137
shop_grocery,55.1701689,30.1972053
shop_grocery,52.7816782,30.3163138
cafe,53.9380993,27.6064531
shop_grocery,53.8176274,27.4283902
shop_grocery,53.8175740,27.4283016
shop_grocery,53.7066951,23.8583783
bank,52.8927709,30.0355009
cafe,53.9888543,27.7928802
cafe,53.8263201,27.4361286
station,51.7565580,29.1245882
cafe,52.4055203,30.9420306
bank,53.9307010,27.5897250
fap,53.8122927,30.9734803
station,53.9471076,27.4262547
bank,53.9455242,27.4284240
shop_grocery,53.9455670,27.4283651
post_office,53.9441271,27.4306392
sports_centre,53.6994727,23.8103041
shop_grocery,53.0940397,30.0378835
sports_centre,53.8931942,27.4594598
shop_grocery,53.0891602,30.0368873
shop_grocery,52.8101189,29.9510125
station,53.8898402,27.5466801
restaurant,53.9008434,27.5601864
shop_grocery,53.6909116,23.8743959
shop_grocery,53.6909319,23.8735254
school,53.9345602,30.2882028
station,53.9001362,30.2595609
station,52.1416650,29.3381631
shop_grocery,53.9816805,31.5844354
bank,53.7474417,27.3280820
shop_grocery,53.6753007,23.8349492
shop_grocery,53.8889203,30.2871263
shop_grocery,53.8629801,30.3591071
station,53.6650253,29.6624368
school,53.0426038,29.9198506
school,53.0422698,29.9164001
shop_grocery,55.5476831,27.2519913
shop_grocery,55.4300279,27.2778578
shop_grocery,55.3985421,27.6640771
shop_grocery,55.4632517,27.8838778
shop_grocery,55.4510344,27.2300302
shop_grocery,55.5817925,27.1166018
shop_grocery,55.5049962,28.3982372
shop_grocery,55.5046930,28.3978097
shop_grocery,53.8623771,30.2500952
restaurant,53.9042688,27.5583062
shop_grocery,53.1029726,30.0667370
cafe,55.1970541,30.1918130
cafe,53.8936313,27.5536057
cafe,53.9688228,27.7457711
shop_grocery,53.9636943,27.6178006
fap,53.6882390,23.8248718
shop_grocery,55.1938772,30.2338821
shop_grocery,53.0896723,30.4589571
post_office,53.6219720,28.4932701
shop_grocery,53.6226002,28.4933550
cafe,53.9704916,27.0156009
sports_centre,53.9239084,27.4352664
cafe,53.7008289,23.8165539
shop_grocery,53.6841230,31.6880534
shop_grocery,53.6842501,31.6877481
shop_grocery,54.9182524,30.2017427
shop_grocery,54.8553304,30.2243259
post_office,54.8906956,30.2470657
bank,53.8454057,27.5674499
shop_grocery,52.0940875,23.6923376
shop_grocery,54.2345938,25.3579268
restaurant,53.9435105,27.6330919
shop_grocery,55.1873410,30.2330486
bank,53.8871454,27.4228235
restaurant,53.9295768,27.6405631
school,52.1042201,23.6769525
fap,53.9027310,27.5821881
shop_grocery,53.5948727,27.0411790
post_office,55.9030242,28.8154704
cafe,53.8479233,27.6953454
shop_grocery,53.6322276,26.9428492
shop_grocery,55.2038150,30.1922731
cafe,55.2037714,30.1921563
restaurant,53.8788817,27.5335826
shop_grocery,53.6993927,23.8140113
cafe,55.1740557,30.2279477
cafe,54.0623939,27.5566995
fap,52.4039772,23.8273957
shop_grocery,55.1444376,27.2073669
station,54.6376176,29.9630722
post_office,53.5190328,26.9294635
bank,53.5189999,26.9294358
shop_grocery,53.5200724,26.9241231
shop_grocery,54.0632409,26.5254422
shop_grocery,52.8939431,30.0346537
shop_grocery,52.9090384,29.9122337
school,52.9065055,29.9068718
bank,52.8992478,30.0188682
shop_grocery,52.9001809,30.0174058
shop_grocery,52.2674857,30.9066658
shop_grocery,52.4559046,31.0279357
cafe,53.9195518,27.5797997
shop_grocery,52.1327249,28.4883163
shop_grocery,52.1252376,28.4950872
cafe,53.1172949,23.9746107
shop_grocery,53.1177030,23.9740897
shop_grocery,55.4840684,28.7868679
cafe,55.4882580,28.7682253
shop_grocery,53.7234851,28.9510795
post_office,54.1790571,28.4710256
shop_grocery,54.3207589,29.1143514
cafe,53.9005716,27.5853590
cafe,54.1785380,28.4763363
shop_grocery,55.4884542,28.7867122
shop_grocery,55.1731883,30.1529851
bank,53.8445687,27.4739316
restaurant,53.4511565,26.4732277
shop_grocery,52.1219981,28.4822164
shop_grocery,55.1569299,30.2110756
cafe,53.8602953,27.4980040
post_office,54.9365914,26.6907002
bank,54.9365047,26.6907915
shop_grocery,52.1254232,28.4935109
fap,53.9076541,27.4777624
restaurant,52.0328086,29.2221045
shop_grocery,55.1827916,30.2280253
cafe,52.5696967,23.8037633
shop_grocery,53.1583380,29.1898530
cafe,53.9152276,27.5847303
post_office,53.8586829,27.4633706
bank,53.1511069,29.2262771
shop_grocery,53.1476308,29.2337081
post_office,53.1434769,29.2278767
shop_grocery,53.1407460,29.2262020
bank,53.1384040,29.2228280
bank,53.1421170,29.2272960
shop_grocery,53.1398360,29.2226350
cafe,53.8584560,27.4970611
bank,53.9070035,27.4467311
station,53.9931689,27.9513174
sports_centre,53.9457165,27.6829349
sports_centre,53.9310169,27.6452047
shop_grocery,53.0984040,30.0612249
shop_grocery,53.0999592,30.0633395
fap,53.1169848,29.9610694
cafe,53.9268105,27.6859026
shop_grocery,53.4494937,31.0054797
shop_grocery,53.1172002,30.3726301
station,52.1406329,29.3504354
shop_grocery,53.8454342,27.4138800
station,52.3492126,30.3934659
cafe,54.4817552,26.4002937
shop_grocery,53.9020350,27.4853380
shop_grocery,55.5131486,28.6823995
bank,53.6624541,27.1412609
cafe,52.9433780,25.7089140
bank,53.9220125,27.4311481
shop_grocery,53.9164229,27.2760676
station,54.5952524,30.4334694
bank,53.8883667,27.5445492
shop_grocery,52.1077047,23.8007777
post_office,54.6778984,31.0637150
station,52.3791949,30.5045459
bank,53.9082391,27.5281508
shop_grocery,52.4591046,30.9952573
shop_grocery,53.5782930,27.4625594
post_office,53.5783413,27.4640717
cafe,53.9265292,27.6516839
cafe,52.0767107,23.7219091
shop_grocery,54.2904201,26.8514455
bank,52.2600222,30.5018931
post_office,52.2599522,30.5019706
restaurant,53.9014499,27.5655221
cafe,53.1132790,25.9954671
bank,53.1396030,26.0660381
post_office,53.1395588,26.0660146
shop_grocery,53.8891475,27.5396768
cafe,52.6345287,24.5519687
cafe,52.8662325,24.8921142
shop_grocery,53.3504826,26.6898322
post_office,53.3499462,26.6905037
bank,53.3499143,26.6904182
shop_grocery,53.4557368,26.7340322
shop_grocery,53.4552726,26.7332437
cafe,53.9009252,27.5581499
shop_grocery,53.0141957,29.7781070
school,53.0141549,29.7809065
cafe,53.7175884,25.5038388
shop_grocery,53.7238755,25.5122200
cafe,53.7174322,25.5045740
cafe,53.7174337,25.5071306
fap,53.6862152,23.8261013
fap,53.7103250,23.8504390
fap,53.7024643,23.8059642
fap,53.6579435,23.8352235
shop_grocery,53.8376441,27.6925360
cafe,53.7157811,25.4992997
shop_grocery,53.1374565,29.1964084
shop_grocery,52.4693846,28.9305962
shop_grocery,53.5919341,25.1472218
station,52.1366029,29.2625088
shop_grocery,53.0931821,30.0563845
shop_grocery,55.1929487,30.1916368
cafe,55.2037462,30.2111800
cafe,55.1727672,30.2331955
cafe,53.8492835,27.4570400
bank,53.8494064,27.4805968
bank,53.8426602,27.4769438
shop_grocery,53.1519208,29.2237966
shop_grocery,55.4887424,28.7788677
shop_grocery,54.0658270,27.6972527
shop_grocery,54.0599870,27.6976677
sports_centre,53.0896112,30.0597034
cafe,53.0896171,30.0592224
shop_grocery,53.0897547,30.0565409
shop_grocery,55.1961735,30.2263854
cafe,53.9081534,27.5567126
fap,53.9051369,27.4418167
sports_centre,53.8456587,27.4806982
fap,55.5119377,28.7707312
shop_grocery,55.3703238,27.4571544
shop_grocery,53.0876330,30.0527652
cafe,53.1632617,24.4743569
cafe,53.9215340,27.5791448
shop_grocery,55.3754684,27.4638283
cafe,55.5363918,28.6430310
post_office,53.2944122,28.6351985
cafe,53.8830726,30.3353014
restaurant,53.8830166,30.3352116
shop_grocery,55.3595736,27.4704002
sports_centre,55.3752897,27.4639059
post_office,55.4826267,28.8336068
shop_grocery,55.4994923,28.7719884
post_office,52.1276761,26.1307884
cafe,52.3521357,30.4034742
shop_grocery,52.3522644,30.4034062
shop_grocery,52.3579098,30.4071091
cafe,53.8909398,25.2961671
shop_grocery,53.8936647,25.2872860
post_office,53.4044256,26.8388801
shop_grocery,53.4060042,26.8400078
shop_grocery,53.4055229,26.8385510
bank,53.4055474,26.8392170
fap,52.3841393,30.3460715
shop_grocery,53.8968255,25.3004886
cafe,53.8916430,25.2951878
cafe,53.8845656,25.2946799
cafe,53.8973912,25.2908307
post_office,52.4777819,31.0237874
bank,54.5087130,30.4204825
restaurant,54.5216183,30.4378439
bank,54.5108800,30.3982878
shop_grocery,54.5108406,30.4244581
shop_grocery,53.7667151,28.6748142
shop_grocery,53.2953505,28.6365020
shop_grocery,53.2935959,28.6355484
shop_grocery,53.2939495,28.6357333
shop_grocery,53.2919522,28.6271782
bank,53.2961556,28.6371284
restaurant,55.4959867,28.8064698
shop_grocery,55.4854854,28.8368526
shop_grocery,55.1944991,30.2331585
cafe,55.1950122,30.2329829
fap,55.4761613,28.7420435
fap,55.4762416,28.7407259
shop_grocery,53.1074802,30.0376488
shop_grocery,53.1039424,30.0336138
shop_grocery,53.1069594,30.0363439
cafe,55.4827509,28.7823832
shop_grocery,53.0936562,25.3920147
shop_grocery,55.1572091,30.2124442
bank,53.8743277,27.5670101
cafe,53.8717388,27.5686815
bank,53.8613381,27.5662929
shop_grocery,53.8734914,27.5354528
shop_grocery,53.9050584,27.5525225
shop_grocery,53.8737447,25.3168278
shop_grocery,53.6256204,24.7289721
shop_grocery,53.6679258,23.8748022
shop_grocery,53.7520743,28.0120138
shop_grocery,53.1498774,26.0708564
sports_centre,53.9171804,27.5856297
bank,53.9268301,27.5897413
station,53.9372345,27.4423788
post_office,53.9280238,27.6264315
bank,53.9281246,27.6262627
sports_centre,53.9326569,27.6090063
sports_centre,53.9254629,27.6204455
fap,53.9278828,27.6285129
cafe,53.9283942,27.6277362
cafe,53.9291492,27.6304571
shop_grocery,53.9319307,27.6106457
restaurant,53.9305339,27.6092144
cafe,53.9249476,27.6135196
bank,53.9246704,27.6135969
bank,53.9238433,27.6088262
cafe,53.8147219,27.6880314
fap,53.9182857,27.5904173
cafe,53.9188129,27.5914805
fap,53.9165023,27.5870737
shop_grocery,54.8831368,27.7758412
restaurant,53.9084386,27.4692343
cafe,53.8707973,27.6848068
post_office,53.1922850,29.2255406
cafe,53.1622076,29.2174060
shop_grocery,52.8805343,30.0908728
school,52.9656467,30.1991667
bank,53.8918197,27.5518442
cafe,53.1340182,29.2272689
shop_grocery,53.1336914,29.2272283
post_office,53.6393577,24.4782758
cafe,53.6352974,24.4744977
shop_grocery,53.1316350,29.2257351
shop_grocery,53.1393248,29.2201482
shop_grocery,55.2233992,30.2482234
post_office,55.2233665,30.2481637
shop_grocery,55.2005519,30.2567122
shop_grocery,53.9329701,27.4735536
school,53.9564808,27.5382689
bank,52.1011092,23.7244445
bank,53.8502882,27.4762500
shop_grocery,55.5295063,28.6666821
post_office,55.1938398,30.1863029
cafe,53.4161364,24.5500388
shop_grocery,54.9102272,30.3767639
post_office,53.4264147,24.6268423
bank,53.4263498,24.6268111
shop_grocery,53.7692109,28.8086542
cafe,53.8967286,27.5539523
fap,53.9133573,27.5268202
shop_grocery,52.0187796,29.2028217
cafe,54.3098877,26.8413175
cafe,55.4887687,28.7855211
shop_grocery,53.9057709,27.4400546
bank,53.9443086,27.6099058
shop_grocery,53.8480630,27.5262818
shop_grocery,53.9058569,30.3638251
bank,54.0975624,28.2966888
cafe,54.0857195,28.3082294
cafe,54.1155788,28.3523197
cafe,54.1122779,28.3483182
fap,54.0997646,28.2981613
shop_grocery,54.0879793,28.2991176
sports_centre,53.8874549,27.4509670
shop_grocery,55.2939107,30.2502582
sports_centre,53.8940818,27.4513297
shop_grocery,53.9046697,30.3581106
shop_grocery,53.9047697,30.3583688
shop_grocery,55.4843743,28.8001933
shop_grocery,55.1433517,27.7183375
shop_grocery,55.5000524,28.7687376
cafe,52.3583480,31.0289307
shop_grocery,53.9386155,27.6408905
shop_grocery,53.9264027,27.4406347
bank,52.1422956,23.6571820
post_office,54.5119003,30.3585277
bank,53.8501606,27.4738055
bank,53.8513459,27.4744834
shop_grocery,53.8526872,27.4746561
shop_grocery,53.8516197,27.4768141
restaurant,54.1162946,31.0959034
restaurant,54.1184271,31.0909558
shop_grocery,53.9129649,27.4349381
shop_grocery,53.1318191,26.0167509
shop_grocery,53.1310261,26.0174129
bank,53.1338211,26.0188060
shop_grocery,53.1324031,26.0237478
bank,53.1319050,26.0155319
pool,53.1361353,26.0212593
shop_grocery,53.1324040,26.0299460
bank,53.1294666,26.0070951
bank,53.1305438,26.0156677
bank,53.1299870,26.0181889
post_office,55.1539009,30.2204273
shop_grocery,53.8976375,25.2675403
shop_grocery,53.6034777,25.3804262
shop_grocery,53.9564176,27.7241463
restaurant,55.4915054,28.7814559
shop_grocery,53.0978895,30.0431816
cafe,53.9492764,27.7069521
fap,53.9236966,27.6067524
fap,53.9077242,27.5753479
cafe,53.9010488,27.5524679
cafe,53.9041678,27.5522138
shop_grocery,53.0977900,30.0443347
shop_grocery,53.9474649,27.6128063
bank,53.9469016,27.6152638
cafe,54.4871912,26.9126853
shop_grocery,53.0975679,30.0419263
cafe,54.4849138,26.9108503
shop_grocery,54.4866745,26.9123828
restaurant,52.2030182,24.2677402
cafe,53.9043829,27.5525797
shop_grocery,53.9229625,27.5561926
sports_centre,53.8703942,27.6229882
cafe,53.8662351,27.5918125
bank,53.9111353,27.4350242
shop_grocery,54.4815364,26.8920582
shop_grocery,54.4811473,26.8910247
cafe,54.4780430,26.8950451
shop_grocery,53.6749647,26.7820642
shop_grocery,53.9197722,27.5734083
shop_grocery,52.1478332,25.5394761
cafe,52.1477871,25.5393233
shop_grocery,52.1462876,25.5369232
cafe,52.1460704,25.5370895
post_office,52.1462143,25.5369828
cafe,52.1463650,25.5356693
sports_centre,52.1480427,25.5340866
shop_grocery,52.1473119,25.5326462
bank,52.1450965,25.5342314
shop_grocery,52.1436989,25.5347645
shop_grocery,52.1440629,25.5338013
shop_grocery,52.1408302,25.5364248
shop_grocery,52.1346581,25.5391406
bank,52.1344422,25.5383464
bank,54.6548748,29.1423365
cafe,53.8916970,25.3035820
shop_grocery,53.9225172,27.5627362
station,52.8704653,30.1284097
fap,52.0462365,29.2536677
bank,54.6557320,29.1454607
bank,52.0997699,28.8134575
bank,51.8822198,29.1957367
bank,51.9949950,29.3305627
bank,51.9237307,28.9823643
bank,52.0485725,28.6984787
bank,52.0008905,29.1696281
post_office,52.0997996,28.8136828
post_office,52.0485535,28.6982307
shop_grocery,53.8855702,25.2945565
bank,53.9047441,30.3427931
shop_grocery,52.1475929,25.5386039
cafe,52.1462377,25.5341418
sports_centre,52.1481011,25.5343054
bank,52.5387052,24.9749388
shop_grocery,53.7466917,27.4353148
sports_centre,53.8893065,30.2933518
bank,53.8377774,27.7031239
fap,53.1147345,26.0150965
cafe,53.1191261,26.0278135
bank,54.3205979,26.8393296
bank,52.2198117,27.4888036
bank,52.2265883,27.4832360
shop_grocery,52.2234331,27.4876049
shop_grocery,52.2197569,27.4913738
cafe,52.2200099,27.4912250
post_office,53.1413077,26.0453638
bank,53.1185010,26.0271151
shop_grocery,53.1287724,26.0304778
sports_centre,53.9240902,27.5603982
restaurant,53.4104319,24.5392083
cafe,53.4105038,24.5393767
shop_grocery,55.3503969,29.2969453
cafe,53.9236201,27.6694939
shop_grocery,55.1683841,30.2509445
shop_grocery,52.0358168,29.2627869
shop_grocery,53.8474813,27.4882512
shop_grocery,53.8477353,27.4862331
shop_grocery,54.4871327,30.4369025
cafe,52.0537541,29.2414970
shop_grocery,52.0537143,29.2415784
shop_grocery,52.0520653,29.2442402
cafe,53.6664798,23.7887348
school,53.6519579,25.3181823
school,53.7329524,25.4166884
school,53.9748323,25.2323171
school,53.9944751,25.3898586
school,53.8517811,25.3648731
school,53.4833645,24.8474908
school,53.5645117,25.1720382
school,53.6419282,25.1759434
sports_centre,53.8815594,25.2889328
shop_grocery,54.4252184,25.9146953
shop_grocery,54.4277912,25.9434710
shop_grocery,54.4232542,25.9336101
shop_grocery,53.0688456,30.0169662
sports_centre,53.0696253,30.0167935
bank,53.0691761,30.0163414
post_office,53.0691405,30.0164506
shop_grocery,53.0870655,30.0123674
cafe,53.9650879,27.6688843
sports_centre,55.1675689,30.1994077
station,54.2507188,28.6982871
fap,51.9262390,29.3343334
fap,52.0356909,29.1966324
bank,53.8126175,27.5285299
shop_grocery,52.6946733,25.2275510
restaurant,53.6813389,23.8315098
cafe,53.9288028,27.5822246
bank,53.8402528,27.5730360
station,54.0940465,30.2694780
restaurant,53.8370980,27.7015720
cafe,53.8489817,27.7000009
cafe,53.8746512,27.6276375
pool,53.8705341,27.6175592
bank,53.8598959,27.4368627
post_office,52.0594151,29.2286766
post_office,52.0538603,29.2337395
shop_grocery,52.0487731,29.2576713
shop_grocery,52.0262687,29.2312064
cafe,52.0382165,29.2087988
shop_grocery,53.9484145,27.6226224
cafe,52.1132900,26.1032250
cafe,53.9487530,27.6832088
shop_grocery,53.9467023,27.6882209
shop_grocery,53.8598733,27.6733044
shop_grocery,53.9169997,27.6288540
bank,53.9290114,27.5824089
cafe,53.9052590,27.5646634
cafe,53.9340015,27.5919361
post_office,53.9324720,27.5889797
fap,53.9457471,27.6920297
bank,53.9324603,27.5848336
bank,53.9452615,27.6907967
cafe,53.9187703,27.6072783
bank,53.9451204,27.6903780
cafe,53.9185302,27.6073213
cafe,53.9453991,27.6832749
sports_centre,52.0275894,29.3083081
bank,53.9453722,27.6833601
shop_grocery,53.9456299,27.6831125
bank,53.9457628,27.6828892
sports_centre,53.8824661,27.5498948
post_office,53.8826694,27.5499426
sports_centre,53.9158067,27.5672592
restaurant,53.8969066,27.5509108
cafe,53.8961676,27.5533356
shop_grocery,53.8484328,27.4565297
pool,53.8703423,27.4683026
cafe,53.6907450,23.8016934
shop_grocery,53.8759536,27.6302789
shop_grocery,53.8763541,27.6300086
cafe,53.8763170,27.6305246
shop_grocery,53.9116372,27.4349498
restaurant,53.9059514,27.5428579
cafe,52.7919747,27.5173369
bank,53.9060795,27.4400248
bank,53.9076606,27.4369429
shop_grocery,53.9130014,27.4351098
bank,54.0307602,28.0847636
shop_grocery,54.0222679,28.0946959
bank,53.1092351,25.9986127
shop_grocery,53.1234292,26.0159518
bank,53.1309601,26.0179128
restaurant,53.1339404,26.0157295
restaurant,53.1351962,26.0145689
shop_grocery,53.1300516,26.0336172
shop_grocery,53.1189816,26.0267699
restaurant,53.1444494,26.0066207
shop_grocery,54.0330212,28.0834348
shop_grocery,53.8830402,27.6581869
bank,53.8802769,27.6685259
shop_grocery,52.1142823,26.0499196
shop_grocery,53.1329719,26.0149645
sports_centre,53.1478710,25.9989963
sports_centre,53.1480654,25.9989411
school,53.1479911,25.9987075
shop_grocery,53.1531563,25.9988780
bank,53.1530412,25.9989672
restaurant,53.1533223,25.9987381
shop_grocery,53.1547860,26.0136810
shop_grocery,52.3204179,25.9915933
bank,53.9371063,27.6733442
fap,53.7389280,27.5017490
sports_centre,53.8617522,27.4798072
cafe,53.8708936,27.4735405
shop_grocery,53.8621435,27.4604217
bank,53.8588261,27.4633896
shop_grocery,52.2326642,26.7924383
cafe,53.9126611,27.5693352
cafe,53.8954595,27.5755781
cafe,52.0933299,23.6812184
sports_centre,53.8966759,27.5003718
cafe,53.8707505,27.5747739
bank,53.8497341,27.4763727
shop_grocery,53.8751020,27.4441274
shop_grocery,53.9633723,28.0239899
cafe,52.5540811,24.4648754
cafe,52.5598569,24.4302532
sports_centre,52.5597560,24.4322814
sports_centre,52.0900575,23.6863055
cafe,52.0864867,23.6830998
bank,52.0865599,23.6847276
bank,52.0941773,23.6837092
station,53.4473780,30.1811680
station,53.6786996,30.2566373
station,52.9538059,30.0074494
station,53.6162072,30.2536225
station,53.7087257,30.2521185
cafe,52.0942084,23.6858543
shop_grocery,53.6989913,28.4405470
station,53.8034561,30.0366980
station,53.3273161,28.7690494
station,53.7041617,29.7751736
station,53.6538410,29.6361843
station,53.7610653,29.9382216
station,53.4830772,29.1673252
station,53.8833846,30.2211454
shop_grocery,52.7007677,25.3194114
shop_grocery,52.5488195,25.0606485
shop_grocery,52.5160204,24.9651936
station,53.2006493,32.2099594
station,53.0212911,32.3786116
post_office,53.1169647,29.9590633
station,53.8404230,30.6076071
station,53.8329675,30.6448589
station,54.3153480,30.2699540
station,53.9914997,30.3138580
station,54.2306749,31.0451505
station,54.0687036,31.2873150
restaurant,52.2130890,23.7581177
shop_grocery,52.2129440,23.7552052
shop_grocery,52.1531196,24.0356290
shop_grocery,52.1950525,24.0374727
shop_grocery,54.4998797,30.4073492
shop_grocery,54.5129942,30.4251027
cafe,54.5118908,30.4272264
fap,54.5131007,30.4286437
shop_grocery,54.4927031,30.3989976
shop_grocery,54.5321330,30.4432550
shop_grocery,54.5071067,30.4170454
fap,52.0919885,23.6842618
bank,52.1027411,23.7867347
cafe,53.8425358,27.5298307
post_office,52.8849001,29.9963254
station,54.6850570,30.3166486
bank,53.8613598,27.6033639
cafe,53.0127112,29.7322405
shop_grocery,52.7140452,27.7877210
shop_grocery,52.7151868,27.7869172
sports_centre,52.0447338,29.2781864
bank,52.0444141,29.2788138
station,54.9855070,30.1774151
station,55.0862970,30.1695819
shop_grocery,55.1912205,30.2028076
shop_grocery,53.8372291,27.7014525
fap,53.8413143,27.7002988
shop_grocery,53.8491039,27.6991575
sports_centre,53.9023372,27.5776737
shop_grocery,54.5337642,25.7245446
shop_grocery,54.5368669,25.7241849
bank,53.9075211,27.4739613
cafe,55.1931002,30.1966611
shop_grocery,52.4733809,25.0019668
cafe,52.0285221,29.2283114
shop_grocery,53.2672129,24.6828606
cafe,53.8337839,27.7879434
cafe,53.9080291,27.5499904
shop_grocery,55.1385771,27.6851977
bank,53.9386542,27.6862620
shop_grocery,53.9453606,27.6891879
cafe,53.9453166,27.6888585
shop_grocery,53.9453974,27.6893071
shop_grocery,54.0189211,27.4518684
shop_grocery,54.4947441,30.4009430
shop_grocery,54.2219914,28.4851976
shop_grocery,52.1232238,25.5406767
cafe,53.4664169,27.2080171
restaurant,53.1521899,29.1830533
shop_grocery,53.9473892,27.7121543
shop_grocery,53.8604396,30.4501889
shop_grocery,52.8766962,30.0014361
shop_grocery,53.8702620,25.2845604
shop_grocery,53.8947603,25.3087913
shop_grocery,53.8901228,25.2864900
shop_grocery,53.9006119,25.3123339
cafe,53.1655865,29.2075536
cafe,53.7816411,27.3628568
shop_grocery,53.7197273,25.4994830
shop_grocery,53.9447008,27.6869437
shop_grocery,53.8955305,25.3183403
shop_grocery,53.9319122,25.2653006
cafe,51.8010259,29.5045552
shop_grocery,51.8009396,29.5046732
shop_grocery,53.8984143,27.5245699
post_office,53.8948264,25.2926162
shop_grocery,55.1290883,27.6870017
shop_grocery,55.1315479,27.6795264
shop_grocery,55.1381042,27.6838259
shop_grocery,55.1345962,27.6824205
cafe,52.2756920,28.7965775
cafe,52.0684774,28.3362998
shop_grocery,53.8825212,25.2957699
cafe,54.5031097,30.0811346
cafe,53.8978982,27.5269799
shop_grocery,55.1397589,27.6710081
post_office,55.1396455,27.6925999
shop_grocery,55.1383025,27.6666387
shop_grocery,55.1411816,27.6943862
shop_grocery,55.1360793,27.6545822
shop_grocery,55.1367279,27.6651904
shop_grocery,55.1394768,27.6837915
bank,53.8910957,25.3026168
bank,53.8921374,25.2559731
school,53.9242962,27.5869661
shop_grocery,53.8716566,27.5726262
shop_grocery,55.1350879,27.6969010
shop_grocery,55.1344200,27.7052431
bank,53.8926527,25.3026960
bank,53.8830999,25.3024327
bank,53.8921282,25.3048783
bank,53.8675943,25.2862269
bank,53.8917829,25.3049086
bank,53.8839363,25.3025703
bank,53.8990872,25.2607891
bank,53.8935243,25.2999190
bank,53.8721430,25.2818732
bank,53.9364924,25.2674478
bank,53.8786792,25.3301790
bank,53.8934280,25.3022924
cafe,53.9167719,27.5572876
bank,53.9021043,25.3182317
bank,53.8946129,25.2917670
bank,53.8917501,25.2564458
bank,53.8935461,25.2995269
shop_grocery,53.8787469,25.2793382
cafe,55.4841837,28.7788791
shop_grocery,55.4841921,28.7787890
shop_grocery,55.4843364,28.7772914
bank,53.8958176,25.3011812
bank,53.8934870,25.3014997
bank,53.8881587,25.2963226
bank,53.8856120,25.3002308
shop_grocery,55.1864314,30.0954053
station,55.8343968,27.7374436
post_office,55.1823925,30.2069214
shop_grocery,55.4883796,28.7751347
bank,55.4937048,28.7687731
fap,53.8507626,27.4764478
restaurant,55.5595565,28.6796336
cafe,55.5309456,28.6472875
cafe,54.6939853,31.0985691
cafe,55.2039897,30.2071549
cafe,55.7635099,27.9407503
station,55.7544647,28.1077498
sports_centre,55.1861251,30.2094484
station,52.2180583,24.1717297
station,54.3196325,29.2619235
station,54.3408395,29.5512563
station,54.3063614,29.1310353
cafe,53.9091786,30.3386579
cafe,53.1817241,26.0408153
fap,53.8762962,27.6823232
post_office,55.2726341,28.9722913
bank,52.3722603,30.3509363
post_office,52.3731151,30.3488710
shop_grocery,52.4512376,31.0192847
shop_grocery,55.1678890,30.2077791
restaurant,53.9040304,27.5561363
station,53.5141469,26.8696131
station,53.8444403,27.4891860
station,53.5063893,26.8339031
shop_grocery,54.8854137,26.9370669
bank,53.8514706,27.4767833
shop_grocery,52.8802852,30.0383615
post_office,53.0386129,28.2668703
post_office,53.0359532,28.2382715
sports_centre,53.9331962,27.5081040
shop_grocery,53.9142323,27.4275443
shop_grocery,53.8394756,27.4636129
bank,52.6295961,29.7436493
bank,52.6300209,29.7440916
shop_grocery,52.5003529,30.9906982
shop_grocery,53.9611986,27.6252775
shop_grocery,52.4032240,30.9110515
shop_grocery,53.9103782,29.4106385
shop_grocery,53.9870513,26.9476571
shop_grocery,53.9139721,27.2544581
post_office,55.5279884,28.6700488
bank,53.9279305,27.4332423
shop_grocery,53.9280102,27.4326340
bank,52.4397313,31.0084792
bank,55.1932303,30.2251428
restaurant,55.4900684,28.7754171
shop_grocery,53.8324534,27.6151096
cafe,53.8324566,27.6156085
shop_grocery,53.6747975,23.8465757
cafe,53.8584244,27.5014816
pool,53.8940761,27.4510927
cafe,53.8942281,27.4506033
water_park,53.9530573,27.4522605
shop_grocery,53.8208830,27.5245009
post_office,52.3548198,31.0393678
bank,54.9096939,26.7066472
bank,53.1025227,30.0665836
sports_centre,53.8758282,27.5647178
cafe,52.9067047,30.0521645
cafe,52.9053698,30.0561804
shop_grocery,53.8744084,27.5641540
shop_grocery,53.6800129,27.1373350
bank,52.1076378,23.7434452
bank,52.1235380,23.5742200
bank,52.2595450,23.4984795
bank,52.1978120,23.5856613
bank,52.2123105,23.7405431
bank,51.5575328,23.6028765
shop_grocery,53.9074359,27.4546269
shop_grocery,53.8943609,27.6423566
bank,51.8812833,23.6545766
shop_grocery,53.8761378,27.6519928
sports_centre,53.8717847,27.5649054
shop_grocery,53.8937975,27.2013883
bank,51.9264623,23.6593050
bank,52.2666562,23.5881293
bank,52.1158598,23.8303054
bank,52.0304666,24.0065022
bank,51.8297840,23.7257703
bank,52.0597862,23.7300693
bank,52.0704460,23.7538194
bank,52.0970444,23.6995161
bank,52.1088695,23.7742165
bank,52.1090658,23.7867296
pool,54.0673845,27.6992267
bank,52.4336046,24.8946452
shop_grocery,55.4714357,28.7500481
pool,53.8914049,27.5564673
cafe,53.9106295,27.5061651
shop_grocery,55.1771579,30.2113438
shop_grocery,55.1787571,30.2101919
shop_grocery,51.7330201,23.6175544
cafe,55.2083413,30.1480643
bank,53.8935871,25.2986611
shop_grocery,55.2318583,30.2720522
shop_grocery,54.6221675,30.3086623
shop_grocery,55.1076448,29.7081960
cafe,52.4388975,31.0037095
bank,52.4567178,30.9606095
cafe,52.4793121,30.9890711
cafe,52.4060007,30.9439236
shop_grocery,53.9049571,27.4090707
bank,56.0149626,28.1115091
pool,53.8897399,27.5584507
shop_grocery,53.9017477,27.6152845
shop_grocery,53.9002546,27.6228600
bank,52.0953125,23.6897408
shop_grocery,53.9208650,27.7073623
shop_grocery,53.6990855,27.1999369
shop_grocery,53.6976985,27.2001629
shop_grocery,53.8402704,27.5690156
shop_grocery,53.9079714,27.4844228
cafe,53.8807555,27.5971726
shop_grocery,53.8807464,27.5972325
cafe,53.8946351,27.4992960
cafe,53.9361095,27.4290658
cafe,53.9384477,27.5461493
cafe,53.9643736,27.6437787
shop_grocery,53.8518602,27.6472687
shop_grocery,53.9361138,27.4290069
shop_grocery,53.9384747,27.5461107
shop_grocery,53.9078398,27.4615781
cafe,53.8907092,27.6460906
shop_grocery,53.8907320,27.6461411
cafe,53.8322440,27.7362558
cafe,53.8524024,27.6759244
cafe,53.9009762,27.6612970
cafe,53.9049642,27.4091559
cafe,53.9166587,27.4135245
cafe,53.9527087,27.9872564
cafe,53.9690181,27.5501936
shop_grocery,53.8789509,27.5869356
shop_grocery,53.9690334,27.5502989
cafe,53.9063386,27.6333492
cafe,53.9077131,27.6116824
shop_grocery,53.9063565,27.6333868
shop_grocery,53.9076876,27.6116510
cafe,53.8443996,27.4703248
cafe,53.9597394,27.6295135
shop_grocery,53.8697775,27.4926591
shop_grocery,53.9601924,27.5383588
shop_grocery,53.9606113,27.5377525
shop_grocery,55.1689946,30.3049847
cafe,52.1298523,28.4971059
cafe,52.1282965,28.4956879
bank,52.9388760,30.4092186
post_office,52.9389774,30.4094401
shop_grocery,53.0314287,27.5621021
shop_grocery,54.0402008,28.0881132
shop_grocery,53.9574021,27.5364340
shop_grocery,52.4003272,30.9141814
shop_grocery,52.3996742,30.9126055
post_office,52.4009708,30.9116071
sports_centre,52.4025072,30.9204091
post_office,52.2678578,31.3528522
shop_grocery,53.7777815,27.9179972
restaurant,53.9352050,27.4949470
restaurant,53.9212856,27.5274009
bank,53.9209920,27.5279992
school,53.8410545,27.5017081
shop_grocery,53.8379920,27.6313571
shop_grocery,53.8781049,27.5966348
cafe,55.1962800,30.1904168
sports_centre,53.9142989,27.5062354
post_office,53.9358874,30.3632448
bank,55.1957533,30.1888895
post_office,53.8895241,27.4157047
shop_grocery,53.9314468,27.4368027
fap,55.2017965,30.2103899
cafe,52.4061427,30.9540870
cafe,52.4123409,30.9541895
cafe,53.8960935,30.3359186
cafe,53.8286345,25.3761581
shop_grocery,53.8285832,25.3761498
cafe,53.9098368,27.4938953
post_office,55.1938190,30.1866031
shop_grocery,53.8760079,27.9061436
shop_grocery,53.8839695,27.5977769
cafe,53.9176910,27.5783063
shop_grocery,55.1821876,30.2479254
shop_grocery,53.9056491,27.4366327
shop_grocery,54.3583042,28.0616685
shop_grocery,55.8183911,28.6061835
cafe,53.9313894,27.5081688
shop_grocery,53.9313227,27.5083776
shop_grocery,55.1232653,30.2751332
shop_grocery,53.8761378,27.9043758
shop_grocery,53.8965493,27.5542993
restaurant,53.9052907,27.5576316
shop_grocery,53.5801501,24.2392607
shop_grocery,53.5787536,24.2381798
cafe,53.9353232,27.4937868
post_office,53.9233112,27.5791137
shop_grocery,53.8976071,27.5705657
cafe,53.8965674,27.5686277
shop_grocery,53.8986267,27.5564782
cafe,53.9084799,27.5814896
cafe,53.9037799,27.5585685
shop_grocery,53.8646837,27.4518037
shop_grocery,53.8942056,27.5212785
bank,53.8580342,27.6079794
bank,55.1629812,30.2078110
shop_grocery,53.8330463,27.7339510
bank,52.2444283,26.8062385
cafe,53.9231769,27.6005083
cafe,53.8811916,27.6080447
cafe,54.2253212,30.3012663
cafe,53.3013125,28.6227756
fap,55.1996941,30.2094717
shop_grocery,52.4048157,30.9190483
shop_grocery,52.4165524,30.9605102
shop_grocery,52.4766921,31.0206608
bank,53.9620005,27.6300004
shop_grocery,53.9554973,27.6249508
shop_grocery,54.9095510,26.7074518
cafe,54.0053461,27.6848651
cafe,53.9040323,27.5510634
post_office,52.4516209,31.0266138
cafe,53.9216672,27.5634883
restaurant,53.9186385,27.5890955
restaurant,53.9026671,27.5568272
shop_grocery,54.2381682,28.4690716
post_office,54.2427098,28.4694999
shop_grocery,53.9087676,27.6321581
shop_grocery,53.9100171,27.6324904
bank,53.9112055,27.6333008
bank,52.4565474,31.0257701
shop_grocery,52.4236589,30.9504991
shop_grocery,52.4241261,30.9488955
shop_grocery,52.8666629,24.8884001
shop_grocery,53.9045078,27.4575225
bank,53.9449406,27.6897790
shop_grocery,53.9440504,27.6881857
shop_grocery,53.9449881,27.6898165
shop_grocery,55.2046230,29.9303457
shop_grocery,55.2046702,29.9303064
fap,53.9534529,27.6340081
shop_grocery,53.8979813,25.2720662
post_office,55.2476800,29.6386743
shop_grocery,53.8950167,25.3024095
shop_grocery,53.8953911,25.3021393
shop_grocery,53.8956197,25.3019773
shop_grocery,55.2911663,29.6331713
post_office,55.2912536,29.6331634
cafe,53.0015887,27.5200184
fap,52.4467175,30.9576079
post_office,53.1525406,26.0123992
bank,52.8939704,30.0291565
shop_grocery,53.4161682,24.5505896
cafe,52.1387297,29.3131408
fap,52.1387242,29.3130658
shop_grocery,53.9342192,27.5417934
sports_centre,53.9495085,27.6826737
cafe,55.1837968,30.2068414
bank,55.1621723,30.2071927
sports_centre,55.1690834,30.1228313
cafe,53.9184748,27.5940177
cafe,53.9172679,27.5953695
cafe,53.9169836,27.5957987
cafe,53.9116957,27.5960116
cafe,53.9120736,27.5948066
cafe,53.9122104,27.5945625
cafe,53.8828748,27.5182627
shop_grocery,53.8820210,27.5142058
shop_grocery,52.2181549,24.4135933
cafe,53.9058804,27.6781804
shop_grocery,53.4627699,23.8859547
shop_grocery,53.4814790,23.8647906
bank,55.2067726,30.2188886
shop_grocery,52.9715767,26.6995277
restaurant,53.6702088,23.8368085
shop_grocery,53.6691489,23.8178391
shop_grocery,53.8475412,27.4158952
fap,52.4105183,30.9516818
shop_grocery,52.0712348,27.2405309
shop_grocery,53.4094477,32.5820580
shop_grocery,53.4083668,32.5982475
school,53.4061948,32.5777710
shop_grocery,53.4079178,32.5772596
shop_grocery,53.4122953,32.5884541
shop_grocery,53.4116709,32.5895937
shop_grocery,53.4062595,32.5696256
shop_grocery,53.4116172,32.5898447
school,53.4120236,32.5862703
school,53.4120034,32.5861748
bank,53.4106544,32.5969478
bank,55.3000345,30.3063155
shop_grocery,52.1377691,29.3145032
cafe,54.3107617,26.2846611
bank,54.3111628,26.2832448
shop_grocery,54.3106257,26.2831180
post_office,52.4052895,30.9461325
sports_centre,52.3956328,30.9692473
shop_grocery,52.3149333,30.5768680
shop_grocery,52.2439919,30.5773418
post_office,53.7947160,27.4551831
post_office,53.8700489,25.2946417
post_office,53.9342480,25.2635255
post_office,53.9140629,25.2378991
post_office,53.8788085,25.3305202
post_office,53.8912787,25.2779272
post_office,53.9085307,25.3135744
post_office,53.8820762,25.2946773
shop_grocery,55.4720694,28.7533783
post_office,53.6092638,27.3729550
cafe,52.0527857,29.2442849
shop_grocery,52.7703048,26.4289526
station,54.0643167,25.9172567
bank,53.8893420,25.2967074
bank,53.8918592,25.3049771
shop_grocery,52.2846858,30.4764766
sports_centre,53.9375916,27.3570023
shop_grocery,53.8342204,30.3344566
cafe,53.9060599,27.4406318
bank,53.9142419,27.4263889
shop_grocery,53.8950721,25.2621391
bank,55.1798942,30.2225636
bank,55.1823311,30.2073846
shop_grocery,54.5111791,26.9274436
cafe,53.8899793,25.2971438
shop_grocery,54.5165418,26.9349278
post_office,55.1681915,30.2816138
shop_grocery,54.2758613,30.9966840
post_office,52.9181488,30.4237031
shop_grocery,53.8900171,25.3013157
cafe,55.1698700,30.2242048
fap,52.0928608,23.6975139
shop_grocery,54.2394859,28.4689998
bank,54.2409562,28.4672885
cafe,55.5073408,28.7032345
shop_grocery,53.1402834,29.1649671
shop_grocery,53.2955519,28.6351708
shop_grocery,54.4150104,28.0344254
shop_grocery,55.1869328,30.1709228
shop_grocery,55.1647994,30.1199105
cafe,55.1617123,30.2356288
cafe,52.0901473,23.6945779
restaurant,52.0958932,23.6902771
shop_grocery,53.4549790,28.4036612
bank,55.1967087,30.2664630
fap,55.1966511,30.2641480
cafe,55.0100827,30.7979421
shop_grocery,52.4478569,31.0206023
station,54.6849868,31.1277125
bank,52.0512572,29.2644717
fap,52.4528366,30.9777904
shop_grocery,53.1406921,29.3028677
shop_grocery,52.4018600,31.0605475
cafe,53.0515692,27.5477805
cafe,53.0298379,27.5534395
cafe,53.0226460,27.5415376
sports_centre,53.9080265,27.5383843
sports_centre,53.9026245,27.4492564
sports_centre,53.9464500,27.5953020
post_office,53.9273118,27.6815902
cafe,52.6287621,29.3813972
shop_grocery,53.1600353,29.2338579
bank,54.0398273,26.6879998
restaurant,54.2578744,26.0100258
sports_centre,55.1769247,30.2263706
cafe,54.5104526,26.1932106
shop_grocery,55.1766937,30.2347930
shop_grocery,52.2828967,30.8860236
bank,54.9014482,26.4008802
cafe,53.8859742,27.5569467
cafe,53.8349097,27.6301013
shop_grocery,53.8457855,27.6325109
shop_grocery,52.7275962,30.1067502
shop_grocery,53.5098239,30.2241160
shop_grocery,53.5251139,30.3417740
shop_grocery,53.5098371,30.2236356
shop_grocery,53.5176399,29.8222239
sports_centre,53.7003411,28.4182305
shop_grocery,52.3388560,30.5504391
shop_grocery,52.9229251,30.0080819
cafe,53.9050681,27.5850701
shop_grocery,53.7125092,31.7168971
cafe,53.8899876,25.3004983
restaurant,53.8790586,25.3296549
shop_grocery,53.8787009,25.3299094
fap,53.9383642,25.2641148
fap,53.9153992,25.2370608
fap,53.8794897,25.3301453
cafe,53.8952404,30.3305296
cafe,53.8983299,30.3367061
post_office,54.1521556,27.1085377
bank,54.1520206,27.1084994
cafe,53.9280716,27.5897161
shop_grocery,53.9143259,27.6767862
restaurant,53.9195442,27.6387248
cafe,53.8716455,27.5737215
cafe,53.8721900,27.5731879
cafe,53.8835475,27.5118047
shop_grocery,51.9053848,30.0096094
post_office,53.0818258,25.2920228
shop_grocery,54.0940012,28.3023710
cafe,53.8889865,27.5398393
bank,54.4365072,30.4473594
post_office,53.6438420,23.8722346
bank,53.6398390,23.8647240
shop_grocery,53.8984610,25.2769222
shop_grocery,53.8977987,25.2783183
restaurant,53.9026579,30.3379372
restaurant,53.9047255,30.3435339
restaurant,53.9051499,30.3434528
restaurant,53.8966566,30.3353902
shop_grocery,53.1904249,26.0757248
shop_grocery,53.1921166,26.0750087
shop_grocery,53.8543524,27.6133868
cafe,52.3155783,25.6024875
shop_grocery,53.9057570,27.4820685
post_office,52.7958143,31.4086475
fap,52.4152109,30.9675157
cafe,53.9391030,27.6512097
shop_grocery,54.0283415,28.0868075
shop_grocery,54.0987626,28.8294131
shop_grocery,54.1824749,29.0367587
shop_grocery,54.1200942,28.8829341
cafe,53.8580017,27.6892433
bank,53.8882348,27.4228071
shop_grocery,53.8960169,27.4327742
restaurant,53.0657943,26.6325177
bank,53.9058667,27.4393325
shop_grocery,53.8962340,27.5648842
cafe,52.1014080,23.6558101
restaurant,53.9120967,30.3187740
cafe,53.9221392,27.6021872
shop_grocery,53.6791673,23.8613614
shop_grocery,53.6901779,23.8658397
shop_grocery,53.6972208,23.8515761
shop_grocery,53.8652283,27.4674134
bank,53.9055506,27.4580949
cafe,53.9153577,27.5535841
sports_centre,53.9468120,27.6404370
sports_centre,53.9569121,27.6184068
bank,53.9570915,27.6157261
shop_grocery,53.9095098,27.5226626
cafe,53.8909077,27.5595294
bank,53.8979901,30.3341806
shop_grocery,53.8971443,30.3353423
restaurant,53.8994653,30.3352169
cafe,53.8992296,30.3332846
bank,53.8953886,30.3338869
cafe,53.8960558,30.3342858
cafe,53.8957293,30.3346477
shop_grocery,53.7469092,27.3256765
shop_grocery,53.8855399,27.5153286
post_office,54.0732411,26.7853467
bank,54.0731458,26.7855661
bank,55.1863424,30.2026353
sports_centre,55.1874874,30.2027124
shop_grocery,52.3911925,31.0302240
shop_grocery,53.8853588,27.5154884
bank,53.8547625,27.4207059
shop_grocery,53.8605313,27.4778742
cafe,53.9034536,27.5609487
shop_grocery,53.9037127,27.5605839
bank,53.9038107,27.5604712
cafe,53.9665735,27.0582907
shop_grocery,54.4152347,25.9440049
post_office,52.7880631,27.5235326
bank,53.9018236,27.5491828
bank,53.9079993,30.3621317
bank,53.9159180,30.3405931
shop_grocery,53.8738343,30.3761828
cafe,53.8757150,30.3756716
bank,53.9013535,27.5531112
sports_centre,53.9516306,27.6361300
sports_centre,53.9100004,30.3340278
cafe,53.9257293,27.5926608
shop_grocery,53.8801164,30.3886921
bank,54.5232942,30.4384294
bank,53.8630480,27.6038122
restaurant,54.5675030,30.4523689
post_office,52.4983699,23.5690505
shop_grocery,53.0344911,27.5585658
shop_grocery,53.0343830,27.5588796
sports_centre,52.4092263,30.9484595
sports_centre,52.4081570,30.9482333
shop_grocery,54.2364821,28.4869826
sports_centre,53.8954783,25.3234090
sports_centre,53.8937897,25.3246182
shop_grocery,52.4153429,30.9267508
shop_grocery,52.4138137,30.9272217
shop_grocery,52.4111690,30.9296390
cafe,52.4229045,30.9211890
shop_grocery,52.4205346,30.9442293
shop_grocery,53.9139733,25.2380764
fap,53.9001790,27.5602200
shop_grocery,53.8912048,25.2863294
sports_centre,53.8882683,25.2895707
shop_grocery,53.8765979,27.5180001
bank,53.8600876,27.6740122
bank,53.8595846,27.6738922
cafe,53.8590383,27.6750127
bank,53.8593212,27.6750625
shop_grocery,52.4689453,23.3590689
bank,53.9083040,27.5435650
shop_grocery,53.8963701,25.2958306
shop_grocery,52.7113672,30.3356311
cafe,53.0749576,30.0514161
shop_grocery,53.0684197,30.0173137
shop_grocery,53.0679842,30.0131694
shop_grocery,52.8209724,29.4041722
shop_grocery,53.7821619,27.6356346
shop_grocery,53.7824075,27.6372567
fap,54.7134261,26.6389100
shop_grocery,53.8982218,27.5584830
shop_grocery,53.0819589,30.0521661
sports_centre,53.9136660,27.5751510
bank,53.8730563,27.4169810
bank,52.0924606,23.6897167
bank,53.8428047,27.5287231
bank,53.9052778,30.3431079
shop_grocery,53.8251185,27.4501322
shop_grocery,53.0877494,30.0533506
school,53.0918156,30.0559495
shop_grocery,53.0858762,30.0528422
post_office,52.1255462,26.0982018
shop_grocery,52.1277875,26.0982744
shop_grocery,53.0854891,30.0527664
shop_grocery,54.2948250,26.9010780
shop_grocery,54.2948179,26.9009123
school,53.0798854,30.0513588
cafe,53.0800222,30.0518983
shop_grocery,53.0739933,30.0508581
sports_centre,53.1018909,30.0681946
cafe,53.9061432,27.4406482
school,51.8022279,29.1538459
shop_grocery,54.0280630,28.0918854
bank,53.4908955,29.3404132
shop_grocery,53.4786041,29.3430507
shop_grocery,53.4845290,29.3332728
pool,53.4779234,29.3596175
cafe,54.4304224,25.9541979
bank,54.4375846,25.9545473
shop_grocery,52.0843520,23.7086091
fap,53.8607988,27.6320964
pool,53.4572885,29.2354876
cafe,53.8956703,27.5478289
bank,53.9267975,27.5171974
bank,53.9264217,27.5184456
shop_grocery,53.9059794,30.3619994
shop_grocery,53.9364319,27.6419167
shop_grocery,54.4807233,26.3807440
shop_grocery,54.4833506,26.3758893
cafe,53.8868201,25.3018030
cafe,53.9193153,27.5001269
cafe,53.9433977,27.6861212
restaurant,53.8881217,27.5203334
shop_grocery,53.4868251,26.7467042
cafe,53.8593363,27.6736626
shop_grocery,54.4806656,30.3172862
shop_grocery,54.5182272,30.4344927
shop_grocery,53.0840415,30.0525325
shop_grocery,54.2868831,28.0289607
shop_grocery,53.9459990,27.4321423
shop_grocery,53.8581924,27.4767868
sports_centre,53.8895346,27.5752066
shop_grocery,53.8783781,30.3900902
post_office,53.1599000,29.1974636
shop_grocery,53.1617339,29.1977647
cafe,53.1645323,29.1947531
bank,53.1657372,29.1883116
shop_grocery,53.1698467,29.1836024
restaurant,53.1578409,29.1923859
sports_centre,52.4604681,31.0229797
sports_centre,52.4613996,31.0217700
shop_grocery,53.8794183,30.3151419
shop_grocery,53.8794915,30.3120503
shop_grocery,53.9287679,27.6249275
bank,53.9282370,27.5744400
cafe,53.9287982,27.5823479
ice_rink,53.8408651,27.6283537
cafe,53.1784087,29.1662160
shop_grocery,53.8361803,27.5775557
shop_grocery,53.8355368,27.5810099
cafe,53.8682996,27.5103412
cafe,53.9124193,27.5808881
shop_grocery,53.1242411,29.2327665
bank,53.8856673,27.5146571
restaurant,53.1315310,26.0175428
cafe,53.1327829,26.0129628
bank,53.1323897,26.0212114
cafe,53.1323836,26.0255226
bank,53.1191840,26.0277782
sports_centre,53.1456217,26.0120949
cafe,53.8654059,27.4531944
shop_grocery,53.8617347,27.4602737
cafe,53.8620686,27.4601410
fap,53.8639807,27.4802141
fap,52.7132416,25.3466522
bank,51.7901793,28.3190194
fap,52.5133025,25.8460674
bank,52.5163552,25.8417077
fap,52.5019592,25.9106006
shop_grocery,52.5023937,25.9078254
shop_grocery,51.7843297,28.3263005
shop_grocery,51.7858638,28.3301246
sports_centre,51.7852534,28.3301446
pool,51.7873626,28.3275283
cafe,53.9284041,27.5841851
shop_grocery,53.9922618,27.6698329
cafe,53.8973720,27.5318582
shop_grocery,53.9387852,27.6417837
shop_grocery,53.8971904,27.5494850
post_office,53.9386702,27.6422094
shop_grocery,53.8383011,27.5737829
sports_centre,53.8812460,27.4404856
shop_grocery,53.9445027,27.7058165
shop_grocery,53.1237451,29.1671171
shop_grocery,53.1516726,29.2257442
cafe,53.1384404,29.2262558
shop_grocery,53.1709669,29.1897912
restaurant,53.8616850,27.4800728
cafe,53.8615106,27.4797216
shop_grocery,53.1440737,29.2235863
shop_grocery,52.7942933,27.5447488
cafe,53.1395229,29.2168293
bank,52.7810101,27.5425463
post_office,54.9589523,28.7958743
shop_grocery,54.9593090,28.7958831
cafe,52.6313676,29.7133628
cafe,52.6346526,29.7422609
cafe,52.6278727,29.7346547
bank,52.6365408,29.7294428
shop_grocery,52.6247083,29.7204725
shop_grocery,53.9176198,27.4578343
shop_grocery,53.9182607,27.4514093
shop_grocery,53.9182894,27.4524939
cafe,53.8871254,27.4222722
cafe,53.9154841,27.4764443
bank,53.9230917,27.5788511
sports_centre,53.1584655,30.4667044
shop_grocery,53.0870780,30.0539749
cafe,53.9276090,30.3626240
shop_grocery,53.9164866,30.3770599
cafe,53.8846445,30.3281771
shop_grocery,53.9512958,27.6219065
shop_grocery,54.0057299,27.9442716
shop_grocery,53.8934429,30.3255644
cafe,53.9283957,27.6807372
fap,52.8916489,30.0402387
shop_grocery,53.7395997,24.5346824
cafe,53.9124454,27.6786756
cafe,53.4695854,27.2185745
bank,52.6300533,29.7345362
sports_centre,53.9240664,27.4288205
shop_grocery,54.5119670,30.4270665
cafe,55.2958428,30.3129645
sports_centre,53.6284311,23.7051169
shop_grocery,53.9154437,30.4711245
shop_grocery,53.9112780,30.2851598
cafe,53.8947316,27.5541597
restaurant,53.9020820,27.5547940
shop_grocery,54.0223929,28.0760793
post_office,52.8145178,28.8027882
shop_grocery,52.8150452,28.8016470
bank,53.5738549,24.2405893
shop_grocery,53.9159566,30.3282670
shop_grocery,53.9561415,30.3366835
shop_grocery,53.9562228,30.3367156
shop_grocery,53.9340217,30.3333790
cafe,53.2097061,26.1180080
shop_grocery,54.8110192,26.1502331
shop_grocery,54.6133413,26.0141098
shop_grocery,55.1881297,30.1741126
shop_grocery,51.9355070,30.7786284
cafe,54.6881109,30.8726570
shop_grocery,53.8422931,27.7000043
shop_grocery,53.9562891,27.6762448
cafe,53.6797869,23.8307938
cafe,52.4143546,31.0038664
bank,52.0969326,23.7526257
cafe,53.6777107,23.8253906
cafe,53.6782351,23.8262571
bank,53.6831232,23.8342070
cafe,53.8683430,27.6565650
shop_grocery,52.0969276,23.7422218
restaurant,53.9077049,27.5499220
shop_grocery,53.8619709,30.3077186
bank,52.1355046,23.9881381
fap,55.1585479,30.2291483
cafe,53.8881185,27.6898378
shop_grocery,54.2193596,28.5100577
shop_grocery,54.6247422,30.4531219
shop_grocery,52.1513911,26.1227516
shop_grocery,53.8880623,25.2960941
shop_grocery,53.8922201,25.2956563
shop_grocery,53.8846654,25.2980037
shop_grocery,53.0459582,25.3552351
cafe,53.0460750,25.3552111
shop_grocery,52.2148213,31.4851474
shop_grocery,52.3822490,31.3473548
shop_grocery,53.9106573,25.8762754
shop_grocery,54.0619475,26.5328324
shop_grocery,54.0631597,26.5257126
cafe,54.5131941,30.4243129
bank,54.4898487,30.4370722
shop_grocery,55.5332186,28.6527375
cafe,53.8931392,27.5498547
shop_grocery,53.8934135,27.5500585
restaurant,53.8921380,27.5497303
shop_grocery,53.8334423,28.9812264
shop_grocery,53.9694746,30.3509372
shop_grocery,55.1966386,30.2666098
station,55.1826865,30.0201019
post_office,55.1679316,30.2123276
shop_grocery,54.0662085,27.6984649
sports_centre,53.9180422,27.5935441
cafe,52.2103078,24.3560812
bank,55.5092625,28.6980523
shop_grocery,54.3209150,29.1140969
shop_grocery,55.4907838,28.7817262
shop_grocery,52.5360454,29.1525681
shop_grocery,52.5141860,29.1448986
sports_centre,55.5076969,28.6983381
bank,55.5095418,28.6999374
shop_grocery,53.9778178,28.8184573
shop_grocery,53.7025713,28.9385444
bank,54.6165672,25.9594124
shop_grocery,54.6152814,25.9639153
shop_grocery,54.6151037,25.9564503
shop_grocery,55.1944207,30.2324352
bank,55.4845945,28.7816102
shop_grocery,53.9389243,27.6039728
fap,53.9289699,27.6578380
bank,55.4846871,28.7727271
bank,55.5309477,28.6621988
shop_grocery,55.5332287,28.6490100
shop_grocery,53.7588734,32.2424294
bank,55.4788668,28.7691486
shop_grocery,55.4715289,28.7583046
bank,55.4724196,28.7664472
bank,55.4719570,28.7505143
ice_rink,55.4720868,28.7495865
bank,55.4876972,28.7801413
post_office,55.5309682,28.6587496
post_office,55.4901155,28.7784114
post_office,55.4788896,28.7688918
post_office,55.5113587,28.7675990
shop_grocery,53.0190241,30.8574755
cafe,53.9312062,27.6460426
cafe,54.1181285,31.0910588
station,55.1513608,30.2150718
shop_grocery,52.2164989,31.4223186
cafe,55.1970286,30.1530615
shop_grocery,54.6807337,26.4057725
cafe,55.5094605,28.5753954
shop_grocery,53.2052405,24.0050363
shop_grocery,53.2050141,24.0048561
bank,53.9326225,27.5891466
post_office,52.4220724,31.0055463
shop_grocery,52.5717987,31.1617759
station,52.9671405,28.0494770
bank,54.0523204,24.9983447
restaurant,54.0525181,24.9965776
shop_grocery,54.0475585,25.0066523
shop_grocery,53.1735265,29.1926387
shop_grocery,53.1389008,25.9784718
shop_grocery,53.1373550,25.9905308
shop_grocery,53.1381379,25.9772032
shop_grocery,53.8791798,30.3776185
cafe,53.9062415,27.5573047
shop_grocery,53.8963039,27.4240577
cafe,53.9876769,27.6786762
post_office,54.2493299,27.0786628
shop_grocery,54.8564201,25.8816269
shop_grocery,54.8578434,25.8842474
cafe,54.2486695,27.0773199
fap,54.2485317,27.0771786
bank,53.9317213,27.6372695
bank,54.0099161,27.8774769
bank,53.9271712,27.5556616
cafe,53.8829697,27.5926086
shop_grocery,54.0771060,25.2742725
bank,52.4755002,31.0238732
restaurant,55.1978978,30.2082542
cafe,55.1992123,30.2051499
cafe,55.1979240,30.2073445
pool,53.8857427,27.6782619
cafe,53.9322063,27.4598327
shop_grocery,53.7364221,27.3222933
shop_grocery,53.8432254,27.4809934
cafe,53.8430935,27.5468241
shop_grocery,53.8431374,27.5466661
restaurant,53.9258768,27.6148575
fap,55.5395077,28.8051084
bank,53.1589184,24.4544090
cafe,53.9020709,30.3403356
post_office,54.0962564,28.3019721
shop_grocery,54.0969550,28.2928596
cafe,53.6855924,23.8360210
bank,53.9064882,30.3396984
shop_grocery,55.1537156,30.2394765
cafe,53.9165178,27.5385313
bank,53.6866788,27.1353635
cafe,54.4251399,25.9164523
bank,54.0173873,28.0599203
shop_grocery,54.0169966,28.0616944
shop_grocery,54.0175518,28.0590575
shop_grocery,54.0174119,28.0602396
shop_grocery,54.0174472,28.0596927
cafe,54.0232750,28.0675852
shop_grocery,53.9249023,27.5991336
bank,53.9291695,27.5969264
shop_grocery,53.9275185,27.5910573
shop_grocery,53.8980019,26.7508644
shop_grocery,54.1033763,28.3671212
bank,53.9123680,27.5413540
shop_grocery,53.6829485,27.1575172
shop_grocery,53.6879705,27.1545283
school,53.5852276,25.8159644
bank,53.8440989,27.5693515
bank,53.8711585,27.4738320
post_office,53.9561828,30.2430048
cafe,53.9112868,27.5711165
shop_grocery,53.0337455,27.5612078
shop_grocery,55.1795578,28.6177336
post_office,52.9098475,30.0456835
cafe,52.8851364,30.0301394
fap,53.8851569,27.6134200
cafe,55.1844882,30.2100539
shop_grocery,53.9261848,27.4441373
fap,54.0731005,27.8368317
post_office,54.0744997,27.8347389
post_office,52.4578159,31.0014560
bank,52.4571662,30.9993412
post_office,53.6004015,27.4527971
shop_grocery,53.9529831,27.6115589
cafe,53.9641343,27.7588207
shop_grocery,52.4409372,30.9468445
post_office,53.8952865,27.5410563
shop_grocery,53.5014468,28.1724699
school,52.7928906,27.5354275
bank,53.9040830,27.5554370
bank,53.9087141,27.5315050
cafe,53.9038475,27.5900152
shop_grocery,54.0926579,28.2913477
bank,55.4289773,28.5870307
shop_grocery,54.3109109,26.9001804
post_office,52.4046635,30.9797071
bank,52.4047313,30.9798758
cafe,53.9395949,27.6016578
cafe,55.1907457,30.2025705
shop_grocery,53.9542087,27.6182457
shop_grocery,53.7821941,27.5908904
shop_grocery,53.5460772,28.1677715
shop_grocery,53.6203223,28.0505181
shop_grocery,53.6202292,28.0509013
shop_grocery,52.1085372,23.7255351
shop_grocery,54.3071443,26.8444383
pool,54.2956257,26.8750316
shop_grocery,54.2979783,26.8688979
cafe,53.2203488,27.5500923
post_office,53.2205788,27.5487145
shop_grocery,53.2205820,27.5493100
shop_grocery,53.2167726,28.1601724
shop_grocery,52.4652895,30.9834855
bank,53.8653472,27.4676137
shop_grocery,53.8636068,27.4286978
bank,53.8842785,27.5397229
shop_grocery,53.8594165,27.4362318
shop_grocery,53.8614874,27.4445914
cafe,52.1443736,23.6820985
shop_grocery,54.2652217,27.0999676
restaurant,53.8891656,28.0329335
restaurant,53.8893944,28.0344943
shop_grocery,53.9290585,27.6548376
bank,54.2492823,27.0786857
shop_grocery,54.3237027,26.8492197
fap,53.8677683,30.3403511
shop_grocery,53.8710449,30.3379481
shop_grocery,53.8680746,30.3392113
shop_grocery,53.0649703,26.6378631
bank,53.0647392,26.6364210
shop_grocery,53.0670684,26.6345505
shop_grocery,53.0652029,26.6374512
restaurant,54.3064953,26.8369344
shop_grocery,53.7020490,26.5694022
shop_grocery,53.8786145,26.7446615
shop_grocery,53.5076965,26.6976946
shop_grocery,53.7001258,26.5706747
shop_grocery,54.0960175,28.3048322
post_office,54.2206953,28.5304522
cafe,52.1154946,26.1026802
cafe,53.9076334,27.5391465
shop_grocery,51.7883686,24.0744240
bank,52.0739817,23.6592815
shop_grocery,53.4767887,26.7418783
cafe,54.6154926,25.9817531
shop_grocery,52.1180349,26.0633390
cafe,53.8786477,27.5969644
cafe,53.8795181,27.6023564
cafe,53.8791353,27.6054409
cafe,53.9706871,27.0153849
cafe,53.5964776,27.0433027
shop_grocery,53.8760459,30.3638763
bank,52.4334760,31.0104011
bank,52.4378950,30.9958779
bank,52.4354962,31.0018484
shop_grocery,52.4310175,31.0106511
shop_grocery,52.1355990,26.0481111
restaurant,53.9060035,27.5748362
shop_grocery,52.1262413,26.1112658
shop_grocery,53.9050034,27.4547058
cafe,53.9267652,27.4399674
shop_grocery,54.8457037,25.9699838
shop_grocery,54.2438861,27.0780598
sports_centre,55.1539725,30.2205889
cafe,52.1330860,26.1004907
cafe,53.8738062,27.6368263
cafe,53.8763193,27.6297996
bank,52.0926411,23.7011956
fap,51.8112984,27.0561180
post_office,51.8097139,27.0652377
cafe,51.8893361,26.8490525
bank,53.8709184,30.3313086
post_office,53.0319876,27.5599331
shop_grocery,53.0314274,27.5580734
cafe,52.3670090,30.4000233
shop_grocery,54.4762157,26.4083046
shop_grocery,55.4848267,28.7792131
cafe,54.4809136,26.4022660
station,52.0022406,23.7132543
fap,53.9967445,27.6997318
shop_grocery,52.0709085,28.9006945
restaurant,53.8995982,27.5973819
shop_grocery,52.5370802,30.9353006
shop_grocery,53.1919345,24.0191626
shop_grocery,53.1973068,24.0168391
sports_centre,55.1930537,30.1932111
shop_grocery,53.9382607,25.2456361
school,53.8073395,27.7365927
cafe,52.1217567,29.3333405
shop_grocery,52.3982688,30.9664777
shop_grocery,52.4044295,30.9632061
fap,52.4394193,31.0050436
shop_grocery,52.1305437,29.3374945
shop_grocery,53.8779390,27.5518882
fap,52.4068757,30.9585974
restaurant,54.0144226,27.3105836
shop_grocery,54.1470225,27.2339965
restaurant,54.1468036,27.2341908
shop_grocery,52.1126561,23.7650625
shop_grocery,52.1210969,23.6336460
cafe,52.0844352,23.6940366
shop_grocery,52.1030379,23.6459767
fap,52.4094716,30.9648765
cafe,54.1029230,28.3184889
shop_grocery,54.3018525,26.8704712
restaurant,52.1324920,29.3432261
shop_grocery,54.3888362,25.8687638
cafe,52.4336006,31.0032830
shop_grocery,52.4381288,31.0124903
cafe,52.4406702,31.0060749
cafe,52.4384038,31.0099844
post_office,54.3886027,25.8683771
shop_grocery,53.1423543,29.2327433
shop_grocery,54.0119046,25.9018108
post_office,54.1021325,28.3143297
shop_grocery,53.8840632,27.6128369
cafe,55.1687303,30.2729358
bank,52.0646056,23.7301700
cafe,52.0644621,23.7304979
bank,52.0742509,23.6701367
shop_grocery,52.0742327,23.6702573
bank,52.0915602,23.6945353
cafe,52.0845912,23.6974374
post_office,52.0964971,23.8103037
shop_grocery,52.0854711,23.7010347
shop_grocery,53.8850441,27.5881894
shop_grocery,53.8863682,27.5881854
bank,51.5702095,27.7779102
cafe,53.8970028,27.6004658
shop_grocery,53.8978896,27.6066860
shop_grocery,54.3264528,29.1418455
shop_grocery,52.0518655,29.2586120
shop_grocery,52.0310006,29.2427504
shop_grocery,52.0356312,29.2061689
post_office,52.0355029,29.2126704
cafe,52.0500397,29.2646770
cafe,52.0473529,29.2671273
cafe,52.0396968,29.2064604
shop_grocery,52.0354126,29.2031502
bank,53.7217252,24.1813010
shop_grocery,52.2050401,27.8643906
shop_grocery,52.0941219,23.7606846
cafe,53.9087371,27.4698801
shop_grocery,53.8805127,27.5675353
shop_grocery,53.8860821,27.5811401
cafe,53.8868935,27.5779115
shop_grocery,53.9218388,27.4581498
bank,53.8899335,28.0348527
shop_grocery,53.0076174,27.5305685
cafe,54.2639512,28.6702799
shop_grocery,54.2776955,28.7720547
fap,52.7797495,27.5321816
fap,52.7787612,27.5324003
fap,52.7785202,27.5331816
fap,52.7794256,27.5327208
bank,53.8692483,27.4899702
shop_grocery,53.8909343,27.5177563
shop_grocery,53.9684533,27.5885405
bank,53.9199319,27.5979608
cafe,53.9264952,27.4409245
bank,53.8825213,27.5686072
cafe,53.9452774,27.4875316
shop_grocery,52.9709057,29.9541708
post_office,54.0947301,28.3163180
fap,53.1141209,26.0286899
bank,53.1318092,26.0757832
post_office,53.1321876,26.0570751
bank,53.1324011,26.0282089
fap,53.1270600,26.0059999
post_office,53.1283036,26.0439604
post_office,53.1275165,26.0334378
post_office,53.1371088,25.9775483
post_office,53.1328223,26.0174469
shop_grocery,53.1580868,26.0233952
shop_grocery,52.4617683,30.9875795
shop_grocery,52.4601405,30.9890762
shop_grocery,53.1350879,26.0730081
cafe,55.1403609,27.6953365
bank,53.1338884,26.0679787
shop_grocery,53.1336498,26.0677764
shop_grocery,53.1299430,26.0442612
cafe,53.9091255,27.5738204
cafe,53.1335087,26.0237908
restaurant,53.1287411,26.0061841
restaurant,55.1792855,28.6125132
shop_grocery,55.1794984,28.6151721
shop_grocery,55.1797142,28.6127854
cafe,53.8991657,30.3375218
cafe,52.4414771,30.9983910
restaurant,52.6464345,28.8837867
cafe,52.6352546,28.8828031
cafe,52.4347158,31.0061200
shop_grocery,55.1793199,28.6127089
cafe,55.1793650,28.6128796
shop_grocery,52.4689681,25.1763554
bank,53.9466992,27.6820909
school,55.1600336,30.2262256
shop_grocery,53.8965994,30.3359270
shop_grocery,52.1017864,26.1121923
cafe,53.1399480,29.2238959
cafe,53.1461301,29.2284933
bank,53.1400045,29.2255426
cafe,53.8928699,27.5485746
cafe,53.8905324,25.2982724
bank,54.6237344,26.4435770
shop_grocery,52.0455266,29.2249935
cafe,52.7833606,27.5428444
bank,53.0065878,27.5289246
station,53.6926794,23.8663241
shop_grocery,52.4744016,25.1744042
restaurant,52.4665687,25.1809916
shop_grocery,52.4660692,25.1803335
shop_grocery,52.4658744,25.1789698
bank,52.4690905,25.1751743
shop_grocery,52.4689368,25.1750038
bank,52.4693361,25.1743619
bank,52.4711892,25.1772999
shop_grocery,51.8781582,26.8125726
restaurant,54.6587489,29.1416576
post_office,52.0995538,23.6523136
shop_grocery,53.7391548,27.3086529
bank,53.8832687,27.6122676
shop_grocery,54.0277450,28.0987195
cafe,54.0297928,28.0914339
shop_grocery,53.0795952,26.6417847
school,55.1996580,30.2374229
cafe,53.8884187,25.3020204
bank,52.1083362,26.0553727
cafe,53.9209698,27.4762493
bank,53.1911545,24.0193008
restaurant,53.1921570,24.0191979
post_office,54.3005701,30.9846788
fap,54.2909430,30.9922067
bank,54.2850745,30.9908968
sports_centre,53.8934231,27.5280371
cafe,53.9049438,30.3439557
cafe,53.9069906,30.3422581
shop_grocery,53.8684672,30.3191546
cafe,53.9067633,30.3428117
shop_grocery,53.9066332,30.3428093
shop_grocery,53.8699186,30.3216813
station,52.9514518,29.7856738
shop_grocery,53.8963229,27.5812180
cafe,53.9073856,27.5764118
post_office,53.2641202,30.4189520
shop_grocery,53.2640755,30.4191154
bank,53.2641273,30.4191035
bank,53.8715854,30.3275046
cafe,53.8701518,30.3258274
bank,52.1157183,26.1039593
bank,52.1122584,26.0535301
bank,52.1172937,26.1119768
bank,52.1357434,26.0996954
bank,52.1189456,26.1174858
post_office,52.5686139,24.4725473
cafe,52.5574082,24.4566857
bank,52.1134156,26.1036601
bank,52.1161670,26.1161266
bank,53.8777507,30.3395138
shop_grocery,53.9503844,30.3585295
cafe,53.9494096,30.3578789
cafe,53.9349896,27.4837144
station,53.9800060,27.2942514
bank,52.1246357,26.1134258
bank,52.1280799,26.1302900
bank,52.1315328,26.1172741
bank,52.1420976,26.0413494
bank,52.1342088,26.0796009
bank,52.1290483,26.0330666
bank,52.1403813,26.0920881
bank,52.1253148,26.0659967
cafe,55.7988751,27.9452951
bank,53.1332594,26.0135509
post_office,53.1090017,25.9968910
shop_grocery,53.1103150,25.9929527
post_office,53.8465265,27.5631720
shop_grocery,53.9056312,27.4485513
bank,53.8779514,30.3393397
shop_grocery,53.7214177,24.1899628
cafe,52.6296162,29.7449136
shop_grocery,55.5336905,29.5887264
cafe,52.1101506,23.7567939
shop_grocery,52.1121837,26.0954761
shop_grocery,53.8670923,30.3163524
cafe,53.9558477,27.6205344
school,53.8736238,27.5714145
shop_grocery,52.0312288,29.2475040
shop_grocery,53.8640799,27.5703575
cafe,53.1530008,29.2425540
shop_grocery,54.9022141,26.6828194
shop_grocery,54.9031826,26.6754299
cafe,53.5694596,31.3821159
cafe,53.2197539,26.6799958
shop_grocery,53.5733597,31.3656433
cafe,53.5678454,31.3821216
shop_grocery,53.2196177,26.6802772
restaurant,53.9030647,27.5526508
restaurant,53.2196159,26.6818491
cafe,53.9195809,27.3787438
bank,53.6755692,23.8417613
cafe,54.0187653,28.0569901
cafe,53.9566500,27.6968512
bank,52.1186480,26.1081678
shop_grocery,53.9289779,27.5091155
post_office,52.4517715,31.0030111
fap,53.9296197,27.5105073
shop_grocery,53.2585671,29.0833432
school,53.1537928,29.2226490
fap,53.1694493,29.1955097
post_office,52.4678094,31.0418789
fap,52.7783603,27.5336216
bank,53.8980497,27.5793399
restaurant,53.8445012,27.4739791
shop_grocery,53.8658093,30.4323410
fap,53.9042616,27.5884860
bank,52.0868850,23.6891874
cafe,53.9197585,27.5432960
restaurant,52.0872202,23.6899235
shop_grocery,52.4667111,30.9730701
fap,52.0916555,23.6906248
fap,52.0918226,23.6907895
bank,53.1479812,29.2271085
shop_grocery,53.5149333,26.7822395
restaurant,53.6826181,27.1340445
shop_grocery,53.6819855,27.1138698
shop_grocery,53.6878345,27.1282551
bank,52.0983115,23.6845961
fap,52.0985655,23.6842871
cafe,52.0978472,23.6852261
shop_grocery,53.1615173,29.1730668
cafe,52.0983699,23.6854878
school,53.9478477,27.6747300
school,53.9470175,27.6718192
bank,53.9368014,27.5833649
bank,53.8974510,27.5494803
bank,53.9395447,27.6015913
bank,53.8754220,27.4982606
bank,53.9253324,27.5082317
bank,53.9058935,27.4566668
bank,53.6895384,23.8356117
bank,53.1347034,29.2252201
bank,53.1324181,26.0249130
cafe,52.0955963,23.6890440
cafe,53.8508818,27.5787850
shop_grocery,53.0888311,30.0536051
bank,53.8990997,30.3213613
shop_grocery,53.8770437,30.3659369
shop_grocery,53.8884760,27.5211378
cafe,53.9002540,30.3385412
cafe,53.8993318,30.3340263
bank,53.8995620,30.3342130
shop_grocery,53.8997015,30.3336199
cafe,53.8991024,30.3350422
cafe,53.8988554,30.3363105
cafe,53.9051277,30.3394784
bank,53.8981894,30.3373195
bank,53.4601361,23.8825668
shop_grocery,53.9663603,27.0592091
shop_grocery,54.0162246,31.7299642
cafe,53.8989065,30.3346358
post_office,53.9285273,30.2593902
cafe,51.7869305,28.3273735
bank,53.9282824,27.6006555
shop_grocery,53.9288918,30.2687434
shop_grocery,54.6498285,29.1343383
bank,54.9033049,26.6772407
restaurant,53.9246179,27.5962240
shop_grocery,54.9107274,26.6987976
cafe,53.8809143,27.4871949
sports_centre,52.0945456,23.6894471
bank,54.2586912,28.5142732
school,53.1265588,26.0242106
shop_grocery,53.5871239,27.8646683
restaurant,52.0911223,23.6935623
fap,52.0909722,23.6928439
shop_grocery,53.9293677,31.4807785
shop_grocery,51.8923234,26.8507366
shop_grocery,51.8880205,26.8437645
cafe,52.0849951,23.6938788
bank,52.0875810,23.7039598
restaurant,53.8834388,25.3029434
cafe,52.1032666,23.7864814
shop_grocery,52.0306712,30.7232812
shop_grocery,52.0306647,30.7237753
cafe,55.4843624,28.7769115
post_office,52.3616811,30.4143048
cafe,52.3647762,30.4049635
bank,53.9300649,31.4808001
shop_grocery,53.9291179,31.4811025
shop_grocery,52.5271990,24.9629152
cafe,52.4720196,30.9812069
cafe,52.0286946,29.2569512
shop_grocery,53.3343906,26.3647586
shop_grocery,55.2255814,29.2405151
shop_grocery,55.2261172,29.2411811
cafe,55.2265718,29.2417060
shop_grocery,55.2727104,28.9724997
bank,55.2726830,28.9722923
shop_grocery,55.2725067,28.9723111
sports_centre,52.0890655,23.6941158
cafe,52.0893478,23.6945780
shop_grocery,53.9229715,27.3745107
bank,54.1999135,27.8488621
shop_grocery,53.8843558,27.4794720
cafe,52.8083374,27.9996443
shop_grocery,53.8701423,25.2862897
shop_grocery,53.8842228,30.2717058
fap,53.9417652,27.6087761
restaurant,52.0899081,23.6942771
restaurant,52.0870155,23.6961772
bank,52.0869452,23.6962967
sports_centre,52.0879932,23.6988291
restaurant,53.9066163,30.3390086
shop_grocery,53.5671633,26.9266803
bank,53.1327317,26.0294539
post_office,55.0603176,26.6029769
bank,55.0602340,26.6022781
shop_grocery,51.8132617,24.0770368
cafe,53.9019595,27.5494180
cafe,53.8939844,27.5511288
post_office,53.1808985,29.2333858
post_office,55.1933673,30.2254660
shop_grocery,53.1319095,26.0424554
cafe,53.8892517,27.6190902
post_office,52.1153514,30.9288956
cafe,52.0937078,23.6840052
cafe,52.1023363,23.6930387
shop_grocery,54.3080570,26.8251644
cafe,53.1312724,26.0119937
shop_grocery,53.4778952,26.7514038
shop_grocery,53.4751381,26.7592622
post_office,53.1482858,29.2297694
fap,52.0302952,30.7209969
shop_grocery,53.1381525,29.1660009
shop_grocery,53.1428002,29.1650080
cafe,53.8794799,27.6088816
bank,53.9199039,27.5823385
cafe,55.4851912,28.7747561
shop_grocery,55.4858724,28.7863898
shop_grocery,55.4853328,28.7749004
shop_grocery,55.4863174,28.7742498
cafe,53.9190658,27.5886491
restaurant,53.3060150,26.5131779
shop_grocery,53.4905027,26.7384492
cafe,52.3168629,25.6079470
shop_grocery,53.1493599,26.0632520
post_office,54.9807077,30.8187450
shop_grocery,53.8756282,30.3668634
cafe,53.8724121,30.3637480
cafe,53.8817933,30.3673395
shop_grocery,52.1311688,26.0977053
school,53.6448663,27.9216517
bank,52.3581244,31.0198669
shop_grocery,52.3109662,25.5925151
shop_grocery,52.1932078,24.3553883
shop_grocery,52.7998939,27.9828495
bank,52.8039445,28.0034675
shop_grocery,53.8759532,30.3771436
shop_grocery,53.8965793,30.2674176
shop_grocery,53.1971665,24.0145571
cafe,53.9051541,27.5717093
cafe,53.9049218,27.5716074
cafe,53.9055586,27.5718997
cafe,53.5243168,30.3432955
shop_grocery,52.5508435,24.4586315
shop_grocery,54.8867114,28.6920047
cafe,54.8860295,28.6936838
shop_grocery,54.8860912,28.6939413
sports_centre,53.9284426,27.5833463
shop_grocery,55.4843549,28.7770649
school,52.0697908,27.7282152
post_office,53.9113546,27.5457684
bank,53.9117974,30.3414924
cafe,53.8951037,30.3321876
cafe,55.5049470,28.7397774
shop_grocery,55.5049485,28.7396283
restaurant,52.2441019,26.8061271
fap,53.6757386,23.8407035
restaurant,53.9285908,27.5970961
post_office,53.0365071,28.5528027
bank,54.2272703,28.5130611
cafe,52.7102318,25.3457794
post_office,54.2139022,28.5055139
bank,54.2137145,28.5053649
cafe,55.7987442,27.9449476
shop_grocery,54.4420908,25.9913286
shop_grocery,55.7988782,27.9452428
bank,55.7801301,27.9335901
shop_grocery,55.7806051,27.9331949
shop_grocery,55.7750901,27.9315340
shop_grocery,55.7634215,27.9424042
cafe,55.7825682,27.9347809
cafe,52.9097994,30.0353234
cafe,52.9082097,30.0490320
shop_grocery,53.9248937,27.5820471
cafe,53.9190704,27.5803355
cafe,52.9094807,30.0346758
cafe,52.9066432,30.0415782
cafe,55.7663421,27.9372878
cafe,55.5345824,28.6458167
cafe,53.8971712,27.5592943
cafe,55.4994174,28.7712509
shop_grocery,55.5109028,28.7710996
shop_grocery,55.4982315,28.7695356
shop_grocery,52.1361395,26.0078040
restaurant,53.9111751,27.5449554
restaurant,53.9298519,27.5792394
shop_grocery,55.5116471,28.7700626
shop_grocery,52.9041820,28.6731542
shop_grocery,52.8906095,28.6846291
cafe,53.8949605,27.5556075
cafe,53.9592931,27.5372956
bank,53.5283074,26.7399056
bank,52.9001697,28.6874805
shop_grocery,52.4716640,30.9645480
cafe,52.4759739,30.9671229
sports_centre,53.8972193,27.5181774
shop_grocery,52.2075972,25.1025804
shop_grocery,52.1898604,25.1237258
shop_grocery,53.5952798,27.8625014
bank,53.8767712,27.5946479
bank,53.1406375,29.1659103
shop_grocery,53.1390399,29.1648788
shop_grocery,53.1412564,29.2195946
sports_centre,53.9374010,27.5842292
cafe,52.0948081,23.7356111
bank,55.1957604,30.2282967
bank,52.1964688,24.0169037
shop_grocery,54.3017636,29.0080864
restaurant,53.9556601,27.6013570
restaurant,52.0967466,23.6914141
shop_grocery,53.9087292,30.3125421
cafe,54.6944574,31.1171597
shop_grocery,55.6072655,29.1053134
shop_grocery,55.6076361,29.1060986
shop_grocery,55.6921225,29.3526985
shop_grocery,53.9471234,27.6284344
shop_grocery,55.5896966,29.6429119
post_office,52.4378531,30.9958654
fap,52.4344011,31.0049149
cafe,52.4312421,31.0104581
shop_grocery,52.4337624,31.0008340
restaurant,52.6280971,29.7346356
bank,52.6275160,29.7346538
cafe,52.1553054,26.1936097
shop_grocery,52.1557390,26.1940993
shop_grocery,53.9550178,30.2440736
shop_grocery,55.1682652,30.2786270
cafe,53.1360112,29.2230304
fap,53.1347318,29.2254602
post_office,52.1555753,26.1941573
shop_grocery,55.5314282,28.6396361
bank,52.3495329,31.0505794
shop_grocery,52.1952683,25.1640830
bank,52.1902814,25.1649350
shop_grocery,52.1943751,25.1622561
cafe,52.5685380,24.4741907
post_office,53.9389265,27.4710165
shop_grocery,51.7753728,30.2493420
cafe,52.5610816,24.4675473
fap,52.0921793,23.7032391
post_office,54.5584928,30.4519172
fap,53.7833353,27.5927915
shop_grocery,52.6677684,24.5145434
cafe,52.0942564,23.6921663
shop_grocery,52.6676723,24.5140070
fap,52.0894006,23.6986365
cafe,52.0959874,23.6914175
shop_grocery,55.0597703,26.6018078
cafe,52.9646845,26.4756639
shop_grocery,52.9647585,26.4755865
sports_centre,53.8375213,27.5692739
fap,55.4765923,28.7412002
shop_grocery,52.5657161,24.4634558
cafe,51.7907042,24.0710624
fap,52.5658220,24.4717115
bank,53.4658689,25.4049933
shop_grocery,53.8513650,27.6073769
restaurant,54.4274138,25.9408586
shop_grocery,52.6299172,29.7439854
post_office,52.6367193,29.7432082
shop_grocery,52.6290444,29.7430381
post_office,54.5325413,30.4415378
shop_grocery,52.4460566,30.9539081
bank,52.4467311,30.9579993
cafe,52.4461294,30.9540522
shop_grocery,52.4501148,30.9903671
cafe,53.8994833,27.5574377
post_office,53.1402191,29.1679005
restaurant,54.0602524,27.7420807
cafe,54.0621388,27.7414704
cafe,52.4416796,31.0018357
cafe,52.4455020,30.9989075
cafe,52.4541541,30.9588475
cafe,53.9287691,27.5872537
cafe,53.8829393,27.5806947
shop_grocery,54.2597111,28.5026059
shop_grocery,54.2157073,28.5226478
cafe,54.2121006,28.5440149
cafe,54.2362029,28.5084712
post_office,54.2239437,28.5104478
shop_grocery,54.2599171,28.5118695
shop_grocery,54.2167356,28.5212174
shop_grocery,52.6275124,29.7427124
bank,52.6274714,29.7414092
shop_grocery,52.6277939,29.7417471
shop_grocery,54.2221661,28.5240406
bank,54.2090015,28.5002012
shop_grocery,54.2059482,28.5175457
bank,54.2079001,28.4915706
cafe,54.2468133,28.5028623
cafe,53.9261136,27.5834875
cafe,52.2114917,28.5598270
sports_centre,53.9344355,27.4806705
shop_grocery,53.3207703,28.6421108
shop_grocery,54.2776186,27.5977150
cafe,54.4241945,27.8339538
cafe,54.2250896,28.5100950
shop_grocery,53.1376036,29.1628412
fap,53.1753710,29.1854612
shop_grocery,53.8925899,27.5092756
fap,53.1349414,29.2283798
fap,53.1343483,29.2160930
shop_grocery,54.2200119,28.5303195
shop_grocery,52.4530519,30.9624434
cafe,54.4241104,27.8320745
bank,54.2215342,28.5220942
shop_grocery,53.9299385,27.6195842
cafe,53.1313744,29.2214222
shop_grocery,51.7840073,29.5038032
shop_grocery,53.8794965,30.3232153
shop_grocery,53.8775950,30.3260130
shop_grocery,51.8085599,29.4901313
bank,51.7997788,29.5070469
shop_grocery,51.8010777,29.5046162
shop_grocery,51.7988511,29.5076427
pool,53.8943473,27.5445503
shop_grocery,51.7825892,30.2725224
station,52.9051676,29.9985953
shop_grocery,52.4572174,30.9525676
cafe,53.8753487,30.3293773
post_office,53.8718527,30.3227821
shop_grocery,53.8717361,30.3229593
cafe,53.8722880,30.3221209
shop_grocery,53.8746232,30.3200663
bank,53.8737077,30.3199838
cafe,53.8745726,30.3219926
shop_grocery,53.8660623,30.3317262
shop_grocery,53.8663324,30.3313149
shop_grocery,53.6048420,24.7407708
shop_grocery,53.5931253,24.7256507
cafe,53.2231181,26.6893883
shop_grocery,53.5962123,24.7324398
shop_grocery,53.6033201,24.7395172
restaurant,53.8717625,30.3285243
shop_grocery,53.8719596,30.3282086
shop_grocery,53.8716846,30.3282342
bank,53.8716227,30.3313753
shop_grocery,55.5384956,28.7138726
shop_grocery,52.1247664,28.5003424
shop_grocery,52.1249608,28.4938534
cafe,54.2959973,26.8467470
cafe,52.1252952,28.4955270
shop_grocery,53.9074539,27.5361157
shop_grocery,53.9403694,27.3466746
fap,53.9388386,27.3489085
shop_grocery,53.9412286,27.3465585
fap,53.8832068,30.4083118
bank,52.3711929,30.3841896
shop_grocery,54.8121283,29.7013132
bank,53.9244974,27.5709086
shop_grocery,54.5084481,30.4170831
cafe,53.9176598,27.5949352
school,54.1087694,28.3625064
bank,53.9313395,27.6374750
shop_grocery,52.1256666,28.4934202
cafe,53.6472088,27.4673003
cafe,53.8555857,27.5718841
cafe,53.9206674,27.5805567
post_office,52.6671730,24.5119815
restaurant,53.9504219,30.3617673
shop_grocery,53.9525280,30.3536676
shop_grocery,53.9480061,30.3598240
shop_grocery,53.8600976,30.3649988
bank,53.6770078,23.8286238
bank,53.8601781,27.4789990
bank,53.6905163,23.8257343
shop_grocery,53.8695789,27.6474819
post_office,55.3578324,30.0694427
cafe,52.2132516,28.5823079
cafe,53.0895905,27.5707671
cafe,53.9464517,27.6484181
cafe,53.8913795,27.5856812
shop_grocery,53.9042838,27.5526867
shop_grocery,53.9414331,27.6960346
post_office,53.9352714,27.6885211
cafe,51.7906468,24.0710044
bank,51.7914198,24.0843331
cafe,53.9251810,27.5084446
fap,53.9309424,27.5485265
shop_grocery,53.8743890,27.6289363
shop_grocery,53.8774588,27.6180645
cafe,53.9116775,27.5767518
shop_grocery,52.6736639,30.6220103
shop_grocery,52.7017924,30.7122153
fap,52.7184213,30.5745371
shop_grocery,52.7148235,30.5745755
shop_grocery,52.7099390,30.5832938
post_office,52.7173870,30.5663163
shop_grocery,52.7015747,30.7115683
fap,52.7188097,30.5746858
school,52.6747071,30.6175288
shop_grocery,52.7203772,30.5602906
shop_grocery,52.7227079,30.5816308
fap,54.6954372,30.4967149
bank,54.6964166,30.4990279
shop_grocery,54.6933753,30.4982839
cafe,54.6932060,30.4982839
fap,52.6022903,30.7217618
shop_grocery,53.9332017,27.6505116
cafe,53.9212089,27.5792346
cafe,53.8926125,27.5637106
post_office,52.4508719,30.9772766
restaurant,54.2135870,28.4908485
shop_grocery,53.9287046,27.5831760
shop_grocery,55.4507418,29.9927419
shop_grocery,55.4608696,29.9850588
shop_grocery,55.4708713,29.9692467
shop_grocery,55.4706281,29.9696886
shop_grocery,55.4708817,29.9695259
shop_grocery,55.2971704,30.3074885
post_office,54.5155217,30.4316638
shop_grocery,52.2540178,26.7978352
cafe,53.1477661,29.2118842
shop_grocery,52.5468778,29.8470251
fap,52.5468984,29.8464453
shop_grocery,52.5222969,29.8233852
bank,52.5469776,29.8464914
school,52.5466047,29.8448077
cafe,52.5468797,29.8472777
cafe,53.1389302,29.2930887
cafe,52.1391285,26.1153868
shop_grocery,53.5961007,27.8609980
cafe,53.5961693,27.8607730
cafe,55.1630939,30.2073683
shop_grocery,53.9395707,27.4411441
bank,53.9327304,27.5024040
shop_grocery,53.5974748,27.8601902
shop_grocery,53.5980450,27.8603159
cafe,53.5931737,27.8588003
bank,54.0981175,28.3629513
cafe,55.1814440,30.2483877
school,53.9046192,30.3425114
bank,53.9033900,30.3416361
post_office,53.9039176,30.3368707
post_office,53.9036025,30.3693321
school,54.2177329,28.5082556
shop_grocery,53.8945320,27.5203974
cafe,52.7317263,27.4476004
cafe,53.8714659,27.6569890
cafe,53.8700243,27.6602087
cafe,53.8710327,27.6607795
shop_grocery,55.2045181,29.9323060
shop_grocery,53.3593727,32.0486472
shop_grocery,53.3604766,32.0487675
shop_grocery,53.3606291,32.0501841
bank,53.3566598,32.0466725
shop_grocery,53.3588698,32.0507656
shop_grocery,54.2008797,28.4804427
shop_grocery,54.1987521,28.4725608
shop_grocery,52.4350335,31.0051911
shop_grocery,55.5469826,29.7491098
shop_grocery,52.2384486,24.3737825
bank,53.8439292,27.5695685
shop_grocery,53.8801759,27.5420478
cafe,55.1632759,30.2033838
shop_grocery,55.1631650,30.2035957
cafe,55.1922937,30.2114394
shop_grocery,54.8838565,28.7207899
restaurant,52.1113220,23.7514426
post_office,53.3179946,28.6426327
shop_grocery,51.9078958,29.3114439
cafe,52.0879914,23.6882841
post_office,54.5136449,30.3927047
bank,52.2731681,29.3794870
fap,54.5140015,30.3948317
shop_grocery,52.4711277,24.5224294
bank,54.5147051,30.3917932
shop_grocery,54.5269302,30.4381161
shop_grocery,52.1889804,25.1229925
shop_grocery,54.5019760,30.4026013
shop_grocery,54.5093313,30.4263724
cafe,52.1141115,26.1091156
shop_grocery,52.1019476,23.6333299
cafe,53.9266856,27.4410714
cafe,52.0990193,23.7678243
restaurant,53.8999408,27.5449668
shop_grocery,53.9199589,27.5724822
cafe,54.0961347,28.3042254
bank,53.2712578,29.4732823
cafe,53.2709152,29.4725207
shop_grocery,54.5275484,30.4377337
shop_grocery,54.8400993,26.7085249
cafe,54.5144123,28.9546827
shop_grocery,53.2727430,29.4729384
bank,53.9233950,27.5125486
shop_grocery,52.7181855,25.3313320
shop_grocery,54.4567015,30.0082954
cafe,53.9335341,27.4542223
post_office,54.9573403,30.0460996
shop_grocery,54.9591937,30.0465130
cafe,53.9029388,27.5505883
shop_grocery,52.4562926,31.0174301
shop_grocery,54.8342121,26.7127869
bank,53.1673294,29.1713327
shop_grocery,54.8924250,28.9171590
shop_grocery,54.8918923,28.9213741
fap,54.8806628,28.9356172
shop_grocery,53.8739945,30.3446944
cafe,53.6042487,24.7416020
cafe,53.6043126,24.7417105
cafe,52.8152013,29.4088871
cafe,55.4863584,28.7666669
school,53.1340425,29.1929293
school,53.1419792,29.2944785
school,53.1296681,29.2261348
school,53.1324708,29.2135331
cafe,53.9192035,27.5869197
bank,53.7470790,27.3257312
post_office,54.2144434,28.5421206
school,53.0961148,29.2350745
bank,54.2144134,28.5421411
shop_grocery,54.2033583,28.5436795
bank,54.2155789,28.5396627
shop_grocery,53.9026450,30.3695075
shop_grocery,53.9028424,30.3697846
shop_grocery,53.8022090,27.2384618
cafe,53.1507974,27.0919150
cafe,53.1509346,27.0915016
cafe,52.4438352,31.0346430
shop_grocery,52.4701450,31.0350950
fap,54.2155619,28.4916674
school,54.2142281,28.4898414
shop_grocery,53.9877914,27.6788152
cafe,53.0341450,28.2660722
fap,53.0349684,28.2450797
shop_grocery,52.1402271,26.0183096
shop_grocery,52.7527336,25.1479301
shop_grocery,53.6832038,23.8335522
shop_grocery,52.7575881,25.1533878
post_office,52.7572560,25.1530589
fap,54.2743031,28.4876294
post_office,53.8517280,27.4908452
shop_grocery,54.2223051,30.2819687
shop_grocery,54.2221643,30.2820552
shop_grocery,52.4325881,30.9996701
cafe,53.8795379,27.6071463
restaurant,52.8843278,30.0299941
school,54.2249188,28.4900273
shop_grocery,53.9322230,27.6507055
post_office,54.2028105,28.4755783
post_office,53.7641298,27.3332848
shop_grocery,51.8531903,26.7906487
shop_grocery,52.2520749,26.7972755
station,53.9456373,27.7753714
shop_grocery,53.9445071,27.7760322
bank,53.9554870,27.7781500
cafe,53.9553011,27.7782525
shop_grocery,54.1646415,27.8227184
fap,51.8625260,26.7913547
shop_grocery,52.6401655,29.7188039
shop_grocery,52.6190727,29.7280888
station,53.8501037,27.5561171
bank,53.0647867,26.6375982
shop_grocery,54.7863647,27.4515975
station,54.5082575,30.2389308
station,54.5162734,30.2787804
shop_grocery,52.1813003,28.9650547
cafe,53.9348411,27.5018893
fap,53.6700464,23.8218981
bank,53.8745893,27.6278754
restaurant,52.0716470,27.7286049
shop_grocery,55.4301589,27.2774726
bank,53.9179807,27.6372253
shop_grocery,53.5400136,23.6972422
cafe,53.9193295,27.5788227
cafe,55.5267114,28.5522418
bank,55.5413974,28.6295336
shop_grocery,54.0658622,27.7032822
shop_grocery,55.5252969,28.6493957
shop_grocery,53.8988038,27.5850009
cafe,54.3056566,26.8036693
restaurant,53.9227859,27.6031461
post_office,53.9009895,27.4270364
shop_grocery,53.0648754,26.6421175
shop_grocery,53.0575704,26.6287393
cafe,53.0651541,26.6376403
shop_grocery,53.0586837,26.6442521
cafe,53.0586290,26.6441264
shop_grocery,53.0150980,27.5612264
shop_grocery,53.0657984,26.6443766
post_office,52.8944720,26.5477432
sports_centre,53.9586795,27.6525141
cafe,52.4425714,31.0014356
bank,54.4814609,26.3941211
shop_grocery,54.3171771,26.8931910
restaurant,52.4479061,30.9932182
shop_grocery,53.8823373,30.4084322
shop_grocery,53.8827930,30.4104147
shop_grocery,54.5128118,30.3723859
shop_grocery,52.1236287,29.3081637
bank,52.4165750,30.9611476
shop_grocery,54.0949369,28.3037948
post_office,54.0901701,28.3000044
restaurant,54.0886787,28.3067545
shop_grocery,54.0930106,28.3079301
shop_grocery,52.2914371,28.0244387
shop_grocery,52.2920841,28.0237503
cafe,53.9284271,27.6851502
shop_grocery,54.3236547,26.8504776
cafe,52.8930469,30.0424037
shop_grocery,54.0386871,28.0793766
shop_grocery,52.5550940,24.4753278
shop_grocery,53.1193954,26.0380897
shop_grocery,53.1262471,26.0342628
shop_grocery,53.1272661,26.0382328
shop_grocery,53.1168482,26.0361409
shop_grocery,53.1287357,26.0321359
shop_grocery,53.1204004,29.5702975
shop_grocery,52.2314831,24.4305046
shop_grocery,52.2328120,24.4289154
cafe,52.7063389,25.3312657
post_office,53.7028132,23.8407712
shop_grocery,53.8759417,27.4507953
post_office,54.4149980,28.0392433
cafe,53.1397166,29.3082235
post_office,53.8926412,30.3019698
shop_grocery,53.1397242,29.3084562
cafe,55.1969705,30.2045783
cafe,53.9252321,27.6604370
shop_grocery,54.2646115,27.1148524
shop_grocery,53.8721883,27.4809444
shop_grocery,53.8778466,27.4950026
fap,52.1352272,26.0685541
bank,54.0958128,28.3047129
cafe,53.1621327,24.4594630
cafe,53.9055744,27.5618714
station,52.1293736,25.5511611
shop_grocery,52.3524177,30.4060044
shop_grocery,52.3672123,30.3451464
shop_grocery,52.3673377,30.3452268
shop_grocery,53.9294514,27.5805345
cafe,53.8752305,27.4974369
restaurant,53.9053256,27.5613186
restaurant,53.8682298,27.4845079
bank,53.8831208,30.4126980
school,54.3020153,26.8256306
station,52.2187909,27.8563602
shop_grocery,52.2109950,24.3550394
shop_grocery,54.3116885,26.8499156
post_office,53.9143757,27.4264215
fap,53.9118861,27.5604955
shop_grocery,53.5326628,26.7650363
shop_grocery,53.5337054,26.7641525
shop_grocery,53.5309138,26.7441905
shop_grocery,53.4505578,26.6000157
shop_grocery,55.2088116,30.1493250
shop_grocery,54.3299114,26.8350001
bank,53.1466216,29.2290026
bank,52.2111961,24.3552277
school,53.0309711,27.5536159
post_office,54.7088027,29.1518862
school,52.8944430,30.0587120
shop_grocery,53.0325761,27.5586346
bank,53.0339401,27.5615517
shop_grocery,52.0471201,29.2579004
shop_grocery,53.9194893,27.5778482
shop_grocery,53.8763963,27.4971240
shop_grocery,53.9448736,27.6899242
sports_centre,53.9057468,27.5318490
restaurant,52.2077239,24.3553227
post_office,52.2179659,27.8606947
cafe,55.1906902,30.2023037
shop_grocery,53.9842225,27.8331820
pool,52.7885676,28.0171579
shop_grocery,52.7894567,28.0185614
cafe,52.2105415,24.3566088
cafe,52.2121155,24.3551138
bank,52.2118284,24.3547393
shop_grocery,53.8375535,27.6603377
cafe,53.9090026,27.4704234
shop_grocery,53.6952935,23.8553923
shop_grocery,55.3005742,28.2158778
cafe,52.4372491,30.9866805
shop_grocery,52.4208193,30.9746964
station,52.2080883,27.4067661
shop_grocery,52.2039753,24.3438188
restaurant,52.2038536,24.3438988
bank,52.2017692,24.3427835
shop_grocery,52.2001385,24.3424402
post_office,52.1954956,24.3431202
bank,52.1955201,24.3430832
shop_grocery,52.2102936,24.3478529
restaurant,52.2024046,24.3472440
post_office,54.4183695,30.2852992
sports_centre,53.9256763,27.4249916
sports_centre,53.9259522,27.4250222
restaurant,53.8892536,27.5820180
restaurant,53.8828601,27.4099313
cafe,53.8996388,27.5656961
cafe,53.8498335,27.4721328
cafe,53.9057526,27.5621364
shop_grocery,53.8839604,27.5934408
post_office,53.8864434,30.4106466
shop_grocery,53.0919795,25.3203999
bank,53.0927253,25.3201585
shop_grocery,53.0931102,25.3202604
shop_grocery,53.0940903,25.3202577
shop_grocery,53.0935846,25.3210356
shop_grocery,53.0954694,25.3194814
shop_grocery,53.0960035,25.3206789
cafe,53.0964319,25.3217947
shop_grocery,53.0982325,25.3194720
cafe,53.0700681,25.3117225
shop_grocery,52.1863334,25.1519791
shop_grocery,52.1866707,25.1541223
shop_grocery,52.1864048,25.1577815
shop_grocery,52.1862924,25.1583145
shop_grocery,52.1857814,25.1572465
cafe,52.1857762,25.1573717
shop_grocery,54.6535497,29.1361648
sports_centre,53.8998343,27.6075149
shop_grocery,52.6293631,29.7609072
shop_grocery,52.6288661,29.7612544
school,52.6326508,29.7524144
shop_grocery,54.6533020,29.1354599
shop_grocery,53.8728967,27.4840654
bank,53.1992297,29.2290999
post_office,53.1534132,29.2214551
cafe,53.1449107,29.2250772
shop_grocery,53.1463162,29.2287164
bank,53.1386239,29.2004304
restaurant,53.8738952,25.3335325
cafe,53.8940113,25.3244621
shop_grocery,54.0033194,27.6797622
shop_grocery,53.8984425,25.3081996
school,53.8807767,27.5199980
shop_grocery,52.1245064,26.0634588
shop_grocery,52.1143072,26.0498455
shop_grocery,52.4662535,30.9636052
shop_grocery,53.9365357,27.4617616
cafe,52.4411162,30.9639733
shop_grocery,53.8840672,25.3010918
cafe,53.8868079,25.3016956
shop_grocery,52.4106673,31.0483063
fap,55.1158902,26.8803512
shop_grocery,53.0353018,27.5624740
sports_centre,53.9042343,27.5326010
sports_centre,53.9065264,27.5324843
fap,54.6544364,29.1409648
shop_grocery,53.9449233,27.6072969
shop_grocery,53.8842079,25.3025545
school,54.0673637,27.6996279
bank,51.7490662,23.5962069
shop_grocery,53.1127883,25.9680785
cafe,52.7826663,27.5440166
shop_grocery,53.1169015,25.9723080
post_office,53.1126812,25.9679078
shop_grocery,53.4683023,26.6461801
cafe,53.9363218,27.4815132
restaurant,53.9546773,27.4474106
bank,53.9316990,27.6456449
cafe,52.1327012,25.9810520
shop_grocery,53.2184110,26.6784708
sports_centre,53.9275504,27.6815446
cafe,53.9002907,27.5421833
shop_grocery,54.8112507,29.7065076
shop_grocery,53.8849543,25.3198098
shop_grocery,53.8750201,25.3357921
cafe,53.1327658,26.0239177
shop_grocery,53.9068279,25.2935373
cafe,53.8906850,25.3007952
shop_grocery,53.9023435,25.2941863
shop_grocery,53.8991070,25.3107653
cafe,53.8935564,25.3006002
shop_grocery,53.9214842,27.4372146
cafe,52.0975678,23.6935461
cafe,53.9088026,27.4732288
cafe,53.9308395,27.6458649
cafe,53.9335900,27.6508982
bank,53.7295792,24.5265137
cafe,54.5212751,30.3774753
post_office,54.0389613,27.7798520
shop_grocery,54.8598602,29.1615087
cafe,52.4061167,30.9720187
sports_centre,52.4672423,30.9706824
shop_grocery,53.8426620,27.7011085
shop_grocery,54.3108347,26.8402336
cafe,54.3113268,26.8369905
cafe,54.0120095,27.6805361
shop_grocery,53.8497237,27.4494783
shop_grocery,53.9355696,25.2633114
shop_grocery,53.9344418,25.2675566
sports_centre,53.9320705,25.2699795
restaurant,55.1917734,30.2066049
bank,53.9282478,27.5843104
cafe,53.9013970,27.5333716
shop_grocery,53.8422307,27.7008414
shop_grocery,53.8971085,27.5275766
sports_centre,52.7934874,27.5493289
ice_rink,52.7912061,27.5368878
sports_centre,52.7911353,27.5368385
cafe,52.4335733,31.0100616
shop_grocery,53.8829571,27.4394471
bank,53.1225061,29.2339696
shop_grocery,55.4605356,29.9873292
shop_grocery,53.4811773,26.7198098
shop_grocery,53.4612268,26.6781982
sports_centre,53.8882688,27.6067838
shop_grocery,55.1614550,30.2189177
fap,52.5636810,24.4658314
fap,52.5634868,24.4663712
post_office,53.9143813,27.4352797
shop_grocery,54.6942959,30.4979394
cafe,55.1598144,30.1662018
shop_grocery,55.1804921,30.1430983
shop_grocery,52.5371162,30.9063978
shop_grocery,52.5389202,30.9146443
shop_grocery,54.2199602,28.5362355
post_office,54.2143812,28.5421562
cafe,52.4341213,31.0040216
bank,54.0044778,27.6803948
fap,53.1217877,23.9699510
cafe,53.7387107,31.7104377
cafe,53.9247470,27.5089339
cafe,53.9346051,27.5369396
shop_grocery,53.7776148,24.8490930
post_office,53.7814182,24.8475124
bank,53.7814691,24.8475120
fap,53.7847782,24.8532763
shop_grocery,53.8697152,30.4388364
bank,52.6275895,29.7428844
shop_grocery,52.6342869,29.7407641
shop_grocery,52.6405120,29.7300070
cafe,52.1071909,23.8160933
shop_grocery,53.9081475,27.5144839
shop_grocery,53.9131921,30.3476537
bank,54.5127875,30.4236545
cafe,54.4900242,30.3970369
cafe,52.7895073,27.5336919
fap,53.8844466,27.5407852
sports_centre,53.8720677,27.4665934
cafe,53.9100299,27.4960553
shop_grocery,55.1791587,28.6205031
shop_grocery,52.1924183,24.0295611
cafe,53.8484215,27.3715801
cafe,52.4318603,30.9221331
shop_grocery,53.5255275,28.1398798
sports_centre,53.8904255,25.2911335
shop_grocery,52.6361373,29.7298348
shop_grocery,53.9101920,30.3403791
cafe,54.2010571,30.2990216
shop_grocery,53.9066050,30.3207110
shop_grocery,53.9074647,30.3196687
restaurant,53.9119883,30.3215111
bank,53.9118355,30.3188905
bank,53.9119552,30.3190650
bank,53.9084204,30.3126811
shop_grocery,53.9091635,30.3322732
shop_grocery,54.2765215,30.1069355
shop_grocery,53.9058257,30.3226182
bank,53.9092588,30.3368765
bank,53.9094873,30.3343225
shop_grocery,54.2076557,30.2994164
cafe,52.3890777,31.0287796
bank,53.9172498,27.4297857
shop_grocery,54.1645208,28.0704944
post_office,54.2655191,27.1026103
sports_centre,52.3732961,31.0330326
shop_grocery,53.1416261,29.2005784
shop_grocery,53.1427356,29.1997843
cafe,53.1483993,29.1932612
shop_grocery,53.9086038,27.5482210
shop_grocery,53.4519839,27.2402966
shop_grocery,54.0376035,28.7581014
cafe,53.9701761,27.6235992
school,54.3057758,26.8232390
restaurant,54.3113096,26.8373075
shop_grocery,54.3133112,26.8400322
cafe,54.3081973,26.8209246
bank,54.3078995,26.8223321
shop_grocery,54.3078280,26.8223101
shop_grocery,53.7445672,27.6897388
cafe,53.8978360,27.5441717
shop_grocery,53.7140698,28.4158651
fap,52.0726577,23.7602958
fap,54.5685255,30.6671476
shop_grocery,54.6509907,29.1327257
shop_grocery,52.2219504,27.8485650
shop_grocery,52.2181164,27.8522588
shop_grocery,52.2180441,27.8527472
shop_grocery,52.2210407,27.8548545
post_office,55.2811233,30.1420815
shop_grocery,54.2828284,26.9489473
station,54.0322970,27.2513172
shop_grocery,54.4930024,30.3994279
station,53.9172922,27.6264801
station,53.9147731,27.6427549
station,53.9257308,27.6221717
station,54.7911790,27.4071044
post_office,55.9116894,29.3188265
station,54.0087677,27.2839723
post_office,52.7029514,24.3519194
bank,52.7031075,24.3521339
shop_grocery,52.7041671,24.3521306
cafe,52.7042322,24.3520113
cafe,53.8881835,27.5443333
school,52.4683021,31.0238572
cafe,53.9085370,27.5491876
school,53.8691679,27.6295660
shop_grocery,53.8745703,27.6299791
shop_grocery,53.8682874,27.3173455
cafe,53.1639833,24.4663746
shop_grocery,53.1700539,24.4717154
shop_grocery,52.7320536,27.4474195
shop_grocery,53.8901292,27.3967229
fap,53.8836801,25.2983647
cafe,53.8989412,27.5376224
cafe,53.8753985,27.6299509
restaurant,53.0976864,25.3208949
restaurant,53.0957196,25.3203004
shop_grocery,53.0974470,25.3163461
shop_grocery,53.0951443,25.3183247
shop_grocery,52.0872549,23.7023619
shop_grocery,52.8876190,28.6936092
restaurant,54.2251627,28.5079079
sports_centre,53.8944306,27.5307589
bank,53.9166685,27.5495543
cafe,53.6484719,23.8445373
shop_grocery,52.7997456,28.0076204
shop_grocery,52.3152020,28.8189281
cafe,52.3142543,28.8185607
restaurant,52.3142411,28.8185392
shop_grocery,52.3143116,28.8187270
bank,52.3125097,28.8190846
post_office,52.3124917,28.8191655
shop_grocery,52.3089896,28.8019346
cafe,52.1131804,26.1034579
cafe,53.1637640,29.1885214
cafe,53.1658699,29.1846386
shop_grocery,54.0954674,28.3096918
cafe,52.0548093,23.7254618
shop_grocery,53.8996881,25.2631717
fap,52.9054541,28.6743229
sports_centre,53.8456323,27.4545035
bank,52.8929301,28.6816224
shop_grocery,53.1328624,26.0156259
restaurant,53.1322610,26.0154693
cafe,53.1327964,26.0174515
cafe,53.1323865,26.0209077
shop_grocery,53.1324019,26.0300326
cafe,53.1322535,26.0200147
cafe,53.8904475,27.5535204
shop_grocery,53.8944391,27.4816031
shop_grocery,53.8931384,27.4848042
shop_grocery,53.0406188,27.5650160
ice_rink,52.7907290,27.5372044
bank,53.9231019,27.5107806
post_office,53.8825955,27.4402527
shop_grocery,53.9014165,27.4770670
post_office,52.3549321,30.4155705
shop_grocery,53.0644651,26.6380477
shop_grocery,54.4804980,26.8971586
cafe,52.2769045,26.9568398
cafe,55.1969197,30.2048201
post_office,52.0715021,23.7512443
shop_grocery,53.8766702,27.4476647
shop_grocery,54.2097163,28.4846264
shop_grocery,54.2058350,28.4782537
cafe,53.6396649,31.9383198
cafe,53.6395759,31.9338030
cafe,53.6389716,31.9310350
cafe,53.6290794,31.9271940
shop_grocery,53.6244855,31.9391030
cafe,53.6235756,31.9442529
cafe,53.6146758,31.9392533
shop_grocery,52.2114245,24.3226340
cafe,53.9156937,27.4415371
fap,53.6036500,24.0815604
post_office,53.2868674,23.9385810
fap,53.2860638,23.9365879
shop_grocery,53.6979549,24.0183697
shop_grocery,52.7967306,27.5345671
shop_grocery,54.0519699,24.9985610
bank,54.0512128,24.9901942
school,54.0509046,24.9896169
shop_grocery,54.3240163,26.8736019
cafe,54.3001637,26.8466809
post_office,53.3196420,24.6847525
cafe,52.2060626,27.0092948
bank,52.2058898,27.0108441
cafe,53.9628190,27.5282176
cafe,53.9059738,27.5446088
bank,53.1839814,29.1941940
shop_grocery,54.2093862,28.4871509
shop_grocery,54.8594084,29.1607926
bank,54.5811652,30.6769478
fap,53.8824641,27.4990001
shop_grocery,53.3481439,24.6318250
post_office,53.5365934,24.7397804
bank,53.5365434,24.7395748
fap,53.5410052,24.7422802
cafe,53.5353963,24.7396371
post_office,53.1695654,29.1910801
bank,53.1694682,29.1911673
cafe,53.1718036,29.1885078
bank,53.1630668,24.4675633
shop_grocery,53.9216608,27.5513781
cafe,53.8814566,27.5853857
shop_grocery,52.3678224,30.3529044
cafe,53.8380613,27.6786227
bank,53.6862282,27.1161697
fap,53.8766399,27.6389525
shop_grocery,55.1809476,30.2430144
cafe,53.0122414,27.0637646
shop_grocery,52.3999389,31.1026560
cafe,52.4035766,31.1052195
fap,52.3970351,31.0952550
shop_grocery,52.4036375,31.1052495
post_office,52.4001635,31.1043463
restaurant,52.4035157,31.1052406
restaurant,52.3970993,31.0964680
cafe,53.8909726,27.5399842
shop_grocery,53.9286980,30.2512365
fap,52.3835794,30.3502756
fap,52.3836258,30.3496288
cafe,54.2251657,28.5073430
station,53.9649252,27.8142142
fap,52.4005501,31.1001620
restaurant,53.2226694,26.6915725
cafe,53.9249342,30.3398876
shop_grocery,53.9018271,30.3424227
shop_grocery,53.8521799,27.4422039
bank,52.2140915,27.2534666
shop_grocery,52.2162474,27.2533799
bank,55.1925249,30.2129645
bank,53.8970058,27.5539706
post_office,52.7865069,27.4965358
shop_grocery,53.2685102,24.4165324
shop_grocery,53.4225052,26.1408939
shop_grocery,53.9490352,27.7188892
shop_grocery,53.4117564,26.3191180
shop_grocery,53.4000420,26.0793577
shop_grocery,53.5866016,26.1754907
shop_grocery,53.6107890,26.1881780
cafe,53.2848227,24.4081179
shop_grocery,53.2852746,24.3986511
shop_grocery,53.4459032,26.2336474
shop_grocery,53.4099567,26.1592577
shop_grocery,53.4590885,26.1181438
shop_grocery,53.5266036,26.3129637
shop_grocery,53.5524957,26.2427369
shop_grocery,53.4985988,26.2180481
shop_grocery,53.4135789,26.4440104
shop_grocery,53.4451629,26.3306215
shop_grocery,53.5581077,26.3619150
shop_grocery,53.4530810,26.2773214
shop_grocery,54.0890794,28.3076774
shop_grocery,54.0886796,28.3048799
shop_grocery,53.9125126,30.3504322
shop_grocery,53.6824952,23.8324972
cafe,53.6880361,23.8475711
shop_grocery,54.0083702,27.8796878
bank,52.7861763,27.5395886
shop_grocery,53.9303547,27.6015643
shop_grocery,54.4767280,26.3997417
restaurant,53.6862434,27.1317540
shop_grocery,53.9489482,27.7584477
bank,53.6817137,27.1351769
shop_grocery,53.6837989,27.1187398
shop_grocery,53.3837731,28.3591236
shop_grocery,54.4664438,26.4023997
shop_grocery,54.4818153,26.4091662
shop_grocery,54.4766622,26.4149245
shop_grocery,54.5056978,26.3741294
shop_grocery,54.3813980,29.2902729
cafe,52.8120472,29.4075251
shop_grocery,54.4781066,26.3768683
shop_grocery,54.4723335,26.3655976
shop_grocery,53.8809694,27.4534913
shop_grocery,53.8949424,27.5123525
shop_grocery,54.8703135,27.8059045
shop_grocery,52.1355512,26.1052701
shop_grocery,53.3641752,25.6994643
shop_grocery,53.3639070,25.7001566
post_office,54.9636320,27.6539658
cafe,54.7294665,28.0634180
shop_grocery,54.8857912,27.7691894
shop_grocery,54.8215632,27.9272567
shop_grocery,54.7256326,28.0603333
shop_grocery,54.4910875,27.8596840
shop_grocery,52.4679389,31.0141171
fap,54.1787195,28.4763275
cafe,53.9326254,27.5550884
shop_grocery,52.2154510,27.4860083
cafe,52.2268540,27.4827022
shop_grocery,53.1991543,29.2213215
restaurant,53.8743786,27.6335286
cafe,55.1674963,30.2835700
fap,53.7355235,27.6941580
cafe,53.9127158,27.5691723
fap,53.6838058,23.8453608
shop_grocery,53.2128211,26.3861554
shop_grocery,52.9131763,30.0372205
shop_grocery,54.5134760,30.4070440
shop_grocery,52.3924291,23.8227926
shop_grocery,52.3892860,23.8250284
cafe,52.3957583,23.8252634
shop_grocery,52.3959506,23.8244718
school,52.3950724,23.8214372
fap,54.5146622,30.4312002
post_office,54.5729181,30.6891588
bank,54.5105183,30.4278913
shop_grocery,54.4886735,30.4253624
cafe,55.1951031,30.2046423
cafe,53.9168893,27.5796262
shop_grocery,54.5024107,30.4373447
cafe,52.7866407,27.5379034
cafe,54.5114263,30.4236032
shop_grocery,52.8037138,28.0049477
shop_grocery,52.8045038,27.9895614
shop_grocery,52.7907886,28.0019269
bank,52.8039927,28.0033864
restaurant,52.7907506,28.0022044
fap,54.5103831,30.4194758
shop_grocery,54.5141009,30.3936070
shop_grocery,53.0591790,26.6445040
cafe,53.0676016,26.6317949
school,54.5074844,30.4257231
cafe,54.5072872,30.4230163
shop_grocery,52.2335279,24.3346373
restaurant,52.1979664,24.3417280
shop_grocery,52.1963384,24.3570579
shop_grocery,55.1135876,26.8403128
cafe,55.1132180,26.8389737
shop_grocery,55.1134689,26.8403527
school,53.4891527,26.0724988
cafe,53.1376853,29.2271174
shop_grocery,53.7117499,23.8489624
shop_grocery,55.1176196,26.8797522
fap,53.9522840,30.3556490
shop_grocery,53.6071738,24.0818144
cafe,53.6059431,24.0822643
shop_grocery,53.6872036,23.8510476
cafe,52.7820447,27.5417860
shop_grocery,53.8585479,27.4769984
post_office,53.5356934,28.8285364
shop_grocery,52.4102923,31.3252776
school,53.9892627,27.6677222
bank,52.4113643,30.9742568
cafe,52.1253865,29.3070160
shop_grocery,53.4243774,25.3313313
shop_grocery,55.2126920,30.2283246
cafe,53.9359396,27.3530748
bank,53.9028266,27.5456309
shop_grocery,53.0609375,25.4619065
shop_grocery,53.8882012,27.5219620
school,53.9341572,27.4757664
shop_grocery,52.4209794,31.3183562
cafe,52.4277417,31.0013700
fap,52.4221465,31.3177719
shop_grocery,54.5030478,30.3689622
shop_grocery,54.5033241,30.3685852
restaurant,53.1420783,26.0689957
cafe,53.9380801,27.3568913
shop_grocery,53.3352091,27.0999074
shop_grocery,53.8738566,30.3989536
shop_grocery,54.1821486,28.4807428
cafe,51.9020570,29.3288364
bank,54.5226669,30.9344311
shop_grocery,53.9991209,27.6846366
shop_grocery,52.4438470,30.9928979
fap,53.9120988,27.5398815
post_office,52.2199533,24.3464330
shop_grocery,52.2001482,24.3405918
shop_grocery,52.2230556,24.3463484
shop_grocery,52.2120031,24.3561793
shop_grocery,52.1259559,23.7180812
shop_grocery,52.1953593,24.3434886
post_office,52.1207555,23.6906738
shop_grocery,54.4893204,26.9184405
shop_grocery,52.1032932,23.6790138
fap,52.2319072,24.3181019
post_office,54.2891747,30.9807171
shop_grocery,54.8882280,26.9158902
cafe,53.0657716,26.6327050
bank,54.7163675,30.6529943
shop_grocery,53.1555481,30.4596261
cafe,52.7907723,27.5400377
shop_grocery,53.8660815,30.4737816
shop_grocery,52.6153434,30.8539741
bank,52.0997359,23.6977792
shop_grocery,52.1007368,23.6967976
shop_grocery,53.8621905,27.4777371
bank,53.9315176,25.7711167
post_office,53.9313620,25.7691173
shop_grocery,53.2367980,30.4316884
shop_grocery,54.9671449,29.8331320
bank,52.4393739,31.0023539
restaurant,53.9082322,27.5480577
bank,54.9671276,29.8327145
post_office,54.9671029,29.8325780
bank,53.5676802,31.3810052
post_office,52.2221154,27.8486647
school,52.2162350,27.8633754
cafe,53.9142201,27.6678734
restaurant,52.4271423,31.0030585
shop_grocery,54.3308312,25.8398148
shop_grocery,53.9007306,27.4467331
post_office,52.1352377,26.0698394
cafe,53.9018838,27.5492451
cafe,53.9434721,27.5982427
shop_grocery,53.9316880,30.3545517
shop_grocery,53.9299721,30.3599177
cafe,55.1966086,30.2049790
cafe,53.9196047,27.5873677
restaurant,53.8979760,27.5433234
shop_grocery,55.1888318,30.2591719
shop_grocery,53.8088024,30.2210541
shop_grocery,55.1710977,30.2143181
cafe,52.7215259,25.3277385
post_office,52.5771897,26.8592323
shop_grocery,53.7059254,26.5551722
cafe,54.5729879,30.6914963
cafe,54.3184636,29.1355276
shop_grocery,53.5582901,26.1511441
restaurant,52.0648718,23.6881101
cafe,54.0124119,27.6785433
restaurant,53.6784373,23.8239862
shop_grocery,55.1644277,30.2381475
shop_grocery,52.4197172,31.3149610
shop_grocery,52.3998815,31.3213288
shop_grocery,52.4226371,31.3149876
shop_grocery,54.0688698,27.5668064
cafe,53.9553616,27.4261050
post_office,55.5213253,28.6657624
cafe,55.5241946,28.8418931
shop_grocery,54.0533379,26.5744913
post_office,54.0533314,26.5759053
restaurant,53.9671971,27.4311651
shop_grocery,52.9036868,30.0551300
shop_grocery,54.5068437,26.3734095
school,53.0955880,29.0074387
pool,55.1918679,30.1817458
bank,52.4429901,30.9920284
cafe,53.7014424,23.8067480
shop_grocery,53.8871456,27.5203111
cafe,53.9096699,27.5789498
shop_grocery,54.3177095,29.1403030
post_office,53.8578869,27.6895351
shop_grocery,53.8579734,27.6893709
bank,52.0944747,23.6927790
cafe,53.8600295,27.6858940
shop_grocery,53.5816727,28.2953472
shop_grocery,53.5816437,28.2951798
school,53.5811222,28.2927748
bank,53.5815891,28.2951909
post_office,53.5814616,28.2952313
cafe,53.5102805,28.1443794
post_office,53.8836099,27.2572158
shop_grocery,53.8852397,27.2605847
bank,54.4193939,30.2879857
post_office,54.3180777,29.1416795
cafe,53.9283889,27.6618804
shop_grocery,51.8921340,26.8409902
shop_grocery,53.8592868,27.6743054
shop_grocery,53.0449799,26.2531638
cafe,53.8582035,27.6770200
fap,52.2765589,25.6875995
shop_grocery,53.7126477,28.4252658
shop_grocery,54.0194346,31.7267126
pool,54.4865665,26.4102739
school,54.4863622,26.4094476
cafe,53.8601362,27.4840409
fap,53.8716005,27.4898715
shop_grocery,52.9102986,30.0362740
cafe,53.6808617,23.8643147
shop_grocery,53.8670964,27.5112422
shop_grocery,53.8665902,27.5106034
shop_grocery,52.6086609,25.0780739
shop_grocery,55.4966474,28.7496437
shop_grocery,55.4948725,28.7449501
cafe,53.9187574,27.6031473
shop_grocery,53.9195571,27.5128436
cafe,53.9195094,27.5744324
shop_grocery,53.8610895,27.5663231
shop_grocery,53.8895905,27.5492530
cafe,53.8857190,27.5584165
cafe,53.8925323,25.2548732
cafe,53.9060011,30.3393558
cafe,55.1959586,30.2045384
cafe,53.9051229,27.5525373
shop_grocery,55.1756844,27.8044071
cafe,53.8979359,27.6066351
shop_grocery,53.1338801,25.8088763
sports_centre,53.9245547,27.4071639
shop_grocery,53.3148859,26.5400904
post_office,53.3145221,26.5395652
shop_grocery,52.7604104,26.4185065
shop_grocery,53.3142448,26.5388134
shop_grocery,53.3144195,26.5401949
shop_grocery,52.7762094,26.4258242
cafe,54.0189188,31.7246769
cafe,54.0207886,31.7266517
cafe,53.9042261,27.5538964
post_office,53.0389353,27.5269123
shop_grocery,54.5217027,30.3730828
cafe,53.9265025,27.4403618
shop_grocery,52.3997324,23.3816619
shop_grocery,54.5288736,30.3826390
bank,54.2222110,28.5218616
cafe,52.9162456,30.9011091
post_office,53.0395489,25.9783640
shop_grocery,53.8772298,27.6133827
restaurant,54.2996173,26.8402011
shop_grocery,54.2977887,26.8462546
cafe,55.4626720,29.9828229
shop_grocery,55.1208895,29.7793234
shop_grocery,52.8449149,27.1551194
restaurant,53.9028041,30.3404603
post_office,54.8293554,27.4571100
sports_centre,53.9882819,26.9429318
cafe,53.8905609,25.2998067
shop_grocery,54.2574965,26.0115408
bank,53.2210125,26.4011046
shop_grocery,52.4416806,30.9445710
shop_grocery,54.4924008,30.3974324
cafe,55.5330645,28.6531869
cafe,53.3177942,28.6444721
shop_grocery,55.4018722,30.7089054
cafe,53.9336462,27.6557390
shop_grocery,53.9132813,30.3533847
shop_grocery,53.6931797,23.6910834
bank,53.6919838,23.6915013
cafe,53.1326163,25.9934061
bank,54.0908623,28.2991919
shop_grocery,53.6749283,31.7205697
cafe,52.6473749,23.9290025
shop_grocery,53.0392901,25.9768393
shop_grocery,53.0295093,25.9617032
post_office,52.3511900,25.6087332
bank,52.3510514,25.6087670
shop_grocery,53.8992189,27.5676239
shop_grocery,53.8823195,27.4244257
shop_grocery,54.0649342,25.9105539
post_office,52.0508295,29.2513001
shop_grocery,53.9282673,27.6715731
shop_grocery,54.6552935,29.1477040
shop_grocery,52.5547699,24.4645400
cafe,53.9289483,27.6611205
shop_grocery,53.1319090,26.0653640
shop_grocery,53.9476896,27.6973143
bank,54.2236165,28.5158938
post_office,54.7616340,28.6590307
shop_grocery,53.7045109,26.5558273
fap,53.8685041,27.6486570
shop_grocery,53.8893095,26.7403967
post_office,52.7234441,27.4615018
shop_grocery,53.7135991,28.4183017
shop_grocery,53.7156448,28.4139540
shop_grocery,54.0251230,28.1004740
shop_grocery,55.4836987,28.7787362
shop_grocery,55.5902094,28.5885230
shop_grocery,55.5900676,28.5927973
bank,55.5899021,28.5884783
cafe,55.4871459,28.7636380
cafe,53.9290073,27.5875690
bank,53.9227384,27.5576429
post_office,55.4895553,28.7462881
shop_grocery,55.4785256,28.7646954
shop_grocery,55.4730465,28.7649819
cafe,54.3148833,26.8858001
shop_grocery,53.3492263,25.4858550
bank,52.1238259,29.3347628
shop_grocery,52.1329071,29.3431427
school,53.1435115,26.0421399
cafe,52.0903084,23.6944565
bank,52.2366818,25.6680511
post_office,52.2570383,26.7960360
fap,52.0578865,27.2505812
fap,53.7044379,28.4142494
shop_grocery,52.0545104,27.2140533
fap,52.0568627,27.2160384
fap,52.0566192,27.2161183
cafe,52.0620483,27.2047174
cafe,53.9137878,27.5798913
cafe,53.1474405,29.2215716
post_office,55.0139253,28.9915069
pool,53.8596340,27.5302281
cafe,53.9266274,27.5932470
shop_grocery,52.4405753,30.9936611
fap,52.6340938,29.7480173
cafe,54.7720016,28.3763752
shop_grocery,53.1445738,26.0427456
bank,53.1451339,26.0406389
shop_grocery,53.1438505,26.0432692
cafe,55.4908837,28.7821159
cafe,54.7472628,28.3106632
shop_grocery,55.1925092,30.2126639
post_office,53.8794804,27.4847018
bank,53.8339274,28.9958556
sports_centre,53.8343737,28.9958109
shop_grocery,55.0905355,27.1210199
shop_grocery,55.9356514,28.1984143
shop_grocery,53.6447027,27.9155195
shop_grocery,54.5324824,27.8654277
cafe,52.4113942,29.8552283
cafe,53.0496246,28.0591478
shop_grocery,53.9278869,27.6440137
restaurant,54.0644396,27.7818726
shop_grocery,52.9103770,30.0361619
station,52.3304448,26.8228261
restaurant,53.9279666,27.6435023
shop_grocery,54.9805175,30.4401501
post_office,54.9804067,30.4400272
shop_grocery,55.0256926,30.4356757
cafe,54.4031496,29.6811479
shop_grocery,54.4080938,29.6894776
cafe,53.7523263,28.1502038
shop_grocery,52.3166550,28.8187013
post_office,52.4642066,28.4605110
cafe,52.4658890,28.4606429
cafe,55.5250636,28.8408440
post_office,52.7884064,27.6409321
shop_grocery,53.9419588,27.6074584
shop_grocery,53.8975236,27.4297791
post_office,54.8177458,27.7487357
school,54.8194927,27.7525456
restaurant,53.9049879,27.5397116
post_office,54.4823131,26.4012831
cafe,54.7201196,25.7490006
shop_grocery,54.1060319,28.3510600
shop_grocery,54.1065167,28.3557086
shop_grocery,54.4784938,26.4194986
fap,54.4786463,26.4159043
restaurant,54.4775395,26.4220441
post_office,54.4780323,26.4150717
restaurant,52.4354995,31.0008135
cafe,54.0901647,28.3004712
post_office,52.4330437,30.9927000
shop_grocery,53.6335412,27.2181041
post_office,53.6340733,27.2174780
cafe,53.9112970,27.5295396
shop_grocery,55.1104484,26.8653912
shop_grocery,55.1102374,26.8634777
shop_grocery,55.1103021,26.8645506
cafe,55.1188248,26.7906452
shop_grocery,55.1164944,26.8305752
restaurant,53.7958605,27.7962900
cafe,53.9122142,27.5787970
station,53.3539276,26.5699888
bank,53.8611520,27.4657038
bank,53.8858160,24.1346047
school,53.1500714,29.2410004
bank,53.1362003,29.1771498
fap,53.8776511,27.5442013
shop_grocery,54.0977660,28.3048530
bank,54.2068741,28.4866748
shop_grocery,53.8966987,26.7453949
shop_grocery,52.5286937,24.9747133
bank,52.4568864,30.9623223
cafe,53.8893950,28.0322662
shop_grocery,53.2422264,29.0080191
school,53.2345623,29.0101053
post_office,53.2447932,29.0124455
bank,53.2454605,29.0133054
post_office,52.9001008,30.0535892
shop_grocery,52.1188090,26.1011441
cafe,53.8458621,25.1867554
restaurant,53.8943692,25.3908098
shop_grocery,52.6138464,23.8592738
shop_grocery,53.9175107,27.2015290
school,53.4596606,27.2198875
cafe,53.9183337,27.5460988
shop_grocery,55.0833494,30.1460834
shop_grocery,52.3588062,31.0099912
shop_grocery,53.8984010,25.2520564
shop_grocery,53.1481618,24.8157750
cafe,53.6889080,23.8485652
bank,53.6906199,23.8214263
shop_grocery,51.9047046,29.4816891
post_office,51.9051184,29.4806736
shop_grocery,52.8014495,28.0035002
shop_grocery,52.8034694,28.0047177
school,53.8952003,27.4621596
shop_grocery,53.7400973,27.5011773
fap,54.7141467,27.2908150
bank,54.9101029,26.7081174
shop_grocery,54.5729733,26.2044622
post_office,52.6397312,29.7269823
cafe,53.8947132,27.5420733
cafe,53.9026576,27.5420715
station,52.2387280,26.8852530
school,53.6994586,23.8437950
shop_grocery,51.5124858,30.5066238
post_office,54.3191699,26.1325799
bank,54.2564038,26.0120218
bank,53.9637997,27.5353255
shop_grocery,54.6840629,27.1687957
fap,53.1152842,29.1022332
cafe,53.6651548,27.1384862
shop_grocery,54.3648588,28.3388131
shop_grocery,54.3533666,28.3219097
cafe,53.9061900,27.5579522
shop_grocery,53.9642444,27.5356944
post_office,54.3622593,28.3432142
shop_grocery,54.2155837,28.5238057
restaurant,52.0685134,23.6408007
cafe,52.1123370,26.0755639
restaurant,55.6328080,27.0521718
cafe,55.6358611,27.0309284
cafe,53.8829730,27.4251279
shop_grocery,53.6958632,25.6962021
bank,52.1433945,23.6887794
post_office,55.6424282,29.8595497
shop_grocery,55.7411546,29.7076360
cafe,55.7412170,29.7075099
cafe,53.6960915,23.7929358
restaurant,54.6178629,25.9613746
shop_grocery,53.9682792,27.0502230
shop_grocery,52.1192919,23.6698253
shop_grocery,53.8848715,30.4153705
post_office,53.9465865,27.6965330
shop_grocery,54.9017475,26.3993211
cafe,53.9077110,27.4368606
shop_grocery,53.2640186,24.5660868
shop_grocery,52.4734742,25.0019847
post_office,52.4730590,25.0018469
fap,53.9127770,27.3776100
cafe,53.7551034,28.9234913
bank,53.6819094,23.8294863
shop_grocery,53.8851969,27.6849622
cafe,52.2770959,26.9546088
cafe,52.3140739,25.6206131
shop_grocery,54.1920725,27.8308914
restaurant,54.1921363,27.8307875
post_office,54.1919792,27.8306550
post_office,54.2045509,27.8541920
cafe,53.6871439,23.8284804
shop_grocery,55.1518507,27.9609456
shop_grocery,55.1477144,27.9608417
shop_grocery,55.1446741,27.9637639
cafe,53.6855519,23.8459176
bank,52.5257720,24.9621123
shop_grocery,53.7141196,28.4156428
shop_grocery,54.5144267,28.9546831
shop_grocery,53.7128867,23.8152902
school,52.2524519,26.8997292
shop_grocery,53.5604419,26.5104362
shop_grocery,53.6956917,23.8550022
bank,53.6796841,23.8420156
cafe,53.6743332,23.8519491
restaurant,53.6744592,23.8518701
fap,53.6792759,23.8350393
shop_grocery,53.0493204,28.2631325
bank,53.9061013,27.4369559
shop_grocery,53.8851865,24.1359317
shop_grocery,53.8849546,24.1354056
shop_grocery,51.8780861,29.7853993
shop_grocery,53.6945922,23.8117095
cafe,53.6827725,23.8313505
cafe,52.1238992,29.3080244
shop_grocery,52.4033091,28.5582240
bank,52.9804268,27.9708748
shop_grocery,52.5233808,24.9650480
shop_grocery,52.5244676,24.9630018
bank,53.9125855,27.5791423
cafe,53.9128419,27.5790959
cafe,53.9187469,27.5007847
cafe,53.9252434,30.3396416
cafe,53.9251195,30.3397903
shop_grocery,53.9254489,30.3396233
cafe,53.8771336,27.5342682
post_office,52.1235249,28.4834992
cafe,53.9336308,27.6528378
shop_grocery,52.4526470,30.9709259
cafe,53.8879166,27.5204506
cafe,53.9907304,27.3043331
cafe,53.8593281,27.6748583
shop_grocery,53.8594678,27.6742141
cafe,53.7106401,23.8261573
shop_grocery,53.7122815,31.7231837
shop_grocery,53.7474613,31.7008793
shop_grocery,53.7370207,31.7189440
restaurant,53.6938888,31.7157413
shop_grocery,53.7505226,31.7138078
shop_grocery,53.7717232,31.7088840
post_office,53.6964453,31.7072283
shop_grocery,53.7396414,31.7087068
school,53.7470526,31.7193694
shop_grocery,54.5105060,26.1930325
shop_grocery,53.8311052,28.9953449
bank,53.7384149,31.7091523
fap,53.8977569,27.5665073
cafe,53.8963434,27.5525824
shop_grocery,53.0367958,26.2724124
shop_grocery,51.7847521,28.3312371
shop_grocery,51.7844580,28.3320829
cafe,53.8927834,27.4513539
cafe,53.1351395,26.0145874
shop_grocery,52.2062153,27.0092292
cafe,53.6187244,23.8841085
fap,54.0060979,27.6962998
shop_grocery,55.5443052,27.4182311
shop_grocery,53.8680311,27.6021084
post_office,55.5390818,28.8065084
bank,55.5390397,28.8063391
post_office,54.3413546,27.7259286
cafe,54.4106884,29.6929532
school,54.4162360,29.7016047
shop_grocery,54.4140152,29.6901825
school,54.4015967,29.6798769
shop_grocery,53.5158113,28.3994704
cafe,54.3064157,26.8431653
shop_grocery,52.3749013,31.0344767
fap,54.0941943,28.3169064
shop_grocery,53.8721751,27.4807197
shop_grocery,53.9382604,28.4119213
post_office,53.9391474,28.4111351
cafe,53.8984546,30.3326740
post_office,55.3205509,30.4316998
post_office,55.2167518,30.5114391
bank,52.3731796,30.3489154
shop_grocery,53.9020480,27.5828373
cafe,53.9019566,27.5829438
cafe,55.1354555,30.2093554
post_office,54.4217453,25.8974857
cafe,54.0881739,28.3328366
shop_grocery,52.1927391,24.3609132
shop_grocery,52.2016586,24.3391610
fap,55.0847611,27.2408553
shop_grocery,55.0842955,27.2413336
shop_grocery,55.0767500,27.2348672
cafe,55.0753693,27.2335771
post_office,53.2476695,24.9194873
fap,53.2482766,24.9207245
cafe,53.8647636,27.5285984
fap,53.8569768,27.6129982
shop_grocery,54.2638381,27.1028425
cafe,53.8081063,23.8666895
shop_grocery,53.8126171,23.8603563
cafe,53.8125593,23.8602113
post_office,53.8122303,23.8542444
bank,53.8121549,23.8539911
shop_grocery,53.5206674,28.1520645
cafe,53.8897121,25.2992725
cafe,53.8809822,25.2959121
shop_grocery,52.8286273,24.3519647
shop_grocery,52.9371725,24.3638322
post_office,53.1487192,24.8189025
shop_grocery,52.4220319,30.9515747
bank,53.2476816,24.9195537
cafe,53.7297951,23.7909843
cafe,53.6776970,23.8427200
station,54.5314356,26.0809730
shop_grocery,54.2000445,27.2446862
shop_grocery,53.9070935,28.1226259
fap,53.9194197,27.5954241
post_office,53.9064249,28.1230553
bank,54.0357339,26.6826302
shop_grocery,54.5227837,27.5077073
bank,54.5219149,27.5023130
shop_grocery,53.4896621,26.7342954
cafe,53.6036184,25.3805584
shop_grocery,53.4976421,25.3966852
shop_grocery,54.2742537,30.9856576
cafe,53.8775540,27.5352853
shop_grocery,53.0115658,27.5362579
fap,52.5299205,24.9861905
cafe,53.6661982,23.9239964
bank,55.3488260,28.3250842
shop_grocery,54.2150724,27.8508471
shop_grocery,54.2102966,28.4746457
shop_grocery,54.2134749,28.4766018
bank,52.2581825,26.7908092
cafe,53.6729005,23.9068961
shop_grocery,53.6729579,23.9063881
post_office,54.2445224,28.5052886
fap,54.2739906,28.4879415
shop_grocery,52.2583173,26.7906819
shop_grocery,54.7247315,28.0570799
shop_grocery,54.7238714,28.0556344
post_office,54.8709789,28.6766372
restaurant,53.9324456,27.5115451
cafe,52.1069453,23.7517588
cafe,54.4563243,30.0059158
bank,54.4547731,30.0071517
shop_grocery,54.4543305,30.0085755
shop_grocery,54.4063431,29.7068501
shop_grocery,54.4056803,29.7078293
shop_grocery,54.4090816,29.7150848
shop_grocery,54.4541381,30.0091267
shop_grocery,54.4530343,30.0123459
shop_grocery,54.4540145,30.0107025
cafe,53.9056532,27.5748918
restaurant,52.1921540,24.1493155
pool,52.1925589,24.1497715
cafe,53.9214147,27.5788374
cafe,53.8955908,27.5542916
bank,53.9343274,27.6536933
cafe,55.8138619,29.9972449
shop_grocery,55.8139305,29.9971872
cafe,54.0638529,27.5910069
shop_grocery,54.6267487,30.4356756
shop_grocery,53.6407526,23.8612578
shop_grocery,55.1947062,30.1954553
school,52.9018364,30.0146740
shop_grocery,53.6439804,23.8475211
shop_grocery,53.6464066,23.8484943
bank,53.6472184,23.8459798
shop_grocery,53.6442926,23.8418265
restaurant,52.0891356,23.6974896
shop_grocery,52.4249033,30.9556984
sports_centre,53.9459518,27.6475970
shop_grocery,53.1671357,29.1592054
fap,53.8749164,27.5500893
cafe,53.5022716,28.1701950
shop_grocery,53.5030640,28.1658891
shop_grocery,53.5124156,28.1421194
sports_centre,53.8800529,27.5368716
post_office,53.6314354,23.8109932
cafe,53.6229040,23.8653115
cafe,53.6241414,23.8644027
cafe,54.4918089,30.0235120
shop_grocery,53.9355727,27.5930433
bank,53.6503696,23.8328687
cafe,53.6539178,23.8301361
restaurant,53.6541973,23.8302923
shop_grocery,53.6555646,23.8303687
shop_grocery,54.0857813,26.5179254
cafe,52.0972449,23.6494767
shop_grocery,54.0634614,27.6869472
shop_grocery,53.1515723,27.0883586
shop_grocery,53.1407943,27.0921922
cafe,53.9098241,27.5740227
school,53.9380489,27.6203035
shop_grocery,53.6618018,23.8283089
fap,53.6497606,23.8354572
shop_grocery,55.5600144,28.6802460
cafe,53.6566936,23.8412261
school,53.6553053,23.8389003
cafe,53.6587818,23.8355155
bank,53.6577062,23.8424116
shop_grocery,54.0976748,28.3652669
shop_grocery,54.5790368,30.6768876
shop_grocery,54.3047652,26.8423390
shop_grocery,53.9488557,27.4286846
bank,53.9475177,27.4262487
shop_grocery,53.9498109,27.4472677
cafe,53.6663780,23.8278396
fap,53.9001138,27.4766009
shop_grocery,52.5648139,24.4736801
shop_grocery,52.5015725,30.6606835
cafe,54.0750423,27.2136074
cafe,53.8749051,27.6296331
cafe,53.0148720,25.3455877
cafe,54.8702325,26.9295822
post_office,54.8693793,26.9261713
shop_grocery,54.8831767,26.9274248
shop_grocery,54.8694114,26.9267503
shop_grocery,54.2070776,28.4732614
shop_grocery,53.7188531,24.9837128
bank,52.0990473,23.6952775
bank,52.0885557,23.6949397
shop_grocery,54.2019627,30.2991449
station,52.1396443,23.6710266
cafe,54.2021143,30.2976209
cafe,54.2018263,30.2993655
shop_grocery,53.1249298,25.9061520
post_office,52.4336435,24.8945595
bank,52.1135765,26.0667974
bank,52.1124402,26.0750385
restaurant,53.8510663,25.3395139
shop_grocery,55.4690213,29.9559910
post_office,53.8796717,27.5394193
cafe,52.1235395,23.5743563
cafe,53.9009910,27.5527563
fap,53.8579680,27.4848282
shop_grocery,55.1017966,26.8375537
cafe,53.9057826,27.6382602
cafe,52.0976669,23.6925677
shop_grocery,54.0062602,27.6934138
shop_grocery,52.2273772,27.4597209
shop_grocery,54.4084948,29.6893741
cafe,52.8999149,30.0377505
post_office,53.4336829,28.9760628
bank,53.4417043,28.9540932
bank,53.9130520,27.5043377
shop_grocery,53.1633072,24.4746788
cafe,52.4330684,31.0087465
bank,53.9183655,27.4503169
restaurant,52.0863544,23.6788990
cafe,53.9064541,27.5309183
cafe,53.9569962,27.6051876
fap,53.9492176,27.7187660
shop_grocery,52.0898723,23.6990034
shop_grocery,52.0893142,23.7007861
cafe,53.8864827,27.5370445
shop_grocery,53.5178101,30.2500396
cafe,53.9240732,27.6331231
restaurant,53.9303480,25.7694155
restaurant,53.9307839,25.7711715
shop_grocery,53.9288720,27.5750550
restaurant,53.9275900,27.5737360
bank,52.5268788,24.9684065
shop_grocery,52.5459129,24.9845542
cafe,53.9181400,27.6093699
shop_grocery,52.5467429,24.9815454
shop_grocery,53.3180692,28.6444366
bank,53.9047752,27.5607764
fap,54.0258470,27.4348546
cafe,53.2083845,29.1063832
shop_grocery,53.8524091,27.6954609
shop_grocery,52.0651344,23.7281400
fap,53.8782016,27.5321701
bank,53.8333501,28.9947248
shop_grocery,53.8815046,27.5354961
shop_grocery,52.1981175,24.2722335
cafe,52.0295077,29.2298660
shop_grocery,55.1625052,30.2075854
shop_grocery,53.8494824,27.4883978
shop_grocery,53.9177976,27.5299364
cafe,53.1342910,26.0132889
bank,53.1124657,25.9675760
cafe,53.3023012,28.6220435
restaurant,53.9016448,27.5499541
restaurant,53.9149182,27.5490051
shop_grocery,53.5682146,26.3466228
post_office,53.9733394,28.1103138
bank,53.9733283,28.1105002
cafe,52.3879638,31.4667063
restaurant,52.3887367,31.4661123
restaurant,52.3886059,31.4662191
shop_grocery,53.8598514,27.6125727
shop_grocery,52.3879834,31.4667502
cafe,52.3879632,31.4669474
shop_grocery,53.8467023,27.5495616
shop_grocery,53.8485022,27.5484028
shop_grocery,54.1916202,27.8566898
shop_grocery,55.5071717,28.7034476
cafe,54.0111222,27.2700998
post_office,54.0107259,27.2694724
restaurant,53.9040252,27.5591483
cafe,54.4850753,30.3964745
shop_grocery,54.4869921,30.3956190
shop_grocery,53.8934807,27.5143471
shop_grocery,52.4746563,25.1752353
shop_grocery,52.5236493,24.9646624
shop_grocery,52.5237142,24.9645893
shop_grocery,53.9523306,27.6668645
shop_grocery,53.8457671,27.5461230
cafe,53.9537285,27.6660259
shop_grocery,53.9250447,27.5637434
shop_grocery,53.8635104,27.4703258
cafe,55.4912201,28.7819617
cafe,55.4874636,28.7828485
bank,52.4299631,30.9966688
cafe,52.5603153,31.1727657
school,53.6877862,23.8210017
shop_grocery,53.1630317,24.4622762
shop_grocery,56.0160812,28.1091281
post_office,54.5163103,26.1818521
shop_grocery,52.4365069,30.9916853
shop_grocery,53.5152278,28.1468294
shop_grocery,53.5074873,28.1496456
shop_grocery,53.5116566,28.1459972
shop_grocery,53.5076768,28.1495597
cafe,53.9012938,27.6013580
restaurant,53.9080566,27.5553963
cafe,54.7232148,25.7643021
post_office,52.2463513,26.8007033
shop_grocery,52.2431582,26.8030687
cafe,53.8861888,27.5368819
shop_grocery,54.3317357,28.3908927
fap,53.8820362,30.3577914
sports_centre,53.9575109,27.6152181
cafe,55.1934885,30.2124285
sports_centre,53.9073139,27.4844124
bank,54.3620934,28.3439544
cafe,53.9165967,27.5799334
cafe,52.2457921,26.8039981
shop_grocery,53.8678186,27.6741529
cafe,53.9418401,27.6343181
bank,53.1662562,29.2058307
shop_grocery,53.8515991,27.5542716
cafe,53.8714356,27.6846867
restaurant,53.0645573,26.6380524
fap,53.1522085,26.0072178
shop_grocery,52.1022256,28.4277404
shop_grocery,54.0264970,27.4612954
shop_grocery,52.8840935,30.0241022
post_office,53.8512927,27.6049396
bank,52.0438807,29.2511552
fap,53.9381420,27.6009813
restaurant,53.8683106,27.5994791
shop_grocery,53.9158467,30.3405344
post_office,53.8965444,27.5516361
cafe,53.9008198,27.5809974
post_office,55.7113145,28.0845496
fap,53.9344215,27.6361657
restaurant,54.1059624,28.3566503
cafe,53.9131731,27.5755599
fap,55.2727534,28.9719397
cafe,53.8992953,27.5632144
bank,52.8935977,30.0485150
shop_grocery,53.9199256,27.5869957
fap,53.8815239,27.6868882
shop_grocery,53.9221589,27.5119247
restaurant,54.2197468,28.5104814
shop_grocery,53.8887325,27.4267504
post_office,51.8126784,29.1740547
cafe,53.8783010,27.5429747
cafe,53.8908914,27.5717407
shop_grocery,52.9104097,30.0448529
cafe,52.8943513,30.0319389
cafe,55.1966255,30.2663588
cafe,54.5212414,30.3770657
cafe,52.4041069,30.9604049
bank,52.4247893,31.0093465
cafe,52.1021519,23.7441001
cafe,52.1126469,23.7649703
cafe,52.0977676,23.6634471
cafe,52.1082630,23.7063469
cafe,52.1126962,23.7867440
cafe,53.6815780,23.8321950
restaurant,53.6753724,23.8417478
restaurant,53.7016864,23.8343493
restaurant,53.6804635,23.7874422
fap,55.4077426,28.4707883
shop_grocery,55.4097655,28.4660604
shop_grocery,52.4388272,31.0070591
cafe,53.6890582,23.8219782
pool,52.4313038,31.0009497
bank,53.6727518,23.8408601
restaurant,53.6765722,23.8283676
fap,53.8749601,27.5518012
fap,53.8751831,27.5518575
cafe,53.6913731,23.8353296
shop_grocery,53.6915078,23.8353219
cafe,53.6796618,23.8300507
cafe,53.6807774,23.8309999
cafe,53.9335342,30.3340408
cafe,52.4829066,31.0044020
post_office,53.1600320,24.7876420
cafe,53.9002244,27.5545407
fap,53.6178638,23.8111600
cafe,53.7074559,23.8294297
shop_grocery,52.4095258,31.3231090
cafe,53.9381353,27.4890224
bank,53.0412511,27.5108593
shop_grocery,54.4284987,27.7410075
post_office,54.4296177,27.7450903
shop_grocery,53.9187606,30.2853019
sports_centre,53.9168899,30.2876710
shop_grocery,53.1357295,29.2246898
cafe,54.5970516,25.8991405
shop_grocery,53.1613754,29.2320611
shop_grocery,53.1722197,29.1881147
shop_grocery,53.5007899,28.1717208
shop_grocery,53.5011702,28.1723998
shop_grocery,53.5049930,28.1581532
shop_grocery,54.5811919,30.6769586
cafe,53.6795870,27.1328560
shop_grocery,55.2533921,30.1910360
shop_grocery,53.5043555,28.1667458
cafe,52.5254040,24.9620124
shop_grocery,53.6537055,23.8370044
station,52.1113978,23.6540929
station,52.4396225,30.9593466
shop_grocery,54.2532644,28.4988242
post_office,52.4330089,31.0001233
cafe,53.4645139,25.4034251
cafe,52.4238097,31.0110745
restaurant,52.4324534,31.0050821
shop_grocery,53.8646377,27.6562869
cafe,53.8697050,27.6541848
pool,53.9070884,27.5110336
cafe,53.9267310,27.6140123
shop_grocery,55.1810248,30.2460418
shop_grocery,53.9437164,27.6420776
shop_grocery,53.8988115,27.5715268
shop_grocery,51.7908380,24.0725113
shop_grocery,51.7899790,24.0722831
post_office,52.1578549,23.6386958
post_office,53.8869052,30.2784553
cafe,53.1025897,30.0664732
shop_grocery,51.7855797,28.3305541
post_office,52.4243276,30.9578776
shop_grocery,52.4091921,30.9641622
cafe,53.1290757,26.0432230
restaurant,53.2215871,26.3995982
shop_grocery,53.5106803,28.1309860
station,52.8039783,27.7728692
cafe,53.8094290,27.3971398
post_office,52.9961433,27.5598240
shop_grocery,53.6755839,27.1295530
fap,55.1295843,30.2576575
shop_grocery,53.9133275,27.5248232
shop_grocery,52.5370196,30.9149667
shop_grocery,52.5356259,30.9107277
school,52.5364998,30.9086515
restaurant,52.1485393,30.9752093
shop_grocery,53.4650627,25.5818164
shop_grocery,53.9386595,27.6420897
shop_grocery,53.8535938,27.4443423
station,52.0316243,29.1806418
post_office,53.6206276,23.8129813
shop_grocery,54.0788292,25.2917263
station,52.3071142,31.0784350
shop_grocery,51.8625183,26.7909374
shop_grocery,51.8628369,26.7957772
cafe,51.8629785,26.7954813
shop_grocery,51.8632214,26.7955831
post_office,51.8634199,26.7958500
shop_grocery,51.8634548,26.7958537
shop_grocery,51.8320665,26.7182912
post_office,51.8320863,26.7186860
shop_grocery,51.8911278,26.8378214
cafe,51.8630798,26.7954384
shop_grocery,53.8484298,27.5503590
fap,53.8508413,27.5325007
cafe,53.9071665,30.3391161
bank,51.9793200,25.5588216
post_office,51.9808376,25.5606078
shop_grocery,53.9330059,27.5030612
shop_grocery,53.8567649,27.4654844
bank,53.9290094,27.5822324
bank,53.8746176,27.4987733
sports_centre,53.8989273,27.6238923
shop_grocery,52.1122573,26.0678907
shop_grocery,52.1176781,26.1011028
cafe,54.5788798,30.6772855
cafe,53.1313384,26.0170362
cafe,52.0997432,23.7012538
shop_grocery,53.3058599,28.6388543
ice_rink,53.7975997,27.7983907
cafe,52.1239785,29.3078519
shop_grocery,53.9060101,27.5388871
cafe,53.9032604,27.5514666
shop_grocery,53.5273683,28.1822922
shop_grocery,52.2210884,24.3416906
fap,52.7888121,27.5028490
shop_grocery,51.9261119,29.3368105
shop_grocery,51.6553449,29.2173901
shop_grocery,51.8019493,29.4981883
cafe,53.9393054,27.4783653
shop_grocery,53.6062696,27.0326700
bank,52.3993512,23.3846007
shop_grocery,53.8675074,27.6718625
restaurant,53.9193668,27.6381886
post_office,53.5629920,31.2472025
shop_grocery,52.0175972,29.1946659
shop_grocery,53.5810482,25.8139745
shop_grocery,54.5812171,30.6773587
shop_grocery,53.1524429,29.5097694
shop_grocery,53.1705538,29.5557654
school,53.1716962,29.5545414
bank,53.5627144,31.2469058
shop_grocery,53.5628045,31.2472255
cafe,52.5309667,24.9005409
shop_grocery,52.5310386,24.9004515
cafe,52.5301317,24.9767357
shop_grocery,52.5394510,24.9942452
post_office,55.2629283,29.7544909
bank,54.4881896,30.4210411
shop_grocery,53.6028769,25.8083022
shop_grocery,53.5986821,25.8483203
school,52.1134323,25.9114607
cafe,54.2095052,28.4873476
cafe,53.8769027,27.5179034
cafe,53.8769240,27.5170934
shop_grocery,53.8578027,27.6882526
shop_grocery,53.8927016,27.5140766
cafe,53.8882512,27.5172128
cafe,53.9299719,27.5493600
restaurant,52.4229723,31.0139733
cafe,52.0643046,27.7514821
shop_grocery,52.1923780,23.9823645
shop_grocery,52.1924602,23.9823230
cafe,53.8982898,27.4522839
post_office,53.3600906,24.8729033
cafe,54.2575334,26.0106608
cafe,54.3106066,26.8392780
shop_grocery,54.3086120,26.8358043
bank,54.2969194,26.8720234
station,52.1549273,25.3202865
shop_grocery,53.1372605,26.0039236
fap,55.4758314,28.7892266
cafe,53.9333082,27.4314549
cafe,53.8640212,27.4873572
shop_grocery,53.1364637,30.8027843
cafe,54.6721077,30.7232539
cafe,53.4990510,24.0553620
shop_grocery,53.4990829,24.0550965
cafe,53.6625144,23.8146990
fap,53.8860704,27.4235043
cafe,53.9433389,27.7204791
fap,54.4238330,27.8173656
shop_grocery,54.4230642,27.8181075
shop_grocery,54.4241687,27.8206955
sports_centre,54.4186101,27.8344902
cafe,54.4265829,27.8323923
restaurant,54.2789256,29.7382366
bank,53.6823097,23.8314514
bank,53.5849863,27.0516189
shop_grocery,53.5871994,27.0531639
restaurant,52.1924444,24.3303191
cafe,53.8995714,27.5575802
cafe,53.7402478,27.8664441
shop_grocery,53.5120294,28.1424418
shop_grocery,54.5675877,30.6943466
shop_grocery,54.5738027,30.6941925
cafe,53.4509936,26.4698216
restaurant,53.6809351,23.8274306
shop_grocery,53.5052335,28.0669011
cafe,53.8694616,27.4901823
cafe,53.9267674,27.5951893
cafe,53.8584098,27.6770164
cafe,53.9056929,27.4492355
restaurant,53.9505149,27.7071864
cafe,53.9334766,27.6513638
shop_grocery,54.4878037,30.4370442
cafe,53.8846558,27.5403645
shop_grocery,52.4792272,24.5173330
post_office,53.8656557,27.6529405
cafe,53.9121084,27.4396458
bank,53.9017063,27.4343704
shop_grocery,53.8772010,27.5444761
post_office,53.8898994,27.6115148
shop_grocery,52.3586811,31.0297767
shop_grocery,52.7572538,26.4351579
cafe,53.4516631,26.4659395
shop_grocery,53.4536006,26.4643209
shop_grocery,53.8865830,27.4281864
shop_grocery,53.6224833,23.8085550
shop_grocery,52.4687335,31.0322338
shop_grocery,53.2150343,29.0833336
shop_grocery,52.4927595,30.6879345
cafe,53.7014448,23.8343460
cafe,53.7114114,23.8175061
shop_grocery,53.7230541,27.5055664
shop_grocery,54.0117718,29.7178342
shop_grocery,54.3746812,29.3157700
cafe,53.8846504,27.5406950
restaurant,54.3075523,26.8221714
cafe,53.9210047,27.5762493
cafe,53.1338347,26.0151100
cafe,53.1330976,26.0142333
shop_grocery,52.0769956,23.7237116
bank,52.0366805,29.2169834
cafe,53.1443989,29.2293513
shop_grocery,53.8972197,30.2887248
shop_grocery,53.5040502,28.1425232
sports_centre,53.9486445,27.7090081
shop_grocery,55.3023069,29.6171313
cafe,53.8544154,27.4206424
cafe,55.1147149,26.8399653
cafe,53.0387792,28.2673327
bank,53.0387625,28.2679009
shop_grocery,53.0387786,28.2674794
shop_grocery,53.0567007,28.4094599
fap,53.0544726,28.4128871
post_office,53.2148123,24.7374405
cafe,52.8666623,24.8881222
shop_grocery,53.0469095,27.6151952
shop_grocery,53.0470779,27.6161199
restaurant,53.0602283,27.6727050
shop_grocery,53.0602728,27.6728540
shop_grocery,53.0974790,27.8035925
post_office,53.0980933,27.8031525
cafe,53.6731354,27.1209019
cafe,53.9344195,27.5972672
shop_grocery,55.2075250,27.9758607
shop_grocery,55.2222769,27.9615297
shop_grocery,52.9039049,30.0558944
shop_grocery,52.2444343,26.8063738
shop_grocery,53.8383955,27.5752341
fap,53.9335760,27.5012413
cafe,53.1414747,25.1628216
shop_grocery,54.6141385,25.9534041
cafe,55.5032795,28.7778719
post_office,53.1731788,24.3514273
shop_grocery,53.8808972,27.5512978
fap,53.4525182,26.4671092
cafe,53.4527138,26.4660531
cafe,53.8747045,30.3328006
shop_grocery,54.2450967,27.7098705
shop_grocery,52.6100767,25.7748159
cafe,53.5601321,26.8991079
cafe,53.5703193,26.8982509
cafe,52.8974207,24.8431431
post_office,52.0997093,23.6790330
post_office,52.0995152,23.6788528
fap,53.8378301,27.5895895
post_office,52.3887263,31.0347387
shop_grocery,54.0113713,31.6891689
post_office,52.2914801,26.6693026
shop_grocery,55.2038965,30.2702269
bank,53.2192421,26.6831841
shop_grocery,53.8646521,27.6586178
shop_grocery,52.9368510,24.3627605
shop_grocery,53.5132180,28.1399292
cafe,53.8439548,27.6510372
cafe,53.9522886,27.6667136
shop_grocery,52.4369004,30.9854807
shop_grocery,53.8069408,27.6145381
station,53.8501732,27.5367949
station,53.8422717,27.5336813
station,53.0826644,25.5021037
cafe,52.7883503,27.5219757
bank,52.7837685,27.5452318
restaurant,52.7843447,27.5458540
restaurant,53.9085356,27.5761469
cafe,53.9084130,27.5760268
shop_grocery,53.1991024,28.9966086
shop_grocery,52.7827455,27.5427412
restaurant,53.5198945,30.2371636
cafe,53.9022723,27.5827145
shop_grocery,53.9206872,27.4929113
shop_grocery,54.4331782,27.8903609
cafe,53.8848768,27.5047636
cafe,53.9078191,27.4854922
cafe,53.9271052,27.6948529
cafe,54.4812234,26.3937501
shop_grocery,54.2088456,30.2925628
post_office,54.2031898,30.2991212
shop_grocery,54.2027499,30.2958647
fap,54.2008805,30.2969407
shop_grocery,54.2013219,30.2964555
shop_grocery,54.2058148,30.2968928
post_office,54.2062338,30.2946037
shop_grocery,54.2067136,30.2973560
shop_grocery,54.2113407,30.2951288
shop_grocery,54.4786039,26.4114620
shop_grocery,54.2231848,30.2804239
cafe,54.2225940,30.2811941
shop_grocery,54.4782400,26.4128367
shop_grocery,55.5285709,28.6687863
cafe,54.2090019,30.2895525
cafe,54.5016248,30.4090424
restaurant,53.9074615,27.5832860
shop_grocery,53.6116346,24.7434204
fap,53.9095080,27.5830455
shop_grocery,54.4882533,30.4245896
cafe,54.5060420,30.4313662
shop_grocery,54.4753856,26.4252022
cafe,54.5126426,30.4314700
cafe,53.9042219,27.5587375
shop_grocery,53.8150233,27.8125079
school,53.8672313,27.4545486
shop_grocery,53.8146525,27.8102198
cafe,55.1925153,30.2520733
sports_centre,53.6020975,23.7374371
station,54.2412561,28.5526477
shop_grocery,53.7783043,27.6827627
bank,54.1083391,28.3589196
shop_grocery,53.8311844,27.3380023
bank,53.9317421,27.5062512
shop_grocery,52.7906072,27.4970958
cafe,52.7816798,27.5444864
shop_grocery,52.3306239,29.1381285
fap,53.9046853,27.5600485
shop_grocery,53.8560428,27.6122306
fap,53.9055811,27.5581616
cafe,53.9335773,27.6964258
fap,53.9296071,27.5846958
shop_grocery,52.5355544,30.9113650
bank,52.5350170,30.9158260
sports_centre,54.0621176,27.6571198
shop_grocery,53.8389316,27.5871736
cafe,53.9309017,27.6458551
shop_grocery,53.8726502,27.4160132
shop_grocery,53.6944381,23.7930910
shop_grocery,55.1823267,30.2312075
post_office,54.1437131,28.3079194
shop_grocery,54.1437348,28.3073895
cafe,53.8490021,27.5400522
bank,53.8834175,27.6814620
shop_grocery,53.9463022,27.6877073
cafe,53.8864597,27.5416478
shop_grocery,53.9424274,27.6985294
shop_grocery,53.8371270,27.6942312
school,53.9113116,27.5635683
shop_grocery,53.1216695,26.0249500
shop_grocery,53.8826707,27.5128337
post_office,53.3121278,25.6998113
shop_grocery,53.8571343,27.6841518
shop_grocery,53.8547863,27.6949192
shop_grocery,54.2586180,28.5149827
shop_grocery,54.2600371,28.5142354
shop_grocery,53.9268277,27.5002020
shop_grocery,52.4214144,31.3175775
post_office,54.8402112,30.2112210
shop_grocery,53.9087143,27.4341592
fap,53.8691166,27.6234728
shop_grocery,53.8625563,27.6057537
shop_grocery,54.6098558,25.9667267
shop_grocery,53.8968322,25.2709778
shop_grocery,52.1971454,23.9933454
shop_grocery,52.1923901,23.9833638
shop_grocery,53.8940912,27.4235263
shop_grocery,53.1225669,25.9835763
shop_grocery,53.8733380,27.5399141
cafe,55.1951678,30.2057196
shop_grocery,53.9370992,27.4239671
restaurant,53.9370012,27.4245115
post_office,52.4209770,31.3114928
shop_grocery,53.3120829,25.7007405
school,53.9570595,27.6049203
restaurant,52.0492254,29.2687140
cafe,55.1954977,30.2053765
shop_grocery,53.5914107,24.2354417
shop_grocery,53.5898200,24.2374591
shop_grocery,55.4919334,30.0224676
shop_grocery,55.4920212,30.0225286
shop_grocery,54.8038674,26.7682848
shop_grocery,54.6152200,25.9662538
restaurant,53.8974249,27.5493080
cafe,53.1416560,29.2241038
bank,53.7129592,31.7184372
post_office,54.6081546,25.9698237
cafe,54.6079728,25.9694669
shop_grocery,53.1552417,26.0240609
cafe,53.8984736,30.3374336
restaurant,53.9079306,27.4347975
shop_grocery,54.6137826,25.9504598
shop_grocery,54.6139040,25.9511632
shop_grocery,53.6941719,27.1123047
shop_grocery,53.8553890,27.6838125
cafe,53.9007087,27.5905300
bank,53.8959849,27.5867908
post_office,53.1988870,26.1544461
cafe,53.6861979,23.8369581
cafe,53.6851613,23.8371408
station,55.6393295,28.4164935
cafe,53.0141178,25.3440623
cafe,53.1307860,26.0412804
shop_grocery,53.2667458,25.8535362
fap,53.9202463,27.6010790
cafe,53.9055683,27.5440845
restaurant,52.4980146,23.5687765
shop_grocery,52.4976920,23.5691843
bank,52.4976920,23.5690663
shop_grocery,53.0951723,25.3431557
shop_grocery,52.2096080,24.3488433
bank,53.1683212,27.4907230
station,53.2576226,28.8230028
station,53.2380338,28.8975261
school,53.9120808,30.3262948
bank,53.9172917,27.5331698
shop_grocery,52.4589767,31.0204096
shop_grocery,54.6156718,25.9636722
pool,54.3086074,26.8399617
shop_grocery,53.6336951,28.0130421
fap,53.1750969,29.1858814
post_office,53.8499010,27.4499658
fap,53.7223222,24.9857469
shop_grocery,53.1910139,25.9497554
post_office,53.0937307,29.4584451
shop_grocery,53.0929409,29.4584365
fap,53.0561905,29.4762726
shop_grocery,53.2488038,24.1873251
bank,53.8840535,30.2734561
shop_grocery,53.8717366,27.5654055
shop_grocery,54.2977303,30.9853007
cafe,54.2982802,30.9835260
shop_grocery,54.2997955,30.9867832
shop_grocery,54.2984438,30.9756464
shop_grocery,53.9306239,27.4331574
shop_grocery,53.9588119,27.6067455
school,53.8779111,27.5594692
cafe,52.0508347,29.2633185
cafe,53.8872281,27.6910386
cafe,53.1288231,26.0203464
cafe,53.9057381,27.5836863
cafe,52.2233453,24.3461990
cafe,53.1331881,26.0146509
shop_grocery,53.1327688,26.0145222
bank,53.9358467,27.4894669
shop_grocery,54.6801164,26.4040220
cafe,53.1224627,26.0160513
cafe,53.1285949,26.0170464
post_office,53.1190881,26.0270045
sports_centre,53.1482433,25.9994171
sports_centre,54.2042060,27.8379598
cafe,54.2043699,27.8386566
shop_grocery,53.8497867,27.4720970
post_office,53.2112806,25.0376366
post_office,52.0712245,23.7644384
bank,53.8909422,27.5497747
cafe,53.6843864,23.8449871
shop_grocery,53.5874808,27.0532544
shop_grocery,54.7329893,28.0609958
post_office,53.8433595,27.5045398
shop_grocery,53.8432393,27.5044563
shop_grocery,53.9097577,27.4212849
bank,53.6758898,23.8413808
post_office,53.7210773,24.9848654
shop_grocery,52.4234432,31.3106668
shop_grocery,52.4239509,31.3131524
fap,53.1328214,26.0362336
shop_grocery,52.4186292,31.3078146
shop_grocery,54.4951110,26.1903244
cafe,53.8906437,27.5398204
shop_grocery,53.9098706,30.3329758
shop_grocery,53.8386400,27.6313088
shop_grocery,52.4083254,31.3233338
bank,52.4881454,24.7082745
shop_grocery,53.6934775,27.1016619
shop_grocery,53.6899369,27.1163396
restaurant,53.9073094,27.5419921
shop_grocery,53.4094493,32.5692540
shop_grocery,54.3332128,27.7974284
shop_grocery,54.3415058,27.7300291
shop_grocery,54.2898865,27.8704469
shop_grocery,54.3157162,27.7345825
shop_grocery,54.4236925,27.6567294
shop_grocery,54.4304045,27.4906211
shop_grocery,53.7357096,28.3864804
restaurant,53.8756067,27.4973007
cafe,53.9354416,27.5929977
shop_grocery,52.5409373,24.9853441
cafe,53.9580878,30.3621047
cafe,52.4337313,31.0030959
cafe,53.0438599,27.5652170
fap,53.9467903,27.6893447
fap,53.9044818,27.5805376
shop_grocery,53.4199047,28.4903558
shop_grocery,53.4203355,28.4899642
restaurant,53.9041171,27.5584771
restaurant,53.8970486,27.5525863
shop_grocery,53.8501620,27.4635280
shop_grocery,53.8715956,30.3192079
shop_grocery,53.4794033,26.7346264
bank,53.7496460,28.4944595
shop_grocery,53.7482519,28.4922792
restaurant,53.9580910,30.3619090
shop_grocery,53.9367552,30.3208581
station,52.1367006,23.6272366
shop_grocery,53.8966540,27.4959633
shop_grocery,54.2470569,28.5413586
shop_grocery,54.2201651,28.5086348
shop_grocery,54.2511406,28.5637112
shop_grocery,54.2554687,28.5490600
shop_grocery,54.2455605,28.5027882
shop_grocery,54.2463685,28.5035020
shop_grocery,54.0500431,28.2014118
cafe,54.2512280,28.5636335
cafe,54.2320845,28.4934037
bank,54.2266947,28.5213857
shop_grocery,52.8946434,30.0310683
bank,52.4021161,30.9490040
shop_grocery,54.2207701,28.5290309
cafe,53.6778678,23.8316300
cafe,53.6794868,23.8304684
shop_grocery,54.4211577,27.8751106
cafe,53.9241314,27.6109108
cafe,53.9210616,27.5954291
cafe,54.2194412,28.5091843
shop_grocery,54.2138328,28.5053066
shop_grocery,53.9238220,27.4782014
fap,53.9134784,27.4773425
shop_grocery,53.8405975,27.4918626
cafe,53.9210166,27.6015666
cafe,53.9182622,27.5902817
shop_grocery,52.4021186,30.9515796
shop_grocery,54.2911063,26.8480149
shop_grocery,54.2418098,28.5144425
shop_grocery,53.9622264,27.6726925
station,55.3635946,29.2750145
post_office,54.2091289,27.8991268
shop_grocery,54.2070529,27.8967781
restaurant,53.9080667,27.4345848
restaurant,53.9081228,27.4344896
cafe,53.9084657,27.4345982
cafe,53.9089382,27.4334133
cafe,53.9084129,27.4323007
fap,53.8997762,27.5425447
shop_grocery,53.8734925,27.4425091
fap,55.3680595,27.4574833
cafe,55.1813065,30.2090166
fap,52.6008207,24.3960784
shop_grocery,54.2486117,28.5458039
shop_grocery,54.2429364,28.5346691
fap,54.2767261,27.6034297
shop_grocery,54.4168939,27.8173016
bank,54.4162735,27.8164468
shop_grocery,54.4163573,27.8163107
shop_grocery,54.4162844,27.8159640
shop_grocery,54.4164288,27.8164597
post_office,53.0492094,24.3293282
cafe,55.1939821,30.1904661
cafe,53.8938238,25.3024629
cafe,53.9278003,27.6281692
shop_grocery,53.8903441,27.5396387
shop_grocery,53.8827204,27.6026502
shop_grocery,54.4869672,26.3777485
cafe,52.9104089,30.0473606
shop_grocery,52.2782324,31.0303264
shop_grocery,54.0404982,28.2007847
shop_grocery,54.0405967,28.2011597
restaurant,54.0408735,28.1997902
shop_grocery,54.0404322,28.2004767
fap,53.9364987,27.5918518
shop_grocery,52.7590444,26.8411911
fap,52.7629440,26.8424524
bank,52.7592807,26.8409725
bank,53.2139260,26.0373329
shop_grocery,53.9103384,27.6707486
shop_grocery,55.1392421,27.6830130
cafe,53.8920291,27.5504842
shop_grocery,55.1413889,27.6842025
shop_grocery,52.2175912,27.8663781
shop_grocery,54.0925442,28.1624866
shop_grocery,53.9393427,27.4411752
restaurant,53.9059736,27.5389477
post_office,54.1722847,26.1458807
shop_grocery,54.1723791,26.1526813
shop_grocery,54.1730191,26.1461170
bank,54.1740728,26.1462098
restaurant,53.9057146,27.5437669
shop_grocery,53.8630034,27.5891243
post_office,53.8629067,27.5888063
cafe,53.8621362,27.5774685
post_office,52.4207817,28.9580432
post_office,53.8411479,27.6312907
post_office,53.7499380,27.3290623
cafe,53.7500114,27.3289032
shop_grocery,53.9267834,30.3428210
shop_grocery,54.4580323,30.4386385
shop_grocery,54.3614000,30.4716161
restaurant,53.9483725,27.4561378
restaurant,53.9484983,27.4560482
shop_grocery,54.0537592,24.9972549
shop_grocery,53.8126139,27.6615496
fap,53.8543785,27.6043631
shop_grocery,53.8946557,27.5227331
bank,53.9055067,30.3422539
shop_grocery,55.5398502,28.6370318
shop_grocery,54.1797822,29.0471079
cafe,54.0087743,26.9627502
shop_grocery,52.7543479,25.1502612
shop_grocery,54.0914416,28.2979258
shop_grocery,54.0926750,28.3074600
shop_grocery,54.2161150,28.4726060
shop_grocery,53.9157350,30.3403740
shop_grocery,52.7904690,27.9960770
shop_grocery,53.9087609,30.3460645
shop_grocery,53.9144702,27.6756935
shop_grocery,53.9553150,27.7782260
shop_grocery,53.9182447,30.3091482
shop_grocery,53.9494280,30.3605734
shop_grocery,53.8649463,27.6686750
shop_grocery,53.6633007,23.7850470
shop_grocery,53.9159582,30.3192358
shop_grocery,53.0299950,27.5535940
shop_grocery,54.1061341,28.3511245
shop_grocery,53.8873322,27.6917519
shop_grocery,53.8731945,25.2854887
shop_grocery,54.3797258,29.2875393
post_office,52.3945403,24.9291962
bank,53.6056063,24.7410943
cafe,53.2190989,26.6801418
restaurant,53.9018149,27.5492740
shop_grocery,53.8926558,25.2550041
shop_grocery,53.6359456,27.1319160
shop_grocery,53.9275147,27.5451040
shop_grocery,52.1381815,24.3302612
cafe,53.9191931,27.5746258
cafe,53.8944756,25.3021772
restaurant,53.8952574,25.2913508
restaurant,53.9044456,27.5580196
shop_grocery,53.9087116,27.7743824
shop_grocery,54.3141679,26.7061765
post_office,54.3141948,26.7063464
bank,54.3140721,26.7064213
shop_grocery,52.9841649,24.6170086
shop_grocery,54.0132450,27.9893784
shop_grocery,54.0765623,28.0052862
cafe,53.8789712,27.6060343
cafe,53.9931721,27.5459519
cafe,52.4317862,30.9912358
bank,53.1694795,25.9370240
shop_grocery,53.8350139,27.6288680
shop_grocery,54.4245034,25.9347779
shop_grocery,54.1640853,28.4134186
shop_grocery,52.0730842,23.7068384
cafe,53.8746946,27.5344698
restaurant,53.9065335,27.5486595
shop_grocery,53.9181973,30.3004634
cafe,53.9185362,30.3009945
post_office,53.3272621,26.0047771
bank,53.3281525,26.0049604
shop_grocery,53.1379839,25.8795440
shop_grocery,53.1391796,25.9070962
shop_grocery,53.6034675,25.3826891
bank,53.6039190,25.3815601
post_office,53.6040135,25.3808381
shop_grocery,53.3670508,24.0750610
post_office,53.3672410,24.0751552
restaurant,55.1891466,30.2043334
cafe,54.1499258,25.3131293
cafe,53.9067337,30.3387803
shop_grocery,54.0183060,27.9749766
shop_grocery,54.3070282,29.1324242
cafe,55.1621700,30.2081295
cafe,55.1911457,30.2047483
cafe,54.2242640,28.5131534
cafe,54.5091588,30.4261225
shop_grocery,54.4252337,25.9104399
shop_grocery,54.1175889,24.9966351
bank,54.1174795,24.9947856
cafe,53.9117645,27.5172108
cafe,54.1174700,24.9954452
shop_grocery,54.1174573,24.9951758
post_office,54.1175092,24.9945248
shop_grocery,53.9492786,30.3616629
cafe,55.0447769,29.4577566
cafe,55.0448208,29.4574226
shop_grocery,53.8366481,27.5867264
shop_grocery,53.8868223,24.1367635
shop_grocery,53.8874377,24.1373932
restaurant,53.8980681,30.3368541
cafe,53.9081134,27.5480621
shop_grocery,53.8761333,27.6064020
restaurant,53.9003515,30.3386355
shop_grocery,53.8425992,27.5040311
shop_grocery,53.9337390,27.6817851
cafe,54.2645755,25.3611961
cafe,53.1104969,26.1675259
shop_grocery,53.7523416,28.0096581
shop_grocery,53.7524225,28.0093632
shop_grocery,53.1239629,29.2094653
cafe,52.3261817,23.7836568
post_office,52.2739582,23.7680002
shop_grocery,52.8710346,24.8733689
shop_grocery,52.2740536,23.7680064
cafe,54.2036041,27.8538386
cafe,51.9056433,26.8556902
cafe,53.9096425,27.5809820
shop_grocery,53.8417825,27.1827480
shop_grocery,52.1504130,31.7005104
post_office,52.1504147,31.7008874
cafe,54.3154050,26.7770039
shop_grocery,53.9316373,30.3624738
cafe,52.4240572,31.3131595
shop_grocery,52.4245250,31.3103834
shop_grocery,52.4245454,31.3133110
shop_grocery,53.9416390,27.7246334
cafe,52.8947178,28.6765615
cafe,53.1321955,26.0197874
shop_grocery,53.8895205,26.7413710
shop_grocery,53.1174034,29.2143465
sports_centre,53.9508662,30.3618006
restaurant,53.9040030,27.5555150
post_office,52.5596729,24.4309602
shop_grocery,52.4236873,31.3113098
post_office,52.3989311,25.9462988
restaurant,52.3984485,25.9441883
shop_grocery,52.3985751,25.9436913
cafe,53.8974777,27.5516857
shop_grocery,52.4238942,31.3199988
bank,54.2505204,25.3556980
post_office,54.0397681,26.6878710
post_office,54.2504862,25.3554639
cafe,54.2508391,25.3566396
cafe,53.9218761,27.5941855
fap,53.9218445,27.5938851
shop_grocery,53.7488742,30.8960277
shop_grocery,53.9327271,27.5042232
shop_grocery,52.4227542,31.3137114
shop_grocery,54.1515560,25.3194890
cafe,53.8712399,25.3152629
restaurant,53.9067061,27.5416665
cafe,53.0314120,26.2393253
bank,53.0385650,26.2658328
cafe,54.0123315,28.0979665
shop_grocery,54.6045476,25.9686103
restaurant,54.6085262,25.9648429
cafe,53.6990846,27.0886245
cafe,53.8893210,28.0349242
bank,52.8992327,30.0432691
post_office,54.2449580,27.7107087
cafe,54.2451680,27.7102366
shop_grocery,54.3226231,29.1415790
shop_grocery,53.9529044,27.6014173
cafe,54.2278343,27.7641302
shop_grocery,53.0417539,26.2636084
cafe,54.1928524,28.4769818
shop_grocery,53.8879111,27.4458097
post_office,54.1276018,27.3487097
shop_grocery,53.5451271,25.7233259
cafe,52.6023140,24.8528027
shop_grocery,55.3234145,27.6153824
cafe,54.2210588,28.5253909
shop_grocery,53.1321682,26.0553451
bank,52.1933022,24.0294495
shop_grocery,53.8971831,27.4521286
shop_grocery,53.9288566,27.6125493
cafe,52.5340417,24.9819598
shop_grocery,53.7007583,23.8536978
shop_grocery,52.8145633,28.8027553
shop_grocery,54.2118170,28.4836473
shop_grocery,54.2057009,28.5101630
cafe,53.9146345,27.5697252
school,54.0901195,28.3029077
shop_grocery,53.0342684,26.4241158
bank,54.4907791,27.8594544
cafe,54.4912717,27.8597161
shop_grocery,53.0569289,26.4094836
shop_grocery,53.1512266,29.2374569
shop_grocery,53.8938437,27.4605606
fap,53.8980479,30.3403308
shop_grocery,53.4537231,28.8387906
post_office,53.4531590,28.8418196
shop_grocery,53.8697406,27.5601302
fap,53.8120731,30.9731948
shop_grocery,52.0704383,23.7534814
shop_grocery,52.0632747,23.7617126
post_office,53.0677177,24.7694921
pool,53.2242218,26.6903626
restaurant,53.2588688,24.4242981
post_office,53.2923365,24.4068923
shop_grocery,54.2540916,28.5247162
cafe,53.9649779,27.6263190
cafe,53.9648876,27.6260422
shop_grocery,53.1509541,27.0844220
shop_grocery,53.8477908,27.6390419
cafe,53.8509472,27.6311117
cafe,54.2442538,28.5057039
shop_grocery,53.1735782,25.1550288
cafe,53.8897766,27.5745497
post_office,52.3543073,30.4032898
post_office,52.3482340,30.4332608
post_office,52.3506850,30.3808397
post_office,52.3469150,30.4042929
post_office,52.3678709,30.3529514
post_office,52.1495738,30.5331731
post_office,53.2579867,25.2881509
fap,53.9204902,27.5742965
bank,54.2070040,28.4860008
cafe,54.2070105,28.4859427
cafe,53.8028980,27.7682450
shop_grocery,53.9363854,27.5799054
cafe,54.2462432,28.5071044
shop_grocery,52.0295114,29.2209764
cafe,53.9027617,30.3414700
shop_grocery,53.6226698,27.8934824
cafe,53.9257099,27.5152923
restaurant,53.9142250,27.5655650
fap,53.8918286,27.6219981
cafe,53.8922026,27.6227808
cafe,53.8926806,27.6210110
post_office,52.7928402,27.5339107
shop_grocery,53.9233784,27.4945196
cafe,53.8912388,27.6186433
fap,53.8912525,27.6204946
cafe,53.8916811,27.6202146
shop_grocery,53.8783740,25.3098607
fap,53.8924866,27.6268181
cafe,53.8927191,27.6307331
fap,53.8943014,27.6246343
fap,53.9000640,27.5519492
fap,53.8977416,27.6278112
restaurant,53.8952327,27.5551561
school,54.2460911,28.5123932
fap,53.8909864,27.6252801
shop_grocery,53.9076830,27.6115628
cafe,53.9068871,30.3412089
fap,55.1946192,30.2405924
shop_grocery,53.7143013,31.7104902
shop_grocery,53.8366688,27.5133274
shop_grocery,53.8379541,27.5141732
shop_grocery,53.8379332,27.5143735
shop_grocery,53.6865943,23.8485746
shop_grocery,52.5386892,24.9748099
cafe,52.0489968,29.2660123
cafe,54.8205777,28.6602162
station,55.0312630,30.4396618
fap,53.9007000,27.5524361
cafe,53.8700156,27.6323314
shop_grocery,52.3872682,25.0178284
cafe,53.8934061,27.5420692
bank,52.5586400,23.7972332
fap,53.9384269,26.1852975
cafe,53.9610944,27.4340786
shop_grocery,52.4531894,31.0206235
shop_grocery,53.2214671,26.6738139
cafe,53.2230778,26.6915779
post_office,53.8519609,27.4811078
shop_grocery,52.2943473,31.1861746
shop_grocery,52.1414604,26.0982252
cafe,53.6768532,23.8309479
cafe,53.8906184,27.6178200
cafe,55.6414814,27.0412390
cafe,53.8970767,27.5554022
restaurant,53.8969736,27.5551801
shop_grocery,53.8934169,27.6170862
shop_grocery,53.6061457,24.0830424
shop_grocery,53.6059412,24.0825053
bank,53.3487009,24.6307971
restaurant,53.9058347,27.5597264
cafe,53.9020851,27.5505142
cafe,53.8891661,27.5225194
shop_grocery,53.9228238,27.7429515
shop_grocery,52.1312460,28.4939400
sports_centre,53.9459323,27.6479182
shop_grocery,53.8482014,25.6974736
sports_centre,53.9361200,27.5827943
sports_centre,53.9351331,27.4863283
sports_centre,53.9170740,27.4805487
post_office,53.9576866,27.4253208
cafe,53.3658283,24.3639328
shop_grocery,53.3660827,24.3637906
shop_grocery,53.3656914,24.3640333
cafe,53.5988948,25.8243506
shop_grocery,54.4756711,30.3162304
shop_grocery,54.2456958,27.7089833
shop_grocery,53.4613936,27.1364775
shop_grocery,53.4012925,27.5710213
restaurant,53.8873353,25.3024078
bank,54.0969647,28.3008245
post_office,53.4012943,27.5709691
bank,53.4012972,27.5708858
shop_grocery,53.8540421,27.6832771
post_office,53.2674091,24.6843065
cafe,53.2672158,24.6827039
cafe,53.9009376,27.5591287
station,53.6742759,23.9596152
post_office,53.6641023,26.9272426
shop_grocery,53.6652021,26.9269637
school,53.9315430,27.6372532
shop_grocery,53.9328741,30.3494809
shop_grocery,53.9295732,30.3426414
shop_grocery,53.5993978,24.9822740
shop_grocery,53.1492708,26.0516831
shop_grocery,54.2050790,26.3046672
shop_grocery,53.4449458,24.3749151
shop_grocery,54.2542968,28.5241616
shop_grocery,53.5780057,27.4650301
shop_grocery,53.6333126,27.4568241
shop_grocery,55.1474374,27.2065352
cafe,53.9129765,27.5343535
shop_grocery,53.1096899,25.9612352
cafe,53.6983638,24.0107408
shop_grocery,52.9992428,27.5905440
cafe,54.4197573,26.5229743
shop_grocery,54.3232731,29.1257895
cafe,52.0987181,23.6923284
cafe,53.8910497,27.5589748
shop_grocery,53.8910978,27.5493977
bank,54.8723684,26.9292710
bank,54.8703324,26.9282547
post_office,53.6983607,24.0115548
shop_grocery,52.4228305,25.3363448
cafe,53.9212324,27.5799000
cafe,53.9210934,27.5802487
shop_grocery,52.4229499,25.2556908
shop_grocery,52.5006532,25.1875305
shop_grocery,54.2308972,28.4852716
shop_grocery,53.6985481,24.0104216
cafe,53.1365615,29.2265274
shop_grocery,53.1354470,26.0063710
shop_grocery,54.3367840,29.2756442
shop_grocery,54.3002042,29.0710170
shop_grocery,53.9149882,27.3912343
shop_grocery,54.2036426,28.8914655
cafe,52.5281469,24.9690399
shop_grocery,52.7514834,26.4275979
bank,53.5280821,28.1820253
shop_grocery,53.8636397,25.2851710
shop_grocery,53.8630038,25.2876681
cafe,53.8205819,30.3349184
shop_grocery,54.2178385,28.5070614
station,52.2010852,24.0170938
station,52.4108528,24.3323467
station,52.4299300,24.3923631
station,52.4982066,24.6124718
station,52.5074880,24.6855511
station,52.5146290,24.7717472
station,52.4704907,24.5230206
station,52.5330096,24.8995782
station,52.6068125,25.0928781
station,53.1321602,25.9935234
station,52.1102260,23.7272985
station,52.2816307,24.1693178
station,52.7090874,25.3449906
cafe,53.9150379,27.5702588
restaurant,52.1253158,28.4956310
station,53.5285083,26.9256261
station,53.8911821,27.5866371
cafe,53.9304342,27.4908306
shop_grocery,52.2927178,31.1855640
shop_grocery,53.8801393,27.4317194
fap,52.4568726,30.9659122
shop_grocery,53.8493883,27.4340894
cafe,53.9237451,27.5956526
post_office,55.4750520,28.7844531
fap,53.9094588,30.3361767
bank,52.3869239,25.0163305
post_office,52.3869878,25.0162540
shop_grocery,53.9051901,30.3821566
shop_grocery,53.9047487,30.3810641
post_office,53.9045232,30.3795609
shop_grocery,53.9044689,30.3798297
shop_grocery,53.9043664,30.3802374
post_office,53.9106768,27.4158613
bank,53.9399866,27.6052282
cafe,53.9055825,27.5594659
post_office,53.9307453,27.5805184
bank,52.2125163,24.3565715
cafe,53.9121324,27.5641537
bank,52.7438642,27.8450932
shop_grocery,52.7944692,27.5372670
bank,53.8993840,27.5601934
shop_grocery,53.7460506,27.3237944
shop_grocery,53.8836251,25.2844714
shop_grocery,53.8445358,25.1835315
cafe,53.6818537,23.8314307
shop_grocery,53.9126476,27.6766648
cafe,54.0355414,26.4566193
post_office,52.9508932,27.6253620
cafe,53.9238147,27.5990733
shop_grocery,54.0174259,28.0600181
shop_grocery,53.0711722,29.0730643
cafe,51.4329165,30.5577475
shop_grocery,51.4328279,30.5578132
shop_grocery,55.7107214,28.0860396
post_office,53.9589550,27.7397476
cafe,53.6772027,23.8286237
shop_grocery,54.0943740,28.3079393
shop_grocery,54.0035620,27.6772452
shop_grocery,54.1058578,28.3543148
cafe,53.9032743,27.5510371
shop_grocery,54.2512533,28.7089818
restaurant,53.9569388,27.6058647
cafe,53.9569377,27.6057654
pool,53.8665784,27.5918359
shop_grocery,54.5187439,30.4336993
shop_grocery,53.8323513,27.7559301
cafe,54.1916401,27.2452869
cafe,53.9261193,27.5175430
bank,54.4857199,26.3805744
cafe,52.3870254,25.0177453
cafe,53.8574200,27.5757483
shop_grocery,52.3337706,25.2304814
cafe,52.3338886,25.2307972
shop_grocery,52.3336477,25.2308589
shop_grocery,52.8951297,30.0579280
school,52.0832954,23.6543845
bank,52.9477740,27.8841079
cafe,53.7045105,23.8122479
cafe,53.9213164,27.5272244
shop_grocery,53.9823785,27.6107494
shop_grocery,53.8831476,27.6121797
shop_grocery,53.8799220,27.5349197
post_office,55.4627822,29.9842997
shop_grocery,52.4228575,24.8886439
cafe,52.5265320,24.9515873
shop_grocery,52.6486419,28.8826996
shop_grocery,53.8475855,27.5013065
shop_grocery,54.2805758,26.2954541
post_office,55.4177554,29.8857575
sports_centre,53.8462388,27.5145963
cafe,53.9091918,30.3319517
shop_grocery,53.9205920,27.4481490
shop_grocery,53.8889470,27.5190642
restaurant,53.8811204,27.5197005
cafe,53.8976523,30.3391434
shop_grocery,53.1318753,26.0334154
shop_grocery,53.1289400,26.0054021
post_office,53.8604532,27.4979639
bank,53.8929356,25.2963021
post_office,53.8594208,27.4819115
shop_grocery,53.0246577,27.5563727
cafe,53.9555848,30.3483091
shop_grocery,53.8431141,27.5064002
shop_grocery,53.8467474,27.4959885
post_office,53.9657672,30.3671022
shop_grocery,53.7120394,23.8149031
shop_grocery,55.1217854,30.6231226
bank,55.2584146,30.6074814
shop_grocery,54.8887880,27.7713899
shop_grocery,55.5244715,28.6740594
shop_grocery,54.2460755,28.5033727
shop_grocery,54.5199778,30.3785169
shop_grocery,55.5105244,28.7709457
shop_grocery,53.2718800,29.4692780
shop_grocery,54.4886870,30.4168480
shop_grocery,55.2048765,30.2090060
shop_grocery,54.4885770,30.4254000
shop_grocery,55.3649723,27.4648114
shop_grocery,54.4956525,30.4020700
shop_grocery,55.6385460,27.0344840
fap,52.5732194,28.8175771
fap,53.9143906,27.5269461
shop_grocery,53.1321223,26.0539838
cafe,55.1932921,30.2209790
cafe,53.9605674,27.5445294
bank,53.9039972,30.3420058
shop_grocery,54.2190634,28.5128017
shop_grocery,53.5693868,31.3857562
cafe,53.9012973,30.3395170
bank,54.1790126,28.4734852
sports_centre,55.1792364,30.2251484
shop_grocery,54.0967561,28.3039367
shop_grocery,53.0705866,25.3113992
cafe,53.6866754,23.8484201
cafe,52.4322626,30.9911791
shop_grocery,53.5042195,28.1657553
restaurant,52.4256309,31.0083072
shop_grocery,53.6647221,23.7803804
cafe,52.4316146,31.0101125
restaurant,53.9380518,27.4734996
shop_grocery,52.8432442,27.1701363
shop_grocery,52.8534258,27.2068503
shop_grocery,53.9473054,27.7211056
post_office,52.8547774,27.1693906
shop_grocery,53.8638272,27.4535797
shop_grocery,55.1715899,27.6886846
shop_grocery,52.6272313,29.7197939
cafe,53.8962413,25.2996884
shop_grocery,54.4840612,26.3829497
shop_grocery,54.5271078,30.4329090
school,53.9571406,27.6055129
shop_grocery,54.6140219,25.9787978
cafe,53.8902295,27.5752839
cafe,53.9140915,27.6017708
restaurant,53.9141326,27.6019612
shop_grocery,53.1485966,29.2323220
shop_grocery,53.1950737,29.2237442
shop_grocery,52.5295390,24.9860732
shop_grocery,53.2106646,25.0374046
shop_grocery,53.9277028,27.4901074
cafe,53.9111140,30.3300143
sports_centre,53.3675095,24.0764120
bank,53.3672627,24.0750783
bank,53.0355506,24.0956300
fap,54.3575355,27.0819171
post_office,54.3555363,27.0800382
cafe,53.8816859,27.5398632
cafe,53.8971140,27.5689913
cafe,53.8905704,27.5746004
shop_grocery,53.1384461,24.4174629
shop_grocery,53.1434849,29.2303658
shop_grocery,53.2154455,24.7377254
fap,53.6893208,23.8280613
post_office,53.1978411,29.2249397
cafe,54.6152184,25.9751201
cafe,53.1490948,24.3949150
shop_grocery,54.4221040,26.5422204
restaurant,54.0043402,27.4366567
shop_grocery,55.1167257,26.8312633
shop_grocery,51.9945567,29.3260027
cafe,52.4320396,31.0008145
cafe,53.9049003,27.4725997
cafe,52.4288820,31.0070051
station,54.4954894,30.1987226
bank,52.5348691,24.9804036
cafe,52.5342385,24.9848695
shop_grocery,52.5339738,24.9843874
shop_grocery,52.5345412,24.9832051
cafe,52.5341031,24.9813478
bank,52.5364411,24.9792328
shop_grocery,53.9585767,27.5516208
shop_grocery,55.2048165,30.2093902
sports_centre,55.2035591,30.2203839
shop_grocery,52.0134156,29.1916919
shop_grocery,52.0480722,29.2409220
cafe,52.0143613,29.1929016
cafe,53.8922088,27.5512221
shop_grocery,53.9702057,27.5066193
cafe,55.1938373,30.2265771
shop_grocery,53.8467917,27.7158009
post_office,53.3101888,24.2001611
shop_grocery,53.3103026,24.2000887
shop_grocery,53.2839025,24.4087203
shop_grocery,53.8517007,27.7093998
bank,53.9067562,27.4922429
shop_grocery,53.4426965,23.9303952
cafe,53.9337415,27.6521827
cafe,53.1318816,26.0167034
bank,52.8971002,24.8431442
post_office,52.8980116,24.8425024
cafe,53.8895450,26.7398965
shop_grocery,53.8851558,27.5156285
shop_grocery,52.7851737,27.5108919
shop_grocery,53.1261154,26.0211971
bank,53.1327159,26.0255538
bank,53.1326517,26.0190776
shop_grocery,53.8773624,27.5350693
shop_grocery,53.5182043,28.1655861
cafe,52.6270928,29.7359580
shop_grocery,52.0162463,29.1923519
cafe,53.8870568,27.4229831
cafe,52.5378899,24.9869431
shop_grocery,53.0369280,24.0928566
shop_grocery,53.9051652,27.5991319
cafe,52.7846377,27.5397931
shop_grocery,53.9008315,27.4975436
shop_grocery,53.1562323,24.4343450
cafe,53.8760434,27.4653517
cafe,53.8842922,27.5424732
cafe,52.4168305,30.9609534
cafe,53.9474164,27.6786592
cafe,53.8597325,27.4821045
cafe,53.8749170,27.4990189
cafe,53.8406730,27.5729415
cafe,53.9059095,27.5299637
pool,53.8752368,27.4515724
shop_grocery,53.2618800,26.0452093
cafe,55.4717907,29.9595666
cafe,53.0215236,27.5448636
cafe,53.0316235,27.5592485
cafe,53.0350571,27.5575714
shop_grocery,54.4765274,26.4149400
cafe,53.7029399,28.4150916
shop_grocery,54.4781281,26.4128369
shop_grocery,53.9564172,27.7237499
shop_grocery,53.8542997,27.4392459
shop_grocery,55.5177581,28.6873109
shop_grocery,53.1490756,26.6872108
shop_grocery,53.8223601,27.5185324
shop_grocery,53.9058788,27.4973537
bank,52.4073304,30.9576931
shop_grocery,53.9554526,27.6200483
shop_grocery,53.9281451,27.5966416
shop_grocery,53.9320794,25.7752164
school,53.4584328,25.6603216
shop_grocery,53.7945534,27.7939317
bank,52.2260415,30.3177193
bank,52.3966860,30.3259644
bank,52.3455288,30.6541434
bank,52.4842127,30.2743131
bank,52.3346524,30.4552817
bank,52.2507943,29.8278031
bank,52.2328182,30.1093224
bank,52.1812049,29.8703563
bank,52.3524921,30.2377975
bank,52.3547414,30.4172346
bank,52.3662353,30.4006961
bank,52.4313123,30.0800702
bank,52.3676495,30.3951171
shop_grocery,52.0312429,27.6371384
cafe,53.1694756,29.1930122
cafe,53.1489346,29.1897808
restaurant,53.1410090,29.2203955
cafe,53.1406124,29.2242485
shop_grocery,52.0140579,27.6982310
sports_centre,53.1976634,29.2247393
restaurant,53.1679129,29.1910669
shop_grocery,53.1468296,29.2192631
shop_grocery,53.1452498,29.2182868
shop_grocery,53.1451149,29.2188873
post_office,53.1484559,29.2294609
shop_grocery,52.1570122,25.5596106
pool,53.9259969,27.6351991
bank,55.5262996,28.6732711
bank,55.5247646,28.6740674
shop_grocery,52.3496644,23.8290860
bank,53.5959541,27.8597085
shop_grocery,53.5949639,27.8639893
bank,53.5949878,27.8638686
shop_grocery,53.9813903,27.6564429
shop_grocery,53.9160094,25.2998089
shop_grocery,51.7611566,23.5548649
fap,53.6268465,23.8564908
cafe,52.4277123,30.9988454
shop_grocery,52.3596338,31.0291565
post_office,53.5684617,26.3468697
school,53.5684104,26.3413173
bank,53.9152386,30.3209266
shop_grocery,53.9157016,30.3205328
shop_grocery,53.9158025,30.3200524
restaurant,53.9171670,30.3136584
restaurant,53.9022891,27.5729325
shop_grocery,53.9267867,27.5556055
cafe,53.3093759,28.6388400
cafe,55.2909298,30.1416318
shop_grocery,55.2912304,30.1419433
restaurant,52.3596680,30.8332896
bank,52.1261477,25.6799603
cafe,52.4629634,31.0381695
shop_grocery,52.4637552,31.0380413
restaurant,53.8874404,27.4590193
cafe,53.8772228,27.5446078
sports_centre,53.9189571,27.4405872
bank,53.9203417,27.5288516
shop_grocery,53.8511626,27.5443351
shop_grocery,55.4947310,28.7506313
cafe,54.0907698,28.2987701
cafe,53.8427993,27.5711651
shop_grocery,55.1678807,27.6776846
restaurant,52.1227638,29.3336431
shop_grocery,53.8626483,27.5898155
cafe,53.8899091,25.2962455
bank,53.7019113,23.8335443
post_office,53.9303579,27.6552412
shop_grocery,52.4872512,24.7082701
post_office,52.4901865,24.7075284
shop_grocery,52.4887354,24.7069806
sports_centre,53.8416773,27.5230114
restaurant,53.9015104,27.5496181
bank,52.8305412,24.3500633
post_office,52.8307610,24.3500365
shop_grocery,53.9128917,27.4261865
cafe,54.4248535,25.9357254
cafe,54.4247023,25.9352358
cafe,53.6963378,23.8340898
bank,53.6781564,23.8344761
cafe,53.6782350,23.8285600
sports_centre,53.8417453,27.5034692
shop_grocery,53.6933066,23.8238672
shop_grocery,54.8593192,29.1577520
shop_grocery,53.8737853,27.4425499
shop_grocery,53.1418737,24.8031557
cafe,53.1426579,24.8125114
shop_grocery,53.1993338,24.0215384
shop_grocery,52.2273516,27.4807449
cafe,53.5047273,26.6647726
sports_centre,52.2241004,27.4897322
shop_grocery,52.2248337,27.4864059
cafe,52.9027189,30.0480226
shop_grocery,52.2961939,26.6658327
sports_centre,53.8988518,27.6495085
cafe,53.9014021,27.6459057
bank,53.8845738,27.5432937
station,53.2936201,24.4239852
station,53.3266290,24.4300187
bank,52.2018324,27.8693995
cafe,53.9289637,27.6547661
bank,53.9028548,27.9770854
shop_grocery,54.0302945,28.0909874
shop_grocery,55.2959420,30.3097179
shop_grocery,55.3029097,30.3040306
shop_grocery,54.6180550,25.9674207
shop_grocery,52.0975776,23.7676222
shop_grocery,53.9525570,30.3608155
shop_grocery,52.0488703,29.2581042
shop_grocery,55.5836509,28.2141404
shop_grocery,52.0404521,29.2738633
shop_grocery,53.9182401,27.4504736
shop_grocery,53.0291341,27.5951226
shop_grocery,53.7801934,27.5962715
cafe,53.6791094,23.8306224
shop_grocery,52.4310120,31.0128029
cafe,53.9138002,27.5805529
post_office,55.4835892,28.8605785
shop_grocery,55.4832088,28.8348698
cafe,54.1837969,27.8126514
shop_grocery,52.1117986,29.3251852
shop_grocery,52.1152752,29.3328548
shop_grocery,53.9296861,25.2746755
cafe,53.6817359,23.8295958
cafe,52.0909311,23.6847900
post_office,55.5147969,28.6895429
shop_grocery,53.8478366,27.5054749
school,53.9285339,30.3549737
shop_grocery,52.6350779,29.7420522
sports_centre,53.8759688,27.6279241
shop_grocery,52.8907399,30.0426976
shop_grocery,54.4200038,27.8796477
shop_grocery,54.1253691,27.9546468
school,53.8412920,27.5018940
shop_grocery,55.1829679,30.2456892
fap,52.9128265,25.1634178
fap,52.9747026,25.0884211
post_office,52.9715070,25.0825595
post_office,52.9153158,25.1682233
shop_grocery,53.0833889,25.3239936
bank,53.8639320,27.4533405
bank,53.8608930,27.4296882
shop_grocery,52.0690154,23.7334655
cafe,53.8716631,30.3756950
shop_grocery,53.8699278,30.3752233
shop_grocery,53.9314017,27.4907126
shop_grocery,54.6089732,25.9615644
post_office,55.1837308,30.1917107
cafe,55.1668785,27.6735314
shop_grocery,52.6400992,29.7292738
shop_grocery,52.6298807,29.7452564
shop_grocery,54.2162445,28.5030271
cafe,53.6765585,23.8284387
shop_grocery,53.6771759,23.8426608
shop_grocery,52.8647472,24.6768592
bank,52.3802951,31.0286951
fap,53.9058565,27.5583963
cafe,54.0987448,25.1359115
shop_grocery,53.1118889,29.1449547
shop_grocery,53.9119190,27.5563113
restaurant,53.8989311,27.5612405
shop_grocery,54.6585622,30.6631972
cafe,53.8053795,27.7980301
shop_grocery,53.8053512,27.7977914
shop_grocery,53.1000817,29.0184802
bank,53.0964497,28.9999240
restaurant,53.9284630,27.5834446
shop_grocery,53.4915991,26.7439730
shop_grocery,53.4928807,26.7407769
shop_grocery,53.4832362,26.7552932
shop_grocery,53.4902861,26.7318988
shop_grocery,53.4890567,26.7335169
bank,55.1993460,30.2058300
post_office,53.3605194,32.0486248
shop_grocery,53.3548810,32.0514963
cafe,53.8710488,27.5547691
shop_grocery,53.3605811,32.0503421
shop_grocery,53.8942608,27.4807404
cafe,53.9255153,27.6155189
cafe,53.8973211,27.5292205
cafe,53.6810289,23.8425834
shop_grocery,53.9112903,27.4155662
cafe,53.8848947,25.2952290
shop_grocery,53.8801635,27.5186162
bank,53.0337248,27.9246868
cafe,53.2211404,26.6849601
cafe,52.4069176,30.9153216
cafe,53.9339498,27.6526415
shop_grocery,53.9429814,27.5891639
shop_grocery,53.8602784,27.5714082
shop_grocery,53.8721888,27.4815058
shop_grocery,53.8711695,30.3500748
shop_grocery,53.9535648,27.6213709
shop_grocery,54.1503790,27.2509970
shop_grocery,53.9011800,30.3631550
shop_grocery,53.9297070,30.2622300
shop_grocery,53.9245089,27.6077843
shop_grocery,53.9497040,27.6823310
shop_grocery,53.8866389,27.4277823
shop_grocery,53.9445046,27.6090985
shop_grocery,53.9096417,27.5805527
shop_grocery,54.4900855,30.4312599
shop_grocery,53.0475096,25.8819856
shop_grocery,53.1555724,27.0756323
shop_grocery,53.1579931,27.0771106
shop_grocery,54.6093571,25.9781961
cafe,53.6852689,23.8430898
cafe,53.1474862,27.0880890
restaurant,53.1327541,26.0361964
cafe,53.8553641,27.6681000
bank,53.9004729,27.5219205
cafe,53.1671489,29.1593633
shop_grocery,53.8873877,27.5640891
bank,53.2990305,26.2290594
cafe,53.8922994,27.5670760
cafe,53.5868326,24.2388291
post_office,52.9817840,24.6219089
cafe,55.1867470,30.1898027
fap,52.0423399,29.2827154
shop_grocery,53.8492228,27.5099864
cafe,53.8455898,27.4759462
station,55.6258404,27.6074423
cafe,53.9023407,30.3357989
cafe,52.4294092,30.9968011
bank,55.1948909,30.2048624
school,53.9569682,27.6061805
restaurant,52.1140963,26.1096362
bank,53.2351024,27.2686378
cafe,53.9309606,27.6535510
cafe,52.6370244,29.7289005
cafe,54.0872455,26.5357622
shop_grocery,54.0900410,26.5290078
shop_grocery,54.0903603,26.5283518
cafe,52.0276615,29.2137538
fap,55.1614350,30.2072844
shop_grocery,52.1400038,26.1669918
bank,52.1400318,26.1672234
cafe,52.4267418,31.0053824
shop_grocery,52.4402799,31.0047344
cafe,52.7840098,27.5027130
shop_grocery,52.9617570,27.3778188
shop_grocery,54.0522099,26.7701945
shop_grocery,53.6570521,26.0700509
station,53.8638865,30.2632089
fap,53.8972014,30.3427361
fap,53.8970144,30.3424534
fap,53.8971357,30.3422005
shop_grocery,54.3286140,26.8730233
fap,53.9047171,30.3623913
shop_grocery,53.7800079,27.5997202
cafe,53.7801771,27.6002519
cafe,54.2074385,28.4897008
cafe,54.2498701,28.5094952
shop_grocery,54.2074207,28.4897831
cafe,54.2196789,28.5298868
cafe,54.2418553,28.5091907
cafe,54.2281511,28.4735674
shop_grocery,54.2280167,28.4736023
cafe,54.2375526,28.5106049
cafe,54.2292094,28.4729675
post_office,54.2432927,28.5481089
shop_grocery,54.2498726,28.5094364
cafe,53.9345854,27.6526952
cafe,55.1890075,30.2052503
shop_grocery,53.9398261,27.5715031
shop_grocery,53.2664062,24.4186888
shop_grocery,53.2647139,24.4167912
cafe,53.6766265,23.8285536
shop_grocery,53.9086571,27.4738890
sports_centre,53.9185749,30.3241140
cafe,53.9009951,30.3352928
fap,53.9014818,30.3359043
cafe,54.2160029,28.4901588
shop_grocery,53.9318086,27.6553903
restaurant,54.6915728,30.9698357
shop_grocery,53.9386173,26.1922342
shop_grocery,53.8830311,27.4251809
shop_grocery,53.8817246,27.6791269
cafe,53.9071635,27.4493395
shop_grocery,54.2462610,28.5045902
shop_grocery,53.7409874,27.5124874
restaurant,53.9073842,27.4748744
cafe,53.6818616,23.8320695
shop_grocery,52.0677020,23.7317759
shop_grocery,53.1371106,25.9776900
shop_grocery,53.4071911,25.5713600
shop_grocery,53.9432223,27.5980734
shop_grocery,53.9038719,30.3400193
bank,53.8838820,27.6850710
bank,53.9054880,27.5616420
bank,52.4295534,30.9965219
bank,53.9260000,27.4442000
bank,53.9289000,27.5875000
bank,55.1921031,30.2517282
bank,55.1696373,30.2238232
bank,55.1624000,30.2082000
bank,55.1747540,30.2663893
shop_grocery,53.9435005,27.6045227
shop_grocery,54.2146183,28.5048172
shop_grocery,54.2180960,28.5072322
shop_grocery,53.9385019,27.6651158
fap,52.0459850,29.2618506
fap,52.0458947,29.2638706
cafe,54.2090886,28.4867010
shop_grocery,54.2074109,28.4900506
shop_grocery,54.2082175,28.4896457
cafe,54.2073808,28.4899866
fap,54.1169152,31.1164044
fap,54.1168042,31.1166246
cafe,53.8625612,27.5770651
shop_grocery,52.9978025,27.5593490
bank,54.2594101,28.5026069
cafe,53.9058739,27.5596249
cafe,53.8900566,27.5755444
shop_grocery,54.2159330,28.5055796
school,53.9263222,25.5082530
fap,53.9217797,25.5067885
cafe,54.0896037,28.3173060
shop_grocery,54.1162393,31.0962842
cafe,54.1181298,31.0922104
cafe,53.6713238,23.8240868
restaurant,53.6825166,23.8319125
post_office,53.5223570,30.2511366
cafe,53.6756439,23.8298852
shop_grocery,53.8969233,25.3745233
station,53.8836984,28.0562638
shop_grocery,54.6892180,30.9533840
shop_grocery,54.6910582,30.9430978
cafe,53.9071211,27.5158784
cafe,55.1930021,30.2165205
cafe,55.5427438,28.6256828
cafe,55.1942572,30.2069736
fap,53.9347609,27.6552485
shop_grocery,52.8995173,30.0438242
cafe,52.8933533,30.0447991
shop_grocery,52.8987059,30.0295363
shop_grocery,52.6938058,25.3780929
cafe,55.5317134,28.6598026
bank,53.8945744,27.5451277
bank,53.9162542,27.5856131
bank,53.9004681,27.5578496
bank,53.8636982,27.4824124
shop_grocery,53.9179324,27.3791489
shop_grocery,52.4284337,30.9377147
shop_grocery,53.9325315,27.5890422
shop_grocery,53.9294083,27.5858095
shop_grocery,52.6346702,29.7394950
shop_grocery,52.1309868,26.0428337
shop_grocery,53.1345798,29.2355772
shop_grocery,52.0637415,23.7607048
cafe,53.6958466,27.2006233
shop_grocery,53.8794612,27.5676318
cafe,53.7839088,27.6283016
post_office,51.8487943,30.6403787
restaurant,53.9245514,27.4415972
fap,53.9071571,25.3168184
fap,53.8935615,25.3013179
fap,53.8898051,25.3000787
fap,53.8894019,25.2912629
bank,53.8441656,27.5373576
shop_grocery,52.4225401,31.3174698
sports_centre,53.6866058,23.8391651
shop_grocery,53.8968092,30.3247716
shop_grocery,52.3656588,30.3793859
shop_grocery,54.0964471,28.2940387
shop_grocery,53.2156624,24.7379431
shop_grocery,52.4390578,31.0057508
shop_grocery,53.8537520,27.4445380
restaurant,53.9007482,27.5512958
cafe,53.9289960,27.5091030
cafe,53.9066732,27.5290002
cafe,53.8578953,27.6771155
shop_grocery,53.0367170,27.5764363
cafe,53.6892806,23.8448823
cafe,53.8921772,27.5559234
restaurant,53.5194785,28.1284600
bank,53.9139659,30.3396767
cafe,53.8826658,30.4098284
shop_grocery,54.0082125,27.2631368
shop_grocery,55.1802612,30.1429231
restaurant,53.9028338,27.5521372
post_office,52.8320827,31.4895385
cafe,55.1951925,30.2294560
shop_grocery,55.4840391,28.7876182
fap,52.7620556,31.5206238
shop_grocery,52.7642476,31.5216129
shop_grocery,52.7649012,31.5196392
post_office,52.7588373,31.5155481
shop_grocery,53.6488554,23.8030809
cafe,53.9319890,27.4752957
shop_grocery,53.7168993,23.8413547
cafe,52.8916506,30.0388826
shop_grocery,53.9203193,27.5577331
fap,53.9024707,27.5506362
fap,53.9019579,27.5505801
bank,53.7128060,31.7185915
shop_grocery,52.4387584,31.0038240
shop_grocery,52.4384260,31.0032240
post_office,52.0617042,24.4822688
bank,52.0615526,24.4820716
cafe,53.9164827,27.5237313
shop_grocery,55.1581224,30.2138873
cafe,53.9115534,30.3306076
shop_grocery,53.4703730,27.2170012
shop_grocery,53.4710286,27.2114144
cafe,53.6877439,23.8356220
cafe,53.9161626,27.5132579
cafe,53.9395770,27.4788450
cafe,53.9128418,27.5716656
cafe,53.9064872,27.5321996
cafe,53.9284448,27.6947576
cafe,53.9074669,27.5905430
cafe,53.9128324,27.5132525
cafe,53.8716788,27.5033176
cafe,53.9065960,27.5426790
cafe,53.8672940,27.5089470
cafe,53.9042020,27.5325199
cafe,53.9399965,27.5668341
cafe,53.9531342,27.6002312
cafe,53.7012520,23.8200690
cafe,53.8929880,27.5870200
cafe,53.7002868,23.8174539
cafe,53.8653275,27.4882543
cafe,53.9184341,27.5243139
cafe,53.9183458,27.5905966
post_office,52.9549290,24.1311425
bank,53.8865300,27.4496465
shop_grocery,54.1859594,30.6104014
cafe,53.9309283,27.6552001
cafe,53.9309865,27.6553302
bank,52.8929957,30.0363006
shop_grocery,53.8788562,25.3305432
shop_grocery,52.8467280,30.0146779
shop_grocery,54.2381516,28.5614150
cafe,53.8119439,27.5284488
shop_grocery,53.8382139,27.5322299
bank,52.4066939,30.9355581
shop_grocery,52.3257426,23.7833756
shop_grocery,52.2531323,26.8181861
shop_grocery,54.4359248,30.3809309
shop_grocery,53.9422117,27.3488431
shop_grocery,52.1867270,28.8155110
shop_grocery,52.7572886,25.1521361
shop_grocery,53.8773522,30.5070432
shop_grocery,54.4302419,30.4416696
shop_grocery,54.4154309,30.4413021
shop_grocery,55.9076204,28.8118143
shop_grocery,52.3128697,28.8202337
shop_grocery,53.8729279,30.3464323
shop_grocery,52.6127455,27.5728780
shop_grocery,54.4099930,29.7004380
shop_grocery,54.4909570,30.4252020
shop_grocery,55.1435079,27.9646701
shop_grocery,53.8859381,28.3736713
shop_grocery,53.4365850,28.5436720
shop_grocery,54.3583632,30.4009103
shop_grocery,54.3203425,30.2869142
shop_grocery,52.9628640,26.4755630
shop_grocery,52.5874550,30.8645050
shop_grocery,53.5265882,30.2133322
shop_grocery,52.6223910,29.8084910
shop_grocery,53.2342940,26.4709750
shop_grocery,52.8584804,27.9547627
shop_grocery,53.0294672,26.5589257
shop_grocery,54.5965256,27.9970322
shop_grocery,52.2563860,26.7979490
shop_grocery,52.7858939,28.0161342
shop_grocery,54.5184945,30.2803806
shop_grocery,53.9012251,27.4331839
shop_grocery,53.4547660,24.2629030
shop_grocery,52.2978940,26.6396023
shop_grocery,54.9313958,30.6711194
shop_grocery,53.3167437,26.5240391
shop_grocery,54.5610520,30.2279810
shop_grocery,52.5386880,26.5826390
shop_grocery,54.7268843,26.0103147
shop_grocery,52.5117874,30.9550202
shop_grocery,53.7303908,24.5302874
shop_grocery,53.1847223,26.4747120
shop_grocery,52.5200433,25.8340126
shop_grocery,54.4769658,30.3030847
shop_grocery,55.3011633,29.6186831
shop_grocery,52.1152038,26.1007325
shop_grocery,54.4063800,29.7229470
shop_grocery,53.3327090,31.4033600
shop_grocery,54.8432520,30.2126470
shop_grocery,53.8669720,30.3444310
shop_grocery,53.9453910,30.3671170
shop_grocery,53.8595792,30.3496674
shop_grocery,53.3460390,32.0529500
shop_grocery,53.5945929,31.9505812
shop_grocery,52.7140408,25.3189287
shop_grocery,52.1471810,25.5444123
shop_grocery,52.1477551,25.5336294
shop_grocery,52.1384660,25.5469370
shop_grocery,52.7169830,30.5692868
shop_grocery,52.4721246,25.1780248
shop_grocery,52.2121735,23.7457619
shop_grocery,53.7394975,27.5189973
cafe,53.8946311,28.0299614
shop_grocery,52.7869276,27.5467381
cafe,52.7895521,27.5210093
bank,52.7864988,27.4958639
shop_grocery,55.3856372,27.4784254
shop_grocery,55.4892769,27.3919641
shop_grocery,53.9684020,27.5260964
post_office,53.7516567,27.5771207
post_office,54.4776501,26.4180079
cafe,53.1334157,26.0152125
fap,52.4684300,25.1720038
shop_grocery,52.1116094,26.0982397
station,54.4659693,29.9757389
restaurant,53.9022763,27.5504608
fap,53.8651539,30.3850579
post_office,54.5023758,30.7817200
post_office,54.4459401,30.7889433
fap,55.5148815,28.6894464
restaurant,53.8962544,27.5536326
cafe,53.9036378,27.5516952
school,51.9363938,29.6609418
fap,51.9363927,29.6578375
post_office,51.9350262,29.6646266
shop_grocery,51.9366876,29.6591063
shop_grocery,53.4651746,25.4043525
cafe,54.2492864,28.5439906
cafe,53.8621370,27.4768723
shop_grocery,53.7848181,28.3343924
shop_grocery,53.6686716,27.9543632
shop_grocery,52.1390110,25.9406255
shop_grocery,53.1513863,26.0066049
cafe,52.4497827,30.9936531
post_office,52.6128159,27.5716872
shop_grocery,52.6155303,27.5680848
shop_grocery,54.8154138,29.7081753
cafe,53.9086360,27.5485610
shop_grocery,53.9184503,27.6001347
shop_grocery,54.3246960,29.1330980
shop_grocery,51.8098318,29.1711473
shop_grocery,53.1286670,26.0649320
shop_grocery,54.5994548,30.0613807
shop_grocery,54.4784980,26.3731890
post_office,53.8735070,27.4160600
bank,53.8552290,27.5682090
bank,52.0957545,23.6898731
bank,53.1319832,29.2275190
bank,53.9178909,27.5892341
fap,53.6953549,23.6869554
shop_grocery,55.5282219,28.6750460
shop_grocery,53.7018107,23.8080962
cafe,53.9141227,27.4263497
bank,53.1264908,26.0210389
shop_grocery,54.2980388,26.8784883
shop_grocery,54.3102834,26.8421949
shop_grocery,53.9305962,27.5883988
shop_grocery,53.9052058,27.5408150
cafe,54.3045775,26.8430910
shop_grocery,53.0137069,27.5522663
shop_grocery,51.7822540,28.3257281
shop_grocery,52.1216552,26.0910613
restaurant,54.0973547,28.3138933
shop_grocery,54.0872180,28.3146456
fap,54.2297186,28.4876707
cafe,54.2109750,28.4911840
cafe,53.8512045,27.5553323
shop_grocery,52.4389162,31.0094625
cafe,53.9130585,27.5675795
station,52.5112343,30.9532255
shop_grocery,52.8946807,30.0532589
fap,54.1188246,27.9477867
cafe,53.8599319,23.6337962
restaurant,53.9055253,27.5446335
cafe,53.8903629,27.5544643
fap,54.4238443,27.8168317
fap,54.4237749,27.8169267
cafe,54.0519060,26.7722708
shop_grocery,54.4745976,27.3991486
shop_grocery,53.9498591,27.4470863
cafe,53.6783120,23.8510347
bank,53.8713358,27.5735558
post_office,55.2018572,27.1988233
shop_grocery,55.2019973,27.1987635
shop_grocery,53.6870810,27.1326340
shop_grocery,52.9155660,30.9103561
shop_grocery,53.9221446,27.6025540
shop_grocery,54.8125300,29.7033790
shop_grocery,53.8810690,27.6689370
shop_grocery,53.5365400,24.7377997
post_office,55.1699610,30.2230990
post_office,53.9174339,27.4295530
post_office,53.9240500,27.4288090
post_office,53.9005600,30.3412280
post_office,53.8696030,27.6291870
post_office,53.9076965,27.4846891
post_office,53.9479100,27.7192209
post_office,55.4877340,28.7838720
post_office,53.8397573,27.5692771
post_office,52.7819180,27.5123700
school,53.8968190,25.2651912
shop_grocery,53.6810164,23.8376462
shop_grocery,53.8937053,25.3336465
shop_grocery,55.6984473,29.2144488
bank,55.8883442,28.6051747
shop_grocery,52.4113808,30.9796009
shop_grocery,52.4164713,30.9769757
shop_grocery,53.1200870,25.9675636
fap,52.4567528,30.9661792
post_office,55.4953308,28.8183498
shop_grocery,54.6177431,25.9615239
cafe,53.8423937,27.5594788
cafe,53.6889864,23.8396185
cafe,53.4535066,26.4663843
shop_grocery,53.6721792,23.8337063
shop_grocery,53.5241394,24.1198165
shop_grocery,53.5138958,23.9985279
restaurant,53.5139809,23.9985192
shop_grocery,53.1315558,29.2275542
shop_grocery,54.8129949,26.1617427
shop_grocery,53.9309400,27.6534596
shop_grocery,53.6498350,23.8562533
shop_grocery,53.7135647,23.8576568
shop_grocery,54.2279997,28.5079249
cafe,53.1400987,29.2243751
cafe,53.8745967,27.5950366
shop_grocery,53.8302956,25.3627886
cafe,53.8448741,25.5909372
restaurant,53.8400161,25.5499700
cafe,53.9153331,27.5845053
sports_centre,53.6854702,23.8419792
cafe,54.0871694,28.3147112
shop_grocery,52.4430830,23.8466278
cafe,54.2464628,28.5047800
cafe,54.2390627,28.5135553
shop_grocery,53.8335706,24.9657386
shop_grocery,52.1754639,23.6705786
bank,53.7135142,31.7175339
shop_grocery,51.9371201,30.8020967
shop_grocery,52.1007970,23.6720990
post_office,53.1653870,29.2070510
shop_grocery,52.4106692,30.9726839
bank,52.1236884,29.3079848
post_office,53.5240860,24.1199213
shop_grocery,53.1249990,29.1898570
shop_grocery,53.1322105,29.1762030
fap,52.0978371,23.7305510
post_office,52.2610596,25.9434528
cafe,53.9028409,30.3411801
post_office,53.9550168,28.2311276
cafe,53.9215090,27.5767991
shop_grocery,55.0150899,26.5285959
shop_grocery,54.2563255,26.0108018
cafe,52.5469587,24.9814819
cafe,52.5320002,24.9804145
restaurant,52.5288198,24.9724965
cafe,53.9095299,27.4900214
shop_grocery,53.2326183,26.6517689
shop_grocery,55.8046267,27.9446858
shop_grocery,55.8139835,27.9419891
shop_grocery,55.7690219,27.9342808
shop_grocery,55.7637975,27.9400544
fap,55.7797347,27.9334390
cafe,55.7807441,27.9332223
cafe,55.1960192,30.2050308
shop_grocery,52.3548786,29.7550936
shop_grocery,52.3245926,29.7758884
shop_grocery,52.2858266,29.7809020
shop_grocery,52.2272005,29.7206117
shop_grocery,52.3872910,29.5766239
shop_grocery,52.2513214,29.6261912
shop_grocery,52.2831028,29.5839378
shop_grocery,52.3597436,29.5672666
shop_grocery,52.1832355,29.4154382
bank,53.9029275,27.9770169
cafe,53.8937386,27.5412045
bank,54.5181609,30.3748121
post_office,55.1255865,26.8301555
sports_centre,55.1029923,26.8351165
shop_grocery,53.2290300,30.3513107
fap,52.8607494,31.3652674
post_office,52.8598890,31.3637482
shop_grocery,52.4769925,25.1683366
shop_grocery,54.6519566,29.1333129
shop_grocery,52.9702083,29.9565425
shop_grocery,54.5168467,30.3764166
shop_grocery,54.5160435,30.3807110
fap,52.8861129,31.4041917
shop_grocery,52.8863026,31.4049012
fap,52.8321211,31.4899298
cafe,52.7568061,31.5147075
shop_grocery,55.5139146,28.6905528
shop_grocery,54.5617426,26.1160560
shop_grocery,55.5377613,28.6334202
shop_grocery,55.1639685,30.2845964
shop_grocery,52.0134811,27.6984425
shop_grocery,53.5667306,23.8724786
cafe,53.8925151,25.2953696
shop_grocery,52.0488676,29.2663020
shop_grocery,53.6427308,23.8676105
shop_grocery,53.6944353,23.8018423
shop_grocery,53.6583642,23.8067902
sports_centre,53.6481674,23.8257411
shop_grocery,54.2608683,28.5290067
shop_grocery,54.2240353,28.5146814
cafe,53.9117237,30.3380795
shop_grocery,52.0403923,29.2816262
school,52.9818339,28.5908306
shop_grocery,52.9821943,28.5914896
cafe,55.6942522,26.8976660
shop_grocery,53.9094578,27.4869892
shop_grocery,53.9094233,27.4865830
fap,52.7937769,27.5427603
shop_grocery,55.6798677,28.5485206
shop_grocery,53.9630502,27.8774420
cafe,53.5993401,23.7400858
shop_grocery,54.2262614,28.5218358
shop_grocery,54.2157935,28.5085301
fap,54.2232135,28.5217876
shop_grocery,54.2181499,28.5084763
shop_grocery,53.4522855,28.1080384
shop_grocery,53.8790729,27.9073666
shop_grocery,53.1697846,27.3315764
fap,52.7790020,27.5328734
post_office,53.9810455,27.9639240
post_office,52.3964858,31.0272729
bank,52.3956910,31.0321997
shop_grocery,53.4429573,28.9627593
cafe,53.8307114,27.6060041
bank,53.9261065,27.6176634
shop_grocery,53.1755235,26.0291169
shop_grocery,52.4629000,31.0373850
bank,52.1144712,26.1028585
shop_grocery,52.0376682,30.7252914
shop_grocery,52.0313202,30.7120059
cafe,54.2528405,27.0180716
cafe,52.7947007,27.5371654
shop_grocery,53.0439334,29.6017147
shop_grocery,52.7102283,30.3378688
cafe,53.9013812,27.5438049
cafe,53.2175905,29.0343082
post_office,52.7840296,27.5224054
cafe,54.7248145,28.0572391
shop_grocery,53.4846385,28.3656245
shop_grocery,54.7334821,28.0606195
shop_grocery,54.7323127,28.0579624
cafe,53.9464690,27.6820471
bank,54.9145050,26.7016850
cafe,51.9428252,30.8045164
bank,53.8582140,27.4766216
sports_centre,53.6455923,23.8597851
restaurant,52.4273860,31.0035764
cafe,52.4276368,31.0129667
shop_grocery,54.7243255,28.0566078
cafe,53.3605759,32.0529802
post_office,54.3102540,29.6233511
cafe,53.8389352,27.6848548
shop_grocery,53.4268454,24.6289042
cafe,53.9113588,27.5466205
shop_grocery,54.0740736,27.6987514
sports_centre,53.7100646,23.8172373
bank,53.4184668,24.5452105
shop_grocery,53.5967672,29.6959696
shop_grocery,53.5210214,29.8298582
school,53.1642418,29.1702228
shop_grocery,55.1482179,27.9646806
shop_grocery,55.1481461,27.9655313
post_office,55.1482905,27.9646243
shop_grocery,53.8890260,27.6328744
shop_grocery,53.8828482,27.5200956
cafe,53.8828937,27.5199595
cafe,53.9048495,27.5362343
shop_grocery,53.9592491,27.7403855
shop_grocery,53.9589141,27.7396598
bank,53.9608522,27.7366537
shop_grocery,53.8880948,27.6346308
cafe,53.8879964,27.6343446
shop_grocery,54.2965368,26.8782028
cafe,53.6375490,23.7779251
shop_grocery,53.6987034,26.5632582
shop_grocery,53.5764279,27.4652902
post_office,53.8885267,27.5215986
cafe,53.0140410,25.3428814
sports_centre,55.1535129,26.8513631
cafe,53.6047270,24.0464232
cafe,53.5844752,27.0522575
shop_grocery,53.7000675,23.8539655
bank,54.3039096,26.8512869
cafe,53.9142916,27.5993973
cafe,53.1328960,26.0136105
cafe,53.1306789,26.0133132
shop_grocery,52.8656769,24.8895921
shop_grocery,52.8657660,24.8901245
shop_grocery,55.6183486,27.6271440
cafe,53.8973029,27.5289344
shop_grocery,54.4247992,25.9297836
shop_grocery,54.4239370,25.9360169
cafe,54.4261254,25.9379630
bank,53.9526746,30.3608987
shop_grocery,55.1640108,30.2850044
cafe,53.8926036,26.7364230
shop_grocery,53.1520676,29.2263437
bank,55.8376562,27.7389235
post_office,55.8373645,27.7387919
shop_grocery,55.8377522,27.7387998
cafe,53.9148579,27.5631162
shop_grocery,52.3972706,30.9618934
shop_grocery,52.3963168,30.9532493
cafe,53.9076871,27.5760577
shop_grocery,53.8963687,27.5852049
cafe,53.8421445,27.6508690
fap,54.3132984,26.7053105
shop_grocery,53.1765738,26.0279459
post_office,52.1158755,23.8304208
restaurant,52.4376256,31.0021211
shop_grocery,53.7151447,23.8610877
shop_grocery,55.8449174,29.9719490
shop_grocery,53.7078647,23.8098455
cafe,53.6726681,23.8380117
cafe,53.6811663,23.8380955
shop_grocery,53.7099287,23.8393806
cafe,52.0875054,23.6939973
shop_grocery,54.1984420,27.8523186
cafe,53.9205218,27.5700502
shop_grocery,53.1461187,29.2145981
cafe,53.6775359,23.8307588
fap,53.8869045,27.5205599
cafe,52.5550768,24.4592974
shop_grocery,53.0515516,27.5464593
station,54.5096811,26.1929794
shop_grocery,55.8352089,29.9813911
shop_grocery,53.8778702,27.4959830
post_office,54.0235788,27.4340655
post_office,54.5214896,25.8855451
shop_grocery,54.4447527,25.9190294
shop_grocery,54.5231843,25.8839620
shop_grocery,54.5968731,25.8990095
restaurant,53.9045452,27.5587196
cafe,53.9400622,27.5669873
shop_grocery,55.2095297,30.1457159
bank,52.5174502,24.5178465
post_office,52.5547905,24.2146835
shop_grocery,54.4462190,25.8999347
shop_grocery,52.1125428,23.7765661
post_office,52.2563655,26.7977089
cafe,53.9090463,27.4334350
shop_grocery,52.5558726,24.2160568
school,52.5525978,24.2087676
shop_grocery,52.5663301,24.2127262
shop_grocery,53.8758324,27.4517443
cafe,53.8973058,25.3021489
cafe,53.8914490,27.5717525
shop_grocery,53.6129864,23.8166483
shop_grocery,54.4220147,25.9580953
shop_grocery,53.3386842,27.0990819
shop_grocery,54.5353871,26.6787479
cafe,54.1293265,28.3745653
cafe,54.1290166,28.3735881
fap,54.1289284,28.3734888
cafe,53.9523386,27.6662133
shop_grocery,53.6913757,30.3219986
fap,53.9036773,30.3327951
bank,53.8728111,30.3301454
shop_grocery,53.8718265,30.3279583
station,52.1233916,25.6853472
station,55.4648713,28.7614245
shop_grocery,55.4987680,28.7895831
post_office,53.8650056,30.5619337
shop_grocery,52.1892591,25.1662626
shop_grocery,53.9118223,27.5784941
cafe,53.9103864,27.5769566
shop_grocery,53.6508709,23.8293290
cafe,53.8074919,27.7254849
shop_grocery,53.8081045,27.7343539
shop_grocery,55.1572888,30.2138544
sports_centre,53.9127359,27.4260210
shop_grocery,53.6206124,23.8069780
shop_grocery,53.6368364,23.8131848
cafe,55.8231934,27.6386756
cafe,55.8146600,27.6702917
shop_grocery,55.8146684,27.6704757
fap,54.2959534,30.9856012
bank,54.2240406,28.5045591
cafe,54.2209419,28.5276908
shop_grocery,54.2214137,28.5221849
shop_grocery,53.4661095,25.5802929
shop_grocery,53.8712570,27.4192272
shop_grocery,52.8892721,28.6752046
shop_grocery,53.3487160,31.4187518
bank,53.9271054,27.5678616
shop_grocery,54.2404368,29.8058269
shop_grocery,55.1381373,27.6663342
shop_grocery,55.6413133,27.0443634
shop_grocery,52.1255552,29.3512313
bank,54.2011779,27.8432066
shop_grocery,54.5142039,30.3986165
shop_grocery,53.9419022,25.7559547
restaurant,53.6806280,23.8303275
shop_grocery,53.9813580,29.9738270
post_office,53.3058288,26.5159562
shop_grocery,54.3093521,30.9382405
bank,53.9410996,27.3468813
fap,53.2810866,32.0797765
bank,53.2811227,32.0797104
shop_grocery,53.8001118,25.3678078
restaurant,53.9010716,27.5505861
cafe,53.4500887,26.4701052
shop_grocery,55.4724218,29.9680261
shop_grocery,53.5874939,28.2356091
cafe,53.5875130,28.2353973
shop_grocery,52.7899200,27.5134419
shop_grocery,54.1123009,28.3644524
post_office,55.2172252,30.1224822
post_office,55.1958237,30.1943061
bank,53.7526439,28.0114686
cafe,53.7515463,28.0099320
shop_grocery,53.7587859,27.9933169
restaurant,53.7588636,27.9937997
cafe,53.9064685,27.5166779
shop_grocery,54.2125946,28.5175041
bank,53.1695339,29.2034599
bank,53.9356267,30.2570853
bank,53.9061316,30.3386834
bank,53.8716470,30.3596700
bank,53.9192745,27.5772527
bank,53.9058415,27.4340869
bank,52.1086879,29.3326780
bank,52.0310366,29.2422634
bank,52.0355117,29.2016172
bank,53.1538931,25.9947547
bank,53.1328760,26.0176900
bank,53.1093372,25.9983677
shop_grocery,53.6725323,27.1248007
cafe,53.9270406,27.6271826
cafe,53.9271438,27.6270980
shop_grocery,53.6208982,23.8660855
shop_grocery,54.3385063,26.2093241
shop_grocery,52.1966798,25.1673633
fap,52.1986853,25.1519032
shop_grocery,53.6463997,23.8302885
post_office,53.9990479,27.2957564
cafe,55.1675793,30.2669170
bank,53.5271481,23.6743724
cafe,53.9168509,27.5657828
post_office,53.3930080,29.0043146
post_office,53.6740685,27.2668291
cafe,54.4383255,25.9617701
shop_grocery,54.4565238,26.3870222
shop_grocery,53.1684888,24.4292720
shop_grocery,53.3457908,23.9452922
restaurant,52.0923333,23.6919166
shop_grocery,53.5262441,28.2636557
sports_centre,53.8253472,27.5353691
sports_centre,53.8859771,27.5812612
cafe,53.8750274,27.4974806
shop_grocery,53.6336218,28.0126734
shop_grocery,55.0983036,26.8388871
cafe,53.9089994,27.5805328
shop_grocery,52.3710467,30.8438811
cafe,55.6369104,27.0367763
shop_grocery,53.8582227,27.6780260
shop_grocery,53.9500720,27.7832514
shop_grocery,53.8524861,27.6445029
shop_grocery,53.8053906,27.7979222
shop_grocery,53.8382024,25.3447326
sports_centre,53.9046889,30.3399290
shop_grocery,53.6560283,27.9439016
shop_grocery,54.5107353,26.9593057
cafe,52.3750996,30.8276270
shop_grocery,53.9796696,27.5366960
shop_grocery,53.9796505,27.5365364
shop_grocery,53.9881056,27.5351400
cafe,53.1442641,29.2298847
shop_grocery,53.8121560,27.5315602
shop_grocery,53.1184234,25.9501442
shop_grocery,55.6167579,27.6753782
shop_grocery,54.1564292,27.2426552
shop_grocery,51.5569578,23.6102452
shop_grocery,54.7916179,27.2717861
cafe,53.8946471,25.3020850
shop_grocery,53.8620634,27.9030230
shop_grocery,54.2703891,28.6901648
shop_grocery,54.2681290,28.6926221
shop_grocery,54.4367293,29.6047264
shop_grocery,52.1816000,24.3685416
shop_grocery,52.1034179,23.7899645
post_office,54.1568394,27.2273927
shop_grocery,53.7441847,27.3229176
shop_grocery,55.3162521,29.4475362
shop_grocery,54.3085259,26.9043579
shop_grocery,54.1595977,27.2313175
cafe,53.6797913,23.8325847
shop_grocery,54.2551075,29.7931031
cafe,54.4847374,26.3832817
post_office,53.7290703,27.3847425
shop_grocery,52.1896196,24.2340058
shop_grocery,53.1536624,26.0336276
cafe,53.1536875,26.0336736
shop_grocery,53.8643664,27.4263716
restaurant,53.6884197,23.8278713
shop_grocery,53.9329655,27.6531210
shop_grocery,55.0173030,29.4388710
shop_grocery,53.1889228,29.3555022
shop_grocery,53.0433520,24.0911366
shop_grocery,53.8824802,27.4386456
station,54.5659352,30.4108777
cafe,52.4153556,30.9266651
shop_grocery,52.8179886,30.0420403
shop_grocery,52.4280859,30.8997026
cafe,52.4280595,30.8996706
shop_grocery,53.2983784,26.3707413
cafe,53.2983222,26.3707730
cafe,52.1393956,23.6386396
cafe,55.5386149,28.7138160
shop_grocery,55.6827294,26.9074654
cafe,55.6827104,26.9075786
cafe,54.9101706,30.3767886
shop_grocery,54.5035169,30.1039856
cafe,54.5035603,30.1039813
shop_grocery,54.7217439,25.7601150
cafe,54.7217557,25.7602096
shop_grocery,53.9705427,27.5997974
shop_grocery,55.5243870,28.6741479
restaurant,53.8920691,27.5786558
cafe,54.7633264,28.1383812
shop_grocery,55.0343515,30.7797687
cafe,53.8523000,27.4771372
shop_grocery,54.6850815,30.3162172
shop_grocery,54.0186791,28.2085674
shop_grocery,53.6909190,23.8899487
shop_grocery,53.9317541,25.2632769
shop_grocery,53.7395137,24.5343237
shop_grocery,53.9332141,24.8038689
shop_grocery,52.3625524,30.3635790
shop_grocery,53.8284907,28.9859668
shop_grocery,53.7375371,27.3089835
shop_grocery,52.3862384,31.2761648
shop_grocery,55.1590220,30.1641459
shop_grocery,52.1232562,25.5409942
post_office,52.4956729,25.0388128
shop_grocery,52.1347275,25.5382423
shop_grocery,52.1394129,23.6787448
shop_grocery,53.6694124,23.8765281
cafe,53.6791570,23.8332276
post_office,52.4728811,25.1712830
post_office,53.7060004,23.8567384
shop_grocery,52.6623840,29.6256917
cafe,53.6817428,23.8326206
shop_grocery,53.0139492,29.7282535
ice_rink,53.6822170,23.8315173
shop_grocery,54.0223082,27.9304680
shop_grocery,53.9918750,27.3030127
shop_grocery,53.1883933,29.2137942
shop_grocery,52.3537408,30.4153733
shop_grocery,52.3530192,30.4119684
fap,55.4850834,28.7790063
cafe,53.9079938,27.5776337
shop_grocery,54.3174500,29.1375041
bank,53.9091740,27.4702352
shop_grocery,53.7245991,28.4082430
shop_grocery,53.9270967,27.5094388
cafe,53.9269234,27.5099410
cafe,53.8941133,27.5877268
shop_grocery,54.2943155,26.8213865
shop_grocery,53.8781743,25.2743895
shop_grocery,54.2346456,25.3578434
shop_grocery,52.4052007,30.9066640
school,52.3629919,30.3949606
shop_grocery,54.0932511,28.2881043
shop_grocery,54.3912542,26.1215129
shop_grocery,53.8937234,25.7977523
shop_grocery,54.5403749,30.4491106
shop_grocery,53.8930308,27.4876313
fap,53.8551101,27.4784400
shop_grocery,54.0400807,25.4251505
shop_grocery,54.2623240,30.9636372
cafe,54.0932987,28.3127935
shop_grocery,54.6174215,25.9818898
shop_grocery,54.1670801,28.5697071
cafe,53.9061039,27.5280095
shop_grocery,52.4062940,31.0477716
shop_grocery,54.4121850,29.7637247
shop_grocery,55.1130985,26.8437383
cafe,53.7649537,27.3510281
shop_grocery,53.1642370,26.0248380
shop_grocery,52.0376873,29.2209887
shop_grocery,53.1258228,29.1880521
shop_grocery,53.1512495,29.1817617
shop_grocery,54.8768910,27.6004670
shop_grocery,55.6808119,30.4234925
shop_grocery,54.0399447,26.8268584
shop_grocery,54.4914953,26.3648665
shop_grocery,54.2975185,26.8813402
shop_grocery,53.5900755,24.7440326
shop_grocery,54.3491593,30.4468256
shop_grocery,52.1227544,23.7036735
shop_grocery,54.8420539,30.2129227
shop_grocery,53.8544726,27.5142047
cafe,53.9326599,27.5560123
shop_grocery,54.4221215,27.8320824
cafe,53.6204642,23.8673163
cafe,53.9091906,27.4704699
shop_grocery,54.4237537,27.8316978
shop_grocery,54.4249724,27.8330898
sports_centre,54.4170649,27.8169268
shop_grocery,54.4170337,27.8152075
shop_grocery,54.4179397,27.8302574
shop_grocery,53.7107696,23.8095325
shop_grocery,53.9358036,27.6885920
shop_grocery,53.8991919,27.5874069
shop_grocery,53.9683998,27.5264145
post_office,52.2555490,30.9490011
shop_grocery,54.1385522,26.2209561
shop_grocery,54.1388476,26.2204975
shop_grocery,54.1339495,26.2261931
shop_grocery,53.4549204,28.4035815
restaurant,53.9337995,27.6533555
shop_grocery,55.1545742,30.3423632
shop_grocery,54.5072413,30.4509091
shop_grocery,54.4189464,27.9545228
shop_grocery,54.5833046,27.4694480
cafe,53.9044431,30.3394660
shop_grocery,53.6791374,23.8514079
cafe,53.7364380,27.6900661
shop_grocery,52.4648820,30.8114858
shop_grocery,52.4658804,30.8058733
fap,52.4665667,30.8044571
shop_grocery,52.4588157,30.8003474
cafe,53.1243468,25.9913495
cafe,55.2521425,30.2547504
fap,53.8713523,27.6574246
bank,52.9047649,30.0339309
bank,53.1653002,29.2067832
bank,53.8801291,30.3174055
bank,53.0347894,28.2421669
bank,52.3633294,30.3605674
bank,53.8729755,27.4162263
bank,53.6547966,23.8496017
bank,54.0960076,28.3050433
bank,53.8910545,27.5499640
bank,53.8620231,27.4802801
fap,53.4013803,27.5709921
cafe,53.9291580,27.5667013
shop_grocery,53.7282773,24.9758023
shop_grocery,53.8916423,27.5275520
cafe,53.8748132,27.5954763
cafe,53.8580971,27.4962567
shop_grocery,52.1229260,23.8867632
shop_grocery,52.1254982,23.8907969
shop_grocery,52.4729958,25.1821766
fap,53.9098590,27.5366386
shop_grocery,54.2716409,28.4984120
fap,53.8775948,27.5455894
restaurant,53.6818688,23.8306143
shop_grocery,54.1986482,28.4721550
shop_grocery,54.2063037,28.5006316
cafe,53.8775987,27.5611572
shop_grocery,54.1942732,28.5184743
shop_grocery,54.2388656,28.4745014
cafe,53.7187108,24.9832481
cafe,53.8971041,27.5288724
shop_grocery,53.8778500,30.3623139
shop_grocery,53.8774626,30.3605523
shop_grocery,53.8087308,30.2211091
shop_grocery,53.9330591,27.5551520
restaurant,53.9093770,27.5961145
cafe,53.9309901,27.6525596
shop_grocery,53.8052825,23.8593812
shop_grocery,55.1762068,30.2478059
shop_grocery,53.1147429,26.0614132
school,53.8859866,27.5555747
shop_grocery,52.0535749,23.7231616
shop_grocery,53.9030696,27.6861102
shop_grocery,53.1642345,29.1668181
post_office,53.8878616,27.5202148
bank,54.1391430,26.2199020
shop_grocery,53.9228446,27.6254420
shop_grocery,52.1174610,23.7714413
shop_grocery,53.8731211,30.3722887
cafe,53.9071973,27.4843932
shop_grocery,53.6154261,23.8197313
post_office,53.6774916,23.8489897
cafe,53.9217017,27.5882885
cafe,53.6499178,23.8552803
shop_grocery,53.9032581,27.4252488
shop_grocery,52.8939533,30.0294871
shop_grocery,54.1576068,25.9070356
cafe,53.6804182,23.8296629
shop_grocery,53.1173296,26.0292977
shop_grocery,52.6274991,29.7356572
shop_grocery,54.4285394,30.4417178
shop_grocery,55.1442890,27.6173020
shop_grocery,52.4038886,31.1079538
restaurant,53.9064054,27.5307410
cafe,53.9015304,27.5603587
shop_grocery,54.6150180,25.9797154
cafe,53.1223063,26.0160930
shop_grocery,53.8435084,27.5699369
restaurant,53.6153066,23.8197986
post_office,53.6152972,23.8201045
cafe,55.1933978,30.2257827
shop_grocery,53.9057905,30.3668478
restaurant,53.8731277,27.5360508
fap,53.8776181,27.5450667
bank,53.9081690,27.4340801
shop_grocery,53.9607647,30.3618202
shop_grocery,53.9788673,27.2928706
restaurant,53.9060003,27.5268421
shop_grocery,53.6521385,23.7916266
shop_grocery,53.6048668,23.7495075
cafe,53.8834113,27.4798429
cafe,53.6882886,23.8280010
station,51.4815476,30.3791459
station,51.4590724,30.2760010
station,51.4264070,30.1713883
cafe,53.8711363,27.5526625
fap,54.0932794,28.3068987
fap,54.1072140,28.3599479
sports_centre,53.9146590,27.5711857
shop_grocery,53.1520716,29.2432997
shop_grocery,52.4476445,31.0003234
shop_grocery,53.9605247,27.5378251
shop_grocery,53.1790723,29.1959204
shop_grocery,52.2012432,24.3794909
post_office,53.9046999,30.3593150
shop_grocery,54.6075377,25.9685073
shop_grocery,52.6044282,24.1089644
cafe,53.6778149,23.8264966
bank,53.8992390,27.5656130
bank,52.8933908,30.0485502
bank,52.0316272,29.2236875
bank,52.0972151,23.6893723
bank,53.1309630,26.0136830
bank,53.9011306,30.3358597
bank,55.1582514,30.3466710
shop_grocery,53.4583562,27.2165481
shop_grocery,53.9447703,27.7756911
cafe,53.8735791,27.4157431
cafe,54.2213781,28.4905964
school,52.1932316,24.3509890
shop_grocery,53.1562520,26.0010007
shop_grocery,53.8542312,27.6058201
shop_grocery,53.5705224,27.5638449
bank,54.5378900,25.7231278
fap,53.8980756,27.5373700
school,53.6452606,29.2331189
shop_grocery,53.3961129,28.4732895
shop_grocery,55.1386155,29.8485322
school,55.1388115,29.8498113
sports_centre,53.9968209,27.0098260
cafe,53.4141784,24.5367991
cafe,55.1841583,30.1928175
school,52.7789885,27.5474481
cafe,52.8832474,25.4948795
cafe,52.8327888,25.4889813
cafe,54.2486442,28.5458186
shop_grocery,54.2251608,28.5210954
cafe,53.9396298,27.5963539
cafe,53.9274384,27.6064547
shop_grocery,52.6286313,26.5140275
restaurant,53.8988447,27.5451444
shop_grocery,53.9638777,27.6174896
shop_grocery,53.9613604,27.6253668
shop_grocery,53.8729084,27.4167209
post_office,52.9645423,23.9729052
restaurant,53.9339156,27.6502423
cafe,52.4563355,31.0023612
bank,53.8596351,27.4955071
shop_grocery,53.8077074,30.9590978
cafe,53.0183494,27.4858347
shop_grocery,54.5107777,27.2197090
shop_grocery,52.3758455,31.0304309
shop_grocery,53.9242987,27.6817084
cafe,55.1760117,30.2506120
shop_grocery,55.1760483,30.2506244
cafe,51.7991258,29.5072064
shop_grocery,51.7991970,29.5069701
cafe,53.7528972,27.3337562
cafe,53.8814854,27.4787508
cafe,53.8776184,27.4964982
cafe,53.9000590,27.6081019
cafe,53.9010449,27.6069903
cafe,53.9031396,27.6006813
bank,53.6692264,23.8275557
bank,53.6502285,23.8552536
cafe,53.9268081,27.5096735
post_office,53.7474552,29.8673478
shop_grocery,53.3312275,28.6844764
shop_grocery,52.1126871,26.0509259
shop_grocery,53.1232995,25.9842560
shop_grocery,54.4245505,27.8338975
shop_grocery,52.5745279,26.8558248
shop_grocery,53.0182445,27.5392734
shop_grocery,54.8895013,28.6732187
shop_grocery,54.6824870,30.4934740
shop_grocery,53.8826280,27.4397824
shop_grocery,52.0597680,27.2173990
shop_grocery,53.5855900,25.8051930
cafe,54.2180778,28.4917082
cafe,54.2267322,28.5275327
shop_grocery,54.2376024,28.5106461
fap,54.2170984,28.4915032
shop_grocery,53.8796390,25.3344022
shop_grocery,54.4788589,26.4188843
shop_grocery,53.0651226,26.6316454
shop_grocery,52.4179180,30.9795935
shop_grocery,54.3079797,26.8379644
shop_grocery,53.1574692,26.0097557
shop_grocery,53.1694904,24.4407490
shop_grocery,53.1317451,29.2265215
shop_grocery,53.5990076,25.8289289
shop_grocery,53.0838290,25.3236686
shop_grocery,53.1148639,25.9711083
shop_grocery,53.8900216,27.6040109
shop_grocery,52.2069575,27.8553329
shop_grocery,53.8309858,27.6075690
bank,52.6289013,26.3064206
shop_grocery,52.6277662,26.3072249
cafe,52.6279774,26.3068230
shop_grocery,52.6055213,26.3159063
shop_grocery,52.4001812,26.2439543
shop_grocery,52.3661820,26.1458089
cafe,53.6789672,23.8295796
cafe,53.9092911,27.4701515
post_office,53.8842350,25.2987298
cafe,53.9033994,27.5445039
shop_grocery,53.8651169,27.6096603
shop_grocery,54.2239902,28.5036213
shop_grocery,54.2473972,28.5064275
fap,53.8775752,27.5459974
cafe,53.8939748,27.5509331
cafe,53.9238934,27.6256587
shop_grocery,53.9234396,27.6257759
cafe,52.0275989,29.2133982
shop_grocery,53.8636080,27.4826914
shop_grocery,53.8819249,27.5206180
shop_grocery,53.8900584,27.5767356
station,54.6233803,30.3843238
shop_grocery,53.5680906,26.1421296
bank,53.6497972,23.8560247
fap,53.9370365,27.5941157
bank,53.8746822,27.5981125
fap,53.0825882,29.2437191
pool,54.6216729,25.9665020
cafe,54.5071718,30.4193860
shop_grocery,55.6401006,27.0449599
post_office,54.2859698,26.9548129
shop_grocery,55.4121709,28.1570980
cafe,53.9393768,27.5977815
shop_grocery,53.8920823,27.5049992
shop_grocery,53.8757091,27.5061474
shop_grocery,52.7301308,27.4441239
shop_grocery,52.6349580,29.7505357
cafe,53.6498865,23.8534969
shop_grocery,53.9102278,25.2484880
cafe,53.9309506,27.6531585
station,52.4563516,31.0723900
fap,53.6807147,23.8310103
shop_grocery,55.2004112,30.1807201
shop_grocery,52.1016864,23.7697078
shop_grocery,53.8842517,27.4796174
shop_grocery,53.9494741,27.5994481
shop_grocery,53.2150765,27.9899195
cafe,53.9268376,27.6140438
shop_grocery,53.9318930,27.4738045
shop_grocery,53.9320796,27.4738069
shop_grocery,53.8953265,27.6479623
shop_grocery,52.7060079,25.3300376
school,53.9569630,27.6048710
shop_grocery,55.2001483,30.2448965
shop_grocery,52.3984952,31.3357939
cafe,53.8758469,27.5175163
shop_grocery,53.6857970,27.1306689
fap,53.6914097,27.1240903
fap,53.6910449,27.1240872
shop_grocery,56.0171176,28.1051754
post_office,56.0146998,28.1117982
cafe,56.0158033,28.1090395
shop_grocery,56.0156563,28.1099139
cafe,56.0110680,28.1114431
bank,53.9056702,27.4583494
cafe,53.6803888,23.8630753
shop_grocery,53.6230927,27.8967521
shop_grocery,53.6866921,23.8486965
school,53.9419921,27.4593037
bank,53.0870818,25.3029003
shop_grocery,53.8705610,27.6460506
shop_grocery,52.3698093,30.3562785
shop_grocery,52.3653138,30.3548327
cafe,53.9156801,27.5696747
cafe,53.9361179,27.5935824
cafe,53.9063163,27.5268204
cafe,53.8978311,27.5482446
cafe,52.7857905,27.5218597
cafe,53.6724949,27.1259340
shop_grocery,53.6727251,27.1268538
shop_grocery,53.6840956,27.1450028
cafe,53.8588615,27.4903146
shop_grocery,53.8635714,27.5723700
shop_grocery,53.9314600,25.2671508
post_office,55.2005153,28.7561560
fap,54.8825829,28.6987030
shop_grocery,52.5490979,26.6959268
shop_grocery,53.6808570,27.1336153
shop_grocery,53.6797764,27.1319465
restaurant,53.9391205,27.4768310
shop_grocery,53.0957273,29.2411172
shop_grocery,53.6504510,28.6188639
shop_grocery,53.8429854,27.5590781
shop_grocery,53.9413167,27.6557465
shop_grocery,53.9383766,27.6720805
shop_grocery,53.8890684,27.6925024
cafe,53.8586296,27.4770386
shop_grocery,54.6156923,25.9685793
restaurant,53.8855052,27.5692436
shop_grocery,55.6310505,27.0604675
bank,53.9186107,27.4952710
fap,52.4100255,30.9179366
shop_grocery,53.1228137,29.2356775
shop_grocery,53.9133213,27.6830749
bank,53.0872462,28.8601469
post_office,53.6176598,26.6643092
shop_grocery,53.6177536,26.6636735
post_office,53.5711656,26.5999845
shop_grocery,53.7201189,24.9853327
cafe,52.0906509,23.7110863
shop_grocery,53.8625459,27.6410266
shop_grocery,55.4720469,28.7547513
shop_grocery,55.4723473,28.7570609
shop_grocery,52.1117873,23.7161101
cafe,54.3090438,26.8419205
post_office,53.0872791,28.8604879
cafe,53.8624273,27.4469325
shop_grocery,53.4763815,26.7315072
bank,53.4774475,26.7316715
restaurant,52.0376591,29.2203445
shop_grocery,52.1292585,28.4947754
restaurant,53.9085802,27.5713113
cafe,52.7095827,25.3878835
shop_grocery,53.8660841,27.5213714
shop_grocery,53.9230893,27.5899572
post_office,53.8140340,27.6599841
fap,53.8140006,27.6601327
cafe,52.0885735,23.6908646
fap,53.0882644,28.8502037
shop_grocery,53.7105520,28.4256249
cafe,53.8913624,27.6073100
restaurant,53.7505132,24.2124409
pool,53.7504679,24.2133050
water_park,53.7506463,24.2138695
restaurant,53.7494310,24.2141180
post_office,54.7463829,28.3157560
cafe,53.9503960,27.6808368
shop_grocery,54.2059231,28.4806334
post_office,55.7310839,27.2798179
shop_grocery,53.4567927,27.2213765
sports_centre,54.4172105,30.2733875
fap,53.8970382,25.3001510
shop_grocery,53.9978444,27.6924698
shop_grocery,53.9810778,27.9638185
fap,53.9245834,27.6338558
bank,54.0417267,28.1985191
fap,53.6707701,23.8579487
post_office,52.3263023,31.1880578
shop_grocery,52.1159112,25.1157995
cafe,53.9302591,27.5982043
shop_grocery,53.4670597,27.2057271
fap,53.8584227,27.4813119
bank,53.6000922,24.9796446
shop_grocery,55.5199991,28.6700342
shop_grocery,52.7096485,25.3374714
cafe,53.9990692,27.6853046
shop_grocery,55.4859780,28.7801282
bank,53.9221410,27.5986620
bank,53.9113822,27.5459969
bank,53.9150080,27.5604120
shop_grocery,53.9150080,27.5604120
bank,53.9555402,27.6112054
bank,52.4266377,31.0054538
bank,52.0878808,23.7015894
bank,51.8861537,26.8437919
shop_grocery,55.5418299,28.6732987
shop_grocery,55.3494771,29.3018876
post_office,53.9083968,25.3120167
post_office,53.8852875,25.3002039
post_office,53.8726582,25.2994461
shop_grocery,53.9442259,27.6690912
post_office,53.3305982,27.1001372
shop_grocery,53.6252323,25.0295591
pool,52.8926556,28.6809699
cafe,53.9096338,27.5814596
shop_grocery,53.6605341,23.7816546
fap,53.9070548,27.4457407
shop_grocery,53.9038118,27.4339300
shop_grocery,52.4650425,30.9446474
shop_grocery,55.4372915,27.7898003
pool,52.6349965,29.7474358
cafe,54.6077646,25.9685293
bank,52.9048762,30.0332115
restaurant,53.9111216,27.5568928
fap,53.8669574,27.5902794
bank,52.5263803,24.8932452
sports_centre,53.9117954,27.5269142
post_office,55.2736472,30.1065276
shop_grocery,52.2995916,27.6505812
shop_grocery,52.4510426,31.0284091
fap,54.4242096,27.8164250
shop_grocery,53.6096519,23.7524332
cafe,53.9057319,27.5603404
shop_grocery,51.7962327,28.3044462
shop_grocery,53.8731303,27.5732376
shop_grocery,53.8339377,27.6028051
shop_grocery,53.8423721,27.5354196
cafe,53.8913140,27.5270714
cafe,53.8917366,27.5276594
cafe,52.1010269,23.7685750
bank,53.1301305,25.1381395
post_office,53.1302117,25.1381300
cafe,53.8967433,30.3321182
cafe,53.0940494,25.3177685
cafe,52.2471671,26.8027114
cafe,55.1822370,30.1931146
cafe,55.5222484,28.6640511
shop_grocery,53.8405366,27.5256914
cafe,53.8723692,30.3637629
cafe,52.1188980,26.1011338
cafe,55.4718602,28.7492983
shop_grocery,52.4682024,30.9746405
shop_grocery,52.4057686,31.0221062
shop_grocery,55.4114047,28.4807224
bank,53.3121541,25.6997245
restaurant,53.9011253,27.5627312
school,53.8994949,27.5612409
sports_centre,53.9021707,27.5656969
shop_grocery,52.1027976,23.7644985
cafe,53.8907585,27.5734444
post_office,52.0811725,23.9172739
shop_grocery,52.9294124,30.0144580
cafe,52.9294479,30.0145988
shop_grocery,51.8554828,28.1908804
shop_grocery,51.8579139,28.6331847
cafe,51.8992089,26.8691307
post_office,51.9482742,26.3996744
post_office,54.7526508,26.0871260
shop_grocery,52.5375684,30.9208784
cafe,53.6851714,23.8429002
cafe,55.2031460,30.2081092
fap,53.8584695,27.4933304
shop_grocery,53.8750741,25.3361470
shop_grocery,52.4716525,31.0125200
shop_grocery,55.1753123,30.2099869
shop_grocery,53.6170639,27.7234612
school,53.7399370,27.6946207
shop_grocery,53.0402860,28.2590424
post_office,52.7166557,28.4913039
shop_grocery,53.5885543,25.7996469
cafe,53.9081783,27.5483635
restaurant,53.6813849,23.8327835
restaurant,53.9572122,27.4297891
cafe,53.6780339,23.8532466
post_office,53.4129378,24.5174374
sports_centre,52.6351986,29.7387468
shop_grocery,54.0163024,25.6106217
shop_grocery,53.0316602,25.3750267
shop_grocery,52.5346168,30.9155283
shop_grocery,54.3233678,26.8343259
shop_grocery,53.4611638,24.8712233
fap,53.8891809,27.5433895
shop_grocery,53.9301147,25.7696285
cafe,55.5309373,28.6419706
fap,53.8923196,27.5559214
bank,53.9023832,27.6170416
cafe,53.3341634,31.4023794
bank,53.3336791,31.4017207
shop_grocery,53.9422353,27.4595876
shop_grocery,54.8856659,27.7693883
shop_grocery,52.3917763,30.1452904
shop_grocery,52.4309374,30.9466121
cafe,53.8846737,25.2954465
shop_grocery,53.5281794,24.0750350
shop_grocery,54.4890720,26.8913443
shop_grocery,52.4092382,30.9601325
shop_grocery,52.4398808,29.9042911
cafe,52.1123820,26.1062887
pool,55.2069078,27.9763827
restaurant,55.2071118,27.9760378
cafe,53.5992407,25.8261444
bank,53.9347771,27.6555645
bank,53.0251716,27.5487463
bank,53.8737609,27.6317028
bank,53.0751357,30.0509788
bank,53.1448243,26.0063198
bank,53.8725107,30.3636473
bank,53.3163165,28.6433682
cafe,53.6799535,23.8263335
fap,53.6792650,23.8269600
shop_grocery,53.5697260,26.1445340
restaurant,53.5725529,26.1388567
shop_grocery,53.5697424,26.1383032
shop_grocery,53.5687547,26.1453037
shop_grocery,53.5686577,26.1448787
shop_grocery,52.1465306,23.6726407
cafe,53.9065777,27.4807599
shop_grocery,54.2579558,26.0102104
post_office,54.2578641,26.0108393
restaurant,53.3976132,25.9729087
fap,53.6732022,23.8927852
bank,54.2194374,28.4929825
shop_grocery,52.2130389,24.3550551
shop_grocery,53.9219190,27.4323522
shop_grocery,53.1478813,26.0495232
shop_grocery,52.4496537,30.9629044
shop_grocery,53.6469261,23.8482102
shop_grocery,52.4286664,24.0890600
shop_grocery,53.1040193,30.0634308
post_office,52.5176778,25.8437007
shop_grocery,52.4781409,24.1382343
shop_grocery,51.9053025,26.8565385
shop_grocery,51.8982276,26.8503534
shop_grocery,53.1480103,29.2410221
shop_grocery,53.6474736,23.7809311
post_office,53.1382362,25.9097165
fap,51.9821510,26.9843845
shop_grocery,54.4137644,25.9163237
shop_grocery,54.4216627,25.9705231
shop_grocery,52.0169597,27.5423210
shop_grocery,52.0396320,29.2059337
cafe,53.0138441,25.3454731
shop_grocery,53.7143545,28.4152649
shop_grocery,55.4544779,29.9896641
shop_grocery,55.5134513,28.6911642
cafe,55.5140946,28.6901655
cafe,53.9316361,27.6526269
cafe,52.0736989,23.7079474
shop_grocery,53.7124663,25.4997772
shop_grocery,53.7135394,25.5059221
shop_grocery,54.1587765,27.2389819
bank,53.9346551,27.6550218
shop_grocery,53.7390241,27.3171993
shop_grocery,53.7177362,25.5002814
cafe,53.9125822,27.5273129
cafe,52.0946513,23.6987311
bank,53.5683746,26.3467327
shop_grocery,53.6680111,23.8484349
shop_grocery,53.8847235,28.6174107
post_office,53.6909668,23.8737287
shop_grocery,53.7121020,25.4965653
shop_grocery,53.7139902,25.4969220
shop_grocery,52.3638504,30.4256135
shop_grocery,55.4509804,26.7035705
shop_grocery,52.3670874,30.3520315
cafe,52.3701579,30.3907603
cafe,53.8399504,27.5710920
fap,53.8398850,27.5711466
bank,53.8396713,27.5713022
cafe,53.8849231,25.7825270
cafe,53.9155534,27.2802930
post_office,52.4169396,30.9645920
restaurant,53.3509444,32.0572435
shop_grocery,52.0753045,23.7554891
cafe,52.0753477,23.7554888
shop_grocery,53.6965883,28.4219720
sports_centre,54.1830373,27.8098521
bank,53.9077449,27.4842444
bank,53.9262638,27.5181153
school,54.8701243,26.9255422
cafe,53.9314687,27.6499784
shop_grocery,53.7257335,25.4929349
shop_grocery,54.1538515,30.6691704
bank,51.8635097,26.7968979
cafe,53.4871726,26.7475435
shop_grocery,51.8615164,26.7796607
shop_grocery,51.8512122,26.7858817
post_office,51.8510671,26.7860918
shop_grocery,53.6212285,27.7507547
post_office,55.3209146,28.6018294
shop_grocery,55.3213926,28.6021976
shop_grocery,55.2999635,28.7759133
shop_grocery,52.1145338,28.1581031
shop_grocery,55.4184669,29.0313366
post_office,55.4224924,29.0367864
post_office,55.4041540,29.0393146
school,51.7823593,30.5457817
shop_grocery,51.8501282,30.6389885
shop_grocery,51.8489075,30.6439056
school,51.8478394,30.6465912
school,51.9177553,30.7291163
shop_grocery,53.8100284,23.7099021
shop_grocery,53.8968560,27.4753080
shop_grocery,52.5646018,30.4354761
school,51.7421110,30.5062164
school,51.7430504,30.5019696
post_office,51.7409852,30.5092719
shop_grocery,54.3158016,26.8377020
bank,52.0784560,23.7413049
shop_grocery,52.0970794,23.6910650
school,52.0256014,30.9056507
shop_grocery,54.2162079,27.8520122
shop_grocery,52.1119966,26.1015219
post_office,53.0586084,25.3482029
shop_grocery,53.1537004,29.8465421
shop_grocery,53.0958705,30.6135578
sports_centre,53.5856034,25.7970244
shop_grocery,55.1922647,30.2343501
shop_grocery,53.1642905,29.1949270
shop_grocery,53.0940744,29.2375399
school,53.1620030,29.3983369
shop_grocery,52.2037292,24.7865147
shop_grocery,52.0304873,29.2416284
cafe,53.9634692,27.6606446
sports_centre,53.9257289,27.5971393
school,52.3397864,30.9237356
fap,52.3382627,30.9210962
post_office,52.3383102,30.9220581
cafe,53.1338093,26.0152170
cafe,53.9607451,27.6629112
cafe,53.9610324,27.6626077
cafe,56.0207361,28.4547999
school,51.9387910,30.8037404
shop_grocery,55.5404670,28.6253044
cafe,53.9571254,27.4300102
bank,51.9364512,30.8036116
cafe,53.8881207,27.5364207
cafe,53.8944266,27.5435605
shop_grocery,54.2471254,28.5413680
shop_grocery,53.2106831,25.0376715
shop_grocery,53.8415752,28.9973651
shop_grocery,53.9572349,27.8421477
bank,53.8747657,27.6315970
shop_grocery,55.3955307,26.6276760
cafe,53.9086361,27.4724052
cafe,53.9177360,27.5888345
bank,53.8935280,25.2992730
cafe,53.9083580,27.5485520
bank,53.8597130,27.4822210
bank,52.8932340,30.0397080
bank,53.8917950,27.5731590
shop_grocery,53.9444395,27.6364659
shop_grocery,53.8722000,27.4644000
shop_grocery,53.9126710,27.5062640
shop_grocery,53.9113070,27.4865960
bank,53.5162950,25.5016260
bank,53.5174640,25.5031730
bank,52.7976180,27.5479700
bank,52.2101570,24.3492910
bank,53.1870040,29.1889720
bank,53.9108440,30.3443220
bank,53.5927650,25.8175740
bank,54.1163760,31.1022040
bank,52.1352745,26.0683649
bank,53.1356620,29.2296760
bank,55.0299530,30.7955468
bank,52.7089350,25.3530130
bank,53.8488896,27.4343934
bank,53.0376600,28.2668190
bank,53.6591590,23.7808410
bank,53.9312770,25.7666920
bank,55.1877620,30.2036260
bank,52.0882700,23.6837950
bank,52.3142040,25.6147780
bank,52.1127030,23.7345300
bank,53.1633790,29.1804010
bank,52.1325430,26.0655520
bank,55.1394920,27.6864200
bank,52.2016330,24.3407910
bank,52.6240070,29.7289970
bank,53.8376730,27.6285490
bank,53.9238990,27.4431100
bank,53.1510586,27.0857441
shop_grocery,52.2129210,24.3766800
shop_grocery,53.0809160,25.3242180
shop_grocery,53.1241369,25.9896697
shop_grocery,53.9505260,30.3441830
shop_grocery,53.8645160,30.3354980
shop_grocery,53.8642880,30.3064630
shop_grocery,52.2247339,24.3702314
shop_grocery,53.9245266,27.5497452
shop_grocery,53.9212869,27.5855493
shop_grocery,53.9100329,30.3072667
shop_grocery,53.9480244,27.7192004
bank,52.1979222,24.3410578
bank,53.8355370,27.6059560
bank,53.0422524,27.5878143
bank,53.6933170,23.8255190
bank,53.8975000,30.3380900
bank,53.8870907,26.7428872
bank,53.9162990,27.5626570
bank,52.6316920,29.7487040
bank,55.2078080,27.9776790
bank,53.9333620,27.4321780
bank,53.8804895,27.5193384
bank,54.9110600,26.7285030
shop_grocery,53.1514000,26.0112000
shop_grocery,53.8732550,30.3282310
shop_grocery,52.4194000,31.3140000
shop_grocery,52.1452063,26.0844385
shop_grocery,53.8508479,27.6073392
shop_grocery,53.8376830,27.5858760
shop_grocery,53.9074281,27.4429354
shop_grocery,53.9030000,30.3748250
shop_grocery,53.9413730,27.6086780
shop_grocery,53.0254510,27.5557490
shop_grocery,54.4812970,26.3955390
shop_grocery,52.0893378,23.6786716
bank,53.8914517,27.5531208
bank,53.9085870,27.5485666
shop_grocery,53.9089940,27.4152620
bank,53.3081060,28.6379470
bank,53.1628250,24.4621790
bank,55.1701740,30.2206350
bank,52.7618240,26.4255720
bank,52.5337830,24.9830750
bank,52.4530160,30.9954080
bank,54.0975380,28.3049080
shop_grocery,52.4221091,31.3141868
shop_grocery,53.8786540,30.3386400
shop_grocery,53.1278300,26.0338780
shop_grocery,52.1068150,23.7611040
shop_grocery,52.1164856,26.1183389
bank,53.8748640,27.5064320
bank,53.9185095,27.4155828
bank,53.8388390,27.6840560
bank,53.9218280,27.5267680
bank,54.2014160,30.3015490
bank,54.2874940,30.9850650
bank,53.3472990,32.0555990
bank,54.4796600,26.3981040
bank,53.5843880,25.8048160
bank,53.9295540,25.7713770
bank,55.5363450,28.6431850
bank,54.8767685,28.7078443
bank,52.5555350,24.4555470
bank,52.2442010,26.8041790
bank,52.2027340,24.3417620
bank,54.0330940,28.0843730
bank,53.4885820,26.7417120
bank,54.4871423,26.9127981
bank,54.2080850,28.4905740
bank,53.8350930,28.9933850
bank,53.8435330,27.4659270
bank,52.4618010,30.9478240
bank,53.1345820,29.2253790
bank,53.8499280,27.6479080
bank,53.8733350,27.5585700
bank,53.9536410,27.7177790
bank,53.8503450,27.6617030
cafe,53.9038283,27.5594283
shop_grocery,53.8354680,27.6964980
shop_grocery,53.7512866,28.0099156
shop_grocery,53.9051540,30.3786510
shop_grocery,53.9942010,27.2677230
shop_grocery,53.5926655,25.8433525
shop_grocery,54.9591340,28.7946790
shop_grocery,52.3681690,23.3773800
shop_grocery,54.4809100,26.4137210
shop_grocery,54.8840220,27.7721540
bank,53.9393175,27.4780714
shop_grocery,55.4187126,29.0309342
shop_grocery,52.1208827,26.0907537
shop_grocery,54.8875066,27.7737601
school,53.6244393,23.8566728
shop_grocery,53.2563989,25.8520784
shop_grocery,53.2399894,25.8237842
shop_grocery,52.3327716,30.7973441
shop_grocery,52.3841461,30.8850255
post_office,52.6334414,24.3173469
shop_grocery,53.1686314,29.1683612
sports_centre,52.6331244,24.3169542
cafe,52.6469741,25.2100083
bank,52.4898134,23.7788371
post_office,52.4897546,23.7789631
shop_grocery,53.6709920,27.7491447
restaurant,52.7657738,25.1210957
shop_grocery,53.1329894,30.7982306
shop_grocery,52.2579524,26.7923036
shop_grocery,53.0937617,29.2388081
post_office,53.5483121,28.7443824
bank,53.9227573,27.5574152
fap,53.9226879,27.6019498
shop_grocery,53.7064050,23.8582558
cafe,54.9017018,26.3993470
cafe,52.4429545,23.8467108
shop_grocery,53.0127227,27.5388731
cafe,53.9573173,27.6057986
shop_grocery,51.6855364,29.1560609
shop_grocery,52.8893383,25.9757558
shop_grocery,52.8891021,25.9759521
shop_grocery,53.7833964,27.0767585
cafe,53.9634711,27.3935481
shop_grocery,53.6954880,28.4203606
shop_grocery,55.1797825,28.6377778
shop_grocery,55.1802516,28.6101770
shop_grocery,52.3862613,31.3414790
shop_grocery,53.7419731,27.3251234
shop_grocery,54.2036800,30.2993818
shop_grocery,53.0420823,26.2549183
shop_grocery,53.4057185,32.0919201
shop_grocery,53.9463180,27.7752710
shop_grocery,53.9327670,27.6216834
shop_grocery,53.1539123,25.9983355
shop_grocery,52.5396085,24.9836558
shop_grocery,53.0349330,27.5623970
shop_grocery,54.4025650,29.6799240
shop_grocery,55.0291351,30.8053167
shop_grocery,54.8828067,28.7097752
shop_grocery,53.6149360,24.7404110
shop_grocery,53.5918315,25.8079603
shop_grocery,53.5700450,31.3858020
shop_grocery,53.5907220,24.2348670
shop_grocery,52.7509596,26.4137738
shop_grocery,55.1043099,26.8382165
shop_grocery,54.6471924,29.1347766
shop_grocery,54.8830630,28.7222050
shop_grocery,53.8773735,27.4981564
shop_grocery,52.7521677,26.4307728
shop_grocery,53.9269206,27.6138258
bank,53.9378547,27.4880719
shop_grocery,53.8760845,30.3874379
shop_grocery,53.0617930,26.6485480
shop_grocery,52.5449272,24.9838623
shop_grocery,53.2223653,26.6654101
shop_grocery,53.8834508,27.4487722
shop_grocery,53.2022590,29.2176060
shop_grocery,54.5583050,30.3843080
shop_grocery,55.6855999,27.1807916
shop_grocery,53.5197969,30.2364888
shop_grocery,53.4235977,24.5681468
shop_grocery,54.6046560,30.3660210
shop_grocery,52.1000293,23.6500187
shop_grocery,51.8622040,26.7919300
shop_grocery,53.1227170,26.0108720
shop_grocery,54.0700136,27.6967041
shop_grocery,55.4522740,27.2294190
shop_grocery,55.4880958,27.3783330
shop_grocery,54.4604760,29.9987370
shop_grocery,54.4992730,30.3449650
shop_grocery,53.0232488,27.5416751
shop_grocery,54.8834567,28.6843762
shop_grocery,53.5823780,25.8123260
shop_grocery,52.3642700,23.3947440
shop_grocery,55.2892602,29.5958860
shop_grocery,52.5534870,24.4765940
shop_grocery,54.0044950,29.7131880
shop_grocery,53.0337260,27.5829590
shop_grocery,52.7164230,25.3368454
school,53.9030304,27.5510426
shop_grocery,53.1212286,25.9824404
shop_grocery,53.9039019,30.3394908
shop_grocery,54.0954840,28.3216350
shop_grocery,52.8837310,29.9962800
shop_grocery,51.8036328,29.1537800
shop_grocery,52.4126335,30.9495866
shop_grocery,52.4370733,30.9842177
shop_grocery,53.9421094,27.6357490
shop_grocery,53.8706710,27.5548638
shop_grocery,54.2957230,26.8455860
shop_grocery,54.2149900,28.4897100
shop_grocery,53.5127044,28.1398246
shop_grocery,52.1206262,29.3264204
shop_grocery,52.4750648,31.0299119
shop_grocery,52.0300267,29.2483696
shop_grocery,52.0330266,29.2137542
shop_grocery,55.3590176,27.4752161
bank,53.9077655,27.4847165
bank,53.9261136,27.5179034
bank,52.4331422,31.0007831
shop_grocery,53.8650979,27.4675530
shop_grocery,53.9464067,27.6875907
shop_grocery,52.3163927,25.6105903
shop_grocery,52.0842025,23.6941100
shop_grocery,55.5156779,28.6843564
shop_grocery,53.5903199,25.8043528
shop_grocery,52.1255469,28.4986584
fap,55.5444079,28.6208978
post_office,53.5970482,25.8273742
shop_grocery,53.0824159,25.2935609
shop_grocery,53.1980500,25.4746422
shop_grocery,53.7028672,28.4154320
shop_grocery,52.9714466,26.6995453
cafe,54.2996867,26.8409560
shop_grocery,54.8531588,27.0104221
shop_grocery,52.2062347,24.0051671
shop_grocery,53.0458355,27.6117263
shop_grocery,52.1325251,23.7685884
shop_grocery,52.0651660,23.7576878
cafe,53.4926287,26.7399750
shop_grocery,53.8904310,25.3131857
shop_grocery,52.4457672,30.9713783
restaurant,55.0446756,29.4427887
cafe,52.0831554,23.6983562
fap,52.0246101,29.2086863
shop_grocery,53.8995467,25.2985296
shop_grocery,53.1073512,25.9510958
shop_grocery,53.2185102,29.0319983
shop_grocery,53.1246575,26.0889704
cafe,53.9191318,27.6071353
fap,52.1152367,23.6914320
cafe,52.4058652,30.9444702
shop_grocery,54.5905249,25.8918477
shop_grocery,53.0810165,25.2959938
shop_grocery,54.3105378,26.8446021
cafe,52.0445013,29.2544732
shop_grocery,52.3929858,23.4075996
shop_grocery,52.1013143,23.7239640
shop_grocery,55.0619134,28.4353695
shop_grocery,52.2280336,24.7866679
cafe,53.8452975,27.5242704
post_office,52.1304281,25.0020475
shop_grocery,52.1309858,25.0021824
shop_grocery,52.1692314,24.9948075
shop_grocery,53.9174055,27.5020587
shop_grocery,52.1282019,23.6279241
bank,53.8754255,27.6294619
shop_grocery,53.0464719,26.2525230
shop_grocery,54.5011006,30.4364498
bank,55.1380840,27.6634480
bank,55.2043116,30.2117176
bank,52.1128275,23.7777274
bank,54.3151277,26.8852754
bank,55.3015930,29.6182490
bank,54.2986272,26.8666616
shop_grocery,52.0930538,23.7078023
shop_grocery,53.6131829,24.7288164
shop_grocery,53.0736923,25.3124876
shop_grocery,53.1068379,26.0015582
shop_grocery,53.9303809,25.7694029
shop_grocery,52.8828022,26.8504046
shop_grocery,52.9908950,25.7653482
shop_grocery,53.9486597,27.6113060
shop_grocery,54.8972764,27.7498745
shop_grocery,52.6349353,28.8824350
shop_grocery,54.6227151,30.1613510
shop_grocery,54.3101570,26.8258809
bank,53.8969040,27.5508090
bank,53.9022360,27.5498480
bank,53.8973632,30.3355095
bank,53.9080390,27.5273270
bank,53.9168860,27.5593250
bank,52.1227550,29.3340650
bank,53.0936230,25.3190210
bank,54.5074810,30.4259880
bank,53.8902450,27.5543840
shop_grocery,54.3009543,26.8423834
shop_grocery,55.1958331,30.2431887
shop_grocery,53.6552130,23.7839310
shop_grocery,53.8635021,27.6793537
shop_grocery,53.8848405,27.5525288
bank,53.8388429,27.6837763
bank,52.8927550,30.0406510
bank,53.8883510,27.5442960
cafe,52.0334525,29.2180536
shop_grocery,52.0495297,23.7041764
shop_grocery,52.0681809,23.8029076
shop_grocery,52.0458264,23.7082922
shop_grocery,53.7601722,28.0176948
fap,53.1385620,29.2077769
pool,53.6938881,23.8286760
shop_grocery,53.8586106,27.5373553
shop_grocery,53.6776518,23.8419441
shop_grocery,52.1386008,23.6747213
shop_grocery,53.9339094,30.2583477
shop_grocery,53.1617042,29.2147123
sports_centre,53.9303110,27.6552027
cafe,53.1152897,26.0338598
shop_grocery,53.3326219,31.4027226
shop_grocery,54.2597843,29.9116333
shop_grocery,53.1102421,25.9696177
shop_grocery,53.5117685,28.1452354
cafe,52.0838609,23.7026140
shop_grocery,53.1247900,29.1792020
shop_grocery,53.1265455,29.1915189
shop_grocery,53.9047142,30.3584926
shop_grocery,52.1068892,23.7403524
shop_grocery,55.1800192,28.6109620
shop_grocery,53.1878292,25.3344611
sports_centre,53.8762664,27.6141642
shop_grocery,53.9471887,27.6281022
cafe,53.9377672,27.4740073
shop_grocery,52.3887523,23.8180953
shop_grocery,55.1870531,30.2364503
shop_grocery,52.2680985,31.1397938
shop_grocery,53.0482385,26.2679037
shop_grocery,53.6221670,23.8100400
shop_grocery,54.0941963,28.3291817
shop_grocery,53.3335482,25.8437618
shop_grocery,52.0438816,29.0003354
fap,53.8680150,27.4863464
bank,52.8053237,29.4210854
cafe,53.8896132,27.5489576
shop_grocery,53.5881568,25.8119530
shop_grocery,55.1670908,27.6734877
shop_grocery,54.4062748,29.7044757
shop_grocery,54.2965828,26.8394334
shop_grocery,53.8671191,27.6935089
shop_grocery,53.1176786,26.0250896
sports_centre,53.9324643,25.7690309
shop_grocery,53.1163808,26.0362995
shop_grocery,52.1393937,26.0993846
post_office,54.0140920,31.7101344
post_office,53.9096240,30.3076390
post_office,53.5948590,25.8246680
post_office,53.5913380,24.2493113
post_office,53.0821230,25.3055480
post_office,53.0358205,24.1086568
post_office,54.4728300,26.4158860
post_office,53.6587898,23.7847727
post_office,53.1111790,30.0647930
post_office,52.1364861,29.3423224
post_office,52.9120240,30.0384986
post_office,55.1746560,30.2658783
post_office,53.6546080,23.8502060
shop_grocery,53.1557142,26.0284621
shop_grocery,53.6753389,26.7803201
cafe,52.1147257,23.8334502
shop_grocery,52.1148605,23.8336228
shop_grocery,53.9422221,25.2537296
shop_grocery,51.9156520,30.7316106
post_office,53.3082407,26.3627350
shop_grocery,55.5221491,28.6643661
shop_grocery,53.9312431,27.5086063
bank,53.9083659,27.4308419
shop_grocery,53.9584331,27.7364911
shop_grocery,53.8448650,27.4838850
shop_grocery,53.1325030,25.9803470
shop_grocery,54.0952937,28.2884812
shop_grocery,52.7834035,27.5519144
shop_grocery,54.1109666,28.3624426
shop_grocery,55.4994752,28.8512282
bank,54.2067002,28.4866608
shop_grocery,53.9178202,30.3064325
shop_grocery,53.9708440,27.5867349
shop_grocery,53.1419316,26.0691753
shop_grocery,55.4976833,28.7482220
shop_grocery,52.4620021,30.9655869
post_office,53.8800476,30.3178575
post_office,52.0978024,23.6858340
shop_grocery,53.8520994,27.5974081
shop_grocery,53.9239195,27.4288005
shop_grocery,53.1396070,29.2145346
shop_grocery,53.0872901,25.3027020
post_office,53.8603096,27.4790041
post_office,52.4503080,30.9902640
shop_grocery,54.5125607,30.4299280
bank,52.0757480,23.7182151
bank,53.8912488,25.2562995
shop_grocery,53.9525166,27.6019228
post_office,53.8914645,25.2570466
post_office,53.6812445,27.1441597
shop_grocery,53.1261550,26.0175730
restaurant,52.4320836,30.9944316
shop_grocery,53.5536103,30.2125171
shop_grocery,53.7600767,31.2879360
shop_grocery,54.6221184,25.9628324
bank,53.1755088,28.4927027
shop_grocery,52.4321996,30.9941558
shop_grocery,53.4099245,24.5376280
post_office,53.0682636,28.6705077
bank,53.0681656,28.6705678
post_office,52.7938284,27.5431194
bank,53.6895018,26.8619907
bank,52.0962164,23.7428194
cafe,53.1990820,26.1567126
shop_grocery,53.6161230,23.8111646
shop_grocery,53.3211052,28.6366090
shop_grocery,54.4263389,25.9384464
shop_grocery,53.8440982,27.4749507
restaurant,53.8982989,27.5586386
cafe,55.1130887,26.8410092
shop_grocery,52.5671562,24.4669374
cafe,54.6150290,25.9792609
shop_grocery,53.9592363,27.6645677
cafe,53.9346335,27.4277888
cafe,52.7830438,27.5122276
fap,53.9249203,27.6001304
shop_grocery,54.0912361,28.2973385
shop_grocery,53.1295454,26.0747113
shop_grocery,54.2392743,29.8043225
shop_grocery,52.1154558,26.1155336
shop_grocery,52.1937876,24.3473640
shop_grocery,53.7061284,23.8419447
cafe,53.8753061,27.5946467
shop_grocery,52.9558260,26.3054729
shop_grocery,53.1555931,30.4596134
shop_grocery,53.8742718,30.6402804
shop_grocery,54.2195465,26.6164315
post_office,51.9762982,28.4061632
shop_grocery,53.0701415,29.9899473
cafe,53.9250260,27.5994207
shop_grocery,52.4472092,30.9692001
shop_grocery,51.8680607,28.5448353
shop_grocery,51.9240861,28.9830980
post_office,51.9237660,28.9824040
cafe,53.1299009,26.0101126
shop_grocery,53.8839230,27.6849050
shop_grocery,54.8832490,28.6966246
shop_grocery,53.8735791,27.6146716
shop_grocery,53.8613990,27.6036570
bank,53.9022681,27.5500598
bank,53.9648145,27.6441316
bank,53.1327695,26.0291212
bank,54.0330763,28.0835417
bank,52.1906429,24.3376156
bank,55.1747704,30.2658460
bank,55.1726349,30.1986406
bank,53.6181835,23.8160681
bank,53.1270680,29.1947260
bank,53.9217110,27.5268600
shop_grocery,52.4751050,24.5199470
shop_grocery,52.8895970,28.6928990
post_office,52.2823316,23.3118811
bank,52.0907210,23.6869409
cafe,52.0953765,23.6908033
cafe,54.0286717,28.0878376
shop_grocery,54.1988026,28.5153364
shop_grocery,52.4249389,31.0013803
shop_grocery,53.5974265,25.8251879
shop_grocery,54.5609457,28.6997037
shop_grocery,54.8906154,28.0069483
shop_grocery,54.5624231,28.6997252
shop_grocery,54.3347395,28.5676156
cafe,54.5608881,28.6998326
shop_grocery,54.9055209,28.1958834
cafe,53.8976971,27.5574347
restaurant,53.8979663,27.5571883
shop_grocery,53.9426979,27.7095231
bank,53.7014664,23.8348419
shop_grocery,53.8365631,27.5751762
shop_grocery,53.9170061,27.4962194
shop_grocery,53.1432682,29.2252251
shop_grocery,53.8779069,30.3752199
shop_grocery,52.3632718,30.3711559
shop_grocery,53.1647334,29.1797637
shop_grocery,53.9043350,27.6126740
shop_grocery,52.2610241,26.8203715
shop_grocery,52.2565483,26.7979344
shop_grocery,53.9322376,27.4365432
shop_grocery,53.1683953,24.4292253
shop_grocery,53.0660557,25.3133675
shop_grocery,52.9295433,30.0162067
shop_grocery,52.4789902,31.0274725
cafe,54.6860854,26.1447948
shop_grocery,54.5152167,26.1804628
shop_grocery,54.5151630,26.1817168
bank,54.5154752,26.1822680
shop_grocery,54.5153647,26.1820212
shop_grocery,54.5146625,26.1805916
shop_grocery,54.5155978,26.1800102
shop_grocery,54.3107293,26.2845700
post_office,54.3111464,26.2833113
shop_grocery,54.3109593,26.2813622
cafe,52.0324715,29.2225145
cafe,54.2968615,30.9831353
shop_grocery,52.6189257,29.7279369
shop_grocery,52.4019484,31.0651187
post_office,55.1844244,30.2299050
shop_grocery,53.9135795,27.5764034
shop_grocery,52.0731557,23.7528139
shop_grocery,53.1406171,26.0450268
shop_grocery,52.1141755,26.0692021
cafe,53.7049449,31.7238091
shop_grocery,52.4042499,30.9163177
shop_grocery,53.0123416,26.0435409
shop_grocery,52.8654097,24.8884500
shop_grocery,53.9217733,27.5628826
shop_grocery,52.9017215,30.0468719
cafe,53.9077798,27.5772072
bank,53.8398493,27.5711233
shop_grocery,51.8623710,26.7939240
shop_grocery,52.4659605,25.1771665
shop_grocery,52.0453897,29.2387660
shop_grocery,55.4969165,28.7524143
shop_grocery,55.5266827,28.6775941
shop_grocery,53.8839124,27.4448401
shop_grocery,53.6469360,23.8446020
shop_grocery,53.4600779,23.8839474
post_office,53.8806070,27.5572950
shop_grocery,52.3588761,30.4176611
shop_grocery,52.4071130,30.9814980
shop_grocery,53.1569000,29.1898000
shop_grocery,52.1948280,24.3466780
shop_grocery,55.3728135,27.4744549
shop_grocery,53.8645065,27.4516019
shop_grocery,52.5697840,24.4613050
shop_grocery,52.0795650,23.7655240
bank,53.1171410,23.9167100
shop_grocery,53.4696040,27.2201970
bank,53.9092017,27.4984521
bank,53.8787724,27.6328415
bank,53.8788294,27.6330185
fap,53.9258062,27.6166851
shop_grocery,53.8957980,27.5902346
shop_grocery,53.9043778,27.6336022
shop_grocery,53.9040427,27.6339546
bank,53.6794426,23.8308930
fap,53.6796930,23.8264308
shop_grocery,54.0028302,27.6596794
shop_grocery,53.9006495,30.3582262
cafe,53.9260076,27.5191792
shop_grocery,53.9131551,27.5341591
cafe,54.2744299,30.9992458
shop_grocery,52.4724359,25.1770940
cafe,53.9451057,27.6054203
fap,53.9452737,27.6037896
cafe,52.0837504,23.7019403
restaurant,52.0997299,23.7694808
fap,53.9158517,27.4435948
shop_grocery,53.9109157,30.3044156
post_office,52.1034138,23.6790286
shop_grocery,55.4816069,28.8169093
shop_grocery,55.4790389,28.8305645
shop_grocery,55.4755488,28.8482791
shop_grocery,53.8638811,27.6331936
cafe,53.8495053,27.4652718
cafe,55.1863795,30.2044814
bank,52.7538286,25.1483950
shop_grocery,54.0885486,26.5514010
shop_grocery,55.4922934,28.7536003
shop_grocery,54.5088826,30.4258558
shop_grocery,53.9312213,30.3489011
shop_grocery,52.3938705,31.0295705
shop_grocery,52.3827155,31.0286360
shop_grocery,52.0781750,23.7408852
shop_grocery,52.0856922,23.6871406
shop_grocery,52.1089565,23.7866583
shop_grocery,52.0963353,23.6823586
shop_grocery,52.1223224,23.7721503
cafe,52.0914124,23.6934865
cafe,53.8997891,27.5567582
bank,53.1433308,29.2277366
bank,53.9256557,27.6149082
bank,53.8697716,27.5498499
bank,54.0975742,28.2983083
post_office,53.8846145,27.5439308
shop_grocery,53.9643641,27.7614105
cafe,53.9043519,27.5614076
shop_grocery,52.3631589,30.3709091
shop_grocery,52.9505857,29.7934001
sports_centre,53.8507303,27.4318700
shop_grocery,52.0397667,29.2078060
shop_grocery,53.1143166,25.9652819
shop_grocery,53.6726069,23.8082286
cafe,52.5336691,24.9836756
cafe,53.9482665,27.6651778
cafe,53.9420847,27.4594599
shop_grocery,53.1331073,29.1787381
shop_grocery,53.1503371,29.1976673
shop_grocery,53.3059705,28.6376643
shop_grocery,54.0550611,27.6869651
shop_grocery,53.9536225,30.3380494
shop_grocery,53.1682088,29.1705749
shop_grocery,53.1234434,29.2367718
shop_grocery,53.8739781,30.3220574
shop_grocery,53.3023673,28.6550293
shop_grocery,53.8078436,30.9638884
shop_grocery,53.9333284,30.3468046
shop_grocery,54.3019775,30.9905997
shop_grocery,53.3068794,28.6359171
shop_grocery,53.1628784,29.1771633
shop_grocery,54.4053900,31.1226289
bank,54.4053574,31.1225220
shop_grocery,53.1600427,29.2326638
shop_grocery,53.4884661,29.3463299
shop_grocery,53.1552040,29.2186643
shop_grocery,53.8994500,30.2705588
shop_grocery,53.8761296,30.3803334
shop_grocery,53.9153521,30.2846176
shop_grocery,53.7409090,31.7186534
shop_grocery,53.7113891,31.7181959
fap,53.9394742,27.4660185
shop_grocery,53.5617612,25.1690862
post_office,53.6390382,25.1755776
fap,53.6397723,25.1766178
shop_grocery,52.1404236,26.1658704
shop_grocery,53.1519382,29.1996678
cafe,52.6351256,29.7508525
shop_grocery,53.1959444,29.2233140
shop_grocery,53.9120144,30.3212459
shop_grocery,53.3567039,32.0464926
shop_grocery,53.9031010,30.3443377
shop_grocery,54.2194784,30.2861349
shop_grocery,53.9079441,30.2972043
shop_grocery,53.8780745,30.3376098
shop_grocery,53.8733319,30.3401175
shop_grocery,53.3092293,28.6393163
shop_grocery,53.8769211,30.3269708
shop_grocery,53.4320192,28.5411581
cafe,53.4319667,28.5413371
bank,53.4318755,28.5414720
shop_grocery,53.9302775,27.6237553
shop_grocery,53.3921769,24.2578956
shop_grocery,53.1536965,26.0191646
shop_grocery,53.1242155,26.0237575
shop_grocery,53.1512718,26.0072918
shop_grocery,53.1300849,26.0153078
shop_grocery,53.1354017,26.0138326
cafe,52.2127301,24.3588210
post_office,52.6223068,29.7272835
school,52.2141220,24.3587298
bank,53.8882651,27.5442768
shop_grocery,54.4190361,27.8756618
post_office,52.7079302,25.3445994
post_office,53.0348300,28.2426820
post_office,53.5149405,28.1419945
post_office,52.0758365,23.7182266
shop_grocery,54.0054779,27.6846504
bank,53.8982667,30.3372136
bank,52.0367986,29.2179894
bank,53.9087214,27.4933881
shop_grocery,53.9126000,27.6743000
shop_grocery,53.1383994,26.0623088
shop_grocery,53.9184326,27.4502850
shop_grocery,53.8729000,27.6404000
shop_grocery,52.4613554,30.9880248
shop_grocery,55.1128431,26.8415093
shop_grocery,55.1620000,30.1451000
shop_grocery,52.7164658,25.3434098
shop_grocery,52.6291818,29.7207909
shop_grocery,52.1089218,23.7742639
shop_grocery,52.9075928,30.0161263
shop_grocery,52.0307019,23.8010137
shop_grocery,55.5344217,28.6363363
shop_grocery,53.4037040,32.0874300
shop_grocery,52.0887793,23.7101461
shop_grocery,53.8844240,27.5432180
shop_grocery,53.9385493,27.6861745
shop_grocery,53.9224662,27.4330020
shop_grocery,53.8669220,27.6938550
bank,53.6828034,23.8331265
shop_grocery,55.5319141,28.6615059
shop_grocery,53.1094117,25.9653125
shop_grocery,54.2205786,25.9548983
shop_grocery,52.3643930,31.0196561
shop_grocery,52.3570805,31.0283004
shop_grocery,53.8400635,27.4968099
shop_grocery,55.5277222,28.7827051
shop_grocery,52.5960443,30.7305079
shop_grocery,53.6038348,31.9656137
shop_grocery,53.8835482,30.4102136
cafe,53.9092917,27.5486174
shop_grocery,52.1166315,26.1185776
shop_grocery,51.8878787,26.8487513
shop_grocery,53.0749690,30.0519289
shop_grocery,52.0924943,23.6933483
shop_grocery,52.0900710,23.6703604
cafe,52.0727607,23.7081584
shop_grocery,52.1185032,26.1166343
fap,53.9418814,27.4647580
shop_grocery,53.0362990,26.2653655
shop_grocery,52.4025711,30.9186065
shop_grocery,52.4684055,31.0111951
cafe,53.9362062,27.4823669
cafe,54.1984931,28.5094517
shop_grocery,53.1503866,24.4591616
shop_grocery,53.1544683,24.4575543
shop_grocery,52.6306571,29.7564446
shop_grocery,52.9633883,26.4696284
shop_grocery,53.7127978,31.7271082
cafe,53.9207668,27.4349420
shop_grocery,54.4285056,25.9299589
shop_grocery,54.4336900,25.9590190
shop_grocery,53.4688242,27.2211341
cafe,53.7063276,23.8419435
cafe,54.4778474,30.3187187
shop_grocery,53.5973656,27.8593366
shop_grocery,53.6059650,27.8591676
shop_grocery,53.8974866,27.6010282
shop_grocery,53.6275092,23.6456456
shop_grocery,54.4798427,30.3140565
shop_grocery,53.1585536,24.8144359
shop_grocery,53.1303388,26.0113504
shop_grocery,53.1302273,26.0121440
shop_grocery,54.4794212,30.3158314
cafe,54.4824389,30.3186245
shop_grocery,54.4822664,30.3185961
bank,53.8602326,27.6738632
shop_grocery,52.4679530,23.7304623
post_office,53.8296442,27.9755167
shop_grocery,53.8294715,27.9755376
fap,54.4796434,30.3087948
shop_grocery,54.4809795,30.3210122
shop_grocery,53.6042024,24.7413651
shop_grocery,53.6016992,24.7415714
bank,54.4774109,30.3179151
shop_grocery,53.5853699,24.6292295
shop_grocery,54.4901315,26.9174178
shop_grocery,52.3407642,30.4279496
shop_grocery,51.9738274,27.0659065
shop_grocery,52.4021712,23.8206239
shop_grocery,53.9698954,27.6482082
shop_grocery,53.9055123,27.5402632
cafe,52.8927748,30.0395636
cafe,52.3579246,30.4190797
shop_grocery,53.9326172,27.5557622
shop_grocery,53.4873307,26.7386102
cafe,53.5885604,28.1049847
post_office,54.3972221,30.2157868
shop_grocery,55.1918500,30.2440374
shop_grocery,53.4644257,25.4031509
school,53.4635559,25.3980329
shop_grocery,53.4695645,25.4131304
shop_grocery,53.9070865,27.5883971
shop_grocery,53.1309877,25.1415655
shop_grocery,54.3153759,26.8854681
shop_grocery,54.8699349,26.9289869
cafe,52.7916712,29.4082175
shop_grocery,53.1789116,29.1861011
shop_grocery,53.8681722,30.3287427
shop_grocery,53.9273881,30.3552726
cafe,52.1031674,23.6718326
cafe,52.0898909,23.6923944
cafe,52.0936838,23.6884901
cafe,52.0932617,23.6899778
restaurant,53.8478267,27.4775604
cafe,53.8479277,27.4774513
shop_grocery,52.0689487,23.7215333
shop_grocery,54.2455569,27.8432839
shop_grocery,54.2520996,29.8004881
shop_grocery,53.8743339,30.3776491
shop_grocery,53.9086312,30.3172278
shop_grocery,55.1743282,30.1366716
shop_grocery,53.1291346,26.0432696
shop_grocery,55.5299878,28.6128330
sports_centre,53.9198438,27.6162731
restaurant,52.0924148,23.6893755
shop_grocery,52.4482524,31.0730107
pool,53.4021948,27.5718433
shop_grocery,52.2928988,31.1852387
shop_grocery,52.2932767,31.1857490
cafe,55.0265761,30.7936661
cafe,54.2001220,27.8443542
shop_grocery,53.6162164,27.7700570
shop_grocery,53.6290688,27.7694164
post_office,52.1121241,26.0851859
shop_grocery,53.8501891,27.1323916
shop_grocery,52.4649084,30.9939479
shop_grocery,53.1200801,29.5696740
shop_grocery,52.4004243,30.3369052
shop_grocery,54.6207921,27.6593847
shop_grocery,52.1030010,23.7107665
restaurant,53.9043142,27.5486980
cafe,54.2576034,26.0114386
cafe,55.1611077,30.2378249
cafe,53.7141779,31.7158085
cafe,54.8440319,30.2124946
shop_grocery,53.8712283,30.3376802
shop_grocery,53.8328338,28.9890287
shop_grocery,53.1696171,29.2039320
cafe,53.1149179,25.9711636
shop_grocery,53.1504573,29.1975993
shop_grocery,53.9534122,27.6783931
shop_grocery,53.8863716,27.4280883
shop_grocery,53.8751483,27.4984703
restaurant,53.8598100,27.6738900
post_office,53.8493972,27.4713623
shop_grocery,53.3307876,31.3861717
shop_grocery,55.1719138,30.2364623
cafe,54.2001618,27.8448709
cafe,54.2039516,27.8523968
cafe,54.2452152,27.8437233
cafe,54.2449580,27.8434134
shop_grocery,55.7817935,27.9335911
post_office,52.4238546,30.9730713
cafe,52.4251492,31.0083617
shop_grocery,52.8941690,30.0249148
post_office,52.8934089,30.0333192
shop_grocery,53.3139719,26.2751349
cafe,54.0996666,28.2980938
shop_grocery,54.5726502,30.6851658
shop_grocery,52.3643897,31.0182004
cafe,53.9565109,27.6617228
shop_grocery,54.2882718,30.9844655
shop_grocery,54.2789513,28.1665079
restaurant,54.2003302,27.8466144
ice_rink,54.5160534,30.3737166
shop_grocery,53.9315115,27.6954430
shop_grocery,53.1340702,25.9934303
cafe,53.8428227,27.6493869
cafe,53.8468906,27.4771445
cafe,53.8869632,27.4279428
shop_grocery,55.2958534,30.3126957
shop_grocery,55.6450569,27.0350702
restaurant,55.6397477,27.0325020
shop_grocery,52.9072896,30.0371884
shop_grocery,52.4055425,30.9236317
shop_grocery,53.9103574,27.5085098
shop_grocery,54.0349671,28.0883804
shop_grocery,54.0283441,28.0871007
shop_grocery,54.5129653,30.4172753
shop_grocery,54.5206098,30.4260427
cafe,54.5129683,30.4172130
shop_grocery,53.5347044,24.3617696
bank,53.6710396,23.7997785
shop_grocery,53.1441528,29.2347118
shop_grocery,53.6037032,31.9541550
shop_grocery,53.8984033,30.3333103
fap,53.8982848,30.3332111
restaurant,53.9552081,27.7785513
shop_grocery,52.4882378,24.7081002
cafe,53.1444960,29.2241273
shop_grocery,53.9251784,27.4215919
cafe,53.1521574,29.2265514
restaurant,53.9049919,27.5523733
cafe,53.8783281,27.5431894
shop_grocery,52.0520463,29.2577332
shop_grocery,52.1022426,23.7562354
shop_grocery,53.4647587,25.5830645
shop_grocery,53.4635056,25.5834285
cafe,52.1059803,23.7652997
shop_grocery,53.8969534,25.2698391
shop_grocery,53.8883124,25.2745839
shop_grocery,52.1205655,28.4768903
cafe,53.6769456,23.8303178
shop_grocery,52.3636682,30.3609069
shop_grocery,52.5622091,24.4631073
shop_grocery,53.8825975,27.4536144
cafe,52.0769442,27.3436641
shop_grocery,52.4569083,30.9734226
cafe,54.5119553,30.4278965
fap,54.5153482,30.4324889
fap,53.9040998,30.3332510
cafe,52.5293213,24.9733379
fap,54.9188007,27.5365525
bank,53.6501539,23.8557774
bank,53.8982256,30.3331018
shop_grocery,54.2128603,30.2983296
shop_grocery,52.1409226,23.6100242
cafe,53.1536200,25.9943400
shop_grocery,52.1352475,26.0669794
shop_grocery,52.6311610,26.3057520
shop_grocery,53.1203699,26.0166174
shop_grocery,52.2192393,27.4695792
shop_grocery,51.8925667,26.8579352
shop_grocery,52.7259323,27.4466667
shop_grocery,54.3080955,26.8212371
shop_grocery,54.2437888,28.5053560
shop_grocery,54.2261417,28.5067990
shop_grocery,53.8290505,28.9889932
shop_grocery,55.1830660,30.1912521
shop_grocery,54.3200715,30.2865279
shop_grocery,55.1825402,28.6127222
shop_grocery,54.5376359,30.4457116
shop_grocery,55.5289402,28.6537760
shop_grocery,53.8589971,27.4630576
shop_grocery,53.8420167,27.6508981
shop_grocery,53.9057350,27.4456340
cafe,53.9017750,27.5534776
fap,53.8607767,27.5755763
bank,53.9374867,27.4758947
ice_rink,53.9265559,27.5175709
shop_grocery,53.9260079,27.5181314
restaurant,53.9225605,27.6070987
shop_grocery,53.9237457,27.4408508
shop_grocery,53.9087117,27.4932881
shop_grocery,53.8675416,27.4578273
shop_grocery,53.8654381,27.4675745
shop_grocery,53.9391462,27.6513031
shop_grocery,53.1496000,29.2292000
shop_grocery,52.4568040,30.9543070
shop_grocery,52.8938331,30.0320023
shop_grocery,52.4456849,30.9491944
post_office,55.1912654,30.2028590
post_office,52.0842268,23.6938030
post_office,53.8621290,27.4450390
post_office,52.1236381,23.7019944
post_office,53.4209141,24.5411342
post_office,53.8555537,27.5105461
post_office,52.1203881,28.4770278
post_office,53.8771360,30.3660390
post_office,52.4129269,30.9705073
post_office,53.1443476,26.0370103
post_office,52.9156713,30.9105623
post_office,55.1394470,27.6838670
post_office,55.3046813,29.6097046
post_office,53.8879484,25.2964872
post_office,53.4802760,29.3425834
post_office,53.9061443,27.4821872
post_office,52.5684100,31.1684908
post_office,53.7130827,28.4162429
post_office,53.8598734,27.6124486
post_office,52.4453228,31.0172964
post_office,51.7839843,29.5034825
post_office,53.5952715,31.9573939
post_office,53.8751262,27.4981758
post_office,53.1340000,29.2248100
post_office,52.0354886,29.2014295
shop_grocery,53.8393975,27.6375648
shop_grocery,53.8883560,27.4224423
shop_grocery,53.9014195,27.4951361
shop_grocery,53.8775001,27.5342628
shop_grocery,54.4810691,30.3158946
shop_grocery,53.8722162,27.4778900
shop_grocery,54.5100854,30.4245884
cafe,54.5111239,30.4244743
shop_grocery,54.5542921,30.4533671
bank,53.9058186,27.4464574
cafe,53.6501334,23.8527710
shop_grocery,53.9062777,27.4807328
shop_grocery,53.9065093,27.4807676
shop_grocery,53.9055235,27.4810161
post_office,53.9119034,27.5710700
shop_grocery,53.8554349,27.5151326
shop_grocery,52.4510844,31.0010448
shop_grocery,53.5857982,24.2390035
shop_grocery,53.4155159,24.5431969
cafe,53.6500409,23.8546272
restaurant,53.6500387,23.8544136
cafe,53.6824687,23.8301268
restaurant,53.6824913,23.8302436
shop_grocery,52.5465646,24.9566973
shop_grocery,52.5320053,24.9814529
cafe,53.6465186,27.9165308
shop_grocery,53.1578585,24.4545391
sports_centre,52.5295916,24.9761740
shop_grocery,54.0179041,28.0599616
shop_grocery,53.8498663,27.5401715
cafe,53.6103703,27.9405716
shop_grocery,53.4062589,24.5336696
bank,53.8835552,27.5687353
bank,52.4535362,31.0235784
shop_grocery,53.8823547,27.5201187
shop_grocery,52.0517512,29.2440092
shop_grocery,53.9356838,27.6869010
shop_grocery,52.1148502,23.7368981
shop_grocery,53.8778491,30.3342594
shop_grocery,53.8814851,30.2702255
shop_grocery,52.1235238,28.4789647
shop_grocery,53.5868108,25.8031754
shop_grocery,53.9535568,27.6206889
shop_grocery,53.6607715,23.8366661
shop_grocery,54.3263918,29.1412808
shop_grocery,53.9739507,25.2325309
post_office,52.0871609,23.6913658
shop_grocery,53.8347366,27.5820800
shop_grocery,52.7921512,27.9951626
cafe,52.7921154,27.9952558
cafe,55.1975954,30.2171879
shop_grocery,52.5390166,24.9944243
shop_grocery,52.5389283,24.9942229
restaurant,53.8943842,25.2970733
shop_grocery,53.5214902,28.0098206
shop_grocery,52.0714721,23.7521106
cafe,53.5917388,25.8191557
cafe,53.5993353,25.8252336
cafe,53.5984852,25.8238317
restaurant,55.1975314,30.2066537
shop_grocery,55.1918233,30.2058311
cafe,53.6888829,23.8443272
cafe,53.8489528,27.4838671
cafe,53.9309949,27.6520657
shop_grocery,54.5090147,30.4125444
cafe,53.8899196,27.5557362
shop_grocery,53.7208809,23.8650491
shop_grocery,54.3316969,29.1423917
post_office,54.8370110,29.9981965
shop_grocery,53.9172178,27.8722313
cafe,53.4568924,27.2195677
shop_grocery,53.4184910,24.5454608
post_office,55.4961400,28.7578700
shop_grocery,54.9091392,26.7071629
shop_grocery,53.8038832,27.6885978
shop_grocery,52.7949464,27.9769394
shop_grocery,53.7451752,27.6901850
restaurant,52.7928777,27.5445729
shop_grocery,53.9889879,27.6809891
shop_grocery,53.8240288,27.4502555
shop_grocery,53.7764942,27.5915113
post_office,54.0920519,28.2959162
shop_grocery,53.0832860,26.0931489
shop_grocery,52.1492545,23.7563414
shop_grocery,52.3394135,25.9893461
post_office,52.1017146,23.7700491
shop_grocery,53.1282980,26.0317724
post_office,52.1093172,23.7809936
post_office,53.9053985,27.4578997
post_office,53.9110029,27.5715450
post_office,53.1486637,29.2314542
post_office,54.3109798,26.8478769
post_office,53.8958891,30.3316470
post_office,52.2126458,24.3594387
post_office,53.0221086,27.5420889
post_office,53.9050128,27.5394309
post_office,53.9158183,27.4259787
post_office,52.0957247,23.6950267
post_office,54.5075136,30.4261208
post_office,55.1713240,30.2241371
post_office,53.1614601,29.1998175
post_office,51.7840407,28.3340648
post_office,52.0491000,29.2584300
shop_grocery,53.9887290,29.7158180
post_office,53.4089803,32.5797093
shop_grocery,53.9113201,27.5285434
shop_grocery,53.9225108,27.5681813
shop_grocery,53.8846556,27.6181289
shop_grocery,53.8911732,27.4379629
post_office,53.9049730,27.4565080
post_office,53.8389590,27.5868950
post_office,53.9209800,27.5761290
post_office,53.1291402,26.0072913
post_office,54.2216570,28.5268566
post_office,53.6886147,23.8775745
post_office,53.9124635,27.4928623
post_office,52.0892628,23.7207592
post_office,55.1972838,30.2315158
post_office,53.8449354,27.5087851
post_office,52.8968265,30.0420713
post_office,55.4951039,28.7690923
post_office,53.8714100,27.4867470
shop_grocery,53.9157676,27.5845912
bank,53.8772480,27.5341000
post_office,54.4193459,30.6541481
restaurant,54.8101601,28.4262059
shop_grocery,54.3266395,29.1347018
bank,53.9663080,27.0588756
shop_grocery,52.0955279,23.7032861
shop_grocery,55.1743445,30.2006362
shop_grocery,52.1188518,26.1172656
shop_grocery,53.1262466,26.0373773
shop_grocery,52.1021499,23.7617960
shop_grocery,53.1464477,27.1142831
shop_grocery,52.7851915,27.5287990
shop_grocery,53.0940139,30.0409664
shop_grocery,53.8676942,30.3175399
shop_grocery,54.5325762,30.4416512
cafe,55.6867191,26.9950258
shop_grocery,53.6780734,23.8510518
shop_grocery,55.5353798,26.8228677
shop_grocery,54.2007852,27.8328816
shop_grocery,54.2024580,27.8339117
post_office,53.8957835,27.9577958
shop_grocery,53.8963129,27.9577978
cafe,53.9098076,27.5176822
restaurant,53.6499495,23.8548962
cafe,52.0872121,23.6956596
fap,53.9972619,27.6844353
post_office,52.2991694,25.0558126
shop_grocery,52.1825781,25.1545863
shop_grocery,52.1871671,25.1478419
cafe,52.0997274,23.7615540
shop_grocery,55.0776673,26.8707398
cafe,53.6497650,23.8538635
shop_grocery,53.9211219,24.1886826
shop_grocery,52.3934146,23.8330021
shop_grocery,55.2879588,30.2562253
shop_grocery,55.4726971,28.7631746
cafe,53.5706127,27.5638409
school,52.1894004,28.1806340
shop_grocery,52.9131880,30.0370340
shop_grocery,53.1113112,25.9849110
post_office,52.0922590,23.6640520
restaurant,53.8969075,27.5523483
bank,53.9394330,27.6015890
shop_grocery,53.9332937,27.6545098
post_office,54.2966755,26.8535924
post_office,53.9170567,27.4548125
post_office,53.1177600,26.0256300
post_office,53.6900172,23.8644210
post_office,55.5139629,28.6907154
post_office,53.9314073,27.6956427
post_office,54.4840109,26.8966776
post_office,52.8891824,28.6770255
post_office,55.6424108,27.0434448
post_office,53.9088508,27.5776469
post_office,54.8593472,29.1578597
post_office,53.6181959,23.8158998
post_office,53.8805575,27.4541850
post_office,53.1329558,29.2257679
post_office,51.9053107,29.9899882
post_office,53.9080610,27.6318650
pool,53.9552602,27.6678319
sports_centre,53.9551967,27.6681856
sports_centre,53.9550686,27.6679958
sports_centre,53.9551335,27.6682437
sports_centre,53.9551966,27.6678863
shop_grocery,53.0424682,27.5882043
shop_grocery,52.3646886,30.4049095
shop_grocery,55.5446878,28.8556300
post_office,54.9459366,27.1843420
shop_grocery,55.1927289,30.2516562
shop_grocery,53.7801447,27.7348884
cafe,52.0634945,27.7629694
shop_grocery,52.0635098,27.7628611
shop_grocery,52.0205246,29.1862281
restaurant,52.0481961,27.9265329
shop_grocery,52.3589800,30.4202405
shop_grocery,53.8627337,27.4420953
cafe,54.8516936,26.3980061
shop_grocery,54.8515214,26.3982475
shop_grocery,53.9752381,27.7671142
school,52.7922255,27.5315989
shop_grocery,51.6733445,27.8163158
post_office,55.5289433,28.6538538
post_office,52.1128616,26.0812274
post_office,52.4245094,31.0033507
post_office,53.9397030,27.5965940
bank,53.9556694,27.6203980
cafe,53.8916663,27.5274441
cafe,53.1321781,26.0339952
cafe,53.8559440,27.4471680
cafe,55.5329903,28.6530572
cafe,53.9077540,27.5498060
cafe,53.9057635,27.4567249
cafe,53.9013960,27.5745680
cafe,55.4851190,28.7752750
cafe,53.9165700,27.5819490
cafe,52.3572660,31.0286630
cafe,53.9038670,27.4405220
cafe,53.9496471,27.6828517
cafe,53.9192651,27.6996768
cafe,53.8958740,27.5425420
cafe,52.1195065,26.1200693
cafe,53.9052799,27.5645685
cafe,53.8850918,27.5701207
shop_grocery,54.0917416,28.3100992
shop_grocery,52.6509140,28.8833340
sports_centre,53.4076712,27.3872845
restaurant,53.9039150,27.5555903
cafe,52.4695244,25.1740131
cafe,53.9048558,27.5475391
cafe,52.0494028,29.2569643
school,53.7488341,29.8642447
cafe,53.6800973,23.8349806
cafe,53.9164620,27.5561065
cafe,52.4316634,31.0006323
shop_grocery,53.4853305,28.1229877
cafe,53.9046097,27.5398388
fap,54.8912456,26.6771112
cafe,54.8954710,26.6814555
post_office,54.3730992,30.8914370
restaurant,53.9024270,27.5512975
shop_grocery,53.6312639,31.5503955
shop_grocery,53.9106622,27.5165249
shop_grocery,53.8896037,27.4287997
shop_grocery,54.4252254,25.9164072
shop_grocery,54.4344056,25.9556520
shop_grocery,53.8700005,30.3037791
shop_grocery,53.9025459,30.3762878
shop_grocery,53.8734514,27.4531954
bank,53.6806420,23.8304321
post_office,55.2180693,30.2505220
post_office,55.1670358,30.2422474
bank,52.4317171,30.9954711
post_office,52.4169483,30.9611275
post_office,52.4306898,31.0062717
post_office,53.1508611,27.0917675
post_office,54.2907335,30.9812690
post_office,53.9504635,30.3617048
post_office,53.8779090,30.3394590
bank,52.0902225,23.6930881
shop_grocery,53.9369356,27.6392171
shop_grocery,53.8358100,27.5547030
shop_grocery,53.9047095,27.5862649
post_office,53.9229559,27.5560167
post_office,53.9308554,27.5507927
post_office,53.8865083,27.4173152
post_office,53.9309923,27.5485182
post_office,53.8783630,27.5425155
post_office,53.9088841,27.5805116
post_office,53.8849400,27.5885300
post_office,53.9204103,27.5811955
post_office,53.9504986,27.6827693
post_office,53.8864679,27.5837035
cafe,53.9303904,27.4909739
post_office,52.2349522,24.0796693
shop_grocery,52.2352726,24.0785190
fap,53.8894051,25.2924708
fap,53.8894752,25.2918837
cafe,53.9198408,27.5519787
restaurant,52.2110156,24.3568891
shop_grocery,52.2715133,31.0259092
shop_grocery,52.2699904,31.0264266
shop_grocery,55.1325827,27.6665457
shop_grocery,53.6090753,27.9418165
shop_grocery,52.8964140,30.0179824
shop_grocery,54.1459338,27.9278118
cafe,53.9071146,27.5510483
shop_grocery,53.7539302,32.2251239
shop_grocery,53.4096381,27.5918183
shop_grocery,53.3510160,27.7442560
shop_grocery,53.4169820,27.6263155
bank,53.4177949,27.6293599
cafe,53.8963680,27.5538721
cafe,53.9149074,27.3913556
restaurant,53.9156721,27.5691564
restaurant,53.9157159,27.5688874
cafe,52.4275987,31.0150749
cafe,54.9092685,26.7071563
cafe,54.9077352,26.7309164
shop_grocery,52.3662976,30.3950052
shop_grocery,52.4393247,31.0017073
shop_grocery,53.7828422,27.6298789
shop_grocery,53.7830667,27.6300327
shop_grocery,53.7832975,27.6302734
shop_grocery,55.1682565,30.1987133
shop_grocery,53.1637110,29.1978133
shop_grocery,53.9466902,27.6123367
shop_grocery,53.9132927,27.4403736
shop_grocery,53.2222532,26.6816825
cafe,54.4806739,26.4016525
shop_grocery,53.9933642,29.7184902
cafe,52.0935325,23.6985571
cafe,53.5987849,25.8241243
restaurant,55.9914371,28.4544084
shop_grocery,52.1909158,25.1109742
cafe,52.4264177,31.0105232
shop_grocery,53.9402001,28.4130074
cafe,53.8914355,25.3062733
restaurant,54.0036474,28.0307704
restaurant,53.4105263,24.5406947
cafe,53.8763826,27.5674358
shop_grocery,53.9325086,27.7593601
shop_grocery,55.5801879,27.0990307
shop_grocery,55.5795118,27.0984899
cafe,52.4259462,31.0073041
cafe,54.1574038,27.8383510
cafe,53.8654277,27.4857021
cafe,53.8669007,27.4835615
cafe,55.1396349,27.6939619
shop_grocery,55.2098767,27.5593916
shop_grocery,53.9484861,27.3317422
shop_grocery,54.8077342,26.2310345
post_office,54.8083026,26.2318936
cafe,53.9054240,27.5368587
cafe,53.8937633,27.5503213
station,53.9122411,30.3077618
station,53.2824864,28.7133297
station,52.8901755,30.0367368
station,52.9155693,30.0046599
fap,52.1342449,26.0792254
station,52.8654211,30.0257697
station,52.5241141,30.9406304
shop_grocery,53.7089354,23.7963592
shop_grocery,54.6841628,27.1695061
shop_grocery,54.7278784,26.0099119
bank,54.7278427,26.0083267
post_office,54.7278505,26.0083951
shop_grocery,54.7278404,26.0089396
station,52.3993843,31.0331263
station,52.3837279,31.0616772
station,52.8967125,29.9538629
bank,55.7873535,27.4642205
post_office,55.3280029,28.6388397
shop_grocery,53.2739946,27.6007572
shop_grocery,55.1467380,27.9612456
shop_grocery,55.1946083,27.7701613
shop_grocery,55.1941331,27.7661916
shop_grocery,54.1953995,28.6415651
bank,52.4528710,30.9955340
shop_grocery,52.4409945,31.0027466
shop_grocery,52.4364061,30.9978410
shop_grocery,52.4343557,31.0028869
shop_grocery,53.9256912,27.5949816
shop_grocery,53.8669258,27.6030291
shop_grocery,53.8454409,27.5007179
cafe,53.9332992,27.5079203
shop_grocery,53.8581000,27.4327000
shop_grocery,53.8883170,27.5208140
bank,53.9038062,27.5857406
cafe,53.9267900,27.5093420
post_office,55.7811191,27.9351570
post_office,53.9057890,30.3783610
post_office,53.9426637,27.7098906
post_office,53.9379983,27.4883642
post_office,52.1474342,25.5393746
post_office,53.8523300,27.4784320
post_office,52.4056050,30.9239110
post_office,53.9071950,27.4745370
post_office,53.1442719,26.0067201
post_office,53.6504107,23.8324732
post_office,52.7530813,26.4247061
bank,54.3097850,26.8417490
shop_grocery,53.7072000,28.4168590
bank,53.9059910,30.3384796
bank,55.1703506,30.2209268
shop_grocery,52.1375483,25.5519150
restaurant,55.1704816,30.2189859
shop_grocery,54.2018989,28.6152874
shop_grocery,54.2000779,28.6186963
restaurant,53.9317157,27.5929333
fap,53.9740809,27.1288563
cafe,53.8274091,27.3339203
cafe,52.1132072,26.1073687
shop_grocery,54.2005723,27.8340295
cafe,53.9219318,27.5886722
cafe,53.9244065,27.5913652
cafe,53.9052527,27.5583916
shop_grocery,54.1996635,28.6193462
post_office,55.0753363,27.2340397
shop_grocery,54.0045449,27.6586159
shop_grocery,54.5490063,30.4313825
fap,52.1773688,31.5492172
post_office,53.0263544,27.5527998
shop_grocery,52.4505457,30.9989976
shop_grocery,52.6316256,29.7550702
shop_grocery,53.4667493,27.2058064
cafe,52.0263098,29.2213412
shop_grocery,53.9161406,27.5861715
cafe,52.4279604,31.0135039
bank,52.6603867,29.6470928
post_office,52.6603412,29.6470937
shop_grocery,52.6615643,29.6471870
shop_grocery,52.4982044,30.9830227
cafe,54.8364130,26.8753751
restaurant,53.8703554,30.3124971
cafe,53.0244184,27.5551650
shop_grocery,53.7214479,23.8176959
bank,54.9588380,28.7972841
cafe,54.2351763,28.4992017
restaurant,55.1804535,30.2302623
post_office,55.1768933,30.2412362
school,52.3503705,30.9766012
shop_grocery,53.4577929,26.7271747
cafe,53.0662068,26.6350046
cafe,53.0405294,26.2626808
restaurant,52.1299286,26.1114126
shop_grocery,53.8396654,27.5428554
cafe,55.3030167,29.6179993
restaurant,53.9008173,27.5547777
shop_grocery,52.2246581,28.3209246
fap,52.2267422,28.3174311
shop_grocery,52.2271973,28.3157560
shop_grocery,52.2270979,28.3161228
shop_grocery,52.2294251,28.3151740
school,52.2265935,28.3159035
bank,52.2269829,28.3164286
post_office,52.2269279,28.3165526
shop_grocery,54.2804543,29.3081151
shop_grocery,55.1889621,30.1929415
shop_grocery,54.1505001,28.2619358
shop_grocery,53.9045783,27.6425725
shop_grocery,53.8326466,29.6051583
bank,52.2487565,26.8035283
shop_grocery,53.7065065,23.8005825
shop_grocery,53.1779212,29.1991188
restaurant,53.6788608,23.8301525
cafe,54.0083354,27.2631172
shop_grocery,53.9079330,27.5270515
shop_grocery,54.0447378,28.0726539
shop_grocery,53.5222947,30.2268825
cafe,53.8746197,27.6428287
shop_grocery,53.9043516,30.2867290
shop_grocery,53.9361509,30.2567500
shop_grocery,55.1149396,26.8399004
shop_grocery,53.7212859,27.9761878
shop_grocery,54.0887335,28.3105029
post_office,55.1146374,26.8396536
post_office,53.6839905,30.3767891
cafe,53.9606000,27.6752292
cafe,54.1563580,27.2415312
shop_grocery,52.7310753,29.5313493
cafe,53.9251189,27.5966553
cafe,52.1323879,26.0100283
shop_grocery,52.1323864,26.0097551
shop_grocery,52.1233841,26.1061059
cafe,53.9074148,27.5745918
restaurant,55.4571186,28.7591223
shop_grocery,53.5294664,30.2149041
shop_grocery,53.5256718,30.2200840
shop_grocery,53.9307601,27.4619093
bank,52.0353381,29.2088723
restaurant,53.9115315,27.5615461
cafe,53.8971671,27.5535295
school,54.6526731,29.1371751
school,54.6580593,29.1488032
cafe,53.9361116,27.4493662
cafe,53.8204435,27.0206444
shop_grocery,53.8542622,30.3620991
cafe,53.8887928,27.5410580
cafe,54.2619570,31.0019616
shop_grocery,54.1717215,30.4563179
post_office,53.9045104,30.2870600
sports_centre,54.1363421,26.9838770
shop_grocery,54.0909564,27.1904161
cafe,52.0922463,23.6930699
shop_grocery,52.0649906,26.1958672
cafe,53.9175748,27.5884587
restaurant,54.1989094,27.8466322
shop_grocery,53.7523917,28.0102900
fap,53.1593148,29.6869287
bank,53.1592180,29.6885099
shop_grocery,53.7489144,28.0400326
cafe,53.6753028,27.9654459
shop_grocery,52.3779591,30.9307448
cafe,52.0708082,27.7312303
shop_grocery,53.8698566,27.4866492
fap,53.9316333,27.4310226
pool,53.9295838,27.5063459
bank,53.0297148,27.5538611
bank,52.7900000,27.5125850
bank,53.5059861,28.1512454
bank,55.1625668,30.2077971
bank,54.8123500,29.7019720
bank,54.1175430,31.0923710
bank,53.9041497,30.3393596
bank,52.1208579,26.0870082
bank,53.9043820,30.2866290
bank,53.9554101,27.7782038
bank,53.9381910,27.4731563
bank,53.9623377,27.6615495
bank,53.9649542,27.6221663
bank,53.8798872,26.7497617
bank,53.6778905,23.8387146
bank,52.1144090,28.1593100
post_office,52.7239900,30.5712000
bank,52.4127738,30.9712569
bank,53.9445850,27.6886287
bank,53.9368033,27.6735592
bank,53.9085412,27.4694735
bank,53.9108270,27.4151760
bank,53.9053670,27.5611810
bank,53.9251266,27.5085193
bank,53.8615952,27.4766350
bank,53.9166348,27.5812733
bank,53.8721311,27.5730576
bank,53.8550430,27.4211900
bank,53.8834489,27.4482170
cafe,53.8839209,27.4812928
cafe,52.3487436,24.3214614
shop_grocery,53.1340501,25.9950122
pool,54.2013022,27.8356047
shop_grocery,52.8663939,24.8910141
sports_centre,53.6743136,23.8059820
shop_grocery,52.3572886,31.0258125
cafe,53.9029354,27.5868238
shop_grocery,53.5155086,30.2328429
fap,53.9048942,30.3389870
cafe,53.9306566,27.5148662
bank,52.3318878,29.1384811
shop_grocery,54.2073780,27.8385639
post_office,54.1997474,27.8355206
sports_centre,54.2013121,27.8358115
post_office,53.5200269,30.2371639
restaurant,53.5170238,30.2397762
fap,53.5311140,30.2285475
fap,53.5309950,30.2281850
fap,53.5302145,30.2290172
restaurant,53.8704397,27.5507590
shop_grocery,53.8706257,27.5513189
post_office,53.5356271,30.2207738
post_office,53.5248679,30.2164291
bank,53.5249526,30.2164958
shop_grocery,53.5249484,30.2168900
shop_grocery,53.5252091,30.2158635
shop_grocery,53.5295262,30.2370714
shop_grocery,53.5262621,30.2200984
shop_grocery,53.5181940,30.2473242
shop_grocery,53.5171619,30.2397983
bank,53.5348820,30.2225024
bank,53.5194520,30.2570359
bank,53.5178165,30.2498842
shop_grocery,53.5178316,30.2492793
restaurant,53.9975777,25.3858497
shop_grocery,52.7874431,27.5384901
bank,52.7612307,26.4261780
cafe,53.9369660,27.5955228
school,51.7782264,30.2748021
post_office,52.1403701,26.0919377
post_office,54.2272465,27.7619586
shop_grocery,54.2274704,27.7634832
cafe,53.8495710,27.4341595
shop_grocery,52.7677411,26.4311260
restaurant,52.0463129,29.2742574
cafe,53.9571462,27.6057729
shop_grocery,52.1268098,29.3371031
cafe,53.9131966,27.5674188
shop_grocery,53.2297058,29.5034010
cafe,53.8589069,27.4839445
shop_grocery,53.2709757,29.4801149
post_office,53.1616060,29.2287086
cafe,53.8789899,27.4974904
cafe,52.7887319,27.5460835
fap,52.7976516,27.5421313
cafe,53.8500008,27.4339039
shop_grocery,52.0943618,23.7332023
shop_grocery,52.0635872,23.7603424
cafe,53.8955820,27.5535799
shop_grocery,53.6182291,23.8058160
restaurant,53.9032888,27.5517690
post_office,53.9892036,27.6676957
fap,53.8728790,27.4839954
fap,53.1247808,26.0138915
shop_grocery,55.4872452,28.8046422
shop_grocery,54.0274568,28.0901436
restaurant,54.3071054,26.8218624
shop_grocery,53.9573967,27.6168907
cafe,53.9569357,27.6056170
fap,52.0730340,23.7080599
shop_grocery,53.7094042,23.8169078
post_office,53.9569952,30.7093898
shop_grocery,53.1383818,28.1656716
restaurant,52.3936782,31.0290011
bank,54.1139352,30.8095242
post_office,54.1139855,30.8097151
shop_grocery,54.1139528,30.8096722
shop_grocery,53.2651562,27.0658359
fap,52.1064903,23.8124775
cafe,53.8989729,30.3337080
shop_grocery,52.1064763,23.7534597
cafe,53.8497883,27.4336206
cafe,53.8497381,27.4332711
sports_centre,53.8501212,27.4335235
cafe,53.9270313,27.5094805
shop_grocery,52.1320026,29.3392574
cafe,53.8837522,27.5385477
bank,52.1931261,25.9153546
bank,53.9348591,27.4779104
cafe,53.8605692,27.5746694
sports_centre,53.8886312,27.5720241
cafe,53.9057583,27.5517961
post_office,54.0510240,30.8328322
shop_grocery,54.1905114,27.8319213
sports_centre,53.9345648,27.4805903
shop_grocery,53.9343302,27.4777974
cafe,53.9346704,27.4779153
post_office,53.9380612,27.4855346
shop_grocery,53.8417189,27.5838608
shop_grocery,52.1827299,25.0522721
shop_grocery,53.1328000,29.2300700
shop_grocery,54.2980289,26.8469489
shop_grocery,53.8719255,25.3197849
bank,55.1837138,30.2062060
shop_grocery,53.1547037,24.4574614
shop_grocery,53.9080577,25.2969056
shop_grocery,52.4463029,30.9702551
shop_grocery,55.4966430,28.7601149
shop_grocery,55.4910909,28.7783539
shop_grocery,52.1326309,26.1480495
cafe,53.4238857,27.4946275
shop_grocery,53.8706602,27.5434689
cafe,53.8711932,27.5433241
cafe,53.8707138,27.5432900
shop_grocery,54.2836072,30.9934743
shop_grocery,52.3100138,28.2204255
shop_grocery,53.1416786,28.0589222
cafe,54.0026485,31.7744530
restaurant,53.8500139,27.4340798
post_office,53.0279853,25.8176452
cafe,55.1921378,30.1814990
post_office,55.1935939,30.1858456
post_office,55.1937372,30.1860606
post_office,52.3606361,30.4116320
cafe,54.2086636,28.4798702
shop_grocery,53.6650522,23.7840850
shop_grocery,53.1552883,25.9924509
shop_grocery,52.4239313,30.9422098
cafe,52.1827286,24.3681709
shop_grocery,53.8565735,31.5440440
cafe,52.0965978,23.6929893
cafe,52.0823285,23.6948380
fap,53.8424203,27.5039050
shop_grocery,52.4525152,29.4337072
post_office,55.3518307,30.6556992
shop_grocery,54.3155610,26.8774939
cafe,53.9006636,27.5270840
cafe,53.9101401,27.5779064
cafe,53.9465621,27.6893849
cafe,53.9390106,27.6862831
shop_grocery,52.3975351,23.7864748
cafe,54.8616228,26.7124483
cafe,53.6884419,23.7884737
shop_grocery,54.1031741,28.3176614
shop_grocery,53.8452564,27.5243278
shop_grocery,53.3694703,28.3466979
cafe,53.8741282,27.6349355
school,53.9882800,29.7107752
shop_grocery,53.4688443,27.1981918
restaurant,53.9105007,27.5796044
shop_grocery,54.2906437,30.9814963
cafe,53.8662461,27.5248692
cafe,53.8437121,27.5048384
shop_grocery,53.8932079,27.5565147
shop_grocery,52.8614856,27.5966279
shop_grocery,55.1827007,30.2086580
bank,53.8775902,27.5459360
post_office,52.2271909,25.2173784
shop_grocery,55.1781815,30.2015916
shop_grocery,55.1771459,30.2324194
cafe,55.1783304,30.2304731
fap,54.5147220,30.4310032
shop_grocery,53.9443225,30.3635875
fap,52.0640256,23.7146894
fap,52.0637057,23.7138607
fap,52.1045573,23.6802456
cafe,53.6806528,23.8305315
cafe,53.9315354,27.6511685
shop_grocery,53.9324849,27.6512627
shop_grocery,53.9607424,27.6611500
restaurant,53.9059214,27.5835982
cafe,54.6567146,29.1404835
shop_grocery,54.6519789,29.1418310
shop_grocery,53.9330935,27.4562718
restaurant,52.4597420,31.0298981
shop_grocery,52.4595574,31.0297190
cafe,52.0912461,23.6945579
sports_centre,52.3094135,30.5638603
post_office,52.1197600,25.1166384
post_office,52.2050442,24.7881003
post_office,52.0840489,25.2455674
post_office,52.2376000,24.9075256
post_office,52.1442428,25.0454311
post_office,52.3335804,25.2320628
post_office,52.2844363,25.3655724
bank,52.3157262,25.3090781
cafe,52.0256287,29.2079484
cafe,53.9086430,27.6211541
shop_grocery,52.9516025,29.7814295
shop_grocery,52.9513232,29.7844531
post_office,53.7107384,23.8179264
shop_grocery,52.8027327,28.0004685
shop_grocery,53.9206435,27.6340563
post_office,52.6303215,26.3079214
fap,52.7232779,26.6771650
shop_grocery,54.0536948,30.9738332
restaurant,53.6498450,23.8552349
shop_grocery,53.9439199,28.3483105
shop_grocery,53.8853672,27.4517708
cafe,52.4074520,30.9256499
shop_grocery,53.1700998,29.2026848
shop_grocery,52.4119007,30.9751628
shop_grocery,53.0980017,25.3181667
shop_grocery,53.5883273,25.8115786
shop_grocery,53.1094419,25.9658432
shop_grocery,53.1192077,25.9916810
shop_grocery,54.3017293,30.9908223
shop_grocery,54.0865290,28.3017061
bank,53.6611610,27.1461439
bank,53.2837093,24.4089711
shop_grocery,53.9082108,27.5303135
shop_grocery,54.5998513,25.9787790
shop_grocery,53.7616891,28.6199230
shop_grocery,54.2260241,30.9395733
restaurant,55.5229364,28.6633504
shop_grocery,53.9196275,27.4785817
shop_grocery,54.9355535,26.6886505
cafe,53.9075356,27.6027644
shop_grocery,53.8340073,27.6239768
shop_grocery,52.0637158,27.7733623
shop_grocery,53.7960277,27.7602969
shop_grocery,54.1405754,25.3139973
shop_grocery,52.0214882,29.2078972
shop_grocery,53.4269075,27.4956050
shop_grocery,55.4465670,26.7029693
shop_grocery,52.1826258,24.3670197
cafe,55.1809337,30.2148928
cafe,53.7808079,27.5608635
bank,55.1711497,30.2220267
bank,55.1715145,30.2229331
shop_grocery,55.1716504,30.2230054
bank,55.1899282,30.2051440
fap,55.1851905,30.2208943
shop_grocery,55.1882019,30.2134666
bank,55.1945303,30.1920474
shop_grocery,55.1937311,30.1923031
shop_grocery,52.4646546,31.0338485
sports_centre,52.1404535,26.0928351
sports_centre,52.1236842,26.1131059
shop_grocery,53.5858613,24.7158592
shop_grocery,53.6394724,23.8405849
restaurant,52.4028492,23.4635986
fap,53.9023912,30.3436464
shop_grocery,55.1703636,30.2327084
bank,55.1988197,30.2074267
shop_grocery,55.1966489,30.1909888
shop_grocery,55.1848955,30.2038016
restaurant,55.1847537,30.2046549
restaurant,55.1847040,30.2049766
bank,52.9365352,24.3630258
cafe,52.9371595,24.3633206
bank,52.4025236,23.4613158
cafe,53.8583216,27.4763829
cafe,53.9085807,27.4302783
cafe,53.9263790,27.5096420
cafe,53.9291900,27.6522200
cafe,53.9083469,27.5490358
bank,53.8915114,25.2563319
bank,55.1958798,30.2284473
bank,53.9055040,30.3428100
bank,53.0770361,30.0521564
bank,52.3572724,31.0287622
bank,52.4369480,31.0070310
bank,53.9269300,27.5893100
bank,53.9720257,27.5888345
bank,53.9516371,27.7109589
bank,53.9099395,30.3403169
bank,53.9329942,27.6492023
bank,53.9184974,27.6373717
bank,53.9018272,27.5494006
bank,54.2116526,28.4865484
shop_grocery,53.8905480,26.7396030
shop_grocery,53.5039310,28.1642570
shop_grocery,52.4046600,30.9415360
shop_grocery,52.4298341,31.0151396
shop_grocery,53.5859359,27.0530605
shop_grocery,54.0904501,26.5284184
shop_grocery,54.0765980,28.0035060
shop_grocery,53.2209666,26.6668207
shop_grocery,53.6053818,24.7434533
shop_grocery,52.4656970,30.8059260
shop_grocery,52.4176014,30.9664446
shop_grocery,55.4777100,28.7658600
shop_grocery,54.4371400,30.4482400
shop_grocery,55.1394941,27.6787689
shop_grocery,55.7676170,27.9369400
shop_grocery,55.4878900,28.7775800
shop_grocery,52.1978010,24.3412417
shop_grocery,51.8302345,27.7996215
shop_grocery,53.9386623,27.5862991
cafe,55.1761996,30.2472947
post_office,53.7016941,23.8082880
shop_grocery,53.6690393,23.8671443
shop_grocery,52.1325900,26.0759278
cafe,52.0950508,23.6932898
post_office,53.6495015,23.8551406
cafe,53.7014065,23.8338843
shop_grocery,53.0703239,28.6718764
cafe,53.9455550,27.6487763
bank,53.9085009,27.4332342
cafe,53.9088522,27.4306990
cafe,53.9086788,27.4300943
cafe,53.9090867,27.4302368
cafe,53.8704278,27.5514267
cafe,53.9086812,27.4309164
cafe,53.9086929,27.4306849
shop_grocery,52.2174577,27.8639996
shop_grocery,52.5340819,30.9180513
shop_grocery,53.0381200,27.5610490
shop_grocery,52.6344173,29.7430453
shop_grocery,52.3578086,30.4190101
shop_grocery,52.6285050,29.7441850
shop_grocery,55.1299617,27.6693651
shop_grocery,53.1339422,26.0188866
shop_grocery,52.1007663,23.7286907
shop_grocery,53.9942070,29.7125140
shop_grocery,54.4818010,26.8921490
shop_grocery,54.8656857,26.9341548
shop_grocery,55.4706049,29.9598294
shop_grocery,55.1115014,26.8662099
shop_grocery,52.2828501,24.4559142
shop_grocery,51.8116130,29.1745216
shop_grocery,53.8302190,23.6557558
shop_grocery,53.0951338,29.2417672
shop_grocery,53.8567400,30.3065300
shop_grocery,52.4107206,30.9586366
shop_grocery,52.1067713,23.7851754
shop_grocery,53.9512200,27.8074300
shop_grocery,54.3218550,29.1238060
shop_grocery,54.1837185,28.4723568
shop_grocery,55.1066980,26.8456180
shop_grocery,51.4445742,30.5623448
shop_grocery,52.2296728,27.4552045
shop_grocery,53.6452453,27.9180892
shop_grocery,52.6345589,30.8200809
shop_grocery,54.2107334,28.5447443
shop_grocery,52.4748470,30.9780760
shop_grocery,53.1734440,29.1976637
shop_grocery,53.7015640,23.8447717
shop_grocery,53.8792468,30.3234592
shop_grocery,53.1075106,30.0375491
shop_grocery,53.9355446,30.3621581
shop_grocery,53.6991837,23.8335219
shop_grocery,53.6113536,24.7431985
shop_grocery,55.2922790,29.6284230
shop_grocery,53.1092840,25.9868180
shop_grocery,55.3621354,27.4668744
shop_grocery,53.5675770,31.3816014
shop_grocery,53.8966260,30.2666100
shop_grocery,54.2775537,30.9978148
shop_grocery,53.1232897,29.2369366
shop_grocery,53.3069162,28.6356470
shop_grocery,53.9517758,30.3580934
shop_grocery,53.1707815,29.1900650
shop_grocery,54.2075726,30.3021396
shop_grocery,53.7197550,27.4816290
shop_grocery,53.8737963,27.6205274
shop_grocery,53.6692300,27.9539900
shop_grocery,53.8315170,28.9942240
shop_grocery,53.8956935,27.5204578
shop_grocery,53.0308037,27.5848487
shop_grocery,53.9258978,27.6026226
shop_grocery,54.3284747,26.8729100
shop_grocery,53.9368615,27.6047292
shop_grocery,54.2698419,27.1084160
shop_grocery,53.9077480,27.5560340
shop_grocery,53.8436419,27.6482803
shop_grocery,53.8883412,27.5882741
shop_grocery,54.2208267,28.5257549
shop_grocery,54.2036400,28.4738800
shop_grocery,54.2292415,28.4920040
shop_grocery,54.4809923,26.8908995
shop_grocery,54.3034152,26.8517807
shop_grocery,53.5081601,28.1487268
shop_grocery,54.2058141,28.5108331
shop_grocery,53.9168703,27.5655529
shop_grocery,54.2116886,28.4837723
shop_grocery,53.2326822,26.6504556
shop_grocery,54.2233569,28.5155779
shop_grocery,53.9112550,27.4311297
shop_grocery,53.0306747,27.5904411
shop_grocery,54.0080292,27.2639573
shop_grocery,53.9117533,27.4899092
shop_grocery,52.7521410,27.4500270
shop_grocery,53.2839274,24.3954071
shop_grocery,54.4737285,26.4207592
shop_grocery,53.6171350,23.8076630
shop_grocery,53.6465346,23.8472521
shop_grocery,53.4211079,24.5540166
shop_grocery,53.1602636,24.4560036
shop_grocery,53.6112873,24.7367075
shop_grocery,53.0940869,25.3401268
shop_grocery,53.7205224,25.4994601
shop_grocery,53.1641409,24.4664140
shop_grocery,54.4780392,26.4129487
shop_grocery,53.0792693,25.3103086
shop_grocery,54.4781655,26.3912335
shop_grocery,53.6173368,23.8125390
shop_grocery,52.6382376,29.7399661
shop_grocery,52.3962589,31.0267644
shop_grocery,52.6487187,29.6599585
shop_grocery,51.9090473,29.9914085
shop_grocery,52.4438114,30.9947330
shop_grocery,52.9093453,30.0428519
shop_grocery,51.7982022,29.5075044
shop_grocery,52.3832650,31.0231083
shop_grocery,53.0744402,30.0504827
shop_grocery,52.4459482,30.9636435
shop_grocery,52.3130752,28.8183643
shop_grocery,52.1241701,29.3154636
shop_grocery,52.4743048,31.0276706
shop_grocery,51.7922664,28.3148418
shop_grocery,52.4264497,31.0137767
shop_grocery,52.4114217,30.9513590
shop_grocery,52.4547214,30.9939766
shop_grocery,53.1341450,30.8007047
shop_grocery,52.3550494,31.0523226
shop_grocery,52.4027430,30.9088460
shop_grocery,52.5196350,29.5995550
shop_grocery,52.8946200,30.0526450
shop_grocery,52.4510142,30.9598857
shop_grocery,51.7840910,28.3339230
shop_grocery,54.4879417,30.4144585
shop_grocery,55.5409557,28.6315432
shop_grocery,54.8427630,29.1984900
shop_grocery,54.4199690,30.2881530
shop_grocery,54.8932942,27.7591789
shop_grocery,55.5278380,28.6564260
shop_grocery,55.0293304,27.7806741
shop_grocery,54.4931868,30.4254440
shop_grocery,55.6373908,27.0355483
shop_grocery,54.4952201,30.4174492
shop_grocery,55.4721160,28.7605760
shop_grocery,54.8158453,29.7031742
shop_grocery,55.5175619,28.6876953
shop_grocery,54.8859341,28.6883900
shop_grocery,52.0892089,23.7025821
shop_grocery,52.1118312,26.0948089
shop_grocery,53.1313111,26.0433671
shop_grocery,53.1538830,26.0143898
shop_grocery,52.0806827,23.7489491
shop_grocery,52.2067306,24.3339255
shop_grocery,52.1271827,23.6544187
shop_grocery,53.0403910,26.2613100
shop_grocery,52.2306300,24.3833250
shop_grocery,52.7105820,25.3186210
bank,53.9089339,27.4333035
shop_grocery,52.4596646,31.0283664
shop_grocery,53.9429116,27.5987747
shop_grocery,53.9400650,27.4646536
shop_grocery,53.9330165,27.6121080
shop_grocery,53.6183025,23.8160849
shop_grocery,53.9015242,27.5594458
post_office,53.8739395,27.4536667
fap,53.9235997,27.6696034
shop_grocery,52.5365749,24.9899134
shop_grocery,52.5259887,24.9552351
cafe,53.8944224,27.5475970
post_office,54.2305512,27.0035866
cafe,53.6948152,23.8018550
school,53.8906850,27.5372285
fap,51.7958221,28.3301054
cafe,55.1925710,30.2033300
cafe,53.9150204,27.5605345
cafe,53.9059584,27.5295681
cafe,53.9380650,27.4885920
cafe,53.9192888,27.5567821
cafe,53.9348498,27.4279448
cafe,53.9313000,27.6451210
cafe,53.8744668,27.5032023
cafe,53.9290576,27.6253969
cafe,53.9458889,27.3332092
bank,53.8668741,30.3446918
shop_grocery,53.5855235,25.8070672
shop_grocery,54.2237520,28.4968212
shop_grocery,52.0258542,29.2378432
shop_grocery,53.9337000,30.2749000
shop_grocery,52.1364560,26.0869188
shop_grocery,52.8829626,30.0092223
shop_grocery,54.0034173,27.6613354
shop_grocery,52.4054740,30.9829742
shop_grocery,52.8916683,30.0353841
shop_grocery,52.4236115,31.3111398
shop_grocery,52.2611027,26.8020038
shop_grocery,53.1323241,29.2407600
shop_grocery,53.1463665,29.2281845
shop_grocery,52.1165143,26.0638701
shop_grocery,53.1654000,29.1762000
shop_grocery,53.8899023,27.4157006
shop_grocery,54.2164771,28.4784561
shop_grocery,54.0940602,28.3137310
shop_grocery,52.4700064,30.9831782
shop_grocery,53.1277320,26.0984811
shop_grocery,52.7918778,27.5045729
shop_grocery,52.1305359,26.0799927
shop_grocery,53.9018965,30.3370591
shop_grocery,53.1509447,26.0245031
post_office,53.8709766,27.4736631
post_office,53.9185874,30.2854577
post_office,53.9322065,25.7728609
post_office,53.6713206,23.8102967
post_office,52.2161003,27.8537938
post_office,52.4463699,30.9703276
post_office,52.4040078,23.8128501
post_office,52.1953367,25.1643321
post_office,53.7473420,27.3282203
post_office,52.7759034,27.5397339
post_office,53.8283381,28.9886418
post_office,53.9117912,27.6784229
post_office,52.0302445,29.2398199
cafe,53.9337650,27.6525396
shop_grocery,54.0903195,28.3003548
shop_grocery,54.3142006,26.8395348
shop_grocery,54.3089579,26.8456802
shop_grocery,53.0289960,27.5467898
shop_grocery,54.2065451,28.5132793
shop_grocery,54.6151400,25.9752309
shop_grocery,55.1715767,30.2085480
shop_grocery,53.3464650,32.0505470
shop_grocery,53.6952760,27.1033850
shop_grocery,52.7794420,27.5376070
shop_grocery,54.1566749,27.2278601
shop_grocery,54.4859443,26.9064644
shop_grocery,53.8931000,25.3012213
bank,53.1490997,29.2264518
shop_grocery,51.7649822,26.8073461
post_office,53.5266356,26.3123740
shop_grocery,54.0096594,27.3074987
shop_grocery,52.6460635,28.8836632
post_office,52.6467190,28.8850107
shop_grocery,52.9934095,25.6679471
cafe,53.8496606,27.4783022
pool,53.6211195,23.8148209
cafe,53.9018759,27.5190117
restaurant,53.6894245,23.8002932
shop_grocery,53.7924246,31.0060304
cafe,53.9094987,27.5757265
cafe,54.2998538,30.9847439
shop_grocery,53.6592620,23.7808434
shop_grocery,53.6751008,23.7744634
shop_grocery,53.6421191,23.8684591
cafe,53.6781532,23.8367235
fap,51.5605750,23.6034363
fap,52.1665491,24.1141934
fap,52.2520934,23.9082717
station,53.7391315,31.7108602
cafe,52.2646758,26.7719848
cafe,53.6805358,23.8275719
shop_grocery,53.9394274,25.0424812
post_office,52.3429749,31.5130344
bank,52.3435105,31.5146626
shop_grocery,53.1239974,26.0906585
cafe,53.1237579,26.0912958
cafe,53.0266346,27.5512689
station,55.1414994,27.2026526
station,55.0413256,26.3108094
shop_grocery,53.1156947,23.9829645
cafe,53.1156315,23.9830054
post_office,53.5173855,28.0993309
shop_grocery,53.5171062,28.0995245
shop_grocery,52.7819489,27.5071445
cafe,55.1839828,30.2297275
cafe,52.7883306,27.5318900
shop_grocery,53.2707056,29.4780082
shop_grocery,53.2156623,26.6755155
shop_grocery,54.1042740,28.3462313
shop_grocery,53.1192205,29.2273557
shop_grocery,52.0498902,23.7048536
cafe,53.9041595,27.5592794
fap,52.1107784,23.7731564
cafe,53.8482151,27.4760133
cafe,53.9004772,27.5589171
shop_grocery,53.1351899,26.0111767
fap,53.1353775,26.0128543
shop_grocery,53.1356422,26.0129552
shop_grocery,53.1361470,26.0132532
shop_grocery,53.1355992,26.0136798
shop_grocery,53.1258442,25.9100936
shop_grocery,52.0303372,29.2121239
shop_grocery,53.6500498,26.1731889
school,53.7090071,25.9692750
cafe,53.8700120,27.5500082
bank,52.0984238,23.7554925
fap,51.9113802,29.9782688
fap,51.9111162,29.9770177
shop_grocery,53.8408840,27.6318070
shop_grocery,51.9051423,29.9949353
shop_grocery,51.9080335,29.9882501
shop_grocery,54.9196956,27.5390271
cafe,53.0855589,26.0905918
shop_grocery,53.1205158,29.2372720
cafe,53.9060542,27.5210255
shop_grocery,51.9874257,24.7598576
shop_grocery,53.0796528,27.0117331
shop_grocery,53.3518914,26.4458460
shop_grocery,54.4316502,30.5324316
shop_grocery,54.6217110,30.4041910
shop_grocery,54.5299977,30.3048313
shop_grocery,54.4531190,30.2321541
bank,53.9096172,30.3402472
post_office,53.7020262,28.8232763
fap,53.9505183,30.3587467
fap,53.8607656,27.5761047
cafe,53.8610914,27.5754797
shop_grocery,53.8632616,27.5726983
station,53.3641148,28.4291949
cafe,53.6808167,23.8306763
cafe,53.6761630,23.8431962
shop_grocery,51.9081992,29.9890860
fap,52.4156133,31.0106261
cafe,53.8904770,27.5556538
cafe,53.8633360,27.5724274
shop_grocery,51.8885105,29.9677687
shop_grocery,53.6635928,28.0688581
shop_grocery,53.1884721,30.6828361
shop_grocery,52.0427682,29.2713006
shop_grocery,53.1642125,30.7465117
shop_grocery,55.2073700,30.2254690
shop_grocery,52.4669973,25.1795764
shop_grocery,54.7659292,28.6479265
shop_grocery,52.1222211,25.9844081
shop_grocery,52.1340334,26.0090811
pool,53.8644772,27.6579080
cafe,53.8644740,27.6548637
cafe,55.1550257,30.2275241
sports_centre,52.1250280,26.0974994
cafe,54.0590233,27.2946411
cafe,54.0557755,27.2925989
cafe,54.0577597,27.2960222
cafe,54.0572670,27.2962433
shop_grocery,53.8580906,27.6029496
post_office,52.0005745,25.6839498
bank,53.9378756,27.4430810
shop_grocery,52.1431448,26.0341886
restaurant,52.1431349,26.0339069
shop_grocery,52.2361092,25.6681078
shop_grocery,54.2150270,28.5248208
cafe,54.2062141,30.3032594
cafe,52.1330925,26.1133714
shop_grocery,52.1123671,26.0658292
cafe,53.9118440,27.5657006
cafe,55.1919615,30.2058490
water_park,53.9038108,30.3391137
restaurant,53.9038195,30.3389530
shop_grocery,52.4278599,30.9519169
shop_grocery,52.1449241,25.5314568
shop_grocery,52.8529998,27.1839162
shop_grocery,53.8733184,27.6128680
shop_grocery,53.8199772,27.8680444
shop_grocery,52.8326490,25.4978780
fap,53.8866718,27.5167573
fap,53.9475038,27.6925421
fap,53.9237367,27.6100105
fap,53.8537496,27.4598792
fap,53.9062454,27.5409758
fap,53.9174722,27.4589056
fap,53.9054285,27.4579400
fap,53.9054964,27.4369383
fap,53.9422896,27.4596378
fap,53.1433147,29.2176676
fap,54.2979744,26.8560952
fap,52.0963499,23.7496584
fap,52.7694534,26.4302846
fap,52.4055198,30.9829286
fap,52.8978088,30.0374928
fap,52.4530418,31.0234649
fap,53.5853308,25.8000907
fap,53.0303714,27.5574258
fap,52.6238725,29.7440001
fap,54.4846900,26.3834953
bank,52.3664762,30.4019437
restaurant,53.8994174,27.5572876
shop_grocery,52.3575173,31.0125630
cafe,52.3576422,31.0111669
shop_grocery,53.4543854,26.4672736
cafe,54.4804240,26.3679056
shop_grocery,53.8479850,27.7028678
shop_grocery,53.1386017,29.1711588
shop_grocery,53.4785397,26.7460844
cafe,55.2092477,30.1733157
cafe,55.1405074,27.6951091
shop_grocery,52.1123679,26.0758996
shop_grocery,53.2294827,26.6775061
restaurant,53.9691938,27.6479842
shop_grocery,53.6899290,26.8639561
shop_grocery,53.6900839,26.8642826
shop_grocery,52.2122269,23.7422627
post_office,52.2204769,23.7386521
station,52.6126278,28.8465095
shop_grocery,52.4398431,31.0205965
restaurant,55.1709647,30.2247083
cafe,53.9043251,27.5592436
shop_grocery,53.6642584,23.8320635
shop_grocery,53.7091222,23.8410160
cafe,52.0909815,23.6944736
sports_centre,53.9269776,27.5093647
shop_grocery,53.5351830,30.2221241
shop_grocery,52.5674877,31.1338373
shop_grocery,52.5264363,31.1379220
shop_grocery,52.1219952,23.6564658
cafe,53.8878378,25.2975672
cafe,53.6500741,23.8546854
cafe,53.6500741,23.8545473
shop_grocery,53.1680368,29.2052830
shop_grocery,53.9312639,27.4312274
shop_grocery,53.8938634,25.2553689
shop_grocery,52.4500301,31.0223839
cafe,53.8905366,25.2951963
shop_grocery,52.1549570,24.6623698
shop_grocery,52.1183659,24.6596641
shop_grocery,52.1441442,24.7145809
shop_grocery,53.8608336,27.6376346
shop_grocery,52.1217840,24.7396222
post_office,53.8978704,25.2982117
sports_centre,53.9194812,27.6197914
shop_grocery,52.0865433,23.6842194
bank,52.0775015,23.7372788
bank,53.9335976,27.6519844
bank,52.7922038,27.9980645
bank,53.6089863,31.9568682
cafe,52.1297378,29.3386691
shop_grocery,55.5377015,28.6332525
shop_grocery,52.1293963,26.0209188
shop_grocery,52.4346657,30.9912602
cafe,52.1370111,29.3111914
station,54.3160026,26.8389849
station,54.2202478,26.4488808
restaurant,52.9903689,27.2136553
shop_grocery,52.9903660,27.2134366
bank,53.1175650,26.0242305
shop_grocery,52.5233000,26.6073327
cafe,52.1247889,23.7043626
cafe,53.9177940,27.7517371
shop_grocery,52.1127213,26.0813847
cafe,53.3076120,28.6395797
shop_grocery,53.8335587,28.9808889
post_office,55.5348315,28.6502114
post_office,55.1807836,30.1909474
post_office,54.2477915,29.7937766
post_office,53.9082853,30.3408426
post_office,53.9495496,30.3615814
post_office,53.9160646,30.2811018
post_office,54.4883701,30.4421848
post_office,54.2575350,28.5135341
post_office,53.8379858,27.6314521
post_office,53.9505406,27.6825230
post_office,53.9201007,27.5814767
post_office,53.1470165,29.2287987
post_office,53.7235451,25.5014965
post_office,53.6932200,23.8323188
post_office,53.0309586,27.5909024
post_office,52.7933845,28.0049649
post_office,53.0636795,26.6313019
post_office,53.6200526,27.8948262
post_office,52.1238440,29.3084657
post_office,52.5673319,24.4744036
post_office,51.7911158,24.0748719
post_office,52.2450138,26.8019173
post_office,52.2088460,24.3579450
post_office,52.4728670,25.1714680
post_office,52.0597382,23.7373221
shop_grocery,55.1412832,27.6940468
shop_grocery,51.7868847,28.3256990
shop_grocery,54.0327183,25.9269297
shop_grocery,53.9136349,25.2387768
shop_grocery,53.6435654,23.8538503
shop_grocery,51.7833083,24.0540523
shop_grocery,53.1457617,26.0486323
shop_grocery,52.5566357,24.2159110
shop_grocery,52.0765404,27.3529851
restaurant,53.9216664,27.5966312
shop_grocery,53.5535926,23.8720990
shop_grocery,53.9107389,25.8761830
cafe,52.0474968,29.2672026
post_office,52.0303270,24.0065405
school,53.8768746,30.3722527
shop_grocery,53.9399001,30.3305698
shop_grocery,52.2255341,27.4852843
bank,53.8593356,27.6749381
cafe,53.8612915,27.6388831
fap,53.8624447,27.6329072
bank,52.7883086,27.5323210
cafe,54.2207751,28.5099868
fap,53.8464982,27.5670643
shop_grocery,53.8887998,27.5802248
shop_grocery,52.4040335,23.8130634
post_office,51.9827397,24.6693302
shop_grocery,51.9819440,24.6695638
shop_grocery,51.9819535,24.6703627
cafe,52.3652275,27.9084704
restaurant,53.9054155,30.3424694
shop_grocery,52.4004760,23.8223036
shop_grocery,55.1990965,30.1812199
shop_grocery,53.9781844,28.8177498
shop_grocery,53.9213234,27.6285820
shop_grocery,53.6902649,27.1618348
cafe,54.4819032,26.3961112
cafe,53.9216510,27.6250788
shop_grocery,53.8789572,30.3334169
shop_grocery,52.3246316,23.7754664
bank,53.8661897,27.4864404
shop_grocery,52.3573373,30.4370454
shop_grocery,54.4542744,26.3194997
shop_grocery,54.4981307,27.1443762
post_office,52.3196314,23.9297846
shop_grocery,54.5615347,30.4492173
fap,53.1314287,25.9973199
shop_grocery,55.8350993,29.9835080
cafe,52.4024298,23.8204521
shop_grocery,52.4488051,31.0209906
shop_grocery,52.1178922,26.1013752
cafe,52.4002658,23.8225110
shop_grocery,52.3908228,23.8326927
restaurant,52.1674091,23.4346667
post_office,51.9328398,24.0636916
bank,51.9327345,24.0636276
cafe,53.6806839,23.8273352
shop_grocery,55.1558046,30.2193197
cafe,55.1558841,30.2191870
shop_grocery,53.9054085,27.5281867
post_office,53.8734935,27.4424044
cafe,53.8734881,27.4419139
cafe,53.9128682,27.7549344
shop_grocery,53.8492815,27.5304173
shop_grocery,52.0923022,23.6641612
shop_grocery,52.1087736,26.0570530
shop_grocery,52.1050620,26.0500954
post_office,52.1364449,26.1031696
school,53.3635102,28.0345751
post_office,53.9180760,27.4554751
shop_grocery,52.1951178,24.0376669
fap,53.9496278,27.7079243
shop_grocery,52.4031588,23.8186092
shop_grocery,53.3102325,28.6424598
shop_grocery,54.5107803,27.0412884
shop_grocery,52.2024474,24.0246613
restaurant,55.1948937,30.2047739
station,53.7412515,26.8752089
post_office,53.7409471,26.8753111
cafe,53.4607716,25.5864497
shop_grocery,52.4708306,23.5107521
post_office,52.0952820,25.3663927
shop_grocery,52.0116586,25.3285130
shop_grocery,52.2660271,23.5872145
shop_grocery,51.9265338,25.8447951
fap,52.1456467,26.0924891
fap,52.4244117,24.3084292
shop_grocery,55.1638092,30.2678435
shop_grocery,52.1406115,28.4968118
fap,52.1330946,26.1141050
cafe,52.1148600,26.1159128
shop_grocery,52.1239296,26.1134814
post_office,53.1607364,24.4561833
post_office,53.4642350,25.4065870
post_office,53.6746907,23.8416061
post_office,54.0252034,28.1003559
post_office,52.0885418,23.7089705
post_office,55.5254272,28.6703387
post_office,55.1580035,30.2148458
post_office,55.4722864,28.7666568
post_office,54.8775542,28.6906162
post_office,53.9007226,27.4193698
post_office,53.8440581,27.6963991
post_office,53.9283789,27.5837025
post_office,53.9048249,27.5413647
post_office,53.8767375,27.6833126
post_office,53.2277418,26.6629037
post_office,54.3108451,26.8405598
post_office,53.5700857,31.3858286
fap,54.0095078,27.2661620
cafe,52.1175126,26.1167162
shop_grocery,54.5265783,27.0441464
post_office,52.1927823,24.0163871
shop_grocery,53.9976827,29.7091576
cafe,52.4681902,31.0238962
cafe,52.4481720,31.0261034
bank,53.8613284,27.6381970
shop_grocery,53.8614066,27.6383125
cafe,55.5183144,28.6877228
cafe,55.5322860,28.6606604
cafe,53.9601592,27.6619779
post_office,53.9603826,27.6617919
cafe,53.1330756,26.0183029
cafe,53.1323240,26.0076679
school,52.0888976,23.6931619
shop_grocery,52.1353863,26.0433765
bank,52.3260071,23.7838744
shop_grocery,53.9231421,25.2447876
cafe,53.8859478,27.5253639
shop_grocery,52.0581245,26.0562605
post_office,53.7215152,23.8648070
cafe,53.8488484,27.4789356
bank,52.1224641,26.1218981
cafe,52.1216093,26.1209755
bank,52.0784073,25.6781750
shop_grocery,53.7420615,27.6930383
shop_grocery,53.9416589,27.4315248
shop_grocery,52.1420304,26.0704520
shop_grocery,53.8811096,27.6013222
shop_grocery,53.9174316,27.4966505
shop_grocery,53.9242062,27.6112573
shop_grocery,53.8613746,27.5661510
shop_grocery,52.4290773,31.0119042
shop_grocery,52.4052285,30.9812470
fap,52.4483431,31.0263777
fap,53.8482811,27.4766289
cafe,52.0314047,29.2428095
sports_centre,53.6731502,27.9655926
cafe,53.8688084,27.6506178
shop_grocery,53.8685326,27.6503661
fap,53.6671410,23.8575382
fap,53.8481793,27.4770446
fap,53.8481378,27.4772099
restaurant,53.6833409,23.8407309
restaurant,53.6721433,23.8346648
shop_grocery,53.5206123,30.2416801
cafe,53.5862894,27.6814753
cafe,53.7418331,26.8765886
restaurant,53.7414742,26.8770674
shop_grocery,53.7421083,26.8766423
cafe,53.8998164,30.3344226
cafe,53.6764541,23.8281816
shop_grocery,52.5408288,25.0878515
shop_grocery,52.5374438,25.0870269
bank,52.5375360,25.0857580
fap,52.1334568,26.1142471
shop_grocery,54.2663931,28.3355329
shop_grocery,54.0186432,31.7149954
post_office,52.5375719,25.0858236
shop_grocery,53.8871439,27.6093381
post_office,51.8806394,30.5087434
restaurant,55.3779129,26.8184804
shop_grocery,52.1890401,26.1325720
post_office,52.1858631,26.1276595
bank,52.1857192,26.1276864
shop_grocery,52.1728814,26.2020573
shop_grocery,52.1914695,26.1640504
restaurant,55.1953961,30.1950653
pool,52.1476712,26.2120619
shop_grocery,53.6326442,26.9434904
shop_grocery,52.8553710,24.6156715
cafe,52.8553751,24.6160001
bank,52.8652300,24.6776184
shop_grocery,53.9045790,27.5655641
shop_grocery,53.9019104,27.6194855
restaurant,52.0379774,29.2201522
school,53.4417758,23.9317413
cafe,53.8901865,27.5744983
cafe,53.8900639,27.5747397
cafe,53.8900584,27.5746284
school,53.8717990,27.4662971
shop_grocery,53.9181096,27.6306796
bank,53.9384467,27.6840435
fap,52.1116426,23.7760783
cafe,53.9530836,27.6775445
shop_grocery,52.3516853,30.4122534
cafe,54.6457401,27.4779553
shop_grocery,52.2601933,23.4960501
school,53.8966889,30.2929425
shop_grocery,54.4576711,28.2869206
shop_grocery,54.4597935,28.2889430
shop_grocery,54.4963207,28.1498157
shop_grocery,54.4963561,28.1505231
shop_grocery,52.0826628,26.7113611
shop_grocery,52.0807921,26.7113167
shop_grocery,52.0790470,26.7081431
shop_grocery,52.0454960,26.6389236
shop_grocery,52.0456531,26.6387717
shop_grocery,52.0422322,26.6411287
shop_grocery,51.9969599,26.6137194
shop_grocery,52.0523492,28.0579742
shop_grocery,52.0487619,28.1264202
shop_grocery,52.4130441,30.9690411
cafe,53.7210615,23.8649098
bank,53.9048067,27.5693550
shop_grocery,54.1936223,27.8524150
shop_grocery,51.7896028,24.0742898
post_office,51.7897738,24.0714041
post_office,52.0610746,29.1208348
shop_grocery,55.4864142,28.7659434
shop_grocery,55.4856130,28.7709072
cafe,54.8768057,26.9335629
shop_grocery,52.8357784,28.2295015
fap,53.6949131,23.7950717
sports_centre,53.8504645,27.4626485
restaurant,53.9078648,27.5577729
cafe,53.6870959,23.8348135
shop_grocery,54.0918515,26.5217267
shop_grocery,54.0913042,26.5180300
school,51.6489939,27.2319294
post_office,52.1324476,26.0778777
cafe,52.1325286,26.0761672
shop_grocery,52.1325167,26.0760022
cafe,52.0916351,23.6820587
shop_grocery,52.4092258,30.9328426
bank,53.1952143,29.2238635
shop_grocery,53.9278179,30.2670098
bank,53.6433894,23.8515721
shop_grocery,53.8701546,30.3742989
shop_grocery,53.1588363,29.1704342
shop_grocery,53.6865989,27.1770665
shop_grocery,53.0953710,30.0504889
shop_grocery,52.2588239,26.7924532
cafe,52.4510426,31.0282809
cafe,53.2226830,26.6911084
shop_grocery,55.3338793,28.0938198
fap,55.3334644,28.0942140
shop_grocery,55.3317514,28.0904331
post_office,55.3324175,28.0949278
shop_grocery,54.5068922,26.3731742
shop_grocery,53.0817780,25.2918336
shop_grocery,53.7017752,24.0078038
shop_grocery,53.8715270,25.2900070
shop_grocery,52.7900157,27.5126973
shop_grocery,53.8185200,28.9830800
shop_grocery,53.5058600,28.1504610
shop_grocery,53.9452870,27.7759040
shop_grocery,54.2780533,28.7690306
shop_grocery,53.1616095,27.0838200
shop_grocery,53.1321737,26.0552037
shop_grocery,52.1865203,25.1398601
shop_grocery,52.1245900,28.4919530
shop_grocery,52.2515973,29.8300830
shop_grocery,52.4702432,30.8118519
shop_grocery,55.1697886,30.2034650
shop_grocery,55.0432592,29.4537073
shop_grocery,53.8719492,30.3225446
shop_grocery,53.8928200,30.2671400
shop_grocery,53.4905717,29.3413957
shop_grocery,53.8042130,30.9571480
shop_grocery,53.6716760,23.7625294
cafe,52.0873945,23.6935535
cafe,54.0977056,28.3124690
shop_grocery,53.5221606,30.2444190
cafe,53.7078315,23.8412863
sports_centre,53.5284916,30.2189777
ice_rink,53.5287584,30.2184958
shop_grocery,53.9152841,27.5503225
sports_centre,54.1566969,27.8332596
cafe,54.1682509,28.5678859
shop_grocery,53.3528900,27.2049714
shop_grocery,53.9361087,27.6143447
shop_grocery,51.8090153,27.0652069
shop_grocery,52.1413432,26.1133754
restaurant,52.1368194,26.0983202
cafe,53.9595480,27.6316697
restaurant,52.4003368,23.8224456
shop_grocery,53.8322145,28.7821821
shop_grocery,53.6768915,28.8418075
shop_grocery,53.9357151,27.6166434
shop_grocery,53.8901523,27.5543466
bank,52.4252264,31.0081720
cafe,52.4334884,31.0102350
cafe,52.0886352,23.7121430
cafe,52.4057645,30.9236999
cafe,52.4325934,30.9929691
shop_grocery,53.8682568,27.5993047
shop_grocery,53.9082573,27.6854009
shop_grocery,54.5649298,27.7982097
shop_grocery,54.5603937,30.4521938
cafe,53.9242879,27.5949496
cafe,53.9221973,27.5974815
shop_grocery,52.4021400,23.8363556
bank,55.1875732,30.2043583
bank,53.8693978,27.5472265
shop_grocery,53.8442587,27.5105428
cafe,53.6787268,23.8296076
shop_grocery,53.4661482,27.2134581
shop_grocery,52.1053245,23.7668656
shop_grocery,52.1343129,26.0784209
shop_grocery,52.7520938,26.4253816
shop_grocery,52.4081225,31.0394172
cafe,53.8914957,27.5275288
cafe,53.8914675,27.5275875
cafe,53.9232049,27.5900918
cafe,52.1420946,26.0860960
cafe,52.1354649,26.0993575
cafe,52.1355094,26.0995071
shop_grocery,52.1337951,26.1014275
cafe,53.8918860,27.5852823
cafe,53.9107766,27.4193406
cafe,53.6326969,27.4542090
shop_grocery,53.6093416,23.7534257
shop_grocery,53.6231561,23.8136610
cafe,53.9324834,27.5050460
shop_grocery,55.2056821,30.2073383
shop_grocery,52.3955833,23.8305590
sports_centre,52.0862928,23.7043608
cafe,52.1684028,26.0896486
cafe,53.7020522,23.8163295
shop_grocery,52.1426765,26.0455397
shop_grocery,52.1757345,26.0870013
shop_grocery,52.0254664,27.1147806
cafe,52.0254182,27.1145598
shop_grocery,53.7213140,23.8795202
shop_grocery,53.8867608,27.4180519
shop_grocery,53.7460958,27.6920573
shop_grocery,55.1365925,27.6569867
cafe,53.9355368,27.6171630
shop_grocery,54.1198447,31.3746840
shop_grocery,52.3495453,29.0120645
shop_grocery,54.5198672,30.4411760
shop_grocery,54.4140308,29.6928987
shop_grocery,54.5017000,30.4375517
shop_grocery,52.1257547,26.1275697
shop_grocery,53.0400680,26.2653038
shop_grocery,52.2028910,24.6658447
shop_grocery,52.8816000,25.5011000
shop_grocery,53.8804484,30.3358483
shop_grocery,53.1389220,29.2057050
shop_grocery,53.9164732,30.3416509
shop_grocery,53.9245000,30.3417000
shop_grocery,53.1210376,29.2379401
shop_grocery,54.4891538,26.9037876
shop_grocery,53.8990790,26.7503630
shop_grocery,53.8422699,27.3995751
shop_grocery,52.7885202,27.5104496
shop_grocery,52.0764020,29.1986158
shop_grocery,52.4214110,30.9766170
shop_grocery,52.4691743,31.0389262
shop_grocery,52.2078010,27.8535010
shop_grocery,52.0588412,29.2403054
shop_grocery,53.9077828,27.6322662
shop_grocery,53.8945193,27.4875569
shop_grocery,53.9158000,27.4393000
shop_grocery,53.9516094,27.6353279
shop_grocery,53.8985389,25.2567366
shop_grocery,53.8771992,25.2778673
shop_grocery,53.4469366,27.2341862
station,53.6003964,30.2419711
cafe,52.1400213,26.0950318
cafe,53.6781542,23.8273519
restaurant,53.6810036,23.8270689
cafe,51.7909268,24.0815932
shop_grocery,53.8586380,27.6074544
cafe,53.9368694,27.5939889
restaurant,53.8910949,27.5723355
shop_grocery,53.9206679,27.5732686
shop_grocery,53.0666106,30.0213339
fap,53.0810756,30.0468186
fap,53.0811690,30.0461762
restaurant,53.6778321,23.8336220
cafe,53.8692670,27.5499759
cafe,53.8702895,27.5499816
shop_grocery,52.1134484,31.7907590
post_office,53.9282424,27.4360565
restaurant,52.1230132,26.0640617
cafe,53.9072032,27.4355998
school,54.4171298,28.0265176
post_office,52.0218401,27.1712246
cafe,53.0774906,30.0514017
shop_grocery,53.1633911,25.9813695
post_office,52.9898020,25.7646894
fap,52.4039623,23.8282446
post_office,52.5352187,26.5965597
bank,52.5350579,26.5967427
post_office,51.8812929,23.6543433
fap,53.6787093,23.8257874
shop_grocery,53.9000699,27.4413600
shop_grocery,54.5203342,30.4256377
shop_grocery,53.7845028,24.8491924
shop_grocery,52.2603291,23.4201549
shop_grocery,53.9040532,27.6117045
shop_grocery,53.8766179,27.4971881
shop_grocery,53.8766751,27.4969100
shop_grocery,55.1296208,30.2622511
cafe,53.9468158,27.6892286
post_office,53.9378711,27.5935736
post_office,53.8701210,27.5322883
post_office,52.3644754,30.3517230
post_office,52.4118402,30.9703020
post_office,53.8728615,30.3465374
shop_grocery,53.1444686,26.0064791
shop_grocery,54.0240226,27.4335442
shop_grocery,52.4275605,30.9943499
shop_grocery,52.7820165,27.5123044
fap,54.3001253,26.8471328
bank,53.8683134,27.6689600
shop_grocery,54.2239604,28.5296517
shop_grocery,52.3642713,31.0210393
station,53.7960713,27.3985882
shop_grocery,52.1591458,26.0924303
shop_grocery,53.9402835,27.3208530
shop_grocery,51.8904049,26.8343497
shop_grocery,52.9684776,29.9565534
shop_grocery,52.7857682,27.9971003
shop_grocery,52.2027726,23.5801435
shop_grocery,53.6635781,28.0825947
shop_grocery,54.0069103,27.8713374
school,52.7566701,26.4299366
shop_grocery,52.7510628,26.4098621
shop_grocery,53.7970928,27.4451217
shop_grocery,54.0094411,27.8765002
cafe,53.9282431,27.6719349
cafe,53.4930215,26.7407681
cafe,52.0943392,23.6990675
fap,53.9214917,27.6019749
cafe,53.9315112,27.6519297
shop_grocery,52.1150217,23.7736145
fap,53.9536630,27.6782444
cafe,53.8765899,27.5946407
fap,53.9534524,27.6813380
cafe,53.8885571,27.5430703
restaurant,54.5102098,30.4232728
shop_grocery,53.8965914,25.3230518
post_office,54.3715851,27.3319973
restaurant,52.4310170,30.9912664
shop_grocery,55.1940319,30.1952690
restaurant,55.1940697,30.1972231
fap,55.1552697,30.2185124
cafe,53.8929051,27.5565973
shop_grocery,52.5672634,24.4751331
bank,55.1601070,30.1669010
school,53.9218327,27.6315920
fap,53.8683109,27.6570013
cafe,53.9315353,27.6512951
shop_grocery,54.5000770,30.4321376
shop_grocery,53.8828189,27.4320412
shop_grocery,52.1022555,23.7324747
shop_grocery,55.2029529,30.1707759
shop_grocery,53.6634303,23.8344668
post_office,54.7596248,27.0904810
shop_grocery,52.0974685,23.6955774
cafe,55.1985390,30.1959433
shop_grocery,55.1983992,30.1947277
cafe,55.1993088,30.2065844
post_office,55.1992947,30.2069175
cafe,55.1992854,30.2074928
cafe,55.1992191,30.2079714
shop_grocery,55.1989923,30.2074518
shop_grocery,55.1987788,30.2068733
cafe,55.1979955,30.2067452
post_office,53.6820261,27.1413336
shop_grocery,53.8654444,25.3199083
fap,52.1132969,26.0697896
fap,52.1132698,26.0691365
fap,52.1127311,26.0995165
shop_grocery,52.2026853,23.6793956
post_office,52.2024539,23.6802884
post_office,52.3575671,31.0120255
shop_grocery,53.7863836,27.4296641
shop_grocery,54.4192702,30.2879496
shop_grocery,54.2451811,26.8368487
shop_grocery,53.6791539,27.1303678
shop_grocery,53.7564690,28.1535230
shop_grocery,52.4565880,30.9604517
shop_grocery,52.0353907,29.2015944
shop_grocery,52.4225835,30.9521878
post_office,52.1295206,29.3386025
shop_grocery,54.2451978,28.5415766
cafe,53.7532339,28.0172599
fap,52.1003736,23.6947234
post_office,54.4221663,27.8327285
post_office,53.9012402,27.4329554
school,53.8979210,27.4327172
cafe,53.9284096,27.6509476
restaurant,52.1274312,29.3199933
shop_grocery,53.8897266,27.5449960
shop_grocery,53.7176991,23.8686481
shop_grocery,52.1273689,29.3188882
fap,53.8776293,27.5449856
shop_grocery,53.8703166,27.5440799
shop_grocery,52.1286557,29.3203756
shop_grocery,52.1344786,29.3418801
cafe,53.0935582,25.3534524
shop_grocery,53.0931285,25.3543834
shop_grocery,53.9057736,30.3572098
sports_centre,52.0931951,23.6924980
cafe,52.0934097,23.6921542
cafe,53.9970285,27.0103880
shop_grocery,52.1317687,26.0670637
restaurant,52.0915160,23.6874892
cafe,53.6719062,23.7995675
post_office,51.9265654,23.6593526
cafe,52.1078560,26.0545164
shop_grocery,52.1103031,26.0548469
shop_grocery,52.1333831,26.0415606
shop_grocery,53.8429393,27.4750720
fap,52.1134476,26.0697936
post_office,52.1353608,26.0729867
shop_grocery,53.9381300,27.5841731
shop_grocery,52.1134880,26.0656992
cafe,55.1917343,30.2028724
post_office,53.5006320,29.1479837
bank,52.0644221,23.7565506
sports_centre,52.1056777,23.7736797
shop_grocery,55.1679914,30.1269637
shop_grocery,53.9104787,27.5052882
shop_grocery,53.4309046,27.6944737
post_office,53.1288037,26.0313642
post_office,53.0399422,26.2640995
post_office,52.0704875,23.7070936
post_office,52.5600960,24.4580126
post_office,52.1926205,24.3382573
post_office,52.1262303,26.1142016
post_office,53.1065984,25.9899723
post_office,52.1220085,23.6564128
post_office,52.0790961,23.7497230
post_office,52.1359922,26.1085193
shop_grocery,52.1480465,25.5384224
post_office,54.8929996,27.7676466
restaurant,52.1294163,26.0091555
fap,52.4320104,31.0072050
shop_grocery,52.1322960,26.1172593
shop_grocery,52.1336527,26.1216876
shop_grocery,53.7212963,23.8819422
cafe,52.1125622,26.1035049
cafe,54.3107579,26.2845393
school,54.4232241,26.5288357
shop_grocery,55.1891934,30.2589707
cafe,54.3128657,26.2793514
shop_grocery,55.1817780,30.2043351
bank,55.1816148,30.2052121
cafe,55.1819630,30.2031594
cafe,55.1812692,30.2022138
bank,55.1812172,30.2027688
cafe,53.9080309,27.5192687
shop_grocery,53.3257100,26.0066270
shop_grocery,52.2054189,27.0090544
cafe,53.8484854,27.6021862
shop_grocery,55.1796435,30.2021708
school,55.1790937,30.2013127
shop_grocery,55.1726870,30.2017235
post_office,55.1732843,30.2052810
shop_grocery,55.1726012,30.2107029
cafe,55.1709633,30.2156029
cafe,55.1923366,30.2059508
bank,55.1924238,30.2059427
cafe,55.1925092,30.2052077
cafe,53.8800393,27.5349601
bank,55.1817378,30.2109299
post_office,53.5080804,28.1493920
post_office,53.4880024,26.7464572
post_office,54.2104573,28.4746984
post_office,54.8704235,26.9298418
post_office,53.4656780,27.2019607
post_office,53.0270194,27.5516805
post_office,53.0381570,27.5610709
post_office,54.2165116,28.5071075
post_office,54.2127411,30.2983645
post_office,53.8076219,30.9626162
post_office,53.1921183,29.2260441
post_office,53.9272919,30.3567884
post_office,53.7116884,31.7191279
post_office,53.1300012,29.2299572
shop_grocery,52.3717013,30.3497293
shop_grocery,53.8703456,27.5435968
post_office,53.1288843,26.0313427
post_office,52.0300169,29.2125740
post_office,52.6305672,29.7491511
post_office,53.0767268,30.0517461
post_office,51.8052199,29.1539141
post_office,52.3572528,31.0279869
post_office,52.4653054,30.9688663
post_office,54.8929796,27.7677753
post_office,53.6043059,24.7450491
post_office,53.6777236,23.8509321
post_office,53.7136265,23.8635006
post_office,54.4289451,25.9445760
post_office,54.6162634,25.9586954
post_office,53.9283690,27.6509466
post_office,53.9105258,27.4189135
post_office,53.1063649,25.9894360
post_office,52.0724536,23.7554937
restaurant,53.6861873,23.8363154
post_office,53.9585032,27.5507045
post_office,53.9314503,27.6542616
cafe,53.9341916,27.6553139
shop_grocery,53.4510865,26.4696892
cafe,53.6732751,23.8393817
post_office,53.8676025,27.4876065
shop_grocery,55.1758548,30.1828017
post_office,52.1321642,26.0779708
bank,52.1473354,24.3713933
post_office,52.1474803,24.3714148
post_office,53.5216895,27.8297388
post_office,53.9282171,27.4328295
post_office,53.9769391,27.4484845
post_office,53.9611574,27.4345503
shop_grocery,52.1377050,29.3139079
shop_grocery,53.8673449,27.5091117
post_office,53.4621284,27.1368678
sports_centre,53.5777333,27.4641672
post_office,53.3021435,28.6411236
cafe,53.9228507,27.6257017
shop_grocery,54.2718659,28.6024564
shop_grocery,55.1609693,30.2201006
post_office,54.0595898,27.5474737
cafe,53.8722038,27.4775317
post_office,53.6329778,27.4603200
post_office,53.8253648,27.4491541
post_office,53.7811202,27.8409271
post_office,53.5859571,28.2404486
post_office,53.5144620,28.1287695
post_office,53.5346314,28.1176538
post_office,53.5257279,28.1640877
post_office,53.6199065,28.1405975
post_office,53.5706523,27.9618278
cafe,53.9150293,27.5715347
restaurant,53.8916568,27.5722437
shop_grocery,52.1505029,26.0934560
cafe,54.3034206,26.8486160
restaurant,53.7403270,27.3093440
cafe,53.9422385,27.5990182
cafe,53.9391749,27.6032315
shop_grocery,53.8655397,27.5352956
cafe,53.8661557,27.5316355
post_office,53.8929034,27.2010195
cafe,53.9355059,27.5835901
shop_grocery,53.8655130,27.5609378
shop_grocery,55.1735325,30.2469195
cafe,53.9423100,27.5998923
shop_grocery,52.4065733,30.9285805
shop_grocery,54.4769442,26.3945551
cafe,53.9147653,27.5634639
restaurant,53.8762535,27.4952847
restaurant,53.8761463,27.4952342
station,55.1949870,30.1850569
shop_grocery,52.9015451,30.0045120
shop_grocery,52.9004966,29.9959122
station,54.5041599,30.3753211
station,53.0139360,27.5226694
post_office,54.0100620,31.4671091
shop_grocery,53.9020026,27.4902928
post_office,53.5159688,24.8333872
fap,53.5159153,24.8334344
shop_grocery,52.1239889,26.0467038
restaurant,52.1191920,26.1010499
shop_grocery,52.1162024,26.0412723
sports_centre,52.1321116,26.0229313
post_office,51.7830661,30.2721338
fap,51.7790303,30.2665125
cafe,53.8996734,27.5577918
shop_grocery,55.1618528,30.2029148
station,55.1137640,30.1625020
shop_grocery,53.0305060,27.5878480
cafe,53.8595993,27.6740790
cafe,53.9299045,27.5761455
bank,53.9287782,27.5828623
shop_grocery,54.2010907,27.8479626
shop_grocery,53.8851418,27.5171022
shop_grocery,53.9047529,27.4535643
shop_grocery,53.8955825,27.4816794
shop_grocery,52.5338596,24.9841500
fap,52.5388425,24.9962930
restaurant,52.4728314,23.3900155
fap,53.1618141,24.4393845
cafe,55.2967789,30.3061911
cafe,52.4299531,31.0113467
shop_grocery,53.8574338,27.4407735
shop_grocery,53.9461078,27.6389261
shop_grocery,53.8367821,27.6939448
shop_grocery,53.9070700,27.5885023
shop_grocery,53.9120180,27.5644566
shop_grocery,53.9380489,27.6410342
cafe,53.9232818,27.6038736
cafe,53.9234461,27.6016313
shop_grocery,53.1197725,29.2354677
post_office,53.1189240,29.2311580
shop_grocery,53.1191190,29.2311512
shop_grocery,52.1584010,25.5250226
sports_centre,55.2245414,30.2421774
shop_grocery,53.9697403,27.5324662
sports_centre,52.3894547,30.8604535
station,55.4929318,28.8155401
station,55.4918927,28.7826894
cafe,52.4247083,31.0080166
shop_grocery,53.8869296,27.6170366
post_office,52.4762868,31.0225153
post_office,52.6290130,29.7558420
post_office,53.9433181,27.6412511
post_office,52.2102200,24.3480450
post_office,53.6374710,23.7778312
post_office,53.6794776,23.8310114
post_office,53.1614950,29.2068260
post_office,55.4634343,29.9840874
post_office,54.4821689,30.3181323
post_office,54.6543636,29.1460392
bank,52.1171453,26.1027968
shop_grocery,53.6698307,23.8030357
shop_grocery,53.7974924,29.0385802
cafe,55.5348114,28.6500784
cafe,55.5333747,28.6528662
shop_grocery,52.3324146,25.2282815
fap,55.5377453,28.6398582
cafe,53.8702202,27.5506780
restaurant,52.0619348,27.7507652
restaurant,53.9049133,27.5469559
post_office,52.8060686,30.0888827
shop_grocery,52.8059500,30.0889288
shop_grocery,55.1718111,30.1362216
shop_grocery,53.8784175,27.4542265
post_office,52.1140651,28.1595414
fap,53.9005615,27.6021632
cafe,53.7086017,23.8410108
shop_grocery,53.8505075,27.4846932
bank,53.8994126,27.5601154
school,53.9217488,27.6318540
shop_grocery,55.1511110,30.2191288
fap,52.4632252,30.9899564
cafe,54.6577650,29.2337350
shop_grocery,52.1279443,26.1325049
post_office,52.1151829,26.1098383
fap,52.1360786,26.1050311
cafe,55.8070817,28.3126111
shop_grocery,55.8071066,28.3127238
cafe,53.8776725,27.5436812
school,53.9406392,27.4667628
fap,55.1715240,30.1438445
cafe,52.0856127,23.6961591
cafe,52.0846975,23.6968773
cafe,52.0849911,23.6972666
shop_grocery,52.1235048,26.1064902
shop_grocery,53.8503587,27.4732697
restaurant,52.1245933,26.1002561
cafe,52.1330661,26.1002634
shop_grocery,52.1410797,23.6122354
shop_grocery,53.1500664,24.8178839
cafe,53.1036259,30.0636663
cafe,53.0807284,30.0519867
bank,52.9464186,29.7920025
station,55.1389810,30.1593971
shop_grocery,53.7204774,23.8643892
bank,53.7206363,23.8644234
bank,53.0381373,26.2632224
cafe,52.0731534,23.7069704
shop_grocery,52.1341754,26.0710260
shop_grocery,52.7109144,25.3188005
shop_grocery,52.8015485,24.4893890
shop_grocery,53.4015981,24.5355291
restaurant,54.2157555,28.4874780
fap,54.2135234,28.4911089
restaurant,54.2117872,28.4866786
shop_grocery,54.2083056,28.4790605
shop_grocery,53.9101379,27.5367556
shop_grocery,55.4574106,29.9855186
shop_grocery,52.1211449,26.0760525
cafe,53.5722278,28.1315961
shop_grocery,53.5721630,28.1317570
shop_grocery,55.1682532,30.2765316
cafe,52.7863104,27.4923138
shop_grocery,55.6942325,26.8975568
shop_grocery,53.8778764,27.4730611
shop_grocery,55.1621733,30.2694297
bank,52.0290222,23.8000791
post_office,52.6410334,24.5829818
post_office,52.3934154,23.4062476
post_office,52.3444481,23.5487358
post_office,52.3440478,23.6087158
shop_grocery,52.1209440,26.0905552
cafe,52.1210971,26.0895735
post_office,52.2800191,24.4263137
post_office,52.2667113,23.5888041
post_office,52.1971532,23.5871935
cafe,52.1159842,26.1094795
bank,52.1160385,26.1094460
bank,52.1161283,26.1092918
shop_grocery,52.1165417,26.1098886
shop_grocery,55.7746245,28.7878298
post_office,52.9690866,29.1144548
shop_grocery,52.9703780,29.1159327
post_office,52.6338357,24.5515319
post_office,52.5183207,24.5218526
post_office,52.3778266,24.6807961
shop_grocery,52.3769856,24.6810816
post_office,52.4344136,24.7173292
post_office,52.2752657,24.4708520
post_office,52.2400172,24.1283535
post_office,52.6520183,24.4217232
post_office,53.1084984,29.2434436
post_office,52.6580857,24.1698903
cafe,53.6886242,23.8455999
cafe,53.7015671,23.8335997
shop_grocery,53.1563000,24.4508000
shop_grocery,53.6408360,23.8616502
shop_grocery,53.8817133,25.2804047
shop_grocery,54.5221008,30.4286874
shop_grocery,55.1828741,30.2087653
shop_grocery,55.8332230,27.7362120
post_office,54.5102802,30.4291691
cafe,53.8738611,27.4168915
post_office,53.4890461,26.7495605
shop_grocery,54.5130000,30.3717000
shop_grocery,53.8727510,30.3051370
post_office,53.9188354,30.3065532
post_office,52.7906110,27.5016010
shop_grocery,53.9311279,27.3573008
cafe,52.7924750,27.5176016
bank,53.9887278,27.6758265
restaurant,53.8988734,27.5561924
bank,53.9160291,27.2010434
post_office,53.9160536,27.2010541
post_office,52.2174326,24.4767303
post_office,51.5573508,23.6029450
post_office,52.2675936,23.9866906
shop_grocery,52.2674442,23.9863983
post_office,52.1773942,23.6649823
post_office,52.1353639,23.9881014
post_office,52.1319373,23.7705334
post_office,52.0499263,23.7049411
post_office,52.0712515,23.6970583
post_office,52.0591067,23.8169715
shop_grocery,53.8881711,27.5049989
shop_grocery,52.1516014,26.0823584
shop_grocery,55.6182491,27.1032022
shop_grocery,52.1299276,26.0979661
school,52.1523123,26.0919110
shop_grocery,55.0063746,28.7477387
shop_grocery,54.7807860,27.6710618
shop_grocery,54.3578241,28.2179482
cafe,53.9043642,27.5526548
bank,54.6544735,29.1462162
shop_grocery,52.0158123,25.5954478
shop_grocery,53.2465848,30.5403090
post_office,52.1415469,26.1128666
fap,52.1187503,26.1105430
sports_centre,54.6218669,25.9665585
post_office,53.1758615,26.0295283
cafe,53.6808315,23.8300885
restaurant,52.1344117,26.0777490
shop_grocery,52.1377561,26.1079185
shop_grocery,52.1581448,26.0927023
cafe,52.1368705,26.1105551
bank,52.1374269,26.1125319
fap,52.1364943,26.1064406
fap,52.1364153,26.1059833
fap,52.1365461,26.1067356
cafe,53.9178297,27.5890102
shop_grocery,53.8470930,27.4752703
sports_centre,53.9599742,27.6508834
post_office,53.7208999,23.8639855
shop_grocery,52.6190189,27.6304919
ice_rink,54.6041703,25.9699997
post_office,52.6297740,29.7225871
post_office,53.8622158,27.4599547
post_office,52.4219274,31.3173173
post_office,53.6789882,27.5333638
post_office,54.9771065,26.8924787
cafe,53.8893219,27.5451096
post_office,55.1160420,26.9261915
shop_grocery,52.1118111,26.0873674
cafe,55.1445530,27.2073945
cafe,54.1198022,27.6705753
post_office,55.1431010,26.8020697
cafe,53.9356963,27.5338001
restaurant,55.1945923,30.2334823
cafe,53.9608913,27.6611832
bank,53.9591695,27.6645013
post_office,55.1903857,30.1084052
shop_grocery,52.5373136,23.5479974
shop_grocery,52.1024959,23.7534657
post_office,53.5989872,25.8129184
post_office,53.5918207,25.8189712
post_office,53.5867516,25.8072211
shop_grocery,52.1051636,23.7572267
cafe,53.8710931,27.4122071
bank,53.5988976,25.8290858
bank,53.5854036,25.8070466
shop_grocery,52.1128386,26.0779676
fap,52.1001058,23.7487805
cafe,52.1202333,26.1227068
cafe,52.1189150,26.1143732
cafe,53.9182112,27.5783588
cafe,52.0909542,23.6869314
bank,53.7586608,28.1540820
shop_grocery,53.7589858,28.1540901
shop_grocery,53.8944545,25.3909600
cafe,53.6501038,23.8542087
cafe,52.1313740,29.3346746
bank,52.0501720,29.2644912
cafe,52.1110182,23.7629834
shop_grocery,53.8148247,27.6592672
bank,52.1343441,23.6867233
school,52.2484491,29.2269539
post_office,52.2476885,29.2257222
fap,52.2610600,29.4291034
bank,52.2640212,29.4305107
cafe,52.1092803,23.7558139
cafe,52.1013777,23.7237302
shop_grocery,52.1041893,23.7320536
post_office,55.2239328,29.8805810
shop_grocery,52.1045892,23.7373020
cafe,54.3092477,26.8382902
cafe,54.3134081,26.8398862
cafe,54.3135424,26.8385530
post_office,52.3319548,29.1384045
shop_grocery,53.4560788,26.7262303
restaurant,52.9188199,30.9152954
shop_grocery,52.4082397,23.6326929
shop_grocery,53.9560136,27.5425816
fap,52.1154118,26.1159235
cafe,52.1141526,26.1149137
post_office,52.1216167,26.0831898
post_office,52.1216356,26.0834299
shop_grocery,53.8971287,25.3244492
sports_centre,52.1235607,26.1128873
restaurant,52.1225299,26.1205463
cafe,52.1206467,26.1221918
shop_grocery,52.1224953,26.1204953
shop_grocery,52.1212725,26.0844961
fap,52.1032125,23.6788886
post_office,55.5652200,28.3910240
shop_grocery,55.8082550,27.9474153
sports_centre,55.1627889,29.9845621
cafe,53.9056356,27.5632974
restaurant,52.0928685,23.7081533
shop_grocery,53.8391830,27.5820056
shop_grocery,53.9319570,27.5531826
shop_grocery,53.9373528,27.5931920
shop_grocery,53.9230420,27.6371109
shop_grocery,53.9367640,27.4772250
shop_grocery,53.8894549,27.5391412
shop_grocery,52.7849860,27.5243730
post_office,53.3972275,28.4714587
cafe,53.8865130,27.5369257
cafe,53.8856020,27.5404340
cafe,53.8868577,27.5368399
cafe,53.9278305,27.4323811
cafe,53.8920125,27.5503339
cafe,53.9085017,27.4301201
cafe,53.9164090,27.5976401
cafe,53.9211748,27.6277130
cafe,53.9258800,27.4440407
cafe,53.9099173,27.4948918
cafe,53.9082473,27.5497225
cafe,53.9379162,27.4870580
cafe,53.9336545,27.6519522
cafe,53.9074210,27.4366191
cafe,53.8751071,27.4985333
cafe,54.4788371,26.4187771
post_office,53.0936393,29.2383554
post_office,52.1667172,24.1147719
shop_grocery,52.1928535,24.3384829
shop_grocery,52.1925154,24.3382047
station,52.1195777,25.8311845
cafe,53.9418345,27.6674106
cafe,52.1262940,29.3353569
bank,52.1262689,29.3353247
cafe,52.1255047,29.3294597
cafe,52.0945959,23.7002039
restaurant,55.1950223,30.2050515
restaurant,55.1956041,30.2052528
cafe,53.8678152,27.5299586
cafe,53.8664610,27.5320102
cafe,53.8693161,27.5415619
shop_grocery,53.7219944,23.8798842
shop_grocery,51.8019761,24.0782410
shop_grocery,51.7908404,24.0807884
shop_grocery,52.1137054,26.0533825
shop_grocery,52.1107472,23.7823383
cafe,53.9122814,27.5606729
restaurant,53.9057500,27.5638708
shop_grocery,52.1732227,26.0046816
post_office,52.1732322,26.0041894
shop_grocery,52.1821875,25.9655039
fap,52.1148094,26.1125057
shop_grocery,52.1013027,23.7636638
shop_grocery,52.1013277,23.7638612
restaurant,53.8323056,27.5321462
post_office,55.1864825,30.1882686
shop_grocery,52.0988657,23.6905970
shop_grocery,53.8988281,25.2792641
restaurant,52.0864026,23.6983530
shop_grocery,53.8861101,27.5849001
shop_grocery,53.4025287,27.5617397
post_office,54.4619094,26.2025915
shop_grocery,54.4620955,26.2023820
shop_grocery,53.8502921,27.4332659
post_office,52.1148452,23.7367865
shop_grocery,54.3470006,26.5535896
shop_grocery,52.1800388,25.9925419
shop_grocery,52.1795985,25.8926873
cafe,53.8612951,27.6382810
cafe,53.6449258,23.7493848
cafe,53.1372367,29.2267745
restaurant,53.6811879,23.8284364
cafe,53.9056328,27.4490392
cafe,54.0120631,27.6808557
shop_grocery,55.3027667,29.6176949
sports_centre,52.1217658,26.1133017
cafe,52.1218954,26.0888956
shop_grocery,53.4758770,26.7293798
post_office,52.2467276,24.5048083
cafe,52.1145084,26.1117996
shop_grocery,53.1333740,29.2029053
cafe,54.0974614,28.3059429
shop_grocery,54.0438636,27.5590535
fap,53.4183909,28.4751520
station,53.8858668,24.1342313
post_office,54.2252174,26.7110750
station,53.6862323,23.8490882
station,53.5555585,23.6667347
post_office,54.0879013,26.5511660
post_office,53.8186409,26.6766418
shop_grocery,53.1107603,29.1968529
shop_grocery,53.1291225,29.2093123
post_office,53.6917985,24.9974483
post_office,53.8329824,24.9652310
shop_grocery,53.7076503,23.8417301
shop_grocery,53.6996962,23.8028808
cafe,53.8688674,27.5432022
post_office,53.1334332,29.1787461
shop_grocery,53.7025526,28.4409025
shop_grocery,53.2294108,27.2616726
shop_grocery,53.5911193,27.8628526
shop_grocery,52.1173335,23.6893440
restaurant,53.6781593,23.8275940
cafe,53.1342207,29.2272051
cafe,53.1348157,29.2259225
cafe,52.0842692,23.7082706
cafe,52.0961137,23.7483193
sports_centre,53.1362643,29.2101875
post_office,52.8628473,24.8915515
shop_grocery,53.8887984,27.4319020
post_office,53.5581929,24.3907641
post_office,53.5858213,24.2384818
shop_grocery,53.9202721,27.4602872
school,53.8493609,27.4600407
post_office,53.1389352,29.2919828
shop_grocery,54.6553248,29.1437358
station,53.1376590,29.1951469
station,53.1879116,29.2033204
school,54.5081378,26.3767094
bank,52.0905300,23.6957410
bank,52.0740330,23.7102380
bank,52.0853993,23.6944789
station,53.1308430,29.2494776
station,53.8655796,27.5606109
shop_grocery,53.6758620,27.5303658
shop_grocery,53.6439175,27.5573975
shop_grocery,53.6542210,27.4593597
shop_grocery,53.6470058,27.4671012
station,54.0195515,28.0568940
station,54.2204535,28.5310773
cafe,53.8644581,27.5324238
shop_grocery,52.1256241,26.1148962
shop_grocery,54.0873893,26.5339931
shop_grocery,52.7529884,26.4255491
shop_grocery,54.2378309,26.6716087
shop_grocery,54.2235851,26.6121934
shop_grocery,54.0757733,27.8419598
shop_grocery,54.0830324,27.7054263
shop_grocery,54.1115984,27.7193685
shop_grocery,54.0927750,27.6858842
cafe,53.9638576,27.6605327
shop_grocery,52.1496314,26.1765964
cafe,53.9133848,27.5217190
restaurant,53.9133015,27.5217976
shop_grocery,53.8641362,27.5278206
shop_grocery,53.2957504,28.6321007
shop_grocery,53.7332021,31.7023758
shop_grocery,54.2234854,26.6122739
shop_grocery,53.9670317,27.0561838
cafe,53.7389613,31.7103167
post_office,53.7396423,31.7185839
cafe,52.4347081,31.0093255
shop_grocery,54.7536176,26.5243174
shop_grocery,53.9867798,27.8038421
shop_grocery,53.7055461,28.4346087
shop_grocery,53.7385311,27.5054877
post_office,52.5875681,29.6353007
shop_grocery,53.9549289,27.7780190
shop_grocery,53.9215745,27.5646413
shop_grocery,53.9343101,27.4768428
cafe,52.0883155,23.7040062
shop_grocery,54.1197814,27.6704891
shop_grocery,54.1107606,27.7583933
pool,52.1326779,26.0693471
shop_grocery,54.7932845,26.5879588
post_office,52.2588054,23.2325872
post_office,52.3645451,23.3079116
shop_grocery,53.7622591,25.9108415
shop_grocery,53.7623540,25.9119493
cafe,52.7545680,25.0776565
post_office,52.1407671,26.1668507
bank,52.4904209,25.1942253
shop_grocery,52.4902626,25.1940971
cafe,53.8715266,27.5464727
post_office,53.8970210,25.3220796
shop_grocery,53.9238375,27.4434399
cafe,52.4359345,31.0068813
cafe,52.0915623,23.6933763
cafe,52.0842735,23.7055635
shop_grocery,53.9480585,27.4277099
bank,53.6053608,31.9524265
bank,52.4277210,31.0027669
post_office,53.6760934,23.7702041
shop_grocery,52.3622865,30.3717281
shop_grocery,53.7772735,27.6810647
shop_grocery,53.7202063,27.7695745
bank,53.8765361,27.6304154
shop_grocery,52.1194338,26.0403201
shop_grocery,53.6333729,27.4925364
shop_grocery,53.6153671,27.0162943
shop_grocery,53.6560285,27.0620175
shop_grocery,52.1412452,26.1171104
cafe,55.1952867,30.1899844
shop_grocery,53.8862279,24.1406693
cafe,52.4220883,31.0031816
bank,53.9042339,27.3388445
shop_grocery,52.3149200,28.8149885
shop_grocery,53.9142706,27.5038673
shop_grocery,53.8632671,27.5709762
shop_grocery,53.9199669,27.4790581
shop_grocery,53.9945805,27.6735899
shop_grocery,52.4633045,31.0362485
shop_grocery,53.9373279,27.6059369
shop_grocery,53.8224747,27.5188662
shop_grocery,52.3578434,31.0202406
shop_grocery,53.8669351,27.6318510
shop_grocery,52.1013275,23.6986535
shop_grocery,55.0243341,30.7979548
shop_grocery,53.8412012,27.0554315
fap,53.1309346,26.0720238
shop_grocery,54.0292393,28.0918908
shop_grocery,53.8843433,30.3456294
shop_grocery,54.5081782,26.3701682
shop_grocery,54.5081544,26.3700328
shop_grocery,54.3445641,27.7286158
shop_grocery,54.4175463,27.2951860
shop_grocery,53.1373435,25.8779431
restaurant,53.9332897,27.6508290
cafe,52.1313526,26.1113530
shop_grocery,54.3875424,28.4722708
shop_grocery,53.9190940,30.3052508
fap,52.4304237,30.9963067
bank,54.4809200,26.4022655
shop_grocery,53.7414016,27.9511773
shop_grocery,54.1419233,30.4961290
cafe,53.0393338,26.2627519
cafe,53.0408088,26.2599157
shop_grocery,53.8830226,28.6004267
shop_grocery,53.8046290,28.8743083
cafe,53.9383420,27.7018172
shop_grocery,53.7852247,28.9323271
fap,52.1144952,26.1006550
shop_grocery,53.7994630,29.2272550
shop_grocery,53.8479663,28.9783889
shop_grocery,53.9686223,28.8355550
shop_grocery,52.3975963,31.0329336
restaurant,52.3924838,31.0293904
cafe,52.0967021,23.6922070
shop_grocery,52.1440658,26.0894421
shop_grocery,52.3954895,31.0325085
post_office,53.6467946,23.9882479
cafe,54.5191143,30.3761894
shop_grocery,54.1951797,28.5453581
shop_grocery,53.8513451,28.9984318
shop_grocery,53.8291910,28.9933289
post_office,52.1168744,26.0920036
post_office,53.5131645,23.9979567
post_office,53.3418085,23.9471899
cafe,52.2014973,24.3493233
cafe,52.2019925,24.3512615
shop_grocery,54.8669982,26.0866824
shop_grocery,54.8568186,25.8820257
restaurant,52.7835497,27.5373632
post_office,52.4294431,30.9493098
shop_grocery,54.0429661,27.1574290
shop_grocery,54.0409597,27.3049877
cafe,53.9373349,27.4466293
shop_grocery,53.4313529,27.5581684
shop_grocery,52.1059780,26.2824056
shop_grocery,54.0147831,28.1025763
cafe,53.8936783,25.2985058
post_office,52.9889838,24.8572957
cafe,53.8653127,27.4847286
post_office,53.4283432,24.5463853
shop_grocery,53.1398325,29.2229244
shop_grocery,53.4301080,27.6026134
shop_grocery,53.7197032,23.8825279
shop_grocery,54.2186254,28.5289579
shop_grocery,54.2513259,28.5627487
shop_grocery,54.2366205,28.4873253
post_office,53.4641116,25.8901144
post_office,53.4636159,23.8857668
shop_grocery,53.2543556,28.8198322
shop_grocery,54.5549255,26.9630697
shop_grocery,53.2230643,26.6806169
shop_grocery,52.2696330,26.0476331
shop_grocery,54.4890089,30.3965951
shop_grocery,54.5000645,30.4718149
shop_grocery,54.6160280,30.4037680
shop_grocery,54.3208850,30.5100528
shop_grocery,54.5213243,30.2896821
station,53.8677526,27.5470730
station,53.8770344,27.5496374
station,53.8963922,27.5379149
station,53.9047267,27.5403848
cafe,53.8619511,27.4799926
shop_grocery,53.8357875,27.5683994
shop_grocery,53.9268110,27.5729588
shop_grocery,52.2000797,25.9865740
shop_grocery,52.1290977,26.0865842
shop_grocery,53.5236756,27.5233582
shop_grocery,53.5282233,27.8292871
cafe,53.9404301,27.4571668
cafe,53.9407505,27.4575759
shop_grocery,53.9369488,27.4450800
cafe,53.9049688,27.5469605
shop_grocery,54.4152492,28.0316308
shop_grocery,55.0653867,27.5596114
shop_grocery,55.0651106,27.5613061
shop_grocery,55.1409101,28.0463922
shop_grocery,53.9278273,27.6284186
shop_grocery,55.2960585,28.2188186
shop_grocery,54.2087680,27.8392312
shop_grocery,54.4229825,27.8872288
shop_grocery,54.4230790,27.8513535
shop_grocery,53.7451809,27.3334853
cafe,52.1094000,26.0577840
fap,52.1450188,26.0900523
restaurant,53.9086044,27.4345896
shop_grocery,53.0767606,26.6381094
shop_grocery,52.1075200,26.0583338
shop_grocery,52.4650140,30.9695534
shop_grocery,54.7136235,27.2896110
shop_grocery,53.7150156,31.7225234
shop_grocery,53.2727033,29.4824137
shop_grocery,53.8337670,28.9775220
shop_grocery,52.0853071,23.6945866
shop_grocery,53.9284022,27.5549716
shop_grocery,53.8542353,27.6134573
cafe,53.8751482,27.5500653
shop_grocery,54.1602420,28.6058141
shop_grocery,52.1526613,26.1843332
fap,53.6791323,23.8262523
cafe,53.8913089,25.3063776
shop_grocery,54.2409281,28.5109966
shop_grocery,54.4270627,28.4277527
cafe,52.1160929,26.1139695
cafe,52.1158705,26.1141036
station,52.3595444,26.7943558
shop_grocery,54.4164097,27.2925574
shop_grocery,53.8335153,25.1126888
shop_grocery,54.7584623,27.0895209
shop_grocery,54.8918509,26.9038598
shop_grocery,53.7561063,27.5053383
shop_grocery,54.5327062,30.4439224
shop_grocery,54.5732884,30.6899615
shop_grocery,53.1473294,27.0958988
shop_grocery,53.1202878,26.0001085
shop_grocery,52.5697447,24.4655495
shop_grocery,52.1541895,25.5453992
shop_grocery,53.8740192,30.3136610
cafe,52.1189270,26.1176091
cafe,53.8696427,27.5468423
shop_grocery,52.4347999,31.0063884
shop_grocery,55.0556902,26.2979466
post_office,52.5354281,24.9824374
shop_grocery,52.1380023,26.1108971
fap,53.8712032,27.5523900
shop_grocery,52.5302762,24.9774348
shop_grocery,53.7576276,23.8282204
post_office,52.2106857,24.3436583
bank,52.2117155,24.3516559
post_office,52.2027745,24.3375914
post_office,52.9515205,29.7804357
shop_grocery,53.0665080,26.6315361
shop_grocery,53.6560781,23.8117234
shop_grocery,53.0580957,26.6338364
shop_grocery,53.7066298,23.6452151
shop_grocery,54.7315953,28.0628067
shop_grocery,53.5149208,29.8697894
cafe,52.1314668,23.6722764
post_office,55.1428684,29.5798879
bank,53.9402013,23.9658145
shop_grocery,54.2543330,28.5156775
shop_grocery,52.4011421,23.3801603
post_office,53.6402594,30.0662051
post_office,53.1137622,29.1106322
shop_grocery,54.4519943,27.2852026
shop_grocery,53.6353735,27.9324526
shop_grocery,53.6622907,27.7672829
shop_grocery,54.2413167,28.4751243
post_office,53.7919097,25.1440965
shop_grocery,54.4064372,29.7226133
shop_grocery,52.5998770,24.3979644
shop_grocery,53.8709742,27.5262704
shop_grocery,52.4503611,30.9728558
shop_grocery,53.9035757,27.3421527
shop_grocery,53.9680756,27.1223898
shop_grocery,54.1070793,28.2512666
cafe,52.0923423,23.7381258
cafe,53.8846928,27.5047901
shop_grocery,53.8666164,27.5299594
shop_grocery,53.8697013,27.5378966
post_office,54.0408557,30.9766915
bank,54.0407417,30.9768720
cafe,53.8581919,27.4815515
shop_grocery,53.7864428,28.2319453
shop_grocery,53.7865000,28.2207805
post_office,53.8311415,28.2372370
cafe,52.4213367,30.9231865
cafe,53.6826624,23.8314569
bank,55.1942097,30.1931187
fap,55.1947752,30.1891901
shop_grocery,55.1948608,30.1886149
cafe,53.8864767,27.5836679
cafe,52.4301789,30.9961054
post_office,55.1700244,30.2028516
post_office,52.7936878,27.5279360
post_office,53.0219071,27.5578501
post_office,53.7765987,27.5918133
post_office,53.0651391,26.6328276
post_office,54.0903138,26.5284864
post_office,53.0427953,28.2569904
post_office,53.9347526,30.2496781
post_office,53.9914802,29.7116752
post_office,53.3567027,32.0464025
post_office,52.0370150,29.2064661
post_office,52.4336880,30.9501420
post_office,55.2036739,30.2108890
post_office,54.4058352,29.7062239
post_office,55.1143306,26.8382210
post_office,55.1728707,30.2009997
post_office,55.3013923,29.6182501
post_office,53.1273057,25.9998200
post_office,53.1283731,26.0726970
post_office,51.9039113,26.8548573
post_office,53.8673709,27.6745525
post_office,53.8519680,27.4560420
post_office,53.8881610,27.4230922
post_office,53.8893242,27.6114717
post_office,53.8509032,27.6075496
post_office,53.8780003,25.2780111
cafe,52.0993891,23.7281816
post_office,52.1005675,23.7663094
shop_grocery,52.1390132,26.1153522
shop_grocery,52.1351838,26.1152288
shop_grocery,52.1256044,26.0962898
shop_grocery,52.9638467,26.9961489
shop_grocery,52.1730582,24.1455056
cafe,53.2997750,28.6467069
school,52.7692758,27.5318520
shop_grocery,54.5104065,26.3340998
cafe,52.1543188,24.0465152
cafe,53.8910609,27.5604155
bank,52.1660994,24.1113959
shop_grocery,52.1662973,24.1143718
shop_grocery,53.5700123,26.1399134
fap,53.5773953,26.1318568
post_office,53.5707195,26.1412770
cafe,54.5111829,30.4274503
cafe,53.5757838,26.1424654
cafe,53.2227462,26.6939420
bank,52.4281589,30.9996991
sports_centre,53.9383030,27.4869153
sports_centre,53.9515693,27.6817639
sports_centre,53.8918217,27.5277911
sports_centre,53.9281090,27.5841315
cafe,53.8551802,27.4784248
bank,55.6676153,28.3289573
shop_grocery,55.4870833,28.8392780
shop_grocery,55.4928064,28.7763181
shop_grocery,53.8823994,27.4239988
restaurant,53.7981119,23.6640312
cafe,54.5157552,30.4331058
cafe,54.2225742,28.5202383
cafe,54.2209596,28.5257460
cafe,54.2214793,28.5224561
cafe,54.5077581,30.4266720
fap,53.9661932,27.6611029
post_office,53.5969397,24.2867519
post_office,53.4562966,24.1857828
fap,53.9086748,27.5191805
post_office,55.9109258,27.8841153
shop_grocery,55.6316844,30.1596267
shop_grocery,52.0861563,23.7087855
shop_grocery,54.5975921,26.8812151
cafe,52.4056393,30.9826859
cafe,52.6539803,25.2390616
bank,52.6537042,25.2391870
shop_grocery,53.9209671,27.5652023
school,52.0880237,23.7105171
shop_grocery,52.4506583,31.0290809
shop_grocery,51.9810228,30.4966897
cafe,53.9256652,30.3398770
cafe,52.4256990,31.0136525
shop_grocery,53.8756150,27.9036758
shop_grocery,52.3710569,30.3900278
shop_grocery,52.3775428,30.3661347
restaurant,53.8904739,27.5258238
post_office,53.0788613,27.0123416
shop_grocery,52.1304602,26.1276770
shop_grocery,52.1303260,26.1285500
post_office,52.1320803,26.1299944
shop_grocery,52.1015438,23.7841116
cafe,53.9094085,27.5577109
cafe,53.8841434,27.5418390
bank,53.5691878,24.2018311
fap,52.4440065,31.0015858
cafe,53.9016538,27.4091600
cafe,54.5119813,30.4260254
cafe,54.5092591,30.4271372
restaurant,53.9064298,30.3444009
cafe,52.4247572,31.0106993
cafe,52.4135674,30.9487583
cafe,52.4374906,31.0016626
cafe,52.3587629,31.0099896
shop_grocery,53.7131774,23.8670284
cafe,53.8433315,27.5725439
cafe,54.5018195,30.4103232
shop_grocery,54.6588457,26.7725215
school,54.6575074,26.7722211
cafe,54.5084359,30.4265605
restaurant,52.4597484,30.9659994
cafe,53.8760912,27.6201151
cafe,53.9662775,27.6609256
cafe,52.4337867,31.0040509
shop_grocery,52.4387318,31.0084438
post_office,52.4374101,31.0014557
cafe,52.4319640,30.9931204
shop_grocery,53.2791197,26.9747387
shop_grocery,53.3523092,24.6252134
bank,53.8994055,30.3346804
cafe,52.0616148,23.7336190
shop_grocery,53.9341583,27.6474836
shop_grocery,53.9312779,27.6360085
cafe,53.8710610,27.5419154
shop_grocery,53.8933892,30.3151959
shop_grocery,55.2024456,30.1523396
shop_grocery,52.4218622,31.3172367
shop_grocery,54.4767688,26.4239377
shop_grocery,52.7695462,26.4299751
cafe,52.4355346,31.0070039
restaurant,52.4356644,31.0071225
bank,52.0969418,23.6959809
cafe,52.0959831,23.6973169
cafe,52.4279635,30.9927644
shop_grocery,52.1123547,26.0690975
cafe,55.1701805,30.2195388
station,52.0644295,23.7500822
station,51.9448909,23.9171184
station,51.7942771,24.0860869
station,51.7044058,24.1746700
cafe,52.1007410,23.7231899
post_office,51.8550383,26.8895550
shop_grocery,52.1005380,23.7570672
restaurant,52.4188450,31.0107502
shop_grocery,53.3148157,25.4773371
cafe,52.4389214,31.0033095
shop_grocery,55.1567340,27.3846733
shop_grocery,53.7259270,27.7907714
shop_grocery,53.7220569,23.8798897
bank,54.3574299,28.2219550
fap,52.3840197,30.3453850
cafe,53.9350249,27.5948554
cafe,52.1051619,23.7745779
shop_grocery,52.1058886,23.7770015
cafe,52.1087613,23.7721072
fap,55.1998587,30.2090777
fap,52.1364185,26.1057807
shop_grocery,52.1403826,26.1103338
cafe,52.1405485,26.1101963
shop_grocery,52.1412913,26.0973747
fap,52.0864247,23.6924885
shop_grocery,54.6558849,29.1458829
shop_grocery,54.6506186,29.1405470
shop_grocery,54.5064900,30.4061925
post_office,55.1750470,30.2468277
post_office,55.1970471,30.2062697
post_office,53.8817960,30.3350920
post_office,53.5015257,28.1723694
post_office,52.7879295,27.5368779
post_office,54.0394073,28.0798091
post_office,52.3759490,30.3812470
post_office,52.8928852,30.0340215
post_office,53.1191076,25.9919550
post_office,53.1324891,26.0348366
post_office,52.0772056,23.7374126
post_office,53.6776337,23.8399040
post_office,54.4719522,26.4179950
post_office,53.1630106,24.4704001
post_office,53.6603300,23.8176727
post_office,53.8367540,27.6478334
post_office,53.8624591,27.5658839
post_office,53.9351622,27.4739308
post_office,53.9371071,27.5797101
post_office,53.9451868,27.6051804
post_office,53.8795702,27.4977344
post_office,53.8476013,27.5671531
post_office,53.9047163,27.4329680
post_office,53.8785211,27.9083035
post_office,53.9253786,27.5081708
post_office,54.0982212,28.2916231
post_office,53.0274610,27.5504650
shop_grocery,54.2933045,26.8777780
cafe,52.1412493,26.0980949
shop_grocery,53.9029069,25.2840564
post_office,54.7547984,26.3876618
post_office,54.6268824,26.4539060
post_office,54.7157947,26.5243291
cafe,53.9096691,27.4956066
cafe,53.9448217,27.6871320
shop_grocery,55.1739656,30.2541848
shop_grocery,52.4232635,31.0066465
cafe,53.8915518,25.3151295
post_office,53.8648737,27.6088167
shop_grocery,52.1410452,26.1034794
shop_grocery,53.8399570,27.5248053
shop_grocery,52.4189945,30.9859770
bank,54.7159301,26.5243693
cafe,52.5178328,25.8443907
shop_grocery,52.0710038,23.7257127
cafe,52.4556192,31.0207099
cafe,52.4610882,31.0217988
shop_grocery,52.1278640,23.6543139
shop_grocery,52.1272195,23.6539305
shop_grocery,52.1275984,23.6494486
fap,52.4313496,31.0141045
post_office,52.2530405,23.9081613
shop_grocery,53.6690382,23.8534738
shop_grocery,52.0971840,23.7545308
shop_grocery,52.0919602,23.7637325
fap,53.8739958,27.6308792
fap,53.8482743,27.4764147
shop_grocery,55.1705674,30.2621613
shop_grocery,52.0761079,23.7445254
cafe,52.0785461,23.7534479
cafe,53.8971586,27.5555653
cafe,53.6822968,23.8322612
cafe,52.0955448,23.6914554
station,52.5478919,24.9735460
station,54.5210838,30.3767749
station,54.4023415,29.7529774
station,54.2989621,29.0699979
station,55.3036331,29.6185921
station,55.2044905,29.9327150
cafe,52.0974467,23.6861134
cafe,52.0969680,23.6875036
cafe,52.1049523,23.6725220
cafe,52.5047982,31.0333685
cafe,52.4597985,31.0283261
cafe,53.1029757,30.0671032
cafe,52.5048697,31.0333945
bank,52.0971508,23.6970467
station,55.0285162,27.7819766
station,53.5152284,30.2306990
station,53.9262159,30.3378666
station,54.2190171,30.2774905
shop_grocery,54.5442125,28.7997756
shop_grocery,54.5447174,28.8014433
post_office,54.5441598,28.8006675
shop_grocery,53.1482153,27.1132642
shop_grocery,53.8671001,28.3402510
shop_grocery,53.6887077,28.9858696
shop_grocery,53.6853323,28.9783991
cafe,52.0939713,23.6979752
cafe,52.0929457,23.6952764
school,52.0992819,23.6897323
shop_grocery,54.2037221,27.8523813
shop_grocery,53.5106712,28.1447829
shop_grocery,52.7051629,25.3561937
shop_grocery,51.8061721,29.1535649
shop_grocery,51.7858361,28.3298918
shop_grocery,52.3839356,31.3405277
shop_grocery,53.6465210,23.7792624
shop_grocery,53.9935080,29.7197438
post_office,52.4692399,31.0387727
post_office,53.8540751,30.3532650
post_office,54.1547207,27.2457290
post_office,54.0036647,27.6773823
post_office,54.3191616,29.1348495
post_office,55.1746779,30.1504862
post_office,53.9572208,27.6058541
post_office,53.9124205,27.5686326
post_office,53.9274147,27.4913973
post_office,53.9116610,27.5136865
post_office,53.9373387,27.4662910
shop_grocery,54.4059906,29.6890267
shop_grocery,51.8206225,29.1444830
shop_grocery,52.0607067,29.2391430
shop_grocery,52.3804658,31.0198299
shop_grocery,53.8621157,30.3100487
shop_grocery,53.7043569,31.7285897
shop_grocery,53.2911988,28.6343687
shop_grocery,53.1622253,29.2029326
shop_grocery,53.8781545,30.3918765
shop_grocery,54.0948694,28.3326255
shop_grocery,54.2136057,28.4906296
shop_grocery,55.4922230,28.7529323
shop_grocery,55.4960653,28.7862568
shop_grocery,52.8948163,30.0218711
shop_grocery,52.5656065,24.4646972
shop_grocery,52.1249689,26.1258933
shop_grocery,53.6365767,23.8502160
shop_grocery,53.1562348,24.4600790
shop_grocery,54.6218260,25.9622614
shop_grocery,53.5838280,24.2471926
shop_grocery,53.8596950,27.6258732
shop_grocery,53.9688073,27.5438189
shop_grocery,53.7379798,31.7166254
shop_grocery,53.9471253,30.3269016
shop_grocery,53.8621667,25.3287853
bank,52.0653003,26.2006424
shop_grocery,52.0650460,26.2003306
post_office,52.1151466,26.1096029
cafe,55.3162318,29.4481454
cafe,54.2002908,27.8466385
shop_grocery,54.2008809,27.8440974
cafe,54.4235108,27.8335873
cafe,52.4163118,30.9603675
cafe,52.4597637,30.9659037
shop_grocery,52.4081159,30.9600328
shop_grocery,53.0838249,25.3235178
shop_grocery,53.8391739,27.5804915
ice_rink,53.6149006,23.8140186
ice_rink,53.6741178,23.8314327
shop_grocery,54.8497170,30.0307900
cafe,53.9471370,27.6817606
cafe,52.0697931,23.7039155
post_office,52.6905422,30.3119148
fap,52.1035857,23.7612588
cafe,53.8804591,30.3185890
fap,52.4053268,30.9214817
cafe,53.8596544,27.4819935
cafe,53.9065181,27.4544016
cafe,53.8692287,27.6471280
cafe,52.4295116,31.0121053
post_office,53.6307545,24.1035814
post_office,53.6367062,24.2587348
shop_grocery,53.8590424,27.6269010
bank,54.5120319,30.4251742
shop_grocery,53.8616633,27.4769937
fap,53.9049416,30.3438266
post_office,53.9568796,27.7815580
post_office,54.0149595,28.0612627
pool,53.7277511,23.7850297
shop_grocery,55.1813557,30.2126973
cafe,55.1812265,30.2132783
shop_grocery,55.1807235,30.2158815
shop_grocery,55.1790801,30.2152875
cafe,55.1787439,30.2151702
bank,55.1762349,30.2375646
shop_grocery,55.1758887,30.2388606
shop_grocery,55.1761788,30.2394872
post_office,55.1755925,30.2387443
cafe,52.4270311,31.0033674
cafe,53.9275097,27.6296392
shop_grocery,53.8833999,27.5088747
cafe,53.6808255,23.8319655
shop_grocery,52.4088001,30.9688935
restaurant,53.8971812,27.6056820
shop_grocery,54.2022218,28.4707716
shop_grocery,53.9012510,27.4776392
post_office,55.4912538,28.7512529
post_office,53.9103728,27.4926349
post_office,52.2120509,24.3636739
cafe,52.4308818,31.0018173
cafe,52.4541049,30.9971264
shop_grocery,52.1028166,23.6479254
restaurant,53.9181784,27.5899175
shop_grocery,52.1048068,23.6536385
restaurant,52.4410983,31.0036830
shop_grocery,52.1102217,23.6470342
cafe,52.1924643,25.1634308
cafe,53.8971312,27.6056738
fap,52.4462786,31.0171755
cafe,52.1074434,23.6423445
cafe,53.8904613,27.5543305
cafe,52.4285636,31.0128307
cafe,52.4258584,31.0141888
cafe,52.1003793,23.6556103
cafe,52.1005342,23.6555077
shop_grocery,52.1017848,23.7252084
cafe,52.0872102,23.6960778
bank,52.4450792,31.0170815
cafe,52.0919285,23.7013214
fap,52.0910048,23.7019487
cafe,52.0904975,23.6893100
shop_grocery,53.9062506,27.4307239
cafe,53.9064613,27.4294844
post_office,53.8730454,27.6259841
cafe,53.8881577,27.5204412
post_office,52.4130245,30.9498334
cafe,53.8631292,27.5501080
cafe,52.1414622,29.3337775
cafe,52.1386490,29.3216781
cafe,53.9237756,27.5217711
cafe,52.1084072,26.0519749
fap,53.8764806,27.5185563
cafe,53.8998272,27.5445530
bank,53.8505679,27.4741658
bank,52.7922136,27.5398418
shop_grocery,53.8996437,27.6031387
shop_grocery,53.9989816,27.7122692
shop_grocery,52.7862679,27.4950650
shop_grocery,53.5950814,24.7386596
shop_grocery,54.4797103,26.3711186
shop_grocery,53.0332862,24.0997290
shop_grocery,52.2061669,24.3428986
shop_grocery,52.1175414,26.1108997
shop_grocery,53.3931382,29.0083332
station,55.8410306,29.9738822
shop_grocery,53.8768124,27.5325529
shop_grocery,53.8819896,27.5380302
shop_grocery,55.1968468,30.2323795
post_office,55.1647108,30.1877493
cafe,52.4619624,31.0334903
cafe,53.8714803,27.5393214
shop_grocery,55.4511228,29.9810511
sports_centre,55.1799744,30.2471144
station,53.5720633,24.2240742
shop_grocery,53.8669796,27.5672501
bank,53.9108728,27.4968001
fap,53.8707991,27.5266759
post_office,52.1010629,24.1398437
post_office,52.1573379,26.0906998
bank,52.0995961,23.6496428
post_office,52.1377570,25.9489077
post_office,52.1325249,26.0221910
shop_grocery,52.1339062,25.8971867
post_office,52.0929187,25.7779062
cafe,53.9012283,27.5500470
shop_grocery,55.2504947,30.3221627
shop_grocery,55.1347865,30.1490687
shop_grocery,55.1353012,30.1491675
bank,55.1293810,30.2618893
shop_grocery,55.1870378,30.0669287
post_office,55.0640946,30.3522629
shop_grocery,53.7220186,23.8818300
shop_grocery,54.2055817,27.8532207
cafe,54.2051422,27.8534823
cafe,54.2010595,27.8480812
post_office,55.1739543,30.2554765
shop_grocery,55.1511066,30.3956410
shop_grocery,55.1787274,30.2629289
shop_grocery,53.0357126,24.1036994
shop_grocery,53.0380057,24.0922068
shop_grocery,54.0983618,28.2913453
school,53.8478292,27.5629002
cafe,52.0902368,23.6803374
bank,53.8915480,27.5526987
cafe,53.8915667,27.6563476
cafe,55.2055144,30.2149669
shop_grocery,53.7575491,28.0025932
restaurant,52.0743953,23.7061738
cafe,52.0952431,23.6934656
shop_grocery,52.1322730,26.0240498
shop_grocery,52.1533862,26.0192031
post_office,52.4395886,30.9141913
shop_grocery,52.4395902,30.9140197
post_office,52.4468199,30.9589230
post_office,53.9697873,27.5321640
post_office,53.9387371,27.7222637
shop_grocery,52.1006946,23.7284313
shop_grocery,53.8292222,28.9924577
post_office,52.4733557,30.9189763
shop_grocery,52.5413037,25.0284326
post_office,52.4639010,30.9907053
shop_grocery,54.3088329,26.8316621
shop_grocery,53.6405657,23.8420271
fap,53.6173112,23.8140533
post_office,52.7519713,25.0794254
bank,53.8981363,27.5425249
shop_grocery,52.1158145,25.9214352
shop_grocery,52.1070019,25.9648387
post_office,52.1071510,25.9653229
bank,52.1275211,26.0306185
shop_grocery,53.6765958,27.0918532
shop_grocery,51.9864709,24.2074567
shop_grocery,51.9858283,24.2078832
shop_grocery,52.2496818,29.8235491
cafe,52.2503411,29.8261616
shop_grocery,52.2503526,29.8262930
shop_grocery,53.8651833,27.5360999
shop_grocery,53.9027280,27.4972739
post_office,54.0621602,29.9217850
bank,54.0621743,29.9217126
cafe,53.8757421,27.4419370
school,52.0640133,23.7331505
school,52.1737540,25.9973645
bank,52.1735089,25.9965022
shop_grocery,55.9128935,28.7983396
shop_grocery,52.1311517,26.0367528
bank,52.4287381,30.9997759
shop_grocery,52.1692480,26.2017824
shop_grocery,53.8913202,27.5585563
post_office,52.4016985,31.0379939
post_office,52.4018476,31.0604296
post_office,52.3559903,30.9792924
shop_grocery,52.3505838,30.9729562
shop_grocery,53.1452403,29.2364269
shop_grocery,53.9048027,30.3211884
shop_grocery,53.8832708,30.3334435
shop_grocery,53.3195037,28.6484159
shop_grocery,53.3520829,32.0583533
shop_grocery,53.9328186,30.3547531
shop_grocery,53.4848240,29.3376380
shop_grocery,53.0036415,27.5800647
shop_grocery,53.0187300,27.5545253
shop_grocery,53.1407218,27.0899168
shop_grocery,54.2704912,28.4990593
shop_grocery,53.2136450,26.6969656
shop_grocery,52.7882356,27.5209955
shop_grocery,52.2172498,25.9745550
shop_grocery,52.1440542,26.1728092
cafe,52.0888354,23.6952592
cafe,53.6834722,27.1338844
shop_grocery,53.7392846,31.6911160
shop_grocery,53.5977523,25.8076170
shop_grocery,55.1722642,30.1423007
shop_grocery,52.4199483,30.9679668
cafe,53.6872190,23.8412491
shop_grocery,55.2636211,30.3583561
shop_grocery,53.0397560,26.2601914
shop_grocery,52.1406757,26.1656570
shop_grocery,52.1478535,26.2133568
shop_grocery,53.3447921,28.5158634
cafe,55.1970271,30.2049896
post_office,53.2139277,26.0374314
shop_grocery,54.8428293,30.2087116
shop_grocery,53.6592310,23.8433013
cafe,53.4466972,31.0042083
cafe,53.0405173,27.5902262
post_office,53.9441845,27.6880181
bank,52.0889244,23.6872584
cafe,52.9979158,27.5920397
post_office,52.3534646,31.0475151
shop_grocery,52.7814217,27.5502757
shop_grocery,52.7925628,27.5173833
shop_grocery,52.4061605,30.9543637
shop_grocery,53.8982696,27.4562499
shop_grocery,53.8532122,27.4669699
shop_grocery,53.9001369,27.4895810
shop_grocery,53.9343900,27.6580190
post_office,52.4230890,30.9786180
post_office,53.1631126,29.2064822
post_office,53.9496802,30.3575957
post_office,53.9152347,30.3215860
post_office,53.6537868,23.8490074
restaurant,53.8618384,27.4804546
cafe,52.1182595,26.1063078
shop_grocery,55.0092540,30.7987788
cafe,52.9050801,30.0456092
cafe,52.0877041,23.7047188
cafe,52.0863551,23.6976010
fap,53.9592227,27.6647912
cafe,52.1296897,29.3348601
cafe,52.1299827,29.3388677
shop_grocery,52.1268186,29.3352575
fap,55.1936306,30.1881173
bank,53.8352366,27.5056635
shop_grocery,53.8357899,27.5053674
restaurant,53.9086960,27.5483415
shop_grocery,54.8444950,30.2014737
shop_grocery,54.1998301,28.6184218
bank,53.8686429,27.5502658
bank,53.9024445,27.5487922
shop_grocery,53.9204381,27.4479422
cafe,53.9207923,27.4480671
shop_grocery,52.2175859,27.4843512
shop_grocery,52.1107405,29.3331892
shop_grocery,53.1359726,30.8020758
shop_grocery,52.4238075,30.9909677
post_office,52.3259967,24.6552864
shop_grocery,54.8539136,26.7064676
restaurant,53.5946889,24.2559866
post_office,53.8676093,27.5303813
cafe,53.9024786,27.5464843
cafe,52.4624415,31.0342732
cafe,55.1633391,30.2033320
shop_grocery,52.1461800,26.0919901
post_office,53.5850091,27.0514593
post_office,53.1147842,25.9043580
cafe,53.9448696,27.6874148
cafe,52.0847264,23.6939755
cafe,52.4409004,31.0028136
shop_grocery,54.0905264,28.2936983
shop_grocery,54.5101955,27.2229245
shop_grocery,54.5097539,27.2227679
cafe,52.0696058,23.7032943
shop_grocery,52.2242144,23.8160446
cafe,52.1770413,26.0592578
cafe,52.1764911,26.0593155
cafe,52.1778357,26.0611206
post_office,52.1903654,25.9132746
shop_grocery,52.1897973,25.9181482
shop_grocery,52.1825568,25.9335038
cafe,52.1127601,23.7346506
shop_grocery,53.7994572,29.0923116
shop_grocery,55.0611819,30.3545701
cafe,55.1958050,30.2051419
post_office,54.0132651,27.2629412
post_office,54.0975732,28.2984762
post_office,53.8359826,27.5045528
post_office,52.8913482,30.0390646
shop_grocery,53.9217892,27.5638969
restaurant,53.9372519,27.5817111
restaurant,53.8973099,27.5474798
cafe,52.0832053,23.6987161
shop_grocery,52.1923977,25.9154820
cafe,52.3703110,30.3927567
shop_grocery,52.1563622,25.8646166
post_office,52.1579617,25.8608159
shop_grocery,52.5606180,30.8793949
shop_grocery,52.5606284,30.8823419
shop_grocery,55.1728484,30.1535062
shop_grocery,52.5629044,25.3693895
shop_grocery,52.5853176,25.3821496
shop_grocery,52.0938381,23.7290474
cafe,52.0970022,23.6886244
fap,53.9233550,27.4421235
fap,53.9230790,27.4429313
shop_grocery,53.9293571,25.2013508
post_office,53.9293252,25.2016022
cafe,53.9007671,27.4730145
bank,52.0979829,23.6967415
cafe,52.0972535,23.6947510
bank,53.1326989,26.0223101
post_office,55.1868785,30.1885849
cafe,53.9161857,27.5875616
restaurant,52.0919000,23.6932230
cafe,52.0917863,23.6933130
post_office,52.4405465,24.8482550
shop_grocery,53.8792146,27.4840532
cafe,53.6766396,23.8252859
post_office,54.8865662,27.0822426
shop_grocery,54.8865787,27.0829217
shop_grocery,54.8836212,26.9564175
post_office,54.9004665,26.4014500
post_office,54.8484974,26.3915898
shop_grocery,54.8485338,26.3917179
bank,54.8483436,26.3913989
post_office,54.3990084,26.3974411
post_office,54.0643116,25.9155590
bank,54.0316415,25.9265611
post_office,54.0315919,25.9265969
post_office,53.9272895,25.5086568
shop_grocery,53.3968735,29.2293687
cafe,53.9025193,27.5489400
shop_grocery,53.7335374,29.1646188
cafe,53.8492848,27.4332277
bank,53.8935366,27.5570337
restaurant,53.9267027,27.5091895
cafe,53.8620324,27.4801219
post_office,53.9129926,27.5339109
fap,53.8712059,27.5399255
sports_centre,53.8465334,27.4747810
cafe,53.9056807,27.4392702
cafe,53.8999020,27.5569879
cafe,53.8924154,27.5480914
post_office,53.8672219,27.6268580
fap,55.1923985,30.2125871
cafe,53.8944832,27.4816017
shop_grocery,53.8670218,27.5304720
cafe,53.9061541,27.4397708
cafe,55.1512413,30.3950956
shop_grocery,55.1511494,30.3950259
post_office,53.9041182,30.3604485
post_office,54.6541013,29.1463895
restaurant,53.8702833,27.5004358
cafe,52.0924136,23.7010148
cafe,53.6785595,23.8266581
cafe,52.4508722,31.0245848
cafe,52.0957281,23.7037455
cafe,54.2761351,25.3751596
post_office,53.5053984,24.2548925
fap,52.1978168,23.5852633
cafe,52.1958850,23.5857220
shop_grocery,52.1960732,23.5868606
shop_grocery,52.1352414,26.0378122
shop_grocery,52.2633141,25.8853810
shop_grocery,52.2618399,25.9298775
shop_grocery,52.2611512,25.9418267
shop_grocery,52.3358133,26.3131294
cafe,52.4308937,31.0107078
cafe,52.0948004,23.6914395
shop_grocery,52.3495561,30.3935886
shop_grocery,53.6498469,23.8505126
shop_grocery,55.1433705,27.2076021
shop_grocery,52.3040895,23.4799014
shop_grocery,52.4363057,30.9963238
shop_grocery,53.8823800,27.4322291
shop_grocery,55.1867676,30.1883470
shop_grocery,52.4215580,24.1676800
post_office,52.3004607,24.2770400
post_office,54.2785294,28.1686409
shop_grocery,53.8622449,27.5365528
shop_grocery,52.0369410,29.2641211
cafe,52.0363442,29.2183007
post_office,53.0390585,25.3801775
shop_grocery,52.8265902,24.9981505
cafe,53.8673165,27.4877900
cafe,55.2013603,30.2233270
shop_grocery,54.9924719,30.3127879
post_office,52.1868682,24.2411894
shop_grocery,53.6213603,26.6642461
post_office,53.8908725,26.7413471
cafe,53.8906572,26.7412410
post_office,54.4632205,26.8421005
post_office,54.1278847,26.9659066
shop_grocery,53.3948558,26.6334677
post_office,53.3945592,26.6334543
shop_grocery,53.3949035,26.6324512
shop_grocery,53.2017850,26.0243365
post_office,53.2616528,26.0428674
sports_centre,53.8427753,27.5689896
shop_grocery,55.0083112,30.7962884
cafe,52.4290650,31.0123936
shop_grocery,55.2208882,29.8807049
cafe,52.0866524,23.7148200
shop_grocery,52.0865957,23.7149184
station,55.1833317,30.2594660
cafe,53.8665180,27.5518159
cafe,53.8649478,27.5364518
post_office,52.6536727,25.2391490
shop_grocery,52.6982970,25.4235005
cafe,52.7833046,27.5126286
bank,52.7850153,27.5108873
cafe,53.8684309,27.5501429
shop_grocery,52.7798237,27.5459929
fap,52.0907170,23.7057133
fap,52.0895428,23.7043668
bank,53.9078652,30.3405706
post_office,53.3071521,28.6361394
shop_grocery,54.0032098,29.7135069
shop_grocery,53.1434353,29.2200188
shop_grocery,51.7897383,28.3184345
shop_grocery,51.9050154,29.9997622
bank,52.4168133,30.9618207
post_office,53.1624774,24.4603504
shop_grocery,53.7181016,23.8622202
restaurant,53.9587372,27.6630402
cafe,53.9592563,27.6628022
shop_grocery,53.0352555,25.2679083
post_office,53.4974067,24.0689563
shop_grocery,53.8631919,30.3081885
shop_grocery,53.8458347,27.5339774
shop_grocery,52.1032838,23.7861785
cafe,54.0131938,27.2608398
cafe,54.0104115,27.2707807
post_office,52.5865965,24.8631250
bank,52.6411413,24.5831846
post_office,52.6792938,24.6595135
bank,52.6792556,24.6597281
cafe,52.0945352,23.6919254
cafe,52.0851848,23.7033557
shop_grocery,53.0587052,25.3481043
post_office,53.1610804,24.5799699
fap,53.1457609,24.6284924
post_office,53.1458831,24.6282202
post_office,53.0348507,24.0954101
shop_grocery,54.2532895,25.3576268
post_office,53.1683247,24.2412160
post_office,53.2487512,24.1875916
post_office,53.3147703,24.6063253
cafe,53.8547750,27.4391835
cafe,52.0970844,23.6929889
post_office,53.3670618,24.3642010
cafe,52.0730158,23.7528464
shop_grocery,55.1940184,30.1945062
cafe,52.8777059,24.0854397
post_office,53.1982541,25.4737524
cafe,53.8973350,25.3225476
cafe,53.8958626,27.5478036
cafe,53.9179528,27.5894058
cafe,53.8930198,27.5566825
cafe,53.8865286,27.4273403
cafe,53.8980438,27.5435155
cafe,53.8621965,27.4450702
cafe,53.8486070,27.6999235
cafe,53.8767906,27.5182639
cafe,53.9237939,27.6102278
cafe,53.9069242,27.4929487
cafe,53.1326722,26.0210731
cafe,53.8995379,30.3378380
cafe,53.9040521,30.3396002
cafe,52.0401821,29.2074419
cafe,52.4243654,30.9965250
bank,53.9000316,27.5586397
fap,52.1464475,26.0915865
cafe,52.1154890,26.1140842
cafe,52.2255374,27.4850608
restaurant,52.2255943,27.4849713
shop_grocery,52.1117799,26.0956769
cafe,53.9191361,27.4311318
cafe,53.9187137,27.4305163
shop_grocery,53.2485109,24.1865355
cafe,52.5694469,23.8023895
shop_grocery,54.4760158,26.3969753
post_office,52.0199055,26.2188774
post_office,52.0629299,26.1290100
shop_grocery,52.0247440,26.0863187
shop_grocery,53.8872111,27.5023865
cafe,54.5205540,30.4359871
cafe,52.4274470,31.0135402
fap,52.1459611,26.0900053
fap,52.1461471,26.0903004
fap,52.1463923,26.0899705
shop_grocery,52.0681702,26.1355734
shop_grocery,55.6874388,27.1825489
shop_grocery,53.9678555,27.0539833
shop_grocery,52.1760264,26.2621388
shop_grocery,52.1754232,26.2613697
post_office,52.1752854,26.2621897
bank,52.1752106,26.2621482
shop_grocery,52.1509579,26.1591085
cafe,52.1764006,26.2636261
bank,52.4321792,30.9974223
post_office,52.3261822,26.2561078
shop_grocery,52.3049120,26.2485339
post_office,52.3225749,26.3470656
post_office,52.2772516,26.4286959
post_office,52.2412348,26.3515261
post_office,52.3050625,26.2499025
cafe,52.3049567,26.2486996
sports_centre,53.8913969,25.2609699
cafe,54.0941763,28.3077024
shop_grocery,52.2282923,27.4565667
shop_grocery,52.0709513,23.7566260
shop_grocery,52.4562235,23.3675328
shop_grocery,52.2080028,27.1374777
cafe,52.2080299,27.1373074
shop_grocery,52.3173563,26.6305348
cafe,53.8977486,27.5702375
post_office,52.2820423,25.8161117
post_office,52.2884088,25.7560981
shop_grocery,52.2013135,25.9839655
shop_grocery,52.2770994,26.4272053
shop_grocery,52.2411535,26.3506570
shop_grocery,52.2382660,26.3462582
cafe,52.2381576,26.3460933
cafe,53.8954977,25.2966001
restaurant,53.9062743,27.5424309
cafe,53.8691113,27.5347563
cafe,53.8702976,27.5385100
cafe,53.8702940,27.5386581
bank,53.8702893,27.5388656
cafe,53.8922085,25.2981679
cafe,53.8746694,27.6320958
cafe,53.9238745,27.6106011
cafe,53.8631292,27.6040281
cafe,53.9439106,27.6873448
cafe,53.9278539,27.6284088
cafe,53.9122639,27.5264849
cafe,53.8882804,27.5206897
cafe,53.9178525,27.5581865
cafe,53.8686946,27.5694780
cafe,53.8784743,27.4543431
cafe,53.9258727,27.5924259
cafe,53.9182389,27.4521201
cafe,53.9468897,27.6114568
cafe,53.9351681,27.5927693
cafe,53.9046084,27.5492558
cafe,53.8430251,27.5768623
cafe,53.9236608,27.5555041
cafe,53.8661824,27.5540134
cafe,53.8693199,27.6512811
cafe,53.8977963,27.5563253
cafe,53.6904124,27.1609325
cafe,53.0294500,27.5553256
cafe,53.9238811,27.6255214
cafe,53.9084989,27.5209011
cafe,53.9405084,27.4640845
cafe,53.9245072,27.4417448
cafe,53.9049665,27.4809099
cafe,53.9067770,27.4735450
cafe,53.9058263,27.5796023
post_office,52.2005128,26.0682969
cafe,53.9917759,27.5395119
shop_grocery,53.8870594,27.6909036
shop_grocery,52.9629414,26.4698838
fap,52.0891127,23.6971402
cafe,52.0885588,23.6944747
cafe,52.0882153,23.6961173
cafe,52.0827952,23.7720658
fap,53.8917328,27.5545761
cafe,53.8913723,27.5538911
shop_grocery,52.4112253,30.9516029
shop_grocery,52.4110747,30.9517479
restaurant,52.4686969,31.0396139
cafe,53.6184399,23.8153428
cafe,53.8671389,27.5306660
restaurant,53.8675120,27.5304051
shop_grocery,52.4125856,30.9712515
fap,53.8664772,27.5269425
cafe,52.3568083,31.0276010
shop_grocery,55.3487690,30.2322051
shop_grocery,52.3234159,26.3477388
post_office,52.1132897,25.9130350
shop_grocery,52.3236159,26.3734706
cafe,52.3235741,26.3733593
cafe,52.3013001,26.3286535
shop_grocery,52.3013263,26.3288158
shop_grocery,52.9508519,27.8908083
shop_grocery,52.2102447,27.1300775
bank,52.0744396,23.7058519
cafe,52.4509611,30.9966850
shop_grocery,52.4124906,30.9714382
station,54.7536523,30.2774953
post_office,54.3412653,29.2752676
cafe,53.9044456,27.3390403
station,55.0211883,30.6027241
shop_grocery,53.6564537,23.7810444
cafe,53.8823044,27.5611475
shop_grocery,53.8803666,27.5494375
restaurant,52.4098123,30.9504863
station,55.3159257,29.4994202
station,55.5730899,28.9801352
station,55.5489832,28.9037780
cafe,52.4154215,30.9578409
fap,53.9304025,27.6739581
fap,53.8795094,27.4977226
shop_grocery,53.8765678,27.6257603
bank,53.8765441,27.6261663
cafe,53.8952844,27.5508941
shop_grocery,52.2890437,25.7561937
bank,52.2884292,25.7559630
fap,52.2862832,25.7945788
post_office,53.3109578,28.6403902
restaurant,53.9119214,27.5603878
cafe,52.0902177,23.6871577
restaurant,52.1925043,24.1532512
shop_grocery,53.9672387,27.6651138
shop_grocery,52.0675238,25.8163181
shop_grocery,52.0669632,25.8155000
post_office,52.0671364,25.8154812
shop_grocery,53.9085934,24.6451722
post_office,52.4506567,31.0245939
cafe,52.0882458,23.7036379
shop_grocery,53.8146307,24.5607554
bank,55.1746027,30.2660648
bank,55.9030541,28.8148108
bank,55.1579260,30.3465060
bank,55.0501112,26.3058604
bank,54.9304810,30.6695260
bank,55.4962821,28.7581322
bank,54.6265695,30.3082237
bank,54.6019424,30.0656260
bank,54.3217263,30.2866405
bank,55.1483810,27.9645920
bank,55.6258756,27.6342335
bank,55.2096841,27.5620542
bank,55.2948011,28.2188827
bank,55.3957267,26.6277797
bank,53.2552904,26.1803545
bank,55.2242251,29.2399412
bank,55.4137815,28.4871009
bank,55.4720985,28.7486313
bank,55.8210275,27.6330786
bank,54.8898835,28.9182644
bank,53.0688514,30.0203336
bank,52.3642144,30.3613143
bank,52.1035237,30.9794278
bank,52.3020296,31.4673404
bank,53.1001402,30.0447155
bank,53.2468605,30.5394757
bank,53.1531947,29.8464181
bank,52.1241509,28.4929696
bank,52.5196367,29.5985439
bank,52.1832834,28.9645105
bank,52.4051012,28.5472870
bank,52.0201457,29.1854628
bank,52.0466915,29.2382825
bank,52.0722673,29.2008764
bank,52.3493357,29.0099981
bank,52.3431991,29.3975660
bank,52.4646427,29.2633789
bank,52.9116542,30.3229507
bank,51.9415357,29.5256732
bank,52.7290826,30.1110009
bank,52.9704978,29.9597898
bank,52.3639070,27.9066130
bank,52.0649595,27.7455243
bank,52.2779910,31.2711730
bank,52.4695896,30.9209508
bank,52.6960562,30.8825340
bank,52.2955600,31.1881739
bank,52.5999107,30.8266861
bank,52.5960886,30.7284218
bank,52.4275817,30.9959936
bank,51.3809629,30.6052355
bank,52.3511670,31.0367170
bank,52.4256357,30.9996709
bank,52.4421892,31.0113938
bank,52.4494558,30.9668874
bank,52.3986012,31.3364319
bank,52.3865890,31.3408517
bank,53.8723455,30.3741674
bank,53.1197575,29.5692859
bank,53.1910492,29.2248264
bank,53.1615772,29.2289216
bank,54.0538956,30.6510261
bank,54.1856504,30.6101310
bank,54.1416671,30.4958228
bank,53.6080627,30.3646960
bank,53.2738527,29.4711031
bank,54.3196394,30.1038254
bank,53.7507828,30.6245243
bank,52.7310801,28.5436757
bank,53.9811563,31.5810290
bank,53.8776685,30.3372297
bank,53.8935397,30.3118924
bank,53.8719227,30.3476195
bank,53.8767720,30.5088900
bank,53.9293469,30.2615211
bank,53.7375130,30.2707774
bank,53.5006815,29.1480852
bank,53.5963333,31.9524468
bank,53.6199548,31.9447693
bank,54.2092916,30.7796225
bank,53.2280383,29.5029709
bank,53.2729508,29.2421749
bank,53.9811680,29.9693357
bank,53.9887170,29.7135830
bank,53.9026767,30.3382398
bank,53.9499559,30.3610665
bank,53.9296921,30.3361793
bank,53.7546990,31.2803800
bank,54.2710408,30.4323097
bank,54.1129284,30.1122229
bank,53.1655830,29.1874670
bank,53.8719799,30.3658027
bank,53.1636291,29.1871033
bank,53.8918667,30.2962091
bank,53.1337500,29.2249500
bank,53.1538130,29.2207730
cafe,52.1275080,29.3345942
shop_grocery,53.0663792,26.6355157
shop_grocery,52.4493026,31.0158917
shop_grocery,52.4521223,31.0213851
shop_grocery,53.6806199,27.5489075
shop_grocery,53.0383247,27.2776432
fap,53.9213843,27.4370842
cafe,53.9352833,30.2570788
cafe,52.4243956,30.9964088
bank,54.2574739,26.0108255
bank,53.6502395,23.8535060
bank,53.9319424,25.2655367
bank,53.6054741,24.0828579
bank,53.9091347,24.6457061
bank,53.6395022,24.4781978
bank,54.4768474,26.4135543
bank,54.4214104,26.5411025
bank,53.0764441,25.3079038
bank,53.6504008,26.1723642
bank,54.5999129,25.9784313
bank,54.8140835,26.1618805
bank,54.6911903,26.1389342
bank,53.8562493,25.1533130
bank,53.5821590,25.8034410
bank,53.4634750,25.8808760
bank,53.6601934,26.0839559
bank,53.4440797,24.3752868
bank,53.5872523,26.1748924
bank,53.4045177,26.3180140
bank,54.0929180,25.7503330
bank,53.3198453,25.2898555
bank,53.5131641,23.9973877
bank,53.8296898,23.6563352
bank,53.6970317,23.9412078
bank,53.9407076,25.0427020
bank,54.0351555,25.4096550
bank,53.9265396,24.7899864
bank,53.2488059,24.1871765
bank,53.3670822,24.3642957
bank,53.3418390,23.9478640
bank,53.1219634,23.9697695
bank,52.6579458,24.1697261
bank,54.2706219,25.3735288
bank,53.1216876,23.8981047
bank,53.0126494,25.3453721
bank,54.0966959,25.1472287
bank,54.5418180,25.7052360
bank,53.6517044,23.8055406
bank,53.3841760,24.3999894
bank,53.6966999,23.8341860
bank,53.6710205,23.8138672
bank,53.9608479,27.6613247
bank,53.9004942,27.5649612
bank,53.8964422,27.5548509
bank,53.9179037,27.5575928
bank,53.8719885,27.6845534
bank,53.8958751,27.5461525
bank,53.9122981,27.5688708
bank,53.8864397,27.5648319
bank,53.9525911,27.6176956
bank,53.9234328,27.5530195
bank,53.8677764,27.4841881
bank,53.9621117,27.6302424
bank,53.9462179,27.6878391
bank,53.9470965,27.6297664
bank,53.8864018,27.5900801
bank,53.8775374,27.6065757
bank,53.9349574,27.6584410
bank,53.9533495,27.7170489
bank,53.8914154,27.6165234
bank,53.9286630,27.5075260
bank,53.9327872,27.4639127
bank,53.9208616,27.5890008
bank,52.6123475,27.5735110
bank,53.5082000,28.1484457
bank,53.1660553,27.4902429
bank,54.2965816,26.8780367
bank,54.3755429,26.6563489
bank,53.6865032,27.1360652
bank,52.8040784,27.5124940
bank,53.3319242,27.5177693
bank,52.6314819,27.2569851
bank,52.5271910,27.1345920
bank,53.5266338,28.2599323
bank,53.6002041,27.4600214
bank,53.3462987,26.7929635
bank,53.4595801,26.6800216
bank,53.7062136,26.5550687
bank,53.4598929,26.7254298
bank,53.1647991,28.1248434
bank,53.2261471,27.9783170
bank,53.3056610,26.5152025
bank,53.1486878,26.6808118
bank,54.8910285,26.6766377
bank,54.8039278,26.7653915
bank,54.1047163,28.3126404
bank,52.9848582,27.2164945
bank,52.9979807,27.6506535
bank,53.1412779,27.6567083
bank,53.0607036,27.6721986
bank,53.0268445,27.7225249
bank,53.9521357,27.1000003
bank,53.8408620,27.3920209
bank,53.8151409,27.5187736
bank,54.4294290,28.4366373
bank,54.2110537,28.4912315
bank,52.9627885,26.9953775
bank,53.0787399,27.0123612
bank,53.1133610,26.5575262
bank,52.8783562,26.8517924
bank,54.2213754,26.6121740
bank,52.7315917,27.4476665
bank,53.5203765,27.8317455
bank,54.0753773,28.0024708
bank,53.3130394,26.5463666
bank,53.7829305,27.6314741
bank,53.8903256,26.7390817
bank,54.1550741,27.2430993
bank,53.5274470,26.3088790
bank,53.0394526,28.2582393
bank,53.2185956,26.6761855
post_office,52.0203891,26.3339065
post_office,52.0551632,26.4627777
post_office,52.0878976,26.3231821
shop_grocery,52.0219101,26.3348106
cafe,52.0217888,26.3345651
post_office,53.6703497,25.4293048
cafe,53.7212929,23.8826707
shop_grocery,52.0659162,26.3914937
shop_grocery,52.0488278,26.4007245
shop_grocery,52.0433066,26.3107176
shop_grocery,52.0870311,26.3251667
shop_grocery,54.0539562,30.6507372
restaurant,54.5098325,30.4270668
cafe,53.9361633,27.5297689
shop_grocery,53.9344508,27.5350330
cafe,53.9340772,27.5358357
cafe,52.0913274,23.6982566
cafe,52.0877547,23.7006649
cafe,52.0877239,23.7007640
shop_grocery,52.1166264,26.0622753
shop_grocery,52.1089030,26.0622661
cafe,52.7853562,27.5536328
cafe,52.0938984,23.6938995
shop_grocery,53.1688135,24.4329286
shop_grocery,55.5353895,28.6584839
shop_grocery,55.1723824,30.2654071
shop_grocery,53.8991693,30.3338920
shop_grocery,53.9107824,30.3338077
shop_grocery,53.9015329,27.6123440
fap,55.1531625,30.2266495
bank,52.2738367,25.6868897
bank,52.2437001,26.8056841
bank,52.1006873,23.6804944
bank,52.0202312,26.3338814
bank,52.2305508,24.3835813
bank,53.1346117,26.0787556
bank,53.1370086,25.9776615
bank,53.2607969,26.0444636
bank,53.1987726,26.1542995
bank,53.1376992,25.8780341
bank,52.9899096,25.7647805
bank,52.0254863,27.1128234
bank,52.0406469,27.3412746
bank,52.0708412,27.5078087
bank,51.9724057,27.0673776
bank,52.0574846,27.0781070
bank,52.0196100,27.4828330
bank,52.0251203,26.8646262
bank,51.9373062,26.9083328
bank,51.9483919,26.3996835
bank,51.9834770,26.7654660
bank,51.8551010,26.8895230
bank,51.9932627,26.9933492
bank,52.0457537,26.6420823
bank,52.6024321,24.4009300
bank,52.4795260,24.5169026
bank,52.3284058,26.2545492
bank,51.6910517,23.9433844
bank,51.8342750,24.2644660
bank,51.6863050,23.9643214
bank,51.7119702,24.0976256
bank,51.9859007,24.7592048
bank,52.2025930,24.6652220
bank,52.2505810,26.9086930
bank,51.9581439,24.5736668
bank,52.3667008,26.4538025
bank,52.3197042,23.9297317
bank,52.2753318,24.4709408
bank,52.4696890,26.3067839
bank,52.3239307,26.3658164
bank,52.3392036,25.9886201
bank,51.9563622,25.9541380
bank,52.1126687,25.9125134
bank,52.2293800,26.4414960
bank,51.8008100,24.2008480
bank,52.1660822,25.5497323
bank,51.9642546,24.3163865
bank,52.2229871,27.4867314
bank,52.3542798,26.9852833
bank,52.3349653,26.8308556
bank,52.3686080,27.0613357
bank,52.5803154,26.8579952
bank,52.2727958,26.9575471
bank,52.4097269,23.6256532
bank,52.3195750,25.4079164
bank,51.9752126,25.4633442
bank,52.2925049,25.4680756
bank,52.7121265,25.3282242
bank,52.7797332,25.6209039
bank,52.4781440,25.7396250
bank,52.5107451,25.5657123
bank,52.7550199,25.0786103
bank,52.0775038,23.7551826
bank,52.1105742,23.7492378
bank,53.1538352,25.9937929
bank,52.0972170,23.6925000
bank,52.8297860,25.7075400
bank,52.8320447,25.4731531
bank,52.0852557,25.2400514
bank,52.8816943,25.4945973
bank,53.0331071,26.4211122
bank,52.2048525,24.7879039
bank,52.8321092,26.0966111
bank,52.1012046,24.1398130
bank,51.8259837,26.8305815
bank,53.1210131,25.9819783
bank,53.0741992,26.4456716
bank,52.9818156,26.3119426
bank,52.6292030,26.1562833
bank,52.7681544,26.5238623
bank,52.7231428,26.6793795
bank,52.4233676,25.3343214
bank,52.5559629,24.7736045
bank,52.1176645,23.6896235
post_office,53.1260480,26.8823663
cafe,52.7844057,27.5400122
cafe,52.7812646,27.5501387
shop_grocery,54.4374603,30.4463782
restaurant,54.2214029,28.5219264
cafe,54.2197066,28.5301145
cafe,53.9583697,27.6602755
restaurant,52.4164190,30.9600960
shop_grocery,54.2047366,27.8595060
shop_grocery,53.7232578,28.3857999
cafe,53.8893691,27.5450366
post_office,52.3388528,25.9889746
shop_grocery,53.6099922,27.3722953
shop_grocery,54.4371383,30.4478843
shop_grocery,54.4371286,30.4476643
cafe,52.0854464,29.3603530
post_office,52.3659552,26.1448539
fap,53.9364029,27.5924522
cafe,52.7923350,27.5408477
restaurant,52.7864304,27.5382722
restaurant,52.7822072,27.5343315
restaurant,52.7916298,27.5050265
shop_grocery,55.1762805,30.2002864
cafe,55.1808453,30.2020038
cafe,52.7925101,27.5175281
cafe,52.7973641,27.5344190
cafe,52.7938897,27.5426753
cafe,52.7378728,27.4650002
cafe,52.8499675,27.6606252
cafe,52.7912887,27.5392046
cafe,55.1814561,30.2028962
shop_grocery,53.7020683,23.8063468
post_office,52.8544279,27.2651672
shop_grocery,53.7504032,31.7128566
shop_grocery,52.0880084,23.6885022
cafe,55.4853919,28.7718154
shop_grocery,55.4695666,28.7598552
restaurant,53.6769218,23.8281560
shop_grocery,55.4661937,28.7630636
shop_grocery,52.2530816,29.3524164
restaurant,52.0975830,23.6905231
cafe,52.1137095,26.0535742
shop_grocery,52.1345928,26.0671261
shop_grocery,52.3168619,23.9189811
cafe,52.4277717,30.9989079
shop_grocery,54.1922118,28.1143591
shop_grocery,54.9372547,28.7630449
shop_grocery,53.7288672,27.3818436
shop_grocery,53.6041024,24.7405346
cafe,52.1829814,29.3427222
shop_grocery,52.1824869,29.3421078
shop_grocery,53.1416837,30.7785955
shop_grocery,53.1343263,30.7964316
shop_grocery,54.2430756,29.7961745
cafe,52.4319846,31.0122715
shop_grocery,53.0305548,26.2363947
shop_grocery,52.0694492,23.6915273
sports_centre,53.9665943,27.7942994
shop_grocery,53.5299528,31.9966520
cafe,53.8686914,27.5519279
shop_grocery,52.1009924,23.7503914
cafe,52.4505470,31.0246242
shop_grocery,52.7213729,30.5684724
restaurant,53.8990622,27.5610725
cafe,52.4387139,31.0038551
cafe,52.0926871,23.6909021
cafe,52.0920362,23.6903724
fap,52.3581637,30.4269718
restaurant,51.9072248,29.9910329
bank,52.6512815,27.4133664
shop_grocery,52.4568229,31.0037889
cafe,52.3569206,31.0279457
cafe,52.4265824,31.0059018
restaurant,53.8818407,27.4339049
shop_grocery,53.8765122,27.5176417
bank,53.9258802,27.5176830
bank,53.8896389,28.0344062
cafe,53.1407772,29.2246929
cafe,54.5270382,30.4280360
shop_grocery,55.1895876,30.1876962
cafe,53.9133201,27.5352700
bank,53.8704258,27.5472473
post_office,53.9034731,30.3439062
post_office,52.0300890,29.2406380
post_office,52.0366423,29.2152332
post_office,52.4490827,31.0206018
post_office,52.3925251,31.0305512
post_office,53.8883440,27.5727200
post_office,53.8688521,27.5393091
post_office,53.8547928,27.4386978
cafe,53.9263041,27.4304392
shop_grocery,52.1207233,26.0656589
shop_grocery,55.2921340,29.6162868
shop_grocery,53.9266029,27.4307107
cafe,53.7064880,23.8407226
shop_grocery,54.4762221,26.3930395
restaurant,52.0945303,23.6886113
shop_grocery,52.0588287,23.7296855
shop_grocery,54.9334824,29.1477246
shop_grocery,52.1178218,26.1055098
shop_grocery,53.9271954,30.3391459
restaurant,53.6810492,23.8277323
cafe,53.8977059,27.5508292
post_office,53.2970825,28.7058102
post_office,53.6851834,23.8471565
cafe,53.6889836,23.7884704
shop_grocery,52.1032715,23.7789083
post_office,53.0944541,25.3435922
shop_grocery,52.4241648,31.0052985
shop_grocery,53.0404357,24.0808296
cafe,53.8621037,27.5526245
shop_grocery,53.8625065,27.5509940
station,52.2439513,26.8068740
bank,53.9056955,27.4365907
cafe,53.6791816,23.8306884
cafe,53.9270216,27.5104539
cafe,53.9490397,27.7189350
cafe,53.8895893,27.5447567
cafe,53.9045375,27.5656103
cafe,53.8584855,27.4762149
cafe,53.9063061,27.5407397
cafe,53.9012586,30.3399741
restaurant,52.2005787,24.3400191
shop_grocery,52.4529172,30.9930397
restaurant,53.9085005,27.5564576
cafe,52.0944794,23.6865744
school,53.8869573,26.7498931
bank,53.8849186,27.5651469
shop_grocery,53.8846962,27.5660640
sports_centre,54.4322745,25.9615034
shop_grocery,54.4300099,25.9498720
shop_grocery,55.4902804,28.7484951
shop_grocery,54.8592162,29.1579026
post_office,53.9272244,27.5095500
post_office,53.9314492,27.4907944
post_office,53.9341500,27.6477787
post_office,53.8881248,27.5205717
post_office,53.9335675,27.6012906
post_office,53.9197383,27.4390120
post_office,53.9110547,27.4945859
post_office,52.3968177,30.9551522
post_office,53.6073940,31.9592832
post_office,53.9312814,30.3492723
post_office,52.2592220,26.8078050
cafe,53.7546468,27.3314253
post_office,53.9552380,27.7783325
post_office,55.1824798,30.2311450
post_office,55.4977023,28.7525548
post_office,54.2080808,28.4910255
post_office,52.7953107,27.5403208
post_office,53.8224140,27.5297872
post_office,54.0881274,28.2974666
shop_grocery,53.9138327,30.3704242
shop_grocery,53.1474660,26.0155885
shop_grocery,51.7963448,28.3318718
shop_grocery,52.0417365,29.2039198
bank,55.1621722,30.2074765
shop_grocery,53.8457924,27.5720978
shop_grocery,52.1918304,24.3555386
cafe,52.1916268,24.3550781
cafe,53.8715330,27.5326937
shop_grocery,55.4965645,28.8166482
station,53.8858665,27.5407320
station,53.8499141,27.4748613
station,53.8647388,27.4861839
station,53.8768793,27.4971391
station,53.8867145,27.5148888
station,53.8927643,27.5478131
station,53.9020905,27.5621727
station,53.9094694,27.5762446
station,53.9158336,27.5840538
station,53.9217548,27.5993438
station,53.9242151,27.6137161
station,53.9280537,27.6281371
station,53.9344505,27.6513471
station,53.9387279,27.6666432
station,53.9453816,27.6879112
cafe,52.1245831,23.6735057
shop_grocery,53.9997421,27.7078555
shop_grocery,52.3948694,30.8984666
cafe,52.0879395,23.6957017
cafe,52.0614400,23.7344465
school,52.0847274,23.7147523
shop_grocery,52.4542105,30.9975598
shop_grocery,54.8773361,28.7053488
cafe,52.1069619,23.7608239
school,55.1902970,30.2063057
school,55.1900298,30.2050719
bank,53.8856920,27.5165096
cafe,52.0990904,23.6911650
shop_grocery,52.3536519,30.4041451
cafe,52.0933995,23.6928154
cafe,52.4619203,30.9642516
cafe,53.9361216,27.5301041
cafe,52.1324738,26.0721391
school,52.4023932,31.0401997
cafe,53.8905072,27.5602117
cafe,53.7060412,23.8158854
shop_grocery,53.9263885,30.3383333
shop_grocery,53.8387702,27.5647129
shop_grocery,53.7301573,28.1183630
cafe,53.8974117,27.6053971
shop_grocery,53.0352479,26.2675954
shop_grocery,53.0367301,26.2713639
shop_grocery,53.0369543,26.2745879
shop_grocery,52.0679645,23.8029769
shop_grocery,53.0391885,26.2638890
shop_grocery,53.0367150,26.2718733
shop_grocery,53.0397849,26.2614344
shop_grocery,52.4557640,31.0294816
shop_grocery,53.4641772,25.4050358
shop_grocery,53.0307630,26.2586797
cafe,52.0655973,23.7020186
shop_grocery,52.4730699,31.0082801
shop_grocery,52.2442579,26.8041884
cafe,53.6712086,23.8055492
fap,53.1081973,25.9877676
cafe,55.5322745,28.6431386
fap,53.9339214,27.6361795
restaurant,52.4365062,31.0051184
shop_grocery,52.9025459,30.0571478
restaurant,53.6693227,23.8535773
fap,55.4927922,28.4740320
shop_grocery,52.4598638,30.9977953
shop_grocery,52.5585970,31.1741817
shop_grocery,53.4880494,29.3431383
shop_grocery,52.3216027,26.1435087
post_office,52.3308572,26.0408887
post_office,52.3216297,26.1432110
post_office,52.3958071,26.1090222
shop_grocery,53.9182044,27.4480778
cafe,53.8911893,27.5577545
restaurant,53.9025969,27.5558140
sports_centre,53.8746279,27.5018853
post_office,53.5999306,24.9819338
shop_grocery,53.5997388,24.9797653
shop_grocery,54.0916739,27.0937172
post_office,51.7491218,23.5960764
post_office,51.6272350,23.5790941
cafe,53.6992973,23.8366788
cafe,53.6775854,23.8399202
post_office,52.6947952,25.3782523
post_office,52.4077455,25.8503896
post_office,52.4724339,25.8413829
post_office,52.5342184,25.6891740
cafe,53.8876930,27.5224422
cafe,52.0909873,23.7350339
school,53.9059853,27.5291812
restaurant,53.9047522,27.5584368
cafe,53.9140865,27.5243471
cafe,53.9081783,27.5555653
cafe,53.9140174,27.5653547
cafe,53.8536695,28.9740706
cafe,53.9105060,27.5048362
shop_grocery,53.9808131,27.9600698
shop_grocery,52.9322853,28.4288133
restaurant,52.4232688,30.9983777
cafe,52.1378154,23.6755411
shop_grocery,53.8707422,27.5752801
shop_grocery,52.4266979,30.9983650
bank,52.4282219,30.9997601
cafe,53.9360185,27.5320741
shop_grocery,52.4282671,31.0001298
shop_grocery,52.4268559,31.0039120
shop_grocery,53.7061358,27.2107405
post_office,52.8936994,25.8555010
shop_grocery,52.8936724,25.8556290
shop_grocery,52.1309130,23.6774763
restaurant,53.6851282,23.8257778
restaurant,53.9011441,30.3368545
cafe,53.9065510,30.3427455
shop_grocery,52.4455637,31.0168453
restaurant,52.4263773,31.0116740
shop_grocery,52.5179785,25.8441389
cafe,52.4248760,31.0023835
shop_grocery,52.4263003,30.9981624
cafe,52.4262636,30.9979851
shop_grocery,52.6170275,25.9174071
post_office,52.5017256,25.9068222
shop_grocery,52.6146924,25.9165065
post_office,52.6137273,25.9167159
post_office,52.5402927,25.8739704
post_office,52.5292132,25.9186536
cafe,53.6908140,23.8256295
shop_grocery,53.9013898,27.6134196
bank,52.4293052,30.9966951
cafe,52.4298683,30.9972887
shop_grocery,52.4311152,30.9989912
cafe,53.8859758,27.5098752
cafe,53.8861068,27.5116882
cafe,52.4341086,31.0002843
cafe,52.4333902,31.0087989
restaurant,52.4334201,31.0088620
cafe,52.4345879,31.0035566
cafe,52.4248886,31.0081798
cafe,52.0915313,23.6875774
cafe,52.0872500,23.7034583
shop_grocery,54.2207526,27.8505995
cafe,55.1535517,30.0508287
cafe,53.8907360,27.5675543
cafe,53.8903516,27.5685132
cafe,53.8901800,27.5691195
shop_grocery,55.0440531,29.4765817
shop_grocery,52.4168632,30.9905229
cafe,53.8913030,27.5732625
cafe,53.8526612,27.4558577
shop_grocery,53.7579624,27.6778257
shop_grocery,53.2253500,31.5585172
post_office,55.0459823,27.0406902
shop_grocery,53.8355549,27.6061011
post_office,53.0443650,28.3208263
shop_grocery,52.5729517,28.0670634
cafe,53.9307618,27.6500149
fap,53.7216004,23.8701950
cafe,52.4297309,31.0034858
fap,52.4291166,31.0020735
cafe,52.4279907,31.0021414
cafe,53.9126674,27.5872641
shop_grocery,52.4241874,30.9985911
shop_grocery,52.4244338,30.9988187
shop_grocery,52.4258308,30.9993387
cafe,53.9276638,27.4440803
shop_grocery,52.6232596,29.6622541
post_office,53.0521050,28.4767217
shop_grocery,54.8324782,29.7230995
shop_grocery,54.8324513,29.7230907
shop_grocery,52.0770390,23.7236926
post_office,54.5950766,26.8762524
shop_grocery,52.4288063,31.0063860
cafe,52.4287833,31.0063463
cafe,53.2154059,26.7008435
post_office,52.2968377,26.5298514
cafe,53.9715968,27.0447169
shop_grocery,54.5700263,27.2198381
cafe,53.9129278,27.5918599
shop_grocery,52.9122950,30.9143606
shop_grocery,53.6150743,24.7376007
shop_grocery,52.4611307,30.9678528
cafe,52.4248789,31.0103161
cafe,53.8899941,27.5505462
shop_grocery,52.4266571,31.0091833
fap,52.4281169,31.0111644
fap,52.4279590,31.0107546
cafe,52.4325500,31.0067513
cafe,52.4300558,31.0096430
cafe,52.4297883,31.0071210
cafe,52.4298353,31.0069433
school,52.4307689,31.0087183
fap,53.0762222,25.3881404
shop_grocery,52.9047728,30.0404033
cafe,53.9299400,27.5503414
shop_grocery,53.9300237,27.5505650
bank,52.0435898,29.2485787
cafe,52.0446241,29.2480958
cafe,52.0353440,29.2139775
shop_grocery,52.2443437,24.4114283
shop_grocery,52.2324265,26.7925104
shop_grocery,52.1454075,29.3416241
shop_grocery,52.0771199,29.2767511
shop_grocery,52.0772046,29.2765284
shop_grocery,52.0371839,29.2322034
shop_grocery,52.0374763,29.2322248
shop_grocery,55.5253483,28.6491255
shop_grocery,52.3673120,31.0030707
shop_grocery,52.3671886,31.0028064
shop_grocery,52.0215194,29.2079649
shop_grocery,52.3335737,30.4398105
shop_grocery,52.1813371,29.8661896
shop_grocery,51.9997354,29.2547249
shop_grocery,51.9996973,29.2543452
shop_grocery,54.8644559,29.1446306
shop_grocery,53.4678926,27.1994178
shop_grocery,53.9692811,30.3513829
shop_grocery,55.6389328,27.0948109
shop_grocery,52.3401327,30.3537986
shop_grocery,52.2454941,27.8598093
shop_grocery,52.2398698,27.6074283
shop_grocery,52.2671471,30.2546171
shop_grocery,52.0636918,27.7732841
shop_grocery,53.4268977,27.4954323
cafe,53.9022119,27.5473217
cafe,53.9027014,27.5473089
cafe,52.0922364,23.6756605
cafe,53.8997517,27.5338216
shop_grocery,52.7873961,27.6405635
shop_grocery,53.8224043,23.8739279
school,52.4403176,31.0043286
post_office,52.4404560,31.0008364
cafe,52.4319530,30.9939624
post_office,52.9024514,27.6386578
post_office,53.0009311,27.6430151
school,52.4368154,31.0060575
cafe,52.4294505,31.0116492
school,52.4292462,31.0116179
cafe,52.4266960,31.0135967
cafe,52.4268041,31.0170630
cafe,52.4296716,31.0155551
shop_grocery,52.4309858,31.0130614
shop_grocery,53.9133546,27.5912119
shop_grocery,52.4335786,31.0166179
shop_grocery,53.6471690,23.8650578
shop_grocery,52.1923858,24.3568745
shop_grocery,52.1923534,24.3566062
shop_grocery,53.8664641,27.5493843
cafe,52.0718041,23.6948874
shop_grocery,51.8209871,24.3222418
shop_grocery,52.4778879,31.0125045
shop_grocery,52.4073142,30.9516450
shop_grocery,52.8927857,30.0403878
post_office,52.7302380,30.1113903
shop_grocery,53.8710278,30.3472386
shop_grocery,55.9581367,29.0534461
post_office,55.8150095,29.2639169
shop_grocery,55.8138431,29.2681481
shop_grocery,55.8719444,28.8398031
shop_grocery,55.9017538,28.8401949
cafe,53.9421670,27.4640736
shop_grocery,52.3677828,23.6261207
shop_grocery,52.3610467,23.6219521
shop_grocery,52.3671555,30.3995641
cafe,53.9244754,27.6653549
bank,55.1396381,27.6937811
cafe,54.8804505,28.7283529
shop_grocery,52.4117166,23.6170033
shop_grocery,52.4100880,23.6339175
fap,53.6875096,23.8000576
cafe,53.9182547,27.5265763
shop_grocery,52.3647910,30.3513915
cafe,54.8913844,27.7665083
shop_grocery,55.4126801,27.7341589
cafe,53.8927097,27.5495274
shop_grocery,52.1012855,23.6550960
shop_grocery,53.0380610,28.2537948
sports_centre,53.8743443,27.5724060
post_office,52.0650144,23.7197964
post_office,51.6911164,23.9434428
shop_grocery,54.3071015,29.4448355
shop_grocery,54.6886273,30.0848828
cafe,53.8830992,27.5912271
shop_grocery,53.9641143,27.7587834
shop_grocery,54.1031184,28.3182406
restaurant,53.9147969,27.5698144
station,53.1209292,25.7282652
station,53.4287815,24.5420898
station,53.5581993,24.7895583
station,53.4968743,24.3133751
shop_grocery,52.1346900,23.8003608
station,52.5397659,26.5790820
station,53.6914626,24.9886185
station,52.2480289,26.4097813
station,53.0861599,26.0950250
cafe,52.0709646,23.7565227
cafe,52.0785549,23.7443988
station,52.6513162,25.2216026
station,53.1385005,24.4139124
shop_grocery,52.0686071,23.7605403
cafe,52.0752241,23.7560746
cafe,52.0637152,23.7601440
shop_grocery,53.7818227,30.0094872
shop_grocery,53.2535278,29.6708046
cafe,52.1072671,23.8186008
cafe,53.9060060,27.5746268
cafe,53.7003243,28.4164694
shop_grocery,53.2849323,32.1558630
post_office,53.2858113,32.1555700
shop_grocery,53.4851952,24.4197769
station,53.0160266,24.0760942
station,53.1160831,23.9677973
station,53.1113843,24.3003252
station,53.0765367,26.6599646
pool,52.1089566,23.7746008
school,52.4780678,31.0182291
cafe,52.3649099,30.4307436
shop_grocery,54.0821195,27.6255754
post_office,52.0457159,26.6423835
shop_grocery,52.7115896,25.3490022
restaurant,52.7106162,25.3436016
station,52.8286991,25.4742321
cafe,53.8699433,27.5382281
post_office,53.8683088,27.5512751
post_office,53.6739316,27.7506669
cafe,53.7217088,23.8697355
cafe,53.6207036,23.8072793
sports_centre,55.1934212,30.2588877
shop_grocery,53.9152997,27.5228595
cafe,53.9148003,27.5237423
cafe,53.9151426,27.5227984
shop_grocery,54.2006339,27.8442972
shop_grocery,52.1079040,23.6449249
post_office,52.9310037,28.4307451
shop_grocery,54.2532970,25.3561894
shop_grocery,52.1094671,23.6478755
cafe,52.1001721,23.6802645
cafe,52.1003674,23.6799051
shop_grocery,54.5171056,30.4055708
fap,54.5435001,30.4494043
post_office,51.9431455,26.4752175
shop_grocery,51.9423800,26.4839762
shop_grocery,52.1036796,23.7338146
cafe,52.4378559,31.0032852
shop_grocery,52.1101070,23.6472228
cafe,52.0858709,23.7030288
restaurant,55.4855591,28.7706505
post_office,52.0776795,25.6762531
cafe,53.8729689,30.3110798
cafe,52.0764569,23.8253694
cafe,52.0765679,23.8253659
cafe,52.1101364,23.6471661
station,52.3400388,24.2362761
station,52.0761469,29.2024521
shop_grocery,52.4555327,31.0206882
shop_grocery,55.0992316,28.8063715
shop_grocery,52.3953845,30.9044732
cafe,52.4052159,30.9210985
shop_grocery,52.1391212,23.8510993
cafe,54.0082397,27.6938269
fap,52.1150709,26.1119109
post_office,52.2836709,24.1161124
post_office,53.8901047,28.0353480
shop_grocery,54.5202093,30.3767148
post_office,53.9425902,27.6060140
shop_grocery,52.4470145,31.0241706
shop_grocery,52.4482774,31.0249081
shop_grocery,54.0729297,24.8395494
shop_grocery,52.3509093,30.4346841
fap,53.9130628,27.5252353
cafe,52.2360965,25.6683537
restaurant,53.6773532,23.8354667
shop_grocery,52.1154793,26.1022456
cafe,53.9368360,27.5305513
bank,53.9044991,27.5699059
shop_grocery,53.9301430,27.5958969
cafe,54.0055210,27.6856739
shop_grocery,54.0054493,27.6855858
post_office,54.6593364,26.7668388
post_office,54.4892226,26.8258600
shop_grocery,52.4171334,30.9876515
cafe,53.8660242,27.5537042
school,53.9357544,27.5322960
cafe,53.9344119,27.5316115
shop_grocery,53.9372947,27.5359554
cafe,53.9567590,27.6206782
restaurant,53.9352826,27.5344212
fap,53.9372216,27.5356835
post_office,55.7727274,28.7877753
shop_grocery,53.8617524,27.5887689
shop_grocery,53.3647439,28.0367070
shop_grocery,53.9531231,28.7287706
post_office,53.7995209,29.2279592
post_office,55.7814747,28.5991379
post_office,55.8182134,28.7972646
shop_grocery,53.5297693,30.2259822
post_office,54.5539227,26.9628661
cafe,53.3195664,28.6454520
shop_grocery,55.3662749,30.4301218
post_office,53.8149289,24.5673000
post_office,54.4029888,26.0831280
shop_grocery,55.9375971,29.1968373
shop_grocery,55.8334855,29.1194452
cafe,52.0833489,23.6996554
post_office,51.9562851,25.9541300
shop_grocery,53.7049369,29.7766025
shop_grocery,51.9894086,26.0033660
post_office,51.9617708,26.0419536
shop_grocery,51.9623708,26.0432383
shop_grocery,52.0630520,26.1293775
shop_grocery,51.9378101,24.0551643
shop_grocery,53.8928023,27.5657348
restaurant,52.0841922,23.6893552
sports_centre,52.0843866,23.6897448
cafe,52.6469481,28.8872976
post_office,55.1714512,30.2197300
bank,52.0967912,23.6921774
shop_grocery,53.9264900,27.5936638
shop_grocery,53.9196118,27.4383037
shop_grocery,53.9343833,27.4692713
shop_grocery,55.1013005,26.8555282
fap,55.1799137,30.2036168
shop_grocery,55.1681855,30.2121300
fap,52.4014534,26.2444510
post_office,52.4013290,26.2444040
post_office,52.4695856,26.3069987
shop_grocery,52.2831658,23.3121339
shop_grocery,52.4652987,26.4077210
shop_grocery,52.4487889,26.3420758
shop_grocery,52.4017838,23.7985824
shop_grocery,52.5224865,24.9692148
cafe,53.1459363,29.2277957
shop_grocery,55.1568086,27.3838037
shop_grocery,53.4119676,24.5249109
cafe,53.8857112,27.5101721
shop_grocery,55.1125768,26.8630235
shop_grocery,55.1156656,26.8398941
shop_grocery,55.1251898,26.8305139
shop_grocery,55.1160175,26.8295103
shop_grocery,54.8733390,26.9379286
cafe,52.2062599,24.3542467
cafe,52.4504935,30.9989090
shop_grocery,52.4018940,23.7935812
shop_grocery,52.3204044,23.9352408
shop_grocery,52.2900159,23.8569282
shop_grocery,52.3439940,23.5493934
bank,52.4216873,31.0049098
shop_grocery,52.2107245,24.3431217
shop_grocery,52.4664798,23.7321370
cafe,55.1687477,30.2111194
shop_grocery,54.2095786,28.5025315
school,52.1027152,23.7863573
shop_grocery,54.3740169,26.6586083
fap,53.9230966,27.4820849
shop_grocery,54.3942951,26.6104458
fap,53.8717740,27.5451539
bank,53.8706082,27.5517918
post_office,52.8778007,25.0417572
school,53.9198457,27.4387558
cafe,53.8816660,27.5674097
shop_grocery,55.1155335,26.9233795
shop_grocery,55.1095143,26.8690123
post_office,52.0107248,27.7030350
shop_grocery,55.1435876,26.8021154
sports_centre,53.9212902,27.5557264
shop_grocery,53.9202110,27.5551034
post_office,55.0973802,26.3864092
shop_grocery,55.0485649,26.3103159
shop_grocery,55.0487785,26.3099545
post_office,53.4645340,25.5809113
post_office,53.2047092,25.1444911
post_office,53.2025652,25.0937987
post_office,53.1739966,25.1530038
shop_grocery,55.9080172,29.3188577
shop_grocery,52.9834153,26.1538144
post_office,52.9834985,26.1546966
shop_grocery,53.9281312,27.5564755
fap,53.8807818,27.5690981
fap,53.8799485,27.5692510
shop_grocery,53.8857886,27.5011210
post_office,52.8885889,25.9768375
post_office,53.0122140,26.0452281
shop_grocery,52.9565162,26.0662679
shop_grocery,52.4991846,23.8663184
shop_grocery,53.0748896,26.4447514
shop_grocery,52.4686420,23.6932358
shop_grocery,52.4899022,23.4470145
post_office,53.0117664,25.0273981
shop_grocery,53.0119601,25.0278745
shop_grocery,52.9725341,25.0835042
post_office,53.0928830,25.2563147
post_office,53.0691126,25.2012684
post_office,54.9265528,27.3689924
shop_grocery,52.1692640,27.8108599
shop_grocery,54.7190340,26.9360527
post_office,53.2414793,24.4626937
post_office,55.1198654,26.8144895
post_office,51.8309344,24.0884820
shop_grocery,51.7466843,23.5931327
shop_grocery,53.6767097,27.5301128
shop_grocery,53.6809211,27.5373564
shop_grocery,53.7230240,27.6422273
fap,51.9278733,24.0724349
fap,51.6843439,23.9619216
fap,51.6842390,23.9616017
fap,51.9277155,24.0721402
post_office,52.7568343,26.0395643
shop_grocery,53.1852778,29.3134206
shop_grocery,53.0820019,28.2325161
shop_grocery,53.9010600,27.4226439
shop_grocery,52.4660791,25.1787122
shop_grocery,51.7128543,24.0957481
shop_grocery,53.8443440,27.5333277
post_office,53.2641754,24.5667996
shop_grocery,53.1482559,24.4739771
cafe,52.0850331,23.6966917
shop_grocery,52.8799777,27.7359156
shop_grocery,52.8978375,27.7852382
shop_grocery,52.9764981,27.8117705
restaurant,53.0195921,27.5407642
shop_grocery,51.9271125,23.6598602
post_office,53.4616581,24.9342160
post_office,53.3949415,24.8034798
shop_grocery,55.9030121,28.8157377
shop_grocery,55.7771665,28.6019194
cafe,52.7857699,27.5398818
shop_grocery,55.3530883,27.4861232
shop_grocery,55.9016704,28.8395355
shop_grocery,55.3748621,27.4735624
shop_grocery,55.3860958,26.6300037
cafe,52.1973551,24.0125945
school,52.3050379,23.4760719
shop_grocery,52.5337561,30.9147268
shop_grocery,52.1122319,23.7173919
shop_grocery,52.3937507,23.7622109
shop_grocery,54.6498560,27.0395718
shop_grocery,54.6553138,26.9962213
cafe,53.9263448,27.5185486
shop_grocery,53.8592847,27.6768106
shop_grocery,53.8894059,28.0333473
shop_grocery,53.8945715,28.0298955
shop_grocery,52.4032681,23.8222773
shop_grocery,54.2370441,26.6682072
shop_grocery,54.2204100,26.6157597
shop_grocery,54.5354186,26.6786024
fap,53.9222373,27.5511666
shop_grocery,52.7323469,27.4118230
sports_centre,55.5344228,28.7908712
shop_grocery,55.1266142,27.2094720
shop_grocery,52.0243165,23.8207184
shop_grocery,52.0260816,23.8121340
cafe,52.0290514,23.8072309
shop_grocery,52.0290712,23.8069975
shop_grocery,52.0292032,23.8065818
shop_grocery,52.3410332,30.4375434
shop_grocery,52.2522224,23.9080705
shop_grocery,52.2522354,23.9079574
shop_grocery,52.3154010,24.0409586
shop_grocery,52.2899960,23.8616556
shop_grocery,52.3182462,23.9955508
cafe,51.9564503,24.5760459
cafe,53.8444624,27.5131526
shop_grocery,53.1476409,26.0373161
shop_grocery,52.2283473,28.3088118
cafe,53.9037065,27.5516658
cafe,53.9030102,27.5517232
cafe,53.9025966,27.5501455
cafe,53.9016880,27.5493398
shop_grocery,55.4540048,28.9790506
shop_grocery,53.9259100,27.4751172
shop_grocery,55.5007569,26.7720310
shop_grocery,53.9238001,27.4785001
shop_grocery,52.4580492,30.9256151
shop_grocery,53.9262902,27.4472340
shop_grocery,52.4916945,30.9975319
shop_grocery,52.9082799,29.9126940
shop_grocery,51.8959091,26.1789957
post_office,51.8956827,26.1790426
shop_grocery,52.8892686,29.5553950
post_office,51.9281787,26.2855639
shop_grocery,51.9287584,26.2879014
cafe,53.9075886,27.4916034
restaurant,53.9083785,27.4698618
cafe,53.8820934,27.5780656
station,53.9783042,25.6524693
cafe,53.9123265,27.3082975
bank,53.8875937,27.5155625
cafe,53.8877556,27.5159733
shop_grocery,53.8892956,27.5200846
shop_grocery,52.6937860,25.3286396
sports_centre,53.9473332,27.6292861
shop_grocery,53.8590793,27.5909654
station,53.6712785,25.4329984
shop_grocery,51.5577479,23.6028331
shop_grocery,51.5574660,23.6028855
restaurant,51.5580222,23.6028117
shop_grocery,53.8934919,25.2721515
shop_grocery,53.8906247,25.2983527
shop_grocery,53.8949152,25.2848558
shop_grocery,53.8793772,25.2759294
shop_grocery,53.8811409,25.2976473
shop_grocery,53.8600648,25.3317234
shop_grocery,53.8764038,25.3410012
shop_grocery,54.9116012,26.6990479
shop_grocery,53.8784198,27.5881885
station,52.9803204,25.7677594
station,53.0402571,25.8632849
station,53.7918023,25.3624517
station,53.1923191,25.9329459
station,53.2676160,25.8186999
station,53.2975570,25.7513067
station,53.4639706,25.5866222
shop_grocery,52.3609363,31.0171575
shop_grocery,52.4017456,30.8978276
shop_grocery,52.4003410,30.8977893
shop_grocery,52.2683442,31.1397911
shop_grocery,52.3840186,31.0285623
shop_grocery,52.3585908,31.0229825
shop_grocery,52.3871101,31.0312405
shop_grocery,52.3663837,31.0266625
shop_grocery,53.9225252,27.5116858
shop_grocery,53.9120846,27.4807346
shop_grocery,52.3373189,30.9219016
shop_grocery,52.3375270,30.9221256
shop_grocery,52.3324577,30.9167773
post_office,52.3522078,31.1092062
shop_grocery,54.9375526,26.6898078
shop_grocery,53.9586855,27.6061555
restaurant,53.9229171,27.6256454
cafe,53.9329909,27.4734309
cafe,52.8528322,27.1737358
shop_grocery,53.8604959,27.6117152
shop_grocery,53.8571928,27.6137566
shop_grocery,53.9078364,27.5843703
shop_grocery,53.9038572,27.5992040
fap,53.9312142,27.5427349
fap,53.9228146,27.4402653
shop_grocery,52.4439134,31.0233636
shop_grocery,52.3577317,31.0310006
cafe,53.8798166,27.5810042
shop_grocery,52.5364423,25.6830875
cafe,53.6859575,27.1312752
shop_grocery,52.4270608,31.1011524
sports_centre,52.9386431,25.6309144
cafe,53.9167148,27.5866896
shop_grocery,53.8729230,27.4342162
shop_grocery,53.8917099,27.4593222
cafe,53.9103798,27.5584447
cafe,53.9134732,27.5247251
shop_grocery,53.9056270,27.4971891
shop_grocery,53.8988032,27.4977010
shop_grocery,52.4182071,30.9744402
shop_grocery,54.2194626,26.4503642
shop_grocery,54.1216416,26.6883522
post_office,54.1215879,26.6884221
shop_grocery,54.0210506,25.2198605
shop_grocery,54.0355688,25.4085097
shop_grocery,54.0347253,25.4088745
shop_grocery,53.8787029,24.8929542
shop_grocery,53.8295539,25.0309807
shop_grocery,53.8568172,25.1496577
shop_grocery,53.8329145,25.1137349
shop_grocery,53.8558284,25.1527503
shop_grocery,54.0229218,25.2206612
shop_grocery,53.9263546,25.1964515
shop_grocery,53.9644351,25.2432024
shop_grocery,53.9279173,25.5092561
shop_grocery,53.8494207,25.3626868
shop_grocery,54.1019717,27.1581266
shop_grocery,54.1505354,27.2513093
school,52.8897617,25.9769730
shop_grocery,53.7165109,25.4841050
shop_grocery,53.6379776,25.0639571
shop_grocery,53.6385748,25.1775728
shop_grocery,53.6699937,25.2382296
shop_grocery,53.6488074,25.3105621
shop_grocery,53.6494656,25.3149717
shop_grocery,53.6500657,25.3159359
shop_grocery,53.6699620,25.4313058
shop_grocery,53.8047281,25.5027759
shop_grocery,53.8058796,25.5102955
shop_grocery,53.7376053,25.4167896
shop_grocery,53.7399247,25.3741613
shop_grocery,53.8957071,25.3431375
shop_grocery,53.7268436,24.9775122
shop_grocery,53.7700903,25.0911614
shop_grocery,53.7760694,24.9881297
shop_grocery,53.7994247,25.3687996
shop_grocery,53.8009344,25.3666162
post_office,53.9057204,27.4418247
cafe,55.3388203,30.2382731
shop_grocery,54.0710829,27.2149571
cafe,52.1252986,23.6739653
shop_grocery,53.9522489,27.1010422
cafe,53.9641372,27.5363625
cafe,53.8867191,27.5167672
sports_centre,53.8836340,27.5828908
shop_grocery,52.3490384,30.9746942
shop_grocery,52.4067904,30.9519379
shop_grocery,52.3473144,30.9051653
shop_grocery,53.8494703,27.6707527
shop_grocery,53.0448688,27.3636402
post_office,53.0447349,27.3636684
shop_grocery,53.8462885,27.6676241
shop_grocery,52.0844023,24.0983403
restaurant,55.1385997,27.6868632
post_office,52.4271565,31.1207196
shop_grocery,52.4262522,31.1285350
post_office,53.6614124,23.7980897
post_office,53.6534369,23.8495649
post_office,53.6703690,23.8160850
shop_grocery,52.2556783,23.6668199
shop_grocery,53.8896266,27.5050354
cafe,53.8769267,27.5518497
shop_grocery,55.5785704,27.1115024
shop_grocery,55.6394052,27.0322407
cafe,53.8832158,27.6124688
shop_grocery,54.1502388,25.3170349
shop_grocery,54.1466358,25.3129935
shop_grocery,54.1485021,25.3154504
shop_grocery,54.1510752,25.3131866
shop_grocery,54.1495845,25.3129573
shop_grocery,54.1431810,25.3125671
shop_grocery,54.1473601,25.3150856
shop_grocery,54.1485775,25.3070122
shop_grocery,54.1104398,25.4516208
shop_grocery,54.2302010,25.4681647
shop_grocery,54.2508097,25.3566934
shop_grocery,54.2492646,25.3554288
shop_grocery,54.2402277,25.3044265
shop_grocery,54.2380877,25.3001685
shop_grocery,54.2286387,25.2569273
shop_grocery,54.1889496,25.1871738
shop_grocery,54.1894785,25.1869538
shop_grocery,54.1886342,25.1861224
shop_grocery,54.0988466,25.1352274
shop_grocery,54.1178545,24.9968000
shop_grocery,54.1170354,24.9954200
cafe,53.4944893,28.1443679
shop_grocery,53.9386488,25.0389107
shop_grocery,53.9543984,24.9724066
shop_grocery,53.9653156,24.8927692
shop_grocery,54.0042693,24.8988497
shop_grocery,54.0100685,24.8480245
shop_grocery,54.0733528,24.8391639
shop_grocery,54.0643089,24.8947915
shop_grocery,54.1012152,24.8062679
shop_grocery,54.0536499,24.9996659
shop_grocery,54.0519045,24.9950016
shop_grocery,54.0526949,24.9955286
shop_grocery,54.0525524,24.9967262
shop_grocery,54.0499653,24.9948071
shop_grocery,54.0780133,25.2920267
shop_grocery,52.1234324,23.5743707
cafe,52.1269063,23.5786019
shop_grocery,52.4542343,30.9915009
shop_grocery,52.3129726,31.0478394
shop_grocery,54.0935641,26.5451435
shop_grocery,53.9231226,27.1655189
shop_grocery,53.9225017,27.1757074
shop_grocery,52.1314378,23.6500992
cafe,52.1313398,23.6501660
shop_grocery,52.0978204,23.6634635
cafe,53.8932138,27.5499110
bank,53.8768651,27.6258670
cafe,53.8767394,27.6261658
fap,52.1011224,24.1398697
fap,52.2851099,24.0690037
shop_grocery,52.3556408,30.9748766
shop_grocery,52.3554606,30.9752279
post_office,52.4221580,24.1671399
cafe,52.0781136,23.7411095
cafe,52.1203165,26.0647896
cafe,53.9129224,27.5686321
cafe,53.9292392,27.6308300
cafe,53.9211890,27.5764723
cafe,53.8868774,27.4274283
shop_grocery,52.2549937,30.9493686
shop_grocery,52.2550293,30.9488844
shop_grocery,52.2540988,30.9467517
shop_grocery,53.8709875,27.5316732
restaurant,53.9041162,27.5240712
cafe,53.9045115,27.5223099
shop_grocery,52.3481799,31.0321578
sports_centre,53.9050005,27.5218844
shop_grocery,53.8838477,27.5520748
cafe,53.8866932,27.5146511
shop_grocery,53.8866545,27.5146923
shop_grocery,53.4025571,25.1106611
shop_grocery,53.3205530,25.2892694
shop_grocery,53.3208862,25.2907607
shop_grocery,53.3183491,25.2911134
shop_grocery,53.3168982,25.2894370
shop_grocery,53.3159024,25.2924103
shop_grocery,53.3208670,25.2796134
shop_grocery,53.3012535,25.3043595
shop_grocery,53.3695260,25.2512357
shop_grocery,53.3653569,25.3849947
shop_grocery,53.4575835,25.3986660
shop_grocery,53.4642218,25.3995457
shop_grocery,53.4597857,25.4068145
shop_grocery,53.4546224,25.4077157
shop_grocery,53.4589058,25.4168916
shop_grocery,53.4706276,25.4107440
shop_grocery,53.4684435,25.4164061
shop_grocery,53.4682503,25.4129541
shop_grocery,53.4646258,25.4095960
shop_grocery,53.4695811,25.4150248
shop_grocery,53.4672875,25.4002458
shop_grocery,53.4692993,25.4003799
shop_grocery,53.4687053,25.3970137
shop_grocery,53.4685217,25.4007876
shop_grocery,53.5173854,25.5031836
shop_grocery,53.4600939,25.3233710
shop_grocery,53.4925784,25.2677205
shop_grocery,53.4923223,25.2673370
shop_grocery,53.5321457,25.3494957
shop_grocery,53.5319520,25.3489861
fap,53.9267494,27.6613034
shop_grocery,53.2006177,26.6911882
shop_grocery,53.3562927,26.4665146
cafe,53.8652326,27.4853911
cafe,53.8657047,27.4860078
shop_grocery,53.8657503,27.4860539
cafe,53.8657889,27.4860990
shop_grocery,53.8662414,27.4863453
cafe,53.8664804,27.4868011
cafe,52.0940434,23.6923919
shop_grocery,53.8423835,27.5339145
restaurant,53.9154472,27.5669676
cafe,53.9146270,27.5676650
cafe,53.9148481,27.5677508
shop_grocery,53.3487874,26.6886462
sports_centre,53.9051982,27.5235572
sports_centre,53.9046508,27.5220573
cafe,53.8754678,27.4980050
cafe,53.8749478,27.4987999
sports_centre,53.9049825,27.5223628
sports_centre,53.9046451,27.5238901
sports_centre,53.9045883,27.5232544
sports_centre,53.9049702,27.5229755
sports_centre,53.9050615,27.5223324
shop_grocery,52.4681291,30.8045094
shop_grocery,52.4554798,30.8447530
shop_grocery,52.4078188,30.9833114
shop_grocery,53.9207217,27.5678161
post_office,52.1873757,28.1838565
cafe,53.6795407,23.8302876
post_office,52.1064830,28.2920654
post_office,51.9669622,24.3168245
shop_grocery,52.3824241,23.3717678
cafe,52.3824599,23.3717880
bank,55.1730305,30.2126638
cafe,53.8739267,27.5024647
shop_grocery,53.9149888,27.4863211
post_office,52.1058137,28.4299041
shop_grocery,52.1290911,28.4927148
shop_grocery,52.1294698,28.4927429
shop_grocery,54.3093802,30.9382906
station,55.3504805,29.0692906
shop_grocery,52.4556825,26.2753406
restaurant,53.9285305,27.6508762
shop_grocery,54.4268272,25.9054885
shop_grocery,53.8426145,27.5793686
shop_grocery,53.8427868,27.5688974
shop_grocery,54.4400017,25.9644463
shop_grocery,54.6099766,25.9325376
shop_grocery,53.9872529,27.2560517
cafe,55.5802262,27.7019674
shop_grocery,55.5802368,27.7018131
shop_grocery,53.8857893,27.6060772
shop_grocery,53.8893658,27.6153956
shop_grocery,53.8761833,27.4610223
shop_grocery,54.1705214,27.2116923
shop_grocery,53.8861663,27.6228539
shop_grocery,53.9262986,30.2708574
shop_grocery,53.9472187,30.3535029
cafe,52.0817727,23.7586101
cafe,52.0821389,23.7585214
shop_grocery,51.9676658,25.0272404
cafe,51.9761044,25.4645544
shop_grocery,53.0424346,27.5934640
cafe,53.8496192,27.5771141
restaurant,53.8767106,27.6261458
sports_centre,53.6666573,23.7944176
shop_grocery,53.4438256,28.9626815
school,53.4438176,28.9547573
shop_grocery,53.9748699,27.0240243
shop_grocery,53.9102336,27.5925169
cafe,53.8995152,25.2985632
cafe,53.8904389,25.3132899
shop_grocery,53.9016652,25.3130566
cafe,53.8922132,25.2535719
shop_grocery,53.8936848,25.2719222
shop_grocery,53.8984610,25.2565840
cafe,53.8984610,25.2518553
cafe,53.9119208,25.2433205
shop_grocery,53.9085696,25.2517748
cafe,52.0852346,23.6965710
cafe,52.0842040,23.6946000
cafe,53.8849492,27.5651445
shop_grocery,53.8526597,27.4271096
shop_grocery,53.7991274,27.7628781
shop_grocery,52.1037309,23.7339100
cafe,53.8936777,25.3001645
sports_centre,52.0814873,24.3054485
bank,51.9860769,24.2073293
post_office,55.4627866,27.8859400
cafe,53.9096299,25.3138706
cafe,53.9070023,25.3217858
cafe,53.9011571,25.3174286
cafe,53.8973848,25.3229774
post_office,52.1095973,24.3782061
post_office,52.2344462,24.7196138
shop_grocery,53.1728967,29.1788764
shop_grocery,53.1330690,29.2222217
shop_grocery,53.5323274,30.2281736
shop_grocery,53.4796544,26.7464394
shop_grocery,53.1851957,29.1888836
post_office,55.4115350,27.7356900
shop_grocery,52.1516034,23.7051949
shop_grocery,53.8733076,25.2974313
cafe,53.8713135,25.2896784
shop_grocery,52.1077685,23.8006664
shop_grocery,52.2013085,24.6625686
shop_grocery,52.2050688,24.3635881
shop_grocery,52.1963133,24.3535231
shop_grocery,52.2013020,24.3391760
post_office,53.8498812,25.3607637
cafe,53.8756496,25.3147477
post_office,53.8695169,25.2934054
cafe,53.0379067,24.0972546
post_office,54.3679674,26.4637485
cafe,55.2001133,30.2075978
cafe,53.1298537,26.0421018
post_office,53.3617495,26.5324575
shop_grocery,51.7892438,23.6541896
shop_grocery,52.0635164,23.7339716
shop_grocery,52.0805045,23.7693434
shop_grocery,52.1222909,23.6552069
cafe,54.8898408,27.7698207
shop_grocery,53.9157276,27.1671466
shop_grocery,54.0099624,27.2417390
shop_grocery,51.9177527,26.8840484
shop_grocery,53.9553801,27.7244281
shop_grocery,52.1895547,24.3373866
shop_grocery,52.2425067,27.4525501
shop_grocery,52.3916703,26.7564214
post_office,53.0291403,24.2699320
cafe,53.9350665,27.6707843
restaurant,52.2062427,24.3293145
shop_grocery,53.9175830,27.4294766
shop_grocery,52.0712813,27.2404378
shop_grocery,54.4609212,26.8642991
shop_grocery,53.1601248,29.2341683
shop_grocery,55.1703129,30.2478242
shop_grocery,52.7123402,30.5699473
shop_grocery,52.3488098,31.0313910
shop_grocery,52.4049475,30.9765927
shop_grocery,52.2717963,23.4858003
restaurant,53.1234445,26.0205527
shop_grocery,52.1990773,24.0185232
shop_grocery,53.0350759,28.2861541
shop_grocery,53.2417052,26.6317905
shop_grocery,52.9841398,27.5037525
bank,53.8681038,27.5460557
bank,53.8664350,27.5482848
bank,53.8661935,27.5488499
bank,53.8660449,27.5491706
cafe,53.8645161,27.5497289
cafe,53.8635850,27.5518459
shop_grocery,53.4499564,26.6335701
shop_grocery,52.4062873,30.9178195
shop_grocery,52.4054554,31.0223363
shop_grocery,52.4403546,30.9914275
restaurant,52.1323059,26.0779367
shop_grocery,52.4739256,30.9766009
shop_grocery,52.4240377,30.9918157
shop_grocery,52.1664821,24.1146804
shop_grocery,52.4861545,30.9968845
shop_grocery,52.4401267,30.9419024
restaurant,53.9090759,27.5575444
cafe,53.9089595,27.5574489
shop_grocery,53.6737697,23.8702880
shop_grocery,53.7099123,23.8390447
shop_grocery,53.6758608,23.8040814
shop_grocery,53.6972606,23.8819104
shop_grocery,53.6974004,23.8318453
restaurant,53.9356358,27.5403506
post_office,53.4595768,26.6799015
shop_grocery,53.4595701,26.6789167
cafe,55.1128145,26.8416681
shop_grocery,53.7075365,23.8290620
shop_grocery,55.7553176,27.9555624
shop_grocery,55.5343819,28.6305389
shop_grocery,55.6393435,26.9919050
shop_grocery,55.1792604,28.6351453
shop_grocery,55.1161060,27.6711320
restaurant,54.2561446,27.8235744
sports_centre,54.0038806,27.6772610
cafe,51.7879756,24.0702564
shop_grocery,51.7905729,24.0810134
shop_grocery,51.7840059,24.0591507
cafe,51.7856021,24.0621158
shop_grocery,51.7854545,24.0621883
shop_grocery,53.6477911,23.8116588
shop_grocery,53.6453761,23.8727717
shop_grocery,54.1073956,28.3417532
shop_grocery,55.1728996,30.1530754
cafe,52.0987865,23.6812234
restaurant,53.9369472,27.5313473
school,52.0954461,23.6881576
cafe,52.0919307,23.7103361
cafe,52.0965917,23.6910423
cafe,52.0968479,23.6872020
cafe,53.9013775,27.4774517
shop_grocery,53.9955538,27.2739945
shop_grocery,53.9089963,27.4534706
shop_grocery,52.0753038,23.6701970
shop_grocery,52.5543596,23.7952103
shop_grocery,54.8842115,28.7280535
shop_grocery,54.7562944,25.9483740
shop_grocery,54.4733792,26.4147097
shop_grocery,54.4563293,26.3870436
shop_grocery,53.9426326,26.1476626
shop_grocery,53.5525197,23.8645398
shop_grocery,53.9028946,26.7561816
shop_grocery,53.9687974,27.7456754
shop_grocery,53.4899477,26.7332812
shop_grocery,53.8150510,27.6890364
shop_grocery,52.1474819,24.3702480
post_office,52.3177465,23.9961892
post_office,51.9856545,24.7591891
cafe,51.9869879,24.7582175
shop_grocery,51.9871432,24.7582161
restaurant,53.8498028,27.5760822
shop_grocery,52.2589776,26.7983660
cafe,52.4643705,31.0402558
shop_grocery,53.3600291,32.0347156
cafe,53.1345882,26.0149209
shop_grocery,52.2978933,26.6394143
cafe,52.2988996,26.6386954
shop_grocery,52.2988651,26.6388229
post_office,52.2990907,26.6384849
bank,52.2989324,26.6385385
post_office,53.8721964,27.5437452
shop_grocery,53.9365086,25.7567617
restaurant,54.1552724,27.8355344
sports_centre,53.9532919,27.6001976
sports_centre,53.9386225,27.5991473
cafe,54.1555264,27.8325953
shop_grocery,53.8451248,27.5686126
sports_centre,53.6612274,27.1453296
cafe,52.8927433,30.0401464
bank,53.8874927,27.5151088
cafe,54.1571389,27.8312006
bank,54.0146109,27.2590406
shop_grocery,53.4800361,29.3416431
shop_grocery,53.9524713,27.7133184
fap,52.8560443,24.6140526
shop_grocery,54.0069067,31.6628357
shop_grocery,53.0819503,29.2332916
cafe,53.8972386,30.3360321
shop_grocery,54.0976552,28.2985134
post_office,52.4499615,31.0241324
cafe,53.6845918,23.8432591
shop_grocery,54.3695598,27.1538284
shop_grocery,54.3034599,27.2254882
shop_grocery,54.2964532,27.3231930
shop_grocery,54.0286231,26.6848857
shop_grocery,55.6128893,27.0720651
shop_grocery,55.6444985,27.0348486
restaurant,53.6763091,23.8385202
shop_grocery,54.0730473,26.7833049
shop_grocery,55.6409655,27.0439923
shop_grocery,52.1179573,26.0853222
cafe,52.0961095,23.6908999
shop_grocery,52.0648893,23.7201707
cafe,52.0659384,23.7263770
shop_grocery,52.0660225,23.7265232
shop_grocery,52.7418096,27.8436035
cafe,53.8922159,27.5557644
post_office,52.2450968,26.8123899
restaurant,52.2438511,26.8003803
bank,52.2435087,26.7982332
cafe,52.2444448,26.7981327
shop_grocery,52.2443643,26.7982627
shop_grocery,52.2462078,26.8133113
post_office,52.7438195,27.8451513
shop_grocery,52.6786298,27.8035542
sports_centre,52.0930650,23.7386142
shop_grocery,54.8685184,28.7042693
shop_grocery,53.8348454,27.5780693
shop_grocery,53.8964422,30.3404423
shop_grocery,55.9145064,28.8180502
shop_grocery,55.5149170,28.6848552
shop_grocery,53.3234288,28.6510241
shop_grocery,52.7977896,27.8724863
cafe,52.4881816,24.7049338
shop_grocery,53.4182569,24.5652714
shop_grocery,53.6777279,23.7629785
shop_grocery,53.6518490,23.7786386
shop_grocery,53.7198102,23.8417831
shop_grocery,52.9295741,24.3566452
shop_grocery,53.9032427,27.4231362
shop_grocery,53.1197291,30.0707656
shop_grocery,53.1312914,30.8023087
shop_grocery,53.4322299,30.9702989
shop_grocery,53.1028304,30.0448739
shop_grocery,52.1967473,24.3484336
shop_grocery,52.2234611,24.3717588
shop_grocery,52.2125883,24.3852711
shop_grocery,53.4339370,30.9892857
post_office,52.8072410,27.9351218
shop_grocery,52.2325854,24.3797648
post_office,52.7148000,27.7873472
cafe,52.0780651,23.7413651
cafe,53.9234408,27.4815762
cafe,53.8900003,27.5574228
shop_grocery,52.0506250,29.2459300
shop_grocery,52.0406479,29.2796239
shop_grocery,52.0318056,29.2336938
fap,52.0352840,29.1961187
bank,52.1122295,26.1050606
shop_grocery,52.0361783,29.2657006
cafe,53.9365321,27.5305097
cafe,52.7850846,27.5391872
shop_grocery,52.0494596,29.2570598
shop_grocery,51.9967540,29.3306074
shop_grocery,52.0601711,29.2289275
shop_grocery,53.6985081,23.8393441
fap,53.6738453,23.7960827
shop_grocery,52.7339364,27.9991438
shop_grocery,53.8620836,27.5524698
shop_grocery,53.8844839,27.5327226
post_office,53.8748119,27.5484838
shop_grocery,52.9038759,30.9021109
shop_grocery,52.7887460,27.5545093
shop_grocery,53.4800645,25.4145365
cafe,55.2040974,30.2075538
shop_grocery,52.9035210,30.9079654
shop_grocery,53.1836187,29.2191432
restaurant,53.9362425,27.4778876
shop_grocery,53.6864423,27.1652277
shop_grocery,55.4054824,26.6318005
shop_grocery,51.8019288,28.3286323
shop_grocery,51.8109403,29.1831534
cafe,52.1092331,23.7720077
shop_grocery,52.9124207,30.0442601
shop_grocery,52.8591026,29.9953434
shop_grocery,55.2054979,30.2087277
post_office,52.7889420,28.0195599
cafe,52.0918475,23.7092150
cafe,53.0837080,25.3237358
cafe,54.5109317,30.4244497
cafe,55.1795293,30.2184051
cafe,53.8609554,27.4791133
cafe,53.9076817,27.4369946
cafe,53.9325365,27.5324571
cafe,53.8479049,27.5668108
cafe,53.8881350,27.4214754
cafe,53.8898501,27.5741333
cafe,53.9349525,27.4974677
cafe,53.9140836,27.4261505
cafe,53.8721769,27.4808676
cafe,53.8394165,27.6405688
cafe,53.8621702,27.4803364
cafe,54.0425803,28.0799764
cafe,54.3048860,26.8435773
sports_centre,54.0052676,27.6810330
post_office,52.8568310,27.9520653
shop_grocery,52.3743399,30.8255249
shop_grocery,52.4703900,30.9424677
shop_grocery,53.8287712,28.9813414
shop_grocery,53.0502320,27.5623979
shop_grocery,53.0501002,27.5625584
shop_grocery,53.0179374,27.5360815
shop_grocery,54.0141831,27.5470317
shop_grocery,53.6640394,23.8591544
shop_grocery,53.1518662,24.4281579
shop_grocery,52.2133826,28.5760833
restaurant,53.1317526,26.0345686
cafe,53.1321576,26.0334678
fap,53.1354864,25.8787993
cafe,53.6704683,23.8155859
post_office,53.0262833,24.4907371
shop_grocery,53.0266129,24.4918214
shop_grocery,53.0372274,24.5486128
shop_grocery,53.1072766,26.0006768
shop_grocery,53.1487568,27.0742850
shop_grocery,52.8046672,27.5112475
shop_grocery,52.8087063,27.9945792
shop_grocery,53.9393698,27.5982094
shop_grocery,53.8757786,27.4331936
shop_grocery,53.9619429,27.5650894
cafe,53.9643796,27.6226861
cafe,53.9642143,27.6233400
cafe,53.9641352,27.6236099
cafe,53.9645658,27.6240398
post_office,53.8371270,27.6220875
cafe,53.8817302,27.6791639
shop_grocery,53.5997279,25.8372947
shop_grocery,52.4545811,29.2724704
shop_grocery,52.6178917,29.6949769
shop_grocery,54.4804470,26.3982397
cafe,53.9085621,27.5555718
post_office,54.5933873,27.8525004
shop_grocery,54.5920858,27.8532733
shop_grocery,52.0715868,23.6956730
shop_grocery,52.0694557,23.6912409
shop_grocery,52.1288815,23.5801261
cafe,53.9113714,27.5172245
cafe,53.9153452,27.5556100
cafe,54.2604906,28.4417737
cafe,53.9652063,27.6590406
cafe,52.1974160,24.3578874
restaurant,52.1966645,24.3579720
fap,53.9498174,27.6807057
cafe,52.0974592,23.6902852
cafe,52.0904319,23.6811724
cafe,53.9089632,27.5760633
shop_grocery,53.8817516,27.5565396
shop_grocery,53.0497295,26.7447004
fap,53.9206467,30.3120157
restaurant,54.0967015,28.2947447
shop_grocery,53.4434467,27.1547276
shop_grocery,53.1687717,24.4311395
cafe,53.4669693,27.2071241
post_office,53.8455838,27.5703093
cafe,53.9309348,27.6543146
shop_grocery,55.1856002,30.1946733
shop_grocery,52.9598485,27.4955030
cafe,53.8767436,27.6263432
cafe,53.9050403,27.5464724
shop_grocery,53.0872572,25.3197546
cafe,53.9056815,27.4485525
shop_grocery,53.3511021,24.0166015
post_office,52.1303400,23.6774059
post_office,52.1253030,23.6735234
cafe,52.8011667,27.6086994
fap,53.6887894,31.7100084
fap,53.6889189,31.7106307
fap,53.6888037,31.7103450
cafe,52.0649156,23.7200708
sports_centre,52.0637330,23.7577226
bank,53.7079411,23.8426109
shop_grocery,51.8953095,29.9708874
cafe,53.6783854,23.8241380
fap,53.8982553,27.5684596
shop_grocery,55.3006926,29.6249547
shop_grocery,55.3052597,29.6162475
cafe,53.6748842,23.8400932
sports_centre,53.6694530,23.7828556
fap,53.1311918,26.0151477
fap,53.9501857,27.7140319
shop_grocery,54.3205404,28.7636219
cafe,55.1819064,30.2035593
shop_grocery,54.1940188,27.8321967
cafe,52.1195901,23.6906081
post_office,54.1030143,28.3183091
shop_grocery,52.1279839,29.3371099
shop_grocery,53.8974115,27.5202826
shop_grocery,53.8923314,27.5240692
bank,53.9618578,27.5650663
shop_grocery,53.8421124,27.4935128
restaurant,53.9023550,30.3399655
cafe,53.9467602,27.6847081
post_office,54.1593322,27.2355667
shop_grocery,54.4694831,26.0861043
shop_grocery,54.4690862,26.0873767
post_office,54.4690632,26.0860408
shop_grocery,55.2035538,30.2125971
cafe,52.1961530,24.0333585
school,53.9505485,27.6791954
shop_grocery,53.6551418,23.7744577
fap,53.9312213,27.6552174
bank,52.1281688,23.5842237
cafe,52.1280445,23.5841762
shop_grocery,53.0660132,26.6362230
cafe,53.8726447,27.5277538
shop_grocery,53.8728866,27.5281600
shop_grocery,53.4727376,26.7339445
cafe,52.1906219,24.0294291
cafe,52.1908142,24.0340412
post_office,54.0351043,25.4096375
bank,53.8671295,27.5478290
cafe,53.8637657,27.5480921
shop_grocery,53.8613785,27.5517375
cafe,53.8732881,30.3282973
fap,53.8672078,27.5281408
cafe,53.7342088,31.7251886
shop_grocery,53.9371924,27.5315653
shop_grocery,53.1424107,29.2196653
cafe,53.9145919,27.5541746
cafe,52.4454793,31.0229959
cafe,53.9044273,27.5513103
shop_grocery,53.9617015,27.5665114
restaurant,52.4559212,31.0260357
cafe,53.8862311,27.5679293
cafe,52.0948700,23.6790852
shop_grocery,53.8748652,27.5485722
restaurant,53.8883471,25.3039439
shop_grocery,53.8200258,27.5165502
shop_grocery,53.8194091,27.5146690
shop_grocery,52.0712701,23.6965906
restaurant,53.9288450,27.5569067
cafe,53.8845812,27.5662478
fap,53.9235984,27.6696743
fap,53.9236442,27.6694552
cafe,53.9370168,27.4771028
cafe,53.8956415,27.5529626
cafe,52.1968804,24.3579477
school,51.5497494,29.8006709
shop_grocery,53.0150317,27.7347842
cafe,53.9022933,27.5552585
cafe,53.8967905,27.5547758
cafe,53.8540707,27.4303937
shop_grocery,52.4514333,31.0220645
shop_grocery,54.2883423,30.9842737
shop_grocery,53.9091306,30.3389435
shop_grocery,53.9348577,30.2498353
shop_grocery,53.9191482,30.2915410
shop_grocery,53.9077797,30.3360388
shop_grocery,53.8749728,30.3433022
shop_grocery,53.6634413,23.7781908
shop_grocery,53.9224687,27.6368608
cafe,53.9229947,27.6370110
cafe,53.9244877,27.6382696
restaurant,52.0783017,23.7405727
cafe,53.9026236,27.5502078
cafe,53.9230095,27.5559131
cafe,54.0043193,27.6787533
shop_grocery,53.7504776,27.5611446
fap,52.4504470,30.9950065
sports_centre,53.9174106,27.4286848
post_office,54.6434119,25.9898890
shop_grocery,54.6434478,25.9899064
shop_grocery,54.6437452,25.9916290
shop_grocery,54.6893947,26.1442408
cafe,53.9261627,27.5184161
cafe,53.8592280,27.6750006
cafe,53.8622208,27.4803738
cafe,53.8891957,27.5453987
cafe,53.9265875,27.5180834
shop_grocery,53.7517528,27.5755345
cafe,52.0923455,23.7087747
cafe,53.9469450,27.6839930
shop_grocery,51.7998029,24.0746981
post_office,54.0049542,27.6845831
shop_grocery,52.4198041,30.9759908
cafe,51.7903854,24.0735367
cafe,55.1640556,30.2111276
station,52.1389775,29.3134736
post_office,51.7683810,23.9759338
bank,53.8468330,27.4714579
cafe,53.6532674,23.8503903
cafe,55.1908184,30.2024485
cafe,53.9082726,27.5481399
cafe,53.8697241,27.5501034
cafe,53.8662906,27.5417375
cafe,53.9306857,27.6498708
cafe,53.8623474,27.4468007
cafe,53.9640668,27.5676874
cafe,53.8850681,27.4512963
cafe,53.9433126,27.4616765
cafe,53.9387214,27.6038629
cafe,53.8782681,27.4923474
cafe,53.9068316,27.5879653
cafe,53.8816486,27.5674727
fap,53.8598738,27.5530978
shop_grocery,54.1433333,28.3087110
sports_centre,53.0785291,25.3025122
post_office,54.0077486,27.6817319
shop_grocery,51.9488104,26.4002582
shop_grocery,54.4241154,27.8340123
shop_grocery,52.6690657,30.9843964
sports_centre,52.0847756,23.6926657
cafe,52.0874127,23.6931539
school,52.0929467,23.6905079
cafe,52.0939902,23.6891081
school,52.0742383,23.7064351
shop_grocery,51.6862577,23.9643037
shop_grocery,51.6861263,23.9641374
shop_grocery,53.9522892,27.6831006
station,53.1534601,29.1613695
restaurant,53.9062308,27.5274210
restaurant,53.9069160,27.5289945
cafe,53.9213784,27.4990519
fap,53.9079067,27.5193193
shop_grocery,53.9876386,27.5078635
shop_grocery,52.6519500,28.8848665
cafe,53.9617360,27.5682987
cafe,54.4929016,30.0241868
shop_grocery,52.3626487,23.4024907
school,52.4035910,30.9517720
shop_grocery,53.9628462,27.6595828
post_office,54.2521621,28.7121238
shop_grocery,54.2527740,28.7120739
shop_grocery,54.9743918,26.6412656
shop_grocery,53.2868393,23.9384623
cafe,53.9081575,27.5755528
shop_grocery,55.4253217,30.2165526
shop_grocery,53.8669235,27.4873177
shop_grocery,54.4860626,26.3711458
post_office,54.4543169,26.3190045
shop_grocery,53.8555145,27.4317358
school,52.8819713,30.0465420
shop_grocery,55.1329196,26.9122068
shop_grocery,54.7163988,26.6337970
fap,53.7966979,27.7969819
shop_grocery,52.0955643,23.7179509
sports_centre,52.0938176,23.7166669
shop_grocery,54.5076466,26.3724460
shop_grocery,54.5069309,26.3743855
shop_grocery,54.5080885,26.3738432
shop_grocery,54.5094685,26.3747386
shop_grocery,54.5305183,26.0840200
shop_grocery,53.7756133,29.0003643
shop_grocery,53.7927298,25.1464594
shop_grocery,53.7923216,25.1469808
shop_grocery,53.8641347,27.5526416
shop_grocery,53.1188810,26.2792269
shop_grocery,53.5937920,27.4902552
shop_grocery,52.0846141,25.2429986
shop_grocery,53.0831210,26.3468294
shop_grocery,53.0831959,26.3475176
shop_grocery,53.9003864,27.5055142
cafe,53.7131191,28.4196830
shop_grocery,53.7153523,28.4160535
shop_grocery,53.5726760,27.4841033
cafe,53.8685251,27.5362001
shop_grocery,54.7102818,27.2896889
shop_grocery,52.7846573,27.5398290
restaurant,52.0831749,23.6986136
bank,54.5105592,30.4279207
shop_grocery,55.3033334,29.6187076
shop_grocery,53.6866106,27.4359454
school,52.0810049,23.7549209
cafe,55.2917948,29.6157961
fap,53.7127742,23.8390741
shop_grocery,53.4456578,30.5220210
cafe,53.8863897,27.5371158
school,53.4481266,30.5313924
cafe,53.9732759,27.6104226
shop_grocery,52.1859075,25.6094822
shop_grocery,53.8849914,27.3742792
post_office,52.1210649,30.6791893
restaurant,53.8926884,27.5523894
fap,53.9104320,27.5280811
cafe,53.9314574,27.6539503
shop_grocery,55.5664783,28.2143359
post_office,55.5665186,28.2146846
cafe,55.4935589,28.7524875
shop_grocery,55.4934521,28.7524658
restaurant,55.4901117,28.7485218
shop_grocery,55.5029732,28.7490722
shop_grocery,55.4979110,28.7456132
restaurant,55.4923302,28.7529898
bank,55.1810065,30.2026965
restaurant,53.8907410,27.5732833
shop_grocery,52.5640516,24.4709060
shop_grocery,52.6053949,24.1086119
station,52.8918364,30.0047377
shop_grocery,53.7471358,28.4916553
cafe,54.2474178,29.7963109
shop_grocery,53.9545678,27.6181451
restaurant,53.9532359,27.6116383
fap,53.9087456,27.4733081
cafe,53.8848518,27.5862944
post_office,52.6023756,24.4009674
restaurant,53.8801958,27.6045063
shop_grocery,53.8065646,27.5824158
cafe,53.8696616,27.5287899
cafe,53.8699473,27.5282203
restaurant,53.9020799,27.5575241
shop_grocery,52.5679408,24.4186887
restaurant,53.9022038,27.5507689
station,52.3999436,30.7578637
shop_grocery,53.9383860,27.6882108
restaurant,53.9541681,27.6896026
shop_grocery,54.4325044,25.9750984
cafe,52.8907121,30.0428440
cafe,52.0874791,23.6993990
cafe,52.0906210,23.6746124
cafe,52.0856766,23.6683723
shop_grocery,52.0614565,24.4802856
restaurant,55.6187653,27.6274892
shop_grocery,53.8719656,27.6947774
shop_grocery,51.9498143,30.7920720
cafe,51.9486904,30.7989401
cafe,53.9375899,27.4753468
shop_grocery,53.8310261,27.5712215
bank,55.1851229,30.2327476
shop_grocery,55.7218201,27.5646218
post_office,53.9422686,27.6074126
fap,53.9292691,27.6259924
shop_grocery,51.9540104,30.7954185
cafe,52.1994935,24.0176448
cafe,52.1994543,24.0177104
cafe,52.8121162,27.5581079
shop_grocery,53.0513609,27.5520369
shop_grocery,53.0464775,27.5678373
cafe,54.8354401,26.8333766
shop_grocery,53.3423619,26.1022035
shop_grocery,52.5619249,28.0567210
post_office,52.5729612,28.0686840
shop_grocery,52.5693542,28.0664161
restaurant,53.8921053,27.5558499
cafe,51.9387850,30.8061656
cafe,54.3880668,26.1290140
cafe,53.8803986,27.6007654
shop_grocery,54.3302161,25.8410406
shop_grocery,53.7157081,23.8774178
restaurant,53.9062744,27.5570569
restaurant,53.9047678,27.5693922
shop_grocery,53.1553510,24.4415564
cafe,53.8977508,30.3365009
sports_centre,53.9466257,27.6295277
post_office,54.4822355,26.3906526
shop_grocery,54.4818703,26.3961584
sports_centre,53.9625757,27.3948063
school,53.8612467,27.6136792
school,53.8569432,27.6170539
school,55.8335034,29.9296553
school,54.9239514,29.7443020
fap,53.9188959,27.5298805
fap,53.9603152,27.7397556
sports_centre,53.8404828,27.7039917
fap,53.9391609,27.6890879
school,53.9400069,27.6921264
fap,53.8845657,27.6804255
fap,53.9506053,27.6774710
restaurant,53.9120020,27.6733320
bank,53.9387481,27.6527335
sports_centre,53.8898903,27.6487392
bank,53.8918298,27.6478596
shop_grocery,53.8455511,27.6422936
school,53.9400851,27.6387548
shop_grocery,53.9112026,27.6331490
cafe,53.8879890,27.6328410
fap,53.8797841,27.6362459
fap,53.8771671,27.6377514
fap,53.8695331,27.6313010
sports_centre,53.8562313,27.6388794
fap,53.9478694,27.6300275
fap,53.8353828,27.6299736
school,53.8358610,27.6238990
school,53.8353340,27.6228630
sports_centre,53.9546652,27.6142963
school,53.9382592,27.6203814
sports_centre,53.9082856,27.6209454
school,53.9039043,27.6181117
school,53.9038322,27.6168816
shop_grocery,53.8944711,27.6150803
sports_centre,53.8862094,27.6208692
fap,53.9136030,27.6032473
fap,53.9041118,27.6107081
sports_centre,53.9010820,27.6054726
fap,53.8877285,27.6085543
fap,53.8893348,27.6069827
fap,53.8894005,27.6062072
shop_grocery,53.8659309,27.6093843
fap,53.9519214,27.6019263
shop_grocery,53.9497339,27.5976848
fap,53.9514970,27.6021426
fap,53.9311076,27.5974785
fap,53.9339468,27.5992653
fap,53.8607602,27.5958805
bank,53.9277910,27.5862880
fap,53.9273247,27.5880740
fap,53.9258724,27.5862692
fap,53.9140588,27.5870173
shop_grocery,53.9124335,27.5878635
sports_centre,53.9072607,27.5848854
fap,53.8872799,27.5918730
shop_grocery,53.8708028,27.5916021
fap,53.9342376,27.5825160
school,53.9265891,27.5761782
school,53.9254719,27.5774206
fap,53.9240374,27.5771258
fap,53.9173824,27.5711066
cafe,53.9042088,27.5715970
fap,53.8985736,27.5680035
fap,53.8967133,27.5693919
fap,53.8969091,27.5690443
fap,53.8658578,27.5681715
fap,53.9348452,27.5568664
bank,53.9225381,27.5654253
restaurant,53.9185871,27.5566210
sports_centre,53.9164109,27.5593735
bank,53.9167588,27.5569592
fap,53.8835922,27.5647091
school,53.8639052,27.5618578
fap,53.9263184,27.5495576
fap,53.9268676,27.5538325
fap,53.9274087,27.5529503
fap,53.9304365,27.5514732
bank,53.9169922,27.5560540
sports_centre,53.9068668,27.5531683
post_office,53.8961912,27.5507599
fap,53.8772809,27.5513409
sports_centre,53.8756755,27.5541651
shop_grocery,53.8459017,27.5478891
fap,53.8480009,27.5497280
post_office,53.9282971,27.5445770
bank,53.9107360,27.5394539
fap,53.9038534,27.5382068
bank,53.9002369,27.5419495
bank,53.8973042,27.5415407
bank,53.8894657,27.5412990
fap,53.8903361,27.5424075
bank,53.9126111,27.5304137
fap,53.9030723,27.5361935
sports_centre,53.8871853,27.5341288
fap,53.8509018,27.5337885
bank,53.9184115,27.5246095
bank,53.8954624,27.5195915
shop_grocery,53.8568381,27.5223785
sports_centre,53.9069329,27.5109792
shop_grocery,53.8937179,27.5144804
fap,53.8565090,27.5142063
cafe,53.8461686,27.5117363
fap,53.9032879,27.5025229
sports_centre,53.9020276,27.5059586
bank,53.8448940,27.5024750
fap,53.8474951,27.5050219
fap,53.8998371,27.4981556
school,53.8954291,27.4941949
school,53.8960867,27.4917499
fap,53.8777620,27.4996790
fap,53.9379935,27.4827895
fap,53.9227579,27.4891414
ice_rink,53.9077592,27.4858597
bank,53.8647524,27.4877485
shop_grocery,53.9233145,27.4816671
post_office,53.9210654,27.4797076
shop_grocery,53.9172337,27.4787069
sports_centre,53.9169214,27.4812842
fap,53.9091814,27.4814947
restaurant,53.9027443,27.4808909
school,53.8672862,27.4813499
school,53.8699828,27.4674731
fap,53.8658900,27.4664740
fap,53.8664404,27.4652864
restaurant,53.8590993,27.4697504
fap,53.9045256,27.4582205
school,53.8663326,27.4629171
school,53.8610110,27.4565933
school,53.8611319,27.4538298
bank,53.9386615,27.4418233
school,53.9112275,27.4401485
fap,53.8986782,27.4419583
fap,53.8630923,27.4434292
fap,53.8897386,27.6070149
shop_grocery,53.8732121,27.5992276
shop_grocery,53.8078287,27.5804431
fap,53.9106466,27.5713675
fap,53.9165614,27.5020602
fap,53.8865494,27.4345553
shop_grocery,53.8847151,27.5522922
shop_grocery,53.8769889,27.6302610
fap,53.9198807,27.5973792
shop_grocery,53.8561856,27.4327045
shop_grocery,53.9001726,27.5576404
shop_grocery,55.1694560,30.2235125
sports_centre,55.1763530,30.1773600
shop_grocery,55.1808855,30.2307985
shop_grocery,55.1635205,30.1852848
shop_grocery,55.1607814,30.2129778
shop_grocery,55.1925993,30.2042291
shop_grocery,55.1717607,30.2023116
shop_grocery,55.1657910,30.2217344
sports_centre,55.1691524,30.2272885
shop_grocery,55.1922223,30.2492271
fap,55.1936034,30.2124184
fap,55.1862821,30.2082425
sports_centre,55.1837420,30.2454351
fap,55.1877057,30.2012076
shop_grocery,55.1739856,30.2285158
fap,55.1998131,30.2097656
shop_grocery,55.1957417,30.2447648
fap,55.2022887,30.2188182
fap,55.2056300,30.2267513
shop_grocery,55.1918286,30.1461007
shop_grocery,55.1744553,30.1505994
shop_grocery,55.1864519,30.1687492
sports_centre,55.1914889,30.1823517
shop_grocery,55.1790492,30.1510242
shop_grocery,55.1978011,30.1584731
fap,55.1714798,30.1454066
shop_grocery,55.1855381,30.2206452
fap,55.1640739,30.1183428
fap,55.1931798,30.2489018
fap,55.1712830,30.1441358
shop_grocery,55.1742149,30.1355501
cafe,55.1914901,30.2491385
shop_grocery,55.2022964,30.1743180
shop_grocery,55.1655833,30.1181386
shop_grocery,55.2311361,30.2671750
bank,55.1948256,30.2052009
bank,55.1934748,30.2145158
shop_grocery,55.2064278,30.1602519
sports_centre,55.1738866,30.2244357
bank,55.1907463,30.2055584
sports_centre,55.1919429,30.2197020
school,55.1769272,30.2219626
sports_centre,55.1769272,30.2219626
shop_grocery,55.1951227,30.2399009
shop_grocery,55.1958639,30.2377755
cafe,55.2072479,30.2246907
shop_grocery,55.1978453,30.1824821
post_office,55.1961676,30.1527740
bank,55.1836754,30.2071000
shop_grocery,55.2093885,30.2271057
shop_grocery,55.1809314,30.2110048
bank,55.1876688,30.2029863
bank,55.1876966,30.1897908
sports_centre,55.1852000,30.2509437
sports_centre,55.1979280,30.2286792
sports_centre,55.1842056,30.1905427
shop_grocery,55.1860458,30.2303399
shop_grocery,55.2113874,30.1897667
shop_grocery,55.2019045,30.1936096
restaurant,55.1973235,30.2044924
shop_grocery,55.1945313,30.2070131
fap,55.1885175,30.2298450
restaurant,55.1977361,30.2174681
sports_centre,53.8923899,27.5653181
shop_grocery,53.8255989,27.7660611
shop_grocery,53.8274862,27.7728606
school,54.0402750,27.5635111
fap,53.8231764,27.5228074
shop_grocery,53.7024899,23.7982317
shop_grocery,53.7038120,23.7980336
shop_grocery,53.7091252,23.8025755
shop_grocery,53.7086254,23.8064596
water_park,53.7021977,23.8168247
shop_grocery,53.6982800,23.8135368
shop_grocery,53.7016554,23.8455257
fap,53.7055243,23.8417328
fap,53.6901213,23.8331118
fap,53.6861385,23.8260469
restaurant,53.6801915,23.8317396
fap,53.6776048,23.8379521
shop_grocery,53.6945473,23.8461260
shop_grocery,53.6939830,23.8462352
fap,53.6897436,23.8370583
shop_grocery,53.7125319,23.8414746
shop_grocery,53.7127333,23.8411511
shop_grocery,53.7126706,23.8544859
shop_grocery,53.7083299,23.8480861
sports_centre,53.6877550,23.8230680
fap,53.6945268,23.7906702
fap,53.6582001,23.8354069
shop_grocery,53.6587799,23.8438049
pool,53.6608322,23.8416297
sports_centre,53.6742357,23.8018600
sports_centre,53.6817114,23.8140102
fap,53.6704388,23.8226762
bank,53.6693690,23.8277900
shop_grocery,53.6838106,23.8595411
cafe,53.6446431,23.8356679
sports_centre,53.6599020,23.8313994
shop_grocery,53.6976801,23.8289035
sports_centre,53.7015569,23.8139549
cafe,53.6960422,23.8445510
shop_grocery,53.6589115,23.7846547
shop_grocery,53.6751984,23.7751638
shop_grocery,53.6439937,23.7837405
shop_grocery,53.6697791,23.8039416
shop_grocery,53.6314528,23.8110635
shop_grocery,53.6531923,23.8062773
fap,53.6726248,23.8099778
sports_centre,53.6794936,23.8484497
shop_grocery,53.6292774,23.8556584
cafe,53.6715475,23.8533026
shop_grocery,53.6629493,23.8703226
fap,53.7057525,23.7988480
shop_grocery,53.6668201,23.8001297
shop_grocery,53.6686468,23.8009072
shop_grocery,53.6705955,23.7966700
sports_centre,53.6668000,23.7943429
shop_grocery,53.9407642,27.3454561
shop_grocery,53.9480366,27.7733109
shop_grocery,55.1817936,30.2396422
fap,54.9663145,29.8343938
shop_grocery,55.1864142,30.2266209
shop_grocery,55.2960288,30.3123431
restaurant,55.1970699,30.2110723
school,55.1965471,30.2120947
shop_grocery,53.8748588,27.5938462
shop_grocery,55.1804883,30.2224714
cafe,55.1937444,30.2018742
shop_grocery,55.1900256,30.1776810
shop_grocery,53.9032228,27.4557145
bank,55.1982052,30.1794754
shop_grocery,53.8835511,27.6808059
fap,55.1939785,30.2239389
sports_centre,55.1806959,30.2208647
ice_rink,54.0621106,27.7317009
shop_grocery,55.1769465,30.2423075
sports_centre,54.2175051,27.8501993
shop_grocery,54.2036763,27.8412950
shop_grocery,54.2108307,27.8523238
fap,54.2066020,27.8507828
shop_grocery,55.2312049,30.1698976
pool,53.9195059,27.6066208
shop_grocery,53.8582166,27.6031811
shop_grocery,55.6245490,27.6336654
shop_grocery,55.6213702,27.6263342
fap,55.6203853,27.6207903
shop_grocery,55.6198542,27.6255683
shop_grocery,55.1607043,30.2289723
fap,55.1588096,30.2277930
fap,55.1561389,30.2278752
shop_grocery,55.1351789,30.1632652
sports_centre,55.1624383,30.2347579
shop_grocery,55.1643567,30.2326926
post_office,55.6173725,27.6258415
shop_grocery,53.8534859,27.4353834
shop_grocery,55.6235066,27.6121210
bank,55.6228349,27.6149791
sports_centre,53.9052322,27.5468046
sports_centre,53.9491533,27.6401499
bank,53.9557529,27.6238007
sports_centre,53.9336523,27.5075772
shop_grocery,55.6228491,27.6104614
shop_grocery,55.6249285,27.6099182
school,53.9075231,27.6299760
fap,53.9206782,27.6295325
shop_grocery,54.0057073,27.6815208
school,54.0101152,27.6837302
shop_grocery,54.0044651,27.6801083
shop_grocery,54.0053512,27.6794533
restaurant,53.9829464,27.6558432
shop_grocery,53.8911090,27.6836004
fap,53.9992619,27.6871720
fap,53.9984585,27.6867311
fap,53.9983413,27.6886919
cafe,55.1927218,30.2202762
shop_grocery,54.0081761,27.6793918
shop_grocery,54.4739397,26.4141449
shop_grocery,54.4739346,26.4219716
shop_grocery,54.4768903,26.4198371
shop_grocery,54.4766042,26.4241740
shop_grocery,54.4757944,26.4183547
shop_grocery,54.4753571,26.4171108
shop_grocery,54.4765159,26.4077174
restaurant,54.4819067,26.3998982
sports_centre,54.4806820,26.4021312
sports_centre,54.4803778,26.4017439
bank,54.4809897,26.3998365
shop_grocery,54.4803893,26.4014747
shop_grocery,55.5154354,28.6912822
shop_grocery,55.5251111,28.6598851
bank,55.5265867,28.6682642
sports_centre,55.5276287,28.6672476
school,55.5275399,28.6645984
shop_grocery,55.5200343,28.6682610
shop_grocery,54.4798690,26.3978576
shop_grocery,54.4814098,26.3953025
shop_grocery,54.4813752,26.3974200
shop_grocery,54.4816550,26.3980792
bank,54.4814492,26.3948593
shop_grocery,54.4812261,26.3959492
shop_grocery,54.4846566,26.3836985
sports_centre,52.4584579,30.9610020
shop_grocery,52.4602570,30.9535434
shop_grocery,55.5179439,28.6875494
bank,54.0123891,27.2660223
bank,53.0282708,27.5496547
cafe,53.6438638,23.8232508
bank,53.0258507,27.5511990
shop_grocery,53.0286035,27.5558134
restaurant,53.0289024,27.5525726
bank,53.0258108,27.5582028
cafe,54.0189643,27.8927788
shop_grocery,53.0309508,27.5876133
post_office,53.0309721,27.5915087
fap,53.0216742,27.5427462
bank,52.7247296,27.4624909
shop_grocery,52.7235250,27.4623848
shop_grocery,52.7250260,27.4639133
restaurant,52.7249963,27.4642106
shop_grocery,52.7374700,27.4616000
shop_grocery,52.7327640,27.4561233
shop_grocery,53.0149587,27.5186740
shop_grocery,52.1933329,25.1078879
shop_grocery,52.1902447,25.1599301
fap,52.1921015,25.1647922
shop_grocery,52.1922106,25.1465437
shop_grocery,52.1846224,25.1658346
shop_grocery,52.1863560,25.1375754
fap,52.1924359,25.1682993
shop_grocery,52.1830251,25.1351440
cafe,52.1859160,25.1577703
shop_grocery,52.1963288,25.1669777
shop_grocery,52.1870704,25.1366310
shop_grocery,52.1828535,25.1677988
shop_grocery,53.8295376,23.6558357
sports_centre,53.9500102,27.7069507
sports_centre,53.9500376,27.7062269
sports_centre,53.9506329,27.7071030
school,53.9578131,27.6281545
school,52.4585090,30.9596195
school,52.4590204,30.9623782
fap,52.4539956,30.9709529
cafe,53.8292379,27.3746702
restaurant,54.4665379,26.4034091
fap,54.4886366,26.4067032
sports_centre,53.9016941,27.5738224
fap,53.9953459,27.6794000
shop_grocery,53.9508307,27.6934941
fap,55.5180587,28.6841775
shop_grocery,55.5094664,28.6955656
sports_centre,55.5375702,28.6507689
shop_grocery,55.5400566,28.6370643
sports_centre,55.5414961,28.6361592
shop_grocery,55.5404346,28.6345135
bank,55.5411889,28.6331929
bank,55.5421922,28.6295860
shop_grocery,55.5403924,28.6249039
sports_centre,55.5377637,28.6311794
sports_centre,55.5351063,28.6415263
shop_grocery,55.5332496,28.6434328
sports_centre,55.5337157,28.6457849
post_office,53.9441158,27.7755568
shop_grocery,52.7907699,27.5060151
sports_centre,55.5305742,28.6490816
shop_grocery,52.7759110,27.5392954
fap,52.7779823,27.5347751
fap,52.7789560,27.5334140
fap,52.7799195,27.5334309
fap,52.7794911,27.5352966
fap,52.7787012,27.5359968
post_office,52.7848466,27.5445102
bank,52.7844225,27.5469248
sports_centre,55.5238366,28.6698703
shop_grocery,55.5238526,28.6772058
shop_grocery,52.7821871,27.5435856
shop_grocery,52.7842067,27.5026224
sports_centre,52.7843982,27.5216533
bank,52.7834482,27.5310712
post_office,52.7834582,27.5345798
shop_grocery,52.7864009,27.5383404
sports_centre,53.6742807,23.8873439
post_office,55.4844420,28.7755230
cafe,55.4864836,28.7734202
bank,52.7877813,27.5050186
bank,52.7870673,27.5152249
shop_grocery,52.7875108,27.5225809
cafe,52.7895910,27.5208701
school,52.7871883,27.5053267
school,52.7882989,27.5115465
school,52.7848712,27.5051555
school,52.7898521,27.5238064
shop_grocery,52.7964688,27.5366614
shop_grocery,53.9356599,27.6005950
shop_grocery,55.1707381,30.1989942
shop_grocery,53.9387217,27.6856090
shop_grocery,53.9480287,27.6934577
bank,55.4877950,28.7711637
post_office,55.4892973,28.7857114
school,52.7859635,27.5288844
school,52.7870207,27.5319109
fap,54.5170024,30.3758137
post_office,54.5158676,30.3793759
bank,53.1144654,26.0210501
fap,54.5141326,30.3920446
shop_grocery,54.5200286,30.3745789
shop_grocery,54.5196014,30.3735594
school,52.7831721,27.5470816
school,52.7837364,27.5467512
shop_grocery,52.7989371,27.5427329
fap,52.7908916,27.5470134
shop_grocery,52.7875462,27.5511485
shop_grocery,52.7877644,27.5515635
school,52.7894796,27.5475962
pool,53.8877930,27.6188203
cafe,53.1359466,29.2099993
sports_centre,53.8865143,27.5864574
sports_centre,53.8781382,27.6039505
bank,52.4450138,30.9663513
shop_grocery,52.4565739,30.9567993
shop_grocery,53.6747855,23.7731109
shop_grocery,53.8616399,27.5337571
school,52.2125020,24.3688774
sports_centre,52.2124576,24.3677191
fap,52.4325170,31.0072528
school,53.6988702,23.8484827
sports_centre,52.2135096,24.3636737
fap,52.3965930,30.9031605
bank,53.9461904,27.7742665
school,55.1981878,29.9672078
shop_grocery,52.4131535,30.9706208
fap,52.4574237,31.0015046
shop_grocery,52.4579041,31.0029378
shop_grocery,52.4619829,30.9644079
shop_grocery,52.4053173,30.9485715
shop_grocery,53.0947552,30.0567009
school,53.4778836,26.7327056
shop_grocery,53.4769373,26.7311513
shop_grocery,53.4765789,26.7317355
shop_grocery,53.4746554,26.7557628
shop_grocery,53.4647161,26.7766898
shop_grocery,53.4893410,26.7386220
cafe,53.4909449,26.7376130
shop_grocery,53.4821390,26.7508207
school,53.4893410,26.7436000
sports_centre,53.4892381,26.7477872
shop_grocery,53.4830417,26.7524565
shop_grocery,53.4979723,26.7667034
school,52.4624074,30.9582185
sports_centre,54.5115646,30.3606947
shop_grocery,54.5107339,30.3605751
fap,52.4466991,31.0033734
shop_grocery,52.4396807,31.0033921
fap,52.4456668,31.0027387
fap,52.4411429,30.9992234
shop_grocery,52.4441490,30.9947099
bank,52.4069775,30.9676082
shop_grocery,52.4092155,30.9719649
shop_grocery,52.4083791,30.9777074
fap,52.4130459,30.9748210
bank,52.4310113,30.9983085
shop_grocery,53.8626993,27.4601992
sports_centre,52.3897849,31.0290907
post_office,53.9366461,27.7194687
shop_grocery,53.8231337,27.5189556
shop_grocery,52.3685876,31.0303981
shop_grocery,54.0013451,27.6816084
shop_grocery,53.8483175,27.5019103
cafe,53.9626990,27.6837775
sports_centre,54.1882969,27.8068076
shop_grocery,53.9559607,27.5372013
cafe,53.9560751,27.5376569
school,52.4640613,30.9838848
bank,54.0150233,27.2583932
shop_grocery,54.0102978,27.2714155
shop_grocery,54.0069919,27.2848561
cafe,54.0063995,27.2874648
shop_grocery,54.0050084,27.2889634
shop_grocery,54.1092683,27.4626353
bank,53.7807360,27.6001751
shop_grocery,53.7971877,27.5306014
shop_grocery,52.5226778,24.9600536
sports_centre,52.5300664,24.9802739
bank,52.5317181,24.9813339
shop_grocery,52.5276986,24.9867530
shop_grocery,52.5346765,24.9856522
shop_grocery,52.5345033,24.9852465
shop_grocery,52.5377781,24.9728222
shop_grocery,52.5368874,24.9945520
restaurant,55.1725515,30.2420452
sports_centre,53.9346411,27.5042258
cafe,53.8087811,27.7333192
ice_rink,53.9108380,27.5514322
sports_centre,53.8183248,27.7583543
shop_grocery,53.8416975,27.3940204
shop_grocery,53.8561971,27.5106137
shop_grocery,53.8532865,27.5185710
shop_grocery,53.8495870,27.4569501
shop_grocery,53.8595125,27.4625759
shop_grocery,53.8593380,27.4527301
shop_grocery,53.8643758,27.4688046
sports_centre,53.8598469,27.4860320
pool,52.0299289,29.2315360
shop_grocery,53.8904271,25.2983786
shop_grocery,53.9490318,27.6713372
sports_centre,52.4603522,31.0209332
shop_grocery,53.8712579,27.4732828
shop_grocery,55.2142148,30.2593487
shop_grocery,52.7890374,27.5341907
post_office,55.1549574,30.0468980
bank,52.3979216,23.8248543
shop_grocery,53.9060671,27.4892750
fap,55.1560638,30.2160024
shop_grocery,55.2811685,30.1430110
shop_grocery,55.2848737,30.1488840
sports_centre,53.9241005,27.5172532
sports_centre,53.9239292,27.5187370
fap,53.5870536,27.0535889
shop_grocery,54.2047003,28.4757566
fap,53.1684788,29.1988568
fap,53.1299458,29.2028479
sports_centre,53.1378582,29.2053246
school,53.1168873,29.2203366
cafe,55.3580301,30.0695099
fap,52.6261028,29.7327939
fap,53.1745901,29.1832615
shop_grocery,55.1588325,30.2331756
bank,52.0888824,23.6975308
fap,52.0927706,23.6878285
sports_centre,52.0901002,23.6847600
post_office,52.0866137,23.6898200
bank,52.0896023,23.6853253
fap,52.0872226,23.6859456
bank,52.0944818,23.6831482
fap,52.0880727,23.6851261
shop_grocery,52.0962846,23.6908112
sports_centre,52.0988246,23.6922507
sports_centre,52.1057342,23.7732390
shop_grocery,53.8702496,27.4852098
school,52.0948842,23.6920988
shop_grocery,55.0127126,30.1769279
shop_grocery,55.0161119,30.1819160
shop_grocery,53.8695966,27.6698385
pool,53.8946977,25.2874972
shop_grocery,55.2013201,30.2685559
restaurant,52.0943291,23.6969319
shop_grocery,55.1540298,30.0435107
school,55.1535283,30.0447867
shop_grocery,55.1654550,30.2096928
shop_grocery,55.2006573,30.2413006
sports_centre,55.1995043,30.2083075
bank,52.0914257,23.7014976
shop_grocery,52.0919926,23.7012326
fap,53.8497028,27.4571659
restaurant,53.9904149,27.8048390
shop_grocery,52.0927364,23.7245041
post_office,54.5954571,29.8187300
restaurant,55.1766536,30.2263532
cafe,54.5949543,29.8243980
school,55.1585946,30.2069862
school,52.0878021,23.7050838
bank,52.0861923,23.7048417
fap,53.8932854,25.2829035
shop_grocery,55.2064230,30.1340549
cafe,53.8898564,27.5852414
shop_grocery,52.7952766,27.5414129
school,52.1008497,23.6970402
sports_centre,53.7341847,27.3458210
shop_grocery,53.9244530,27.5014026
shop_grocery,53.9253508,27.4945506
sports_centre,52.0848935,23.6902256
fap,52.0918823,23.6906949
sports_centre,52.0890108,23.6891178
fap,52.0899759,23.6907721
fap,52.0977714,23.6874676
bank,52.0964544,23.6842892
shop_grocery,52.0981759,23.6853454
cafe,52.0845365,23.6585449
shop_grocery,53.8598747,27.5702310
post_office,54.5131705,30.4066966
bank,54.4897375,26.9153270
school,52.1056361,23.7695319
shop_grocery,54.0106880,27.2683329
shop_grocery,52.1254326,29.3376533
shop_grocery,52.0867409,23.7089715
school,52.0860565,23.7075312
fap,52.0962005,23.6924092
shop_grocery,53.1222155,26.0159683
shop_grocery,53.1233036,26.0150597
shop_grocery,53.1195046,26.0263040
sports_centre,52.0899549,23.6807873
bank,54.5119281,30.4292540
fap,54.5150685,30.4267070
restaurant,53.9697551,27.6011845
cafe,53.9841064,27.6096363
sports_centre,53.9077174,27.5895594
post_office,54.5156165,30.4318802
shop_grocery,54.5111106,30.4299123
shop_grocery,53.6088877,27.6375018
shop_grocery,53.6089503,27.6370390
shop_grocery,53.6091439,27.6335610
shop_grocery,53.1150969,26.0217752
fap,52.0886150,23.6875110
sports_centre,53.8819447,27.5182253
fap,52.0869983,23.6913258
shop_grocery,53.9531040,27.6394290
sports_centre,52.0883446,23.6934530
sports_centre,52.0880937,23.6933054
shop_grocery,54.5289974,30.3802040
cafe,54.5180464,30.3740847
school,54.5136649,30.4264238
sports_centre,54.5356944,30.4463863
fap,53.9125298,27.6696050
shop_grocery,54.4975028,30.4105461
fap,54.4905710,30.4000540
shop_grocery,54.4888948,30.4144283
post_office,54.4887424,30.4253882
sports_centre,52.7910324,27.5358509
shop_grocery,52.0727786,23.7587389
school,52.0747210,23.7599017
school,54.5140328,30.4343535
shop_grocery,54.5250336,30.4313823
shop_grocery,53.9639626,27.5075187
sports_centre,55.4835072,28.7891468
shop_grocery,55.1741384,30.2176772
shop_grocery,52.0701361,23.7608486
shop_grocery,55.2163286,30.2353957
sports_centre,53.9319430,27.5142525
sports_centre,52.4159399,30.9437422
shop_grocery,53.9917125,27.6717033
shop_grocery,53.9961068,27.6760896
shop_grocery,54.0014262,27.7082697
shop_grocery,53.9955320,27.6993595
shop_grocery,53.9348837,27.5458056
shop_grocery,52.4277347,30.9519915
fap,52.4545844,30.9741232
fap,52.4274111,30.9531065
shop_grocery,52.4553933,31.0264809
shop_grocery,52.4741743,31.0253917
fap,52.4772579,31.0247807
school,53.9331053,27.5502137
shop_grocery,53.9356747,27.5460302
cafe,53.9523729,27.5993002
fap,53.9444579,27.5819586
restaurant,52.0882530,23.6873894
bank,54.2245791,28.4992455
fap,52.4020689,30.9482115
fap,52.4092352,30.9212529
school,52.4298972,31.0062085
fap,52.4308977,31.0174189
shop_grocery,52.4494138,30.9629712
sports_centre,52.4313427,31.0004705
shop_grocery,52.4247992,30.9960523
shop_grocery,52.4269265,31.0134859
shop_grocery,52.4644766,30.9384354
fap,52.4459196,30.9430992
shop_grocery,52.4624094,30.9349399
shop_grocery,52.4619308,30.9393932
sports_centre,53.8611851,27.4551130
pool,53.9284812,27.5647541
restaurant,55.1131820,26.8383699
shop_grocery,55.1139683,26.8405542
shop_grocery,53.8676949,27.4707528
shop_grocery,53.8659437,27.4766458
shop_grocery,53.9072797,27.4939735
sports_centre,53.9117092,27.4749068
shop_grocery,53.8708049,27.5960420
sports_centre,52.0914404,23.7343119
sports_centre,52.0857939,23.7380347
sports_centre,52.0917983,23.7381885
shop_grocery,52.6396946,29.7349090
fap,52.6357747,29.7312286
cafe,52.0972177,23.7091978
school,52.1044117,23.7314125
school,52.1064361,23.7330291
fap,52.6275360,29.7252849
shop_grocery,52.6287429,29.7221259
cafe,52.7973275,27.5342164
post_office,53.2607239,24.4186191
shop_grocery,53.2607156,24.4237132
shop_grocery,53.2822909,24.4076198
post_office,53.2603403,24.4286602
fap,53.2566408,24.4300788
shop_grocery,53.2670280,24.4252627
fap,53.2572582,24.4301144
cafe,53.2898768,24.3978837
shop_grocery,53.2608772,24.4294793
shop_grocery,53.9153980,27.4416143
shop_grocery,53.2740717,29.4576891
shop_grocery,53.2714121,29.4713062
shop_grocery,53.2779917,29.4863304
cafe,53.2714272,29.4787491
bank,53.2695366,29.4750454
post_office,53.2731056,29.4711025
cafe,52.0772606,23.7529352
school,52.0799680,23.7434211
pool,53.9769585,27.3390270
shop_grocery,53.1615653,29.1739309
shop_grocery,53.1683210,29.1679794
shop_grocery,53.1572015,29.1895071
school,52.0969644,23.6971692
sports_centre,52.0894866,23.6963298
shop_grocery,55.3510660,29.3073806
shop_grocery,55.3489009,29.3053111
bank,52.7861567,27.5249951
shop_grocery,52.7842769,27.5297992
shop_grocery,53.8160065,23.8619015
shop_grocery,53.8161824,23.8621953
school,52.7755924,27.5341574
school,52.7782871,27.5411426
shop_grocery,52.0650409,23.6881869
post_office,52.0971746,23.7142880
shop_grocery,53.6068586,31.9619985
restaurant,53.8596298,30.3234203
post_office,53.6069904,31.9626267
bank,55.2150015,30.2372593
restaurant,55.1725717,30.2144840
restaurant,52.1130241,26.1045516
cafe,52.1193253,26.1137767
school,52.7725068,27.5286160
shop_grocery,52.1360549,26.0996965
cafe,53.9733576,30.3847135
shop_grocery,55.1963299,30.2359645
cafe,55.1629245,30.3525768
shop_grocery,55.1964952,30.2516762
restaurant,53.6071977,31.9566873
bank,53.6048819,31.9583621
shop_grocery,53.6087333,31.9587805
shop_grocery,52.6256278,29.7222000
bank,52.4642452,31.0358218
school,53.6013262,31.9473367
school,54.2049339,30.2943428
pool,54.2054073,30.3008070
restaurant,54.2021414,30.2987994
cafe,54.2012414,30.2997403
bank,54.2006831,30.2982541
shop_grocery,54.2010198,30.3013677
cafe,55.2907249,29.6182291
fap,53.6220281,31.9410928
cafe,52.3848785,31.0215833
shop_grocery,52.3782482,31.0265137
fap,52.3823815,31.0302450
sports_centre,52.1019883,23.7388217
sports_centre,52.0967006,23.7271157
fap,53.8388513,27.5770881
school,51.8998239,26.8583888
fap,53.8972458,27.5630714
cafe,54.6241177,30.4365226
shop_grocery,53.9444368,27.7765361
shop_grocery,53.9456317,27.7766487
shop_grocery,52.1080255,23.7581180
school,53.9440015,27.6903334
fap,53.8927063,27.5143990
bank,53.6093570,31.9589607
school,53.9389504,27.6793058
shop_grocery,54.3187204,30.1038757
shop_grocery,54.3193405,30.1058601
shop_grocery,52.7836895,27.5025039
cafe,52.0700035,23.7460061
fap,55.2482962,30.3242929
fap,53.8520166,27.5341521
fap,53.8693589,27.6311169
shop_grocery,53.5043096,28.1648920
fap,53.5042514,28.1637448
shop_grocery,53.5150691,28.1418796
shop_grocery,53.5080853,28.1484632
post_office,54.8596251,29.1632060
shop_grocery,53.6037512,31.9539832
sports_centre,53.2558952,24.4285726
shop_grocery,53.7852535,27.6267801
shop_grocery,53.7840194,27.6280758
bank,55.3017548,29.6161197
post_office,55.2999503,29.6170934
school,55.2981658,29.6128480
fap,53.8859154,27.4345915
shop_grocery,53.6020472,31.9521849
shop_grocery,53.6022185,31.9514742
shop_grocery,55.1605206,30.2160306
shop_grocery,55.1626127,30.2135034
school,53.8692724,27.4596727
shop_grocery,53.9185804,27.7533159
shop_grocery,53.7395634,27.5037983
shop_grocery,55.1356276,30.1516233
shop_grocery,54.0068529,27.2835500
fap,53.9979398,27.2957223
shop_grocery,53.9990533,27.2956456
shop_grocery,55.1353240,30.1536011
bank,53.9958638,27.2745088
shop_grocery,53.9912440,27.2723857
shop_grocery,55.2882581,30.2611741
shop_grocery,52.1428137,26.0939566
fap,52.0918719,23.6917407
shop_grocery,53.8531399,27.4668540
fap,53.8915440,27.4542034
fap,53.9184708,27.5662045
fap,53.9225946,27.5595224
fap,53.8996605,27.6089370
shop_grocery,54.9350421,30.3386295
shop_grocery,54.0203987,27.4435178
restaurant,54.0003555,27.4410433
fap,53.4633645,28.1574949
sports_centre,52.0928277,23.7379747
shop_grocery,52.0858743,23.7178235
shop_grocery,52.1081888,23.7232464
shop_grocery,52.1008869,23.7218172
shop_grocery,52.1091476,23.7100722
restaurant,52.1025571,23.7202570
shop_grocery,52.0318301,29.2142607
shop_grocery,52.0282811,29.2146478
fap,52.0287700,29.2219530
post_office,52.7890440,27.5040284
shop_grocery,55.2004478,30.2493793
school,53.8654305,27.5868665
shop_grocery,53.8871924,27.4227070
shop_grocery,55.0851754,29.5143169
school,53.9865419,27.6771085
shop_grocery,53.9471618,27.7152255
shop_grocery,53.9113624,27.3072557
school,53.8884377,27.6821133
shop_grocery,53.9867417,27.5164181
shop_grocery,52.1054666,23.7760464
shop_grocery,52.1009891,23.6547418
school,52.0994259,23.6512028
shop_grocery,52.1006495,23.6527640
shop_grocery,52.1003084,23.6528476
pool,52.0879263,23.6828299
sports_centre,52.0848687,23.7220450
shop_grocery,52.9026512,30.0472625
sports_centre,52.9048105,30.0407797
shop_grocery,52.9003940,30.0520001
shop_grocery,52.9021659,30.0482144
shop_grocery,52.9011600,30.0394451
shop_grocery,53.9448858,27.7766180
cafe,52.1024946,23.6833353
sports_centre,52.0902249,23.6824763
cafe,55.1536114,30.3467743
shop_grocery,52.1093085,23.7805781
sports_centre,52.1141474,23.7767601
school,52.1036327,23.7584063
school,52.1020120,23.7581909
sports_centre,53.1787159,29.1660952
shop_grocery,53.7693920,27.3800342
school,52.1059935,23.7768957
school,52.1060962,23.7810080
school,52.1079435,23.7805304
shop_grocery,53.9417504,27.4317060
sports_centre,53.8710862,30.3180945
restaurant,53.8720685,30.3449139
fap,53.9096774,30.3101390
sports_centre,53.8717965,30.3178516
shop_grocery,53.8617138,30.2470317
sports_centre,53.9279771,30.3435010
fap,53.9493432,30.3568803
shop_grocery,53.9294904,30.2646096
sports_centre,53.8719228,30.3177899
fap,53.9246298,30.3599863
post_office,53.8650048,30.3110022
shop_grocery,53.8620066,30.3591397
fap,53.9168786,30.3278919
fap,53.8856600,30.4137211
fap,53.9104282,30.3088004
shop_grocery,53.8776751,30.3170463
fap,53.8646221,30.3143485
shop_grocery,53.9409834,30.3309286
bank,53.9063723,30.3395446
fap,53.9049154,30.3386598
fap,53.9307214,30.3459293
fap,53.9257597,30.3611632
fap,53.8894888,30.2761153
sports_centre,53.8796132,30.3212177
shop_grocery,53.9514018,30.3720192
sports_centre,53.8845554,30.3301511
sports_centre,53.9288710,30.3639382
fap,53.8952358,30.3012192
shop_grocery,53.8684710,30.3420198
sports_centre,53.8718107,30.3167877
bank,53.8646432,30.3102066
shop_grocery,53.8673894,30.3374167
fap,53.8798852,30.3333507
restaurant,53.8701015,30.3258228
shop_grocery,53.8823635,30.2681566
shop_grocery,53.9079062,30.2975698
sports_centre,53.9285997,30.3431042
shop_grocery,53.8817536,30.3379074
shop_grocery,53.9321835,30.3372377
school,53.8867843,30.2749380
sports_centre,53.8979735,30.3378936
sports_centre,53.9131738,30.2787197
shop_grocery,53.8725589,30.3675745
sports_centre,53.9062606,30.3234512
shop_grocery,53.9320836,30.3606425
fap,53.8990533,30.3214777
shop_grocery,53.9165340,30.3171823
fap,53.8649570,30.3153937
sports_centre,53.9163820,30.3075851
shop_grocery,53.8732540,30.3077677
shop_grocery,53.8849401,30.4054741
restaurant,53.9094468,30.3272155
shop_grocery,53.9312545,30.2597949
shop_grocery,55.4943451,28.7699640
fap,52.1043629,23.6444650
fap,53.1500231,29.2380970
shop_grocery,52.0996452,23.7582950
pool,53.1497385,29.2268908
shop_grocery,53.1512413,29.2373256
shop_grocery,53.2024596,29.2022286
sports_centre,52.0897746,23.6747091
fap,52.7781403,27.5348742
bank,52.7882027,27.5313828
fap,53.8972503,25.2848241
school,53.9594972,27.1217692
school,52.4037574,23.8189311
fap,52.0621046,23.7328612
fap,52.4399636,31.0011954
restaurant,52.6380420,29.7517836
cafe,52.0831314,23.6924412
fap,52.0972813,23.7862923
school,53.8872111,27.6015054
fap,52.5590233,23.7974909
shop_grocery,52.9079146,30.0484524
school,52.9056436,30.0470047
school,52.9045547,30.0482550
shop_grocery,53.1471938,29.2190089
bank,54.6185394,25.9617797
sports_centre,54.6138541,25.9640552
shop_grocery,52.0694067,23.7236737
bank,54.6151160,25.9597418
shop_grocery,54.6177559,25.9436659
shop_grocery,54.6430087,25.9902620
bank,54.4871409,26.9150409
station,53.9538898,27.6220290
shop_grocery,52.1176464,26.0651880
shop_grocery,55.1597468,30.2252487
fap,52.4262980,30.9799303
fap,53.8705133,25.2328682
shop_grocery,52.4148070,30.7635102
shop_grocery,52.4050410,30.7617873
shop_grocery,55.2020432,30.2557286
shop_grocery,54.4848099,26.3976141
shop_grocery,54.0073820,27.4667732
restaurant,54.1569245,27.8382258
restaurant,54.1833260,27.8105294
sports_centre,54.1826953,27.8045737
sports_centre,53.9179893,27.4801270
shop_grocery,52.0654979,23.7253128
fap,52.1047480,23.6716845
shop_grocery,52.4133974,30.7630678
fap,52.0914367,23.6846487
shop_grocery,52.1065195,23.6817167
shop_grocery,52.1045266,23.6807356
fap,52.1083669,23.6838269
shop_grocery,53.1409947,29.2495274
shop_grocery,54.4882293,30.4238969
shop_grocery,54.4899480,30.4236093
shop_grocery,54.4843431,30.4127076
shop_grocery,53.9068629,27.4493691
shop_grocery,53.9092795,27.4423727
shop_grocery,53.9123155,27.4391394
shop_grocery,54.2310059,30.2751265
shop_grocery,53.7819760,27.5952911
bank,52.7794323,27.5398988
post_office,52.4141501,30.7609647
shop_grocery,53.9075352,27.4156359
cafe,54.5068604,30.4258291
sports_centre,52.1115732,23.7557551
shop_grocery,53.7795069,27.5977112
shop_grocery,55.1962287,30.2291233
shop_grocery,53.1539735,29.2303561
sports_centre,53.0820208,30.0543807
cafe,55.2941507,29.6124280
shop_grocery,52.1409974,23.6097841
shop_grocery,55.1982769,30.1763838
shop_grocery,54.0134048,27.6779747
shop_grocery,53.1616184,24.4507840
shop_grocery,53.1574858,24.4314339
bank,53.0923571,25.3206707
bank,53.0927307,25.3209859
fap,53.4881902,29.3355033
shop_grocery,52.1254358,23.6558024
cafe,52.4569958,30.9606804
restaurant,53.0912632,25.3174230
bank,53.4930371,29.3392001
bank,53.1621640,24.4628239
shop_grocery,53.1616102,24.4652004
shop_grocery,53.1689950,24.4379803
cafe,53.1552221,24.4485175
shop_grocery,53.1480662,24.4365074
cafe,54.7167115,28.0447654
restaurant,54.3231666,27.8766155
sports_centre,54.1363955,26.9803253
bank,53.1606782,24.4640928
post_office,55.5380042,26.8264515
fap,55.5351093,26.8198792
shop_grocery,53.4876435,29.3416934
shop_grocery,53.4879480,29.3419655
cafe,53.4818794,29.3412606
shop_grocery,53.4879119,29.3423230
post_office,53.4917349,29.3401188
shop_grocery,53.4938473,29.3375521
shop_grocery,53.4950392,29.3354252
fap,53.4874503,29.3373187
fap,55.1009745,26.8372330
sports_centre,55.1028648,26.8351073
school,53.0871813,25.3218085
sports_centre,53.0875797,25.3241439
shop_grocery,53.9137559,27.3063738
shop_grocery,53.0978169,25.3087619
school,53.0974760,25.3087054
shop_grocery,53.4835766,29.3363955
shop_grocery,53.4903317,29.3300676
shop_grocery,53.0979554,25.3082004
shop_grocery,55.2563556,30.1384178
shop_grocery,53.8857765,30.2746380
school,53.0866201,25.3053490
shop_grocery,53.4892450,29.3453238
shop_grocery,52.1084735,23.6438826
cafe,54.5099086,30.4166664
cafe,54.5089508,30.4170260
cafe,54.5091281,30.4233680
school,53.8283838,27.7673891
cafe,54.4864766,26.3695861
shop_grocery,54.4790760,26.3914405
school,54.5137008,30.4313762
restaurant,53.8085224,27.7344687
shop_grocery,52.1029071,23.6714052
shop_grocery,52.0960585,23.6517590
shop_grocery,52.0975856,23.6516790
cafe,52.1094067,23.6421079
shop_grocery,52.1117390,23.6433498
shop_grocery,52.1108315,23.6533979
cafe,54.5023856,30.4361198
shop_grocery,54.5118578,30.3723524
shop_grocery,54.4993504,30.4374669
sports_centre,54.4927109,30.4062381
shop_grocery,52.1147677,23.6873836
shop_grocery,52.1147626,23.6796223
fap,52.1077179,23.6802014
shop_grocery,52.7821465,27.5095792
bank,54.0116280,27.2683971
sports_centre,54.4873048,30.3939023
shop_grocery,54.5052000,30.4377161
fap,53.5164773,28.1539216
shop_grocery,54.5357714,30.4540803
shop_grocery,54.5390348,30.4512156
shop_grocery,54.5376749,30.4413439
cafe,54.5281713,30.4282338
post_office,54.4796394,30.3140963
cafe,52.4202620,30.8886387
cafe,55.4728222,28.7655065
post_office,55.4689977,28.7603448
shop_grocery,55.4697579,28.7604073
school,55.4701850,28.7571412
school,55.4680748,28.7586949
fap,55.4653196,28.7591535
fap,54.2311236,28.4940135
shop_grocery,54.3370937,30.2849102
bank,54.3364203,30.2851862
shop_grocery,53.4131370,24.5418581
post_office,53.5159007,28.3983287
shop_grocery,53.4130862,24.5182518
shop_grocery,53.5223867,28.3577129
shop_grocery,54.4199362,30.2876214
shop_grocery,53.5279193,28.2512900
school,52.0853674,23.6910703
fap,52.0869805,23.6826589
cafe,52.0847838,23.6688786
cafe,52.0833336,23.6881233
shop_grocery,53.7937838,27.4523647
sports_centre,53.9133266,27.4968794
fap,55.1852534,30.2114639
fap,51.9468761,30.7986394
fap,51.9475774,30.7986361
shop_grocery,54.5731995,30.6903158
shop_grocery,54.5710528,30.6922650
shop_grocery,54.5821008,30.6801856
shop_grocery,54.4320212,25.9571958
school,54.4316018,25.9571758
school,54.4320314,25.9594077
ice_rink,54.4311042,25.9590882
school,54.4306659,25.9520898
fap,52.1013981,23.7515881
fap,52.1003057,23.7499683
school,52.1006456,23.7550503
school,52.1092561,23.7639587
cafe,53.8708964,27.6355454
school,52.1116641,23.7767917
shop_grocery,52.1098068,23.7518311
shop_grocery,52.1086707,23.7535182
bank,52.1953139,24.0204072
shop_grocery,52.3989500,30.7562300
shop_grocery,55.1267955,26.8296595
shop_grocery,52.1951450,24.0172386
shop_grocery,52.2036306,24.0079321
shop_grocery,52.2029798,24.0059564
post_office,55.1143743,26.8393162
shop_grocery,55.1143790,26.8340059
shop_grocery,54.2084605,30.2895051
shop_grocery,55.0593774,26.6067695
shop_grocery,55.0596552,26.6037679
shop_grocery,55.0598197,26.6010020
post_office,52.1924547,23.9824991
shop_grocery,52.1931546,23.9815616
cafe,54.5208920,30.3682695
shop_grocery,52.0786883,23.7404258
bank,52.1956997,24.0200935
pool,55.1799156,30.2135566
shop_grocery,52.1968180,24.0174283
fap,52.1299020,23.6560717
school,53.7082369,23.8522720
shop_grocery,52.4760571,30.9671820
post_office,52.4720062,30.9654656
fap,55.1845978,30.2081881
fap,53.0705248,25.3124700
school,52.1193580,23.6539686
shop_grocery,52.1239375,23.6951742
sports_centre,52.0950581,23.6746919
shop_grocery,52.3989865,23.8176727
shop_grocery,52.4031611,23.8198195
school,52.1096685,23.7780907
school,55.1849125,30.2255408
shop_grocery,52.0974436,23.7998183
school,52.1074029,23.7651978
shop_grocery,54.2256231,30.2786889
shop_grocery,53.7107949,23.8559574
shop_grocery,52.1073606,23.8188546
fap,52.1062278,23.8178111
fap,53.1487456,29.2330204
shop_grocery,53.1496441,29.2383876
shop_grocery,53.1483273,29.2391565
shop_grocery,53.1192500,29.2270059
shop_grocery,52.1101203,23.7640092
shop_grocery,52.0988097,23.7849640
shop_grocery,52.1214209,23.6718310
post_office,53.1225416,25.9845361
school,53.7842509,27.5951109
school,52.1929420,24.0270446
shop_grocery,53.7798115,27.5992427
shop_grocery,53.7800517,27.5997656
shop_grocery,52.7789228,27.5386467
fap,54.2115849,30.3211135
fap,52.4271676,31.0110350
fap,52.4306420,31.0070152
sports_centre,52.0468954,29.2567357
shop_grocery,52.1231932,23.7666204
shop_grocery,52.1043799,23.6958121
shop_grocery,53.6410174,23.8445623
sports_centre,53.1979095,24.0097210
fap,53.1965511,24.0178889
shop_grocery,53.6720961,23.7983657
school,53.1876927,24.0127638
bank,53.1914774,24.0171151
fap,53.8076678,23.8647284
shop_grocery,53.1920697,24.0175705
sports_centre,52.4543384,31.0061329
shop_grocery,53.8984352,27.5046450
fap,54.3005359,26.8509626
post_office,54.3073229,26.8320848
post_office,54.2966693,26.8470463
shop_grocery,54.3032740,26.8470105
fap,54.3078904,26.8520803
cafe,54.2998549,26.8402203
shop_grocery,54.3066905,26.8450249
sports_centre,52.8947107,30.0586327
shop_grocery,52.4463778,30.9472718
shop_grocery,52.4561478,31.0239975
cafe,55.1649766,30.1303553
shop_grocery,53.9290454,27.5635026
fap,54.0068220,27.8798240
sports_centre,52.9052803,30.0478706
shop_grocery,52.9094908,30.0347308
shop_grocery,52.9080481,30.0401670
cafe,52.9088264,30.0456219
sports_centre,52.9106357,30.0499529
fap,52.7227088,27.4971344
bank,54.3121704,26.8352457
fap,54.3105027,26.8399467
post_office,54.3095049,26.8389914
bank,54.3095729,26.8356052
fap,54.3103090,26.8460858
bank,54.3109063,26.8382118
restaurant,52.9000433,30.0513187
fap,54.5076889,26.3747908
school,52.8952319,30.0544731
cafe,53.0932950,25.2659561
shop_grocery,52.1136145,23.7826249
restaurant,52.8904596,30.0373041
bank,52.8920242,30.0364450
shop_grocery,52.8929507,30.0328565
shop_grocery,52.8928541,30.0405393
post_office,52.8935153,30.0322003
bank,52.8931725,30.0377535
shop_grocery,53.5935609,31.9485188
shop_grocery,52.1136966,23.7243960
shop_grocery,52.1113926,23.7266513
shop_grocery,53.9081762,27.4847833
shop_grocery,53.9030127,27.4834231
fap,55.1925091,30.1744015
shop_grocery,55.1791279,30.1783630
shop_grocery,52.1903289,23.9849604
school,52.1992274,24.0149903
cafe,53.9158734,27.5638537
fap,53.8288870,30.3348447
school,55.1816533,30.2343370
fap,55.1945083,30.2400753
fap,55.1942445,30.2395098
cafe,52.1992535,24.0179848
cafe,52.1873057,23.9777325
shop_grocery,52.1927020,24.0272821
shop_grocery,52.3965989,23.8218939
shop_grocery,54.4247420,25.9196487
shop_grocery,54.4256748,25.9367282
cafe,53.9646900,28.0273450
post_office,52.1292331,29.3299880
shop_grocery,54.0006863,27.5530672
school,54.0038547,27.5716919
shop_grocery,52.4447999,31.0169208
fap,55.1933354,30.2442499
shop_grocery,52.0310900,29.2420145
sports_centre,52.0609833,29.2594342
cafe,52.0570647,29.2375717
shop_grocery,54.2846546,26.8619254
shop_grocery,54.0062999,27.5639646
post_office,54.9003224,26.4021046
school,55.1803385,30.2403963
post_office,54.0041334,28.0324014
shop_grocery,54.0041630,28.0300384
shop_grocery,52.0364007,29.2124117
sports_centre,52.0381546,29.2081885
shop_grocery,52.0401347,29.2149227
shop_grocery,52.0377194,29.2136904
shop_grocery,52.0287630,29.2417716
fap,53.3679515,28.3497811
post_office,53.3695237,28.3471916
shop_grocery,54.3110716,26.8988733
sports_centre,52.0939251,23.6787477
cafe,54.9583056,28.7918948
fap,52.8467959,29.9757885
shop_grocery,53.0876998,25.3107202
bank,55.2004090,30.2642932
shop_grocery,53.0362467,24.0964522
shop_grocery,52.1378027,23.6752570
bank,53.6949291,23.8210384
sports_centre,53.3955289,24.5331762
shop_grocery,53.9556291,27.5377515
shop_grocery,53.4036856,27.1625339
shop_grocery,52.1610824,23.6641083
shop_grocery,52.3667518,23.3777482
shop_grocery,54.0710751,27.5100545
shop_grocery,54.0598484,27.5519037
shop_grocery,53.6547341,23.7800907
shop_grocery,55.6244940,27.0799885
restaurant,54.2852100,26.9508589
shop_grocery,53.3228038,28.6427091
pool,53.3189333,28.6373998
post_office,53.3056606,28.6361313
fap,55.1950697,30.2435993
shop_grocery,53.6621456,23.8392848
fap,53.0792470,25.2707811
cafe,53.0847633,25.3142441
cafe,55.1328292,30.3573606
sports_centre,55.5239550,28.6164098
fap,55.1133419,26.8849050
pool,55.1176385,26.8827421
fap,55.5399159,28.6255451
shop_grocery,53.4631909,25.5684144
shop_grocery,55.1164344,26.8792040
shop_grocery,55.1134155,26.8729813
shop_grocery,55.1171215,26.8771528
fap,55.1178907,26.8587454
bank,55.1117328,26.8628032
bank,55.1117690,26.8638474
bank,55.1697810,30.2576035
school,55.1676825,30.2630103
shop_grocery,55.1520017,30.2240447
shop_grocery,55.1546486,30.2223780
sports_centre,52.4617134,31.0208265
school,55.1674818,30.2721324
pool,55.1670559,30.2699706
shop_grocery,55.1683331,30.2673720
shop_grocery,53.7362400,24.8633353
shop_grocery,53.3668812,24.0748881
shop_grocery,53.1611122,24.8049997
bank,55.1460990,27.2080212
school,53.8809470,27.5453400
shop_grocery,55.1464366,27.2051418
school,55.1470688,27.1967653
sports_centre,55.1678244,30.2091468
bank,52.4158742,31.0020828
shop_grocery,52.4170240,31.0047657
shop_grocery,55.1414536,27.2068233
shop_grocery,52.3785564,23.3679892
shop_grocery,52.3785987,23.3667279
post_office,52.4908093,23.4350688
shop_grocery,53.7200277,23.8465662
shop_grocery,53.7550927,23.8259238
shop_grocery,53.6419600,23.8661170
shop_grocery,52.4189543,30.9758778
cafe,52.4190629,30.9769092
shop_grocery,52.4107495,30.9434751
ice_rink,52.4067738,30.9200138
fap,54.0661094,27.6882875
shop_grocery,54.4941019,26.9186839
cafe,52.7882568,27.5210103
fap,52.7688433,27.5296233
shop_grocery,54.0522269,24.9984441
shop_grocery,55.4629867,29.9837680
bank,55.4605411,29.9851590
cafe,55.4598595,29.9858028
cafe,55.4528202,29.9893687
shop_grocery,55.6222820,27.6467249
shop_grocery,54.0710763,27.2182834
fap,53.5247472,28.1401677
school,52.3953406,23.7620867
shop_grocery,52.0309552,29.2301919
cafe,52.0302519,29.2297528
post_office,52.0468138,29.2387355
shop_grocery,52.7945714,27.5473225
shop_grocery,52.7912120,27.5212403
shop_grocery,52.5060246,30.9462036
shop_grocery,52.5112926,30.9257141
bank,52.5090173,30.9418891
school,52.5075110,30.9413914
shop_grocery,53.5114134,28.1437382
post_office,52.5071645,30.9475405
shop_grocery,52.5174801,30.9361017
shop_grocery,52.5046878,30.9496250
bank,55.4883573,28.7720517
shop_grocery,52.5246274,30.9395625
shop_grocery,52.5256603,30.9386391
cafe,54.4817286,29.9305750
shop_grocery,55.1791682,28.6131548
shop_grocery,55.1797860,28.6175861
bank,55.1765511,28.6148357
shop_grocery,53.5274524,28.2504858
cafe,55.1943250,30.2058925
shop_grocery,52.5232525,30.9343583
sports_centre,52.5130371,30.9619349
shop_grocery,55.1754059,28.6143663
shop_grocery,52.0758102,23.7168712
shop_grocery,52.7859956,27.5447146
cafe,52.6312602,29.7493180
fap,52.6236454,29.7471017
shop_grocery,52.6231120,29.7490402
sports_centre,52.6284646,29.7496458
shop_grocery,52.7835184,27.5378282
shop_grocery,54.2298687,28.4834629
shop_grocery,54.2324694,28.4899142
shop_grocery,54.2327775,28.4882055
shop_grocery,55.1224347,30.2755661
shop_grocery,53.7385244,27.3142884
shop_grocery,52.7852300,27.5353765
shop_grocery,55.3512583,29.2979283
school,53.7412580,27.3173565
school,53.9035975,27.4913575
sports_centre,55.4959011,28.7567927
cafe,53.2210083,26.6847228
shop_grocery,52.7933462,27.5280342
shop_grocery,53.7414179,27.3214125
fap,55.5427732,28.6160329
fap,53.9260244,27.4353471
shop_grocery,52.0796268,29.1907864
shop_grocery,55.1448730,27.0069089
post_office,54.3158704,26.8403633
shop_grocery,52.4862927,30.9734977
shop_grocery,53.7192571,28.3999695
shop_grocery,54.2992908,26.8479060
restaurant,54.3142219,26.8371603
shop_grocery,52.6309902,29.7346169
shop_grocery,55.1703106,30.2845146
shop_grocery,53.4801679,25.4144239
shop_grocery,53.8724480,30.3625015
school,53.7126719,28.4212983
school,53.7334543,28.3883794
shop_grocery,54.3193803,26.8723543
school,53.7109424,28.4238627
shop_grocery,53.7352493,28.3884769
school,55.5416856,28.6302875
school,55.1987800,30.1721516
shop_grocery,55.4941251,28.7686146
shop_grocery,53.5949254,31.9515843
shop_grocery,55.0457916,29.4548070
shop_grocery,55.0464385,29.4555064
sports_centre,53.8662525,27.5888242
school,53.8618711,27.5905950
shop_grocery,55.2057893,30.2886566
fap,52.4365355,31.0048615
shop_grocery,52.4385365,30.9942231
shop_grocery,53.7389714,27.3111032
sports_centre,52.1253474,29.3114804
school,52.1270276,29.3095575
post_office,52.1249989,29.3096511
shop_grocery,53.7429472,27.3249937
shop_grocery,53.6436464,23.8514241
fap,53.7432546,27.3212469
shop_grocery,53.7441909,27.3230014
shop_grocery,54.0988817,25.1356576
shop_grocery,52.4395267,30.9936986
fap,52.4314428,31.0060316
sports_centre,55.5191735,28.6683526
bank,52.5647322,24.4586650
school,52.5541074,24.4637413
sports_centre,52.5549397,24.4633556
shop_grocery,54.0257241,28.0980570
shop_grocery,54.0344216,28.0829771
shop_grocery,54.0256459,28.0980483
fap,53.8449721,27.4952214
shop_grocery,52.1569776,23.6375802
restaurant,52.1571612,23.6382734
sports_centre,52.5667144,24.4746294
water_park,52.5679784,24.4745231
shop_grocery,52.5554630,24.4469961
shop_grocery,55.6254329,27.6337937
cafe,54.8855286,26.9366756
shop_grocery,52.5642997,31.1743512
post_office,52.5675372,31.1724448
shop_grocery,53.6372514,24.7169187
shop_grocery,53.6329178,24.7173648
school,52.5692541,24.4628688
shop_grocery,53.6363164,23.8512235
cafe,53.9134011,27.6173222
sports_centre,53.9512939,30.3611337
school,53.8813849,27.6855233
school,53.8766847,27.6896806
school,53.9046835,30.3227593
fap,53.9176373,30.2763181
fap,55.1985428,30.2613790
school,55.1973367,30.2573937
restaurant,52.0917542,23.7713934
shop_grocery,54.6128690,26.0523786
bank,53.7422749,27.3186489
shop_grocery,52.9068377,30.0514701
fap,52.4300209,31.0146517
sports_centre,52.0402166,29.2586769
fap,52.4312546,31.0177795
sports_centre,52.4293946,31.0207015
cafe,52.4318035,31.0115495
post_office,55.2097050,30.2113998
restaurant,53.9516100,27.3365162
bank,55.1131183,26.8413687
cafe,53.9492299,27.3774428
shop_grocery,53.8693177,30.3488211
fap,53.8977687,30.3472800
fap,53.8888249,30.4289658
shop_grocery,53.8849026,30.4066912
fap,53.8704659,30.4027887
fap,53.8625945,30.3852585
sports_centre,54.9523591,28.7957235
shop_grocery,52.4413601,23.4606681
shop_grocery,53.7503864,27.3339142
cafe,55.1975197,30.2041554
sports_centre,53.9877193,29.7187338
shop_grocery,53.9957467,29.7093902
shop_grocery,53.9937151,29.7116170
post_office,53.9947565,29.7093029
bank,53.9952432,29.7078870
cafe,53.9954215,29.7093205
bank,53.9993311,29.7096501
shop_grocery,54.0328189,25.9264362
shop_grocery,54.0327091,25.9274303
shop_grocery,54.0320140,25.9271056
restaurant,53.6096011,23.7522910
shop_grocery,55.2145586,30.2075170
shop_grocery,54.0113590,27.2594225
sports_centre,52.6267471,29.7450804
shop_grocery,52.1911769,24.0039747
cafe,52.7095774,25.3876465
cafe,52.7118284,25.3914050
shop_grocery,52.9045290,30.0342844
shop_grocery,55.6163183,27.6533783
shop_grocery,55.2095326,30.2112442
shop_grocery,52.0395552,29.2723454
sports_centre,54.3007425,26.8633864
shop_grocery,53.9479023,27.6784393
shop_grocery,52.2095265,23.6781831
post_office,53.6678927,27.9534184
shop_grocery,53.6683071,27.9547555
restaurant,53.6693540,27.9536869
shop_grocery,52.1477513,23.6845827
shop_grocery,53.9139270,30.2825035
school,55.1928851,30.2386324
sports_centre,52.7678500,27.5283632
school,53.9506411,27.6890727
shop_grocery,55.2138259,30.2163808
shop_grocery,52.6344677,29.7427355
shop_grocery,52.5528259,24.4726004
shop_grocery,55.2262645,30.2539084
school,53.9253194,27.5716132
fap,53.6757519,23.8948303
cafe,53.6727587,23.8933794
school,52.7131673,30.5774112
cafe,53.6766976,23.9047033
shop_grocery,52.0699502,23.7290627
cafe,54.0184802,27.4516679
school,52.5956166,30.7265078
cafe,53.6736486,23.9018698
school,53.9210767,27.5734088
shop_grocery,53.8823217,27.4919563
fap,53.9153775,30.2788375
fap,53.9139824,30.2814203
shop_grocery,55.2224110,30.2456496
sports_centre,53.9297044,27.5061299
cafe,53.9453948,27.4337612
school,53.8706742,27.5921148
school,53.8696977,27.5926038
bank,52.7152414,30.5679564
cafe,52.7171521,30.5695175
cafe,52.7135653,30.5696886
bank,52.7170830,30.5714199
school,53.9139161,30.2769443
school,53.9178680,30.2860814
sports_centre,52.6328113,29.7309148
sports_centre,52.6320009,29.7312105
shop_grocery,52.6402762,29.7293220
shop_grocery,54.4841514,30.3200233
post_office,54.2460858,29.7961804
shop_grocery,54.2469204,29.7951899
shop_grocery,52.7218417,30.5777791
shop_grocery,52.7228354,30.5713740
shop_grocery,52.7234556,30.5817209
fap,55.6141866,27.6303846
shop_grocery,55.6183638,27.6298219
shop_grocery,55.6149799,27.6418626
fap,55.6289347,27.6405144
fap,55.6284633,27.6392069
fap,55.6288396,27.6424412
sports_centre,52.7991875,28.0009084
shop_grocery,52.8002578,28.0038672
shop_grocery,52.7917340,28.0027939
shop_grocery,52.7921955,28.0026387
shop_grocery,55.1634116,30.1859770
shop_grocery,54.5687127,30.6975399
shop_grocery,52.7922292,27.9946536
bank,52.7914133,28.0029514
school,55.5259016,28.6784905
school,55.5224580,28.6675016
school,55.5341915,28.6576118
bank,55.0411888,29.4845411
school,55.5291242,28.6732178
shop_grocery,55.5326546,28.6636306
fap,55.0498250,29.4766146
shop_grocery,55.0463324,29.4740970
shop_grocery,55.5382393,28.8013274
shop_grocery,55.5395743,28.8079024
post_office,55.0448631,29.4582778
shop_grocery,55.0405524,29.4523346
shop_grocery,55.0363933,29.4508166
shop_grocery,55.0447256,29.4547114
shop_grocery,55.0393308,29.4495051
bank,55.0448634,29.4567949
bank,55.0451024,29.4560252
shop_grocery,55.0460373,29.4559361
shop_grocery,55.0458635,29.4596104
fap,53.8648775,30.3818752
shop_grocery,55.1294745,27.6690046
shop_grocery,53.8702881,30.3358968
shop_grocery,53.6805575,23.8569166
shop_grocery,53.9447316,27.7764128
shop_grocery,53.8778510,30.3695780
shop_grocery,53.9393727,27.7678654
shop_grocery,53.9565019,27.7824797
shop_grocery,54.5592373,30.4534289
shop_grocery,54.5580222,30.4535906
shop_grocery,54.5476687,30.4421564
fap,53.8610319,27.5955040
sports_centre,53.8572490,27.5998261
shop_grocery,53.7445719,27.6953819
sports_centre,53.8080383,27.7318685
sports_centre,53.8078960,27.7332032
sports_centre,53.8086097,27.7307015
sports_centre,53.8078485,27.7251920
shop_grocery,53.8995242,27.5169426
fap,53.1613321,24.4423949
bank,54.0038147,27.6837296
shop_grocery,52.1077727,23.7389966
shop_grocery,54.8988016,27.7505484
shop_grocery,54.8971532,27.7660127
shop_grocery,54.8948922,27.7591642
shop_grocery,54.8938408,27.7750369
school,54.4795772,30.3114482
cafe,53.9505964,27.3748006
sports_centre,53.9185996,27.6066439
shop_grocery,54.8903331,27.7652140
shop_grocery,54.8915675,27.7646220
shop_grocery,54.8916677,27.7647312
shop_grocery,54.8917001,27.7649892
bank,54.8944713,27.7622597
fap,53.9319309,27.4407253
sports_centre,53.8447179,27.6294883
school,53.8536875,27.6037627
shop_grocery,54.8890957,27.7713324
shop_grocery,54.1644571,27.6382020
shop_grocery,53.2322983,26.5794541
shop_grocery,55.0299858,30.7956167
shop_grocery,55.0284967,30.7950281
post_office,55.0281929,27.7806556
shop_grocery,54.7000945,27.8178266
shop_grocery,55.0239129,30.7957242
shop_grocery,55.0245645,30.7947130
shop_grocery,54.6551842,27.9679973
shop_grocery,54.5785899,30.6756772
shop_grocery,54.5791583,30.6768032
shop_grocery,55.0280718,30.7856590
sports_centre,55.1386609,27.6812548
shop_grocery,55.1393387,27.6816066
shop_grocery,55.1398666,27.6817539
shop_grocery,54.5765579,30.6693791
shop_grocery,55.1399668,27.6850930
shop_grocery,55.1395575,27.6843224
shop_grocery,55.1363783,27.6837307
shop_grocery,54.8783403,27.6092748
fap,54.8921566,28.0038741
school,53.9105805,27.7720482
fap,55.4496012,29.9681188
fap,55.4497679,29.9706740
shop_grocery,54.5809108,30.6932630
shop_grocery,52.7227218,30.5799832
shop_grocery,52.7244745,30.5762761
shop_grocery,52.7229720,30.5762416
shop_grocery,52.7183282,30.5724420
shop_grocery,55.0158198,30.7926764
post_office,55.4504170,29.9921951
cafe,55.4558972,29.9883381
bank,55.1410063,27.6946826
shop_grocery,55.1406736,27.6934477
shop_grocery,55.1388255,27.6921572
shop_grocery,55.1398184,27.6950177
cafe,54.9270388,27.7054259
shop_grocery,54.9617534,27.6543117
fap,53.9260817,27.4894579
cafe,55.4615421,29.9809804
shop_grocery,55.4617896,29.9842458
shop_grocery,55.4609409,29.9846533
shop_grocery,54.9276249,27.3681291
fap,53.8812620,27.5401804
fap,54.6986713,27.8215004
shop_grocery,54.3102058,26.8356324
shop_grocery,53.8662294,30.3138441
shop_grocery,52.7925955,27.9908058
shop_grocery,54.7168374,26.5252809
school,52.4969758,27.2759328
post_office,53.9722387,27.1268296
sports_centre,53.1485666,26.0000648
shop_grocery,52.8075421,27.9954742
post_office,54.5248178,30.3739441
shop_grocery,54.8825335,26.9381255
shop_grocery,54.1082962,27.4654911
fap,54.3142410,26.8283153
shop_grocery,55.4626762,29.9841012
shop_grocery,55.3567499,27.4843289
sports_centre,53.9024366,27.5663262
shop_grocery,55.4672877,30.0032968
bank,54.5728001,30.6875242
bank,54.5723243,30.6876113
shop_grocery,54.5727823,30.6801513
shop_grocery,54.6524604,29.1353945
shop_grocery,54.6533387,29.1357834
shop_grocery,54.0009904,27.5680517
sports_centre,53.8463148,27.6068039
shop_grocery,55.4708212,29.9596180
school,54.7578985,26.3863144
sports_centre,55.4721986,29.9601351
shop_grocery,55.6374856,27.0352796
fap,55.6410270,27.0246371
shop_grocery,55.6389899,27.0319960
post_office,55.6393360,27.0321504
shop_grocery,55.4711957,29.9748313
shop_grocery,55.4712228,29.9708219
school,55.2906388,29.5993338
shop_grocery,55.4719203,29.9779021
shop_grocery,55.2904236,29.6242474
shop_grocery,55.2885403,29.6286196
shop_grocery,55.2908099,29.6223652
shop_grocery,55.2922195,29.6165953
shop_grocery,54.0016787,27.3780901
shop_grocery,55.2989303,29.6204104
shop_grocery,55.2951750,29.6232333
shop_grocery,55.2976606,29.6273747
shop_grocery,55.2949095,29.6026124
post_office,55.2895816,29.5965108
shop_grocery,55.2897797,29.5954904
cafe,55.2889592,29.5949665
shop_grocery,54.5697223,30.6919947
shop_grocery,55.2962786,29.6180735
sports_centre,55.2974906,29.6161142
shop_grocery,55.3047972,29.6093299
shop_grocery,55.3019979,29.6175434
school,52.9366721,27.8957273
shop_grocery,55.3070137,29.6127577
shop_grocery,54.5697325,30.7046096
shop_grocery,55.0248860,30.8062889
shop_grocery,55.6358577,27.0369648
shop_grocery,55.6357424,27.0371856
shop_grocery,54.5791862,30.7037930
shop_grocery,54.8759463,28.7082523
shop_grocery,54.8717303,28.7113454
post_office,54.8769687,28.7072826
cafe,54.8697163,28.7081629
school,55.6370561,27.0333044
shop_grocery,55.6358285,27.0416545
shop_grocery,55.6360484,27.0411265
shop_grocery,55.6358843,27.0471134
cafe,55.6373038,27.0325633
shop_grocery,55.6443853,27.0440364
shop_grocery,54.8717575,28.6886945
shop_grocery,54.8698773,28.7035116
shop_grocery,54.8772197,28.6950370
shop_grocery,54.8748318,28.6797873
shop_grocery,54.8712683,28.6762619
shop_grocery,54.8831249,28.7220393
shop_grocery,54.8864388,28.7173215
school,55.6330546,27.0498775
shop_grocery,55.6325452,27.0517286
shop_grocery,55.6310884,27.0596501
cafe,55.6276158,27.0702493
bank,54.8814210,28.7081040
fap,53.6315569,27.8947775
school,53.6241406,27.9028582
shop_grocery,54.2292191,28.4777863
fap,54.2290551,28.4884287
bank,54.2207158,28.4904988
shop_grocery,54.7147679,26.6413254
shop_grocery,55.1503196,30.1724385
fap,54.8950658,28.7033242
fap,54.8948836,28.7166810
shop_grocery,54.8913856,28.7040332
shop_grocery,54.8867389,28.7054116
shop_grocery,54.8800991,28.7032532
shop_grocery,55.6423602,27.0532726
shop_grocery,55.6483302,27.0439553
bank,54.8862680,28.6948427
bank,54.8879936,28.6944648
restaurant,54.8890491,28.6924556
post_office,54.8874652,28.6933227
shop_grocery,54.8872587,28.6895555
shop_grocery,54.8820033,28.6921370
shop_grocery,54.8774745,28.6939219
shop_grocery,54.8768872,28.6890592
school,54.8856416,28.6881606
sports_centre,54.8834726,28.6897062
school,54.8842089,28.6855906
shop_grocery,54.8853434,28.6843392
shop_grocery,54.8832523,28.6865654
post_office,54.2147190,26.4419892
shop_grocery,54.2130882,26.4384915
shop_grocery,54.2358006,26.6640831
shop_grocery,54.4825913,30.3247847
sports_centre,53.8883717,27.5703396
cafe,53.8940684,27.5676160
shop_grocery,54.6475720,27.4790350
shop_grocery,54.6412954,27.4872275
shop_grocery,54.6475144,27.4793680
shop_grocery,54.6449774,27.4756314
shop_grocery,54.6456844,27.4780394
shop_grocery,54.6457201,27.4774195
post_office,54.8853302,28.6814658
shop_grocery,54.8900066,28.6734623
shop_grocery,54.8895328,28.6731329
shop_grocery,54.8856338,28.6611489
cafe,55.1628112,27.6761207
shop_grocery,54.9825847,27.7700958
sports_centre,55.9023756,28.8114041
shop_grocery,55.8964403,28.8146227
bank,55.9043689,28.8116479
fap,55.9029364,28.8079392
shop_grocery,54.4175513,27.2965511
bank,55.1804964,28.6132253
shop_grocery,54.3692226,26.4650981
shop_grocery,54.3637027,26.4589109
bank,55.7645968,27.9407202
cafe,55.7642918,27.9413931
bank,55.9134556,28.8029587
shop_grocery,54.3246126,27.4502026
shop_grocery,55.9119032,28.8170678
shop_grocery,55.9056051,28.8126055
restaurant,55.9060288,28.8133776
shop_grocery,55.9063037,28.8112987
shop_grocery,55.9063442,28.8121492
shop_grocery,55.9011614,28.8282164
shop_grocery,55.3703036,27.4656720
cafe,55.3722623,27.4628754
bank,55.3655300,27.4644291
shop_grocery,55.3699877,27.4582623
shop_grocery,55.3562014,27.4549461
shop_grocery,55.0387408,29.4619774
post_office,55.7810585,27.9337173
bank,55.7824758,27.9335851
sports_centre,55.7798357,27.9329140
shop_grocery,55.1889897,30.2442356
shop_grocery,55.7825070,27.9358473
shop_grocery,55.7832723,27.9559675
bank,52.9517692,27.8903296
school,52.9508782,27.8735739
fap,54.9615555,27.6543013
post_office,52.9485331,27.8859792
bank,55.3647360,27.4673489
shop_grocery,55.3645927,27.4662150
post_office,55.3650363,27.4674422
shop_grocery,55.3646416,27.4650300
shop_grocery,55.9049104,28.8135820
shop_grocery,55.9039297,28.8166512
shop_grocery,55.9067398,28.8157050
shop_grocery,54.3112472,26.2859933
shop_grocery,54.8463027,29.1740462
post_office,54.8916777,28.0040615
shop_grocery,54.8784601,27.8939211
pool,54.0116508,27.6657427
post_office,54.3945634,26.6092523
shop_grocery,54.4015367,26.6079938
shop_grocery,52.9480971,27.8836943
shop_grocery,52.9506834,27.9064365
cafe,52.9503209,27.8893399
shop_grocery,52.9485320,27.8840090
shop_grocery,54.7157131,30.6522405
shop_grocery,54.4366549,30.4476704
shop_grocery,55.3610986,27.4739774
shop_grocery,55.3681677,27.4668878
school,55.1662299,30.1224870
shop_grocery,55.1445782,27.6982276
bank,55.1423318,27.6969802
bank,55.6341745,27.0427235
shop_grocery,55.1402505,27.6754383
cafe,55.6384065,26.9924282
shop_grocery,55.4851178,28.7791953
shop_grocery,55.1349205,27.6824633
shop_grocery,55.1315086,27.6800287
shop_grocery,54.6425396,30.4301417
shop_grocery,55.1321000,27.6852150
shop_grocery,53.6890129,23.8456090
shop_grocery,55.1102566,26.8384638
shop_grocery,55.1131902,26.8557086
restaurant,55.6151334,27.0714467
shop_grocery,55.6227234,27.0683876
restaurant,54.8403743,26.7090812
shop_grocery,55.8183097,28.7972759
shop_grocery,54.6039652,30.5697238
cafe,55.1143317,26.8366093
shop_grocery,54.3208022,30.2865788
post_office,54.3210043,30.2853662
bank,55.6436659,27.0334488
shop_grocery,55.6450929,27.0341236
shop_grocery,54.8137323,29.7034616
post_office,54.8114616,29.7061903
shop_grocery,54.8147611,29.7086630
shop_grocery,54.8060236,29.7070155
sports_centre,54.8143036,29.7135647
bank,54.8105756,29.7080460
school,54.1721749,26.1472434
shop_grocery,55.6434174,27.0309375
shop_grocery,55.3615122,27.4719260
shop_grocery,55.6424791,27.0429279
cafe,54.1351976,26.4067566
shop_grocery,54.7736166,26.6008870
fap,54.7754355,26.6004484
school,53.8667385,27.4793784
shop_grocery,54.4170739,29.6841857
shop_grocery,54.4157890,29.6861606
bank,54.8086931,29.7066164
shop_grocery,54.8082767,29.6805909
shop_grocery,54.8155328,29.7200225
shop_grocery,54.4142873,29.6989811
shop_grocery,54.5197206,30.5868676
shop_grocery,54.4081553,29.6908521
shop_grocery,54.4094115,29.6945915
shop_grocery,54.4098375,29.6938139
shop_grocery,54.4100209,29.6954660
shop_grocery,54.4101974,29.6948656
restaurant,54.4107483,29.6927355
bank,54.4106023,29.6917223
shop_grocery,54.4035235,29.7182050
shop_grocery,54.4098323,29.6930457
bank,54.4088682,29.6885207
shop_grocery,54.4062363,29.7047670
shop_grocery,54.4058376,29.7060265
shop_grocery,54.4065840,29.7064593
shop_grocery,55.2035948,28.6776353
shop_grocery,55.2032265,28.6783350
shop_grocery,53.6443041,23.8587030
shop_grocery,54.4032559,29.7509346
shop_grocery,54.4034662,29.7527214
shop_grocery,54.4031310,29.7523382
post_office,54.4036290,29.7527791
post_office,54.4605206,29.9985102
shop_grocery,54.4604123,30.0002354
shop_grocery,54.4563444,30.0055197
fap,54.4532760,30.0079987
shop_grocery,54.4543425,30.0084169
shop_grocery,54.4604676,30.0080231
shop_grocery,54.4609046,30.0140038
shop_grocery,54.4052000,29.6846192
cafe,54.0457300,28.0677413
shop_grocery,54.4023794,29.6795158
school,53.9446741,27.6944643
fap,54.4803184,30.3086858
shop_grocery,54.4615342,29.9903164
shop_grocery,54.4609143,29.9916580
shop_grocery,54.4617432,29.9906794
shop_grocery,55.4446547,30.1336129
shop_grocery,55.4450124,30.1390575
shop_grocery,55.4470368,30.1373174
shop_grocery,54.4613686,29.9931765
shop_grocery,52.8851401,30.0296917
shop_grocery,52.9075772,30.0486614
pool,52.8721091,30.0313993
fap,54.0064064,27.7142078
shop_grocery,54.2792154,28.4931303
school,54.2785106,28.4756462
shop_grocery,52.1077358,23.7369739
shop_grocery,53.1447869,29.2251240
school,53.8886345,27.6849289
shop_grocery,54.2958588,26.8877663
shop_grocery,54.2968034,26.8826191
shop_grocery,52.9224923,30.0103131
fap,54.0696796,27.6966534
post_office,54.0669965,27.6970245
shop_grocery,54.7272270,28.0666168
school,53.6470723,27.9138343
shop_grocery,55.3971398,26.6275197
post_office,55.3947533,26.6279004
school,55.3990048,26.6397257
fap,55.3947290,26.6273213
school,55.3996070,26.6391419
shop_grocery,54.7307532,28.0567417
bank,54.7311274,28.0567873
shop_grocery,56.0168518,28.0854060
shop_grocery,53.8582700,27.6897497
bank,53.6229115,27.8938486
bank,55.4605994,29.9843084
shop_grocery,53.6906412,26.8648050
shop_grocery,55.1936829,30.2834266
sports_centre,54.3084339,26.8508002
shop_grocery,55.2036576,30.2682693
bank,53.6708939,23.8085643
cafe,54.4221932,26.5455752
shop_grocery,54.4221951,26.5439317
shop_grocery,53.6472211,27.9988801
shop_grocery,53.6336238,28.1242170
fap,53.0433281,27.5923440
shop_grocery,53.6335697,27.8510518
restaurant,53.4652916,27.2133530
shop_grocery,54.2939488,26.8440057
shop_grocery,55.2184792,30.1243220
shop_grocery,55.1960014,30.1518875
restaurant,55.3479182,30.0812851
shop_grocery,55.2247414,30.1578085
sports_centre,53.5064333,28.1683813
shop_grocery,54.5084447,26.9659378
bank,53.8900393,27.5215958
bank,53.3712904,24.1750655
post_office,53.3703850,24.1740744
shop_grocery,53.3713393,24.1740763
fap,53.3678487,24.1705173
shop_grocery,53.9674171,27.0569107
shop_grocery,52.9054010,30.0405143
school,52.8988802,30.0507165
shop_grocery,52.4578810,30.9577069
shop_grocery,52.1248171,26.1123474
shop_grocery,54.6859663,27.3509248
shop_grocery,54.2246202,28.5102560
sports_centre,54.2257552,28.5094613
bank,54.2199658,28.4930410
shop_grocery,55.3847801,30.7563905
shop_grocery,55.4090420,30.7257095
shop_grocery,52.5637019,31.1710542
shop_grocery,55.4725999,28.7663906
shop_grocery,52.5114181,30.6762984
shop_grocery,52.5240976,30.6703375
bank,52.3959227,31.0265081
fap,54.2383873,28.4754997
shop_grocery,55.1506488,30.3943563
shop_grocery,55.8353323,29.9799898
shop_grocery,55.8355787,29.9798778
fap,55.8319429,29.9820901
shop_grocery,55.8301611,29.9853800
school,55.8362948,29.9835652
shop_grocery,55.8345161,29.9806112
shop_grocery,55.8366141,29.9800394
shop_grocery,55.5771194,29.9799447
school,54.0589512,27.5548832
shop_grocery,55.1372313,30.7764843
post_office,55.2581213,30.6066627
school,53.8702022,27.6056593
shop_grocery,54.2301427,28.4830134
shop_grocery,55.0306916,30.4402128
post_office,55.0298399,30.4390211
bank,55.0299920,30.4386155
shop_grocery,55.1731419,30.2349796
post_office,55.1769615,30.1726472
shop_grocery,55.1841562,30.2447505
school,53.8584348,27.6002545
restaurant,54.3183547,26.8721364
cafe,54.6848270,30.8150716
shop_grocery,55.1456982,30.2469622
shop_grocery,53.5273872,28.1903271
fap,53.5275623,28.1878537
school,53.8563684,27.6002687
school,53.8546652,27.6029584
shop_grocery,53.1851902,27.5632355
sports_centre,52.3591060,31.0208871
fap,52.3562192,31.0326048
shop_grocery,52.4625534,31.0110486
fap,52.3555988,31.0360448
bank,54.3040144,26.8429313
post_office,54.3207545,26.8726162
shop_grocery,54.3179412,26.8693696
shop_grocery,55.3573870,30.0716345
sports_centre,55.1907390,30.1952212
shop_grocery,53.4946371,28.1447775
shop_grocery,55.1956821,30.2193209
cafe,54.1718844,30.4562391
shop_grocery,54.3097605,30.9325196
shop_grocery,52.1609088,23.6669126
shop_grocery,52.1563620,23.6725421
school,55.1996843,30.2512072
school,52.2169264,31.4204676
shop_grocery,55.1666394,30.2560057
shop_grocery,55.0361391,29.3877131
bank,53.4640421,25.4047071
shop_grocery,53.9047721,27.4570377
cafe,54.3290659,30.3013790
shop_grocery,53.4652350,25.4045873
shop_grocery,53.4657724,25.3993949
shop_grocery,53.4646735,25.4058346
shop_grocery,53.4654419,25.4063662
shop_grocery,53.4654587,25.4071306
fap,54.3006341,26.8317261
shop_grocery,54.3007423,26.8292037
pool,54.3008115,26.8310911
post_office,55.0273480,30.7953349
restaurant,55.0249156,30.7953389
fap,55.0325265,30.7970329
fap,55.1971245,30.1846272
shop_grocery,54.2965781,26.8788721
shop_grocery,54.3160326,26.8382853
shop_grocery,55.0283639,30.0508437
shop_grocery,55.0906616,30.2879953
post_office,54.9946708,30.3135047
shop_grocery,54.9794861,30.4387092
shop_grocery,55.0332576,30.7855206
post_office,54.3243438,27.4502886
shop_grocery,55.2612486,30.3515793
shop_grocery,54.1659517,26.7678498
shop_grocery,55.1728412,30.2634874
shop_grocery,55.0290193,30.7961772
cafe,55.0259061,30.7951645
shop_grocery,54.3193962,30.6531950
shop_grocery,54.2885829,30.9836263
bank,54.2920820,30.9815261
bank,54.2907740,30.9804939
shop_grocery,54.2928773,30.9706397
bank,54.2875101,30.9823799
shop_grocery,54.9306333,30.6705235
fap,54.9316009,30.6702801
shop_grocery,53.6250530,27.8213395
shop_grocery,54.5686085,30.6728383
shop_grocery,53.5277535,28.2502275
shop_grocery,54.4775734,26.4217121
shop_grocery,55.2052195,30.1911142
shop_grocery,54.4864465,26.3786611
restaurant,54.7028917,29.0919531
shop_grocery,52.3081294,31.2090282
shop_grocery,52.5408417,24.9957075
cafe,52.4970536,24.9824380
shop_grocery,52.2133030,31.1025638
shop_grocery,52.0639118,23.7619057
shop_grocery,52.0635392,23.7575496
bank,54.2247588,28.5058157
shop_grocery,54.2180524,28.4989838
pool,54.4807778,26.8905485
shop_grocery,54.4840951,26.8962050
fap,54.4842906,26.9087464
sports_centre,54.4871238,26.9142557
cafe,54.4869735,26.9124250
shop_grocery,55.1643361,30.2364333
fap,53.5274438,27.8291564
shop_grocery,53.0407122,27.5593542
shop_grocery,53.0441384,27.5576254
shop_grocery,53.0440021,27.5591346
cafe,53.0463722,27.5609721
restaurant,53.0312163,27.5463025
shop_grocery,53.0298161,27.5422811
shop_grocery,52.5949007,30.7309956
fap,53.0153478,27.5588055
shop_grocery,53.0205325,27.5571288
bank,53.0196216,27.5551341
cafe,53.0489433,27.5640727
cafe,53.0492901,27.6262812
shop_grocery,53.3312342,27.5186059
shop_grocery,52.3920397,31.2171144
shop_grocery,52.3970528,31.0867160
fap,52.0910890,23.7354830
shop_grocery,55.2013885,30.1535749
cafe,52.0809279,23.7454470
bank,54.2010007,30.2984911
shop_grocery,54.1951950,30.3048625
cafe,55.1863256,30.1811905
shop_grocery,55.1972390,30.1790427
shop_grocery,55.2226884,30.1193652
pool,55.1747170,30.2740435
pool,55.1747004,30.2745611
shop_grocery,55.1720150,30.2415025
shop_grocery,55.1912072,30.1553488
restaurant,54.2132956,30.4147737
shop_grocery,55.0768614,30.2165222
shop_grocery,55.4955476,28.7823431
shop_grocery,55.2107904,30.1231344
shop_grocery,52.3501244,30.3928971
shop_grocery,55.1679477,30.2210912
restaurant,52.0595025,23.7379695
shop_grocery,53.8564942,27.6333336
pool,53.9177240,27.6069576
ice_rink,53.6568931,23.8504811
shop_grocery,55.0405482,30.8303783
shop_grocery,55.2548238,30.1390361
restaurant,53.9430946,27.4655938
shop_grocery,54.5259733,30.2955410
cafe,54.2082652,27.8996108
shop_grocery,53.5830652,24.7471818
school,53.9173580,27.5308612
bank,53.4644832,25.5785818
shop_grocery,55.2521167,30.1354551
sports_centre,54.4396333,30.4480085
shop_grocery,55.3331402,30.0904734
shop_grocery,53.6467661,23.8453111
shop_grocery,53.1484899,29.2216707
shop_grocery,55.2266772,30.2115735
post_office,52.1477916,24.8664845
bank,55.1168340,26.8260534
shop_grocery,53.8015590,27.6943767
shop_grocery,52.1959106,23.5861261
shop_grocery,54.1160843,30.4588852
shop_grocery,55.0234128,30.8018696
shop_grocery,55.0237054,30.8015599
shop_grocery,55.0236392,30.8012396
shop_grocery,55.0237276,30.8012431
shop_grocery,55.0239518,30.8012175
shop_grocery,52.3591371,30.4100527
shop_grocery,52.3494623,30.3940305
fap,53.4244471,27.4026357
shop_grocery,52.4800244,31.0229417
shop_grocery,53.0092078,27.5392178
shop_grocery,53.1654916,29.2062512
fap,52.3556611,30.3921905
shop_grocery,55.5094705,28.6995075
shop_grocery,52.3662971,30.4030709
shop_grocery,52.3692704,30.4081684
bank,53.1434885,29.2318878
shop_grocery,53.1978931,29.2271132
ice_rink,53.1959710,29.2263269
shop_grocery,53.1924770,29.2257946
cafe,53.1695591,29.1981017
shop_grocery,53.9391449,25.0387397
post_office,53.9407041,25.0425769
shop_grocery,55.1327326,27.7048798
shop_grocery,53.7110828,23.8498818
shop_grocery,55.7913044,27.4485259
shop_grocery,55.5540132,30.8372527
shop_grocery,54.8641111,29.1467868
shop_grocery,54.9535514,30.0427490
fap,54.9551476,30.0456915
shop_grocery,53.7463134,27.6884560
shop_grocery,54.3006881,26.8572363
shop_grocery,54.4836372,30.3144470
fap,52.9020226,30.0592795
cafe,54.0404810,27.8592701
restaurant,54.0432408,27.8581410
restaurant,53.5166937,25.5060330
shop_grocery,52.9588534,24.2496933
shop_grocery,54.5220844,30.9360565
shop_grocery,52.2014128,31.0027153
shop_grocery,53.4612397,25.5859823
shop_grocery,55.0246587,30.2959483
shop_grocery,54.0300818,27.6401531
fap,53.7679278,27.3884445
shop_grocery,53.1736533,24.4095254
post_office,55.0902610,30.2893454
sports_centre,53.8230292,27.0233709
bank,53.8936189,27.5003008
shop_grocery,55.1205366,30.4085273
shop_grocery,54.4533855,30.1390467
school,55.1729117,30.2371548
shop_grocery,55.8330855,30.1781823
shop_grocery,53.6559892,27.9438065
post_office,53.9420699,27.3475611
shop_grocery,55.2931196,30.7035572
shop_grocery,55.2985734,30.6968184
shop_grocery,55.0262625,30.7934744
shop_grocery,55.7904437,27.4504608
cafe,52.7900059,31.3529585
shop_grocery,55.2352540,30.1204536
shop_grocery,54.7324659,28.0619780
shop_grocery,54.7633196,28.1382254
post_office,54.6602933,30.6610647
fap,55.3669361,30.4285079
school,55.3678889,30.4326717
shop_grocery,55.3679785,30.4336598
shop_grocery,54.5760268,30.5179173
shop_grocery,55.1783279,30.1623426
shop_grocery,55.1766718,30.1549425
shop_grocery,55.2274782,30.1183444
shop_grocery,55.2276085,30.1221124
shop_grocery,52.9076282,30.0412102
bank,55.2877679,30.2563172
cafe,54.0738291,27.6638650
shop_grocery,54.5903447,30.6339218
shop_grocery,52.4656266,30.9718881
shop_grocery,52.8888116,30.0361832
shop_grocery,55.1461345,27.1932001
fap,52.4200480,31.0029539
shop_grocery,53.5271357,28.2590891
school,53.8668435,27.6097373
school,53.8663477,27.6084061
school,52.3518994,31.4289984
school,52.3519440,31.4302044
post_office,54.1622382,27.4977124
shop_grocery,54.1616144,27.4974997
shop_grocery,55.1348603,30.1387868
shop_grocery,55.1386078,30.1444529
shop_grocery,53.7787555,24.8479272
school,53.8859128,28.3749358
sports_centre,53.7801456,24.8501425
shop_grocery,53.9615029,28.2865895
shop_grocery,53.9729070,28.1953137
fap,52.9020629,30.0299586
restaurant,53.7831202,24.8486545
shop_grocery,53.7845097,24.8487718
school,52.3209101,31.3656952
bank,54.5078754,26.3723362
post_office,52.8841690,30.0242241
post_office,54.0926571,25.7531913
shop_grocery,52.2915672,31.1763799
shop_grocery,52.8822503,30.0372988
bank,51.4350639,30.5649149
shop_grocery,51.4346569,30.5628308
shop_grocery,53.5861414,28.2260759
fap,54.0716140,27.2205229
shop_grocery,54.0530298,24.9960506
shop_grocery,54.0531867,24.9989838
shop_grocery,54.0695189,27.2144161
shop_grocery,52.5290663,30.6730557
shop_grocery,52.5571815,24.4592839
cafe,52.5609273,24.4677936
shop_grocery,52.5619505,24.4747735
shop_grocery,52.5600792,24.4278892
ice_rink,52.5683699,24.4672351
school,53.0797111,25.3069268
bank,52.4001089,31.1033425
shop_grocery,52.4680120,31.0399012
shop_grocery,53.8399642,27.5730745
cafe,53.7895213,27.5076418
shop_grocery,53.8493864,27.8598445
school,53.1965417,24.0126100
shop_grocery,52.3690605,31.0123668
post_office,53.9719987,30.1456169
shop_grocery,53.5154157,28.1278597
fap,53.9795562,30.1425795
shop_grocery,52.5700306,24.4642517
shop_grocery,53.9521641,27.3164512
shop_grocery,54.8101074,29.7090916
shop_grocery,54.8039585,29.7078584
shop_grocery,55.7636255,27.9445948
shop_grocery,54.9911198,30.9440340
shop_grocery,54.8626691,29.1633870
shop_grocery,55.2009967,30.1349445
shop_grocery,55.2716423,29.9805790
sports_centre,54.8464748,29.1692405
shop_grocery,54.8541871,29.1676885
shop_grocery,55.6319155,27.6057442
shop_grocery,54.8603638,29.1609931
shop_grocery,54.8590365,29.1622737
shop_grocery,54.2464936,28.5024748
school,54.8421413,29.1956634
shop_grocery,54.4250267,27.8336608
post_office,55.0123861,30.1784790
shop_grocery,55.3493220,30.2313068
cafe,53.7206392,25.4999087
post_office,55.0851564,30.1702556
shop_grocery,55.0849049,30.1699147
shop_grocery,55.0851166,30.1708284
post_office,53.7845768,27.6375709
shop_grocery,52.8360813,30.2757380
school,52.8373803,30.2754399
shop_grocery,54.7108382,27.2893354
shop_grocery,54.7105233,27.2902524
shop_grocery,54.3913028,29.7395231
shop_grocery,55.1548569,30.1116649
water_park,53.9536993,27.4523898
fap,54.7587279,30.1017143
shop_grocery,54.9652988,29.8229434
post_office,55.2964589,30.6964920
shop_grocery,55.1579309,30.1376515
shop_grocery,55.3138171,30.7013986
shop_grocery,54.8428709,30.2095274
post_office,55.1620986,30.1376435
fap,55.1940594,30.2475370
fap,53.5777138,26.1319893
shop_grocery,53.7189894,25.4999321
sports_centre,53.7166209,25.5017297
shop_grocery,53.8080175,23.8670115
shop_grocery,54.4455145,30.0138448
school,53.1644118,24.4657136
fap,53.1406925,24.4184648
shop_grocery,54.4174149,29.6646115
school,54.3896174,29.5180312
fap,54.0872830,26.5143021
restaurant,53.9536644,27.4097926
fap,55.2986484,30.3034578
shop_grocery,55.3036498,30.3062614
shop_grocery,54.5913345,30.6733439
fap,53.6674984,26.0857023
shop_grocery,52.8674779,24.8791565
shop_grocery,52.8603478,24.8919998
bank,52.8671285,24.8901655
shop_grocery,52.5595965,24.4263569
shop_grocery,52.5488369,24.4421709
post_office,53.1375797,24.4178495
cafe,53.1384942,24.4204922
cafe,52.3319116,30.5409105
cafe,52.3320446,30.5425912
shop_grocery,52.1965711,23.5876103
cafe,55.2268499,30.2115945
post_office,54.6398644,30.4311622
post_office,55.2300768,30.2119287
school,54.3161153,26.8589820
post_office,53.7258728,23.8153803
shop_grocery,54.0918044,26.5236131
shop_grocery,54.0885019,26.5497606
shop_grocery,54.0888571,26.5223096
shop_grocery,54.0929345,26.5321285
shop_grocery,54.0755082,26.5177177
shop_grocery,54.0807645,26.5190558
shop_grocery,54.0879505,26.5492331
shop_grocery,54.0889642,26.5376638
shop_grocery,54.0792613,26.5178866
shop_grocery,54.0790493,26.5181563
shop_grocery,54.0863740,26.5215456
shop_grocery,55.6969043,26.8969745
shop_grocery,55.6965342,26.8968369
cafe,55.2005339,30.2214804
shop_grocery,54.9291312,30.6635827
shop_grocery,54.7881355,29.7164428
shop_grocery,54.0936399,26.5170393
shop_grocery,52.1143226,23.7421618
shop_grocery,53.4194438,24.5414971
shop_grocery,55.1598643,30.2249248
cafe,53.6597203,26.0767660
post_office,53.6601515,26.0842107
shop_grocery,53.6595674,26.0776005
shop_grocery,55.4508585,29.9941488
school,53.1658209,24.4370070
fap,53.1603481,24.4426383
school,53.1659634,24.4879076
school,53.1675736,24.4577020
fap,53.1481515,24.4368829
school,53.1368361,24.4230701
sports_centre,53.1608755,24.4773080
cafe,55.2617297,30.2105803
cafe,54.0582764,27.2959178
shop_grocery,54.7340821,28.0593416
shop_grocery,54.4190698,25.9575201
shop_grocery,54.4201293,25.9516741
shop_grocery,54.7376346,28.0582916
post_office,54.8530371,26.3953705
shop_grocery,54.8511171,26.3979943
shop_grocery,54.8504330,26.3986733
school,54.0849323,26.5173815
school,54.0920593,26.5167071
school,54.0825771,26.5407474
shop_grocery,54.2391751,28.5133638
shop_grocery,55.0416287,30.7868907
bank,55.0228960,27.7873316
shop_grocery,55.0229898,27.7872835
shop_grocery,55.0215892,27.7781569
shop_grocery,53.9209372,27.5010858
school,53.1633613,24.4474577
shop_grocery,53.1425440,24.8127346
shop_grocery,55.8063982,27.9456403
school,54.4815956,30.3106866
school,53.1642079,24.4679779
school,54.7905669,29.5342004
cafe,54.4228237,29.5277059
cafe,54.4173355,29.5189641
shop_grocery,54.0084486,27.2829999
shop_grocery,54.3871251,29.2940287
cafe,54.3744486,29.3136621
cafe,53.8798827,30.4105527
shop_grocery,55.0305425,29.2811481
school,53.1647249,24.4574309
shop_grocery,54.8438512,30.2136662
shop_grocery,52.0917401,23.6574890
restaurant,53.0892722,25.3942584
shop_grocery,55.0982523,30.7786614
shop_grocery,55.2170770,30.8456363
sports_centre,54.2752946,30.9992811
shop_grocery,54.2818535,30.9988636
shop_grocery,54.2650844,30.9913324
post_office,54.2648833,30.9920104
fap,54.2885264,30.9962046
shop_grocery,54.2832195,30.9986303
cafe,54.2888317,30.9834916
shop_grocery,54.2905089,30.9806553
shop_grocery,54.2912698,30.9788440
shop_grocery,54.2959527,30.9751587
shop_grocery,54.2998689,30.9845333
shop_grocery,54.2996580,30.9845732
cafe,54.2982016,30.9858456
shop_grocery,53.0150833,27.5611234
shop_grocery,54.3162343,26.7770613
cafe,53.1259053,25.9079261
shop_grocery,54.2045918,30.3003294
shop_grocery,53.5187075,30.2327892
bank,53.5158143,30.2396346
shop_grocery,53.5178666,30.2490816
shop_grocery,55.5001966,28.8028461
shop_grocery,55.3658058,27.4680157
fap,54.0137128,28.0985841
restaurant,54.4533357,30.1398259
post_office,55.4970928,28.7879595
school,53.5687548,26.3411511
fap,54.4234522,27.8169035
shop_grocery,54.4246460,27.8329277
shop_grocery,53.5860345,27.0529432
shop_grocery,53.7480235,27.3280874
shop_grocery,53.7445025,27.3324857
shop_grocery,53.4680460,23.7782384
sports_centre,53.0238685,27.5504779
sports_centre,53.0203626,27.5468490
cafe,53.5450496,26.9334810
shop_grocery,53.5163962,26.9243041
fap,55.4751857,28.8487127
shop_grocery,54.0298939,28.0852475
shop_grocery,54.0292092,28.0948065
shop_grocery,54.0359521,28.0796760
shop_grocery,52.0771307,23.7694637
cafe,53.1572064,30.4612956
shop_grocery,53.2627490,30.4228758
cafe,55.1143749,26.8727971
shop_grocery,55.1222894,26.8569497
shop_grocery,53.7775493,30.3528011
shop_grocery,55.2111045,30.2390207
shop_grocery,55.4584412,29.9846029
sports_centre,53.7764452,30.3481615
school,53.7773263,30.3473802
bank,55.1980516,30.2396496
shop_grocery,55.2010851,30.2493008
shop_grocery,55.2845896,30.1482724
shop_grocery,54.2888594,30.9782358
cafe,54.2868984,30.9838999
shop_grocery,55.1625755,30.1109238
bank,53.4455420,31.0057650
bank,53.4480512,31.0013220
shop_grocery,53.6957695,31.7149626
shop_grocery,54.0248898,28.0999968
shop_grocery,54.2875824,30.9876233
shop_grocery,53.4514396,31.0033761
school,54.2932859,30.9809780
shop_grocery,55.4611114,30.0002530
shop_grocery,53.1572050,29.1549474
post_office,53.1594800,29.1521542
shop_grocery,53.1570244,29.1558483
shop_grocery,54.2990093,30.9835386
shop_grocery,53.1544836,29.1547663
shop_grocery,54.0409610,28.1998943
shop_grocery,53.1694339,29.1718153
shop_grocery,53.1686773,29.1691108
sports_centre,54.0423745,28.1985134
post_office,54.0416586,28.1983028
shop_grocery,53.5888841,31.9263569
shop_grocery,53.4521410,31.0067211
shop_grocery,53.1767122,29.1890879
bank,55.1124599,26.8394422
shop_grocery,53.5892917,31.9446650
shop_grocery,53.5891295,31.9459554
shop_grocery,53.5892232,31.9448143
cafe,53.3073829,28.6361825
shop_grocery,53.1705094,29.1920160
bank,53.3045518,28.6416459
shop_grocery,53.1229275,29.2242661
cafe,53.1621309,29.2044314
post_office,53.1542807,29.1948513
shop_grocery,55.2579591,30.6066641
shop_grocery,55.1957463,29.6591513
shop_grocery,55.1953470,29.6514263
shop_grocery,55.3158329,29.4334443
shop_grocery,55.2206070,29.6705967
shop_grocery,55.3161044,29.4334886
fap,52.8985045,30.0300196
shop_grocery,55.5844064,30.3701291
shop_grocery,53.9900862,29.7115223
shop_grocery,53.1634527,29.2058852
shop_grocery,53.1619840,29.1876804
fap,53.8117008,30.9739314
shop_grocery,53.3110559,28.6469889
shop_grocery,53.8052471,30.9748201
cafe,53.8053209,30.9744925
shop_grocery,55.1134726,26.8436785
shop_grocery,53.9914741,29.7165059
shop_grocery,53.9913767,29.7128393
sports_centre,53.8008063,30.9697425
shop_grocery,55.2571329,30.6066042
shop_grocery,53.4514545,31.0078727
school,53.8050398,30.9534753
post_office,53.1191525,29.2179005
shop_grocery,53.8075939,30.9677012
shop_grocery,53.0764487,29.2417147
shop_grocery,54.0073818,29.7221910
shop_grocery,53.4472143,31.0059819
shop_grocery,53.4502089,31.0064288
post_office,53.4470654,31.0037025
shop_grocery,53.6956884,31.7047388
shop_grocery,53.6964102,31.7050094
shop_grocery,53.4464426,31.0001680
post_office,54.1953564,30.3040850
shop_grocery,53.4427942,30.9974261
shop_grocery,53.4430121,30.9989096
shop_grocery,53.4435400,30.9992597
shop_grocery,53.4428265,30.9976913
fap,53.1903062,29.2230236
shop_grocery,55.1013066,26.8383713
shop_grocery,53.4348489,30.9896219
restaurant,53.3142522,28.6378829
shop_grocery,53.4295517,31.0010544
school,53.5661643,30.8703344
restaurant,55.1428794,26.8021564
fap,53.5650641,30.8796366
post_office,53.5654033,30.8789783
shop_grocery,53.1875115,29.2266483
shop_grocery,53.1912789,29.2253370
bank,53.8058499,30.9745579
fap,53.1095573,29.2438628
shop_grocery,53.1103285,29.2442383
shop_grocery,53.5851988,27.0512106
shop_grocery,55.3505015,30.6526522
bank,55.4090084,30.7279939
shop_grocery,55.4075369,30.7253940
shop_grocery,53.1209002,29.2328420
sports_centre,53.8135585,23.8527409
shop_grocery,53.1211968,29.2479825
shop_grocery,53.1752882,29.2321825
shop_grocery,53.8086514,30.9620543
shop_grocery,53.8077259,30.9624953
post_office,54.0090274,30.1385611
cafe,52.0501994,29.2697482
cafe,52.0507362,29.2656555
fap,53.3225303,28.6460141
bank,53.3207599,28.6439465
post_office,54.2819649,30.9737743
shop_grocery,53.2991036,28.6515941
shop_grocery,53.5170340,30.2401740
shop_grocery,53.6832618,31.7165880
shop_grocery,53.1233203,29.2349712
bank,53.2998300,28.6470539
restaurant,54.1369186,26.9792302
cafe,54.1366057,26.9779009
shop_grocery,52.0257916,29.2431588
fap,52.0224833,29.2470116
shop_grocery,54.2344387,30.4510034
sports_centre,53.2966937,28.6477814
shop_grocery,53.2993902,28.6391667
shop_grocery,53.2999085,28.6400910
shop_grocery,53.2976618,28.6373888
shop_grocery,53.5404931,30.9098835
post_office,53.5403091,30.9105522
sports_centre,53.5410611,30.9089929
school,53.5416208,30.9154120
shop_grocery,53.2992841,28.6425677
school,52.0467401,29.2690133
fap,53.1630714,29.2119979
cafe,52.0478546,29.2684458
cafe,53.2969666,28.6370090
bank,52.0364086,29.2185619
shop_grocery,53.2944726,30.7114126
school,53.1550355,29.2155624
bank,54.2650906,30.9899068
shop_grocery,53.1321837,29.2427296
school,53.7531452,30.3600834
shop_grocery,54.2714437,30.9828595
shop_grocery,53.4762895,31.0213976
post_office,54.4764524,30.0394404
shop_grocery,54.4708737,30.0301324
post_office,53.1465481,29.2048753
shop_grocery,53.1472628,29.1988433
shop_grocery,53.1332100,29.2258741
shop_grocery,53.1336960,29.2287314
shop_grocery,53.1334258,29.2278921
shop_grocery,53.1309184,29.2274346
post_office,53.1355701,29.2285886
fap,53.1329419,29.2310792
shop_grocery,54.2771145,30.9929031
shop_grocery,53.4295264,30.9824087
shop_grocery,53.1340562,29.2246347
shop_grocery,54.2124042,28.5438382
post_office,53.6045745,23.7493810
shop_grocery,53.8790137,30.3418855
sports_centre,53.1409113,29.2164250
fap,53.1437334,29.2139100
fap,53.1396176,29.1984102
shop_grocery,54.1868143,30.3084310
shop_grocery,53.1420054,29.1722386
cafe,53.1394101,29.1533289
bank,53.8089742,30.9735370
post_office,53.8079357,30.9729761
bank,53.1385351,29.2238757
bank,53.1431312,29.2225517
cafe,53.1313573,29.2243856
shop_grocery,55.4450237,30.6021739
shop_grocery,54.3129457,26.8709535
bank,53.7112760,31.7229891
shop_grocery,53.1362039,29.1770514
shop_grocery,53.1515228,29.2468803
fap,53.1525901,29.2392226
shop_grocery,52.0315648,29.2234992
cafe,53.1652034,29.2300733
shop_grocery,54.2954068,30.9867864
pool,53.7170986,31.7171429
sports_centre,53.7174276,31.7178536
cafe,53.5837193,31.9156895
shop_grocery,53.5838488,31.9177057
shop_grocery,53.5844695,31.9192424
shop_grocery,53.5832459,31.9157661
shop_grocery,53.5847450,31.9194107
post_office,53.5841296,31.9183076
shop_grocery,54.3019536,30.9832905
restaurant,53.8060698,30.9763090
shop_grocery,53.1505870,29.2208745
fap,53.1501144,29.2217054
shop_grocery,53.1484577,29.2311254
cafe,53.7416555,27.3447110
cafe,53.3990638,30.9201890
shop_grocery,53.3990638,30.9201890
sports_centre,53.6045985,24.0823477
post_office,53.6046702,24.0827975
shop_grocery,53.3415958,30.8030336
school,53.3417831,30.8060670
shop_grocery,53.2730237,29.4801928
cafe,53.2706379,29.4792472
shop_grocery,53.2630281,29.4785873
cafe,53.8096902,27.3975107
shop_grocery,55.2046589,29.9297876
shop_grocery,54.2984649,30.9859193
shop_grocery,54.3002933,30.9868305
shop_grocery,53.1317508,29.1850779
shop_grocery,53.8367831,30.2885150
shop_grocery,52.8961544,28.6789323
shop_grocery,53.6877902,31.7104481
post_office,52.8991134,28.6889885
shop_grocery,55.1469649,30.1333654
school,53.9056657,30.3524107
fap,53.8590446,27.4920804
shop_grocery,55.4503695,29.9745017
bank,53.4135879,24.5414887
shop_grocery,53.4143187,24.5384660
shop_grocery,53.4143352,24.5367479
cafe,53.4133814,24.5199905
sports_centre,53.4207053,24.5560956
bank,53.4115750,24.5418832
restaurant,53.4115261,24.5440608
shop_grocery,53.4112075,24.5433102
shop_grocery,52.6389652,29.7270426
shop_grocery,54.3141908,26.8575213
shop_grocery,54.2972795,26.8687793
school,53.9037114,30.3603429
shop_grocery,53.2912661,28.6245653
shop_grocery,53.2979092,28.6144954
shop_grocery,53.2951278,28.6353171
shop_grocery,52.9116731,28.6882082
shop_grocery,53.3192577,28.5930299
bank,52.8978793,28.6867120
shop_grocery,53.5746404,31.9232474
shop_grocery,53.4004268,24.5359912
shop_grocery,54.2083329,30.2872924
school,53.8174208,30.9735749
school,53.8170227,30.9740922
school,53.8171845,30.9719029
cafe,54.2847642,30.9954469
shop_grocery,53.6022250,31.9586645
shop_grocery,53.6012950,31.9580145
bank,54.3027134,30.9845326
shop_grocery,54.3027822,30.9843813
restaurant,53.9051669,30.3499998
shop_grocery,53.6062545,31.9568189
shop_grocery,53.1286411,29.1914331
shop_grocery,53.2648545,29.4835931
shop_grocery,53.7684736,23.7501997
shop_grocery,53.2887875,29.4808062
shop_grocery,53.1240317,29.2092500
fap,53.1303573,29.2028057
shop_grocery,53.6067695,31.9640219
shop_grocery,53.6036150,31.9657517
shop_grocery,53.6072535,31.9594000
shop_grocery,53.6076474,31.9594675
shop_grocery,53.6074043,31.9591299
shop_grocery,53.6070551,31.9604436
shop_grocery,53.6067642,31.9592565
shop_grocery,53.2803549,29.4711364
shop_grocery,54.3092659,26.8124965
shop_grocery,54.3152381,26.8863119
shop_grocery,52.6270189,29.7147606
shop_grocery,55.3850155,30.7565170
shop_grocery,53.1606600,29.6867688
cafe,53.1573170,29.6866521
shop_grocery,53.6192094,31.9426539
shop_grocery,53.6196665,31.9435991
shop_grocery,53.6195100,31.9434154
post_office,53.1587900,29.6896038
shop_grocery,53.1589327,29.6895354
shop_grocery,53.1828936,29.6745371
shop_grocery,52.9293136,28.6998972
shop_grocery,53.2777895,29.4621054
shop_grocery,53.0600324,29.3876073
shop_grocery,53.5363470,30.2453360
shop_grocery,52.6260258,29.7177705
fap,54.3167880,26.8810428
fap,53.8602165,27.6346084
shop_grocery,54.3108131,30.9161126
school,53.1189019,29.5367830
shop_grocery,53.6846512,31.6988690
fap,53.0390808,29.5494724
shop_grocery,53.4828733,29.3496717
shop_grocery,53.6591819,27.8026247
shop_grocery,53.6587198,27.8033341
shop_grocery,53.6587107,27.8029554
shop_grocery,54.3286485,30.8820616
shop_grocery,54.3622152,30.8201571
shop_grocery,54.3651259,30.8130786
shop_grocery,53.1651117,29.3932747
post_office,53.6888136,31.7086692
shop_grocery,53.5058583,29.3290588
sports_centre,54.3107533,26.8371306
shop_grocery,53.6112032,31.9452660
shop_grocery,53.6095487,31.9400793
shop_grocery,53.0708028,29.1647159
shop_grocery,54.3952016,30.7077683
shop_grocery,53.6082031,31.9250477
shop_grocery,53.6081715,31.9258017
shop_grocery,53.6071982,31.9253144
shop_grocery,53.6074304,31.9252583
shop_grocery,53.6073824,31.9259749
shop_grocery,53.6135740,31.9235729
shop_grocery,53.6084378,31.9249158
shop_grocery,54.0209665,31.7262836
shop_grocery,54.0172138,31.7191539
shop_grocery,54.0171548,31.7163556
shop_grocery,54.0225110,31.7246508
shop_grocery,53.6129756,31.9330559
shop_grocery,54.0229878,31.7339567
shop_grocery,54.0071471,31.7383814
shop_grocery,52.8838817,28.7042052
shop_grocery,52.8839472,28.7023455
shop_grocery,53.1989118,29.5615464
fap,54.3192005,30.6512887
shop_grocery,53.5077732,29.2727119
school,53.5120462,29.2686997
fap,53.5080250,29.2669309
bank,54.0297525,28.0915871
bank,54.2476748,29.7953315
bank,54.2462407,29.7954582
shop_grocery,54.2487672,29.7964026
shop_grocery,54.2486198,29.7978050
shop_grocery,54.2490009,29.7963585
shop_grocery,54.2481295,29.7946522
bank,53.6933587,31.7138587
school,53.6940670,31.7109059
shop_grocery,52.4461153,30.9635841
fap,53.6630494,27.1410579
shop_grocery,53.7913059,30.9368078
shop_grocery,53.7914945,30.9369434
shop_grocery,55.3994635,30.6077567
sports_centre,52.6236294,29.7422152
shop_grocery,54.6143541,29.2756338
shop_grocery,54.2510138,29.7955172
shop_grocery,54.2502200,29.7921653
shop_grocery,54.2499365,29.7931864
shop_grocery,53.6155666,31.9490569
school,53.2035751,29.6787183
shop_grocery,54.1963427,30.9398484
cafe,53.6791179,27.1381764
shop_grocery,54.2454380,29.7950713
fap,53.6923090,27.1245411
shop_grocery,53.6920246,27.1225021
shop_grocery,53.6821986,27.1339647
school,53.6850283,27.1350679
shop_grocery,54.2097842,30.7810728
bank,53.6799373,27.1383381
cafe,53.6937856,31.7152889
shop_grocery,53.6955238,31.7163040
shop_grocery,53.6938904,31.7155415
shop_grocery,54.2557072,29.7957191
shop_grocery,54.0102610,31.7173492
shop_grocery,54.0156061,31.7063557
bank,54.0149033,31.7080564
shop_grocery,54.0149965,31.7081691
shop_grocery,54.5683894,30.4524309
shop_grocery,53.6826174,27.1213923
school,53.1017224,29.0910608
bank,53.7051191,31.7239169
shop_grocery,53.3491660,32.0570521
school,53.1630825,28.9122726
shop_grocery,54.3719576,30.8974871
shop_grocery,53.6159305,31.9721137
shop_grocery,53.6168002,31.9747125
fap,54.2623930,29.7937258
fap,53.7382656,31.6857853
shop_grocery,53.6050763,31.9767333
shop_grocery,53.7054831,31.7245822
fap,53.6900756,31.7095739
fap,53.6902963,31.7106294
cafe,53.6896335,31.7075182
fap,53.6889065,31.7101574
fap,53.6893093,31.7085156
cafe,53.6946797,31.7166627
shop_grocery,52.6291819,29.7556124
shop_grocery,53.6926043,31.7157283
sports_centre,53.7140026,31.7092425
shop_grocery,53.7374611,31.6920825
shop_grocery,53.7344011,31.7026511
cafe,53.6791875,31.6830815
shop_grocery,53.8679329,27.4647124
shop_grocery,53.0985473,30.0608792
fap,53.6895546,31.7072980
cafe,53.1005328,30.0564708
sports_centre,53.0777398,30.0512791
shop_grocery,53.0879470,30.0495464
fap,53.0878134,30.0507130
shop_grocery,53.8641657,27.4477798
shop_grocery,53.5227831,30.2516826
cafe,53.9493462,29.6229385
shop_grocery,53.7405745,31.7079498
cafe,53.7383343,31.7100389
fap,53.7377155,31.7063629
shop_grocery,52.4060620,30.9299003
cafe,53.7394484,31.7046728
post_office,53.5691607,31.3788920
shop_grocery,53.6201647,31.9785607
shop_grocery,53.6206623,31.9777365
shop_grocery,53.6211859,31.9781421
shop_grocery,54.2675726,29.7919595
shop_grocery,54.3963906,29.6999716
shop_grocery,53.7547675,26.0568427
shop_grocery,53.7534159,26.0574961
cafe,53.0965192,28.9986465
fap,53.0968589,29.0053057
post_office,53.0965120,28.9990757
shop_grocery,52.9000869,28.6858662
shop_grocery,52.9000636,28.6864946
shop_grocery,52.9011028,28.6860104
cafe,52.9005819,28.6870945
shop_grocery,52.9046003,28.6863444
shop_grocery,55.1793879,28.5988450
shop_grocery,54.2863140,31.0107202
shop_grocery,54.2807056,31.0075190
shop_grocery,53.2038145,29.1061987
shop_grocery,52.8978219,28.6884591
shop_grocery,53.5730964,31.3766558
school,53.5690872,31.3736323
shop_grocery,53.8137264,30.9768424
shop_grocery,54.2446901,29.7963322
shop_grocery,54.2451601,29.7953216
school,54.2438700,29.7970722
shop_grocery,54.2453865,29.7960603
bank,53.3353611,31.4022012
shop_grocery,53.5653098,31.3718034
shop_grocery,54.1192120,31.0894317
shop_grocery,53.5562381,31.3904390
shop_grocery,52.9036450,28.6766570
shop_grocery,54.2362913,29.7806910
shop_grocery,53.9851712,29.7078693
shop_grocery,54.1190242,31.0905910
shop_grocery,53.3446545,32.0535099
cafe,54.1185735,31.0947205
shop_grocery,54.1179784,31.0919847
sports_centre,54.1180619,31.0910812
post_office,53.3522737,32.0592998
shop_grocery,53.7512840,31.7241710
shop_grocery,53.5686820,31.3825477
bank,53.5676481,31.3827235
cafe,53.9964680,29.7086026
shop_grocery,53.9961114,29.7084807
shop_grocery,53.9967701,29.7087158
shop_grocery,54.1145861,31.0966924
restaurant,53.5684182,31.3834850
cafe,53.1579072,29.1921426
shop_grocery,53.1610925,29.1962194
bank,53.1591267,29.1952505
shop_grocery,54.2370499,29.8077425
fap,53.5749024,31.3896585
fap,53.5753975,31.3918115
shop_grocery,54.0178787,31.7288403
cafe,53.5158543,30.2325645
shop_grocery,54.1170439,31.0993218
bank,54.1171796,31.0981596
restaurant,54.1511836,25.3187212
shop_grocery,53.7070812,31.9067666
shop_grocery,53.5833171,31.4063976
sports_centre,54.1506612,25.3145216
shop_grocery,53.3417035,32.0646228
shop_grocery,54.2866570,31.0103778
shop_grocery,55.1807163,28.6061544
shop_grocery,52.8975287,28.6803073
shop_grocery,53.7151338,31.9401257
shop_grocery,53.3433280,32.0684907
shop_grocery,53.6271334,31.5343368
shop_grocery,53.9245091,30.3381762
shop_grocery,53.9280166,30.3186050
shop_grocery,53.7363102,31.7028191
cafe,54.1503428,25.3170398
fap,54.1457853,25.3163593
fap,55.5218632,28.5594537
shop_grocery,53.6870811,32.2538647
post_office,53.6877638,32.2543091
shop_grocery,53.9536481,29.6332195
shop_grocery,53.3319785,31.4025668
shop_grocery,53.3323466,31.4022487
shop_grocery,54.3190483,31.2294860
cafe,54.1501986,25.3144641
post_office,54.1527494,25.3175933
post_office,53.3330424,31.3984651
shop_grocery,53.1508148,29.1873185
bank,54.1511833,25.3176598
shop_grocery,53.5112995,30.2351178
shop_grocery,53.5126420,30.2397148
shop_grocery,54.0515888,30.8332832
shop_grocery,53.7533906,31.6996258
shop_grocery,53.8043982,30.9582383
shop_grocery,53.8082058,30.9354455
shop_grocery,54.1510547,25.3140680
shop_grocery,53.5725531,31.3660990
cafe,53.5693771,31.3857239
post_office,54.0541543,30.6506183
shop_grocery,53.3335163,31.4024591
pool,53.7411045,23.7355163
bank,54.0178490,31.7224182
shop_grocery,53.7082656,23.6584183
shop_grocery,54.0171610,31.7089092
shop_grocery,54.0218838,31.7200781
shop_grocery,53.3354963,31.4158020
cafe,54.0189249,31.7234195
cafe,54.0191828,31.7259828
shop_grocery,53.3354883,31.3990388
shop_grocery,53.3352878,31.3896220
shop_grocery,54.0294873,31.7324702
school,54.2366723,31.0552630
shop_grocery,54.0164877,31.7349775
fap,54.1497935,25.3171191
shop_grocery,54.4216099,31.1348047
shop_grocery,53.9901571,29.9060107
shop_grocery,52.7918294,27.5162568
shop_grocery,53.3333462,31.3929712
shop_grocery,53.3317471,31.3906083
shop_grocery,53.3325627,31.3921345
shop_grocery,55.1306808,29.8736305
sports_centre,53.7049311,31.7218059
cafe,53.7393031,31.7102705
shop_grocery,53.7397171,31.7094589
shop_grocery,53.7395797,31.7096299
shop_grocery,53.7396138,31.7098379
shop_grocery,54.2163864,30.4157713
shop_grocery,54.2335866,30.4655986
bank,53.5717656,26.1386443
bank,53.5706273,26.1403448
school,54.0302709,30.0394148
shop_grocery,54.0292460,30.0362624
shop_grocery,54.0120855,31.6868844
shop_grocery,53.3342016,31.4022895
fap,52.7724778,26.4307853
school,52.7702855,26.4364474
shop_grocery,53.4416274,28.9546225
fap,54.4057996,31.1208468
school,52.7577554,26.4302438
school,52.7566248,26.4175936
school,54.1434716,30.4959652
shop_grocery,54.0430593,30.4632350
fap,53.3272375,31.3875101
fap,53.3266551,31.3863881
fap,53.3260310,31.3858287
fap,53.3273615,31.3860652
shop_grocery,54.1389174,31.0189745
shop_grocery,53.3295759,31.3837301
shop_grocery,54.0491958,31.6858633
school,54.0502475,31.6858914
cafe,53.7376683,31.7180268
shop_grocery,53.3225593,31.3986989
cafe,53.3413658,31.4014958
shop_grocery,53.5154390,30.2552854
shop_grocery,53.3403634,31.3989943
post_office,54.0423068,30.4621414
cafe,52.7595147,26.4324591
shop_grocery,52.7600181,26.4229549
shop_grocery,53.4010387,28.9998933
shop_grocery,54.2698589,31.2010909
shop_grocery,55.3675630,27.4681377
shop_grocery,54.0105690,31.4661601
fap,54.2746282,31.2015905
bank,54.2692217,31.2015904
shop_grocery,53.3471849,31.3932746
shop_grocery,55.3656802,27.4636488
shop_grocery,53.4807945,29.2279226
water_park,52.2044910,24.3511565
shop_grocery,52.8949593,28.6767803
shop_grocery,53.4997560,29.1466227
fap,53.5005937,29.1491452
shop_grocery,53.3931207,29.0057850
shop_grocery,53.3934554,29.0078108
cafe,53.3941176,29.0087342
shop_grocery,53.5127067,30.2537143
shop_grocery,53.5036689,30.2525183
shop_grocery,53.4419700,30.2573188
shop_grocery,53.4363861,30.2461296
shop_grocery,53.4367595,30.2464654
fap,52.2112714,24.3239344
shop_grocery,55.3205057,30.4307485
shop_grocery,55.4415940,30.7131597
shop_grocery,55.7634413,27.9404606
shop_grocery,53.5350773,30.2213533
shop_grocery,53.3886162,29.0075366
shop_grocery,54.3033390,30.9874021
shop_grocery,53.5195396,30.2289082
school,53.6219004,29.1260977
shop_grocery,53.6220964,29.1237469
shop_grocery,53.3509545,31.3917623
post_office,54.0959909,30.3579548
shop_grocery,54.0960630,30.3575738
shop_grocery,53.3281978,32.0674743
sports_centre,53.5284000,30.2184667
shop_grocery,53.5270127,30.2187627
shop_grocery,54.3067975,26.8440095
shop_grocery,53.9783247,30.4613547
shop_grocery,53.4162338,28.8237348
shop_grocery,53.4150395,28.8236700
school,53.9555674,30.7101645
bank,53.4143063,28.8261421
cafe,53.4142853,28.8291291
shop_grocery,53.4117447,28.8210797
shop_grocery,52.7524968,26.4290042
school,52.7520681,26.4153185
shop_grocery,53.3601018,28.6820222
school,52.7585342,26.4404734
shop_grocery,52.7526356,26.4324013
shop_grocery,53.5967531,29.6956999
shop_grocery,53.3472135,29.1848737
school,53.3526941,29.1841774
cafe,53.4365789,28.5438843
shop_grocery,53.9786838,31.5733203
shop_grocery,54.0418008,31.8319936
shop_grocery,53.9244318,31.8359522
cafe,53.5629532,31.2476309
shop_grocery,55.3733844,27.4729543
cafe,55.3729695,27.4740604
shop_grocery,53.3706412,28.3460950
shop_grocery,53.5733461,30.3412403
shop_grocery,53.5778098,30.3479316
cafe,52.7651875,26.4333482
shop_grocery,52.7838086,27.5181770
shop_grocery,53.4960260,28.6604530
shop_grocery,53.8067296,30.9706885
shop_grocery,53.7360621,30.2607247
shop_grocery,53.6352777,30.4718378
school,53.6338601,30.4854837
shop_grocery,55.2170083,30.5117115
shop_grocery,55.6231961,28.6442590
cafe,55.6234613,28.6422857
post_office,53.7357120,30.2624913
shop_grocery,53.3780961,32.5596162
shop_grocery,53.7018434,24.0076419
shop_grocery,52.7924466,27.5043412
post_office,53.8578144,30.2623886
shop_grocery,52.1042424,23.7836984
school,53.4551780,28.8291669
shop_grocery,53.9941966,30.2979007
shop_grocery,53.8362970,30.8391896
fap,53.8360459,30.8390379
shop_grocery,55.2723344,30.1059774
shop_grocery,53.7021315,24.0062741
shop_grocery,54.4140830,29.7397314
cafe,52.7531056,26.4249206
shop_grocery,53.8016494,23.8115107
post_office,53.5666274,23.8723765
shop_grocery,53.5652623,23.8736787
cafe,53.5662865,23.8737312
shop_grocery,54.2924168,29.7800316
post_office,54.2933107,29.7796460
cafe,52.2573575,27.8582947
fap,54.5119624,30.4203732
cafe,54.5107060,30.4172848
sports_centre,54.5097496,30.3945242
shop_grocery,53.5808605,30.3552610
shop_grocery,53.6177703,30.2756008
shop_grocery,53.6154611,30.2768698
post_office,53.6175317,30.2756037
shop_grocery,53.6151340,30.2770230
shop_grocery,53.6173019,30.2758606
shop_grocery,52.7922166,27.9907795
shop_grocery,52.9482601,27.8849610
shop_grocery,52.0938968,23.7258083
shop_grocery,52.0970809,23.7245131
shop_grocery,52.8899505,28.6829185
shop_grocery,52.9044646,28.6726810
shop_grocery,52.9043893,28.6868114
shop_grocery,54.1423714,29.8772582
shop_grocery,54.1421956,29.8784805
cafe,54.1426825,29.8772258
shop_grocery,53.4349007,30.9706739
shop_grocery,53.2504330,31.9736763
post_office,53.1500071,27.0919107
restaurant,53.1512590,27.0921298
shop_grocery,53.9122823,27.4162641
shop_grocery,54.0298490,30.2294517
shop_grocery,53.9775294,30.7981999
cafe,53.5948603,31.9507616
shop_grocery,53.5952207,31.9506988
shop_grocery,53.5769602,31.3700129
shop_grocery,52.7385413,26.4581607
shop_grocery,55.4182753,29.0309319
school,52.8178731,28.6338314
shop_grocery,52.8166576,28.6346789
post_office,53.3378100,31.3644048
shop_grocery,53.3380614,31.3633733
shop_grocery,53.3005299,31.4265646
sports_centre,53.1490676,27.1000996
shop_grocery,55.2732274,28.9727244
shop_grocery,53.0231376,27.5838800
bank,52.4230647,31.3160771
fap,52.4134134,31.3203553
shop_grocery,54.0958032,30.7693272
restaurant,53.7290105,27.2778202
shop_grocery,54.0890230,30.7712473
shop_grocery,53.9600857,31.0353803
shop_grocery,53.5167120,23.9978951
shop_grocery,53.4988458,24.0563320
shop_grocery,53.1451337,27.0999194
cafe,53.3362240,31.4018253
shop_grocery,53.3327895,31.3936991
shop_grocery,54.0765550,30.9021200
shop_grocery,53.3313942,31.4026324
shop_grocery,52.9948997,25.6326313
bank,52.4089451,30.9631650
shop_grocery,54.1269871,27.3485041
shop_grocery,54.4901400,30.4367853
shop_grocery,54.4912223,30.4289349
sports_centre,53.8574169,27.4873385
fap,53.4141137,26.9827608
shop_grocery,55.1155554,26.8797361
post_office,55.1161911,26.8788475
bank,53.8824178,30.3663307
shop_grocery,53.4516362,31.0059765
shop_grocery,53.9020791,30.2892459
shop_grocery,53.6980104,27.8539953
sports_centre,53.9119253,30.3264823
restaurant,53.6485580,23.8445854
post_office,54.9089093,26.7058362
fap,54.9092298,26.7062168
restaurant,54.9083626,26.7074362
cafe,54.9091317,26.7088154
cafe,53.6625491,27.1398020
school,54.9122284,26.7063417
shop_grocery,54.9144453,26.7039382
shop_grocery,53.9379573,30.2215288
shop_grocery,53.7337291,23.9269766
shop_grocery,54.9146070,26.7006417
cafe,54.9114988,26.7228646
shop_grocery,52.7913840,28.0043138
fap,55.1444733,27.0058101
shop_grocery,53.1645769,29.1664196
shop_grocery,53.2648755,27.0663564
shop_grocery,53.0199884,27.0617307
cafe,52.9859297,27.0784112
shop_grocery,53.2253169,27.2590913
pool,54.4262864,25.9183296
school,53.1665251,29.1987712
shop_grocery,54.1263582,27.3481018
school,54.4218309,25.9100883
school,53.1726195,29.1925665
school,53.1960494,29.2277316
shop_grocery,53.1918947,29.2251861
bank,54.7105751,27.2883132
post_office,54.7146869,27.2905745
shop_grocery,54.7101344,27.2903640
shop_grocery,52.7875167,27.4964273
school,53.5189280,23.9203128
shop_grocery,53.5172736,23.9256326
shop_grocery,54.4256188,25.9370422
fap,54.4247397,25.9616138
shop_grocery,53.4450678,27.1354748
shop_grocery,53.2759837,27.5491684
fap,54.2638697,29.7903514
school,52.8086894,27.5554059
shop_grocery,55.5661458,28.2145095
bank,55.5671452,28.2140973
shop_grocery,55.5613273,28.2139271
shop_grocery,55.5659725,28.2142710
cafe,55.5672260,28.2147339
sports_centre,53.1423385,29.2478432
shop_grocery,53.6802750,27.1485937
shop_grocery,53.6774329,27.1332989
shop_grocery,55.5523806,28.2145230
school,53.6001013,27.4502248
shop_grocery,53.4581382,27.2192526
shop_grocery,53.1286801,26.0313775
shop_grocery,53.1219964,26.0438117
fap,53.1260167,26.0326499
shop_grocery,53.6744131,27.1275940
shop_grocery,53.8295248,30.3867852
shop_grocery,53.8292104,30.3871376
shop_grocery,54.6106410,27.9095766
shop_grocery,53.6825335,27.1572004
cafe,53.9747716,27.8411298
shop_grocery,52.6266911,29.7620800
shop_grocery,53.1230963,26.0411792
fap,53.1173961,26.0380458
shop_grocery,52.7752417,26.6221916
school,53.9122490,27.4200679
fap,54.0048547,28.0325336
shop_grocery,54.0039391,28.0320097
sports_centre,54.3537874,30.4111507
shop_grocery,53.9557992,27.0990666
school,55.5164833,28.6926057
shop_grocery,52.3296742,24.5786568
ice_rink,54.5224161,30.4386164
shop_grocery,54.1079921,26.3818572
shop_grocery,54.5146991,30.3853066
shop_grocery,54.5214071,30.4363964
school,54.4844218,30.3225727
school,54.4999398,30.4350787
shop_grocery,53.6546835,23.8491217
shop_grocery,54.4997176,30.3450617
shop_grocery,54.5527191,30.1429554
shop_grocery,54.5702256,30.1530387
shop_grocery,53.3412050,23.9481983
school,53.8842969,27.5613468
cafe,53.6358325,27.0639457
restaurant,54.0036615,28.0303635
shop_grocery,55.0108832,30.7917400
shop_grocery,55.0292715,30.8058825
shop_grocery,53.8455000,27.7066513
school,54.4852908,30.4097426
shop_grocery,53.8141032,23.8604990
shop_grocery,53.3412361,23.9491755
restaurant,53.6075104,27.2172426
school,52.8913640,25.8516088
shop_grocery,52.8962462,25.8472665
school,54.5600847,30.4473231
shop_grocery,52.3572011,30.4217290
shop_grocery,53.7059617,27.8786995
school,55.1751021,30.2324470
shop_grocery,54.2461381,29.5404339
school,55.1759431,30.2366750
school,53.8701727,27.6173647
shop_grocery,53.8104060,30.9573934
school,55.1749110,30.2167214
school,55.1737868,30.2051526
shop_grocery,55.1846911,30.2333544
cafe,53.9652073,30.3661340
shop_grocery,55.4253656,28.5804298
shop_grocery,52.9079002,30.0427615
shop_grocery,53.9289388,27.4247345
shop_grocery,52.8057092,30.0885553
shop_grocery,52.8182032,30.0401826
shop_grocery,53.7142065,23.8614231
fap,54.4279019,25.9414656
school,53.8530758,27.6016102
school,55.2278099,30.1231402
shop_grocery,53.7105476,31.7145336
sports_centre,52.9108324,30.0528997
restaurant,52.8948755,30.0227656
fap,52.8981367,30.0328644
fap,52.9015084,30.0178960
shop_grocery,52.9025032,30.0175072
shop_grocery,52.8950544,30.0204871
shop_grocery,52.8821246,30.0365358
shop_grocery,52.8853533,30.0367026
bank,52.8913951,30.0371240
shop_grocery,52.8961187,30.0439399
fap,52.8960017,30.0429490
bank,52.8937542,30.0432656
shop_grocery,53.6767855,27.7465732
sports_centre,55.1966304,30.2147420
shop_grocery,52.5930761,30.7314181
shop_grocery,52.7174382,30.5598824
post_office,52.8180469,30.0408422
shop_grocery,53.5691562,24.2026010
shop_grocery,53.5763863,24.2062858
restaurant,53.5763003,24.2040724
shop_grocery,53.5747679,24.2058555
shop_grocery,53.5705269,24.2373198
shop_grocery,53.5915605,24.2499125
school,55.1971639,30.2352886
school,55.1977043,30.2379279
shop_grocery,53.8816598,30.3725814
cafe,54.1874645,25.3396986
shop_grocery,54.1651846,25.3135453
shop_grocery,52.7305282,28.5515123
school,53.7064900,23.8129888
post_office,54.5211562,30.4699932
shop_grocery,53.9055414,26.9041453
shop_grocery,54.0188863,26.8626969
shop_grocery,54.5277207,30.4250837
shop_grocery,54.1180277,31.0888661
shop_grocery,53.4491190,31.0031347
cafe,53.6169992,27.2236860
cafe,53.6198778,27.2314891
shop_grocery,53.1247328,26.0231316
shop_grocery,53.4597565,23.8822576
shop_grocery,55.1696344,30.2361896
school,55.2128586,30.2300397
restaurant,54.3888974,29.5168280
cafe,55.1793939,30.2025355
shop_grocery,54.1026302,27.1582367
cafe,54.9039276,26.6807405
cafe,54.9022976,26.6830223
school,54.9170540,26.7012600
shop_grocery,54.8691082,26.9344897
sports_centre,54.8754932,26.9339615
shop_grocery,53.9669450,25.9719441
shop_grocery,53.9662266,25.9763755
shop_grocery,53.9677982,25.9711970
cafe,53.9680291,25.9707830
shop_grocery,54.8854865,26.9169156
shop_grocery,53.7410426,27.3192207
shop_grocery,54.4732800,26.4159613
school,55.2331632,30.2074404
bank,54.8611930,29.1603267
bank,54.8615276,29.1609765
shop_grocery,55.1921772,30.1773546
sports_centre,54.0383987,31.7328939
school,53.9243037,27.4350643
shop_grocery,54.0250801,31.7671098
shop_grocery,53.1559032,30.4649752
fap,53.1564857,30.4664672
shop_grocery,54.0042008,31.3215642
shop_grocery,54.0236957,31.7490181
sports_centre,53.1307433,29.2283904
shop_grocery,54.3267208,26.8702400
shop_grocery,54.0073969,29.7124312
shop_grocery,53.1308952,26.0737849
shop_grocery,53.1323596,26.0763628
shop_grocery,53.1575228,26.0043182
restaurant,53.1516547,26.0112839
school,53.8283886,30.3814277
fap,53.1465909,26.0445427
shop_grocery,53.1477530,26.0433209
fap,53.1453174,26.0725946
shop_grocery,53.1435561,26.0718076
shop_grocery,53.1416368,26.0688223
cafe,52.8987234,28.6877394
sports_centre,54.8451562,29.1703428
pool,53.1312464,26.0268676
shop_grocery,53.6725741,23.7627139
shop_grocery,54.0334117,31.7383108
school,54.0210655,31.7367807
shop_grocery,53.1521832,26.0220331
bank,53.9639621,30.1857421
school,55.1841419,30.2005151
school,53.8735684,27.6229013
sports_centre,53.9347961,27.5029468
shop_grocery,55.1599289,30.2062371
cafe,53.9625423,27.4303541
fap,55.1859420,30.2053378
school,53.9345218,31.4812098
shop_grocery,52.0136598,29.2826750
shop_grocery,52.0209099,29.3152596
school,55.2018408,30.1773430
shop_grocery,54.0216707,31.7204455
shop_grocery,53.6904398,26.8651273
shop_grocery,52.7875187,27.6401977
school,54.1634985,25.3191452
shop_grocery,51.7843582,29.5053597
cafe,53.9843809,26.9896295
post_office,55.2453711,29.5637813
shop_grocery,55.2455820,29.5584129
fap,54.0097685,31.7425111
shop_grocery,51.7649541,29.1913021
shop_grocery,53.1459996,29.2365339
fap,54.1172178,31.1147994
shop_grocery,51.9723537,25.4620019
fap,51.9731921,25.4634704
shop_grocery,55.2628121,29.5946152
shop_grocery,55.2646384,29.5976998
shop_grocery,55.2646739,29.5983041
shop_grocery,53.5399890,30.9116307
shop_grocery,53.8986541,30.2738609
shop_grocery,52.5175299,25.8453801
shop_grocery,53.9796622,29.9875552
shop_grocery,53.9803509,29.9874838
shop_grocery,53.8230102,27.5189267
school,52.1309151,25.4380323
post_office,52.1306510,25.4444964
shop_grocery,52.1292642,25.4441704
cafe,52.1299445,25.4417583
school,52.1312899,25.4382055
cafe,53.9038977,30.3686752
post_office,53.9408553,30.3307113
shop_grocery,53.6399567,23.8648906
bank,53.9027636,30.3748249
shop_grocery,53.1338578,26.0159005
fap,53.1318330,26.0136192
sports_centre,53.1331092,26.0112688
shop_grocery,53.1374549,26.0262924
cafe,53.1323825,26.0075197
fap,53.1309301,26.0002756
school,53.1318394,26.0032409
fap,53.1303587,25.9986111
fap,53.1279140,26.0009043
cafe,53.3473771,23.9462424
shop_grocery,53.1208388,26.0093048
school,53.8608285,27.4709072
school,53.1269299,25.9895309
shop_grocery,53.9351053,30.3547786
shop_grocery,53.9325900,30.3545010
shop_grocery,52.3702765,30.3476527
shop_grocery,52.3660666,30.3791719
sports_centre,52.3970171,31.0305690
fap,52.3950840,31.0262887
shop_grocery,53.7311082,24.5326263
cafe,53.7296923,24.5273073
shop_grocery,53.7296923,24.5273073
post_office,53.7295199,24.5262618
cafe,53.7292779,24.5277362
shop_grocery,54.4891415,30.3790013
sports_centre,53.9565920,27.6090653
school,53.6440940,24.6586813
shop_grocery,51.6335993,29.0763954
shop_grocery,53.6133575,24.7301740
shop_grocery,53.6116112,24.7361395
cafe,52.1178629,23.7776773
shop_grocery,53.6140444,24.7354998
restaurant,53.6149735,24.7386589
restaurant,53.6066988,24.7418244
bank,53.6064702,24.7436350
shop_grocery,53.6057255,24.7405788
shop_grocery,53.3896626,30.3923227
shop_grocery,53.6075835,30.3604699
shop_grocery,54.0508392,30.6506849
shop_grocery,53.5962143,24.7430053
shop_grocery,53.8829561,30.3341038
shop_grocery,53.6018991,24.6891293
shop_grocery,53.8844491,30.3455937
shop_grocery,54.8597628,29.1604686
shop_grocery,55.4954177,28.7921043
shop_grocery,54.6566871,29.1467081
shop_grocery,54.2820703,31.0006668
shop_grocery,53.5328606,24.8277331
school,53.5190829,24.8306909
shop_grocery,54.0492464,30.8415186
shop_grocery,52.1284862,29.3039135
shop_grocery,53.9164151,30.2811934
sports_centre,53.0344018,26.2700364
shop_grocery,54.6549533,29.1328421
restaurant,53.0406149,26.2624183
shop_grocery,53.0395301,26.2622332
shop_grocery,53.0396655,26.2641294
shop_grocery,54.2083503,30.5487598
bank,53.1500317,27.0924417
shop_grocery,53.1458304,27.0985410
shop_grocery,53.1661365,27.4899751
post_office,53.1691556,27.4904918
fap,53.8905472,26.7385452
shop_grocery,53.8905939,26.7392071
bank,54.8941187,27.7633802
restaurant,54.8945475,27.7587132
shop_grocery,54.8939073,27.7600941
shop_grocery,54.2476276,30.1634621
shop_grocery,54.2463359,30.1628781
sports_centre,54.3293303,30.2791996
shop_grocery,54.3198564,30.2745505
fap,52.3679812,30.3927449
cafe,52.1276050,29.3070999
fap,54.1152168,30.8204254
shop_grocery,54.0118701,31.2077759
post_office,54.0134972,31.2074053
shop_grocery,54.0108213,31.1921110
shop_grocery,52.8992182,30.0506785
post_office,54.3358178,30.2867714
sports_centre,54.6604249,29.1449318
fap,54.3291382,30.2808497
ice_rink,54.6604853,29.1430761
shop_grocery,53.5342877,24.7285958
shop_grocery,54.3505305,30.2681968
fap,55.5744893,29.9793952
cafe,52.4028595,31.3299228
restaurant,52.7822628,27.5339701
shop_grocery,55.3252037,29.7524581
school,55.3257872,29.7477094
shop_grocery,52.0473258,29.2466457
shop_grocery,52.3554596,30.4311310
sports_centre,52.4006327,31.3286837
shop_grocery,52.4009590,31.3265296
shop_grocery,52.3488717,30.4333318
shop_grocery,52.3573895,30.4179883
cafe,52.3608385,30.4134603
shop_grocery,52.3603692,30.4171410
shop_grocery,52.3921224,31.3541595
school,55.1660302,30.2170267
school,55.1684204,30.2161719
shop_grocery,54.6564426,29.1403035
shop_grocery,51.9409064,30.8012254
shop_grocery,51.9441937,30.8010046
fap,51.9471865,30.7989375
school,52.1184933,29.3520286
shop_grocery,53.1070344,30.0362761
shop_grocery,52.1245456,29.3204763
restaurant,52.5352899,30.9102675
school,52.5608467,30.8846846
fap,53.6007604,24.9766654
shop_grocery,53.5991288,24.9800396
cafe,53.5998411,24.9824784
cafe,52.3846379,31.3458397
shop_grocery,53.7117910,23.8597921
shop_grocery,52.3891392,31.3378187
bank,51.9367600,30.8027705
shop_grocery,51.9366966,30.8000569
shop_grocery,52.2144827,31.4468237
shop_grocery,53.0332714,28.2582539
shop_grocery,54.0780309,30.1982709
shop_grocery,52.3983200,31.3460351
school,52.1019204,30.9803598
shop_grocery,52.5587071,31.1739641
fap,52.5775965,31.1511446
shop_grocery,52.4221171,31.3138006
post_office,52.4207070,31.3107151
bank,52.4202728,31.3125928
shop_grocery,52.4198523,31.3131617
cafe,52.4100021,31.3205963
fap,52.4139053,31.3207216
sports_centre,52.4128051,31.3200110
shop_grocery,52.3958218,31.3138893
bank,53.1563544,30.4616019
shop_grocery,53.5918590,27.8627654
fap,53.5881330,27.8610318
shop_grocery,54.1603439,27.2359352
cafe,54.1583251,27.2384532
post_office,53.7202816,28.1414244
shop_grocery,53.7209320,28.1407995
shop_grocery,53.9099414,27.3071406
shop_grocery,53.9175403,27.1926598
shop_grocery,54.3039175,27.2284929
fap,53.6288081,27.2304303
shop_grocery,53.0335361,28.2599771
shop_grocery,53.0494783,28.2628268
cafe,53.0374733,28.2376215
shop_grocery,52.8085032,27.9993803
shop_grocery,52.8028504,27.9963320
bank,52.7909844,28.0007384
shop_grocery,52.8024674,28.0074407
sports_centre,52.8015551,28.0014410
shop_grocery,52.7906269,27.9956754
cafe,52.7923274,27.9963959
fap,52.2048879,27.8654833
sports_centre,52.2032300,27.8709709
shop_grocery,52.2055699,27.8665815
sports_centre,52.2037088,27.8652184
restaurant,52.2172752,27.8526301
shop_grocery,52.2168602,27.8646559
cafe,52.2184932,27.8656379
shop_grocery,52.2193661,27.8515824
shop_grocery,52.2211199,27.8622645
post_office,52.0719588,27.7255142
shop_grocery,52.0719358,27.7276237
cafe,52.0719758,27.7289939
cafe,54.1922732,27.2411228
restaurant,52.2055741,27.8090381
restaurant,51.8053575,29.1545944
shop_grocery,51.8062278,29.1535301
shop_grocery,51.8093538,29.1775976
bank,51.8069668,29.1518252
bank,51.8059236,29.1559262
cafe,51.8037912,29.1522008
cafe,51.8037200,29.1537485
shop_grocery,51.8117859,29.1720331
sports_centre,51.8116293,29.1673216
restaurant,52.3350220,25.9905955
shop_grocery,52.3396197,25.9871434
shop_grocery,52.3348728,25.9900695
fap,52.3373005,26.0018158
shop_grocery,51.8128998,29.1720517
shop_grocery,51.8208856,29.1546446
shop_grocery,51.8113003,29.1831246
shop_grocery,52.3374411,25.9864729
shop_grocery,52.3382246,25.9896288
shop_grocery,52.3689250,30.3942405
cafe,52.3645931,30.4090403
cafe,52.2538294,27.8591043
shop_grocery,51.8085108,29.1720293
shop_grocery,52.3726364,30.3506983
shop_grocery,52.1380715,29.3309430
shop_grocery,51.8159651,29.1369524
bank,52.5312527,24.9793307
shop_grocery,52.5319078,24.9808290
shop_grocery,52.2156233,31.4216259
post_office,52.2163632,31.4221583
shop_grocery,52.2142185,31.4215774
shop_grocery,52.2137378,31.4205338
shop_grocery,52.2181332,31.4241441
shop_grocery,52.2138751,31.4214167
shop_grocery,52.2160580,31.4178986
bank,52.2160226,31.4177040
shop_grocery,52.2204667,31.4172079
shop_grocery,52.3675577,30.4215456
shop_grocery,52.2152745,27.8434391
shop_grocery,52.1359603,29.3218243
shop_grocery,55.2021162,28.6762136
shop_grocery,52.3701637,30.4229390
shop_grocery,52.2113773,31.4190620
sports_centre,52.2178372,31.4266962
restaurant,52.5212454,24.9672503
shop_grocery,52.5272273,24.9835369
shop_grocery,52.9484021,30.6584593
bank,52.5282689,24.9704791
shop_grocery,52.5430513,24.9538453
shop_grocery,52.3815250,30.3598807
shop_grocery,52.3815869,30.3605648
shop_grocery,52.3768135,30.3513964
shop_grocery,52.4673150,25.1728549
shop_grocery,52.4678325,25.1783532
school,53.5135510,24.9779153
post_office,53.5106000,24.9810801
shop_grocery,53.5087129,24.9808274
shop_grocery,52.7541383,25.1491031
cafe,52.7570056,25.1524873
shop_grocery,52.7571192,25.1536051
shop_grocery,53.1445568,24.8186702
bank,53.1489462,24.8192811
shop_grocery,53.1538499,24.8095236
sports_centre,52.3704917,30.3369166
shop_grocery,52.3724984,30.3435543
fap,52.3710460,30.3762986
fap,52.3714645,30.3772563
fap,52.3712971,30.3784350
fap,52.3839350,30.3479534
fap,52.3842341,30.3457074
fap,52.3833836,30.3508508
fap,52.3830195,30.3507352
fap,52.3845779,30.3464481
cafe,52.3714107,30.3754003
bank,52.3700454,30.3881991
shop_grocery,52.3569555,30.3778459
restaurant,52.3509327,30.3947334
shop_grocery,52.3564082,30.3939803
cafe,52.3684817,30.3949151
bank,52.3674736,30.3876969
cafe,52.3530254,30.4130485
shop_grocery,52.3770610,30.3756613
bank,51.7953696,29.5034607
shop_grocery,51.7967688,29.5078169
shop_grocery,51.7971974,29.5080982
shop_grocery,51.7865052,29.5084406
shop_grocery,51.7975259,29.4931965
shop_grocery,51.7858307,29.5081500
cafe,52.3366953,30.3737135
cafe,52.3411646,30.3575688
shop_grocery,52.3968768,30.3252176
bank,52.6478170,28.8868204
bank,52.6467494,28.8856259
shop_grocery,52.6490281,28.8880901
cafe,52.6453119,28.8832342
shop_grocery,53.8967051,30.3491516
shop_grocery,52.3884102,31.3304393
school,55.2039233,30.2159008
shop_grocery,52.3249608,25.9911083
bank,52.4098956,31.3226206
shop_grocery,53.0928775,30.0631118
shop_grocery,52.4196585,31.3041475
cafe,54.0412430,28.1997817
cafe,52.5206789,25.0309333
shop_grocery,52.9123674,30.9151687
shop_grocery,51.8749479,29.9443891
shop_grocery,52.2167853,27.8541283
bank,51.8868810,29.9650302
bank,51.8868787,29.9647756
shop_grocery,51.8862543,29.9520780
cafe,51.8866117,29.9519925
shop_grocery,51.8870924,29.9641754
shop_grocery,51.8867511,29.9519348
cafe,51.8862530,29.9613730
shop_grocery,51.8865358,29.9669059
shop_grocery,51.8861200,29.9587757
shop_grocery,52.4341839,30.9616339
bank,55.6398903,27.0389410
shop_grocery,54.1727035,30.3098652
shop_grocery,51.8883713,29.9672210
post_office,51.8895339,29.9662760
restaurant,51.8888609,29.9673267
shop_grocery,51.8829460,29.9670164
shop_grocery,52.2193562,27.8647918
shop_grocery,52.4403776,30.9321374
shop_grocery,51.8744594,29.9668911
school,55.1805471,30.2198466
shop_grocery,52.9128116,30.9167672
pool,55.2036232,30.2041703
post_office,52.9164614,30.9173475
fap,52.9160006,30.9191402
shop_grocery,52.9173802,30.9133414
cafe,52.9176694,30.9157006
shop_grocery,52.9171326,30.9099396
shop_grocery,52.9173349,30.9169726
shop_grocery,52.9177852,30.9168586
shop_grocery,52.9186631,30.9124293
shop_grocery,52.9162180,30.9224382
shop_grocery,54.6491055,29.1375137
shop_grocery,53.6411197,31.9377511
post_office,52.2956985,31.1880879
shop_grocery,52.4276073,31.3031171
shop_grocery,52.4698032,30.9208493
shop_grocery,52.9193708,30.9152097
shop_grocery,52.9191806,30.9137242
shop_grocery,52.9189431,30.9119510
bank,52.9176900,30.9110056
school,52.9183006,30.9094677
bank,52.9156751,30.9095756
shop_grocery,52.2945274,31.1856869
shop_grocery,51.8232099,29.1623957
shop_grocery,52.4348279,31.3102063
shop_grocery,52.4347178,31.3101230
cafe,52.3212024,30.8943966
shop_grocery,51.8204573,29.1564013
shop_grocery,53.3284347,30.6231191
shop_grocery,51.8140722,29.1592724
post_office,53.3290675,30.6243967
shop_grocery,55.6446021,27.0600818
fap,55.6430445,27.0204765
shop_grocery,52.4302942,31.3094578
shop_grocery,52.3476972,30.4301936
fap,52.5662044,31.1764717
shop_grocery,52.9116862,30.9064455
shop_grocery,52.4249376,31.3202698
shop_grocery,52.2075281,31.4138371
restaurant,52.2002277,27.8683689
shop_grocery,52.2018778,27.8683266
shop_grocery,52.2052052,27.8651387
shop_grocery,52.2191499,31.4264679
shop_grocery,52.2191623,31.4282073
shop_grocery,52.2173321,31.4322677
fap,52.2197793,31.4241244
shop_grocery,52.2140123,31.4468945
shop_grocery,54.1940702,30.3233358
shop_grocery,52.4327519,31.3200630
shop_grocery,55.2071208,30.1991343
fap,52.2039555,24.7835599
restaurant,52.1461453,25.5312071
fap,52.1475265,25.5384024
shop_grocery,52.1470796,25.5368310
bank,52.1461162,25.5362970
shop_grocery,52.1450728,25.5312501
school,52.1520280,25.5432972
sports_centre,52.1465599,25.5359753
school,52.1539436,25.5453413
school,52.1506597,25.5432925
post_office,55.6140083,27.0712700
shop_grocery,52.1434604,25.5225276
restaurant,55.6132072,27.0718893
shop_grocery,52.3153905,25.6123907
shop_grocery,52.3184482,25.5796504
shop_grocery,52.3149454,25.6125387
shop_grocery,52.3168237,25.6042704
shop_grocery,52.3171536,25.6084355
shop_grocery,52.3065291,25.6137171
shop_grocery,52.3166128,25.6059324
shop_grocery,52.3152822,25.6129537
bank,52.3343182,25.2292672
cafe,52.5131253,25.8487174
shop_grocery,53.2181088,26.4024637
post_office,51.9948773,29.3304103
sports_centre,53.2217588,26.3992813
fap,53.2198138,26.4085807
sports_centre,53.2224854,26.4071659
restaurant,53.2164350,26.4161584
shop_grocery,54.5023266,26.9233170
shop_grocery,54.5022188,26.9282144
shop_grocery,54.5141121,26.9585231
shop_grocery,54.4923140,26.9152732
shop_grocery,54.5013315,26.9059235
shop_grocery,54.5944914,26.8732107
fap,54.9366600,26.6842536
shop_grocery,52.4294937,30.9741277
fap,52.4230267,31.3214006
shop_grocery,52.4211047,31.3173325
shop_grocery,52.4198522,31.3173346
shop_grocery,52.0085160,29.5202382
school,52.0129352,29.5206596
sports_centre,52.4162556,30.9801123
shop_grocery,51.9334917,30.7927714
cafe,51.4422641,30.5688508
shop_grocery,51.4405883,30.5645952
post_office,51.4375448,30.5636195
shop_grocery,52.4135214,31.3061628
cafe,52.0585392,29.2359884
shop_grocery,52.0562209,29.2256444
shop_grocery,52.0575573,29.2235533
shop_grocery,52.0446829,29.2477401
sports_centre,52.0394641,29.2299591
post_office,52.0367542,29.1992463
sports_centre,52.0313720,29.2132709
shop_grocery,52.0245232,29.2206472
fap,52.0246067,29.2281209
fap,52.0349998,29.1966510
cafe,52.0356256,29.1970348
cafe,52.4957007,30.9605387
sports_centre,52.0300699,29.2436114
shop_grocery,52.0292636,29.2452335
shop_grocery,52.0346577,29.1913650
cafe,52.0141283,29.1920646
shop_grocery,54.2004835,30.2973567
shop_grocery,52.0124792,29.2103333
post_office,54.2190893,30.2849153
shop_grocery,51.7983358,29.1609057
school,54.8890198,28.6219687
shop_grocery,54.8880609,28.6240198
cafe,54.7862303,27.4531503
post_office,54.7860154,27.4540480
shop_grocery,54.7864811,27.4510416
fap,54.7938441,27.4449448
shop_grocery,52.3775985,30.3667231
post_office,51.9363600,30.8017559
shop_grocery,52.4105544,31.3254042
cafe,52.4106917,31.3218779
fap,54.0152099,25.6091914
bank,52.4716143,25.1724090
shop_grocery,52.9125421,30.9143361
shop_grocery,53.1570990,26.0015191
shop_grocery,53.1437897,26.0377391
shop_grocery,53.1443327,26.0362424
shop_grocery,53.1500324,26.0704714
shop_grocery,53.1351765,26.0681559
fap,53.1322985,26.0679539
shop_grocery,53.1331920,26.0717044
shop_grocery,53.1252265,26.0630467
fap,53.1300932,26.0243172
fap,53.1114722,25.9541587
fap,53.1120710,25.9509166
shop_grocery,53.1223668,25.9519805
shop_grocery,52.5089027,30.7660941
shop_grocery,51.7979364,29.5012227
fap,55.1744402,30.1981682
cafe,53.5264842,30.2205738
shop_grocery,51.7948105,29.4991871
shop_grocery,52.4444988,31.3143377
shop_grocery,53.2145907,26.0380223
shop_grocery,53.2606515,26.0442704
shop_grocery,53.3225675,26.0148514
shop_grocery,53.3259734,26.0062474
cafe,53.3260583,26.0062114
shop_grocery,53.5704652,26.1402158
cafe,53.5701460,26.1393443
shop_grocery,53.6600813,26.0783533
shop_grocery,53.7541025,26.0559554
shop_grocery,53.7541623,26.0556643
post_office,53.7538142,26.0567502
fap,53.7500596,26.0565791
school,55.5368070,28.6386599
school,55.5218315,28.6685016
school,55.5272997,28.6642555
shop_grocery,54.1574159,25.9074640
shop_grocery,54.1580621,25.9071766
shop_grocery,54.3171296,26.1385828
shop_grocery,54.4613745,29.9913849
shop_grocery,51.8139901,29.1549819
shop_grocery,54.2308535,28.5038901
shop_grocery,54.3235850,26.8414246
post_office,54.5069904,26.3731261
cafe,54.4722974,26.3871389
school,55.1969683,30.2020500
shop_grocery,54.1150741,30.8176594
school,55.5313854,28.6663369
shop_grocery,55.5279889,28.6702554
school,55.1805976,30.2113756
school,54.1505664,25.3175397
shop_grocery,53.6383128,24.4745674
fap,53.4167689,24.5522303
cafe,53.4110748,24.5396889
sports_centre,53.0365380,24.0953688
restaurant,53.0374530,24.0926052
bank,53.0362139,24.0921766
fap,53.0353224,24.0935954
cafe,53.0373744,24.0918500
shop_grocery,51.9562486,24.5760612
shop_grocery,51.9565955,24.5771217
school,55.1789791,30.2054263
shop_grocery,53.8584580,30.2957486
shop_grocery,52.8880677,29.9965566
shop_grocery,52.8853593,30.0338916
post_office,52.8853485,30.0345636
cafe,52.3672059,23.3763293
shop_grocery,52.3672059,23.3763293
shop_grocery,52.3674904,23.3757499
shop_grocery,52.4007151,23.3801929
school,52.3709591,23.3666632
bank,52.3719545,23.3672237
fap,52.2669493,23.5845208
shop_grocery,51.9307367,30.7823122
shop_grocery,53.5301380,30.2122562
school,54.7174326,27.2883101
school,54.7200781,27.2903985
post_office,52.5042477,31.0346103
fap,52.4149066,30.9650217
shop_grocery,52.5209275,31.0705279
shop_grocery,55.2138233,30.1968785
shop_grocery,52.2267600,27.8712551
shop_grocery,52.4033377,30.9555078
school,55.2147250,30.2225323
shop_grocery,52.4047683,31.3254416
shop_grocery,52.5589066,31.0055291
shop_grocery,51.7925189,28.3322709
shop_grocery,52.2509961,30.7828803
shop_grocery,52.8881671,30.0120696
shop_grocery,52.4031251,31.3145643
cafe,52.2523595,30.7855584
post_office,52.2502308,30.7808216
cafe,52.9012036,30.0403258
sports_centre,55.5876762,28.5968308
school,55.5380174,28.6298802
pool,52.5291340,31.1304670
fap,52.8581148,30.5181395
school,52.8594783,30.5171060
shop_grocery,52.8568481,30.5240047
shop_grocery,52.8824833,30.0077097
restaurant,53.9063501,27.4365439
shop_grocery,55.4678960,28.7568893
school,52.6420986,30.6531090
shop_grocery,52.9093484,30.0426391
shop_grocery,52.6533120,25.2397959
fap,52.3454986,25.6259455
shop_grocery,52.1893919,25.1672636
bank,52.1866709,25.1564329
post_office,52.1881362,25.1532911
restaurant,52.1862814,25.1517739
shop_grocery,52.1864999,25.1530796
bank,52.1855465,25.1560417
shop_grocery,55.5423466,28.6674969
shop_grocery,52.0425619,29.2635314
shop_grocery,52.2266200,31.3814434
school,52.2272108,31.3798284
sports_centre,52.2800427,31.2668311
post_office,52.2831090,31.2638602
shop_grocery,52.2931038,31.0870899
post_office,52.2919256,31.0908638
school,55.5190601,28.6888922
cafe,52.3881922,31.3030334
shop_grocery,52.4275922,30.9586695
shop_grocery,52.4289770,30.9573505
shop_grocery,53.1434558,24.8165225
school,52.3880731,31.3054098
school,55.1690513,30.1534274
school,55.1666470,30.2039240
school,55.5027729,28.7787791
shop_grocery,53.8574570,27.5955978
school,55.5305172,28.6522178
post_office,52.0840005,29.2297433
shop_grocery,52.8913935,28.8511808
shop_grocery,52.5170316,27.7747127
shop_grocery,52.4791296,27.8685715
post_office,52.4272089,30.9754847
shop_grocery,52.4276681,30.9871735
shop_grocery,52.5047623,31.0338784
shop_grocery,52.5045903,31.0334064
fap,52.5050631,31.0320266
shop_grocery,53.6487715,29.2330877
school,53.4626879,29.0488296
shop_grocery,53.0781250,25.2948806
post_office,54.3487936,29.5294842
shop_grocery,54.3489592,29.5298885
shop_grocery,52.8491618,30.4230288
school,52.8502273,30.4238048
bank,53.3534508,32.0585564
bank,53.3508344,32.0582057
shop_grocery,52.8837735,30.0540365
cafe,52.4195704,31.0120964
shop_grocery,53.0135394,27.5436149
shop_grocery,52.2217196,27.4888229
shop_grocery,52.2270227,27.4827967
fap,52.2244106,27.4843679
school,54.3887596,29.5175442
shop_grocery,52.9042844,30.9313633
restaurant,52.4392138,30.9804538
shop_grocery,55.1450676,27.0082448
fap,55.1437488,26.6882496
fap,54.8884683,26.9149407
shop_grocery,54.8884133,26.9156323
shop_grocery,52.9434668,28.5467773
shop_grocery,51.7973976,29.1485724
shop_grocery,53.8017442,30.9813838
shop_grocery,53.4896077,29.3629325
shop_grocery,54.3074439,29.4460857
shop_grocery,52.7015992,30.7112926
post_office,52.9480520,30.6597069
fap,52.9478569,30.6591153
shop_grocery,52.9116221,30.8431220
school,55.0262278,30.8017056
shop_grocery,52.5435397,30.9887708
post_office,52.5448566,30.7869716
school,52.5445962,30.7860114
shop_grocery,52.5455155,30.7892396
shop_grocery,53.1414497,29.1262820
shop_grocery,53.1073197,26.0004359
fap,52.4493811,31.0224225
shop_grocery,52.5527440,31.1756412
shop_grocery,54.4751590,29.9965387
shop_grocery,52.5593098,31.1757025
shop_grocery,53.5980526,24.7299090
shop_grocery,52.8413321,28.5258792
shop_grocery,52.5544523,31.1802921
shop_grocery,52.5916609,30.7751029
shop_grocery,52.5921781,30.7757885
shop_grocery,53.1507738,27.5510267
shop_grocery,53.1853901,27.5664293
school,53.1598950,27.3873106
shop_grocery,53.4363056,30.8826742
school,53.4352537,30.8820165
post_office,53.4358432,30.8832922
fap,52.9418490,30.4087573
fap,52.9414000,30.4093323
shop_grocery,53.4319994,30.8575774
shop_grocery,51.7951945,29.5053379
shop_grocery,51.7959035,29.5061751
post_office,52.4105499,30.3466811
shop_grocery,55.3716148,29.6262003
fap,52.9182253,30.4257581
shop_grocery,52.9183820,30.4226739
school,52.9181719,30.4242763
shop_grocery,53.1584851,30.4608829
shop_grocery,53.1575115,30.4605475
post_office,53.1574362,30.4583201
shop_grocery,53.1140537,29.1109266
shop_grocery,53.2213795,26.6734351
school,53.2201387,26.6773219
shop_grocery,53.0767218,25.3085591
shop_grocery,52.4228762,30.3520170
shop_grocery,52.6350205,30.8211735
shop_grocery,52.9763942,30.2850793
shop_grocery,51.7679870,29.1984742
shop_grocery,51.7682721,29.2008126
shop_grocery,52.7956468,27.5151037
shop_grocery,52.8038232,27.5454773
post_office,54.3910151,29.5215516
school,52.1227258,29.3188127
shop_grocery,52.4150639,30.3530123
shop_grocery,53.0131665,30.0117689
fap,53.2562636,30.5421968
shop_grocery,53.2476855,30.5417821
shop_grocery,53.2487590,30.5446598
restaurant,52.4041862,30.9602689
cafe,52.1129657,26.1026556
shop_grocery,54.2201023,30.2861588
shop_grocery,54.2193645,30.2854986
shop_grocery,55.1893911,29.3557493
cafe,52.7334665,28.5429642
shop_grocery,52.5651715,31.1732255
shop_grocery,54.8162794,29.6986622
shop_grocery,54.8153402,29.6976316
restaurant,52.5356066,30.9099694
shop_grocery,52.7167170,28.4924674
school,55.0151047,28.9897613
shop_grocery,55.0125579,28.9907254
shop_grocery,55.5896166,28.5917979
school,55.5916249,28.5968062
shop_grocery,52.8835218,30.0030725
shop_grocery,54.8406196,30.2024975
shop_grocery,53.1904852,30.8705652
shop_grocery,53.7588117,31.2863113
sports_centre,52.4417705,30.9841789
fap,52.4415572,30.9771384
shop_grocery,52.4397400,30.9836067
fap,53.2158080,30.0455764
post_office,53.2129335,30.0412443
shop_grocery,53.2128071,30.0446166
shop_grocery,54.4331109,27.8902389
shop_grocery,53.9035217,27.5457023
fap,53.6693477,23.8081727
fap,53.1263563,30.0813240
school,54.0181825,29.5523629
shop_grocery,52.3340768,31.3562641
shop_grocery,53.8730660,23.6766690
shop_grocery,53.8680179,27.4837595
shop_grocery,52.3843152,31.0259822
school,53.8780599,25.3302281
school,53.8949489,27.4451675
school,53.8958592,27.4416641
shop_grocery,53.1483514,27.0920956
shop_grocery,53.1464242,27.0989741
shop_grocery,53.1465391,27.0985680
shop_grocery,52.3977584,30.3359381
shop_grocery,52.4004973,30.3384263
school,53.7571683,31.2832479
shop_grocery,53.7632133,31.2765110
shop_grocery,52.5832076,31.0838367
shop_grocery,53.1526616,29.8564954
shop_grocery,53.6298196,27.2278542
bank,53.6293157,27.2306585
shop_grocery,52.6122761,31.0845169
cafe,52.6120262,31.0843717
fap,52.6115244,31.0840814
fap,52.7790875,27.5357312
fap,52.7819229,27.5504101
school,53.8953531,27.4913320
shop_grocery,53.6437678,23.8714854
cafe,51.8758599,30.1021092
shop_grocery,51.8754050,30.1023698
shop_grocery,51.8835088,30.0019520
shop_grocery,51.8764405,29.7895493
post_office,51.9174101,29.7383197
shop_grocery,51.9164946,29.7355517
fap,52.6539649,31.0585037
post_office,52.6544723,31.0503213
sports_centre,53.9243842,27.5168864
bank,53.9640213,27.7604405
school,51.8931219,29.9077419
shop_grocery,51.8929763,29.9044720
shop_grocery,51.9013751,29.8969816
shop_grocery,51.8371200,29.9836936
school,51.8372772,29.9792375
fap,51.8374627,29.9847855
post_office,51.8360789,29.9826665
shop_grocery,51.8369555,29.9852099
cafe,51.8340416,29.9764897
school,53.6969631,23.8160644
bank,53.2185517,26.6802754
shop_grocery,52.4043515,30.9447207
shop_grocery,53.2018048,30.8039605
pool,54.5927874,27.9967988
shop_grocery,52.6565316,31.0567485
shop_grocery,55.4908241,28.7978183
shop_grocery,55.4909308,29.9652896
school,52.2142801,31.4494963
shop_grocery,52.1239530,29.3214437
post_office,52.6688759,30.9847008
fap,52.1283103,29.3372265
shop_grocery,52.2336270,31.4001023
shop_grocery,52.1940338,31.4592945
shop_grocery,52.2079009,27.8453384
shop_grocery,52.6401879,30.9665675
shop_grocery,53.4189183,32.5835614
school,52.5897021,30.8587976
shop_grocery,55.3725015,30.3740530
shop_grocery,52.6080944,30.9301682
shop_grocery,51.8716231,29.8463418
post_office,51.8720862,29.8483190
bank,52.1248933,29.3096628
bank,54.2106514,28.4879622
restaurant,54.2100147,28.4849329
shop_grocery,53.8728237,27.6575789
shop_grocery,51.8849808,29.9811772
sports_centre,54.4319483,25.9619628
shop_grocery,51.8931590,29.9597071
shop_grocery,52.5287038,27.6458537
shop_grocery,54.1811973,27.3605429
shop_grocery,54.1813013,27.3614510
shop_grocery,52.6300756,30.8443164
shop_grocery,51.8933586,29.9376450
shop_grocery,51.8951863,29.9704777
shop_grocery,51.7355952,30.3293968
shop_grocery,54.4164351,25.9377551
shop_grocery,54.4203308,25.9415362
shop_grocery,54.4216378,25.9494240
shop_grocery,54.4185242,25.9290293
shop_grocery,54.4220411,25.9425655
ice_rink,54.4375700,25.9568458
shop_grocery,54.4981161,30.3829243
fap,53.5562941,30.2071540
shop_grocery,53.1971192,30.0173726
shop_grocery,51.8829467,30.1927641
school,52.7895019,27.4968512
sports_centre,52.4057341,30.9393436
bank,53.8434278,27.6969421
shop_grocery,51.8993280,29.9637689
bank,53.0814859,30.0503312
sports_centre,53.9369848,27.5344792
sports_centre,52.4552323,30.9949317
school,53.8381239,27.6994618
bank,51.9079755,29.9818724
shop_grocery,51.9078335,29.9813131
post_office,51.9078547,29.9894777
cafe,51.9075195,29.9886944
shop_grocery,51.9064057,29.9893011
shop_grocery,51.9104548,29.9978292
school,53.8391387,27.6983476
shop_grocery,51.9093033,29.9882109
shop_grocery,51.9088507,29.9859902
restaurant,51.9100432,29.9918064
shop_grocery,52.3521273,30.2393238
post_office,51.9193874,30.0057290
shop_grocery,51.9173426,30.0042132
shop_grocery,51.9186131,30.0052985
fap,53.3647168,24.3668698
shop_grocery,53.7151583,23.8523382
school,53.3650906,24.3681635
shop_grocery,52.0653915,29.2036415
shop_grocery,52.0547282,29.1821574
post_office,52.8723527,31.3326373
shop_grocery,51.9125988,30.0087919
shop_grocery,55.2985913,29.4789936
shop_grocery,54.0703452,28.0656799
restaurant,53.8863919,24.1357165
shop_grocery,53.6119102,24.7369956
shop_grocery,52.8636880,31.3348162
post_office,53.5553108,25.6900453
shop_grocery,53.5543853,25.6897419
bank,54.2092442,30.2896801
post_office,55.1017237,28.5654109
school,54.5192973,30.0461948
shop_grocery,55.4948915,28.7444410
cafe,55.4953705,28.7475034
shop_grocery,55.4953705,28.7475034
shop_grocery,52.4101017,30.9178161
shop_grocery,52.3819810,31.0155533
cafe,52.3733246,30.3899491
shop_grocery,53.9350281,25.7616630
school,52.3384451,31.3134545
cafe,52.3366323,31.3204966
shop_grocery,52.3374223,31.3256540
shop_grocery,52.2208848,27.8507961
shop_grocery,53.1499814,24.8207490
shop_grocery,52.3166498,30.4738600
fap,52.0802040,29.2398380
cafe,52.0837475,29.2285377
shop_grocery,52.3427784,23.5484772
fap,55.1764298,30.2354783
shop_grocery,53.1009717,29.7338649
school,52.2093022,30.2133602
shop_grocery,51.9144151,29.8299156
shop_grocery,53.1500014,24.8052761
shop_grocery,53.1433936,24.8154076
shop_grocery,53.0948773,25.3321037
school,52.3691810,30.3957810
cafe,52.3681552,30.3960389
shop_grocery,53.2856867,30.4974551
shop_grocery,53.2952334,31.3371989
school,52.1515557,31.6953619
shop_grocery,55.0483087,26.3127063
school,52.3683504,30.3954473
cafe,52.3683178,30.3948057
school,53.0909183,29.8239423
shop_grocery,53.0904571,29.8232913
shop_grocery,53.0943822,25.3361050
shop_grocery,53.1617744,24.8137209
post_office,53.5867908,25.8070471
shop_grocery,53.1598240,24.8176553
school,53.0677406,30.0176498
school,51.7690046,29.1970084
shop_grocery,51.8486362,29.1433206
shop_grocery,52.4621657,30.3296784
shop_grocery,52.9776410,27.9698230
shop_grocery,52.9797977,27.9721278
cafe,53.0096319,27.4824925
shop_grocery,52.9979538,27.4014703
fap,52.2673630,31.3523084
shop_grocery,52.3683061,30.4043934
shop_grocery,52.3658918,30.4031440
sports_centre,52.3655901,30.4046073
sports_centre,52.4201185,30.9533619
shop_grocery,52.0615188,29.1246840
shop_grocery,52.0930540,29.2189697
shop_grocery,51.7410115,30.5063353
cafe,51.8815393,29.8972672
school,51.8820505,29.8989263
shop_grocery,51.8815900,29.9004258
shop_grocery,54.0070905,25.6044558
shop_grocery,52.2687954,31.3507840
cafe,54.9373087,30.6640257
shop_grocery,51.7420136,28.9294779
shop_grocery,51.7416413,28.9309479
cafe,53.1473918,24.8201290
shop_grocery,54.9365291,30.6591548
school,52.3036658,31.4661920
shop_grocery,52.3026750,31.4671974
shop_grocery,53.3212668,28.6410839
shop_grocery,53.9318819,25.7719653
bank,53.9318008,25.7711838
shop_grocery,53.8014500,30.9607123
shop_grocery,54.4022517,29.6803100
shop_grocery,53.0828244,30.0445278
shop_grocery,53.5972025,25.8034061
shop_grocery,53.1382947,30.7065148
shop_grocery,52.9028621,30.2093276
shop_grocery,52.2680521,31.4356644
fap,52.3497425,31.4240416
shop_grocery,52.3435590,31.5119376
cafe,52.3430019,31.5126066
shop_grocery,52.6346660,30.8201266
post_office,52.0453545,29.0063018
bank,52.0460059,29.2613579
bank,52.0463539,29.2631641
bank,52.0455574,29.2622528
shop_grocery,52.0712990,27.7536926
shop_grocery,52.0655207,27.7436984
shop_grocery,54.0510176,27.2100259
shop_grocery,52.0698115,27.7343364
school,52.3441218,31.5108013
sports_centre,53.9351875,27.4851231
cafe,53.7067395,31.8382918
shop_grocery,52.3882552,31.3034486
shop_grocery,52.3504228,31.6022944
school,52.3494764,31.6015470
shop_grocery,53.4538416,26.4650036
bank,53.4537373,26.4665323
shop_grocery,53.4538084,26.4666025
bank,53.4542200,26.4670355
shop_grocery,53.4548764,26.4658031
cafe,53.4536463,26.4648195
shop_grocery,53.6039347,25.8232984
shop_grocery,52.2832206,31.2629903
shop_grocery,55.1677996,30.2129180
shop_grocery,52.9022537,30.2159077
shop_grocery,51.9060502,29.9922586
shop_grocery,53.1602635,23.9849680
shop_grocery,53.1166291,23.9755207
fap,52.2453800,31.2367286
shop_grocery,52.2435550,31.2315200
shop_grocery,52.3074408,31.2641798
shop_grocery,52.4066481,30.9153357
shop_grocery,53.7184575,25.7983856
shop_grocery,53.7185333,25.7974462
shop_grocery,53.7185428,25.7973112
school,52.9071992,30.0381142
shop_grocery,53.2604296,24.0504423
shop_grocery,52.3542561,30.4123817
shop_grocery,53.0936857,24.4940802
post_office,53.0955394,24.4918884
school,52.8957574,30.0384834
shop_grocery,52.8475613,27.6441772
shop_grocery,53.6510610,26.1735625
post_office,53.6503210,26.1728750
shop_grocery,52.8937379,30.0447915
fap,53.6968656,25.6977980
shop_grocery,54.2028735,28.4792748
fap,54.2256951,28.5086242
fap,54.2109385,28.4752122
shop_grocery,54.1824435,28.4727205
shop_grocery,52.1124857,23.6659816
post_office,52.8821839,30.9583765
shop_grocery,52.8821136,30.9580392
sports_centre,53.9260202,27.6947630
shop_grocery,54.2084101,28.4755829
post_office,53.5045686,25.6184979
post_office,52.1812460,29.8704585
shop_grocery,52.1158515,23.6587463
shop_grocery,53.5802507,30.3556689
bank,53.0817307,30.0506813
shop_grocery,53.9161323,27.4262269
shop_grocery,53.5618698,26.1484717
ice_rink,53.5692776,26.1354443
shop_grocery,53.0361069,24.1068989
shop_grocery,52.0555486,23.7379067
shop_grocery,53.1711334,24.3508845
shop_grocery,53.1711750,24.3519708
fap,53.1685537,24.3464208
shop_grocery,52.1827144,31.6794103
shop_grocery,52.1279454,23.6551588
fap,54.3088045,26.8172107
shop_grocery,52.8451659,30.7766563
cafe,53.0545621,30.0242448
shop_grocery,53.0541791,30.0241827
shop_grocery,53.0618283,30.0188498
school,53.2482904,28.9352459
shop_grocery,53.0614545,24.5719469
shop_grocery,53.0339863,24.1105558
school,52.7243738,30.1001084
shop_grocery,52.7288336,30.1109721
shop_grocery,52.7286377,30.1113011
school,53.8773182,27.6086199
shop_grocery,52.9134930,30.3156491
shop_grocery,53.1011366,30.0420569
school,53.8327840,31.7488644
cafe,53.8085236,30.9616046
shop_grocery,51.7841926,30.2712826
bank,51.7758451,30.2659500
sports_centre,51.7780271,30.2648446
shop_grocery,51.7843089,30.2715768
shop_grocery,52.7294021,30.5575759
shop_grocery,52.4288315,30.9509309
shop_grocery,54.8830982,28.6868341
shop_grocery,52.3545484,30.4217659
shop_grocery,52.3521742,30.4042369
shop_grocery,53.5199050,32.2676344
shop_grocery,52.3540797,30.4177977
bank,52.3668034,30.3518571
fap,54.4901798,26.9067855
fap,54.4859458,26.9085599
fap,54.4840077,26.9073113
cafe,53.0912139,30.7819094
shop_grocery,54.0109475,31.7340585
shop_grocery,52.8957901,30.9886825
shop_grocery,55.1690818,30.2723966
shop_grocery,52.9119262,30.3224255
shop_grocery,52.9051659,30.9335410
school,52.0891791,29.2251428
school,52.3579061,30.4148285
shop_grocery,52.9382908,30.9479139
fap,52.9594363,31.0175889
shop_grocery,52.0019215,29.1706428
shop_grocery,55.1022996,28.5644257
pool,53.0216367,25.8020550
fap,52.7882050,30.3292522
shop_grocery,53.2586296,24.1091847
bank,52.0290010,29.2384144
shop_grocery,52.0295092,29.2296733
school,52.0347797,29.2091705
school,52.0399825,29.1982632
school,52.0294462,29.2163997
school,52.0320483,29.2208264
shop_grocery,52.0289875,29.2272345
shop_grocery,55.1383430,30.2573971
shop_grocery,51.9874799,29.3290601
shop_grocery,53.9786793,27.8562351
fap,53.4062692,26.1629329
shop_grocery,53.4056339,26.1555793
shop_grocery,53.4055972,26.1560801
shop_grocery,53.8138997,27.6604107
shop_grocery,52.6365123,29.6958297
restaurant,52.0944178,23.6746174
fap,54.2239198,26.6107998
fap,53.8942869,25.2950324
cafe,52.0886842,29.2273989
shop_grocery,52.5999662,30.8270734
shop_grocery,54.6064036,25.8758888
pool,52.0900756,29.2203162
pool,52.0926308,29.2183803
bank,51.7847182,28.3328346
shop_grocery,51.9781409,29.2385505
post_office,51.9779388,29.2392780
fap,52.6012922,30.8259044
bank,53.5954081,25.8219769
shop_grocery,52.6380696,29.7498140
cafe,55.0642422,29.5279091
cafe,55.5232883,28.5567726
school,52.8698032,27.0348993
post_office,52.8686841,27.0334858
fap,52.8624550,27.1553341
shop_grocery,53.5010004,28.1723732
school,53.5043351,28.1571284
school,53.4994739,28.1677066
shop_grocery,55.5112858,28.7703307
shop_grocery,53.1285353,26.0629853
shop_grocery,51.9935245,29.3230884
fap,55.0490720,29.4772388
school,55.0402556,29.4451340
shop_grocery,55.0636870,29.4168442
shop_grocery,53.7622893,27.6740925
school,55.0514234,29.4709563
school,55.0465294,29.4624004
shop_grocery,55.4852299,28.8299131
school,55.5003536,28.8536792
shop_grocery,54.2559264,27.0696443
shop_grocery,54.2534387,27.0665761
fap,52.1885833,24.0275575
shop_grocery,52.8563637,27.1693354
shop_grocery,52.8616232,27.1607769
school,55.3526091,29.2932128
school,53.9102925,30.3364160
bank,52.0440343,29.0002162
shop_grocery,53.0303584,24.1041796
fap,52.9832179,30.1491058
shop_grocery,52.0428515,28.9873731
school,53.8763261,27.5639807
school,54.5763867,25.9590072
fap,54.5721417,25.9567710
shop_grocery,52.5264426,31.3621699
fap,52.5307479,31.3613711
shop_grocery,54.7323439,25.9875847
shop_grocery,53.4673611,26.0238839
cafe,52.8529492,27.4644306
fap,53.1445875,29.2138720
school,53.1461304,29.2118244
school,53.1498704,29.2388909
school,55.1285832,30.2569129
fap,55.1292582,30.2560486
shop_grocery,55.1743614,30.2672645
cafe,53.5312657,30.3434819
shop_grocery,53.1225505,30.7894725
shop_grocery,52.9182312,30.9175380
shop_grocery,52.2721510,31.2412359
shop_grocery,52.2688472,31.2630454
school,53.1965439,29.2281369
cafe,53.8424149,28.9978194
shop_grocery,53.0660786,25.3156971
school,54.8448233,30.2096483
school,54.8394994,30.2192353
shop_grocery,54.8417057,30.2139508
school,54.8566288,30.2031859
fap,55.1698240,27.6761156
cafe,54.2922382,28.7605496
post_office,53.2209440,26.6808166
bank,53.2231669,26.6719137
shop_grocery,53.2220934,26.6699632
shop_grocery,53.2185511,26.6798595
sports_centre,52.8989896,28.6906099
shop_grocery,52.7103259,25.3248076
fap,53.7551315,28.0096734
bank,53.0641512,26.6408217
shop_grocery,53.8442081,28.9833395
shop_grocery,54.6853789,30.3153572
shop_grocery,51.8104962,30.3204522
school,53.8516808,27.4702716
shop_grocery,52.4388442,30.9772420
shop_grocery,52.2239525,27.8541932
school,55.3575752,30.0740369
school,52.1347508,28.4887011
fap,52.1336616,28.4845331
shop_grocery,52.1303943,28.4887456
shop_grocery,52.1282482,28.4952231
sports_centre,52.1295773,28.4929165
shop_grocery,52.1285318,28.4950282
bank,52.1235063,28.4834249
bank,52.1238618,28.4931388
shop_grocery,52.1313917,28.5037653
post_office,52.1251618,28.5001908
cafe,52.8190384,29.4049643
shop_grocery,52.8127787,29.4157904
shop_grocery,52.8074061,29.4223569
post_office,52.8053118,29.4248845
post_office,53.6863927,24.9385087
shop_grocery,52.3704125,30.3620914
shop_grocery,54.7280630,26.0088895
cafe,54.8426480,30.3437306
shop_grocery,52.0459172,29.2518092
shop_grocery,53.2150158,28.2286920
school,53.2142700,28.2271171
shop_grocery,53.2156328,28.2301288
shop_grocery,54.6387311,30.4694959
shop_grocery,51.7848936,28.3114390
cafe,52.4637170,29.2650681
shop_grocery,54.0182922,31.7169866
shop_grocery,54.0173546,31.7130383
sports_centre,54.0156888,31.7136342
sports_centre,54.0119953,31.7106155
school,55.5118281,28.7686656
shop_grocery,53.6864872,24.9386801
fap,52.6312055,29.7540361
shop_grocery,52.6275935,29.7558513
shop_grocery,52.6224793,29.8132954
fap,55.0894653,30.1719990
cafe,54.1334857,27.8092531
shop_grocery,52.7120963,25.3280086
fap,52.7138416,25.3291845
shop_grocery,52.7125562,25.3297341
sports_centre,52.7216380,25.3270993
shop_grocery,52.7100754,25.3385414
shop_grocery,52.7100020,25.3438771
bank,52.7118919,25.3472449
bank,52.7116973,25.3465916
shop_grocery,52.8549600,27.1866035
fap,53.1732657,29.1816483
fap,53.8905738,26.7433923
school,55.1618308,30.1917765
shop_grocery,55.0662379,29.7780745
post_office,55.0660297,29.7807740
bank,53.4687016,25.4002228
shop_grocery,53.5825093,25.8018851
restaurant,51.7897571,24.0797105
shop_grocery,51.7854820,24.0706143
shop_grocery,51.7893620,24.0793612
cafe,51.7936127,24.0817779
post_office,51.7919009,24.0820782
shop_grocery,52.4704304,24.5172914
shop_grocery,52.4701905,24.5178509
shop_grocery,51.9132753,29.9860868
shop_grocery,51.9028723,26.8745759
school,55.1875812,30.1695598
cafe,53.4661745,27.1986943
shop_grocery,52.1154556,29.3273048
school,54.3166017,26.8607229
cafe,52.1739482,24.3209082
school,54.8323327,30.5650922
shop_grocery,54.8378177,30.5726714
shop_grocery,54.8383230,30.5791753
post_office,54.8385647,30.5769528
shop_grocery,54.8377752,30.5773003
shop_grocery,53.8594270,27.4831856
shop_grocery,52.7646046,27.1204979
shop_grocery,51.9025757,26.8616556
shop_grocery,51.9065911,26.8725195
cafe,51.8913134,26.8517837
shop_grocery,51.8903960,26.8491725
shop_grocery,51.8874679,26.8479151
shop_grocery,54.8632321,30.5591419
shop_grocery,52.8508422,27.4670218
cafe,52.8547428,27.4720252
shop_grocery,52.0549171,27.2007343
post_office,52.0538095,27.1980370
cafe,52.0557800,27.2124382
shop_grocery,52.0549789,27.2136101
bank,52.0546817,27.2146691
shop_grocery,52.0546717,27.2141638
shop_grocery,52.0553836,27.2162595
fap,52.0551024,27.2141757
bank,55.4868218,28.7666697
bank,55.4850905,28.7874912
shop_grocery,55.4848756,28.7888353
school,55.4779649,28.7728613
school,55.4765088,28.7935570
shop_grocery,55.8159499,27.9395226
shop_grocery,55.1425439,27.2057990
shop_grocery,52.1372735,29.3029113
school,52.1877302,31.4954237
post_office,52.1876226,31.4940227
shop_grocery,52.1863018,31.4930890
shop_grocery,52.1875682,31.4946135
shop_grocery,52.2113914,31.5641280
cafe,52.2120837,31.5639286
post_office,52.2120086,31.5635416
post_office,52.0142574,29.2870025
school,55.1487254,30.3918929
shop_grocery,52.2121031,31.5800178
shop_grocery,53.1489775,26.6867069
shop_grocery,52.2121634,31.5624241
school,52.2117844,31.5616974
fap,54.7293584,26.0080334
shop_grocery,55.0975495,30.7789216
school,55.0316739,30.7972062
shop_grocery,54.8927230,28.9139294
fap,52.1360783,31.5362171
school,53.4986125,26.2193463
shop_grocery,52.1373707,31.5322459
shop_grocery,54.6878139,26.1460180
shop_grocery,52.2294996,27.8743493
school,55.2986765,30.3063654
post_office,54.6895092,26.1441553
shop_grocery,54.6885264,26.1439626
cafe,53.8405104,28.9890997
shop_grocery,54.6918659,30.4972719
fap,54.6951063,30.4957061
shop_grocery,52.8544468,27.2629676
cafe,52.2114983,24.3459081
shop_grocery,52.2017699,24.3576667
bank,52.2102853,24.3572093
shop_grocery,52.2108697,24.3578052
cafe,52.2097877,24.3561141
shop_grocery,52.2104887,24.3571907
shop_grocery,52.1906620,24.3355668
shop_grocery,53.5380802,26.1345452
school,54.6952123,30.4974921
shop_grocery,52.2197384,24.3417920
shop_grocery,52.2171132,24.3588188
shop_grocery,52.2335915,24.3392480
shop_grocery,52.2286805,24.3197275
shop_grocery,55.6469662,27.0354374
shop_grocery,54.0134852,28.4775832
shop_grocery,52.0186376,29.2810457
fap,53.4036498,26.3100703
school,53.1753104,30.2498268
fap,55.1059907,30.2648299
shop_grocery,52.4583796,30.9707792
pool,52.0916075,23.8691438
shop_grocery,55.4297560,28.5843534
shop_grocery,53.4670734,25.4086389
shop_grocery,53.4639528,25.4155409
shop_grocery,55.5507132,30.2193603
shop_grocery,54.0784153,25.5988543
sports_centre,52.4076041,30.9523091
school,53.9113307,27.4468639
school,53.9099167,27.4464933
fap,52.4874307,30.9861209
shop_grocery,52.1355576,29.3078296
fap,53.8971372,27.4797829
school,53.7019857,23.8455314
shop_grocery,52.6565616,29.6584732
post_office,52.4712161,31.0088237
shop_grocery,53.6917768,27.1561651
cafe,52.7864645,27.4638467
school,52.2500062,31.5080822
school,52.2501796,31.5073974
school,52.2499019,31.5077570
shop_grocery,51.7599190,28.7155578
shop_grocery,55.4178752,30.0803441
cafe,52.1324046,28.4827698
shop_grocery,52.1341493,28.4798658
shop_grocery,52.1348566,31.5123557
shop_grocery,52.6609305,29.6594083
cafe,54.8529580,28.7390439
shop_grocery,52.6766301,30.8177749
shop_grocery,52.6770489,30.8175875
school,55.1988041,30.1964272
school,55.4571436,29.9829631
shop_grocery,53.8320504,23.6554654
shop_grocery,53.8318783,23.6559558
post_office,53.8321686,23.6561356
shop_grocery,53.8300616,23.6556620
cafe,51.7872606,28.3189196
post_office,51.7849749,28.3321513
shop_grocery,52.1995756,24.0286752
school,55.4676141,29.9729338
shop_grocery,53.1696096,27.3308575
school,53.5126301,28.1309155
shop_grocery,55.2911652,29.6263900
shop_grocery,52.0146716,29.3152295
shop_grocery,55.4146101,29.9777547
school,55.1201294,27.5430235
shop_grocery,55.0744504,29.5749695
school,55.0747812,29.5729321
shop_grocery,52.1313652,26.1173836
shop_grocery,55.0707102,29.7145183
sports_centre,53.6803254,23.7852457
sports_centre,53.6872629,23.7881506
shop_grocery,54.0928393,25.7493406
shop_grocery,52.4762431,31.2733898
shop_grocery,52.3579827,30.4016399
shop_grocery,51.7622806,28.7106403
school,51.7616531,28.7155896
shop_grocery,52.6964494,30.8812215
school,53.9158414,27.4338480
shop_grocery,52.5191647,29.5957658
shop_grocery,52.8072606,27.9298810
shop_grocery,54.3745700,29.3156126
shop_grocery,54.8130705,26.1575658
shop_grocery,54.8126028,26.1580798
cafe,54.8136317,26.1609381
shop_grocery,53.7029872,23.9926591
school,53.6996625,24.0056134
shop_grocery,53.1526972,27.0900634
fap,51.9860831,29.1221976
bank,51.9862061,29.1249185
shop_grocery,51.9858444,29.1238097
shop_grocery,51.9892420,29.1187351
post_office,51.9904261,29.1168857
shop_grocery,51.9901567,29.1164327
shop_grocery,52.3720526,31.0304106
shop_grocery,52.6939102,30.8922284
shop_grocery,52.0287370,29.2279821
school,52.5182163,29.5973598
shop_grocery,55.1376870,29.9776361
shop_grocery,52.6952097,30.8820317
shop_grocery,52.6945685,30.8816817
post_office,52.6958184,30.8823692
shop_grocery,55.0964294,27.7010867
shop_grocery,52.7256268,30.5737446
shop_grocery,54.5065437,30.4462099
shop_grocery,52.4203667,30.9980753
shop_grocery,51.8115927,29.1755567
shop_grocery,53.1390011,29.1977979
fap,53.6874872,23.8247346
shop_grocery,52.4148509,30.9590989
shop_grocery,52.9252922,30.0229571
shop_grocery,53.6372134,27.2156365
shop_grocery,53.8824292,30.3670494
shop_grocery,53.8806884,30.3674221
shop_grocery,52.8655947,30.0291909
shop_grocery,52.8618388,30.0265459
sports_centre,52.4233247,31.0125874
shop_grocery,54.5010910,30.3572913
shop_grocery,52.5459219,29.8446783
shop_grocery,53.9112979,27.3095824
shop_grocery,53.6224943,23.8158719
shop_grocery,53.9279811,30.2572357
shop_grocery,53.9842552,29.7303360
shop_grocery,53.4217317,24.5520724
school,52.1816806,31.6818798
shop_grocery,53.4568024,24.1851063
shop_grocery,54.1325219,25.1114328
shop_grocery,52.8554011,27.1706938
shop_grocery,52.8552133,27.1709699
shop_grocery,52.8549282,27.1713673
sports_centre,53.8877426,27.4508408
shop_grocery,54.9149832,26.4481520
shop_grocery,54.8507383,26.3989725
shop_grocery,54.8510628,26.3995357
shop_grocery,52.3861437,31.0288786
shop_grocery,54.0167370,31.7350817
shop_grocery,54.6610859,26.5219324
school,53.6659797,23.7919763
shop_grocery,52.4102593,31.0039461
shop_grocery,54.8680944,26.9293516
shop_grocery,54.8903040,26.7762283
cafe,54.9069601,26.7086809
shop_grocery,54.9361323,26.6896943
shop_grocery,54.9362992,26.6905904
cafe,54.8342609,26.7120751
cafe,54.8327938,26.7128194
fap,54.8556682,26.7073197
sports_centre,54.8339022,26.8372714
shop_grocery,54.8057956,26.7619737
shop_grocery,53.8562267,29.1417470
cafe,53.8774683,30.3738600
school,53.9432617,27.3485583
fap,54.2656963,27.1094289
shop_grocery,54.2475333,27.0780794
shop_grocery,54.2532550,27.0751249
cafe,54.2493607,27.0769159
shop_grocery,52.5870929,29.6356702
post_office,52.5894595,29.6316387
shop_grocery,54.0440226,25.6311792
shop_grocery,51.8082723,29.4900690
ice_rink,53.8683777,27.6090487
shop_grocery,52.5774885,29.5894502
shop_grocery,53.4569266,26.3574918
post_office,52.1026789,30.9796583
shop_grocery,52.2583279,29.4315002
shop_grocery,52.6365588,29.7008591
shop_grocery,52.7328277,29.5811165
school,55.1944040,30.1812264
school,55.1757668,30.2150153
shop_grocery,52.6313031,29.7132866
school,53.2612792,24.4135520
shop_grocery,53.9066859,30.3779341
shop_grocery,51.7965708,29.5082466
shop_grocery,51.7963510,29.5079629
school,53.2605643,24.4252892
fap,53.2570356,24.4298633
shop_grocery,53.9486952,30.3657270
cafe,53.9238092,30.2905766
school,53.8728155,27.6039717
school,53.7629271,23.6588370
shop_grocery,52.1156550,30.9305025
shop_grocery,54.5266567,29.0840000
shop_grocery,55.1241058,27.6971380
shop_grocery,53.8336449,28.9805185
school,53.0364342,27.0772367
sports_centre,52.1289847,29.3392491
shop_grocery,53.7516456,27.3290993
shop_grocery,53.7496763,27.3296858
shop_grocery,52.1363436,29.3426009
fap,52.1313668,29.3473904
shop_grocery,52.1361691,29.3453307
post_office,52.1361677,29.3446851
shop_grocery,53.9423725,31.3051875
school,53.7497480,27.3264657
cafe,55.2036359,29.9295586
fap,55.1989829,29.9251773
shop_grocery,52.6501801,29.6558789
shop_grocery,53.7664564,23.6565968
shop_grocery,52.0245385,29.2638600
shop_grocery,54.5952998,25.8947501
shop_grocery,54.5955320,25.8941710
shop_grocery,51.7527182,29.3069575
shop_grocery,55.1973649,29.9689076
shop_grocery,55.2170595,30.2377445
shop_grocery,53.2353238,29.8360632
shop_grocery,52.4630517,31.0399528
shop_grocery,52.4562299,31.0395816
fap,55.2258633,29.8870627
shop_grocery,55.3748062,27.4748134
shop_grocery,53.1215400,29.9575031
shop_grocery,51.7194501,29.3330321
shop_grocery,52.5901592,30.7237769
shop_grocery,52.5603304,30.8817320
shop_grocery,55.2356125,30.0864370
school,52.3393938,30.9226931
sports_centre,53.8836104,30.4134167
bank,52.8542136,27.1738227
shop_grocery,52.5197237,29.5970691
cafe,55.1803885,30.2181532
school,53.0424572,29.9196183
shop_grocery,53.0420092,29.9196797
school,53.0421937,29.9159381
shop_grocery,53.0433709,29.9223432
shop_grocery,53.0290600,24.0886114
shop_grocery,51.7205442,29.3323299
shop_grocery,52.2745490,31.2652083
school,53.5884517,26.1737730
cafe,52.1267999,29.3380875
sports_centre,52.1272033,29.3392743
shop_grocery,53.0528865,24.0574569
school,53.0518509,24.0533547
shop_grocery,55.3034437,29.8896597
shop_grocery,52.2433251,26.8045143
shop_grocery,52.0690204,23.7630065
shop_grocery,51.9422566,29.5261731
post_office,52.9249783,30.0234063
cafe,52.3824525,31.3385012
shop_grocery,52.6004125,30.7361705
cafe,53.8291546,30.3860497
shop_grocery,52.5087968,30.9458006
shop_grocery,52.3867946,31.3398005
shop_grocery,52.3855247,31.3405646
shop_grocery,52.3856954,31.3405537
shop_grocery,52.3858717,31.3405520
school,55.1620099,30.2343070
shop_grocery,52.5954430,30.7308392
shop_grocery,52.5954790,30.7311498
shop_grocery,52.5948781,30.7314300
post_office,53.0764035,30.2683865
restaurant,53.8948925,30.4645375
school,52.1363297,31.5344596
shop_grocery,53.2116041,30.6172371
shop_grocery,53.8486224,27.4788335
school,54.5098895,30.4130127
school,54.5114831,30.4133303
shop_grocery,54.5101214,30.4266093
shop_grocery,52.1556658,31.4071363
shop_grocery,53.5882309,25.8224787
bank,53.2102483,30.6170676
bank,53.5921454,25.8196440
shop_grocery,53.5957398,25.8256317
fap,55.0180344,29.1524044
shop_grocery,53.5947192,25.8132885
restaurant,53.5909641,25.8203183
fap,53.5940800,25.8108904
fap,53.5942458,25.8083000
cafe,53.5926937,25.8237594
bank,53.5911789,25.8202556
fap,53.5944046,25.8105493
fap,53.6741311,23.8008877
shop_grocery,54.9575158,28.7921000
shop_grocery,53.5997971,25.8371519
bank,53.0898323,30.4636325
shop_grocery,52.0871431,27.6398275
shop_grocery,53.6004175,25.8191957
bank,52.2445669,26.8013724
shop_grocery,54.0145329,27.2558350
school,52.6267313,29.7244436
school,52.6229554,29.7228527
shop_grocery,54.0736371,27.8372173
shop_grocery,54.0346782,25.7023077
shop_grocery,53.1574531,24.7910021
restaurant,52.4143712,31.3172045
school,52.8883471,30.0356832
school,52.8825429,30.0327833
school,52.8802906,30.0460818
school,52.1800438,28.9646610
shop_grocery,53.2213769,26.6767037
fap,52.2264000,23.7381683
shop_grocery,53.2149012,26.6945421
shop_grocery,53.2149585,26.6936265
shop_grocery,53.2180487,26.7073841
shop_grocery,53.3154130,26.5409053
cafe,52.5993603,24.4014649
shop_grocery,54.0466794,25.5849793
shop_grocery,54.0471304,25.5842762
post_office,54.0472120,25.5829026
shop_grocery,52.4477662,31.0036089
school,53.4666852,26.0185173
school,53.5723727,26.1343835
school,53.9190778,27.4399515
restaurant,54.1160409,25.5799296
shop_grocery,54.1158283,25.5802858
shop_grocery,54.1158026,25.5800920
shop_grocery,52.0267056,29.2121960
sports_centre,52.0274547,29.3089292
fap,54.2416895,28.5049425
shop_grocery,52.0373394,29.1998124
shop_grocery,52.3578958,30.9925803
shop_grocery,52.0256148,29.2438184
shop_grocery,53.0625014,24.2137356
shop_grocery,52.9366008,30.8915042
post_office,54.9111347,27.5373601
post_office,55.8331013,29.1245791
shop_grocery,53.5829651,26.8331596
shop_grocery,53.5816729,26.8314760
shop_grocery,52.0880653,27.6483895
school,55.9013260,28.8161160
shop_grocery,54.0829918,26.9953159
bank,52.3690708,30.3877564
shop_grocery,52.3641531,30.3953748
post_office,52.0331071,29.2996702
post_office,53.1006167,25.2996162
shop_grocery,53.1003430,25.2993254
post_office,55.2009826,30.2663700
restaurant,53.4126502,27.3871727
shop_grocery,52.0870954,27.6389811
cafe,54.8822251,30.3653578
shop_grocery,52.0800257,27.6272803
pool,52.4992149,30.2667609
post_office,52.0774930,27.7047431
shop_grocery,52.0786305,27.7004469
cafe,54.5406625,25.7128600
school,54.1134043,25.5749014
school,54.0035887,25.6069419
shop_grocery,54.1152639,25.5778824
bank,54.1148337,25.5768860
shop_grocery,54.8776644,27.7397944
sports_centre,53.9976906,27.0083432
cafe,53.6998515,23.8116859
post_office,52.3272005,23.7847756
shop_grocery,52.2213701,23.7392338
shop_grocery,52.2115495,23.7402287
shop_grocery,53.1165868,23.9800431
fap,53.9305080,27.5324577
shop_grocery,52.0551935,29.2330664
shop_grocery,53.0336936,24.1018177
school,53.6591953,23.8515836
shop_grocery,51.8081112,30.1838689
shop_grocery,52.0643023,27.7503711
shop_grocery,52.2760526,29.3779979
shop_grocery,52.2742114,29.3808447
shop_grocery,52.9327786,29.6931095
shop_grocery,55.0464413,26.3249229
school,53.5175220,26.9309989
post_office,52.8897328,29.9623981
shop_grocery,52.8900267,29.9664103
school,53.8773803,27.5033146
shop_grocery,52.0719969,27.7269124
bank,53.3420488,23.9476079
shop_grocery,54.2498208,25.3555705
shop_grocery,54.2528223,25.3567643
school,55.4956668,28.7709430
sports_centre,53.8995659,25.2598503
shop_grocery,52.8764692,30.0513019
fap,55.1653467,30.2304309
shop_grocery,52.0764131,27.7099678
school,53.8625812,27.5640088
shop_grocery,53.5953274,31.9579658
shop_grocery,55.3770680,27.4470494
shop_grocery,53.2726494,24.6824736
school,53.9314414,27.5841046
shop_grocery,52.0669250,27.7210578
post_office,52.3492652,29.0112246
shop_grocery,52.6184689,29.7339660
shop_grocery,53.5290904,26.9256979
post_office,53.5810855,26.8318063
shop_grocery,52.1285151,28.4960528
shop_grocery,52.1294635,28.4950248
shop_grocery,52.1299410,28.4846616
school,53.8836426,28.5978154
shop_grocery,53.1532995,26.0059371
shop_grocery,52.1170584,23.7124673
shop_grocery,52.1286700,28.4954325
shop_grocery,55.1534834,27.7553619
post_office,55.1534860,27.7548857
shop_grocery,52.7837521,27.4989562
shop_grocery,53.6323930,24.0986076
shop_grocery,52.1026955,28.4282110
cafe,55.1483529,27.7326851
post_office,53.0777214,24.8892197
shop_grocery,53.5241464,23.8586999
shop_grocery,52.2767179,29.3805572
cafe,52.9287984,30.0207815
shop_grocery,53.4341693,24.5779087
shop_grocery,53.6165518,31.9753300
shop_grocery,53.6166702,31.9750206
cafe,52.9353839,29.9601943
shop_grocery,52.9352155,29.9604688
shop_grocery,53.2864474,23.9386458
shop_grocery,54.1800706,28.4721353
shop_grocery,54.1793095,28.4729450
shop_grocery,52.1292437,29.3089732
shop_grocery,52.8809436,30.0372834
school,52.9822380,29.9308168
shop_grocery,54.1846192,28.4729890
shop_grocery,53.6974568,23.9393526
shop_grocery,52.9749769,29.9347694
shop_grocery,52.1242740,23.7011934
shop_grocery,54.1800157,28.4716930
cafe,54.1793223,28.4742208
cafe,53.9068081,27.9175476
shop_grocery,53.9336396,30.2546690
shop_grocery,53.5853611,25.8058719
shop_grocery,53.5899188,25.8100441
shop_grocery,53.8850867,24.1360592
shop_grocery,53.6214005,31.0761103
shop_grocery,52.1242124,28.4931601
shop_grocery,51.5713537,27.7762123
shop_grocery,53.2304611,27.3578810
shop_grocery,53.4091278,32.5796944
bank,53.4087837,32.5794553
restaurant,53.4099908,32.5803736
shop_grocery,53.4101305,32.5807760
post_office,53.4100446,32.5854542
bank,53.4094837,32.5841136
sports_centre,53.4096130,32.5901570
shop_grocery,53.7347666,23.9833051
shop_grocery,54.2162102,28.4729305
shop_grocery,55.1741800,30.2405678
shop_grocery,53.4427883,25.7110547
shop_grocery,53.4613773,25.6594972
shop_grocery,55.1632484,28.6166575
shop_grocery,52.1323391,28.5224578
sports_centre,52.1182719,28.5056069
shop_grocery,53.9198468,30.3121011
shop_grocery,52.1525943,29.2918002
cafe,52.1268028,29.3304065
shop_grocery,54.1264635,25.7650753
shop_grocery,54.1268530,25.7652990
post_office,54.1270828,25.7631119
shop_grocery,53.1076645,30.0651378
shop_grocery,53.1267959,24.0589183
shop_grocery,53.2410608,29.0085858
shop_grocery,53.2430240,29.0082829
fap,53.5668480,26.3426925
shop_grocery,53.5922105,25.8393685
shop_grocery,54.3179318,26.8411660
shop_grocery,53.5913026,24.2495629
shop_grocery,55.1806693,30.1913071
shop_grocery,53.5936302,24.2522991
shop_grocery,53.5944035,24.2558273
shop_grocery,53.5912188,24.2532314
shop_grocery,53.5921332,24.2540824
shop_grocery,53.6435845,25.6695810
sports_centre,53.5969471,24.2515213
shop_grocery,53.6368285,25.7680961
shop_grocery,53.5760909,24.2061179
shop_grocery,54.3178041,26.8885287
post_office,53.5760947,24.2047755
shop_grocery,53.5725953,24.2252628
shop_grocery,52.1452545,29.3195235
shop_grocery,51.6909891,28.8840066
fap,52.4704874,30.9208480
shop_grocery,53.5984153,25.8297929
post_office,53.7206993,24.1790698
shop_grocery,53.7217910,24.1790313
shop_grocery,53.7220142,24.1783476
shop_grocery,53.7215000,24.1787358
shop_grocery,53.5960975,25.8276555
shop_grocery,53.5962471,25.8268950
shop_grocery,53.5968586,25.8267845
shop_grocery,53.5959705,25.8272899
restaurant,52.9629997,30.0698994
shop_grocery,53.9373448,27.5845069
shop_grocery,53.9113101,30.3489338
shop_grocery,53.5861022,25.8285141
sports_centre,53.8876152,27.5424624
school,55.1920331,30.1932289
shop_grocery,56.0165104,28.1056679
shop_grocery,54.2572717,26.0119058
shop_grocery,53.9885336,27.6755677
shop_grocery,53.1071345,25.9733148
sports_centre,53.9247269,27.6363976
shop_grocery,55.0203791,28.8860432
fap,55.0206642,28.8825259
shop_grocery,53.5474653,25.8301155
restaurant,55.1943238,30.2071511
school,53.9648324,27.0606034
shop_grocery,55.5324930,28.6370931
shop_grocery,55.5327974,28.6335139
shop_grocery,53.4004035,24.5365392
shop_grocery,53.0386034,24.0920552
shop_grocery,52.7956211,27.9960866
fap,53.6920473,23.8348179
shop_grocery,52.8131112,28.0162690
shop_grocery,54.6809485,31.0374360
shop_grocery,53.5244335,30.2241557
shop_grocery,53.5246525,30.2237030
shop_grocery,52.0495884,29.2585803
shop_grocery,52.7995650,27.9892648
shop_grocery,54.2611286,28.5147514
post_office,54.2597244,28.5093190
school,52.2574510,30.5010889
fap,52.2576541,30.4994984
school,52.2569869,30.5017261
school,54.2081270,28.4767111
school,54.2048528,28.4724818
shop_grocery,52.2607284,30.4991167
shop_grocery,53.5058131,24.2593775
shop_grocery,53.5047363,24.2556252
shop_grocery,52.7938721,27.9851493
shop_grocery,53.4919335,24.6675267
shop_grocery,54.2478268,29.7931409
shop_grocery,52.7923359,28.0016097
shop_grocery,53.3954978,24.1277741
cafe,55.5216777,28.5806868
sports_centre,53.8799808,30.5065944
bank,53.8638556,30.5588898
shop_grocery,53.8757589,30.5063293
shop_grocery,52.5180911,30.6099179
shop_grocery,53.0375028,24.1004074
shop_grocery,52.1276805,29.3121615
fap,53.5720067,31.0466303
school,53.8815641,27.6643822
shop_grocery,53.9564712,30.2423553
school,55.1493157,27.6903918
shop_grocery,53.1128402,25.9955509
shop_grocery,53.1475988,26.0725003
shop_grocery,53.1376135,26.0670785
cafe,52.8639553,24.8708897
shop_grocery,52.8633282,24.8717576
post_office,53.4929147,24.6676829
school,53.0144902,29.7808897
shop_grocery,53.0143004,29.7778022
shop_grocery,55.1765210,30.2433639
fap,52.1385311,29.3209521
shop_grocery,52.6316304,29.7143229
shop_grocery,52.3778336,31.0149268
shop_grocery,53.4101323,23.7602869
school,52.4667418,28.9245927
cafe,52.2223964,28.7791330
cafe,54.4142119,31.1273745
shop_grocery,55.1328454,29.8075951
shop_grocery,53.6493088,23.9925934
ice_rink,52.4469689,30.9993892
fap,53.9217851,25.3121194
shop_grocery,55.1498501,29.9065046
shop_grocery,53.4543872,24.2604929
shop_grocery,53.4527842,24.2630166
shop_grocery,53.4037272,23.7630199
shop_grocery,53.5161976,28.1246581
shop_grocery,52.3971204,31.0753024
shop_grocery,52.3970771,31.0746427
post_office,52.9362954,24.3681221
shop_grocery,52.6678429,30.9853162
fap,54.1451919,25.3173200
shop_grocery,55.1729404,30.2324478
shop_grocery,53.0543506,26.3454997
ice_rink,53.0918939,30.0615351
cafe,53.0251503,27.5557217
ice_rink,53.0884302,30.0550503
shop_grocery,52.4019913,30.9181669
shop_grocery,52.4024443,30.9201755
shop_grocery,52.4242003,31.0769582
shop_grocery,53.0880983,30.0531149
sports_centre,53.0817709,30.0582224
school,53.6998065,23.9473105
post_office,53.6970558,23.9411740
shop_grocery,53.6970726,23.9415807
shop_grocery,53.1613189,29.1690225
shop_grocery,52.9812931,24.6198547
cafe,53.1918305,29.2246390
shop_grocery,53.1949375,29.2216426
shop_grocery,55.3659742,27.4678170
shop_grocery,53.1596861,29.2324541
school,53.1587890,29.2317144
school,53.1691541,29.1876660
fap,53.4327984,28.9776663
shop_grocery,55.5254619,28.6661320
shop_grocery,52.6197221,29.7241394
shop_grocery,52.4694477,28.9304043
school,52.4260963,31.1196373
shop_grocery,52.4266891,31.1197918
school,54.5717836,30.6920482
fap,53.1213966,24.3427364
shop_grocery,53.2939817,24.2684651
bank,52.7905530,27.5139174
shop_grocery,55.1605898,30.2279635
fap,52.7917138,31.3512981
post_office,54.1108421,25.4517464
cafe,54.1475317,25.3153246
school,53.8824642,30.3351315
school,53.8862894,30.4112143
school,52.3577406,30.4257934
school,52.3555066,30.4067504
shop_grocery,52.3556894,30.4059540
school,52.3667399,30.4072116
school,52.3668098,30.4095629
school,52.3630849,30.3939033
school,52.3723828,30.3477955
cafe,52.3722026,30.3499036
fap,52.3702858,30.3770693
fap,52.3823318,30.3511288
school,52.3500499,30.4293910
shop_grocery,53.1369858,29.2296807
shop_grocery,52.4618201,30.9119822
shop_grocery,52.4184040,30.9681942
cafe,55.5802353,27.0988068
shop_grocery,52.3139747,28.8171213
shop_grocery,52.3132780,28.8177589
shop_grocery,52.3134924,28.8171927
shop_grocery,52.3133555,28.8167707
shop_grocery,52.3086012,28.7983885
cafe,52.3451362,30.9670031
school,55.4912393,28.8001084
school,55.4915340,28.8175356
school,54.4961476,26.9176982
post_office,53.8378657,30.2466979
school,53.6830815,27.1252468
shop_grocery,55.4829617,28.7299763
cafe,54.4975116,26.9143980
shop_grocery,54.4832452,26.8958707
shop_grocery,54.4976032,26.9143091
shop_grocery,54.4949246,26.8675585
bank,54.2984424,26.8402327
school,54.2920542,26.8478581
school,53.4036934,26.8349422
sports_centre,53.8518358,27.6187771
post_office,55.7449865,27.9210888
shop_grocery,52.3410521,30.4373076
shop_grocery,52.3507458,30.9748767
shop_grocery,52.3992407,30.9234723
school,54.2985124,26.8532395
sports_centre,53.0893334,25.3968447
school,53.6242649,23.8042448
fap,53.5578875,24.3902221
shop_grocery,53.5583013,24.3908843
shop_grocery,53.1273426,25.1373279
shop_grocery,53.6374420,24.2571914
cafe,53.9832044,26.3013052
bank,53.0806427,25.3887272
shop_grocery,53.6362248,24.2592380
shop_grocery,54.2088000,27.8972390
cafe,54.0525918,26.7755428
shop_grocery,53.5849722,24.1887938
shop_grocery,52.4310893,31.0829414
sports_centre,55.5313953,28.6472734
school,53.9557221,27.7791340
ice_rink,54.1165702,31.0867464
shop_grocery,54.4736320,26.0898664
post_office,54.5318111,26.0824796
shop_grocery,54.5308048,26.0834835
shop_grocery,54.5319483,26.0826247
shop_grocery,53.3458914,24.4059294
cafe,51.8094741,30.2810333
shop_grocery,53.9513353,27.7920423
shop_grocery,53.9158913,27.4586168
pool,53.9185006,27.6083775
pool,53.9178866,27.6063824
fap,53.9557713,27.7777757
shop_grocery,53.9641563,27.7591931
shop_grocery,53.3953199,30.7990996
shop_grocery,53.2407674,24.4711212
shop_grocery,55.4836340,28.8610324
shop_grocery,55.2005004,30.2549996
shop_grocery,53.8293218,30.2425087
shop_grocery,52.6323945,28.7491770
school,53.8872229,27.6133430
school,53.8720600,27.6223070
school,52.8084191,29.9504282
shop_grocery,53.4266122,24.6291394
school,52.5560342,31.1812066
fap,51.9487653,30.7979078
shop_grocery,52.3469308,27.8823142
shop_grocery,52.4691065,27.5968737
school,54.2948812,26.8738794
school,55.3703670,29.6230784
school,52.8735193,31.3278396
school,52.3434372,29.4019061
school,52.3434306,29.4000822
fap,52.6329012,28.7511271
school,52.6339539,28.7483246
shop_grocery,53.4211076,24.5407889
cafe,53.8253265,25.3578133
shop_grocery,55.4098342,29.8355732
school,51.7783717,30.2765886
fap,52.3634825,27.9065797
shop_grocery,52.3653729,27.9084879
sports_centre,52.3649688,27.9079224
shop_grocery,52.3649979,27.9093833
shop_grocery,52.3625213,27.9072038
shop_grocery,55.1755359,27.7206395
shop_grocery,53.1599030,24.4790116
school,53.8832008,27.4262375
school,53.8907591,27.4228564
school,53.8897384,27.4358790
school,53.8971911,27.4267249
school,53.8894887,27.4164550
school,53.8843896,27.4190878
school,53.8845582,27.4329197
school,53.8843680,27.4408891
school,55.2339212,30.0873088
cafe,52.4254729,30.9928465
fap,53.8499882,27.4827156
shop_grocery,55.7554344,27.9554162
school,53.8798036,27.4440871
shop_grocery,53.1654078,29.1873233
cafe,53.1657846,29.1885814
shop_grocery,52.5951312,30.8633116
shop_grocery,55.3658432,27.4910597
shop_grocery,53.2150476,29.0831984
shop_grocery,52.1416596,29.3290642
shop_grocery,52.1429462,29.3247303
sports_centre,55.5326463,28.7865854
shop_grocery,52.5953551,30.7407486
shop_grocery,52.0871780,29.2265903
bank,52.0868001,29.2274270
shop_grocery,52.9628359,29.7869831
shop_grocery,53.7415718,30.2574863
cafe,53.6024499,25.3820116
shop_grocery,54.0150004,27.9353784
shop_grocery,54.3444874,26.8759965
cafe,54.3447908,26.8759186
shop_grocery,54.2492759,28.5614914
cafe,55.1399942,27.7150651
school,51.8653286,26.5110804
shop_grocery,54.9038705,29.2783694
shop_grocery,53.0980001,30.0429123
shop_grocery,53.2156556,29.2170607
shop_grocery,52.3996383,30.9138193
shop_grocery,52.0253827,29.2067801
post_office,53.0992152,30.0444061
school,53.0949255,30.0368726
school,52.8519928,27.1711461
shop_grocery,53.0976009,30.0418667
shop_grocery,54.4885233,26.8714918
shop_grocery,54.0971502,27.1951590
shop_grocery,52.1821573,28.9676946
shop_grocery,52.1817169,28.9634924
shop_grocery,52.1802813,28.9628081
shop_grocery,52.8794903,24.5521169
shop_grocery,53.4887285,27.0659536
sports_centre,54.4789912,26.8937723
shop_grocery,53.5510716,24.5093164
sports_centre,53.8887919,25.2962794
school,52.0442648,29.2490469
school,52.0684741,29.2039538
school,52.0574432,29.2284704
school,52.0288820,29.2463406
school,52.0326313,29.2394527
school,52.0502058,29.2478869
shop_grocery,52.3635847,31.0290552
school,51.9836707,29.1232366
school,52.0505637,28.6987233
shop_grocery,52.1354594,29.3380748
shop_grocery,52.0504194,29.2451769
school,51.8842297,29.1963429
post_office,51.8847882,29.1986271
school,52.0440908,29.0037603
shop_grocery,52.1399852,25.5426515
shop_grocery,52.4637204,29.2638664
shop_grocery,54.2214871,28.4895317
restaurant,52.1450834,25.5445147
sports_centre,52.1509163,25.5446450
shop_grocery,52.1506320,25.5388917
shop_grocery,52.1474465,25.5392740
bank,52.1435274,25.5229753
shop_grocery,52.1511223,25.5498575
shop_grocery,53.4127583,24.5316745
shop_grocery,52.1258254,29.3208474
shop_grocery,53.1533395,24.4369706
shop_grocery,54.2969212,26.8530337
shop_grocery,54.8079128,26.2304764
shop_grocery,51.7851519,28.3192784
shop_grocery,54.2857399,26.9554124
sports_centre,52.4064266,30.9462729
shop_grocery,52.1297349,26.0696736
shop_grocery,52.5560011,24.4754165
ice_rink,52.2186733,27.4903752
sports_centre,53.1489491,26.0659548
shop_grocery,52.1328440,26.1242607
school,52.1329578,26.1192541
shop_grocery,53.2000054,29.2305442
shop_grocery,54.0356291,25.4084753
bank,55.1998981,30.2060737
fap,52.4920012,30.6280905
post_office,52.4923700,30.6283642
pool,54.2637515,27.1097331
shop_grocery,52.4922605,30.6325784
shop_grocery,53.6747277,27.2677838
school,53.1681710,24.4094921
shop_grocery,53.9192853,27.8560941
fap,52.0883425,23.6754773
shop_grocery,54.1436194,27.7892175
school,54.4888971,26.8953174
shop_grocery,52.1877585,24.3560987
post_office,54.1135933,27.7543583
shop_grocery,54.1137495,27.7545804
shop_grocery,53.0870943,30.0123410
school,54.4835874,26.9002726
school,54.5077080,26.9336394
bank,53.6708394,23.8080031
shop_grocery,53.7089781,23.8597570
shop_grocery,52.4676649,31.0379699
shop_grocery,52.4668257,31.0372646
shop_grocery,54.4422478,29.5288149
fap,52.0361152,29.2141786
restaurant,52.0311170,29.2475466
shop_grocery,54.4095452,29.6947373
shop_grocery,51.7969325,28.3317281
shop_grocery,52.5155898,30.9624791
shop_grocery,52.1069634,28.2924300
shop_grocery,52.1062890,28.2931273
school,51.9801486,29.2378204
school,52.4939739,30.6296975
school,53.9047274,30.3707165
school,53.7635864,28.1577761
school,52.0706481,27.5023568
shop_grocery,53.2989629,25.1573139
shop_grocery,52.0350756,29.2503692
shop_grocery,52.4248616,30.9614641
bank,52.0365035,29.2131250
post_office,52.0270768,29.2439607
bank,52.0270650,29.2442494
bank,52.0571542,29.2244952
shop_grocery,52.0566074,29.2252455
shop_grocery,52.0346314,29.2034164
shop_grocery,52.0456472,29.2283319
shop_grocery,52.5682570,31.1685152
shop_grocery,51.9055946,29.9897157
school,52.0226702,29.0404716
school,53.6692246,23.7942131
school,53.6684358,23.8061235
school,51.8515765,27.8756615
school,51.8298639,27.7977272
restaurant,52.0287690,29.2415339
fap,53.6796946,23.8650966
fap,53.6921071,23.7984031
school,53.6613162,23.7877553
school,52.0858110,23.6477052
post_office,52.8958731,30.6650767
post_office,52.0456436,29.2585751
fap,52.0458257,29.2598289
post_office,52.0503960,29.2639757
shop_grocery,53.6942280,27.1718451
shop_grocery,52.4131942,31.0344617
sports_centre,53.9167644,27.5585210
shop_grocery,53.6908412,23.8015432
school,52.0917972,23.6520932
shop_grocery,51.7860977,28.3299002
restaurant,51.7857346,28.3306014
shop_grocery,51.8803097,28.0818071
shop_grocery,52.5641811,24.4734243
school,52.4896499,28.7331935
school,52.5325864,29.1166153
school,52.2796481,28.4717747
school,52.1176230,29.3346133
shop_grocery,52.4642921,28.4616948
shop_grocery,52.4654780,28.4607135
school,51.6763916,27.8211524
post_office,55.7191981,27.5641062
shop_grocery,52.3970131,30.3427512
school,52.0901071,23.6760888
cafe,52.0909362,23.6753176
cafe,53.0741157,30.0442899
post_office,53.7393983,27.5043097
bank,53.7395889,27.5015712
shop_grocery,54.1144953,31.0921229
restaurant,52.1235210,29.3338899
ice_rink,53.8567031,27.6010836
fap,53.6455330,23.8568945
school,52.2369329,30.1055296
post_office,52.2328648,30.1091645
shop_grocery,52.2323003,30.1088488
school,52.2988010,29.9988260
school,52.2843214,29.9998077
shop_grocery,52.4417007,30.9235651
cafe,52.0931495,23.6759905
school,52.0744837,29.5235735
shop_grocery,52.4201200,28.9592936
cafe,52.1289484,29.5116172
shop_grocery,52.1289484,29.5116172
shop_grocery,52.1288154,29.5120865
school,52.1323708,29.5051735
school,52.2818612,29.4789556
shop_grocery,53.7314288,24.1440608
fap,53.7889180,27.4260541
cafe,53.7891126,27.4261907
cafe,52.0920589,23.6741297
school,52.3689177,29.5827564
fap,54.5177707,28.9587227
school,54.5198672,28.9565706
fap,52.0917382,23.6863665
school,52.3554375,30.2352735
post_office,52.3525558,30.2375587
school,52.4837813,30.2785134
shop_grocery,53.9952090,25.3913305
shop_grocery,52.1235861,26.0765340
school,52.3428610,30.6435808
shop_grocery,52.3454534,30.6540602
school,52.4453709,29.9044445
school,53.6765676,23.8575049
shop_grocery,54.6599783,26.7655579
shop_grocery,54.6605806,26.7630489
shop_grocery,51.7777609,28.3138234
shop_grocery,53.7846352,27.4286979
school,52.4345103,30.0795996
shop_grocery,52.1149939,30.2934669
school,52.1183556,30.2947595
school,52.2838595,29.5882178
shop_grocery,52.2836454,29.4843231
school,52.2530404,29.6205648
shop_grocery,51.7762592,28.3240445
shop_grocery,52.0733956,23.7226390
shop_grocery,52.0729412,23.7596243
shop_grocery,55.5033520,28.7693790
cafe,53.6189540,24.7007877
school,52.0930580,23.6862276
shop_grocery,52.0717084,23.7623364
shop_grocery,52.0645846,23.7298048
pool,53.8373157,27.3923135
shop_grocery,52.7077054,25.3548187
school,53.1171039,29.9620567
shop_grocery,51.7828676,28.3283405
shop_grocery,51.7827627,28.3303345
shop_grocery,53.8070096,30.9985654
shop_grocery,52.5931990,30.7287680
shop_grocery,52.5991794,30.7231077
post_office,52.5964384,30.7272899
school,53.1987954,29.5607709
school,52.1876545,28.9232763
shop_grocery,54.4945275,30.4369640
school,52.2261399,28.5447093
shop_grocery,54.8868047,28.6850668
shop_grocery,51.8503885,28.3635176
shop_grocery,52.1146007,29.3442243
school,51.9924194,28.5517904
school,52.1023210,28.8159594
school,51.7880301,24.0754190
bank,51.7907336,24.0748882
shop_grocery,52.0996666,23.7871332
shop_grocery,53.9015291,27.5596909
shop_grocery,55.1223970,30.6233604
cafe,55.1214191,30.6228316
school,52.0851187,23.6906120
bank,53.9249680,27.5120389
shop_grocery,51.9155540,28.4604109
shop_grocery,52.8916445,28.6984429
school,52.0297197,30.7307595
shop_grocery,52.1143219,29.3526608
shop_grocery,55.4860817,28.8044753
school,52.4181181,31.0016083
school,52.4153775,30.9463443
cafe,53.0128808,29.7319775
school,52.1792573,29.3436832
school,52.1805852,29.3434493
school,51.9053870,29.9849019
post_office,53.8860404,24.1395831
fap,54.3551659,26.8629507
school,52.4051238,30.9874991
school,52.5454036,30.9891885
school,52.0222096,30.4556915
shop_grocery,54.4898878,26.4231427
shop_grocery,52.0628477,29.2177364
shop_grocery,52.0626222,29.2258180
school,52.1531881,29.2950778
school,53.2473952,24.9260362
shop_grocery,53.0729771,24.8929676
shop_grocery,53.3235858,24.6829593
shop_grocery,53.2129096,24.8357162
shop_grocery,53.2461210,24.9195574
shop_grocery,53.2472856,24.9187515
shop_grocery,53.2457819,24.9196952
fap,52.0279974,29.2273216
school,52.0897278,27.4205924
shop_grocery,54.2945950,31.0731637
fap,52.0259097,29.2338944
shop_grocery,51.7318129,28.4930420
school,53.0749718,30.2713069
school,51.7426734,28.9325712
school,51.7413846,28.9324425
shop_grocery,53.4824038,29.3370545
cafe,52.2025631,24.7876782
shop_grocery,54.3120953,26.7961544
shop_grocery,52.1907603,24.3916421
shop_grocery,52.8951235,30.0202066
cafe,52.4510815,30.9990945
school,52.1951842,28.8066304
school,53.2814720,30.5295232
shop_grocery,54.0365016,27.6106852
shop_grocery,52.0607456,28.6161258
school,51.7760494,28.7846010
cafe,52.3848098,30.3504115
bank,53.1566071,30.4618895
cafe,53.1573420,30.4615430
shop_grocery,53.2430424,24.8152121
school,55.1331825,27.6886254
school,55.1369948,27.6715978
shop_grocery,52.5489675,25.6589722
school,52.4569776,30.9996449
school,52.4554206,30.9941740
school,53.1580540,30.4691939
shop_grocery,51.7876449,24.0729860
fap,53.1561249,30.4645279
school,52.4267619,30.9881721
school,52.4077391,30.9713165
shop_grocery,52.4006296,30.9227872
school,53.1202593,30.3741692
shop_grocery,53.9283222,30.3191421
shop_grocery,52.4554773,31.0017413
shop_grocery,54.2231951,28.4881467
shop_grocery,52.3495683,31.0510020
school,53.9103692,27.4831346
shop_grocery,53.0155345,25.3435684
school,53.8683337,27.6844026
sports_centre,52.6807855,29.6481175
shop_grocery,53.9387317,27.4656094
fap,53.5751194,31.3890039
shop_grocery,52.5897711,30.5115432
shop_grocery,53.6203163,23.8123477
shop_grocery,53.0717510,25.3310300
shop_grocery,53.1699514,29.2005562
post_office,54.3803090,29.2890743
bank,53.1431655,29.2315467
school,53.1468736,29.2258085
fap,53.8393795,27.6561125
shop_grocery,52.2922408,31.0882940
school,52.5979261,28.9621798
school,52.1589444,28.8425694
shop_grocery,54.1197176,31.0986389
shop_grocery,53.4333358,31.0019327
fap,51.8140147,29.4904360
shop_grocery,55.1308861,27.6869126
shop_grocery,53.1692986,29.1983665
bank,55.6839486,27.1784764
cafe,54.2249787,28.4904564
shop_grocery,53.1881908,29.2240153
shop_grocery,53.9303497,30.3592440
school,53.9331116,27.4976683
school,53.9313770,27.5010936
post_office,52.3482835,30.4331521
school,52.2020957,27.8697529
school,52.2480024,29.2262982
shop_grocery,52.3486366,30.4319984
shop_grocery,53.0570282,25.3511580
school,53.9194458,27.5724781
school,53.9225463,27.6309363
shop_grocery,53.0048764,25.3513666
school,52.6478581,28.8874780
shop_grocery,55.4666449,28.7718221
school,52.4467197,30.9609157
cafe,51.8173323,23.7144635
fap,51.9794981,25.5610215
shop_grocery,54.5094194,27.2230998
shop_grocery,52.2466344,29.2249891
shop_grocery,55.5411371,28.6300541
school,53.3848587,32.5714956
shop_grocery,54.1197919,31.0896398
school,51.7841971,28.3222471
shop_grocery,51.7877332,28.3203179
shop_grocery,53.6255163,23.8559957
school,54.5192671,30.4374615
school,54.5259238,30.4364023
school,54.5187294,30.4295892
school,54.5161744,30.4293333
school,54.5196732,30.4295125
school,52.2846755,29.8727731
shop_grocery,52.5168015,29.6008974
school,52.3482803,29.0102401
school,53.9109410,27.4732311
school,53.9220736,27.4787419
post_office,53.8674909,28.3412908
school,52.4657031,28.4579694
cafe,52.1387858,29.3143072
school,52.1443610,29.3144459
shop_grocery,53.9949603,29.7118802
fap,52.0797440,29.2395222
shop_grocery,55.4947707,28.7685372
shop_grocery,54.5222326,30.4697348
school,53.1439433,32.1384371
school,53.2496211,31.9689193
fap,55.4735354,28.8508577
school,54.5114441,30.3970111
school,53.9223062,27.4742367
shop_grocery,54.6452214,27.4780411
post_office,54.6456450,27.4773449
fap,53.0756812,24.8908540
ice_rink,53.0395781,27.5279468
shop_grocery,52.8985485,30.0469245
shop_grocery,53.9172770,30.3524114
school,53.3210295,25.2890202
school,53.3215604,25.2888785
school,53.8829236,27.6904013
shop_grocery,54.3178617,26.8583064
shop_grocery,53.9185215,27.4953391
shop_grocery,51.7821994,28.3266912
shop_grocery,54.5990824,30.0612961
shop_grocery,53.1119607,25.3646571
shop_grocery,53.0732417,25.3973875
shop_grocery,53.0790135,25.3968350
bank,53.0938617,25.3197446
school,54.6897451,30.0859149
school,52.7374625,29.4927679
shop_grocery,52.7447513,29.4986039
shop_grocery,52.8076765,29.4189532
shop_grocery,52.8064145,29.4226890
school,53.8599516,27.4419491
school,53.2681974,31.6472580
school,53.3668602,32.4394025
school,53.3421218,32.3442071
shop_grocery,53.8479883,27.4700483
school,52.7893546,27.5402642
shop_grocery,52.6474384,30.2001842
school,54.4941344,30.4277514
shop_grocery,52.7381918,27.5206310
shop_grocery,54.8883676,26.9157076
post_office,53.0920593,25.3917518
shop_grocery,52.3077900,28.8014102
school,54.8623179,29.1573081
school,54.8531002,29.1654708
fap,54.8555100,29.1600323
school,52.4186283,30.9857705
school,52.4022337,30.9124584
shop_grocery,55.0913300,30.8706641
cafe,55.0610139,27.1446008
school,55.5074414,28.6922699
restaurant,53.1335058,30.7980064
school,53.1394130,30.7959380
fap,53.8583580,27.5940505
school,52.9822128,29.9314300
school,53.8968440,27.5226211
pool,55.0369414,30.2996004
school,54.8605765,29.1637442
pool,53.9522669,27.4528825
shop_grocery,52.8831290,30.0095543
cafe,53.8526981,27.5770426
cafe,55.1817424,30.2056633
school,52.4028877,30.9259779
school,52.4028072,30.9298514
school,52.4670027,30.9614989
school,52.4661287,30.9639937
school,53.8793954,27.5527326
shop_grocery,52.6258163,29.7140403
school,53.2626936,30.4191635
shop_grocery,53.2594376,30.4234978
shop_grocery,52.7927798,29.4193206
shop_grocery,52.7916897,29.4081799
shop_grocery,52.7932057,29.4196214
shop_grocery,53.7647393,28.1672446
cafe,53.7648059,28.1676642
school,53.9428617,27.5773807
fap,53.9632300,27.5245712
school,53.9063121,27.5483606
school,53.3484722,32.0609757
school,53.9394258,27.6943403
cafe,53.8564638,29.1429683
fap,53.9098512,27.5816746
shop_grocery,53.9620015,26.8988552
school,52.8722443,29.3233928
school,52.7340468,29.5307441
school,53.8805818,27.5361396
school,55.1736560,30.1532060
shop_grocery,54.8855643,30.0282913
school,53.1460708,29.2309322
shop_grocery,53.9442959,27.7871705
school,55.1671957,30.1801741
school,53.6919444,31.7139935
shop_grocery,53.8587971,30.2615306
school,55.4866389,28.7746686
school,55.4844852,28.7828877
school,55.4893955,28.7746858
school,55.4863451,28.7856247
school,55.1344948,30.1495380
school,54.4774080,26.4200881
school,54.4740278,26.4231675
school,54.4774435,26.3793025
shop_grocery,54.4853489,26.4167053
school,53.2337975,30.4313000
school,54.6528717,29.1358657
school,54.6580414,29.1467655
shop_grocery,52.1192897,26.0941667
shop_grocery,53.9189078,27.7525930
restaurant,53.8070534,27.5279946
school,53.9521493,27.6226490
school,53.9473361,27.6400692
shop_grocery,54.6510013,29.1755821
shop_grocery,54.0122070,27.2603064
shop_grocery,55.3650180,27.4572338
school,53.8470207,27.5020267
school,52.4248416,30.9584583
fap,52.3506054,31.0403363
school,52.3579511,31.0382550
fap,52.3562672,31.0324882
school,53.9009096,27.4395032
school,53.8969437,27.4428570
shop_grocery,55.1139332,26.8735463
school,54.0123395,27.2608946
fap,53.9220420,27.6761162
shop_grocery,54.4850763,29.9706591
school,55.7829410,27.9398198
shop_grocery,55.7631938,27.9408534
school,53.8707194,27.6718210
shop_grocery,52.9640305,23.9737268
cafe,53.0647393,24.0703037
shop_grocery,54.2277329,27.1796031
school,53.8676614,27.6587759
school,53.9152995,27.4910607
shop_grocery,54.1262698,27.3042570
shop_grocery,53.0819783,25.3046291
fap,52.1130338,31.1988828
shop_grocery,53.5782595,26.1331391
school,53.5128494,32.1303316
fap,53.9116710,30.3569400
shop_grocery,54.0778767,27.4473220
fap,52.2595273,23.4968677
post_office,52.2598962,23.4964412
shop_grocery,54.7929934,28.9494593
shop_grocery,51.8625463,23.7487322
shop_grocery,52.2576297,23.4952869
cafe,53.9274126,27.6205557
shop_grocery,56.0258942,28.4130532
school,54.0579149,27.5540669
school,53.1781280,30.0763846
school,54.0665535,27.6987162
shop_grocery,54.0667647,27.6972960
restaurant,56.0211494,28.4537905
shop_grocery,53.8038791,28.8709213
cafe,53.8044365,28.8734667
shop_grocery,52.4337342,24.8943129
fap,54.2052532,27.8497271
school,54.2041434,27.8398326
school,54.2015368,27.8454877
school,53.2152176,30.6085751
fap,53.8770310,27.5228009
post_office,54.5953786,25.8945984
shop_grocery,52.9168695,25.1623202
sports_centre,53.9169654,27.4817992
sports_centre,53.9179814,27.4816945
shop_grocery,51.7631030,23.6526730
shop_grocery,53.7488867,28.0090013
shop_grocery,52.1172837,25.9231354
school,54.8886720,27.7715839
shop_grocery,51.8528139,26.8914187
shop_grocery,51.8548100,26.8888700
shop_grocery,51.8653316,26.8946887
shop_grocery,52.4216718,31.0033923
school,52.4208510,30.9997490
shop_grocery,52.0290921,23.8067677
fap,52.0274409,23.8054600
shop_grocery,53.8578139,28.9910308
shop_grocery,53.8493495,28.9779784
shop_grocery,54.2784521,28.7665431
shop_grocery,55.4442947,29.5841091
sports_centre,52.4396997,31.0118807
school,55.1087387,26.8480351
shop_grocery,52.4693678,30.9681702
shop_grocery,52.4279649,30.9455084
shop_grocery,52.9066744,25.2773898
school,52.9074372,25.2760822
sports_centre,52.4313372,30.9742342
shop_grocery,53.2928786,26.6649032
shop_grocery,55.4821528,28.8235125
shop_grocery,53.2546549,32.2114434
fap,53.8545994,27.6047605
post_office,54.5753684,30.5174423
shop_grocery,55.0840143,29.2716678
cafe,52.1137382,23.7380077
school,53.2354689,29.8371752
shop_grocery,53.7083627,24.1754745
shop_grocery,53.1922740,29.2296989
shop_grocery,51.7728312,28.3184767
shop_grocery,53.8502609,27.4562652
fap,52.4554169,30.9776062
school,53.8910573,27.6534437
school,53.8474532,27.5611988
school,53.9303940,27.6186825
school,53.9287036,27.6030448
school,53.9186558,27.5572699
school,53.9251369,27.6078560
school,53.9398329,27.6381633
school,53.9550725,27.6078532
school,53.9301683,27.5606162
school,53.9301464,27.5523587
school,54.1627367,27.2294607
school,54.2501532,27.0782883
school,54.3019052,27.2242204
school,54.2629641,27.1076792
school,53.6921052,27.1172712
sports_centre,55.1343976,30.1518519
school,53.9030629,27.5093485
school,53.9036748,27.5008741
school,53.9126996,27.4978563
school,53.9159797,27.4977919
school,53.9005929,27.4535256
fap,53.6576234,27.8073555
school,52.5700547,29.3567256
shop_grocery,52.6289953,29.3813208
sports_centre,52.6281256,29.3816829
fap,53.6580920,27.8082211
shop_grocery,52.4543896,30.9621334
shop_grocery,55.2734715,30.1027523
shop_grocery,54.0971233,28.3572534
shop_grocery,52.1411960,28.5775214
school,53.8529508,27.4674350
school,53.8477724,27.4628904
school,53.8467745,27.4637067
school,53.9383370,27.6388171
post_office,52.6068235,25.0805042
post_office,53.7209850,25.7984584
shop_grocery,53.9395504,27.3269769
school,52.4543432,29.4312860
shop_grocery,52.5217414,29.5180146
restaurant,54.0649612,27.7628921
school,53.8623858,27.4365458
school,53.8629310,27.4327975
school,53.8537595,27.4358363
school,53.8575581,27.4374874
school,53.9021392,27.4457167
school,53.8476718,27.4472688
school,53.8489012,27.4468036
school,53.8716095,27.6501067
school,53.8714300,27.6339818
shop_grocery,52.6335094,28.8761774
fap,52.5921082,30.7777993
shop_grocery,52.5845133,30.6660075
school,52.3879069,29.5801701
shop_grocery,54.5728192,27.3927464
shop_grocery,54.5722905,27.3940634
school,53.9284310,27.5050635
school,53.8811079,27.5422982
fap,53.9327373,27.4802038
fap,52.4737608,23.5060258
school,52.4740800,23.5049591
fap,52.4810367,23.5147802
bank,52.4717048,23.5101417
cafe,52.9367920,24.3651738
school,52.4735526,23.5070075
shop_grocery,54.0878244,28.3527141
post_office,54.5734440,27.2790760
shop_grocery,54.5726835,27.2787913
shop_grocery,54.5692197,27.2768281
school,53.8439751,27.6371095
school,55.1786018,28.6150594
sports_centre,54.8902629,26.6750677
shop_grocery,52.1963656,24.3516091
bank,52.4316388,31.0101139
shop_grocery,54.1117930,28.3425927
shop_grocery,54.0831261,28.3530446
shop_grocery,55.5274945,28.6749127
pool,52.9870699,25.1964127
shop_grocery,53.0686340,25.1997816
shop_grocery,52.2960513,30.5772721
post_office,53.0494981,25.1608360
fap,52.8793011,31.1774891
restaurant,53.6093275,27.9416834
shop_grocery,52.9949877,31.1753366
shop_grocery,53.0394844,31.1467258
shop_grocery,53.0747108,31.2824819
bank,55.1723679,30.2025037
shop_grocery,53.0448714,27.5635414
shop_grocery,53.0431983,27.5621485
fap,52.8972936,30.7641650
school,53.0421944,27.5651280
shop_grocery,55.3164709,29.4337953
school,52.4808857,31.0211820
school,52.4782441,31.0234571
school,52.4355723,30.9583168
school,52.2877635,29.3699443
school,53.0144232,29.7800524
shop_grocery,54.0138519,31.7099359
fap,54.0707423,27.6675369
sports_centre,53.9011061,27.5718692
school,53.6788253,27.5334196
fap,53.6799229,27.5249567
shop_grocery,52.3516277,31.2529456
school,52.4342040,30.9983340
restaurant,53.9280545,27.5678139
shop_grocery,51.9610207,29.8139410
cafe,55.6586885,27.0765922
shop_grocery,55.1103857,29.1165914
ice_rink,53.6423815,23.8521190
school,53.7221444,25.5107455
shop_grocery,55.0594747,26.6039517
shop_grocery,53.0307737,27.5722639
fap,52.2369409,31.3279472
shop_grocery,55.1306172,30.4630102
shop_grocery,54.5172328,28.9604566
shop_grocery,54.5183983,28.9605130
shop_grocery,54.5171982,28.9610011
sports_centre,53.3236686,28.6430718
fap,52.4129256,30.9734265
shop_grocery,52.4138355,30.9705218
shop_grocery,53.8109160,27.3977728
shop_grocery,54.8368341,29.0645968
shop_grocery,53.6454075,23.8718831
restaurant,53.0219883,27.5580868
fap,53.9395430,27.6232909
school,53.8767327,27.4862261
school,54.8338510,29.0622095
school,54.9061698,29.2802919
school,54.6987494,28.9883455
school,53.6455235,23.8417117
school,53.6442948,23.8422768
school,53.6424907,23.8512010
school,53.8638879,27.6729523
shop_grocery,53.0394536,27.5609476
school,53.6862083,23.8325890
shop_grocery,53.0372675,27.5600264
shop_grocery,52.3284446,30.2103897
shop_grocery,53.6321822,23.8979540
shop_grocery,53.8735457,30.3037955
shop_grocery,52.5158389,30.0616050
shop_grocery,51.6750411,28.7729532
school,53.6853624,23.8230852
school,53.9202695,27.4441114
school,55.4768834,28.7950553
shop_grocery,55.4776173,28.7879535
post_office,52.2217356,30.5463011
shop_grocery,55.2488206,29.6380808
cafe,53.0510073,27.5498870
school,52.1161102,28.1501079
school,53.9235727,27.4912131
cafe,55.5234058,28.6781918
fap,52.1197377,30.6789974
school,53.7529999,28.0167241
school,53.7558124,28.0130204
shop_grocery,53.8212588,28.0755035
school,52.4529648,31.0319573
post_office,55.8695089,28.1303299
shop_grocery,54.3391880,29.2735667
fap,52.1936896,30.4120011
shop_grocery,53.0741032,30.1908096
shop_grocery,54.4176958,29.6776043
shop_grocery,51.8428900,29.2439847
fap,54.1179647,31.1127703
shop_grocery,53.4000212,29.2273407
school,53.4009890,29.2277448
school,54.1630890,29.7652120
shop_grocery,52.4668665,30.3676440
fap,55.2924966,29.6292156
school,55.2472046,29.6343357
post_office,55.3250106,29.7496633
fap,52.1904690,31.1507801
shop_grocery,52.1924512,31.1434627
shop_grocery,53.0003311,27.5183998
bank,54.5172188,28.9586686
shop_grocery,52.1838893,31.1382074
shop_grocery,53.8215703,24.0355404
school,53.9259349,27.4830508
shop_grocery,52.4777586,31.0200959
fap,53.0166713,27.5545164
school,53.0256268,27.5588447
school,53.2762262,27.5989593
shop_grocery,53.4323746,30.9697650
shop_grocery,53.4164054,24.5497106
shop_grocery,51.9142764,30.7289035
pool,53.5003716,27.7475063
school,53.6330817,27.4568109
shop_grocery,53.6315455,27.4532413
shop_grocery,53.5232181,27.3949847
cafe,54.5179532,28.9611241
shop_grocery,54.5188610,28.9598986
shop_grocery,52.2543301,30.9523026
shop_grocery,52.1384707,29.3166832
shop_grocery,52.1385024,29.3140334
post_office,52.1384479,29.3168773
shop_grocery,52.1381946,29.3173461
shop_grocery,52.1386097,29.3217223
school,53.8507866,27.7136272
school,53.1566996,29.1691247
shop_grocery,53.2210749,27.3868545
post_office,52.9825451,25.1977778
shop_grocery,53.3375274,24.5111986
post_office,53.3400718,24.5110087
shop_grocery,52.1311688,23.6720558
fap,52.2208510,27.8620035
fap,52.2214064,27.8619431
school,52.2176795,27.8568738
school,53.8346322,27.6215237
shop_grocery,51.7247254,28.2087420
school,55.2038856,30.2178006
school,51.8658703,30.0533984
post_office,52.4714711,23.5106618
shop_grocery,52.4714730,23.5106704
school,51.7249793,28.2093531
school,51.7241879,28.2080009
post_office,51.7243429,28.2090343
school,53.1038466,30.6072806
school,53.7122514,31.7203423
school,53.7478229,31.7203325
school,53.7097358,31.7097348
school,53.7339454,31.6955489
post_office,54.5156179,28.9603703
sports_centre,53.7165770,31.7172915
school,52.2642223,30.7108471
shop_grocery,52.1324206,26.0654390
shop_grocery,52.1418442,26.0907915
cafe,55.7748232,27.0132098
cafe,53.4091887,32.5796609
cafe,53.4090766,32.5839541
cafe,53.4090041,32.5843101
cafe,53.4082102,32.5843174
shop_grocery,53.4080757,32.5809597
shop_grocery,53.4078708,32.5811242
cafe,53.4076664,32.5969880
shop_grocery,53.0593354,26.1941605
school,52.1353467,29.3213421
shop_grocery,52.1314433,29.3344816
shop_grocery,52.1278183,29.3319762
shop_grocery,52.1279414,29.3315229
school,52.1849141,29.2264799
school,53.8700679,26.9500177
school,54.3116067,26.2753699
school,52.0176596,29.2865641
school,54.8026953,29.1591348
shop_grocery,52.7042876,25.3607854
cafe,52.7047966,25.3728074
shop_grocery,54.4170015,29.7682685
school,51.6730032,30.4231289
school,51.4990431,29.4259399
school,52.3574937,31.0195797
school,52.4090718,30.9509967
school,53.8926854,27.5099649
shop_grocery,52.0429139,29.2209250
shop_grocery,52.0372200,29.2278380
school,52.4071185,30.7611252
school,51.9083932,29.4787666
shop_grocery,52.2291364,27.4832295
school,52.1251459,28.5029536
school,53.9508198,27.6041337
shop_grocery,52.0479790,29.2322530
fap,52.0478486,29.2384412
shop_grocery,55.4701759,28.7617397
bank,55.4697908,28.7550409
school,52.0332687,29.9285796
fap,53.2606376,30.4186342
shop_grocery,53.6066475,27.3613472
shop_grocery,53.8693072,30.3461352
shop_grocery,54.0266878,27.9614853
shop_grocery,52.7651834,26.4337766
shop_grocery,53.6296178,27.3672184
shop_grocery,54.0934675,25.7508778
shop_grocery,53.4834639,26.3997209
fap,52.4067157,31.0515558
fap,52.4049667,31.0487057
school,52.1201965,28.4846450
school,52.8927461,30.9882230
school,52.8152936,28.8046258
school,51.8774894,28.7986524
shop_grocery,52.2215227,30.5452413
school,52.2170629,30.5453437
school,52.3193375,30.4750714
cafe,51.9012944,29.2745593
restaurant,53.6349765,23.7267278
restaurant,53.6338052,23.7275497
school,53.9373021,27.4545883
cafe,52.6212239,29.8017014
school,52.0375668,29.2688217
shop_grocery,53.9729389,25.6959571
shop_grocery,51.7119261,28.0560546
shop_grocery,51.7068146,28.0556837
school,53.9043596,27.5629405
restaurant,53.7527061,28.0086750
shop_grocery,53.7896615,28.0671362
school,53.9093069,27.5914400
fap,54.3707721,28.2277777
school,54.4900855,27.8689337
post_office,54.6823313,27.1707175
fap,55.2636247,30.3582731
shop_grocery,55.2609943,30.3499115
shop_grocery,55.0386086,29.7207797
school,54.7851782,27.4600481
shop_grocery,54.5148515,26.9324687
shop_grocery,54.8215363,29.8812834
fap,52.4179167,31.0119290
school,54.8827218,27.2769470
school,54.9325405,27.3701323
school,54.8192378,27.7512377
shop_grocery,54.8192563,27.7489310
shop_grocery,52.2264342,27.4787557
fap,54.3273241,30.3104466
shop_grocery,55.2045858,28.1584080
school,55.2086195,28.1532758
school,55.1451246,27.9634743
school,55.4193575,28.1586834
shop_grocery,55.4265326,28.1548186
post_office,55.4263625,28.1541648
school,55.6206807,28.0304431
school,55.5732351,27.6561725
shop_grocery,55.7126960,28.1935980
shop_grocery,55.7042027,28.1844231
shop_grocery,55.7047142,28.1849157
fap,55.7988847,27.9587618
school,55.8653899,28.1290767
shop_grocery,55.8699996,28.1307715
school,56.0155820,28.1112667
fap,56.0151097,28.1100731
shop_grocery,52.0900865,23.6945417
shop_grocery,55.2567770,30.6072155
school,53.8713842,30.3436439
school,55.8879355,28.6049209
shop_grocery,55.8879943,28.6050178
school,54.4925400,26.9141126
school,55.5456325,28.8605258
shop_grocery,55.4910805,28.4672646
school,55.4316981,28.5855621
post_office,55.4288618,28.5873767
shop_grocery,55.4292174,28.5875790
shop_grocery,55.3260131,28.6341508
bank,53.1674584,29.1712727
school,55.3282344,28.6389452
shop_grocery,55.2998063,28.7761894
fap,52.0358626,29.1943633
shop_grocery,53.7418582,27.8551584
shop_grocery,54.9884642,29.6104307
shop_grocery,55.2001157,28.7570413
cafe,55.1994360,28.7552139
school,55.2010052,28.6692470
school,55.2084045,28.5311494
cafe,55.1077996,28.6028318
shop_grocery,55.1024953,28.6048994
school,52.5873076,30.5104496
school,53.9200765,30.3070901
shop_grocery,54.7084708,29.1525723
shop_grocery,55.2003253,30.2540821
fap,54.4966110,29.3423011
school,54.5003369,29.3454420
school,54.2872712,28.9620765
school,54.3185628,29.1283983
school,53.3909852,30.3905552
school,53.9862755,29.9778485
shop_grocery,53.9812108,29.9699239
cafe,53.9817901,29.9682115
school,54.1426545,29.8760184
shop_grocery,54.1746872,29.9203542
school,54.1734492,29.9167133
school,53.5761624,31.0539234
school,53.9394203,27.6918216
school,53.9510162,27.6843784
school,53.1917976,25.4681194
shop_grocery,52.1349370,29.5126379
school,53.5617507,31.2495497
school,52.7652667,31.5199858
restaurant,55.4822120,28.7311817
shop_grocery,52.7939854,31.4059223
school,52.7975157,31.4086344
shop_grocery,55.1643971,30.1201198
shop_grocery,55.1671944,30.1300238
shop_grocery,52.0620506,27.8220782
cafe,52.8539298,27.1932684
shop_grocery,52.0527164,29.1132655
shop_grocery,51.8147779,29.1544362
shop_grocery,51.8142401,29.1536365
shop_grocery,51.8139349,29.1541106
shop_grocery,51.8143356,29.1548783
shop_grocery,53.5944654,25.8270012
school,54.5773809,30.6705653
bank,53.7833572,30.1893429
cafe,53.8411037,27.4923728
school,54.8144847,29.7048375
school,54.5966878,29.8165039
school,54.2468453,29.7982357
school,54.1291151,29.5550672
sports_centre,52.4764308,31.1530365
shop_grocery,52.3136227,28.8163543
fap,54.0015884,29.7158198
school,53.8630149,29.7229797
shop_grocery,53.8618179,29.7244168
shop_grocery,53.8608180,29.7287812
shop_grocery,52.5596584,30.8799904
school,53.4195766,29.8553710
fap,55.1613976,30.2070778
school,53.6359842,30.9807061
shop_grocery,53.6376753,30.9823510
school,53.8046050,30.9522093
school,53.8771457,30.9088304
shop_grocery,53.8771705,30.9078108
shop_grocery,53.5373273,31.2177477
school,53.4108180,32.5825575
fap,53.4114926,32.5743851
school,53.5829682,32.3239664
shop_grocery,54.0329471,27.2277323
restaurant,53.0518699,27.5480571
fap,53.6213882,31.9379488
school,53.6157339,31.9359586
shop_grocery,53.9657624,31.0333190
shop_grocery,54.0317577,31.3862839
school,54.2861060,30.9830924
school,54.1172734,31.0866598
school,54.1377247,31.0166565
school,54.0148463,31.2078635
school,54.0406097,30.9780654
school,54.0503170,30.8326328
school,54.2121307,30.7774844
school,54.2074845,30.5529943
fap,53.9672076,30.7249944
school,53.8781357,30.5075733
shop_grocery,53.6296296,23.8547981
shop_grocery,53.5580393,24.7867973
fap,53.8825019,27.4980573
shop_grocery,53.1140872,29.1060081
bank,53.0398183,27.5597992
restaurant,53.0345685,27.5593526
school,52.6287837,29.3837560
post_office,53.4323741,27.6950664
shop_grocery,53.4303596,27.6946145
school,53.4345854,27.6903823
school,53.9344525,27.6813660
school,53.5858723,27.0492709
school,53.6358253,27.2127032
school,53.7391110,27.1151001
shop_grocery,53.7422202,27.1179539
shop_grocery,53.8908354,26.7391738
shop_grocery,54.0350006,26.6820269
school,54.0364534,26.6800136
school,53.9308885,27.6146332
school,54.2573066,26.0143192
school,54.3185137,26.1297615
shop_grocery,54.3149778,26.1444519
school,53.9047199,27.4844726
shop_grocery,53.7008848,23.8528797
shop_grocery,54.6233153,26.4435212
school,53.9425925,27.6014175
school,54.4581123,26.2045188
shop_grocery,54.5074924,26.1952867
fap,54.5175643,26.1830838
school,54.5205994,26.1833830
fap,54.4244954,25.9580120
school,54.3876997,25.8693474
school,53.9113300,27.5651234
school,53.9589935,27.6171145
restaurant,52.4191685,31.0111056
shop_grocery,53.0300869,24.2741835
school,54.7267754,26.0056705
shop_grocery,54.7575493,25.9596609
shop_grocery,54.7563147,25.9477133
school,54.7775076,26.0354752
school,54.6912428,26.1361368
fap,54.6920556,26.1332256
school,54.8089075,26.2317929
sports_centre,54.6368144,26.4159485
school,54.9443677,27.1802969
school,54.8481937,26.3908852
fap,53.4507784,30.4388630
school,54.8040691,26.7609284
shop_grocery,53.0005287,27.6441024
shop_grocery,53.0270005,27.7216719
shop_grocery,54.8796685,28.7003902
shop_grocery,54.9575904,28.4850734
school,55.0596399,26.6051097
fap,55.0587717,26.6048349
shop_grocery,55.0595093,26.6003553
fap,55.1032582,26.8384214
school,53.8961941,27.4851759
school,54.9185961,26.6936343
shop_grocery,53.7033833,28.4146992
shop_grocery,53.7034787,28.4146953
cafe,52.1125715,23.7813696
school,53.9144488,27.5312846
school,55.5650706,27.5440688
school,55.4111695,27.7260371
school,55.2771133,27.7154677
shop_grocery,53.6583741,31.7144672
school,55.2520470,27.5829727
school,53.8457710,27.5303631
school,55.2116693,27.5540363
shop_grocery,52.7873000,27.4996059
bank,52.4492917,31.0215525
cafe,54.5714775,27.2051135
school,54.5617749,26.7239577
shop_grocery,54.5246258,26.7793346
shop_grocery,53.2216103,27.4444256
shop_grocery,54.1665043,28.0972372
ice_rink,53.9145404,27.4321816
school,54.4161425,27.1691703
post_office,54.3128365,26.7764828
school,54.3142416,26.7048193
shop_grocery,53.2849226,24.8802732
school,54.3288560,26.6076494
shop_grocery,54.3321311,26.5973980
school,54.2242582,26.7101537
shop_grocery,54.2265526,26.7193446
shop_grocery,54.1517316,26.9215715
school,54.1613186,26.9126565
shop_grocery,53.2225105,27.9825091
cafe,53.9488621,27.3298750
shop_grocery,54.9201425,27.5401868
school,54.1638192,26.7633119
school,54.0912762,27.0949464
shop_grocery,54.0916646,27.0935861
shop_grocery,54.0940222,27.0971907
shop_grocery,54.1500536,27.1006236
shop_grocery,54.1531506,27.1096469
school,54.2760493,26.9414020
shop_grocery,54.8840515,28.7144238
school,53.8658340,30.3360964
school,53.8692073,30.3311243
school,54.2980635,30.9785897
school,53.2161857,29.4924077
school,53.1449264,25.2729553
school,53.0701413,25.2156856
school,53.2587752,25.2911090
shop_grocery,53.2620920,25.2866534
post_office,55.1690410,30.2651648
school,53.0138108,25.0293422
school,53.1749441,25.1491146
shop_grocery,55.0973347,29.5892882
shop_grocery,52.1125235,23.8331081
shop_grocery,54.4849005,26.9075988
shop_grocery,54.4861193,26.9025043
shop_grocery,55.5663452,28.2059065
school,53.9426826,27.7168797
shop_grocery,55.2884864,29.6008795
shop_grocery,53.4430465,30.9997279
shop_grocery,54.5000301,30.4092260
school,53.6986878,23.8428832
shop_grocery,51.8931450,26.8591985
shop_grocery,54.0932683,26.4637505
shop_grocery,53.0963856,29.0008566
pool,53.0954850,28.8624865
school,53.3200520,28.6364207
cafe,54.4890319,26.9179071
shop_grocery,53.2098321,27.7632272
school,53.2077053,27.5959163
shop_grocery,53.2089257,27.5977147
shop_grocery,53.2060731,27.5929605
school,53.1685446,27.4865982
school,53.1679690,27.3286778
sports_centre,52.0464591,29.2700059
school,53.0723928,26.9922615
fap,53.0578401,26.9840301
shop_grocery,54.4802656,26.9061103
fap,53.2105549,26.6863224
restaurant,53.9325931,27.5123261
school,53.2406890,26.4757409
school,53.2236353,26.4019694
shop_grocery,53.2030592,26.3044680
shop_grocery,53.1529504,26.1530064
shop_grocery,54.0915160,28.2976605
shop_grocery,54.0902646,28.3005155
shop_grocery,53.5863225,27.0541882
fap,54.0935921,28.3065257
school,53.3065342,26.4513006
school,53.3233907,26.3604237
shop_grocery,52.8477355,23.9898184
school,53.3240190,26.0027275
school,53.4629736,25.8913412
fap,53.4713885,25.8763856
school,53.7506001,26.0633838
school,53.6530179,26.1704836
shop_grocery,52.2502807,29.0849614
school,52.2497562,29.0826881
school,53.5282569,26.2993455
school,53.4593142,26.4641432
post_office,53.6931436,26.8673683
school,53.7334237,26.5815554
school,53.7633181,26.4718370
shop_grocery,53.7615613,26.4723091
school,53.7926399,26.5224932
school,53.8642497,26.6619810
shop_grocery,51.7435153,23.6348713
school,53.9024992,27.6197365
post_office,53.9372920,26.1852665
shop_grocery,53.9425499,26.1915364
school,53.9634752,25.9723099
shop_grocery,53.7808153,27.6440110
school,53.9267093,25.5074502
school,53.7974492,25.3658817
shop_grocery,53.9840850,31.1102981
school,54.1518868,25.3218192
shop_grocery,52.7947943,31.4051724
cafe,52.4062724,30.9776416
cafe,52.4077010,30.9829071
school,53.8877026,27.5245046
fap,53.5845058,24.2635277
fap,53.8372085,23.6613926
school,53.8286101,23.6574884
shop_grocery,53.4850412,24.2834774
shop_grocery,54.0310128,28.0939636
shop_grocery,54.4413724,30.4418799
shop_grocery,54.4885520,30.4417648
school,53.3713636,24.1744300
sports_centre,54.3975166,30.2158724
shop_grocery,54.3972734,30.2143064
fap,53.6476392,25.3069567
fap,53.4633466,25.3971253
school,53.4926572,25.2632562
shop_grocery,54.4924907,26.8674721
school,53.4110557,25.5644333
shop_grocery,54.5098618,26.3347206
school,53.3167607,25.6784991
shop_grocery,53.1370144,25.9112710
shop_grocery,53.0932046,26.2673167
shop_grocery,53.8965938,27.4218227
fap,53.0484574,26.2682177
school,53.0422929,26.2662060
school,53.0447102,26.2501173
fap,55.7441630,27.9191044
school,53.0361507,26.4224578
shop_grocery,53.0662143,26.6320438
shop_grocery,53.0664627,26.6313137
post_office,53.0673791,26.6305275
fap,53.0691727,26.6295740
school,53.0159576,26.6503694
shop_grocery,55.7443428,27.9177873
pool,55.2403701,30.1162207
school,53.0611452,27.6709003
fap,51.7505473,23.6002715
school,53.1391631,28.1657598
shop_grocery,53.1380466,28.1617937
school,53.0551227,28.4781057
school,53.0418354,28.7620723
shop_grocery,53.0479626,28.7675452
school,52.9779033,30.3416548
school,53.8668939,27.6615432
school,53.9442893,27.7035176
school,53.1353564,26.0191599
school,53.9273056,27.5947485
school,53.9291372,27.5458665
school,53.9250899,27.5545131
school,53.1326211,26.0763789
school,52.0677303,27.7293723
sports_centre,53.8854605,27.6784057
school,53.1422018,26.0715000
school,53.1296291,26.0208410
school,53.1308785,26.0251348
school,53.1346325,26.0684139
shop_grocery,52.0551504,27.2170929
fap,52.0581879,27.2492193
shop_grocery,53.8816737,30.3750066
school,53.8854205,27.5926502
school,53.9119944,27.5892750
school,53.9064909,27.5824165
school,53.1471039,26.0508470
school,53.1496386,26.0623015
fap,55.4987515,30.7636891
school,53.6980192,27.1968391
school,53.8406445,27.6456699
school,53.8461501,27.6380069
school,52.0726531,26.1971814
shop_grocery,53.5565473,26.8910719
shop_grocery,53.5597845,26.8954062
shop_grocery,53.5393186,28.8387570
shop_grocery,53.5397738,28.8302564
shop_grocery,53.7060763,26.5537802
fap,52.9043240,30.0006950
cafe,53.7013586,23.8456312
school,52.1140249,25.9193230
fap,52.1135976,25.9204352
shop_grocery,52.0934175,25.7754727
shop_grocery,52.2815215,25.8129858
shop_grocery,52.2896648,25.6920915
shop_grocery,52.2839839,25.6880519
shop_grocery,52.2768529,25.6865769
school,52.2745225,25.6848012
shop_grocery,52.2748863,25.6833645
shop_grocery,52.3123851,25.6201141
fap,52.3184382,25.5783182
school,52.3165286,25.5831009
school,52.2382271,25.6672935
shop_grocery,52.2366263,25.6677932
school,52.2406350,25.5441800
school,53.8905716,27.5568738
school,53.8755816,25.3329204
school,52.1064460,25.3790860
school,52.2300354,25.4427027
school,53.1468154,26.0079077
school,52.3196531,25.4115298
school,53.7079318,31.8264014
school,52.3107570,25.3124952
shop_grocery,52.5642195,30.4350507
shop_grocery,52.1861745,25.1547209
school,52.1892059,25.1493069
school,52.1162038,25.1162769
school,52.1758481,25.0303677
shop_grocery,52.1770199,25.0385292
fap,53.1398250,26.0535018
school,53.9120398,27.4763457
shop_grocery,53.1426959,29.2186025
shop_grocery,52.2183563,25.0118286
shop_grocery,52.2180567,25.0128589
school,52.2000335,24.7877059
school,53.9103340,27.5698465
fap,52.2078875,24.7664896
school,52.2815067,24.4215695
shop_grocery,52.2805324,24.4260925
school,52.2774028,24.4686797
school,53.1197494,26.0239661
school,53.1129099,26.0163005
shop_grocery,52.2755601,24.4688940
school,52.2800941,24.3493315
school,52.2677905,24.3452284
school,53.5794975,26.8303659
shop_grocery,54.4972696,26.9204734
school,52.1417724,24.5182124
school,53.9000669,27.6186453
sports_centre,52.1470183,24.3689656
shop_grocery,52.1985999,23.9389983
shop_grocery,54.2573707,28.5131876
shop_grocery,54.4852206,26.9071797
school,53.9286984,27.6134114
shop_grocery,54.3186802,28.7742877
cafe,53.8902119,27.5593000
shop_grocery,52.3760318,23.3671553
school,52.3732239,23.3660480
shop_grocery,52.3612995,24.8599025
school,52.3623412,24.8586849
school,52.5270272,24.9718714
restaurant,53.1425430,29.2222423
school,52.8560803,24.8944080
fap,52.6343450,30.5223945
school,53.1165837,26.0352651
shop_grocery,53.1331881,25.9924625
school,52.9591997,24.2500147
school,53.1207597,24.3484628
shop_grocery,51.7067365,23.9975610
fap,53.8768781,27.6385999
fap,53.8782428,27.6379584
cafe,53.1107963,25.1699288
school,53.9101033,27.5123373
school,52.9539300,26.0685744
school,52.8786566,26.1228354
shop_grocery,54.0726546,26.7827070
shop_grocery,54.2770866,26.9484798
shop_grocery,54.2823641,26.8144790
shop_grocery,52.2907629,31.0949891
school,52.2163345,27.0197983
school,52.2236041,27.4706025
school,52.3413478,27.4829836
fap,52.7797018,27.5311436
shop_grocery,52.5474539,28.3262899
school,52.5471415,28.3235337
shop_grocery,52.5829076,30.5678010
shop_grocery,54.2475503,26.8401745
cafe,54.3133711,26.7030383
shop_grocery,52.9676700,30.5068242
shop_grocery,52.7210533,28.7172391
shop_grocery,52.7191040,28.7138219
shop_grocery,52.3767103,31.0258129
school,55.4069672,30.7304577
school,52.1956063,24.3507398
shop_grocery,54.2268394,26.6050256
cafe,53.1320405,25.9630105
school,53.5810414,31.9130508
shop_grocery,54.5086711,26.8922030
fap,54.0060957,27.6938615
school,54.0075152,27.6826340
school,53.9253855,30.3316708
fap,53.6961292,27.2000989
fap,53.9053478,27.5080449
shop_grocery,54.3312839,26.5954667
shop_grocery,53.6075592,27.0695774
shop_grocery,53.6082932,27.0717713
fap,53.9166826,27.5993973
cafe,52.9359672,29.9582723
shop_grocery,53.1115562,30.0640040
school,52.4770419,25.7395535
school,53.8885063,31.7642069
shop_grocery,53.8758706,30.3994055
sports_centre,53.9458929,27.6481663
school,53.9222432,31.4007198
shop_grocery,52.5618896,23.7999844
shop_grocery,53.8366652,27.6528621
school,53.8385211,27.6505261
school,53.8371197,27.6415327
shop_grocery,53.1364750,29.2033742
shop_grocery,54.1907584,27.0843234
fap,55.6813441,27.1852310
sports_centre,53.6675366,27.1364940
shop_grocery,53.5917892,25.8077779
shop_grocery,53.5901079,25.8096004
bank,53.5906428,25.8166328
shop_grocery,53.0676399,30.0172865
shop_grocery,53.0680430,30.0165997
school,53.1889158,30.6857727
shop_grocery,53.2226524,30.7125906
shop_grocery,53.6074695,30.3616777
shop_grocery,55.0415571,27.6635340
school,53.8372806,27.6360936
shop_grocery,53.8416406,31.0710472
shop_grocery,52.3373840,26.0012589
ice_rink,54.1376912,31.0171658
fap,52.7312978,30.1111664
shop_grocery,52.5138092,25.8438283
shop_grocery,53.8458966,27.4554652
cafe,55.5244274,28.2963964
shop_grocery,52.6288878,29.3864937
school,52.5845902,24.8611029
shop_grocery,52.5875876,24.8689612
shop_grocery,55.9195654,27.7655706
shop_grocery,53.0316564,30.7147416
shop_grocery,53.9434763,27.7203365
post_office,53.9483350,27.7081983
sports_centre,53.9497874,27.7077990
school,52.5791047,29.5892153
shop_grocery,54.6434814,26.7836619
school,53.8351792,27.6117385
school,53.8886095,25.2958755
school,53.8935801,25.2915072
school,53.8951891,25.2971991
sports_centre,54.4189436,27.8337956
fap,54.4251624,27.8146802
school,54.4285912,27.8232104
school,53.8921530,25.2898400
shop_grocery,54.0945832,28.3147322
school,54.0970242,28.3133663
bank,54.0948811,28.3036419
school,54.0895143,28.3030470
shop_grocery,55.2263660,26.8690418
shop_grocery,53.2594281,26.9576866
cafe,55.2257366,26.8697058
school,55.4959622,28.7544478
shop_grocery,53.0774105,30.5831665
shop_grocery,53.0358528,30.6261422
post_office,55.2247308,26.8696242
sports_centre,53.7145144,23.8141777
school,55.4986095,28.7467699
shop_grocery,55.5446080,28.8549356
shop_grocery,55.5450760,28.8546603
post_office,55.5340774,29.5831056
shop_grocery,56.0162054,28.6581806
school,54.3125185,26.8310601
school,54.3052303,26.8527150
shop_grocery,54.3059689,26.8440139
school,54.3096284,26.8470451
shop_grocery,53.0361505,24.1080283
school,53.1002123,30.0639569
school,53.8558711,27.4631926
fap,52.0263484,29.2308122
shop_grocery,52.9639269,26.9958542
shop_grocery,52.9643085,26.9968666
fap,52.9642940,26.9952783
school,52.9645588,26.9919728
school,53.4915374,29.3329965
shop_grocery,52.9914930,27.2183592
shop_grocery,54.0021429,31.7635916
shop_grocery,54.0003532,31.7667468
bank,53.8963909,27.5488805
cafe,53.8945166,27.5458612
shop_grocery,53.8952489,27.5486093
cafe,53.8950349,27.5483919
cafe,53.8954859,27.5475530
shop_grocery,53.8945410,27.5465978
shop_grocery,53.8943843,27.5460765
shop_grocery,53.8953583,27.5471744
cafe,53.8952588,27.5482671
cafe,53.8960415,27.5480529
cafe,53.8959551,27.5483140
shop_grocery,54.3679513,27.1567092
bank,53.9258336,27.5182383
shop_grocery,53.9265422,27.5182791
bank,53.9256871,27.5180240
shop_grocery,53.4376098,27.7074921
fap,53.8363646,27.6281108
school,54.2510607,27.6976288
school,53.0944104,30.0613931
school,52.1870617,26.1389028
shop_grocery,54.2407162,28.5096870
shop_grocery,51.8283772,23.6469472
shop_grocery,53.8674289,26.9622592
cafe,54.7492888,27.5684685
shop_grocery,54.7527921,27.5727199
shop_grocery,55.0648652,27.5590035
post_office,55.0651978,27.5624401
shop_grocery,54.4852929,30.3184249
school,54.4917081,30.4004485
shop_grocery,54.4819213,30.3134883
shop_grocery,54.1998363,28.5441739
shop_grocery,54.5892842,27.2093827
shop_grocery,54.5833858,27.0936408
shop_grocery,53.9413849,27.6468376
fap,53.8714167,30.3999619
school,53.8748545,30.3792273
shop_grocery,53.8311245,28.0005584
shop_grocery,53.1306920,30.5557012
ice_rink,53.9261959,27.5179109
restaurant,53.9265103,27.5180723
cafe,53.9265502,27.5169982
school,53.0349128,30.6229394
shop_grocery,52.4288760,31.0732797
school,55.1044797,27.7736628
school,53.9392936,27.6476005
school,53.9386627,27.6443341
shop_grocery,51.7900473,28.3234407
shop_grocery,55.1165758,27.7726409
fap,53.7005606,23.8195078
shop_grocery,53.9386618,28.3610447
shop_grocery,55.0857570,27.8108295
school,53.8808282,27.4389581
shop_grocery,53.0997720,29.0920485
shop_grocery,53.1874330,29.2258874
shop_grocery,53.1892134,29.2303315
ice_rink,53.1873266,29.2263802
shop_grocery,54.1938506,28.5516742
school,54.9612325,28.7989268
cafe,52.4080270,30.9746156
shop_grocery,52.6377719,29.7421036
shop_grocery,52.6264504,29.7311312
shop_grocery,54.1875722,28.5444365
school,54.1300686,31.3732867
school,54.0856547,31.4780476
shop_grocery,52.4681515,31.0130283
school,53.1784178,30.0765308
shop_grocery,52.0728316,23.7136677
shop_grocery,54.6310952,27.3062662
school,54.0392313,31.8316343
school,53.9287994,30.3522476
shop_grocery,53.9273133,30.3580571
shop_grocery,53.8369490,27.9272015
shop_grocery,53.8031280,28.0982180
fap,53.0813226,30.0446013
fap,53.0822998,30.0446365
fap,53.0818310,30.0445634
fap,53.0806704,30.0448715
fap,53.0823754,30.0461777
fap,53.0824801,30.0445036
school,53.0800736,30.0455946
shop_grocery,51.9296624,23.6602826
shop_grocery,52.7146964,25.3411416
school,55.6055497,29.1038736
shop_grocery,54.1949894,28.0639928
shop_grocery,53.4709357,27.2166780
shop_grocery,52.8013387,28.0036420
shop_grocery,52.8002838,28.0040832
school,53.4678516,27.2167364
shop_grocery,53.1782326,29.3478237
shop_grocery,54.1003187,27.8144031
ice_rink,53.6647842,27.1359595
bank,55.0299730,30.7958742
shop_grocery,52.8088499,28.0059309
cafe,53.8329003,27.4636573
school,53.0388117,27.5279128
school,53.9177577,30.3169548
school,53.0307054,27.5510620
school,53.0255255,27.5444342
school,53.0315791,27.5583824
school,53.6624310,31.2645646
school,53.0226064,27.5420103
fap,53.0209599,27.5431660
school,53.0147100,27.5544201
shop_grocery,54.0204845,28.0812858
shop_grocery,54.0192461,28.0573704
shop_grocery,55.8137060,29.2675242
school,53.5653655,31.6453401
shop_grocery,53.5739991,24.2407249
school,53.8857415,27.5046705
cafe,53.7906718,28.0862660
shop_grocery,54.2466735,26.7788067
shop_grocery,52.9716868,29.9352725
shop_grocery,54.0257380,27.9704979
shop_grocery,54.2623685,26.8522847
shop_grocery,54.2774463,27.0313055
shop_grocery,54.2307861,27.0034023
shop_grocery,53.1478842,29.2207551
shop_grocery,54.2537077,27.0744556
shop_grocery,54.2549246,27.0727092
shop_grocery,51.6234948,28.8199234
shop_grocery,55.1675968,27.6739066
shop_grocery,55.1676852,27.6738506
fap,51.6299105,28.8270496
shop_grocery,51.6297698,28.8328856
shop_grocery,51.6307409,28.8240527
shop_grocery,51.9297767,30.3234502
shop_grocery,52.9654582,27.4696907
shop_grocery,53.9262401,30.3603725
shop_grocery,54.3194252,26.7445935
school,53.9498555,30.3654010
shop_grocery,53.9490711,30.3742579
school,53.9326043,30.3575507
bank,53.9491206,30.3604628
shop_grocery,53.8809384,30.3562867
shop_grocery,53.8713882,30.3241966
shop_grocery,53.0349375,28.2421581
school,53.6217686,30.8676116
school,53.8501947,27.5473600
school,53.8536372,27.5481903
school,53.8534820,27.5496503
shop_grocery,53.1490337,29.2286976
shop_grocery,54.5024756,30.7815358
post_office,55.2190456,27.9556305
shop_grocery,55.2209740,27.9572001
shop_grocery,54.3383529,29.7588772
school,53.8843443,27.5232182
school,53.9556543,27.6435712
shop_grocery,52.1024621,23.7039893
school,53.7210602,25.7942866
cafe,52.5476494,24.9741507
sports_centre,52.0980383,23.7426083
shop_grocery,52.4933217,25.9964826
shop_grocery,54.5688420,27.2209295
shop_grocery,55.5025997,28.7488840
shop_grocery,53.0724793,30.6885831
shop_grocery,51.9708330,29.3813832
shop_grocery,53.2181667,24.7096173
shop_grocery,53.0719442,25.0079286
school,54.3927517,28.7409801
sports_centre,53.3318178,31.3940826
shop_grocery,52.0236458,29.0321217
school,53.3241050,26.1057970
shop_grocery,52.0951734,28.8083985
shop_grocery,55.1204121,27.0317616
school,54.5054629,27.1350975
fap,53.6669627,24.0218902
fap,52.1409421,26.0499546
shop_grocery,55.1628372,28.6364884
shop_grocery,51.9850205,29.1376379
shop_grocery,54.8514801,29.1668959
shop_grocery,53.6591594,31.2633551
fap,53.6598278,31.2648256
shop_grocery,53.5125003,27.1442691
school,53.5120323,27.1437367
shop_grocery,53.4660937,27.2139222
cafe,52.3609259,30.4344802
shop_grocery,53.4413186,27.2270239
cafe,52.4598821,30.9912398
fap,52.0917671,29.1770630
shop_grocery,52.0919603,29.1765727
cafe,53.8829683,25.7408944
school,53.6497720,30.9350488
school,51.5057553,30.5158408
school,54.8763143,27.6240018
school,54.8939485,27.5763054
cafe,54.5115584,30.4308334
shop_grocery,54.5235361,30.2885033
shop_grocery,53.4105073,26.9923893
shop_grocery,53.4600048,27.2106823
shop_grocery,52.3974292,31.3367088
shop_grocery,54.2488254,28.5103973
school,52.0804831,23.7489625
shop_grocery,52.2677132,25.3176626
ice_rink,52.1886715,25.1604817
shop_grocery,52.1870687,25.1699055
shop_grocery,51.7299455,28.4875908
shop_grocery,52.9559299,26.0672950
sports_centre,54.4871398,26.9139533
sports_centre,53.0334853,27.5580421
shop_grocery,54.1988668,28.5346255
school,55.1095961,26.8267854
school,55.1211015,26.8133087
shop_grocery,55.1165397,26.8780438
fap,53.1243272,30.8047568
shop_grocery,53.1243445,30.8042344
shop_grocery,52.9817562,30.1505764
post_office,54.1870229,28.7192069
shop_grocery,53.3212435,26.0108264
sports_centre,53.3235505,26.0111371
school,54.2547984,28.7054326
post_office,54.2767053,28.7703162
bank,54.2794881,28.7731678
shop_grocery,54.2778022,28.7674700
shop_grocery,54.2775069,28.7699060
school,52.8785912,31.1734809
bank,54.2256155,28.5073973
restaurant,52.2126535,24.3541885
school,53.0115728,30.7945679
school,52.0650827,27.7513973
school,52.0179241,29.1884068
school,53.1642822,31.0485267
school,53.0421886,27.5890509
school,53.0306047,27.5817419
school,53.0100707,27.5371811
school,53.0359233,27.5747499
school,53.0239742,27.5518631
school,53.0067698,27.5239238
school,52.8824501,30.9512796
sports_centre,54.3193525,29.1312314
shop_grocery,54.5573486,28.9814334
shop_grocery,53.5335401,30.2205066
shop_grocery,53.7936314,27.4520406
school,54.0140063,27.4641437
school,54.0122367,27.4554681
shop_grocery,54.0369979,27.4256910
shop_grocery,53.1842065,29.2181953
shop_grocery,53.2104039,30.0464166
shop_grocery,53.2108559,30.0452057
shop_grocery,53.2175231,30.0500003
shop_grocery,53.6976309,23.8812249
school,52.8936946,30.6703594
shop_grocery,52.0854360,27.5455946
shop_grocery,52.6701821,28.2482042
school,52.6704342,28.2462006
school,52.8507672,30.7747386
school,53.0440113,31.1522752
school,53.0441106,27.5768034
cafe,52.1828448,24.3684979
shop_grocery,55.0378929,29.4490148
school,53.9982618,29.7077609
shop_grocery,52.1360002,29.5124390
cafe,52.1285442,29.5129348
sports_centre,53.3451762,30.8132507
school,53.9079313,27.5404609
sports_centre,53.8735231,27.4992973
sports_centre,53.8735003,27.4982039
sports_centre,53.8733671,27.4974685
school,54.2231078,28.5291260
shop_grocery,52.8852319,27.5924668
school,55.1671516,30.1104315
shop_grocery,51.7743271,28.7834301
shop_grocery,53.5735970,31.0549401
shop_grocery,53.0273581,30.8607098
school,52.7975468,31.3188649
school,52.8882744,31.4033639
shop_grocery,53.7229595,32.1238428
school,53.3979790,30.9194453
school,52.9470552,27.6284588
shop_grocery,52.9503230,27.6263803
shop_grocery,52.9008074,27.6397838
school,52.6974955,30.8821840
school,52.5836460,31.0845722
shop_grocery,53.9081414,29.8360739
bank,52.1283068,23.6547934
shop_grocery,52.5149323,30.9618146
shop_grocery,52.5138527,30.9639989
shop_grocery,52.1518034,25.5519127
shop_grocery,53.2297440,29.1922398
school,53.2353839,29.1658721
school,53.2360107,29.1619442
shop_grocery,53.5448890,29.8565943
shop_grocery,53.2923333,30.3726056
shop_grocery,54.0149683,27.7418017
shop_grocery,54.0412121,27.7208808
school,53.5269183,30.2487045
fap,52.4895513,23.7802095
bank,55.5089609,28.6950706
school,54.1972566,30.9401175
school,54.2786559,30.6738038
shop_grocery,52.9217051,24.7267458
shop_grocery,52.1359259,29.5134378
fap,52.2934340,29.3692451
school,53.1025618,29.7369787
school,53.0174932,30.8582769
school,52.7053290,30.7140492
school,52.6705510,30.8157902
school,52.6094276,30.9285546
school,53.2585446,31.4596388
school,54.3106703,29.8242480
school,53.8419556,30.0222162
school,53.8625803,30.5533670
school,52.5296617,31.1315098
shop_grocery,52.5824811,30.3150125
school,54.2701712,31.2033427
school,52.9329053,29.6940727
school,52.2189901,31.4271466
fap,52.3312189,29.1397662
shop_grocery,52.3309807,29.1381049
school,53.7647604,27.9938125
shop_grocery,55.1823749,28.8466550
school,52.0680869,28.8958930
shop_grocery,53.7824685,27.8381034
school,55.1571170,30.1915374
school,51.9230915,28.9866303
sports_centre,52.7022841,24.2175101
shop_grocery,54.2406567,28.5570002
fap,52.7045870,24.3556766
shop_grocery,52.7017728,24.3511371
shop_grocery,53.1628166,24.7833132
cafe,52.1419915,23.6570269
shop_grocery,52.6999359,24.2117998
shop_grocery,53.8799429,25.9263823
shop_grocery,52.0996852,28.8184369
school,51.7169988,29.3295206
school,52.3272107,29.7703146
school,51.6316351,28.8269086
school,52.5001264,29.7567037
post_office,52.5000365,29.7485304
shop_grocery,53.0126662,29.7570364
school,53.9383457,25.0436949
fap,54.2522112,25.4329689
fap,52.3966026,30.9065351
school,53.4058255,23.7642034
shop_grocery,55.5377914,28.8012325
shop_grocery,53.5687922,31.3852218
shop_grocery,52.9860076,24.8585596
shop_grocery,54.0290528,25.9256982
fap,54.0312466,25.9185679
shop_grocery,54.0357966,25.9208336
shop_grocery,54.0330604,25.9259277
school,54.0353455,25.9292324
shop_grocery,54.0323217,25.9273979
sports_centre,53.4027463,24.5389599
school,53.3485444,24.6251632
school,53.8749935,27.5998449
school,52.8948347,27.7834526
shop_grocery,55.5389801,28.7992262
shop_grocery,52.0714432,27.7285776
fap,55.7410919,29.7094762
shop_grocery,54.2764158,26.3153543
post_office,54.2754354,26.3135196
school,53.5711757,31.3756524
shop_grocery,53.8263764,26.3536092
shop_grocery,51.8839417,29.1994515
school,55.4968329,28.8153358
school,55.4784102,28.8308463
school,55.4732744,28.7657959
bank,53.9032451,27.6003775
sports_centre,52.8982073,24.8400444
fap,52.8977517,24.8428083
shop_grocery,52.8775033,25.0361525
sports_centre,54.1838228,27.8128780
sports_centre,54.0414967,27.8573987
shop_grocery,51.5491571,28.7883128
shop_grocery,53.3439272,27.8357573
shop_grocery,53.8092505,27.4939831
post_office,53.8758145,30.0499590
shop_grocery,52.0315839,29.2307152
shop_grocery,52.0316581,29.2340723
fap,54.2079097,28.5480645
school,52.0754275,27.7120231
school,53.9570521,30.9241443
school,52.9771472,27.8112379
school,52.0681785,23.7283202
school,52.0681843,23.7280061
school,52.0745965,23.7213194
school,53.7819421,27.4352627
shop_grocery,52.0161853,25.5954521
post_office,52.0164937,25.5950943
school,54.3008704,26.8257253
shop_grocery,52.0016338,25.6880504
bank,53.3470496,26.2586009
school,55.1723850,30.1394250
fap,52.4662055,30.9723819
school,52.4638073,30.9826969
school,52.4688859,30.9662532
school,52.9505185,27.8730267
pool,52.7222169,25.3264419
post_office,52.7110776,25.3178405
cafe,53.9543752,27.4481429
shop_grocery,53.8179157,27.3900824
sports_centre,53.8108108,27.3930872
shop_grocery,52.1286688,25.5502202
shop_grocery,52.6289637,26.5038353
shop_grocery,55.3194040,27.4875891
shop_grocery,51.9487122,26.4007607
cafe,51.9483370,26.4005810
shop_grocery,51.9500778,26.4085418
fap,51.9474178,26.3985264
shop_grocery,52.0418762,26.2707728
fap,51.9424509,26.4877478
cafe,52.7089839,25.3863319
school,52.1396611,26.0701542
shop_grocery,52.2827783,25.3684045
shop_grocery,52.2824426,25.3681953
shop_grocery,54.4244367,29.7669462
sports_centre,52.6353108,28.7524066
post_office,52.6309998,28.7478798
shop_grocery,52.1383871,26.1041877
shop_grocery,52.1965205,26.0689520
shop_grocery,51.6403602,23.6038019
shop_grocery,54.2359522,28.5517957
shop_grocery,54.2150237,28.5085540
fap,53.8249041,27.4507315
school,54.3200083,26.8774954
school,54.3124217,26.8434379
school,54.3200044,26.8695042
school,54.4193623,27.2889273
cafe,53.1337817,29.2272817
school,55.2887097,30.2561678
school,54.1307162,26.8060788
school,54.2188753,28.5268148
school,52.1435243,26.0902062
shop_grocery,54.2062789,28.5131296
school,52.1309748,26.1041133
shop_grocery,52.1361716,26.1549283
shop_grocery,52.1361492,26.1515678
post_office,52.4351861,30.9761404
fap,52.1347720,26.1530907
cafe,52.1200839,26.1070701
post_office,53.7462275,27.6869018
school,52.0865913,27.6349220
shop_grocery,53.9061710,28.1229039
school,55.2260065,29.8759568
school,52.1331617,26.0952968
school,52.1394690,26.1067852
school,52.1222186,26.1176525
sports_centre,52.1198455,26.1257216
school,52.7373501,30.5003144
school,52.3338812,28.0140311
school,52.3375946,28.0191210
shop_grocery,52.7946263,27.9813647
school,52.1107174,26.0716590
school,52.1139818,26.0724373
school,52.1231680,26.1096566
school,52.6373111,30.8188197
shop_grocery,54.5510893,29.7280608
sports_centre,52.1300584,29.3461746
school,52.1383076,26.1012842
school,52.1394491,26.1126876
school,52.1328400,26.0715955
school,52.1316548,26.0677134
shop_grocery,52.1094869,26.0571396
shop_grocery,52.1093593,26.0549016
school,52.1306627,26.0216009
school,52.1158726,26.0927006
shop_grocery,54.3201596,29.2641013
school,55.6146781,27.6373351
bank,52.1259258,29.3329132
school,54.6156803,25.9762238
shop_grocery,54.3086074,26.8655889
shop_grocery,54.1892826,26.4478357
shop_grocery,54.1715111,26.5603663
fap,52.1247805,26.1273039
shop_grocery,51.5712051,27.7768376
shop_grocery,51.5706860,27.7749270
shop_grocery,51.5661186,27.7709736
shop_grocery,55.1441678,29.5736231
fap,55.1429528,29.5798338
cafe,54.6900305,31.0366969
sports_centre,53.8100057,27.7319514
school,54.4238492,27.8370553
school,54.4180905,27.8140336
shop_grocery,54.0426557,28.6240062
shop_grocery,54.7091263,29.1505704
cafe,52.6450088,28.8831460
shop_grocery,54.4747242,26.4085693
shop_grocery,52.4341655,30.9488976
shop_grocery,52.4750298,25.1688161
shop_grocery,54.5047288,26.9281778
cafe,54.5718136,30.6883913
shop_grocery,54.5720082,30.6885291
shop_grocery,51.9714141,27.0661938
school,55.0264103,30.4323504
school,54.4287005,28.4352272
cafe,53.8833757,30.4066298
school,54.4096072,28.5807767
school,54.1049929,29.2122162
shop_grocery,52.8496945,24.9166859
shop_grocery,54.6230724,26.4429568
cafe,53.8073193,27.7370819
shop_grocery,51.5475877,27.7889081
sports_centre,53.8081302,27.7343234
school,53.9609603,27.6115119
post_office,53.0486309,27.5554001
cafe,54.8606236,29.1602845
shop_grocery,55.1642913,30.2758851
shop_grocery,53.1143219,25.9013975
post_office,54.3399658,29.7596727
fap,53.5858546,28.2285513
bank,53.8940891,27.5283581
shop_grocery,53.8940185,27.5286389
bank,53.9208870,27.4801018
sports_centre,54.4190616,27.8332465
fap,53.9235798,27.6714360
shop_grocery,53.9160276,27.4934774
shop_grocery,53.9202162,27.4971294
school,53.9226687,27.4924632
shop_grocery,52.2264042,24.3525837
shop_grocery,52.2262809,24.3531315
shop_grocery,55.0827139,30.6384207
shop_grocery,53.1435402,25.7227590
shop_grocery,53.1435780,25.7180905
fap,54.5731871,27.2748730
school,52.2309093,24.3266984
shop_grocery,53.7275648,24.1713986
school,52.6272656,29.7144958
shop_grocery,52.6381712,29.7287685
school,52.6428682,29.7258067
school,52.6324166,29.7539243
fap,52.6307529,29.7545546
school,55.5363755,28.7973788
shop_grocery,55.5395547,28.8067809
shop_grocery,53.5170371,28.1244931
shop_grocery,53.2321251,26.6814336
cafe,54.3282840,29.1432266
bank,54.3188208,29.1411400
bank,54.3209109,29.1422362
shop_grocery,53.2226793,26.6823606
shop_grocery,53.2259011,26.6683305
shop_grocery,53.2319720,26.6674766
shop_grocery,54.2070608,28.4858228
school,53.4678768,27.2100624
shop_grocery,53.0409462,28.3179600
school,52.0868949,23.6869970
fap,52.7791880,27.5336588
shop_grocery,52.2960105,25.0585822
shop_grocery,52.2084700,24.3736538
shop_grocery,52.2086192,24.3372606
post_office,55.2271206,29.2429225
sports_centre,53.9455160,27.3251010
restaurant,52.0918088,23.6890831
shop_grocery,54.1849237,28.4721263
school,54.1824496,28.4690611
shop_grocery,54.5256776,28.9437045
school,53.8950758,27.6573755
cafe,52.7532402,25.1621828
shop_grocery,52.7566406,25.1424631
shop_grocery,54.0376765,26.9012624
shop_grocery,54.3613983,29.1075682
cafe,54.3996675,29.0444095
shop_grocery,52.1819223,29.8620698
shop_grocery,53.3277596,26.0045788
shop_grocery,53.3276714,26.0053890
school,55.3287523,29.7474522
school,54.0099133,31.7106445
shop_grocery,54.1139719,28.3494170
fap,55.4095892,28.4694333
shop_grocery,54.2390465,25.3019636
cafe,53.9167515,27.5116067
cafe,52.0922308,23.6915542
pool,52.0869059,23.6932850
shop_grocery,53.1398542,25.8915695
shop_grocery,53.1870332,25.5925489
shop_grocery,52.4570171,31.0041814
school,52.4596583,31.0036362
shop_grocery,52.4637308,30.9962620
shop_grocery,52.4594962,30.9933142
school,52.0408884,29.2602557
sports_centre,52.0332005,29.2610896
sports_centre,52.0291603,29.2555578
sports_centre,52.0285848,29.2567828
school,53.1353200,25.8094015
cafe,52.0498097,29.2662940
shop_grocery,52.0478332,29.2548486
school,55.2721249,28.9677300
shop_grocery,53.3344622,26.3646632
shop_grocery,53.2939590,26.2327600
shop_grocery,55.2446118,29.2639571
cafe,53.9212681,27.3893520
shop_grocery,55.2249593,29.2405012
shop_grocery,55.4751226,28.7945159
shop_grocery,55.4739001,28.8149114
shop_grocery,55.4725842,28.8291582
sports_centre,53.8776900,27.6060365
post_office,53.9235713,27.3805218
shop_grocery,52.7840573,27.5462845
fap,53.1439483,29.1694713
school,54.1058242,28.3621359
school,54.0926376,28.2948126
post_office,54.5723191,27.3946549
shop_grocery,53.0498224,27.6315562
shop_grocery,52.0674093,23.7219821
shop_grocery,53.1546695,26.0342929
shop_grocery,52.1907914,24.3373150
school,55.2083136,30.1949324
sports_centre,53.6011992,23.7377992
shop_grocery,54.2994326,26.8808424
shop_grocery,54.3684322,29.9069942
shop_grocery,54.4798052,26.9292377
cafe,54.4604667,26.8633178
shop_grocery,53.9321321,25.7722367
shop_grocery,53.9322532,25.7709494
shop_grocery,53.9322150,25.7727584
shop_grocery,53.9320366,25.7822013
shop_grocery,53.9420092,25.7512940
school,54.5119684,30.3802416
bank,53.8711261,27.5715932
shop_grocery,55.5759824,29.7268870
post_office,55.1063317,27.7750104
shop_grocery,55.1065753,27.7745658
shop_grocery,53.9729005,27.1284079
shop_grocery,53.9727851,27.1288722
fap,51.9845523,24.6687024
shop_grocery,52.8650276,24.8904798
shop_grocery,52.8600356,24.8898236
shop_grocery,52.9482265,27.8870187
shop_grocery,52.7854937,27.7108598
shop_grocery,53.4634675,25.5791896
shop_grocery,52.0567078,27.2056291
school,54.6180790,25.9558925
school,54.6175805,25.9641550
cafe,52.0554200,27.2109914
shop_grocery,52.0550098,27.2158637
shop_grocery,52.0551896,27.2155069
shop_grocery,52.0552902,27.2156598
shop_grocery,52.0565276,27.2309742
shop_grocery,52.0763577,27.3470819
bank,52.0767559,27.3482784
school,53.8549625,27.5175795
shop_grocery,52.0861628,27.5375763
shop_grocery,53.0679677,29.2293296
school,52.0397324,29.2510890
school,52.0461202,29.2648621
school,52.0467273,29.2654683
school,52.0475554,29.2593689
fap,52.0491339,29.2562013
ice_rink,52.0294261,29.2555280
school,52.4752780,30.9648913
sports_centre,54.2596621,28.4401290
school,52.4392792,30.9139984
shop_grocery,54.2465111,28.5163631
shop_grocery,52.4646516,30.9976887
shop_grocery,51.7945490,24.0650154
cafe,53.9014457,30.3700023
cafe,54.1772476,28.4736409
fap,54.2429279,28.4653502
school,54.4189221,30.2726609
shop_grocery,53.1062005,30.0661753
cafe,52.0772904,23.7242590
fap,54.9563681,28.4862873
fap,51.7787365,30.2656224
shop_grocery,53.0854934,26.0908738
bank,53.0835010,26.0926233
shop_grocery,53.0859170,26.0906297
cafe,53.9769493,27.0129454
shop_grocery,53.0985323,26.9340358
shop_grocery,52.1325721,23.7302354
cafe,53.9035365,27.5144105
shop_grocery,52.6287977,29.7214097
school,52.6368164,29.7442078
shop_grocery,52.6297936,29.7226622
shop_grocery,52.6345507,29.7428908
shop_grocery,54.2806090,28.4916685
shop_grocery,54.2851620,28.4928274
shop_grocery,54.4180158,27.1690923
shop_grocery,53.5533087,26.8820054
school,53.6197450,26.6612535
school,53.9478365,30.3540906
restaurant,52.6173493,23.8950308
shop_grocery,52.0664184,23.6963067
shop_grocery,54.4200344,27.1666978
shop_grocery,54.4205706,27.1646045
shop_grocery,53.5704930,31.3808387
shop_grocery,53.5693701,31.3841481
shop_grocery,53.5693803,31.3843034
shop_grocery,52.3440584,23.6080530
shop_grocery,53.7406509,27.8536580
school,52.9002205,27.6377186
shop_grocery,54.5172651,26.9571782
school,51.8039082,29.4942731
school,51.7967941,29.5046988
school,51.7866176,29.5028859
school,52.9727816,25.0808835
shop_grocery,53.7679240,27.9931703
shop_grocery,53.7675990,27.9947904
shop_grocery,52.4062944,23.4591997
shop_grocery,52.4044754,23.4623641
shop_grocery,52.4016493,23.4614424
shop_grocery,52.4015359,23.4613950
shop_grocery,52.7127657,25.3117828
fap,52.3628930,23.3919339
shop_grocery,52.3662849,23.3772445
sports_centre,52.4084479,31.0256294
school,53.1935237,26.5987315
shop_grocery,52.2504287,24.9628439
cafe,54.3751987,29.3116983
cafe,54.5078464,26.3709072
fap,52.0777508,29.1988592
fap,53.1451564,29.2211979
school,54.4802604,26.8969522
post_office,53.1658696,29.1718443
cafe,55.4961742,28.7611425
school,54.6132131,29.2864990
shop_grocery,52.1105690,29.1332791
school,53.9130495,27.6667351
shop_grocery,55.6973755,29.2154172
restaurant,52.4612849,30.9658724
shop_grocery,52.3366325,27.4906327
shop_grocery,52.3402379,27.4855754
school,55.3352982,28.0884485
shop_grocery,52.0719857,27.7265826
cafe,53.1652140,29.1844459
school,53.1536794,29.2249893
school,53.4596613,27.2123171
cafe,52.5048489,31.0337717
cafe,52.5059094,31.0307794
school,53.8889358,30.2699676
cafe,55.4360921,28.7784017
shop_grocery,54.2728906,28.4954387
shop_grocery,54.5691526,27.0277930
shop_grocery,54.4711492,26.6694406
shop_grocery,52.2107500,25.1681183
post_office,52.1997618,25.1472262
shop_grocery,52.1883287,25.1222851
shop_grocery,52.1995240,25.1476797
shop_grocery,52.1090905,29.4339869
school,54.0400499,28.1933608
sports_centre,54.5216673,30.4407451
cafe,52.1861797,25.1540381
cafe,54.5263061,30.4437744
shop_grocery,52.7133343,25.3158120
shop_grocery,52.8929103,27.6690998
school,52.5594650,23.7937583
cafe,52.5623315,23.8004291
school,54.6251021,27.5633115
shop_grocery,54.6248920,27.5666945
shop_grocery,54.3531889,27.0626064
school,53.9838109,27.8356786
shop_grocery,53.5043205,28.1414049
shop_grocery,53.4974902,28.1486952
cafe,55.8151986,29.2726623
shop_grocery,53.5274111,28.1761781
shop_grocery,55.6363321,29.3873152
school,54.2096970,27.8973347
shop_grocery,52.4902848,30.9711220
shop_grocery,52.8909911,26.5360500
school,53.9002377,30.3304117
school,54.9357907,29.1490780
shop_grocery,52.5095080,24.9591160
shop_grocery,52.5227650,24.9771867
shop_grocery,53.8912183,27.5873375
shop_grocery,55.6921688,29.7447029
shop_grocery,52.4402922,30.9331849
school,52.4513074,30.9632838
school,52.4480658,30.9572153
school,52.4452633,30.9457007
shop_grocery,52.4525903,30.9775235
sports_centre,52.4462771,30.9811123
shop_grocery,52.4541169,30.9788794
shop_grocery,52.4524485,30.9763592
shop_grocery,52.4526147,30.9767274
shop_grocery,52.4533209,30.9690048
school,52.4527476,30.9672255
shop_grocery,52.4546024,30.9691282
school,51.8640762,26.7916939
school,51.8636420,26.7894239
shop_grocery,52.4393766,30.8966167
school,52.4359735,30.8965716
school,52.4721656,30.9287606
school,52.4465606,30.8376897
shop_grocery,53.3076017,30.1315530
shop_grocery,53.6948191,27.1127009
shop_grocery,53.6862768,27.1366657
shop_grocery,53.6962857,27.1074861
cafe,53.6965136,27.1994142
shop_grocery,53.4981302,27.7562010
shop_grocery,53.6823069,27.1314707
shop_grocery,54.8823719,28.6994842
shop_grocery,52.4658299,25.1848225
shop_grocery,53.4742933,27.2274640
cafe,53.5273735,23.6741019
shop_grocery,53.5393569,23.6955056
shop_grocery,53.9507045,27.7628610
shop_grocery,53.9463477,27.7755657
post_office,52.8530025,28.1943851
shop_grocery,52.8521561,28.1931410
shop_grocery,52.8519112,28.1933742
school,52.8553597,28.1834622
fap,52.8559487,28.1819626
cafe,52.4251649,30.9311525
fap,52.4418705,30.9769125
school,52.4417230,30.9967524
shop_grocery,52.4439081,30.9925742
school,52.4515520,30.9938763
school,52.4506676,30.9907214
shop_grocery,54.2530883,27.0679916
shop_grocery,54.7557661,27.0906217
shop_grocery,53.3593629,32.0460708
school,53.3576596,32.0467964
fap,53.3563917,32.0392890
shop_grocery,52.5471613,24.9733354
cafe,53.0230785,25.7808605
restaurant,54.2165199,28.4785065
shop_grocery,54.7611234,27.0853705
restaurant,53.9484151,27.4569819
shop_grocery,52.3709905,30.3484897
shop_grocery,52.3850215,31.3399473
school,54.7604068,27.0880310
sports_centre,53.9352415,27.3655433
school,52.0485454,29.2573425
shop_grocery,54.3993702,26.6087612
shop_grocery,53.6366044,27.2160004
shop_grocery,53.6359920,27.2155253
shop_grocery,53.6371413,27.2224943
shop_grocery,53.7288992,25.4986916
shop_grocery,54.1080961,27.7547965
shop_grocery,53.0355814,28.5523344
shop_grocery,52.6196357,28.0421064
shop_grocery,52.6191195,28.0455275
fap,53.7979454,27.6046107
fap,53.7983674,27.6049800
fap,53.7989636,27.6048195
shop_grocery,52.0772504,23.7538154
school,53.7713019,28.6499210
school,53.7676407,28.6724508
sports_centre,52.4376454,30.9865019
school,52.4269943,30.9800437
shop_grocery,52.2166902,27.4825982
bank,52.2178473,27.4705823
cafe,52.2158482,27.4712032
shop_grocery,52.2142589,27.4744547
fap,52.4268114,30.9799853
cafe,52.4331380,30.9882880
shop_grocery,54.0133600,31.7425930
shop_grocery,52.4333545,30.9756259
shop_grocery,53.0412341,26.2548534
shop_grocery,53.9677795,27.0531776
shop_grocery,53.9702758,27.0481161
shop_grocery,53.9692507,27.0494834
shop_grocery,53.9678051,27.0542602
bank,52.1353515,29.3420062
school,52.4135803,30.9963773
fap,53.9183328,27.5267202
shop_grocery,53.1935025,29.2241823
shop_grocery,53.1937093,29.2240714
sports_centre,53.1909562,29.2266162
ice_rink,53.1855896,29.2263182
shop_grocery,53.1927999,29.2289088
shop_grocery,53.5756778,31.3687017
shop_grocery,52.4090370,30.9144573
school,54.6172519,26.5494559
school,52.4126823,30.9756571
shop_grocery,54.6075791,26.6043943
shop_grocery,54.5617892,26.7282845
fap,53.0165830,26.6493143
water_park,53.0731992,26.6556733
shop_grocery,53.0663020,26.6350704
cafe,53.0654179,26.6376336
fap,53.1571240,27.0833450
cafe,53.1583285,27.1044148
shop_grocery,53.3119199,26.5526232
shop_grocery,55.4883808,28.7795563
fap,52.1070322,23.6894126
shop_grocery,51.8973090,26.8489449
shop_grocery,53.4014598,24.5352387
shop_grocery,51.8978251,26.8578106
school,53.6871613,27.1411790
shop_grocery,51.8965623,26.8751416
school,54.0333424,26.8912667
cafe,53.0391943,26.2628093
post_office,54.6863048,27.3523481
school,53.7304995,24.5236008
fap,53.7439841,24.5242576
shop_grocery,52.7793792,27.1556778
shop_grocery,52.4105116,30.9712892
shop_grocery,52.4048580,30.9415578
fap,52.4020524,30.9467774
fap,52.3968052,30.8988832
fap,52.3942661,30.8959660
fap,52.3952981,30.9012348
school,54.8891247,28.9210198
school,53.5741693,31.3914103
shop_grocery,53.5747551,31.3924125
shop_grocery,52.2196995,23.9263532
school,54.7325406,28.0541533
shop_grocery,52.1441011,25.5066883
shop_grocery,53.5680850,31.3819752
shop_grocery,52.1402811,25.5226016
post_office,52.1367312,25.5371307
shop_grocery,52.1509940,25.5280532
school,55.4145666,29.9907212
fap,52.4293534,31.0144942
shop_grocery,52.1920639,24.0494722
post_office,55.1912851,27.6385648
fap,54.6453444,27.4607568
school,54.6401805,27.4735536
fap,53.9564132,27.5402752
shop_grocery,54.7554922,29.8802108
school,52.4777156,31.0263411
school,55.3643068,27.4557095
school,52.4027503,30.9121345
sports_centre,52.4074524,30.9472180
sports_centre,52.4071872,30.9456995
shop_grocery,52.4077331,30.9570842
shop_grocery,52.6368006,29.7284640
shop_grocery,52.7798254,26.4235181
post_office,52.7777730,26.4259026
school,52.4117627,30.9676130
school,52.4134427,30.9631833
bank,52.4154583,30.9608783
restaurant,53.9013600,27.5161993
shop_grocery,52.4364575,30.9763032
fap,52.4304689,30.9627737
school,52.4213249,30.9726785
shop_grocery,52.4221042,30.9573257
school,52.4265348,30.9517752
school,52.4261164,30.9516451
shop_grocery,52.4400936,30.9660695
shop_grocery,54.8846920,27.5786475
fap,54.8052669,29.6859218
post_office,52.4151649,30.9554586
fap,52.4214385,30.9442381
shop_grocery,52.4140992,30.9437425
cafe,52.4137603,30.9387351
shop_grocery,52.4102515,30.9373945
shop_grocery,53.9640592,27.0615942
shop_grocery,52.4137327,30.9263991
school,52.4107371,30.9208885
school,52.3787867,31.0166071
shop_grocery,52.5341854,30.9179810
sports_centre,52.3833949,31.0352186
shop_grocery,52.4613123,30.9472228
shop_grocery,52.6229096,29.7203903
school,52.3762612,31.0202987
school,52.3817888,31.0255035
school,52.3826843,31.0207332
shop_grocery,53.9078735,30.3247153
shop_grocery,52.6447942,28.8831742
shop_grocery,52.3849885,31.0286347
school,52.3905444,31.0279642
school,52.3966758,31.0292945
school,52.3948222,31.0306504
shop_grocery,52.3858980,31.0311499
sports_centre,52.3861773,31.0333801
shop_grocery,53.7846946,31.6390112
shop_grocery,54.2678434,27.1043818
shop_grocery,54.2683961,27.1036734
shop_grocery,54.2636344,27.1204866
school,52.3726681,31.0324854
shop_grocery,52.3547172,31.0449982
fap,52.1332900,29.3478115
school,52.1359264,29.3451259
shop_grocery,53.5116937,28.2775152
shop_grocery,53.4581884,27.6401401
shop_grocery,53.4577388,27.6402139
school,54.5540627,26.9551800
shop_grocery,53.6302671,27.4556641
shop_grocery,54.5559739,26.9653531
fap,52.6930954,25.3786424
shop_grocery,52.7027574,25.1474742
shop_grocery,52.6896556,25.1994080
shop_grocery,52.7132555,25.1107740
post_office,52.6600570,25.3247610
restaurant,52.1155332,23.6875318
shop_grocery,52.1422168,29.3167529
fap,54.5687628,30.6692184
shop_grocery,52.1261737,29.2991553
shop_grocery,52.1271954,29.3076480
shop_grocery,52.1248020,29.3089644
shop_grocery,52.1267708,29.3169672
school,52.1266445,29.3213766
fap,52.1383591,29.3212542
school,52.1290965,29.3282548
shop_grocery,54.2294822,27.0038484
shop_grocery,51.6675689,28.4143971
fap,51.6682125,28.4149441
school,51.6700804,28.4103889
fap,55.1563797,30.2172924
school,52.1292971,29.3365784
fap,54.4091767,30.4062967
shop_grocery,52.1315997,29.3384311
fap,55.1639778,30.2264169
shop_grocery,55.9116537,29.3196754
fap,55.1886066,30.2065023
shop_grocery,53.8488544,28.6676887
cafe,55.8369897,27.7459537
shop_grocery,55.8332256,27.7365363
cafe,52.1081550,29.3313754
shop_grocery,52.1186169,29.3348435
bank,52.1237956,29.3347030
sports_centre,52.7043492,24.3548852
shop_grocery,53.5090567,28.1350511
school,52.1171254,29.3499021
shop_grocery,53.5095376,28.1376730
school,53.8979869,25.2613265
cafe,53.5098950,28.1436945
shop_grocery,53.0673279,24.7695615
shop_grocery,52.4627307,25.2069782
shop_grocery,52.4660488,25.2034370
shop_grocery,52.4833832,25.1613606
post_office,52.5006962,25.1896115
shop_grocery,52.5089468,25.1664734
shop_grocery,52.4944821,25.2119979
shop_grocery,52.4631486,25.1705625
shop_grocery,53.9355977,27.5629321
ice_rink,52.7318750,27.4505515
cafe,53.5195474,28.1535088
school,53.8820942,25.3009024
fap,53.9043584,27.5362545
shop_grocery,54.4925800,29.1587278
shop_grocery,54.5410762,29.2002160
shop_grocery,52.2455339,26.8035259
shop_grocery,53.0743312,26.4439314
fap,53.8915008,27.5145987
shop_grocery,54.1126261,27.7551024
shop_grocery,53.5192538,28.1542920
shop_grocery,54.6774779,30.9267974
shop_grocery,52.3787578,23.3607234
shop_grocery,52.2826288,23.3117799
fap,52.2846598,23.3102739
school,53.6856850,26.8577392
fap,53.6943094,26.8573376
shop_grocery,52.3992044,23.3796434
shop_grocery,52.3991595,23.3791208
post_office,52.3996877,23.3800220
shop_grocery,52.3922500,23.4108191
shop_grocery,52.3892025,23.4184582
shop_grocery,52.2995910,23.4888819
shop_grocery,52.4008391,23.3849557
bank,52.3684404,23.3767267
restaurant,52.3673480,23.3833048
shop_grocery,52.3505731,23.5532851
post_office,52.2753672,29.3826980
school,52.4321100,31.0167309
school,53.5749828,31.3704754
shop_grocery,54.1185728,27.7165372
shop_grocery,53.2272955,24.6703139
shop_grocery,53.2160680,24.6846453
post_office,53.3504599,24.6226366
shop_grocery,53.6319147,28.0088550
shop_grocery,53.5785760,27.7934864
shop_grocery,53.5798426,27.7456030
shop_grocery,53.5473432,27.8561656
bank,53.9025047,27.5476323
post_office,52.2072669,27.0107061
shop_grocery,55.1675848,30.2837430
school,53.9896595,27.7944945
cafe,53.9869894,27.7951162
shop_grocery,53.9867944,27.8463137
post_office,52.2309307,27.0183606
shop_grocery,52.6125706,24.7289110
shop_grocery,54.2844157,28.9761161
shop_grocery,54.3002417,29.0708535
shop_grocery,54.2995687,29.0710788
shop_grocery,54.3025608,29.0699663
school,54.3019997,29.0681397
shop_grocery,54.3272355,28.8982231
cafe,54.2999241,28.9496889
post_office,54.1642944,28.9041988
shop_grocery,52.8257798,27.3865339
school,52.7885256,27.6429335
shop_grocery,52.8119580,27.5926434
shop_grocery,52.8267574,27.5940281
shop_grocery,52.8459491,27.3986714
shop_grocery,52.8273903,27.6781046
shop_grocery,52.8714656,27.4785618
shop_grocery,52.9188831,27.4086774
cafe,52.3654675,30.4145390
school,53.8042688,27.2410270
school,55.4576352,27.2282546
shop_grocery,53.9575388,27.0602258
shop_grocery,54.6807343,26.4054032
school,53.6364940,23.8597261
school,54.0031774,27.5715556
shop_grocery,53.5097560,26.7782271
sports_centre,54.2050250,30.3042707
shop_grocery,54.1249147,27.9543899
school,54.1216242,27.9492016
school,52.4058008,31.1008595
school,52.2232511,27.4926985
school,52.2203657,27.4918455
shop_grocery,54.1767351,26.1071370
school,54.1142384,30.8082078
shop_grocery,53.1505803,26.1302328
cafe,53.1374110,25.8781994
school,53.4520026,31.0113258
fap,52.2103052,26.9957767
shop_grocery,53.0700070,25.9869504
shop_grocery,53.0408192,28.2555681
shop_grocery,53.0326571,28.2631213
shop_grocery,53.0352362,28.2368863
shop_grocery,53.0397271,28.2723986
shop_grocery,53.0467118,26.0730658
school,53.2672889,24.5791706
school,54.3232114,31.2315759
fap,53.8993917,27.5514045
shop_grocery,54.4752625,26.3996785
fap,54.6235032,27.5647696
school,53.4256809,27.3985926
shop_grocery,52.1918910,27.1498121
shop_grocery,52.9534113,24.1274196
cafe,54.4749128,26.4001990
shop_grocery,54.1650480,28.0706225
shop_grocery,52.4047300,28.5476764
school,52.4044822,28.5469849
sports_centre,52.2622705,26.7831391
shop_grocery,52.2601276,26.7857459
cafe,52.2598738,26.7855745
sports_centre,52.2597152,26.7902045
shop_grocery,54.2117107,28.4755725
cafe,52.1046199,23.6751752
shop_grocery,53.6946346,23.8384507
sports_centre,53.8868713,27.5293945
shop_grocery,54.0883229,26.9956309
school,54.5034941,30.7833877
shop_grocery,54.0697886,26.9112031
shop_grocery,54.1189567,26.6871581
school,53.6306138,23.8508562
fap,53.4574643,23.8912037
shop_grocery,54.6563673,29.8308926
shop_grocery,53.7446267,27.6924494
shop_grocery,53.6987064,27.5196625
shop_grocery,54.7105241,27.2908297
fap,53.6955648,23.7949405
fap,53.6991396,23.7886596
fap,53.6990807,23.7911496
fap,53.7006731,23.7888881
fap,52.5387276,24.9953704
school,55.6779982,28.5506508
post_office,54.0975395,27.0912195
shop_grocery,54.0983469,27.1310372
cafe,54.5199377,30.3741482
shop_grocery,54.0905851,27.5487377
shop_grocery,54.6826571,29.9051245
school,52.3773443,30.3673299
school,52.3674874,30.3790095
cafe,55.1966074,30.2317408
shop_grocery,52.4042991,28.5335419
shop_grocery,52.4032446,28.5588325
post_office,53.6341776,27.2174951
fap,52.3113698,28.7975206
shop_grocery,52.3166570,28.8178006
shop_grocery,52.3131522,28.8189922
shop_grocery,52.3132149,28.8188281
cafe,53.5400122,28.8295285
shop_grocery,53.5400235,28.8285488
school,53.6653396,23.8193538
shop_grocery,53.9168589,27.2002030
school,53.8929507,27.1993139
shop_grocery,53.7610369,27.9150393
shop_grocery,54.3394228,29.2736575
fap,54.1077760,28.3056334
cafe,52.8533435,27.4776773
school,52.7947396,27.9878040
school,52.7929944,28.0014939
shop_grocery,52.0944368,23.8329387
shop_grocery,54.0533534,30.3182926
school,53.1375803,25.8799211
shop_grocery,53.1361704,25.8767748
post_office,53.1374849,25.8767283
shop_grocery,53.7303505,28.2710870
fap,53.5806016,27.4662954
sports_centre,53.5778214,27.4638942
shop_grocery,52.3669840,30.4214701
shop_grocery,55.0137920,29.1440749
shop_grocery,53.9361172,27.3503595
fap,54.5206896,30.9339539
shop_grocery,53.1664078,27.4924267
shop_grocery,52.1187935,23.6901615
shop_grocery,52.6500773,25.2163624
school,52.7312892,27.4486532
shop_grocery,52.5292278,24.9052821
cafe,52.5331818,24.8977382
shop_grocery,52.5321981,24.8989153
school,52.1354782,23.9887964
shop_grocery,52.1328481,23.9886501
shop_grocery,52.1654995,23.8689489
school,53.7023722,23.8108803
shop_grocery,52.4457746,28.1659735
bank,53.8984490,27.5430192
shop_grocery,52.4521149,31.0228008
shop_grocery,52.4691434,31.0371743
fap,52.4669340,25.1742593
shop_grocery,54.5737347,30.6829642
school,53.7041108,30.5081776
cafe,53.5350255,25.4983522
school,53.8242570,27.5235722
shop_grocery,53.8234027,27.5190437
cafe,53.4547867,24.2591435
shop_grocery,53.4546703,24.2593772
shop_grocery,53.4542473,24.2627039
school,54.2907885,30.9774327
fap,54.2877833,30.9955522
school,53.0999573,25.3138374
school,52.7139343,25.3302616
shop_grocery,52.3523495,28.6680643
school,53.1470495,24.8167528
shop_grocery,53.6166901,29.4483946
school,53.9393671,27.4145452
school,52.4731233,24.9955330
shop_grocery,54.1077153,29.2132330
post_office,54.1054267,29.2104363
shop_grocery,54.1044179,29.2081162
cafe,53.9673103,27.4306866
sports_centre,53.9673530,27.4305328
shop_grocery,53.9669589,27.4312668
school,54.0049280,27.2904727
fap,53.9995621,27.2958629
cafe,53.9661935,27.4254840
sports_centre,53.9666290,27.4269967
shop_grocery,54.1485744,27.1002946
fap,52.3737347,30.3464092
shop_grocery,52.3643015,30.5167756
shop_grocery,55.1269795,30.1357730
restaurant,55.4099937,28.5658849
pool,54.1926856,27.2418878
shop_grocery,52.2170555,30.5457373
post_office,52.9032143,30.0395554
school,52.9033145,30.0400731
shop_grocery,52.9053464,30.0374271
school,55.0856820,30.1581270
shop_grocery,52.5178489,30.0917325
shop_grocery,52.9625341,27.1888804
shop_grocery,52.6103917,25.0970004
shop_grocery,52.6077930,25.0770261
shop_grocery,53.5592258,24.2313112
shop_grocery,53.3957390,28.2176506
shop_grocery,52.5508054,27.0348975
shop_grocery,53.6553822,30.9344475
shop_grocery,54.9650556,29.3922499
shop_grocery,52.3203769,30.2967401
fap,55.3955804,28.8312762
post_office,52.5254402,27.1378724
school,52.5258865,27.1384221
shop_grocery,54.5216740,30.3726004
school,52.1006426,23.7374821
fap,52.1045560,23.8082867
shop_grocery,53.5780774,28.9370727
bank,52.8530895,27.1715824
shop_grocery,52.8539873,27.1775453
fap,52.8596326,27.1490555
shop_grocery,52.3748417,30.3830470
post_office,53.1401546,28.0509826
shop_grocery,52.2221501,27.4644325
shop_grocery,52.2171820,27.4712111
shop_grocery,52.4033453,28.5584578
school,54.5034568,30.4428982
school,54.5007949,30.4025970
school,54.5040643,30.3718111
school,54.5174385,30.3712770
school,54.5236026,30.3693679
shop_grocery,54.7160179,25.7438103
fap,53.8201997,26.6742193
shop_grocery,53.8175878,26.6796428
shop_grocery,53.8176480,26.6789883
shop_grocery,53.8706448,26.9545681
shop_grocery,53.9135105,27.0922557
fap,53.9120728,27.0936209
post_office,53.9124462,27.0937452
school,52.9033416,24.0243027
post_office,52.9078583,24.0307936
shop_grocery,52.3487584,25.6240881
shop_grocery,52.3516300,25.6085494
shop_grocery,52.3523399,25.6086714
shop_grocery,52.3635176,25.6003954
school,52.3488118,25.6057579
shop_grocery,54.2273775,26.7077414
school,53.1983383,26.1430202
cafe,52.0884031,23.7153519
school,52.9782130,26.7121012
school,53.6965119,26.5648717
shop_grocery,54.1201685,28.6802186
school,54.1178010,28.6746973
cafe,51.9247907,29.2585352
shop_grocery,53.8900172,26.7321237
school,53.8888708,26.7473666
shop_grocery,54.0957391,28.3593575
shop_grocery,54.6263821,27.3727157
shop_grocery,53.5276785,30.5336183
school,53.5247064,30.5336371
shop_grocery,53.5228583,30.5312794
shop_grocery,54.0353743,26.6774011
post_office,52.5472559,28.3255486
shop_grocery,54.1507444,28.4119045
shop_grocery,52.2625327,26.8004769
shop_grocery,52.2637335,26.8013513
shop_grocery,52.2609881,26.8011532
shop_grocery,52.2561008,26.7968460
shop_grocery,52.2572496,26.7902510
shop_grocery,52.2553010,26.8051823
school,52.2595149,26.7935520
school,52.2554500,26.7940823
fap,52.2546422,26.7993308
shop_grocery,52.2475181,26.7887896
sports_centre,52.2468172,26.8039234
sports_centre,53.6037932,25.8269248
sports_centre,53.6039529,25.8262464
school,53.6016956,25.8219577
school,53.6028288,25.8226631
bank,53.5971751,25.8267045
shop_grocery,52.2415018,26.8014556
school,52.2433570,26.8005763
shop_grocery,52.2390847,26.7971939
shop_grocery,55.1819641,30.0200173
shop_grocery,52.2545520,26.8137042
school,55.2009531,30.2020517
shop_grocery,52.2540126,29.8275411
shop_grocery,52.2535037,29.8275151
post_office,52.2524671,29.8271794
fap,52.2509610,29.8286529
fap,52.2513200,29.8298828
shop_grocery,52.2513439,29.8275543
school,52.2496833,29.8255826
shop_grocery,52.2415980,26.8138011
fap,52.2406285,26.8098464
shop_grocery,52.2550553,26.8325435
shop_grocery,52.2449632,26.8443087
school,52.2482415,29.8272700
sports_centre,52.1929649,24.2198017
shop_grocery,55.3852356,28.6474007
post_office,55.7217771,27.5645189
restaurant,52.2503363,29.8225307
shop_grocery,53.1910328,30.8701286
shop_grocery,53.1972067,30.8714796
fap,53.1914822,30.8716750
fap,54.3271623,30.3102868
shop_grocery,53.7129727,25.9269887
shop_grocery,52.9466395,26.9978244
shop_grocery,55.5670554,27.5450967
shop_grocery,55.7385381,27.7946072
cafe,52.7706685,27.5320732
school,52.7698619,27.5313628
fap,52.7679494,27.5297688
sports_centre,52.7685190,27.5257401
shop_grocery,53.0451375,28.1175586
shop_grocery,54.5206703,26.5700496
shop_grocery,53.5844555,25.8011317
sports_centre,52.0435948,29.2847523
sports_centre,52.0437746,29.2838484
cafe,52.0483490,29.2741913
shop_grocery,54.2968702,26.8462926
school,52.0470529,25.6198231
shop_grocery,52.1384567,29.3181942
cafe,53.0348327,28.2829344
shop_grocery,53.1632508,24.4615094
shop_grocery,53.4185128,24.5462192
shop_grocery,53.4184682,24.5458136
station,53.9100810,27.6507484
school,52.0965132,23.7260327
shop_grocery,54.1244278,30.2745995
school,52.0412194,29.2775250
shop_grocery,55.5664072,28.3905762
shop_grocery,52.9838995,25.1949936
pool,52.1157694,28.1605068
shop_grocery,53.8695493,25.6897576
school,53.8691396,25.6879207
shop_grocery,53.8835094,24.1338731
school,53.7036332,23.8514081
school,53.6964478,23.8119286
shop_grocery,52.7794941,27.5405253
school,53.9005056,25.3146202
school,53.8950398,25.2768203
school,53.1905519,30.8704542
school,53.4487673,26.7326398
shop_grocery,54.2010885,28.4740832
shop_grocery,54.4572651,26.8488544
school,53.7015296,23.7984086
shop_grocery,53.1410847,25.2755158
cafe,53.8524715,25.3387436
shop_grocery,52.5245955,27.1377904
shop_grocery,53.8402305,27.6365662
cafe,53.9824703,27.0323591
school,52.0277842,29.2073524
school,53.5061137,25.6183055
shop_grocery,53.9230387,27.4451756
school,52.0546848,29.1803211
cafe,52.7776589,27.4997767
shop_grocery,52.8536758,27.4774456
cafe,53.9051829,27.4573663
shop_grocery,53.7385158,27.5057766
shop_grocery,52.4966157,25.0384589
shop_grocery,53.5204664,28.1012812
fap,53.9340300,27.5992007
fap,52.9789262,24.7689718
school,52.6944689,25.2287078
school,53.0749945,24.8935121
shop_grocery,52.2632158,26.8894431
school,53.0672189,24.7702458
shop_grocery,55.6425198,29.8587464
school,53.0896423,30.7825730
shop_grocery,53.0909470,30.7811729
shop_grocery,52.6396157,29.7332875
shop_grocery,52.5664251,25.1339277
shop_grocery,52.7550653,25.0776946
school,53.1609115,24.8133945
post_office,52.8067589,24.9232272
shop_grocery,53.1562770,29.2357226
shop_grocery,53.1474217,29.2266395
shop_grocery,53.3346132,25.8456679
shop_grocery,53.0475697,24.9150750
shop_grocery,52.5382738,29.5240329
sports_centre,53.9047731,27.4727485
shop_grocery,52.2494145,26.9123779
shop_grocery,52.7791513,27.4814793
school,54.0256430,28.0961421
cafe,53.9636924,27.6246941
bank,53.9635129,27.6242398
cafe,53.9640850,27.6242662
shop_grocery,54.2969801,26.8502940
shop_grocery,52.3157577,25.5904058
shop_grocery,52.3158287,25.6011508
school,52.3166792,25.6066914
fap,53.1995084,30.5604408
pool,53.9817042,27.4412771
pool,53.9826065,27.4378088
shop_grocery,55.3469873,28.3299147
shop_grocery,55.1260819,30.4244350
shop_grocery,52.2086865,27.2585567
school,52.2136655,27.2535860
school,54.0234643,27.4334196
shop_grocery,52.4575389,24.9702826
shop_grocery,52.5190609,24.9607293
shop_grocery,52.5212907,24.9569877
shop_grocery,52.2152972,27.2532893
school,53.7047278,28.4373244
shop_grocery,52.2208985,27.2465558
fap,55.3484642,29.3034082
fap,52.3673239,29.4577393
shop_grocery,53.0324237,28.2627871
shop_grocery,53.5885179,28.1048611
shop_grocery,51.7913063,24.0717569
shop_grocery,55.1736168,30.2555693
shop_grocery,55.4545520,29.0655877
shop_grocery,53.8038871,28.8705436
shop_grocery,53.8034744,28.8724118
school,52.2452577,26.8146409
fap,52.2461970,26.8193777
fap,55.6424768,27.0206756
post_office,55.2627973,28.0098486
shop_grocery,55.2603967,28.0082545
shop_grocery,52.4822116,24.9605915
school,52.2534610,26.8999784
fap,52.2507350,26.8172898
school,52.2513901,26.8287876
school,52.2498319,26.8493559
fap,52.2412278,26.8093991
school,52.2264236,26.9271570
sports_centre,53.9264201,27.5359578
shop_grocery,52.8821317,26.8505730
shop_grocery,53.5092996,28.1318470
shop_grocery,53.8300792,27.3313166
fap,52.1338501,25.5384339
school,52.1436630,25.5238719
shop_grocery,55.4095329,30.7145964
post_office,53.4037592,23.7638084
shop_grocery,53.7128117,31.7267026
school,53.3248360,23.8196215
school,53.7111192,31.7214860
shop_grocery,55.7629706,27.9378217
shop_grocery,54.0954122,28.3025067
cafe,54.0969787,28.3005929
school,53.7805515,23.7821970
shop_grocery,53.7804073,23.7844911
school,53.9397543,28.4139072
shop_grocery,55.3652780,30.5138062
shop_grocery,54.2977747,26.8705378
shop_grocery,53.1398414,24.4183918
shop_grocery,53.5592044,27.8347774
school,52.5402439,24.9752846
shop_grocery,52.5466968,24.9742217
post_office,53.8638091,23.6215038
shop_grocery,54.1043356,28.3646781
school,54.2424346,28.5149449
school,53.8125763,23.8516080
school,52.8309415,24.3456924
school,52.9417163,24.3689410
school,55.6413808,27.0316041
ice_rink,55.6196116,27.6324445
shop_grocery,55.6195848,27.6206392
shop_grocery,54.2003924,27.2435404
cafe,54.2058038,28.4823357
shop_grocery,55.6266142,27.6206583
school,53.6034942,25.3793514
school,53.6008789,24.9814268
shop_grocery,53.5088855,27.2793207
shop_grocery,53.5024697,27.2465696
shop_grocery,53.4931443,27.2454861
post_office,53.4926683,27.2468209
shop_grocery,53.5970569,24.9805069
school,53.8870751,28.3769641
fap,53.8836837,28.3699414
shop_grocery,52.5346224,24.9794744
shop_grocery,53.3778900,30.5138396
school,53.3691227,25.2499777
fap,54.2742605,28.4834027
cafe,55.0746728,29.5748587
fap,52.7926764,27.9753079
cafe,53.1490529,24.8159099
school,53.2160446,24.7304821
shop_grocery,54.2647735,30.9899518
sports_centre,52.9505826,27.8964035
shop_grocery,52.9118594,30.0385976
ice_rink,53.6375553,23.8626863
school,53.2669567,24.6841819
pool,54.2532496,27.0205191
post_office,55.7886394,27.4546113
sports_centre,53.9452099,27.6526137
fap,52.8983006,30.0295740
bank,53.6218408,23.8659808
post_office,53.6219167,23.8658558
sports_centre,52.9090719,30.0524875
shop_grocery,55.5642803,28.3945417
school,53.8458296,27.4790854
school,52.5260660,24.8958833
sports_centre,53.8494780,27.4823921
shop_grocery,52.0671169,27.7537347
shop_grocery,54.1527374,26.9203913
post_office,54.1529896,26.9204168
school,53.6620351,23.8422015
cafe,53.5373556,31.3330583
fap,53.5937089,25.8167273
fap,53.5935368,25.8163457
restaurant,54.3096777,26.8439151
shop_grocery,52.7886205,25.5351877
sports_centre,53.7505844,24.2131181
fap,53.2564271,29.4790311
school,54.4210161,26.8102765
fap,53.0101615,25.3445336
post_office,52.8804237,26.8650756
shop_grocery,53.0822326,27.0173959
shop_grocery,53.0708966,26.9901949
school,52.5382976,24.9819419
shop_grocery,53.0648762,25.0381881
school,53.0731027,25.0128275
shop_grocery,52.7288005,26.9637826
shop_grocery,52.5143338,26.7969666
post_office,52.3671540,23.3761000
cafe,52.3137251,24.8155516
shop_grocery,52.3132054,24.8158347
shop_grocery,52.3132183,24.8164424
post_office,52.3136229,24.8168427
school,52.4264419,24.8920101
school,52.4355788,24.8425260
shop_grocery,52.4686137,24.9178381
fap,53.6999743,25.1070439
shop_grocery,52.7873726,27.5385976
shop_grocery,55.4905671,28.7907082
fap,53.5067323,27.2791720
post_office,53.0660692,25.0235379
shop_grocery,52.5406403,26.5740203
school,53.5010580,24.0625718
school,52.5354828,26.5956172
school,52.4608112,26.7902097
shop_grocery,52.4595432,26.7883205
cafe,54.4693522,25.9080227
school,52.0165714,27.5430386
shop_grocery,53.5849357,27.6668641
school,52.6387568,24.5853987
shop_grocery,52.6361442,24.5832723
shop_grocery,54.3064670,26.8449986
shop_grocery,53.2733062,24.6826441
shop_grocery,55.4817865,28.8246240
shop_grocery,54.0041628,27.2644972
shop_grocery,52.5960565,24.8151247
shop_grocery,52.5832126,24.8626411
fap,52.5797498,24.8580238
shop_grocery,53.9413735,27.7288357
shop_grocery,53.9264336,27.7533612
school,52.5588828,24.7754118
shop_grocery,52.5461364,24.8456917
school,52.6106478,25.0825971
shop_grocery,52.3985336,31.3374394
school,53.2520631,26.1741493
shop_grocery,53.9787230,30.4618236
shop_grocery,53.9787143,30.4602411
post_office,54.1608133,29.7615552
shop_grocery,54.1605027,29.7615771
shop_grocery,54.2806818,28.7712608
shop_grocery,54.2781457,28.7698325
cafe,54.2907227,28.7647396
shop_grocery,52.5035320,31.0350157
shop_grocery,51.9286587,26.4024254
shop_grocery,53.6100970,28.9737743
shop_grocery,53.6135826,28.9731641
post_office,53.6195132,28.9141407
shop_grocery,53.6227539,28.9107880
shop_grocery,52.4820326,24.7018293
school,52.4886930,24.7010261
school,52.4870695,24.6984431
post_office,55.8900194,28.6073536
shop_grocery,55.8898851,28.6076163
shop_grocery,55.3565033,27.4848881
shop_grocery,52.4474629,24.8119264
restaurant,53.9542781,28.0717909
shop_grocery,52.8282240,24.3519436
sports_centre,52.4006956,31.3280511
shop_grocery,52.9853307,24.3904826
shop_grocery,52.8333252,24.5234531
school,52.8074556,24.9271792
shop_grocery,52.8547353,24.6142379
post_office,52.8554431,24.6163086
post_office,53.6283414,23.8538368
shop_grocery,52.9062639,24.0329753
shop_grocery,52.7563667,25.0174246
shop_grocery,52.8357654,24.8478824
shop_grocery,52.8227069,25.1400165
pool,53.6741825,23.8320947
shop_grocery,53.0434648,29.5166035
shop_grocery,52.2433750,26.8049999
shop_grocery,52.8905036,30.0354818
shop_grocery,54.3578789,27.6512271
shop_grocery,54.0742200,28.5601455
shop_grocery,52.2269559,30.3192098
fap,52.2537764,26.7916026
shop_grocery,52.2534664,26.7959600
bank,52.2557817,26.7967744
school,53.1608715,24.7884661
shop_grocery,52.2589220,26.7860220
shop_grocery,52.2532500,26.7766921
shop_grocery,54.6645890,26.2147933
shop_grocery,54.0084230,27.2630428
school,52.2533508,26.8019880
fap,53.4874164,26.7475655
shop_grocery,52.2471768,26.8001602
shop_grocery,52.2445526,26.8051255
shop_grocery,52.2432083,26.8037254
shop_grocery,52.2456534,26.8476063
shop_grocery,52.2590107,26.8198280
shop_grocery,54.1187545,27.5940394
sports_centre,52.4372274,31.0135792
shop_grocery,52.3911486,26.7522091
shop_grocery,52.3890193,26.7589303
pool,54.0439873,27.2208402
school,52.2116116,23.7416505
post_office,55.8126299,27.0431873
cafe,52.7966706,27.5446388
school,51.7909104,28.3280928
sports_centre,55.1176385,26.8827421
school,55.7121070,28.0846569
school,53.7208441,24.9849749
shop_grocery,53.8373495,27.6415508
school,54.0788922,25.2860802
shop_grocery,54.1147000,29.3217161
school,54.0400855,25.4086196
school,53.3219757,24.6840101
school,53.2875512,24.3978775
shop_grocery,55.1591647,30.1425440
school,52.9832001,30.1527211
school,55.4445389,30.1348945
school,55.8356204,29.9883199
school,55.6743085,29.9850288
shop_grocery,53.6907529,24.9895575
restaurant,53.8002539,25.1696172
shop_grocery,51.8251234,26.7231944
shop_grocery,51.9254767,26.6740836
shop_grocery,51.9196954,26.6802362
school,51.8563724,26.8838024
shop_grocery,51.8483868,26.9171610
shop_grocery,53.9357156,27.6860113
post_office,55.0488791,26.3097972
shop_grocery,55.6703365,28.3306616
school,55.0482484,26.3159980
school,51.8263792,26.8317246
shop_grocery,54.0152795,31.6986970
school,53.6574137,23.7800084
school,53.6954140,23.8152878
school,53.7070988,23.8020894
school,53.6961569,23.8256233
school,53.6901998,23.8425516
school,53.6841242,23.8547854
school,53.6820389,23.8386729
school,53.6724004,23.8470202
school,53.6785291,23.8544561
school,53.6736905,23.8077344
school,53.6720676,23.7683844
school,53.6923805,23.8046354
school,53.6935777,23.8034683
shop_grocery,51.8710428,26.4971378
shop_grocery,51.8644279,26.4699872
shop_grocery,55.2070825,30.2049284
shop_grocery,54.2403233,28.5567965
shop_grocery,54.2403693,28.5575094
shop_grocery,52.1116316,23.7559138
shop_grocery,53.0881052,24.4077126
shop_grocery,55.0406851,26.3121822
cafe,53.2856942,32.0787775
shop_grocery,54.2848999,30.9916810
cafe,55.8882408,28.6061580
shop_grocery,53.7952893,30.1986992
cafe,53.7949945,30.1982789
shop_grocery,52.9939928,25.9555190
shop_grocery,52.7327318,25.2628272
shop_grocery,55.0496174,26.3113950
shop_grocery,52.6318220,24.3213050
fap,52.5330864,30.9104158
cafe,53.6741345,23.8281178
shop_grocery,53.7731529,30.2385462
school,52.4578327,30.9963282
school,52.4489475,31.0174125
shop_grocery,52.4423108,31.0807693
school,52.3514905,31.2612920
fap,54.6091138,25.9802756
school,53.1464204,26.6863069
school,53.9135370,27.5787103
school,53.4853913,27.2524480
cafe,52.7938329,27.5426805
cafe,52.7941597,27.5426691
cafe,51.7898628,24.0720925
shop_grocery,55.0448779,29.4705683
sports_centre,53.9436360,27.4580760
fap,53.2433871,32.1385441
post_office,53.7819657,30.1874743
school,55.7676041,27.9277144
shop_grocery,52.6755898,29.2525021
cafe,53.6841242,23.8379838
school,53.1534428,29.1990254
shop_grocery,53.8357366,27.5719655
school,53.2755429,29.2446508
school,53.6050322,24.0834910
fap,55.1502688,27.0927063
school,53.4829681,29.3414487
school,52.6258343,26.5158795
shop_grocery,53.0037180,27.5675975
cafe,53.0039595,27.5674336
shop_grocery,54.0493508,27.3895874
cafe,52.5351167,30.9159936
shop_grocery,52.5352342,30.9158715
ice_rink,52.5311500,30.9126040
sports_centre,52.5316118,30.9112702
shop_grocery,54.8824561,28.7165902
shop_grocery,52.9085790,28.1573213
school,53.5398707,28.8300333
school,54.1450334,28.3012211
shop_grocery,54.8834904,28.7151196
shop_grocery,54.8836220,28.7152117
shop_grocery,54.8837117,28.7151657
school,54.8855026,28.7145966
school,54.8856076,28.6971402
school,54.8859526,28.6900391
school,54.8844169,28.6857899
shop_grocery,54.8825032,28.7083970
fap,54.8952907,28.7132858
school,51.7436088,23.5999025
cafe,51.7472008,23.5934951
shop_grocery,52.8244908,27.3929739
post_office,52.8240727,27.3901778
shop_grocery,52.8235242,27.3880694
school,54.5720523,30.4481792
school,52.1975382,23.5843267
cafe,53.9432498,27.7075637
school,52.7037319,25.1433478
school,51.9586272,26.5659285
school,51.9691632,25.0342407
school,53.8507329,31.2196012
school,52.9128488,30.3199857
school,54.7172618,30.6533951
school,53.7197481,24.1784694
school,52.9007162,30.2073222
shop_grocery,53.5265679,29.3514226
school,52.0398578,23.7014570
school,53.2977239,26.2371005
fap,53.2846136,26.2476191
school,52.1892234,24.2439863
shop_grocery,53.0928066,25.2564573
school,52.0572471,26.1306435
post_office,54.2973148,26.8794471
school,53.5882190,25.8041811
fap,54.7160549,30.6596533
school,53.5846202,25.8025717
school,54.5251367,30.9328785
school,53.5923207,25.8173261
fap,53.5951247,25.8067299
school,53.5972136,25.8134910
school,52.0721733,27.1810824
school,52.0187298,27.4698071
shop_grocery,54.9295084,28.5337383
shop_grocery,53.5628866,31.2480072
sports_centre,53.5643102,31.2503093
shop_grocery,53.8667544,27.7050727
post_office,52.5311486,24.9002619
shop_grocery,52.5187470,24.9301015
shop_grocery,52.5201178,24.9351439
fap,53.3786670,30.5201770
school,53.3792746,30.5147824
shop_grocery,53.6005107,25.8087969
school,55.2860734,28.4119457
shop_grocery,53.4642793,28.1683713
school,53.1995073,24.0131479
fap,53.1968908,24.0169801
shop_grocery,53.2022049,24.0109641
shop_grocery,53.1812141,24.0165009
school,55.1601362,28.3451033
school,53.8239133,27.4477985
fap,52.0631827,27.7403812
school,52.6329457,24.5460507
shop_grocery,53.3943632,24.8049611
shop_grocery,53.3113886,24.6023207
school,52.2373273,24.8960173
school,53.3146629,24.6027070
school,53.1353696,30.8031857
school,54.9609688,27.6538163
shop_grocery,54.2643395,30.9921416
shop_grocery,54.2803284,31.0022774
shop_grocery,54.4246007,27.8324975
cafe,53.7093465,23.8490229
shop_grocery,53.0421321,28.3192298
sports_centre,53.9041169,27.4402443
school,54.6098888,25.9702823
school,53.8008266,30.9629703
post_office,52.4709283,24.5215896
shop_grocery,53.0236581,25.7279709
shop_grocery,52.4043343,30.9231582
shop_grocery,52.7464753,25.4145086
post_office,52.7475750,25.4146698
shop_grocery,52.7515795,25.4221906
fap,54.4152498,29.6885294
shop_grocery,54.4142079,29.6932796
school,52.5215792,24.5117400
cafe,54.3756105,29.3124385
shop_grocery,53.2834180,26.8366280
school,53.5179053,26.7209548
shop_grocery,53.4677952,26.6843671
shop_grocery,53.1066096,25.9891395
school,53.4590862,25.6598139
shop_grocery,52.7936182,27.5443730
cafe,52.7933633,27.5446535
school,51.9811318,25.5579187
shop_grocery,55.2052582,28.1591258
shop_grocery,53.5698739,26.6051960
shop_grocery,53.5698230,26.6039819
shop_grocery,53.5623613,26.7509677
fap,51.7619252,29.5702560
cafe,52.0522331,29.2596810
shop_grocery,53.9074771,27.4428280
school,53.6869707,28.9828080
shop_grocery,53.2255781,24.6065013
shop_grocery,53.3024515,28.6414540
shop_grocery,53.3024178,28.6411456
school,53.6120240,28.9686084
shop_grocery,53.3134742,28.6377492
school,52.5139864,25.8447571
school,52.5194967,25.8475198
school,52.9867662,24.6164373
cafe,52.0854509,23.6929628
shop_grocery,52.4983982,30.9694558
school,53.8484428,28.6714428
school,53.0706494,25.3141073
school,53.0824218,25.2960561
school,53.0857957,25.3058629
school,53.0849418,25.3065603
shop_grocery,54.9695461,29.1307854
school,53.1310321,25.1342930
school,53.1668545,24.3466972
restaurant,53.4554417,26.4648573
school,52.5553565,24.4590520
school,52.5537029,24.4716637
school,52.5597267,24.4696816
fap,52.5932736,24.4810933
post_office,52.5951689,24.4856198
cafe,52.8980720,24.8426947
pool,52.8981061,24.8398726
water_park,52.8973181,24.8424650
shop_grocery,52.9268539,24.7273138
school,55.0878866,27.2373843
school,52.9857264,24.3873884
fap,52.8870175,30.6179822
school,52.8840103,30.6240440
school,53.8391765,27.5691162
sports_centre,52.4634500,28.7965538
school,52.4498193,28.8076107
fap,52.4492243,28.8106577
fap,52.2915752,26.6650766
school,52.2918648,26.6649534
school,52.2809862,26.6996221
fap,52.2768205,26.7029228
school,52.2763509,26.7348552
shop_grocery,52.2998083,26.9619263
school,52.3000922,26.9563476
bank,53.2212816,26.6764840
shop_grocery,52.7789603,27.5378488
post_office,54.9939389,26.7513920
school,54.3263021,26.8419513
shop_grocery,52.7890153,27.5340927
shop_grocery,52.7889407,27.5363424
shop_grocery,53.2889270,28.2466382
school,55.3474559,27.8810692
school,55.4536470,28.9762996
shop_grocery,54.2111044,28.4738726
cafe,53.9423674,27.5664653
school,55.3737029,28.0166389
shop_grocery,52.5365266,24.7023015
ice_rink,54.2137324,30.2872456
school,54.4951792,30.4028454
shop_grocery,53.6127624,24.7365815
cafe,54.4916903,30.4301160
school,53.9910110,29.7192335
shop_grocery,54.4774361,29.6237299
school,54.0257737,28.0730805
school,54.0185533,28.0626263
school,53.8608718,27.6269611
shop_grocery,53.8313233,27.3094516
fap,53.9588915,27.0491713
shop_grocery,53.9596649,27.0465875
shop_grocery,54.5082084,26.3696675
school,53.2157474,25.0382039
bank,53.8632183,27.4610061
school,53.5178014,30.2422381
shop_grocery,53.5273014,28.1767561
school,53.8373479,27.5811928
school,53.8421578,27.5666645
school,53.8375099,27.5806036
shop_grocery,52.4719702,31.0090250
shop_grocery,55.1835273,29.0403454
fap,54.1429057,28.3051981
shop_grocery,52.5439309,25.1107967
shop_grocery,52.5423608,25.0821865
fap,53.6602629,28.0988270
shop_grocery,53.6636676,28.0844645
shop_grocery,53.1446828,24.9748434
shop_grocery,52.9715157,24.7671993
bank,53.1291375,26.0227568
school,55.3488377,30.2326047
shop_grocery,53.0375831,24.7330295
shop_grocery,53.0120404,24.7572620
shop_grocery,53.0055100,24.7851825
shop_grocery,55.6678604,28.3283160
shop_grocery,55.6785180,28.3558409
shop_grocery,55.6687896,28.3284876
shop_grocery,55.6682814,28.3290400
post_office,55.6700760,28.3246905
shop_grocery,55.6543078,28.3282873
shop_grocery,55.6784249,28.3322162
fap,53.9291109,27.7494566
fap,53.8379470,27.6557673
school,53.6085441,27.3703756
shop_grocery,55.6149384,28.2836518
shop_grocery,53.3115021,25.7036157
school,53.2976016,25.7471872
school,55.1866642,28.2640162
school,53.3306680,31.3813305
school,53.3319382,31.3944760
school,54.8837119,28.6867238
school,52.4767491,25.1745782
school,53.7008760,28.8288226
shop_grocery,55.1828496,28.2603496
shop_grocery,53.9115984,27.4790698
shop_grocery,55.7827226,27.9337377
shop_grocery,53.1648025,29.1994135
shop_grocery,52.7884772,27.5102504
shop_grocery,52.1313366,23.6944893
shop_grocery,53.6754794,23.8040207
shop_grocery,53.6653711,23.7850879
shop_grocery,53.6719235,23.8340408
school,53.4568249,24.2653307
shop_grocery,52.5157044,29.5977651
fap,52.5171678,29.5959627
shop_grocery,55.9099570,27.8842864
fap,55.9111049,27.8847358
bank,53.9188879,27.5798249
shop_grocery,54.4974094,30.4086074
school,54.4215998,29.7675781
shop_grocery,52.9063733,30.0453249
school,52.4259774,25.2629811
shop_grocery,52.4237559,25.3308274
shop_grocery,52.4195296,25.3118344
shop_grocery,52.4198011,25.2351343
post_office,55.2306154,28.6428032
shop_grocery,55.2303217,28.6425295
school,52.5072797,25.5672563
school,53.8757480,27.5376921
school,52.5264714,24.3936874
cafe,52.5331288,24.9799345
school,54.2478290,26.8400715
school,53.6239327,27.8911422
school,52.1977764,24.3446446
ice_rink,52.1973145,24.3466445
school,52.2032451,24.3445343
school,55.2904357,28.2173618
shop_grocery,53.0367577,25.2656969
shop_grocery,53.1175210,26.0315135
fap,53.9663271,27.6606282
sports_centre,53.9663271,27.6606282
school,53.8678676,27.6477908
shop_grocery,53.8806167,27.5602172
school,52.4679083,23.7310025
school,53.3455348,25.4821388
shop_grocery,53.6763945,23.8893471
shop_grocery,53.6911954,23.8883523
shop_grocery,53.7194417,23.8403841
shop_grocery,51.6724346,27.8170648
fap,53.2497082,24.1777914
school,53.2494241,24.1803557
cafe,53.2483925,24.1869531
school,53.3407005,23.9464885
fap,53.3383730,23.9458545
school,53.4424760,23.9318731
school,53.4664668,23.8831294
shop_grocery,53.8772711,27.5538464
shop_grocery,53.6734843,23.8697408
shop_grocery,53.6510475,23.7790636
shop_grocery,53.6976096,23.8315912
school,53.8792747,24.1376399
school,53.1172929,23.9685682
shop_grocery,53.8116780,30.1313228
school,52.9894489,25.5817820
fap,53.3138836,25.6885401
school,51.9965489,29.3233970
shop_grocery,51.9421619,29.5255235
shop_grocery,53.4002611,24.4843693
shop_grocery,53.2852832,24.8809054
school,53.3599892,24.8773273
school,53.9002554,27.4985687
shop_grocery,53.2499604,28.0405403
school,53.4049765,25.1100469
school,53.3361192,25.8419259
fap,53.7961515,29.8361974
post_office,53.7975732,29.8364351
sports_centre,51.9763391,25.4621941
shop_grocery,51.9753940,25.4627466
school,51.9750982,25.4611159
fap,55.1690153,28.6145514
shop_grocery,51.9903823,25.3690973
shop_grocery,52.0205593,25.4301071
school,52.0414976,25.5269265
school,52.0502571,25.1230448
shop_grocery,53.1991273,26.1566033
restaurant,53.6795304,23.8294889
shop_grocery,54.3801316,29.8395798
school,53.6878704,24.9335349
shop_grocery,53.1308168,26.0424917
school,54.0710949,25.8886007
shop_grocery,51.7539055,27.6723088
fap,54.8252648,26.1571062
shop_grocery,54.6968752,30.5070195
school,53.8807780,24.1392500
shop_grocery,55.3059197,27.1722239
shop_grocery,53.7383271,27.1976477
shop_grocery,52.5387772,24.9927043
fap,52.8601589,24.8930614
school,53.0634297,24.5768774
school,55.5521891,26.8278489
shop_grocery,55.5896705,26.6838866
school,52.2526975,29.8305604
school,53.7681324,26.8048918
shop_grocery,55.8384574,27.8740310
shop_grocery,53.9533000,27.1016834
shop_grocery,55.6843940,28.1599465
shop_grocery,55.7082003,28.0950767
school,53.1804160,29.2328006
shop_grocery,52.1332080,23.7098498
shop_grocery,53.1682315,28.7787374
post_office,53.4379080,28.5471039
shop_grocery,53.4181921,28.4732455
school,53.4273968,28.4831876
fap,53.4355163,28.5447845
school,53.4568105,28.5870776
school,53.2592607,24.1022524
shop_grocery,53.2890662,23.9376641
shop_grocery,53.2327693,23.9861347
shop_grocery,53.0947554,25.3352612
sports_centre,53.8847385,27.5394108
shop_grocery,53.8260601,28.9371943
school,55.2764799,30.1321077
shop_grocery,55.6138423,28.4533837
cafe,53.9396072,27.1313930
cafe,53.9409904,27.1305110
shop_grocery,53.9558218,27.0984098
post_office,53.6913338,30.9350224
school,53.8962547,25.2567878
shop_grocery,53.6942554,30.9325842
shop_grocery,52.6017204,24.3984616
shop_grocery,53.1222494,24.3598327
fap,54.2763886,28.1604588
shop_grocery,52.4512489,26.7101651
shop_grocery,52.6320942,27.2557223
shop_grocery,54.8130248,26.1616685
post_office,54.6176312,28.8323039
shop_grocery,54.6174433,28.8337469
shop_grocery,54.6173408,28.8349002
school,55.3239395,27.8145665
cafe,54.8794502,26.9314185
school,54.9288082,30.6741208
shop_grocery,53.0291605,24.1356599
shop_grocery,55.8381954,27.7387941
shop_grocery,53.4632973,28.1887507
fap,53.9473158,27.6303269
post_office,52.9631305,26.4642340
fap,52.9656702,26.4485368
school,52.9652551,26.4612130
shop_grocery,52.0421919,25.6153173
school,52.0590353,25.6705592
shop_grocery,53.0364345,28.0516710
shop_grocery,53.0443124,28.0521297
shop_grocery,54.5614984,29.9744837
shop_grocery,53.0279710,27.9207922
school,54.3537193,30.4118568
shop_grocery,54.3083062,28.3989675
school,54.3373969,28.5773599
shop_grocery,52.9455096,25.6043318
shop_grocery,54.4298359,28.4309971
shop_grocery,53.4644597,26.9635173
shop_grocery,54.5236104,28.5377598
cafe,53.8616446,27.5776311
post_office,54.5625233,28.6996217
shop_grocery,53.0528854,25.0256847
school,52.4193921,28.9578259
shop_grocery,52.0920971,29.1279252
school,52.5018778,24.7685990
shop_grocery,52.5029461,24.7706734
fap,53.0181169,29.0291657
school,54.1720554,26.1470204
post_office,55.8072256,28.3130774
school,52.7245735,27.4569485
bank,53.9401274,27.4721099
shop_grocery,54.8948861,30.4308294
school,55.0145201,30.1799262
fap,53.0370957,28.5525602
shop_grocery,53.7996156,29.2286378
shop_grocery,55.3026048,29.8903146
shop_grocery,52.6014731,24.3981202
shop_grocery,52.6015933,24.3991678
shop_grocery,52.6010898,24.3959037
school,53.9260718,25.5108188
shop_grocery,52.3996337,31.1192379
fap,53.8792554,27.5438531
shop_grocery,54.9578848,30.0483799
school,54.9582152,30.0430933
school,53.3159336,25.6916839
shop_grocery,54.1585433,27.2377009
shop_grocery,53.2957271,25.7521865
shop_grocery,53.2962481,25.7513241
school,52.9610959,29.1112044
cafe,53.9189609,27.5786856
shop_grocery,52.5777873,28.2377014
fap,55.0320452,30.7971856
shop_grocery,52.9466514,25.0209929
shop_grocery,53.1012717,24.7597230
school,54.8296651,30.2243784
shop_grocery,53.0279559,25.8175487
school,53.4634430,25.5748666
sports_centre,53.8473986,27.5056739
school,52.6027050,24.3979726
fap,52.2416896,26.8031263
fap,52.6949151,30.3169547
school,52.6918101,30.3128831
shop_grocery,52.9869502,25.7667205
shop_grocery,54.1305183,26.8100489
fap,53.4594765,25.5762967
school,52.8095847,29.4154759
school,52.8073879,29.4229708
shop_grocery,54.3137978,26.7037183
school,53.9558798,27.6686441
cafe,53.0465137,24.4246795
school,52.6326429,24.3167353
shop_grocery,53.0525543,26.8566046
shop_grocery,53.0327037,26.8269719
shop_grocery,53.9766363,27.5057688
shop_grocery,53.9137658,30.2855828
pool,54.2188812,27.7515724
ice_rink,52.0742122,23.7220149
school,52.8036760,24.4849205
bank,53.9314565,30.3644836
shop_grocery,53.6792854,30.6763896
school,53.6866404,30.3747350
school,52.8237736,27.3872192
shop_grocery,55.2272333,29.8855215
school,53.5088839,28.1488910
shop_grocery,53.7819392,30.0095630
school,53.5695199,24.1985230
school,53.5751415,24.2361391
shop_grocery,55.2586201,28.1696977
shop_grocery,54.3749515,26.6570812
school,52.7025443,30.7143949
school,53.2633645,30.7660784
shop_grocery,53.7993772,30.7428253
shop_grocery,53.7979451,30.7420608
shop_grocery,53.8143859,30.6955674
shop_grocery,53.8145174,30.6931870
shop_grocery,53.3636415,28.6917332
bank,54.1509655,25.3188991
fap,53.7490160,29.8644449
shop_grocery,53.4730682,26.7559819
school,53.4180245,26.0575069
school,54.2318981,27.7643997
school,53.9716899,30.4647154
school,54.1253652,27.3584381
shop_grocery,53.4907535,25.6640736
shop_grocery,53.5967357,26.0601478
cafe,52.9873281,25.6792630
bank,53.3091604,26.3613455
sports_centre,53.9055649,27.4141808
shop_grocery,52.7946292,27.5315759
shop_grocery,53.8304609,28.9915114
bank,54.0644026,27.7010500
shop_grocery,53.9510799,30.3402489
cafe,53.8862342,25.3020033
shop_grocery,54.5742205,26.6213350
post_office,54.3753884,26.6561891
school,53.2248382,26.6655084
ice_rink,55.1575058,30.2064122
shop_grocery,54.3999605,26.3923895
shop_grocery,54.3748718,26.6574400
fap,53.2284887,25.8157133
shop_grocery,53.6912643,30.3266092
shop_grocery,54.3663475,26.5020852
school,54.3769534,26.6580757
shop_grocery,54.4312237,26.4359902
shop_grocery,54.4315007,26.4363255
school,53.2727225,25.9196251
school,53.2728806,25.9189566
cafe,52.1022381,23.7498779
shop_grocery,52.7920149,27.5216577
shop_grocery,52.7934251,27.5261477
shop_grocery,52.7941566,27.5260069
shop_grocery,52.7951953,27.5322909
shop_grocery,53.1484670,30.8272347
shop_grocery,53.1221613,25.3060602
shop_grocery,52.1254341,28.4927111
shop_grocery,52.3365837,30.4528804
cafe,53.8024590,27.7681976
shop_grocery,53.2045788,25.1447225
shop_grocery,54.2510059,25.3564317
shop_grocery,53.6364842,27.2167907
cafe,53.7416439,26.8784922
shop_grocery,52.7791703,27.5316578
cafe,54.1532408,25.3142557
shop_grocery,51.8887662,24.2381375
shop_grocery,53.2610797,30.7683076
cafe,54.1429991,25.3125877
school,52.6235395,29.8198090
shop_grocery,54.2506928,25.3556956
school,53.2415536,25.6518044
cafe,52.2802898,29.3770270
fap,52.2777594,29.3795644
shop_grocery,52.2774918,29.3803519
school,52.2742638,29.3753212
fap,52.2779826,29.3794088
fap,52.5814510,30.5637930
school,52.5813076,30.5634980
shop_grocery,53.9121151,27.0928082
school,53.9816197,31.5817505
school,52.9899906,25.7633820
shop_grocery,52.9814000,25.7710241
school,53.0952224,24.5542100
cafe,52.4250304,31.3204866
school,55.8757694,28.8435012
shop_grocery,52.3768300,23.3684148
sports_centre,52.5555007,30.2143720
sports_centre,54.6059766,25.9707606
shop_grocery,52.9833687,27.3461651
shop_grocery,54.1274789,26.8022232
shop_grocery,54.0460942,27.3857344
shop_grocery,53.4177255,27.6275391
fap,53.3261044,26.0044816
shop_grocery,53.3274484,26.0047619
shop_grocery,53.3282489,26.0049068
shop_grocery,53.1994295,26.1528398
school,53.6002640,24.9780822
school,53.4471056,24.3764520
shop_grocery,55.1440587,27.2068793
school,53.9085792,24.6455446
pool,53.7572802,25.4726601
shop_grocery,55.4726088,28.7714949
school,53.8130256,24.5592284
shop_grocery,52.6343111,29.7062476
school,52.4246052,25.3325147
shop_grocery,52.4241852,25.3254139
post_office,53.3516238,32.0970447
school,52.5003283,25.1901752
shop_grocery,52.4852598,25.1944438
school,52.5533415,24.9632013
fap,51.8882519,24.2402392
shop_grocery,53.5136525,24.6933756
bank,55.6226025,27.6155703
restaurant,55.3304544,28.0960762
shop_grocery,54.2114208,27.2310284
shop_grocery,55.6232035,27.6131284
shop_grocery,55.6237406,27.6116210
ice_rink,52.4282059,30.9495240
shop_grocery,53.8496275,27.4550968
shop_grocery,52.7504539,27.8448947
shop_grocery,53.7659153,27.3317980
school,53.6158712,23.8118851
shop_grocery,52.3878339,24.9917919
school,52.3884316,25.0161507
post_office,51.8887706,24.2389840
shop_grocery,54.2166663,27.0687708
shop_grocery,52.8977737,30.0354206
shop_grocery,52.5666077,24.4191806
cafe,53.9210349,27.5803580
shop_grocery,53.9209118,27.5796802
restaurant,53.9209843,27.5795409
cafe,53.9210387,27.5794364
shop_grocery,53.9211836,27.5791579
shop_grocery,53.8704764,30.3670158
school,53.3562271,26.4158904
school,53.3943369,28.4587178
sports_centre,55.1761062,30.2253373
shop_grocery,53.4550000,28.5860488
shop_grocery,54.8790054,28.7042035
shop_grocery,54.8817178,28.7193717
school,53.9955174,27.7065756
school,52.3382448,25.2290109
shop_grocery,52.3547721,25.1133021
sports_centre,54.1913095,27.2445192
shop_grocery,51.8869617,24.2356639
shop_grocery,53.0637424,27.4764660
shop_grocery,53.0609990,27.4984923
shop_grocery,52.8448728,27.8539432
school,52.5314697,24.9820814
shop_grocery,52.3328721,25.2284611
fap,52.6330973,24.3172295
shop_grocery,52.2517977,25.1853211
ice_rink,53.6250655,23.8060507
shop_grocery,54.2607807,27.0729228
shop_grocery,52.6977018,25.3295758
cafe,52.8327763,25.4978456
shop_grocery,52.8320995,25.4989336
shop_grocery,52.8321975,25.4980699
school,52.8326016,25.4792141
shop_grocery,52.8337108,25.4731688
shop_grocery,52.5384465,30.9135417
cafe,54.1374513,25.4077486
fap,54.1376508,25.4072206
post_office,52.8816436,25.4989138
shop_grocery,52.8814198,25.4933963
shop_grocery,52.8821611,25.4938809
school,52.8796234,25.4986668
shop_grocery,52.7331718,27.4562421
fap,53.7004100,25.1045955
school,53.6975532,25.1000748
fap,52.2097872,24.3380677
school,51.8883230,24.2379948
fap,52.4236385,24.8935872
shop_grocery,53.6032979,24.7427843
shop_grocery,53.1034195,27.5714320
fap,53.2090237,27.5966960
shop_grocery,53.3270702,27.5270417
school,53.3293592,27.5153598
shop_grocery,53.3324459,27.5186706
shop_grocery,53.0743838,27.7883238
shop_grocery,53.0832988,27.7601606
school,53.1024245,27.8031315
school,54.3096201,26.8490545
shop_grocery,52.2125390,27.1555746
shop_grocery,52.2104731,27.1025473
cafe,52.2129368,27.1009541
shop_grocery,52.2132474,27.1016809
shop_grocery,52.2433157,27.1398367
fap,53.1422271,27.6643789
school,53.1403833,27.6562759
school,53.9307688,30.2533824
school,52.7545972,25.4242730
bank,52.7524924,25.4223318
fap,52.2239581,27.2597516
fap,52.2240945,27.2591400
fap,55.8386946,27.7424714
school,53.9319290,27.4318199
shop_grocery,55.7819144,27.9208505
school,52.9981418,27.6511314
cafe,52.1589155,24.0864217
shop_grocery,53.0312070,27.6177835
shop_grocery,53.5175366,26.9248248
cafe,52.5443096,25.0143491
fap,53.8979719,30.3393898
shop_grocery,51.6738038,27.5476983
school,53.9001530,30.3395722
school,53.9035255,30.3347915
school,53.9030323,30.3357155
school,53.8723824,30.3133122
school,53.8956151,30.3190783
school,53.8961369,30.3183676
school,53.9036376,30.3227416
school,53.9011810,30.3375374
school,53.9098888,30.3352523
restaurant,53.5009406,27.7472924
fap,53.8987601,30.3401488
school,53.0367990,25.2647057
shop_grocery,52.9380850,27.8404807
shop_grocery,52.9756186,27.8122410
school,52.0777221,25.6732749
school,52.9887054,25.1966393
shop_grocery,52.0953819,25.5963645
school,53.7455005,30.2548027
school,53.7794058,30.1839977
school,53.9292498,30.3149798
sports_centre,53.9265937,30.3016298
shop_grocery,53.4978846,27.7491340
school,51.6739446,27.5400002
school,55.2579812,30.6013495
post_office,52.5729937,27.5146848
shop_grocery,52.5734093,27.5154734
fap,55.4469377,27.2358908
shop_grocery,53.8587946,30.2649817
shop_grocery,55.2067153,27.1983608
fap,55.1411072,27.2072012
shop_grocery,53.1945330,26.8152584
shop_grocery,53.4173266,27.0037140
shop_grocery,54.6422494,30.4312652
shop_grocery,52.8887809,27.2668514
shop_grocery,52.9018237,27.1800470
shop_grocery,53.4945555,29.3268107
shop_grocery,53.4943361,29.3275912
shop_grocery,53.4816551,29.3366262
shop_grocery,53.4806782,29.3420818
fap,53.8984904,27.5453524
post_office,55.1504162,27.0918223
shop_grocery,53.1250969,26.8839588
shop_grocery,55.2318673,27.4725853
post_office,55.2225263,27.4531525
shop_grocery,55.2223739,27.4580663
shop_grocery,53.1463050,26.8416094
shop_grocery,53.8509552,28.9962930
school,53.9042120,30.3428652
shop_grocery,55.1468596,27.6749818
shop_grocery,55.1966804,27.6331816
shop_grocery,55.0825713,27.6634847
fap,53.4410461,24.3798329
fap,53.3697349,24.3478195
school,54.2003932,30.2981247
post_office,52.9539012,27.0677175
shop_grocery,52.9540507,27.0669369
shop_grocery,55.7416315,27.9841484
shop_grocery,53.6190476,23.8009871
post_office,53.3179293,25.2908076
school,53.8656748,30.3051015
school,54.2529040,29.7978836
school,53.3653489,24.0740758
school,55.7259808,27.2597421
shop_grocery,52.1221873,26.5984583
school,54.0087797,27.2661929
school,53.7390171,27.5093975
fap,53.9011806,30.3424316
fap,55.1994882,28.7548229
post_office,55.2996266,28.7769418
post_office,51.9273641,26.6727273
shop_grocery,51.9071856,26.6045603
shop_grocery,52.5293402,24.9850736
shop_grocery,52.7161828,25.3281924
shop_grocery,51.9485635,26.3989556
school,54.2020320,30.3000137
shop_grocery,53.2602569,24.4215082
cafe,53.8961156,30.3343463
school,53.6161856,28.6897966
school,54.3546352,27.0630692
school,54.3401025,29.7654326
shop_grocery,55.1859865,30.1897550
shop_grocery,53.1316546,24.2018507
shop_grocery,51.9373102,26.9036722
school,55.5001540,30.7719675
school,54.4102824,29.6958804
shop_grocery,51.9400643,26.9151346
school,51.9949357,26.9918686
shop_grocery,51.9749826,27.0572019
shop_grocery,52.7027785,25.3253192
school,52.7084598,25.3265923
shop_grocery,52.0201663,27.1630043
post_office,55.8142518,27.9377216
school,54.4590201,30.0079904
shop_grocery,52.5404387,24.9797041
fap,53.2967014,29.4259099
school,54.3487693,29.5256700
school,53.8436464,27.5013731
school,53.8434794,27.4966460
shop_grocery,54.0609087,27.5814346
shop_grocery,52.0397933,27.3392764
shop_grocery,52.0402486,27.3379299
shop_grocery,52.0401760,27.3418191
school,52.0398725,27.3370984
fap,52.0200871,27.3518626
shop_grocery,52.0204956,27.3501635
shop_grocery,52.0129271,27.4403340
shop_grocery,52.0150640,27.4454409
fap,52.0188780,27.4825399
shop_grocery,52.0189647,27.4829529
shop_grocery,52.0191570,27.4758276
school,53.8952830,26.7446204
shop_grocery,52.0365759,27.8482309
school,54.0925788,28.2979903
shop_grocery,52.0478876,27.9259077
cafe,54.3000968,28.9494840
shop_grocery,52.9788186,27.4224169
school,53.6126559,24.7331092
shop_grocery,51.9514094,27.0484994
fap,51.9516202,27.0479590
school,51.9553710,27.0516282
fap,53.9109207,27.4368229
school,53.9122297,27.4437758
school,53.9136986,27.4432395
fap,53.9122557,27.4402964
sports_centre,53.6874124,23.8216099
fap,53.8976551,27.4532017
school,53.8752172,27.4504277
fap,53.8829132,27.6086748
school,53.8453021,27.4788186
shop_grocery,54.8310715,28.6683991
school,54.7479262,28.3147816
school,52.6562638,25.2416039
shop_grocery,53.0269741,27.5439970
fap,51.8965253,26.8576050
school,53.0681093,26.6322889
cafe,52.6061814,24.8534054
school,53.1514947,24.4363782
shop_grocery,52.0678586,27.3358216
shop_grocery,52.0774988,27.3717579
cafe,53.8231337,27.5189556
shop_grocery,53.4105144,26.9934093
post_office,53.4099415,26.9932207
shop_grocery,52.4514050,30.9907877
post_office,53.9039103,30.3363426
shop_grocery,51.9808609,27.0757118
fap,55.5670277,28.1927526
shop_grocery,55.5590736,28.1596542
school,52.5101584,25.0291675
school,54.2115563,28.5201089
fap,52.3165301,23.9202091
fap,52.0507470,27.0397863
shop_grocery,52.0632086,27.0836002
shop_grocery,52.0576577,27.0778736
shop_grocery,52.0702856,27.5065416
cafe,52.0600721,27.4982991
school,52.0493269,27.4971807
ice_rink,54.0901388,28.3174368
fap,52.0168749,27.5426629
shop_grocery,52.0469647,27.4879700
post_office,52.0462124,27.4879083
shop_grocery,52.0462273,27.4838716
school,52.0504353,27.4953353
school,53.9316143,25.2657759
school,54.2123941,28.4791491
school,52.2275431,25.2168631
shop_grocery,52.1180454,28.1563818
shop_grocery,52.1890165,28.1791635
shop_grocery,52.1896477,28.1781319
shop_grocery,55.6233904,28.6447183
shop_grocery,53.1691481,24.2421443
school,53.1667691,24.2438087
school,54.2154074,28.4789180
school,54.2146740,28.4785126
shop_grocery,53.1681099,24.2416717
school,53.2808773,24.8702462
shop_grocery,52.0695768,23.7359127
shop_grocery,52.3536018,31.0474500
school,52.3591628,26.9797128
post_office,52.1298039,25.6929527
shop_grocery,52.1265883,25.6813345
shop_grocery,52.4692449,31.0399758
school,52.4379286,24.7219849
fap,52.4897219,24.7158694
shop_grocery,52.2827021,27.0218597
school,52.3992113,27.0420474
school,52.2589021,27.0564562
shop_grocery,52.5806460,26.8583960
shop_grocery,52.5802808,26.8582719
fap,52.7877806,27.4949669
post_office,52.4574060,26.7911723
shop_grocery,52.5189042,27.1494591
post_office,52.3639605,27.9064221
shop_grocery,54.3955115,28.7466601
fap,54.3960597,28.7476628
shop_grocery,55.4852295,28.1895299
shop_grocery,54.4340546,25.9623736
shop_grocery,52.2025751,27.3586741
shop_grocery,52.1772362,27.4715200
school,52.5857572,25.3833237
shop_grocery,52.0933405,27.4213251
shop_grocery,52.0914421,27.4223980
shop_grocery,53.2104674,28.0481724
school,52.6610681,25.3269652
shop_grocery,52.6657210,25.3261326
shop_grocery,52.5229859,27.2935072
shop_grocery,52.4990563,27.2823586
shop_grocery,52.4966086,27.2822741
post_office,52.4975982,27.2822285
school,53.9208620,26.6729110
school,52.6961514,25.3764573
shop_grocery,52.7481280,27.1180865
shop_grocery,53.7018788,23.8349788
fap,53.8478778,27.5485315
shop_grocery,52.5798843,27.7187592
shop_grocery,54.1856461,28.4720374
shop_grocery,52.2283458,27.4784315
shop_grocery,52.2275850,27.4806373
school,52.3366841,26.8280396
shop_grocery,54.4897767,26.3709141
shop_grocery,55.2107200,30.1419728
shop_grocery,53.1606043,24.5791074
shop_grocery,52.7207469,25.3505879
fap,52.7201507,25.3496700
school,52.7165633,25.3530376
school,52.7144315,25.3320292
school,53.7124983,23.8454294
school,52.4709915,25.1699562
school,52.4685603,25.1751978
shop_grocery,55.5707194,28.4316568
shop_grocery,52.3463562,26.0643071
school,52.5072721,25.9034496
shop_grocery,52.7883468,27.5532824
shop_grocery,54.0976473,27.5530940
school,53.7796566,24.8484463
fap,53.6964483,24.0105439
school,53.2205008,26.6774480
shop_grocery,52.0459997,29.2731081
shop_grocery,54.9091495,26.2375632
school,52.2882676,25.7506439
post_office,53.8288298,30.3860339
shop_grocery,54.8734275,28.6927533
sports_centre,55.5309090,28.6520079
shop_grocery,53.8896098,27.2629260
school,53.8825323,27.2584963
shop_grocery,52.2443442,24.4182337
school,52.5486183,25.6604040
shop_grocery,55.5090669,28.6930024
shop_grocery,54.0485969,27.3293817
shop_grocery,54.0853292,27.3154007
fap,52.3315454,24.5819049
shop_grocery,52.5340313,25.6926012
school,52.5348500,25.6914836
shop_grocery,55.7551861,27.7183523
restaurant,52.0310676,29.2420501
shop_grocery,52.3173126,26.8630282
school,54.0412809,27.3002744
shop_grocery,52.2815428,24.4551493
shop_grocery,52.3259578,24.5495825
school,51.9845334,24.7555731
school,51.9648448,24.3175528
school,51.9851411,24.2079931
school,52.1098015,24.3772996
school,52.0258432,24.3561078
school,52.0147710,24.4078741
school,51.9184415,24.4879460
school,52.0612644,24.4799598
fap,53.7096082,23.8502117
school,52.3319890,24.5710248
school,52.3787364,24.6815586
shop_grocery,52.9166080,30.0285911
shop_grocery,52.7421237,27.4633125
shop_grocery,52.3060009,26.8863631
fap,54.2562934,26.0153159
sports_centre,52.3372093,25.9976954
shop_grocery,53.9481881,27.7952295
shop_grocery,52.4707274,24.5190739
school,52.4770835,24.5210681
shop_grocery,53.3587203,25.8252471
school,53.3589571,25.8175343
bank,53.3622020,26.1151343
bank,52.9095373,30.0460858
school,53.1385752,29.1792517
school,53.8752084,25.2822313
school,53.8784580,25.2817137
school,53.9153077,25.2375020
school,53.8824184,25.2883977
school,53.9153727,25.2804100
school,53.3134104,28.6445931
shop_grocery,52.0344981,29.1988560
shop_grocery,52.8530013,27.9640622
school,52.9153218,25.1688194
cafe,52.5169315,24.5123725
shop_grocery,52.2168796,24.4782873
fap,52.2179630,24.4744813
shop_grocery,52.2178899,24.4748175
school,52.2207935,24.4722122
school,53.2800806,29.4612887
cafe,53.6971781,28.4311652
school,53.7024376,28.4178825
shop_grocery,53.1502525,27.0891394
school,53.1494195,27.0908998
shop_grocery,53.1487776,27.0889096
shop_grocery,53.1504147,27.0893452
shop_grocery,53.1504325,27.0893896
shop_grocery,53.1504255,27.0896723
shop_grocery,53.1504929,27.0898779
school,52.7724574,26.5245724
post_office,52.7681154,26.5222492
shop_grocery,54.3192905,29.2603307
school,53.4295893,24.6249683
shop_grocery,52.5529407,24.4279397
school,52.5568028,24.4464026
fap,51.7792984,30.2676102
shop_grocery,52.5625547,24.4566819
shop_grocery,52.6206413,24.5199586
school,53.0340990,27.9249443
shop_grocery,53.1355779,30.8009697
post_office,52.9886628,25.5688523
shop_grocery,53.0243986,25.9126643
bank,51.8896598,26.8485183
restaurant,53.9408654,27.4714767
shop_grocery,52.8492768,27.6621066
shop_grocery,52.9533776,27.4945908
shop_grocery,52.2252634,24.4921712
fap,53.4340854,30.9915133
shop_grocery,53.4338697,30.9892360
shop_grocery,53.4309816,30.9888350
fap,53.3262110,31.3868276
school,52.9474127,31.1575949
fap,52.9528143,31.1746281
school,54.0011605,30.3459602
school,53.6454038,29.2343650
school,52.8528160,24.6160161
school,54.5875764,25.8877009
shop_grocery,53.1338033,25.7749803
fap,52.8328632,26.7199385
post_office,52.8312910,26.7223699
school,53.5868271,24.2384615
school,53.5853300,24.2487222
school,52.8807030,24.5528474
shop_grocery,52.7860199,27.5260503
shop_grocery,52.9704473,26.6581329
school,54.2118961,27.8534519
shop_grocery,53.8492111,30.1652585
shop_grocery,53.0816483,27.3577424
shop_grocery,53.3630534,25.8195600
school,52.6542397,24.4247183
sports_centre,53.5085963,28.1550974
school,55.6227662,27.6160125
shop_grocery,52.5481345,24.5725506
school,53.2292405,25.8135612
shop_grocery,53.2095444,27.2352229
post_office,53.2296297,27.2622920
shop_grocery,53.2351572,27.2687557
school,53.4684712,25.4100136
school,53.4657069,25.3988699
school,53.0423730,27.2822277
shop_grocery,53.9840265,26.8899929
fap,55.3680546,27.4560855
shop_grocery,53.9647286,30.1108888
school,52.6453909,30.1979564
cafe,55.1940604,30.1897468
school,53.5555445,24.5031218
shop_grocery,53.3891233,27.3345741
school,51.9213464,24.6979576
shop_grocery,51.9959885,26.4865941
shop_grocery,52.0138532,26.5127148
school,52.6704865,24.0815458
post_office,52.6682549,24.0829919
shop_grocery,53.2893228,23.9274177
fap,52.6577214,24.1716076
shop_grocery,52.6571859,24.1706270
shop_grocery,52.6577805,24.1691370
school,52.6566705,24.1635543
fap,53.9310617,30.3446420
shop_grocery,54.0619807,29.9229169
post_office,52.6444078,24.2219875
shop_grocery,52.6450975,24.2221220
school,52.6436200,24.2229706
shop_grocery,52.6653755,24.2874627
pool,54.1025698,27.8097055
pool,54.0564673,27.7634111
pool,54.0558477,27.7605274
school,53.9069155,30.3803947
shop_grocery,52.9130842,30.0323584
shop_grocery,52.9134285,30.0321598
shop_grocery,52.1967056,24.0277945
sports_centre,53.9189636,30.3239735
school,53.1894702,25.6707896
school,53.1456927,25.7144547
fap,52.9841128,25.5518020
post_office,52.7471111,24.1016908
school,53.0107956,26.0402693
shop_grocery,54.0131098,27.0516342
school,53.2506052,26.2876707
school,52.1303943,24.9840850
school,53.1692886,26.2481287
school,53.4635527,25.4019690
cafe,53.5294142,24.3166758
shop_grocery,53.9155896,27.1918952
shop_grocery,53.9126392,27.1861920
shop_grocery,54.0434250,27.2676203
shop_grocery,52.5627343,24.2153663
cafe,52.5555055,24.2163724
bank,52.5560673,24.2154856
shop_grocery,52.5567242,24.2163086
post_office,51.8625910,23.7479034
fap,51.8822620,23.6537034
shop_grocery,52.0572738,23.8550640
shop_grocery,52.5691439,24.3320742
post_office,52.5696494,24.3327528
school,52.5631646,24.2112493
fap,52.5549398,24.2252169
shop_grocery,53.2423584,25.6537072
shop_grocery,53.2091916,25.6039425
shop_grocery,54.0989080,27.5002124
school,54.0224101,25.2222369
shop_grocery,52.5752774,28.2349706
school,53.2943508,24.3998408
school,52.8663902,24.6808719
post_office,51.9435108,23.9655177
shop_grocery,51.9432297,23.9638647
shop_grocery,53.9409930,26.8523844
fap,53.9420876,26.8560254
school,53.3586373,25.9726665
fap,51.5526431,23.6021947
post_office,51.7625260,23.6550753
school,54.5999689,30.9927294
shop_grocery,54.1086645,26.3905630
shop_grocery,52.2447987,24.5029989
shop_grocery,52.9454694,27.4583839
shop_grocery,52.8989301,30.1290033
sports_centre,53.5694550,27.5640321
shop_grocery,53.4662985,27.4095964
shop_grocery,53.5175686,28.0089635
shop_grocery,53.4394460,27.2630306
shop_grocery,52.2401972,24.2265304
school,53.1540854,24.4369080
shop_grocery,53.6251850,26.9625893
shop_grocery,53.7354674,27.7732055
school,52.9551339,29.9739773
shop_grocery,53.4407358,27.2270496
shop_grocery,55.1623518,27.5002323
shop_grocery,53.7225648,27.1298379
fap,53.4714798,27.2099039
shop_grocery,53.4007784,27.5708595
school,52.2451485,24.6029592
shop_grocery,52.3005815,24.6697379
shop_grocery,52.0313625,29.2092791
shop_grocery,52.2341994,24.7201348
shop_grocery,53.7828909,25.9822315
school,53.8554884,30.3048078
school,54.5601337,26.1105070
school,53.0297970,24.2654446
shop_grocery,52.8717681,26.1317166
school,53.3936107,23.9018329
shop_grocery,54.4220614,26.5460353
fap,54.4216335,26.5466667
school,54.4235572,26.5254207
post_office,51.9577637,24.5742377
school,52.8964053,30.7694769
shop_grocery,54.1280390,28.4129244
school,53.1712302,25.9327490
shop_grocery,53.4202419,24.5488424
fap,53.1626888,24.4708148
school,53.1609706,24.4759467
school,54.1194934,24.9958711
fap,53.9362004,25.7875666
shop_grocery,53.6985073,26.7199436
school,52.9570118,24.1317970
school,53.8202021,29.3186206
school,53.8011616,29.0957103
school,53.9367880,25.7593538
shop_grocery,52.8039455,30.2162319
school,54.8112000,29.6887037
shop_grocery,54.5655388,28.1924386
shop_grocery,54.5649976,28.1929535
shop_grocery,54.5646804,28.1967623
school,54.5617428,28.1949927
fap,54.5642751,28.1830811
shop_grocery,53.7388267,27.5057907
shop_grocery,53.7387662,27.5052301
shop_grocery,54.4913671,28.6694495
fap,54.4932920,28.6607047
post_office,54.4913377,28.6688819
shop_grocery,54.1266111,28.4143579
fap,54.1010589,28.4552070
school,54.2783638,28.7574196
school,54.2796667,28.7662977
fap,54.2780772,28.7637061
school,54.1646911,28.8899823
fap,54.1640765,28.9040559
school,54.1599295,28.6011324
school,54.0730426,27.2136236
fap,52.0470863,29.2715172
shop_grocery,54.1304699,28.4180147
school,52.5389535,25.0867331
school,54.4820469,26.3938965
shop_grocery,53.1326290,25.9807135
shop_grocery,52.7889909,27.5216820
shop_grocery,52.7908420,27.5146963
post_office,52.2383081,24.2281367
school,52.9947768,24.6564912
post_office,55.0143310,30.9570104
school,54.5357049,30.4454567
school,54.4464008,30.7892597
school,53.1250573,24.0625096
school,53.2862059,23.9404589
school,53.4111818,24.5348807
school,54.6586197,30.6583142
restaurant,52.2111600,24.3572857
fap,54.3007386,26.8316173
school,53.7732023,23.9148332
sports_centre,53.6735784,27.9656124
restaurant,53.6744635,27.9632963
fap,52.0919837,23.7053150
school,53.6739073,27.9672512
sports_centre,53.9421988,27.4708933
post_office,52.5273919,24.3958804
shop_grocery,54.5103650,30.3565505
shop_grocery,53.0445527,27.3635611
school,53.2956963,24.2713227
pool,53.7017109,23.8169330
school,52.2407532,24.2231089
school,55.6210796,27.6236495
cafe,55.6177611,27.6226088
shop_grocery,54.0666724,27.4536515
shop_grocery,53.5761837,24.2398932
shop_grocery,53.0975298,25.7486063
shop_grocery,52.9863761,26.2250515
sports_centre,53.6157854,23.8136199
cafe,52.8138871,27.5603038
sports_centre,53.8723463,30.3172985
shop_grocery,52.2471381,24.2978096
shop_grocery,52.2611923,24.3101169
shop_grocery,52.2636368,24.3525573
post_office,52.2636058,24.3557437
sports_centre,53.7081908,23.8306341
shop_grocery,52.2273427,24.2687157
shop_grocery,52.2407275,24.2219135
shop_grocery,52.3096192,24.1870102
shop_grocery,52.2834610,24.1161516
shop_grocery,52.4218434,24.1674797
shop_grocery,52.4258335,24.1536516
shop_grocery,52.3410537,24.2353114
post_office,52.3412682,24.2334424
fap,52.3401065,24.2531025
shop_grocery,52.3378679,24.2481244
school,52.3396591,24.2474699
shop_grocery,52.2997025,24.2753971
school,52.2979334,24.2751669
school,52.2432286,24.1276369
shop_grocery,52.2371265,24.1295239
school,52.2360929,24.0788368
post_office,52.2868345,24.0699533
shop_grocery,52.2862225,24.0671691
school,52.2913390,23.8551229
school,52.7669638,25.3540125
school,52.3214010,23.9304146
shop_grocery,52.3940264,24.0032923
sports_centre,53.9091299,25.2352495
shop_grocery,52.2728278,23.7682342
shop_grocery,52.2256422,23.7797919
school,52.3771099,23.3557578
shop_grocery,55.2596357,27.1360145
shop_grocery,54.6790270,31.0644704
post_office,52.4924089,23.8713502
shop_grocery,52.4152042,23.9282334
school,53.7338943,25.4179323
shop_grocery,53.1110723,25.9838229
school,54.1512353,27.1064442
shop_grocery,52.1175788,24.3036776
shop_grocery,52.0988655,24.1526645
shop_grocery,52.0994064,24.1399973
cafe,52.0996283,24.1401142
school,53.4161268,26.9830154
shop_grocery,53.6123342,31.9240111
shop_grocery,52.0317016,23.9918554
shop_grocery,52.0334400,24.0049097
shop_grocery,52.0356734,24.0042177
shop_grocery,52.0336628,24.0043156
fap,52.1349829,23.9879086
shop_grocery,52.1460977,24.1239273
fap,53.9283970,30.3171167
school,53.0385940,25.3749418
fap,53.1406956,24.4183837
school,55.2027606,27.2038690
post_office,52.0237645,29.2073907
shop_grocery,51.5516315,23.6102079
shop_grocery,51.5516409,23.6098241
school,51.5617866,23.6003628
shop_grocery,51.7159221,23.6926818
shop_grocery,51.6881953,23.7496539
shop_grocery,51.7059146,23.7471494
cafe,53.9154938,30.3017557
shop_grocery,51.7476927,23.5942045
bank,51.7490586,23.5967928
ice_rink,54.9194690,26.6956706
shop_grocery,52.9031322,30.2116888
shop_grocery,52.9014698,30.2094379
shop_grocery,51.6655639,23.5830617
shop_grocery,54.2279511,27.1799344
sports_centre,53.1645558,29.1695398
shop_grocery,54.2451539,27.1731430
shop_grocery,52.7040517,24.3531970
shop_grocery,55.1179744,27.5447510
shop_grocery,55.1180127,27.5451011
shop_grocery,55.2108155,27.5657750
shop_grocery,53.0571993,26.6457247
school,54.2219681,26.6090119
shop_grocery,51.8165827,23.6597569
shop_grocery,51.7936317,23.6819946
shop_grocery,51.7264201,23.5754331
shop_grocery,51.6656299,23.7030660
shop_grocery,53.6886997,27.0716130
shop_grocery,55.0774743,27.4287017
shop_grocery,52.1473104,24.3685104
fap,52.1473060,24.3737164
school,52.5751095,25.4897350
fap,52.5751935,25.4904764
shop_grocery,54.5387049,25.7654782
school,53.5170664,28.1267059
sports_centre,52.7731775,27.5225462
school,53.6984193,23.8043706
school,52.1008649,23.6696774
school,53.4521815,30.4405104
school,53.8988102,27.5984823
school,53.6445838,25.6680536
pool,53.9752421,27.2802238
fap,54.1878417,30.6146201
school,54.1892465,30.6152128
shop_grocery,54.6274473,27.0864656
shop_grocery,53.9511468,30.3583452
shop_grocery,52.9485351,26.1254298
shop_grocery,52.7649141,27.4973810
fap,51.9429160,29.5238079
shop_grocery,54.1374475,27.5832284
school,53.9056157,28.1248137
school,53.8231187,27.8622362
school,53.8220268,28.0705023
school,54.3592965,28.6218583
school,54.4340895,25.9595415
school,53.5676617,23.8731899
school,52.2624565,29.4276726
shop_grocery,52.9599349,27.5425322
shop_grocery,52.8089400,26.5555979
shop_grocery,52.9744235,26.7608583
shop_grocery,54.1111677,28.1842110
school,53.9541342,28.2345620
school,54.0066577,28.2474353
shop_grocery,52.8839661,25.0939437
school,55.3503794,28.3242615
cafe,54.0128290,28.4769496
shop_grocery,54.0123438,28.4776593
post_office,53.9269772,30.3382265
fap,53.9619711,27.4329806
shop_grocery,53.4078136,24.5346295
shop_grocery,53.4191166,24.5588972
school,52.7576847,25.1469916
sports_centre,53.6794686,23.8954866
shop_grocery,54.7533796,25.8893898
shop_grocery,54.7499184,25.8869305
school,52.1463909,25.5346136
school,54.8484029,25.9646040
pool,53.8946140,25.2875613
shop_grocery,52.7934846,27.5347235
shop_grocery,52.7851031,27.5240567
shop_grocery,52.1904706,24.0303986
shop_grocery,55.0223474,30.8030930
sports_centre,53.7991412,25.1698199
fap,53.8003958,25.1694819
school,52.1768694,26.2686539
school,53.3087448,29.0498792
shop_grocery,53.3054603,29.0498252
shop_grocery,53.2489025,28.9309032
shop_grocery,53.4117038,28.9949315
shop_grocery,54.4197806,30.2887491
fap,52.7881539,27.5501181
cafe,53.8899956,28.0338961
fap,53.6023412,24.7277961
school,52.4117249,31.3221272
school,52.4120910,31.3228275
shop_grocery,54.5123501,30.3891844
fap,53.6992513,23.7913073
school,54.4274962,25.9314552
post_office,53.4113937,28.8196345
shop_grocery,54.8370475,29.9966464
cafe,53.9192791,27.5804972
fap,51.4433242,30.5637491
school,51.4390820,30.5666874
cafe,53.9200826,27.5818414
cafe,53.9196574,27.5811693
cafe,53.9196180,27.5811078
school,54.5747154,27.2766967
cafe,52.9862170,25.3573400
cafe,53.9201291,27.5811545
school,54.9772474,28.3823463
shop_grocery,53.3633530,26.1162659
school,55.6282282,27.0696774
shop_grocery,53.2344667,29.3843816
shop_grocery,53.4193300,24.5540665
school,53.4173217,24.5494513
school,53.4179297,24.5517182
school,55.6428528,27.0360953
shop_grocery,54.7194044,29.6355477
shop_grocery,52.7076462,25.3440966
shop_grocery,54.7670342,29.6278980
shop_grocery,54.9599508,28.9411372
school,54.9619404,28.9404291
fap,55.4808991,28.7711604
school,53.3091851,26.5102439
shop_grocery,53.3063747,26.5138476
fap,53.3051087,26.5120221
sports_centre,53.3053849,26.5088340
school,53.9353073,27.5635092
school,53.3387835,27.0975342
school,53.9440987,27.7232060
shop_grocery,53.3303508,27.0998986
school,53.4037752,27.5572150
school,53.8583086,25.1504420
shop_grocery,55.4862209,28.7530531
fap,52.7573476,25.1521410
school,53.6777764,27.7498506
school,53.9167261,27.1931260
school,53.3535772,27.2054261
cafe,53.7383488,27.3860021
school,53.7305988,27.3862445
shop_grocery,53.7324740,27.3838979
school,55.8385497,27.7412254
shop_grocery,55.0759068,27.2341515
restaurant,53.9774790,27.0130399
school,52.7280500,26.9790592
school,55.4981714,27.4715474
school,55.3592485,27.4771371
school,53.3075372,26.5193237
school,53.0784116,31.2795273
fap,55.9029481,28.8077754
school,53.3119399,26.5417057
pool,54.0758533,27.8353866
shop_grocery,53.5172825,30.2326088
shop_grocery,53.5192803,30.2384875
shop_grocery,55.1334085,27.7043582
sports_centre,53.5283886,30.2274611
school,53.5232474,30.2265671
shop_grocery,53.5458029,30.2213569
school,54.0758252,27.8364372
shop_grocery,53.0889914,29.1897704
school,52.1917200,23.9852111
school,52.2303113,24.3761720
fap,52.1920475,25.1613776
school,52.6296415,29.7392902
shop_grocery,52.5820780,26.8445807
school,52.4640588,29.2607357
school,53.3984723,29.0015884
fap,53.3947441,29.0019590
shop_grocery,53.3929005,29.0070811
bank,53.3930098,29.0073731
shop_grocery,53.3930414,29.0076025
fap,53.3863394,29.0184379
school,52.1853459,25.1639333
school,52.1880888,25.1582786
school,53.1493023,27.0785655
cafe,52.8926900,30.0424484
school,53.6750084,27.2711724
shop_grocery,53.7115864,30.0539557
school,54.4625520,30.0044024
school,53.8859044,25.4096603
school,53.9328110,27.6575609
shop_grocery,53.3767558,32.0583281
sports_centre,53.3619269,32.0515341
fap,53.6182946,23.8138530
fap,53.9242232,30.3560128
sports_centre,55.5897970,28.6114488
fap,53.1434887,29.2201382
school,53.4093656,32.0860219
school,53.4161410,32.1635270
school,53.5956658,24.7278052
school,53.1429661,29.2268239
school,54.6216023,30.3096592
shop_grocery,54.6507062,27.7861927
school,53.3759493,32.2304696
fap,54.1526492,27.2530889
shop_grocery,54.1501917,27.2508895
school,54.1498877,27.2510344
ice_rink,53.9077476,27.4873894
fap,53.8361578,27.6297316
shop_grocery,52.0768524,29.2006783
shop_grocery,55.0265053,30.2988177
sports_centre,55.5317625,28.6524824
sports_centre,55.5320886,28.6528445
sports_centre,55.5322471,28.6515646
post_office,52.4242957,25.2563096
fap,55.6954098,26.8981031
post_office,52.2219399,23.4522120
school,52.2235064,23.4526828
school,53.9280657,24.7955741
shop_grocery,54.3162831,26.7145743
school,53.9747076,27.1300918
fap,52.0432965,29.0016551
shop_grocery,53.4007361,30.9034402
fap,53.4015985,30.9084571
shop_grocery,54.3719430,30.0030586
shop_grocery,53.9092843,27.4696159
shop_grocery,54.8406438,30.2665950
shop_grocery,52.3174218,30.4735719
shop_grocery,55.1147774,26.8403733
ice_rink,53.7410241,27.3216671
shop_grocery,52.0533317,29.2322277
school,53.9277531,25.1988065
shop_grocery,53.5320357,23.8181872
school,54.4172257,28.0251414
school,53.5269131,23.8517636
school,54.9866053,29.6073443
school,54.7588044,28.8450390
post_office,53.7119957,30.0545015
shop_grocery,52.5260746,24.8978671
shop_grocery,53.4054780,27.5597440
shop_grocery,53.6993644,23.8171873
fap,53.4662221,26.9660302
shop_grocery,54.5168570,27.8299463
school,52.4684304,30.8139091
fap,54.4221242,30.2790084
school,54.1795918,27.3583925
shop_grocery,52.7517899,26.8368380
school,52.0722961,23.7008229
shop_grocery,52.3387400,25.9897855
school,53.7408939,27.6938939
fap,55.1122831,27.9674417
shop_grocery,55.1117707,27.9673317
shop_grocery,55.1111954,27.9658270
school,55.4172911,28.4705356
shop_grocery,54.2857347,28.9730736
shop_grocery,53.0443007,28.2617321
shop_grocery,53.0434639,28.2616254
shop_grocery,53.0500386,28.2633052
restaurant,52.3747862,30.3224992
shop_grocery,54.0103967,31.1917580
school,53.5636547,26.1424555
school,54.0089173,31.1898145
shop_grocery,52.0322617,29.2357890
school,53.8888234,30.3174578
cafe,53.5037589,28.1045723
restaurant,53.5035618,28.1042149
shop_grocery,55.1082832,26.8707295
cafe,53.1231932,26.0416129
shop_grocery,53.1358079,29.1789144
school,51.6411179,23.9505306
shop_grocery,51.6407958,23.9544171
post_office,51.6414542,23.9538150
shop_grocery,53.1152676,26.0161922
school,51.6831189,23.9624060
post_office,51.6900182,23.9691733
fap,51.6941848,23.9383004
shop_grocery,51.7310336,24.1190658
post_office,51.7302304,24.1186260
fap,51.7101971,24.0925186
shop_grocery,51.7116935,24.0986636
school,51.7557975,23.8387603
sports_centre,53.9554438,27.6680624
shop_grocery,51.6780598,23.9184487
shop_grocery,51.7532248,23.8359265
school,51.6930184,23.9453647
shop_grocery,51.5748342,23.6014009
shop_grocery,51.8806098,23.6475161
shop_grocery,51.8286319,23.7180930
sports_centre,51.8300617,23.7239785
shop_grocery,51.8269801,23.7888363
shop_grocery,55.2888222,29.6296802
shop_grocery,51.8002201,24.0700995
sports_centre,51.7872034,24.0853273
shop_grocery,51.7989437,24.2032617
fap,51.8008736,24.2020601
shop_grocery,51.8004971,24.2013721
fap,54.2102534,30.3200287
fap,52.6112966,31.0837292
sports_centre,52.5659371,31.1772723
school,53.0416553,28.2599758
school,53.0360534,28.2542145
shop_grocery,51.7661164,23.9736094
shop_grocery,52.2059392,24.3785009
school,53.2251040,27.4439648
sports_centre,53.8366231,27.6996407
shop_grocery,53.2062322,27.1244344
shop_grocery,54.7546787,29.1102184
school,52.6528270,31.0551117
school,53.7523840,25.3276384
school,53.4877679,24.6638265
school,53.0398178,28.2765787
shop_grocery,51.9638119,24.3152238
fap,53.2011346,30.8034642
fap,53.2084995,30.7894132
shop_grocery,53.2118327,30.7815597
post_office,53.2137272,30.7825518
shop_grocery,54.5906119,25.8917695
post_office,51.9874653,24.2071858
shop_grocery,52.5935141,26.8920577
shop_grocery,53.4178413,24.5328243
fap,55.1495724,27.9584900
school,55.6306390,27.3874939
fap,51.9281954,23.6606792
cafe,51.9270193,23.6595130
fap,53.5511986,28.7474820
shop_grocery,51.9378782,23.6621088
school,51.8798903,23.6521000
school,52.6351027,29.7065805
bank,52.6255075,26.5147718
cafe,53.7082277,23.8481469
school,53.1860300,32.2808189
school,53.7573372,31.4609925
school,54.8642254,28.9838326
shop_grocery,54.8631541,28.9792192
fap,51.9937507,23.7005058
shop_grocery,51.9934774,23.7005742
shop_grocery,52.3653098,30.3546834
shop_grocery,52.0604242,23.7537879
shop_grocery,52.0550378,23.7254917
fap,53.7636123,30.4955439
school,54.6212710,28.8289643
fap,53.7465581,30.2650344
post_office,52.0642505,23.6889254
shop_grocery,52.9258955,28.2388106
shop_grocery,51.9368248,23.9365938
shop_grocery,51.9454867,23.9594570
school,54.0470675,31.6248910
shop_grocery,51.9246721,24.0755993
shop_grocery,51.9059999,24.0550469
school,51.8192538,23.9076632
shop_grocery,51.8158497,23.9075938
school,52.6315461,26.3031619
school,52.6270646,26.1531831
school,52.8149483,26.5522276
school,52.0888226,24.0952305
post_office,52.0842779,24.0981165
school,52.1654480,24.1126211
shop_grocery,52.1727885,24.1450685
school,52.0838015,24.3008351
post_office,52.0830373,24.3030637
shop_grocery,52.0826088,24.3034671
shop_grocery,52.0804736,24.3432114
shop_grocery,52.0257804,24.3539268
post_office,52.0263597,24.3580507
shop_grocery,52.7094776,25.3250966
shop_grocery,52.0855618,24.3951281
shop_grocery,52.0139143,24.4075401
school,54.8168083,26.1581174
fap,52.1563261,24.4293631
post_office,52.1409654,24.5248653
shop_grocery,52.1390155,24.5181826
bank,54.6903699,30.9895590
cafe,54.6904629,30.9897709
shop_grocery,53.6873818,27.1506644
post_office,52.8862341,29.5513069
shop_grocery,52.1024821,24.3804806
shop_grocery,52.1580538,24.3072403
sports_centre,54.6221869,25.9669610
shop_grocery,52.7562048,27.9176119
shop_grocery,51.9179683,24.4867685
shop_grocery,53.9787185,27.8554962
school,52.3876687,26.7536375
shop_grocery,55.5295908,27.5971453
shop_grocery,51.9668560,24.6008281
school,51.9570189,24.5821130
shop_grocery,51.9584909,24.5740771
school,51.9566768,24.5722934
shop_grocery,53.6832662,27.1591294
shop_grocery,52.2226999,27.4643811
school,52.7600126,26.8421001
school,52.7751785,26.6198856
school,53.1538416,29.2239600
school,53.1561030,29.2219296
shop_grocery,52.1188290,23.6288407
shop_grocery,52.1655205,24.4499311
shop_grocery,52.1680838,24.4451290
post_office,52.1672290,24.4461881
shop_grocery,52.0519984,29.2481203
school,52.7230023,26.6792516
shop_grocery,52.7246750,26.6784157
fap,51.9872363,24.7587714
school,53.8250871,27.5362934
fap,54.6544586,29.1413699
restaurant,53.9257829,27.6147757
shop_grocery,54.2555076,27.0707885
school,51.9836032,24.6674093
school,53.9044172,26.9027334
school,54.1376173,26.2114370
school,54.2135382,26.4478401
school,54.0831468,26.9960087
shop_grocery,52.1067804,23.7333051
school,54.1096945,26.3814729
shop_grocery,51.9926029,24.7869788
shop_grocery,52.1191131,24.6956177
shop_grocery,52.1268334,24.7157308
shop_grocery,52.1207338,24.6990474
post_office,52.1209061,24.6992960
shop_grocery,52.1016097,23.8929999
school,56.0159403,28.1119695
shop_grocery,54.4216083,27.2960229
shop_grocery,52.4267899,30.9467994
shop_grocery,52.4228538,30.9434078
cafe,52.3848086,30.8119416
school,52.4669540,31.0432407
cafe,52.2276442,23.3441086
post_office,52.2276525,23.3463830
bank,54.6909724,31.0170939
school,53.5035972,32.3722419
shop_grocery,53.6803644,27.1299822
school,54.2139761,28.4736659
shop_grocery,53.9334048,25.7619035
sports_centre,53.9037871,27.7571943
school,52.2608262,23.4941822
shop_grocery,52.1988260,23.6425746
sports_centre,55.1767862,28.6250375
school,55.5536438,27.4174453
shop_grocery,52.1772518,23.6625445
shop_grocery,52.1761062,23.6666670
school,53.8352848,30.8412752
school,52.8554755,28.5660088
post_office,55.6249051,28.6415262
shop_grocery,52.1796301,23.7435499
school,53.4780530,26.7406117
shop_grocery,52.1831069,23.6965267
school,53.5677586,26.6029429
school,52.7849604,29.1716702
shop_grocery,55.4700177,28.3364630
post_office,54.1571930,25.9069812
fap,52.9159160,30.9191713
shop_grocery,52.5611947,24.8192152
fap,51.8631599,23.7504821
school,51.8641529,23.7487802
shop_grocery,52.4074460,30.9570199
shop_grocery,53.7508834,27.3321478
school,52.7950814,27.8709145
school,53.0143981,26.6778537
post_office,51.9676815,25.0254165
cafe,52.5046826,30.9498364
school,51.9662859,24.9510536
post_office,51.9659901,24.9487026
bank,51.9658529,24.9489440
shop_grocery,51.9659422,24.9493463
shop_grocery,51.9665904,24.9488727
shop_grocery,51.9671878,24.9232109
fap,51.9680087,24.9432376
shop_grocery,51.9851857,24.8636122
school,53.8365465,28.3344910
cafe,53.8009712,25.3664205
school,52.0482876,25.2092189
school,52.8334216,29.1830420
school,52.2017211,24.6641283
shop_grocery,52.2022225,24.6627402
shop_grocery,54.4182214,27.2952968
cafe,54.4165300,27.2939587
shop_grocery,54.4158609,27.2937230
shop_grocery,54.5732184,27.2791921
shop_grocery,55.4121226,28.4413344
shop_grocery,53.9120621,27.9321229
school,55.1969843,27.6334823
shop_grocery,55.5069420,28.6978319
school,51.8961066,29.9717476
school,51.8831006,29.9669981
fap,53.0774422,25.3887150
post_office,53.8658985,30.4324550
fap,53.0773600,25.3871312
school,54.4021646,29.7098556
school,54.1271856,25.7583070
shop_grocery,53.1459414,27.0986159
shop_grocery,53.1502685,27.0922115
post_office,54.6642342,26.2146422
school,53.1468653,27.1098921
shop_grocery,52.7686367,26.5237799
shop_grocery,52.1376039,24.9667002
bank,52.1309048,25.0012270
school,52.1425777,25.0439224
shop_grocery,53.4874034,24.9931118
shop_grocery,53.4656840,27.8629562
shop_grocery,53.6833534,27.1354348
bank,52.2817489,23.3130148
school,52.0807614,23.7569045
school,53.1168098,27.0560990
school,52.0846372,25.2411814
shop_grocery,55.4870418,28.7835293
sports_centre,53.9583411,27.5929285
shop_grocery,52.4013808,31.0361925
shop_grocery,52.1943798,24.0335273
shop_grocery,53.0369973,27.0779277
shop_grocery,53.1656159,28.1290653
bank,52.0957159,25.3651384
shop_grocery,52.0950369,25.3656381
shop_grocery,52.0957357,25.3663547
post_office,52.1073585,25.3813443
shop_grocery,52.1057457,25.3818351
school,53.3553213,26.5405967
school,52.8907011,28.6802655
school,52.5066318,31.0340058
school,53.6383028,25.0236529
school,52.0749925,25.5625704
shop_grocery,53.2627039,26.9569360
school,53.1878872,24.0136161
shop_grocery,52.0591595,25.6651021
shop_grocery,52.0582355,25.6682623
school,52.0587659,25.6675632
shop_grocery,55.2721811,30.1062365
shop_grocery,52.1069994,25.7128787
school,52.9593143,26.8794044
school,55.3188683,30.4337919
school,52.1583599,25.8570045
school,53.4263276,25.3340153
shop_grocery,53.2800853,26.0487946
shop_grocery,52.5346269,30.9173432
shop_grocery,52.5379746,30.9112151
shop_grocery,52.0765066,23.7392493
shop_grocery,55.4257488,28.1556322
school,53.6410697,25.0645780
school,52.6774847,24.6606454
shop_grocery,52.2839500,30.8848590
shop_grocery,52.3909211,25.0154869
ice_rink,53.9365497,27.4572720
school,55.2199435,29.6743780
sports_centre,53.5856740,25.7963446
cafe,53.9744877,27.4170268
shop_grocery,53.3406008,31.3881898
ice_rink,52.4255833,30.9529084
school,53.6621084,27.8050717
school,55.2969613,29.6192211
cafe,52.4191664,31.0120654
restaurant,52.4255847,31.0191343
school,55.3167071,29.4335425
shop_grocery,54.8890428,27.7776494
shop_grocery,54.8893762,27.7786043
sports_centre,53.7011408,23.8150804
shop_grocery,53.6913982,30.3266349
school,52.1274846,23.6543623
shop_grocery,53.6148038,28.9165360
shop_grocery,53.3324618,31.4027882
shop_grocery,53.3295036,31.3834012
school,53.6320376,24.1009763
school,53.5949532,25.8171683
shop_grocery,54.8688918,26.9343526
shop_grocery,54.1256244,26.9578968
shop_grocery,54.1257973,26.9588535
post_office,54.1262388,26.9593842
shop_grocery,52.4307770,30.9467029
school,52.0939350,23.6954226
sports_centre,53.8068151,27.7252204
shop_grocery,53.2551064,26.1819664
shop_grocery,53.2550445,26.1809992
shop_grocery,52.1850962,25.1615305
shop_grocery,55.1894878,30.1046111
post_office,52.3931059,24.0040793
shop_grocery,53.0665247,25.3371141
school,52.3905825,24.0074980
fap,53.8008480,29.0888032
school,52.4220192,24.1702062
school,52.3331199,24.1957569
shop_grocery,52.3536649,24.1850132
school,54.0502286,24.9850393
school,54.0964734,25.1447764
school,54.1093834,25.4558549
school,53.7918158,25.1456698
school,53.4596294,27.2191686
shop_grocery,54.1045276,28.3136592
shop_grocery,54.1046404,28.3135737
pool,53.6917538,23.7518326
pool,53.9217228,27.3881928
shop_grocery,52.4267930,30.9230944
school,53.1108936,29.2415956
school,53.8547257,29.1466749
school,54.4048983,26.0814201
school,53.1344156,29.1923441
school,53.7162368,25.5030098
school,53.7128790,25.5033177
shop_grocery,52.8086282,24.9251556
fap,53.7318385,29.8199154
shop_grocery,55.6508012,26.7682797
school,51.9898970,23.6998711
shop_grocery,53.6129074,27.7860784
shop_grocery,53.6811530,27.1343352
school,52.0659371,23.6878665
school,53.7984460,29.8374454
school,52.0855025,23.7207696
cafe,52.0892954,23.7248502
shop_grocery,51.6265700,23.5772930
school,53.3504881,32.0539980
school,53.3577126,32.0565056
ice_rink,53.3562019,32.0581240
cafe,54.9072005,26.7068226
shop_grocery,53.9665611,27.8095026
fap,51.9972678,30.7407169
school,53.0128882,30.0198158
post_office,54.4161822,27.2930969
shop_grocery,52.3828607,30.3650080
shop_grocery,53.1272554,25.9138695
shop_grocery,53.1684373,28.4693809
shop_grocery,53.1762509,28.4913401
shop_grocery,53.1749849,28.4935047
shop_grocery,53.1666702,28.5188797
fap,53.6892131,31.7092951
shop_grocery,53.5713311,26.3446156
shop_grocery,55.4902498,28.7428155
school,52.5616694,31.1419100
shop_grocery,52.1043111,23.7317084
school,53.4057116,26.3164019
shop_grocery,55.1209131,26.8122247
shop_grocery,55.1800465,28.6219006
shop_grocery,53.6773513,30.2180183
school,55.5433180,26.8284730
shop_grocery,51.6894645,23.5989634
shop_grocery,53.0637553,26.6397500
fap,53.7270427,25.5138963
shop_grocery,52.2274412,27.4859346
fap,52.2296894,27.4882841
school,52.1447515,26.1685710
shop_grocery,52.4919629,23.7790471
shop_grocery,52.4902833,23.7784648
school,52.4873034,23.7790529
shop_grocery,52.2655237,30.7242632
school,52.4926686,23.8685010
shop_grocery,52.4992153,23.8661944
school,53.9507429,27.4292430
school,52.4433361,23.8464547
school,53.2029911,26.0316620
fap,52.2498008,30.6368029
school,53.8345008,24.9691310
fap,52.0691155,23.7456536
shop_grocery,52.8893704,28.6765383
shop_grocery,52.0561711,23.7342233
cafe,52.0616790,23.7333534
school,52.0603558,23.7393512
school,52.0899507,23.6970162
school,54.8587234,29.6521693
shop_grocery,52.8986267,26.7792613
fap,52.9051248,28.6712108
shop_grocery,53.3457050,26.2532003
school,55.4171808,29.0299264
shop_grocery,53.1252962,30.8657836
shop_grocery,53.1945032,25.4692419
school,53.4137703,28.8338641
sports_centre,53.8205836,27.7459073
sports_centre,53.8910232,27.5224403
shop_grocery,52.5244751,24.8795538
shop_grocery,53.4850639,26.7436963
shop_grocery,53.0144562,27.0658029
shop_grocery,52.9774991,27.0754459
shop_grocery,52.7230874,26.9787933
school,53.8504426,30.2552857
shop_grocery,52.0710728,27.5087987
fap,53.4144277,28.8296931
school,55.4886696,27.3734649
shop_grocery,52.0408559,23.7008662
school,52.3950286,23.4069653
school,52.0715062,29.0206150
cafe,52.0718755,29.0192975
cafe,52.0829526,23.7044289
shop_grocery,55.1843741,28.6459682
fap,53.8184888,28.5000640
shop_grocery,52.6972258,29.8542760
post_office,52.6977810,29.8580650
shop_grocery,52.7646178,29.9911801
school,52.7628823,29.9973724
shop_grocery,55.1190110,26.8122905
school,52.3987187,31.1241013
cafe,52.4085936,30.9450303
fap,52.0977736,25.0409212
post_office,53.1088599,26.1687416
school,53.1083519,26.1573315
school,53.0925793,25.3914213
school,53.7429150,31.7206831
school,52.9708048,25.9341419
school,52.9707686,25.9393829
shop_grocery,53.1845477,25.8403316
shop_grocery,53.1839421,25.8403096
school,53.1886125,25.8395603
shop_grocery,55.2241799,27.8453073
post_office,55.2244736,27.8441727
fap,55.2217122,27.8411499
shop_grocery,54.3308343,28.3892968
school,54.2305962,29.9382304
school,54.2340962,29.7995295
shop_grocery,53.6969848,27.2405762
restaurant,52.9347793,25.6197031
sports_centre,52.9318388,25.6241943
school,53.0770207,26.4451405
school,53.3720881,28.3371171
school,54.5087117,26.3760025
school,54.4838594,26.3934726
shop_grocery,53.9394319,27.3444534
fap,52.8030832,29.4100430
pool,53.9514662,27.3386725
school,53.3619603,26.1130163
school,53.2982435,28.6421335
school,53.2972136,28.6326444
fap,53.2955798,28.6428920
fap,53.2958117,28.6451963
school,53.2965669,28.6480113
sports_centre,53.3057924,28.6579796
shop_grocery,53.3008280,28.6607758
shop_grocery,52.0989974,23.7574971
fap,53.8130896,30.9747135
shop_grocery,53.4121841,25.5637849
shop_grocery,53.3852083,25.5460825
school,53.3097419,25.5916192
fap,53.0451947,25.8827343
fap,51.9127298,29.9780058
shop_grocery,52.1154115,23.8304920
shop_grocery,55.2499818,27.9489437
school,53.1738314,28.4903946
fap,55.0213324,27.7834958
shop_grocery,53.6726304,25.7661818
shop_grocery,53.2207953,25.9247263
shop_grocery,53.2273177,26.7531101
post_office,53.2267742,26.7539759
school,52.9490120,26.3610347
school,52.9482651,26.3632901
shop_grocery,52.9459607,26.3612880
fap,52.0980772,23.7860269
shop_grocery,53.6820766,27.1407687
fap,52.8968516,26.7765153
bank,52.8920036,26.7794974
school,52.8987101,26.7716051
cafe,52.8982105,26.7792377
school,53.9000446,27.5680742
fap,53.1687817,28.4920660
shop_grocery,52.1046366,23.6790503
school,53.0642523,28.6689113
shop_grocery,53.0704099,28.6678997
shop_grocery,53.0698152,28.6714261
school,52.8336791,26.0945960
fap,53.8330779,25.9353905
school,53.1511965,26.1278360
shop_grocery,51.7365133,23.6710248
shop_grocery,55.1997337,29.9265306
shop_grocery,52.5908029,27.9855057
cafe,52.7654541,28.0012025
school,53.9848025,29.1169345
school,53.6096731,27.6337768
shop_grocery,53.3049262,26.1752309
shop_grocery,53.2831994,26.1694771
shop_grocery,55.6246791,27.6396454
shop_grocery,54.2969308,30.9732062
shop_grocery,54.0960926,28.2911490
shop_grocery,53.3101500,26.2573343
shop_grocery,53.7957800,27.6926106
bank,52.0930237,23.7272468
shop_grocery,51.9760566,28.4056763
shop_grocery,51.7839077,30.2631303
shop_grocery,51.7827065,30.2655601
school,53.8636275,27.6156022
bank,53.0356083,28.2381748
shop_grocery,53.0357709,28.2363159
post_office,51.8681725,28.5452692
shop_grocery,54.0625029,29.9223612
shop_grocery,53.1676814,26.2455173
shop_grocery,53.1683883,26.2230270
school,54.3209620,29.1400816
fap,54.3231938,29.1291361
cafe,54.3207289,29.1318130
cafe,52.0835661,23.6844097
school,55.9143940,27.8866106
shop_grocery,55.9100651,27.8835083
shop_grocery,52.1876375,25.1537574
cafe,52.1875339,25.1535501
cafe,52.3669210,23.3766068
shop_grocery,52.3674275,23.3760147
shop_grocery,53.9430143,27.7079900
shop_grocery,53.1303324,26.0348102
shop_grocery,53.3816867,26.1567452
school,54.0309373,30.2264702
cafe,55.6229250,27.3915283
shop_grocery,52.5220213,25.8426808
shop_grocery,52.1019727,23.7248747
fap,53.6757010,23.8388768
fap,53.6933114,23.8282117
school,53.2615229,26.0426266
school,53.0965866,25.3093860
shop_grocery,52.4767958,25.1789202
school,52.2544274,30.9493701
shop_grocery,55.4128043,27.7356344
school,53.6238470,25.9833529
shop_grocery,53.9796899,28.8193247
school,52.2819228,30.8865389
school,54.4059619,30.2143632
school,53.7162556,25.9316330
school,51.6000518,27.2942770
school,53.6735595,25.8513026
shop_grocery,52.1800491,25.1512068
sports_centre,54.2350131,28.5001432
cafe,52.0911340,23.6759597
shop_grocery,53.2622753,26.1058908
school,52.3624104,30.3457028
shop_grocery,52.7515221,26.4250775
shop_grocery,53.5347135,24.7326840
fap,52.8795974,31.1771196
cafe,53.3372310,28.6615864
shop_grocery,53.3817259,28.6177537
cafe,53.2942478,28.5401427
shop_grocery,54.8170741,29.6952468
shop_grocery,54.4890766,30.3209265
pool,54.0350926,27.2282925
shop_grocery,53.5182858,30.2426017
school,53.1709146,26.0337044
shop_grocery,52.7866788,25.0791810
shop_grocery,52.7864807,25.0792749
sports_centre,53.9075837,27.6167911
post_office,53.4435321,27.1377499
fap,53.1311670,25.9976815
shop_grocery,52.6280170,26.5139110
school,52.9117973,30.9194259
school,52.9113936,30.9196684
shop_grocery,52.2357773,24.3782151
school,52.0973294,23.6887681
shop_grocery,53.7389792,31.7049793
shop_grocery,53.9188609,30.3117254
shop_grocery,53.8682178,30.3389944
shop_grocery,54.0200648,31.7274805
shop_grocery,53.9327257,30.2524262
shop_grocery,54.2728388,30.9916719
shop_grocery,54.0700218,27.1813171
fap,54.0159454,28.0970122
post_office,52.7592325,26.8406593
shop_grocery,53.1322827,26.0461450
cafe,52.6401297,29.7282250
shop_grocery,54.1540063,27.1113664
fap,54.0988224,28.3007380
school,55.0624454,27.5661237
shop_grocery,53.2661327,24.4188005
shop_grocery,53.4093899,24.5351619
shop_grocery,54.1049172,28.3520271
school,52.4664883,26.3105768
shop_grocery,54.2476653,27.0769617
school,52.3685674,26.4501616
shop_grocery,54.0857012,27.1646660
shop_grocery,52.4452157,31.0224924
shop_grocery,52.3682727,26.4617354
school,55.2253663,27.9609284
school,53.9377660,27.6204327
school,53.9374951,27.6197669
sports_centre,53.9160792,27.4803584
school,53.5786149,27.4634202
school,52.6246489,29.7452700
shop_grocery,53.6152025,31.3539419
school,54.3284600,30.2822355
school,54.3275238,30.2804040
school,55.8189592,28.7954425
post_office,52.3460941,23.3405775
pool,53.5022078,27.7472439
shop_grocery,54.2106754,27.0996357
post_office,52.4123136,23.6174960
school,52.4124859,23.6113943
fap,52.4104466,23.6363889
shop_grocery,54.4797316,30.3100015
fap,54.4803327,30.3093559
school,51.9337522,30.7895368
school,55.1951390,29.9657893
cafe,53.8394574,23.8966422
cafe,54.4779662,30.3182320
shop_grocery,54.2656799,26.9800830
post_office,52.4681526,23.7289050
shop_grocery,53.8298007,27.9754650
shop_grocery,52.2516933,23.6112204
fap,53.8510362,27.5330204
fap,53.8514802,27.5311862
shop_grocery,53.1471484,24.4585808
shop_grocery,54.6019757,25.9746915
shop_grocery,53.4228485,27.0463402
shop_grocery,52.4438830,26.3367120
shop_grocery,53.7885510,29.7478211
school,54.3732571,27.3425181
post_office,52.4441580,23.8449535
shop_grocery,52.3975386,23.8379404
school,53.8247998,28.9899884
shop_grocery,54.1356766,27.6917468
fap,53.9433946,30.4440975
school,55.8128375,27.9326187
shop_grocery,52.1864059,24.2412613
shop_grocery,53.8696986,30.3880130
bank,52.1067869,23.6426450
shop_grocery,52.1069367,23.6439873
shop_grocery,54.0927751,27.6856917
school,54.5237939,30.2881861
sports_centre,52.1910362,24.1399287
school,55.5656936,28.3914136
school,54.4107697,25.9755822
shop_grocery,54.4166727,25.9888613
shop_grocery,53.0683495,26.1704196
shop_grocery,52.1172285,24.0345567
bank,53.2739966,25.9181590
shop_grocery,53.9924147,29.6898302
shop_grocery,53.9931029,29.7216520
school,53.9880434,29.7084582
shop_grocery,52.1857652,24.2014217
fap,53.9603567,27.7395281
shop_grocery,52.3187567,24.1378418
cafe,56.0191217,28.6667794
shop_grocery,53.0255651,26.4803942
fap,55.2459009,29.2737691
school,55.2453691,29.2641760
school,55.1932991,29.3459840
shop_grocery,55.1880562,29.3560861
school,51.7087090,28.0609116
school,52.1213777,30.6806231
fap,54.2714695,28.6008676
shop_grocery,54.2724930,28.6017342
shop_grocery,54.2708224,28.6023205
shop_grocery,54.2729045,28.6060103
school,53.5294286,30.2104420
fap,53.1922900,26.5989353
restaurant,53.1259684,25.9988160
school,54.5387625,30.1290393
shop_grocery,52.2212051,23.9575687
shop_grocery,52.1775750,23.8360727
ice_rink,52.4535340,31.0295475
bank,52.4268191,31.0139329
shop_grocery,54.2519257,26.2304087
post_office,52.1811868,24.3163571
shop_grocery,52.1843115,24.3124491
shop_grocery,52.1844217,24.3139270
shop_grocery,54.0332138,26.6846500
shop_grocery,53.5694165,24.2025428
shop_grocery,53.5695987,24.2026758
shop_grocery,52.3558815,31.0508376
school,53.0424449,25.9753375
cafe,54.2897026,30.9868192
shop_grocery,54.2895946,30.9833718
shop_grocery,52.0257643,29.2126358
shop_grocery,52.0442916,29.2481856
shop_grocery,52.1206997,23.8565666
school,52.2130697,31.4484872
fap,55.1885048,30.2057692
sports_centre,53.7218655,23.8763081
school,53.7226310,23.8740988
shop_grocery,53.5777603,24.3248411
post_office,54.0861113,28.2655128
fap,53.1268724,26.0039476
shop_grocery,55.4895470,28.0402878
fap,53.4623024,25.5674440
shop_grocery,55.5274146,28.0510688
school,55.6976235,29.3580065
shop_grocery,53.6077761,27.1121751
shop_grocery,54.8776496,28.6975492
school,55.8143974,29.2650498
shop_grocery,54.5151238,30.4089111
shop_grocery,53.7121321,27.1608827
shop_grocery,51.8115814,29.1779512
school,52.3614077,31.0130597
school,53.0613962,26.6379668
school,52.6363473,28.8805795
fap,52.6372478,28.8901865
school,53.0588103,26.6428677
fap,53.1578308,27.0841301
fap,52.9059117,30.0357140
post_office,52.4244618,24.3082782
shop_grocery,52.4228157,24.3100539
school,52.5788987,26.8568134
school,52.5838271,26.8605266
sports_centre,53.8165216,30.9744321
fap,53.9196894,30.2844022
shop_grocery,53.5631668,26.1491926
shop_grocery,54.4900573,30.4432476
shop_grocery,52.5803091,26.8594055
shop_grocery,52.5799992,26.8596635
fap,52.5769376,26.8547828
school,55.0258980,28.8866550
shop_grocery,53.6481274,27.3840568
school,52.9365234,26.3008020
school,52.9534685,26.3120054
school,52.0793909,27.3532020
school,52.0776701,27.3477540
shop_grocery,52.0685204,27.3377701
shop_grocery,53.6328480,27.2669587
shop_grocery,53.6148818,27.1927446
shop_grocery,53.1177859,26.3414391
shop_grocery,54.1996631,28.4910617
cafe,54.1998053,28.4900256
sports_centre,52.5380894,24.9743606
school,54.9670634,29.8339735
bank,53.4696442,27.2000802
shop_grocery,54.7595822,30.0967232
school,53.8613200,25.3271279
school,53.3918731,30.7943919
shop_grocery,53.5920726,27.8593937
school,53.9407833,27.4755354
shop_grocery,52.2443060,24.0242913
shop_grocery,53.6212435,26.6635158
shop_grocery,53.6212128,26.6636850
shop_grocery,54.4904316,30.4386339
school,54.4334834,28.8796137
shop_grocery,54.1740341,26.5652417
shop_grocery,53.3513436,27.0522924
school,52.1544521,26.1910723
fap,53.5252236,27.3946839
shop_grocery,55.2514255,27.9572425
shop_grocery,55.3491494,27.8851639
cafe,53.6877776,23.8456797
shop_grocery,53.9337832,30.3279107
shop_grocery,54.3216693,29.1761707
shop_grocery,54.3018579,29.0680436
shop_grocery,54.3236771,29.1279189
shop_grocery,54.3180858,29.1358092
shop_grocery,54.3275432,29.1428386
shop_grocery,52.7314764,27.4470887
shop_grocery,52.7321788,27.4464633
cafe,52.7310682,27.4468118
post_office,54.4982530,29.3592501
shop_grocery,53.7024039,26.5691632
shop_grocery,53.5481894,27.9585367
shop_grocery,52.6359534,29.7217538
shop_grocery,54.2427602,26.3104436
school,53.9436194,27.3473667
fap,53.6322213,28.0106977
fap,53.9606795,27.0501611
fap,53.8930162,27.5183468
shop_grocery,53.3797048,27.0186412
school,52.6365222,29.7372390
fap,53.8868846,27.6189414
fap,53.8888092,27.4308741
shop_grocery,52.1919321,25.1468547
shop_grocery,54.1274263,29.5594437
school,54.8549642,28.7354560
ice_rink,53.9250683,27.4258099
cafe,52.1035827,23.6751884
school,53.9724138,30.1422304
fap,53.9792191,30.1395053
shop_grocery,54.2358417,29.7150698
shop_grocery,53.8313636,30.0121925
shop_grocery,53.7482296,30.1379816
shop_grocery,52.1870436,25.1553951
shop_grocery,52.0202954,29.1838544
shop_grocery,52.0195102,29.1838149
shop_grocery,53.5139809,28.1430155
school,53.8993338,27.4262455
shop_grocery,53.7020361,27.8549562
school,53.9106693,27.4472934
shop_grocery,53.4630318,25.8898171
school,54.3240825,30.1075226
post_office,55.2960145,26.8612304
shop_grocery,53.8499983,27.4646859
shop_grocery,53.9984429,27.9483060
shop_grocery,52.0159623,29.1924010
school,52.0204757,29.1866617
shop_grocery,52.0372417,29.0193059
shop_grocery,53.4650331,27.2339728
post_office,53.4579214,27.6398182
school,54.9083805,26.2377307
cafe,54.9065916,26.7070858
shop_grocery,53.4189407,27.4107418
shop_grocery,53.4379949,27.3279045
school,54.9173634,26.7004302
fap,54.9127517,26.7211416
shop_grocery,53.9641472,27.7425081
shop_grocery,54.6836224,27.1689400
shop_grocery,54.2880298,29.9080871
shop_grocery,53.0459991,27.5551167
post_office,53.3330300,27.5224362
shop_grocery,54.2446877,29.7959575
fap,52.1059104,23.6910403
shop_grocery,52.1595679,25.5461621
shop_grocery,54.3476643,29.2701689
school,54.2385912,29.6255189
shop_grocery,54.2174165,29.6459091
shop_grocery,52.5570980,24.4622657
shop_grocery,53.4217323,27.4086541
post_office,53.4223083,27.4083979
shop_grocery,54.4706175,27.4296364
shop_grocery,53.8147512,30.6927300
shop_grocery,53.1820205,26.1520324
school,53.8615197,27.4536652
shop_grocery,53.8081017,30.9679701
fap,54.6035998,30.3697783
shop_grocery,53.8420283,27.3988342
shop_grocery,51.7943982,24.1071487
cafe,53.9658394,27.6654437
cafe,53.9279285,27.4603509
shop_grocery,52.4998119,29.7486792
cafe,53.8867516,27.4282074
fap,53.9800156,31.2898028
school,53.9815314,31.2996036
school,54.0071792,31.3247520
school,52.9617465,27.3762779
school,55.1945701,27.7725327
sports_centre,52.1406004,26.0643249
school,53.9689688,31.0342739
shop_grocery,53.8764259,27.4666830
cafe,53.8764396,27.4669674
shop_grocery,54.7277235,26.0088497
shop_grocery,53.8217587,30.0944148
shop_grocery,52.1299784,26.0642922
shop_grocery,52.1297054,26.0646105
school,52.2806550,28.6141163
shop_grocery,54.0048656,27.6584002
fap,54.2223974,28.4687042
school,52.1250599,26.0954908
school,54.3106605,29.6248689
school,53.0613778,29.3969330
school,54.2173711,30.4122806
school,54.2518001,30.4483214
shop_grocery,54.2412622,30.3065264
shop_grocery,52.1307870,26.1118119
school,54.2236810,28.5029627
school,54.2237121,28.4995613
school,54.3236273,30.2884698
shop_grocery,54.3286780,30.2973050
school,53.0664778,26.6292104
fap,53.6560303,26.1678559
school,52.3485010,23.3454271
fap,53.8873505,27.5359615
shop_grocery,52.3204229,31.1217346
school,53.7542570,27.5716961
school,53.5800323,24.2221131
shop_grocery,52.2441388,26.8022630
school,54.7570339,25.9578368
shop_grocery,54.7577354,25.9604787
shop_grocery,53.3485856,26.6881855
school,54.6261863,26.4513928
shop_grocery,52.4644136,29.6375682
school,54.3254933,29.1430945
shop_grocery,53.5883202,26.8374403
shop_grocery,51.8119464,28.3786902
fap,51.8124707,28.3798055
school,51.8125337,28.3753561
shop_grocery,51.8122740,28.3810133
school,51.8778949,28.4423989
school,55.4442362,29.5854038
shop_grocery,53.6305463,23.7450569
shop_grocery,54.2951506,30.1666975
school,53.0944736,25.3404406
school,52.6307709,29.7404641
shop_grocery,53.9097915,30.3231333
pool,53.8208834,27.0209581
school,54.5746923,26.6242504
school,54.0576561,30.6392598
school,54.2739017,30.9899205
school,52.8971049,28.6744505
shop_grocery,52.8981955,28.6883363
shop_grocery,53.2135743,28.2828963
school,54.2785300,30.9941445
school,53.0716637,29.1654117
school,52.9137999,28.6846268
school,52.9072456,28.6870944
shop_grocery,52.3125837,24.8149036
school,54.4060135,31.1217222
school,54.7600983,28.6540228
school,53.8393194,27.5903449
sports_centre,53.6721566,27.9645636
school,53.9343876,27.6688137
school,53.1075481,25.9918818
post_office,55.0087305,30.7960778
shop_grocery,54.2123511,28.4694709
shop_grocery,53.8955960,30.4666260
school,53.4441519,30.9987080
school,55.1664501,30.2792490
fap,53.6615411,23.8026770
cafe,52.0841013,23.6968047
shop_grocery,54.9586913,28.7981818
shop_grocery,54.9577209,28.7819635
sports_centre,54.9610169,28.8013348
school,53.8706556,27.4679723
school,53.8626173,27.4697784
school,53.8680891,27.4594370
school,53.8714700,27.4785607
shop_grocery,53.5255861,30.2204276
shop_grocery,54.9578715,28.7924443
school,52.0581682,27.2385708
school,52.2714557,23.7687875
school,52.2714099,23.7691748
shop_grocery,53.9635157,27.6237792
shop_grocery,54.2221739,26.6147038
school,52.0622786,28.6236280
shop_grocery,52.2953310,24.3725359
shop_grocery,53.8521662,27.4929705
school,52.8902957,28.8455486
cafe,52.1287559,29.3383461
shop_grocery,52.4660463,29.2769290
shop_grocery,52.4921891,29.2953009
shop_grocery,53.2717854,29.4787352
shop_grocery,53.2721216,29.4792329
school,54.4287099,27.7426959
school,53.0920242,28.8612477
school,53.6043791,31.9665885
shop_grocery,52.7927424,27.5426795
school,52.1104525,23.6783593
school,53.3016824,28.5685253
shop_grocery,52.1191878,23.6293876
school,54.0452513,30.4666918
post_office,52.2836323,29.8741487
school,53.5557821,30.2105784
shop_grocery,53.5551998,30.2082093
school,53.5534797,30.2109084
ice_rink,53.7194654,24.1802663
cafe,52.1051047,23.6808713
restaurant,53.7248679,30.2741286
shop_grocery,53.1383577,28.1660638
fap,53.7190165,24.1813147
school,54.0942701,30.7735924
shop_grocery,53.2589620,27.1889496
restaurant,52.0906280,23.7115721
shop_grocery,54.1106253,31.6043428
shop_grocery,53.0886998,29.3775476
fap,52.1005703,23.7496936
ice_rink,52.1031616,23.7601894
shop_grocery,53.5920616,31.9479334
school,54.3816324,29.2909594
school,54.0106917,27.8762634
shop_grocery,54.2619703,25.3623527
fap,52.1950818,25.9194544
school,54.4189362,30.6512278
shop_grocery,52.6883063,27.9047264
shop_grocery,52.8454999,28.3805425
school,52.1130627,23.7301927
fap,54.0501805,30.8278773
school,55.7040237,28.1796795
shop_grocery,55.7117126,28.0825728
shop_grocery,53.9277787,27.4820393
bank,52.0944807,23.7327147
shop_grocery,52.1021905,23.6807298
fap,54.0113834,31.2107712
shop_grocery,54.2829617,31.0001680
school,55.3963448,28.8366330
school,52.8050361,28.0058561
shop_grocery,52.2904494,28.0242271
school,53.7044384,27.8553985
shop_grocery,53.9448051,31.4730512
shop_grocery,53.8862618,27.5249065
school,53.1175250,25.9781608
shop_grocery,53.6462114,30.2755491
shop_grocery,52.1056371,23.6804358
shop_grocery,52.3979855,23.7851790
shop_grocery,51.8135832,24.0756092
fap,53.8030607,27.2399937
shop_grocery,52.4117189,30.9739472
fap,53.0890205,30.0506386
fap,53.0877293,30.0504155
school,52.1490295,23.7479585
school,53.0926193,30.0593316
school,52.1115384,23.6871738
school,52.9157793,30.9043806
shop_grocery,52.9181947,30.9147172
shop_grocery,52.9181714,30.9151859
shop_grocery,52.0473940,29.2393653
shop_grocery,53.8760717,30.5070827
shop_grocery,54.0705815,27.1397816
school,52.4018634,30.3271873
school,52.4041669,30.3385090
shop_grocery,53.6501209,26.6779100
school,53.7600367,26.6587383
shop_grocery,54.3278725,26.6622922
ice_rink,52.3970101,30.9619671
shop_grocery,53.0448161,27.5722632
shop_grocery,53.0085591,27.5333330
shop_grocery,52.0655637,27.7355537
school,54.1020114,31.2303667
shop_grocery,53.2729099,29.2439980
shop_grocery,53.2729643,29.2427917
shop_grocery,53.2342534,26.6469669
shop_grocery,55.1488569,27.6869955
cafe,52.1094714,23.7726106
school,53.9428390,31.3082457
restaurant,52.3623724,30.4263682
school,54.0743018,28.0089323
shop_grocery,53.1760750,26.9547563
post_office,53.1740184,26.9539579
school,55.0628929,28.4325991
school,55.2091252,28.7535692
fap,54.6206508,29.2716550
shop_grocery,55.3530380,27.8688267
school,55.3947728,28.3439219
fap,53.4752047,26.0219708
school,55.0168767,29.1561119
shop_grocery,54.2271970,30.9496289
shop_grocery,52.1179108,26.1068624
shop_grocery,52.1322317,26.1171833
ice_rink,53.8540630,27.4825766
shop_grocery,54.4997514,30.3656074
shop_grocery,53.9700546,30.3785991
shop_grocery,52.1175996,26.1065548
school,53.9775849,30.7943344
fap,53.6791460,32.4006897
school,53.6191082,28.1408072
post_office,52.4004145,23.4597504
school,52.1211268,26.1095962
fap,53.5142021,32.1378538
ice_rink,52.1283840,26.0619835
bank,52.1286959,26.0650755
shop_grocery,51.8285304,27.7996561
school,52.4039751,23.4634589
shop_grocery,53.6978458,28.4317352
sports_centre,53.7430128,27.7009445
cafe,53.9518927,27.6652145
school,53.5909372,31.9410160
post_office,54.2901671,29.8920592
school,52.0151452,27.4472496
fap,52.0458833,27.4808841
school,52.0700031,27.5024683
school,55.5293106,28.0572635
school,54.2147982,28.4997689
shop_grocery,52.7214294,27.4613808
cafe,52.7999336,27.5136018
school,53.0276786,27.7240103
fap,52.1194794,26.1113376
fap,52.1204252,26.1087701
school,52.2962267,25.0545922
fap,52.6264680,29.7328319
shop_grocery,52.4853924,25.1931493
fap,52.1143741,26.0999885
school,52.1167525,26.1006550
fap,54.0030492,27.2791588
shop_grocery,53.3263633,26.0059149
fap,53.9342581,27.6341316
shop_grocery,52.6473686,28.8875144
cafe,52.0914314,23.6749083
shop_grocery,52.3197102,30.2118332
sports_centre,52.6377257,28.8941255
shop_grocery,53.2741054,25.9187818
shop_grocery,53.2942532,27.0329298
school,54.3655333,30.8143115
school,54.2188238,28.5093374
school,53.8420009,31.0757035
ice_rink,53.8922883,25.3067721
shop_grocery,53.7835850,30.9879416
school,52.1414156,26.1090638
school,54.1078793,28.3624232
school,53.7793313,30.0071168
school,53.7133870,30.0534010
post_office,53.6598254,30.0209470
school,51.6728027,28.7675754
school,52.1929991,30.4100687
school,53.8133593,27.6582322
school,55.0639837,30.3496134
cafe,53.1433305,24.8222887
shop_grocery,52.5599792,24.4567978
fap,53.1485869,24.8263382
school,53.9510927,24.9811325
sports_centre,53.8614593,27.5226258
cafe,55.1916689,30.2549770
post_office,53.9515385,30.3864319
school,51.8895267,26.8518700
school,55.5052993,28.3952379
shop_grocery,53.0137992,25.3434029
shop_grocery,53.0178595,25.3427563
school,53.0874664,25.3219824
school,54.9187690,27.5397368
school,54.3099311,27.5082358
school,54.1661877,27.6395920
school,54.3457323,27.7264345
school,54.1134009,27.7555633
school,54.5935367,27.7636044
school,54.5220182,27.5037735
school,54.4774183,27.6513585
school,52.8068868,27.4392845
shop_grocery,52.7813121,27.4523825
shop_grocery,52.5354295,27.8377385
school,52.5373126,27.8421375
school,54.9801042,30.8109105
school,55.2246218,27.8400025
fap,54.3328614,28.3251858
fap,54.3328556,28.3249514
school,54.2014691,28.6167699
sports_centre,51.7878059,23.6112895
school,54.2452215,25.3601263
school,52.2043352,23.6864125
restaurant,51.9030958,30.0108214
shop_grocery,54.9641791,27.6532493
fap,53.1298175,25.9936608
school,53.0853184,26.0912843
school,52.1008205,23.7145390
shop_grocery,52.7907330,27.9989009
shop_grocery,52.9006660,28.6885481
shop_grocery,52.9001741,28.6873208
shop_grocery,52.8998737,28.6855897
school,54.0442145,28.0745762
shop_grocery,52.1989322,27.8697450
school,52.0861490,23.6985972
school,53.0398425,25.9516874
school,52.8082306,25.9665325
fap,53.1261742,26.0314609
fap,53.1139777,26.0272383
fap,53.1343033,26.0091239
shop_grocery,52.3961934,30.9650409
shop_grocery,52.1456905,26.0309318
shop_grocery,54.4052642,29.7066155
shop_grocery,53.2324859,26.5792344
school,53.6389299,24.2552690
school,53.6939011,25.6962812
school,52.8391090,30.0051647
school,53.9818216,28.8108033
shop_grocery,53.9172713,30.3437387
sports_centre,53.8833078,30.3617622
school,52.3709059,30.3523462
school,54.0218019,31.7320032
school,55.2567663,28.1666805
shop_grocery,55.2962973,28.2186437
fap,55.2959316,28.2187944
school,55.4860142,28.1747000
school,55.5676365,28.2168707
shop_grocery,55.7620143,27.9331323
shop_grocery,55.7625847,27.9387133
shop_grocery,55.7629877,27.9413005
shop_grocery,55.7840571,27.9633984
cafe,56.0090768,28.1199683
school,55.7894441,27.4518789
fap,55.7873758,27.4665707
school,55.6910856,27.1878898
school,54.8186773,29.8785049
sports_centre,53.8566887,30.2714321
school,51.9006860,26.8653202
school,51.9416387,26.9100394
fap,52.5260147,27.1356725
fap,52.4970632,27.2757468
cafe,52.5316835,27.4742750
school,52.0917572,23.7178884
school,52.0984998,23.6536838
restaurant,54.8810665,26.8645785
school,52.1407002,23.6104516
school,52.1155190,23.8272019
school,52.0305624,23.8078831
school,52.0422080,24.0013275
school,52.0413900,24.0037163
fap,52.0322337,23.9902161
school,51.9356837,24.0546480
fap,51.7874200,24.0637055
school,51.7883464,24.0818002
shop_grocery,51.7927208,24.0811745
school,51.7998119,24.2001978
school,51.8386351,24.2563165
fap,52.7284667,26.9725360
fap,52.8430926,26.6689442
shop_grocery,52.8551955,26.6075442
post_office,52.8546895,26.6067988
shop_grocery,52.8429476,26.6680434
post_office,52.8419349,26.6689004
school,53.4930532,26.7444433
shop_grocery,52.1090476,23.7463255
shop_grocery,52.1041275,23.7889632
school,53.0873617,26.0849088
shop_grocery,52.9761739,26.7146041
cafe,52.1971384,23.6107323
shop_grocery,52.2056640,23.5761058
school,53.8555700,27.4811469
ice_rink,54.4847234,26.3788906
restaurant,54.5029435,27.8401859
school,52.3928497,23.8249484
shop_grocery,55.1917442,30.1153787
shop_grocery,54.4859072,30.4218651
cafe,53.0950258,25.3182658
fap,52.3631473,23.3918086
shop_grocery,52.7436962,26.4460129
school,52.7383858,26.4574172
fap,52.6258150,26.5142544
shop_grocery,52.1201908,23.9386197
school,52.7777896,26.4228808
shop_grocery,52.0758018,29.2751433
fap,53.9532254,27.1015439
shop_grocery,53.4164852,24.5497845
shop_grocery,53.4144054,24.5430025
cafe,54.0887218,27.8231976
fap,52.3269607,23.7846958
sports_centre,52.3858743,23.8301780
school,52.3665915,27.9059491
shop_grocery,52.2052912,27.8127003
shop_grocery,52.4069869,23.8311735
school,52.0267194,27.6397894
shop_grocery,53.8951958,30.2683586
post_office,52.3952081,23.8241529
shop_grocery,52.2973575,30.9455782
shop_grocery,52.2972929,30.9454943
school,54.2417586,28.5582596
shop_grocery,53.2329401,25.8404781
school,52.4041827,23.8183088
shop_grocery,53.7484111,28.0097682
shop_grocery,53.7484955,28.0095843
fap,53.1318605,25.9986049
school,53.1083620,25.9753655
school,53.1278664,26.0074848
school,53.1263121,26.0076412
shop_grocery,54.1637869,28.9035078
fap,53.1193633,26.0099762
school,53.1230659,26.0238493
school,53.1378192,26.0149039
school,53.1282767,26.0525723
shop_grocery,51.9370068,24.0552193
shop_grocery,53.5446088,27.7189637
school,53.5227867,28.1813024
shop_grocery,52.1226893,29.3498662
school,54.7170269,26.5209121
school,53.6182411,27.7223558
shop_grocery,53.2288976,25.8156419
school,52.3417534,25.9912705
post_office,52.1212477,29.3491380
shop_grocery,52.1210655,29.3486497
school,52.3136101,24.8207407
shop_grocery,53.9475356,30.3526131
sports_centre,53.9489036,27.3682539
school,52.6564099,28.8820247
shop_grocery,52.1285293,25.4495575
school,53.2014149,26.3126571
shop_grocery,52.2660706,23.5885990
school,52.1986199,26.0684323
school,52.3984569,25.9418589
shop_grocery,53.9973456,29.7086557
shop_grocery,53.9953798,29.7123703
shop_grocery,53.1311943,26.0444866
shop_grocery,52.9682259,25.8914010
pool,53.7807081,27.3648803
shop_grocery,52.0946252,25.5998507
school,53.8707347,27.5445189
shop_grocery,54.8921057,28.6990953
shop_grocery,53.8079516,27.8991981
cafe,53.5955413,27.6838361
shop_grocery,52.4773936,31.0289771
shop_grocery,52.1335887,29.3035710
shop_grocery,52.1339104,29.3155535
school,54.5344919,26.0836890
school,53.9367732,30.2410500
school,54.4244918,25.9242529
shop_grocery,52.1266734,29.3505803
school,53.8788506,27.9028549
school,53.9263756,30.3042921
school,54.8691789,26.9278974
school,54.8732799,26.9340961
school,54.8832362,26.9259501
shop_grocery,54.0167669,28.0623379
school,54.6110865,25.9468888
fap,54.6109276,25.9652965
shop_grocery,51.7919540,24.0969564
shop_grocery,51.7890192,24.0739765
shop_grocery,51.7928015,24.0695707
cafe,52.0622160,29.1271538
school,52.0596046,29.1230218
school,53.9326107,25.7605791
shop_grocery,52.1248097,29.3084815
shop_grocery,52.1247102,29.3032129
bank,52.4536351,23.3681018
shop_grocery,51.7992445,24.0591830
school,52.2417071,26.3536834
school,51.9253819,26.6745880
school,53.8316767,28.9869681
sports_centre,53.9061067,27.7857508
school,53.0518791,27.2314711
school,52.0224758,27.1663736
shop_grocery,52.0513743,27.1943876
shop_grocery,52.0529709,27.1967907
shop_grocery,52.0540287,27.1978838
shop_grocery,52.0541355,27.1982579
school,52.0557842,27.2040824
fap,52.0569321,27.2157190
fap,52.0548579,27.2140367
shop_grocery,52.0550307,27.2160030
shop_grocery,52.0551098,27.2165480
post_office,51.8709381,26.4968065
fap,51.8709277,26.4993009
school,51.9414160,26.4814024
school,51.9471115,26.3991316
school,51.8108108,27.0536079
bank,51.8093677,27.0653692
school,53.0020084,25.3521321
shop_grocery,53.2171038,26.4052065
school,52.0295085,26.8565431
school,51.9983179,26.9220775
school,52.0523725,27.0424390
school,52.2650841,31.3506042
shop_grocery,52.2672474,31.3583771
school,52.2502515,31.2368913
school,52.5270341,27.6461179
restaurant,54.5452491,27.2821859
shop_grocery,53.8694998,27.5470739
shop_grocery,53.8709405,27.5473835
cafe,52.7483780,26.4261290
cafe,52.7691945,26.4308064
shop_grocery,52.7571786,26.4241051
shop_grocery,52.7568274,26.4241213
shop_grocery,52.5354330,26.5949195
pool,53.6390791,23.9013555
school,54.2600496,28.5188100
shop_grocery,53.6337695,27.4601541
cafe,53.9741686,27.4166667
shop_grocery,53.1048483,25.9898698
school,53.6101877,28.4914595
shop_grocery,54.0044558,27.2188609
school,53.5027778,28.1340256
bank,51.7929003,24.0806587
fap,53.6426551,23.8568209
shop_grocery,51.7891239,24.0738721
school,54.1581120,25.9090685
school,53.6356733,29.9785640
school,53.8043746,28.8712695
school,53.8059231,28.8745353
school,53.6086633,30.3630781
post_office,53.3006468,28.6440653
school,52.4575711,30.9643610
school,52.8916154,25.8488918
school,53.5938287,29.6709862
school,52.4713837,31.0250258
school,52.1297995,26.1049633
school,52.4542702,31.0185553
school,55.2935116,30.7113751
school,53.5926210,25.8288687
school,51.9743481,27.0676910
shop_grocery,52.3501992,31.0547501
school,53.8273788,30.4438663
fap,52.3526583,28.6692762
school,52.3551134,28.7511703
fap,52.3565344,28.7535526
shop_grocery,53.9055100,27.3035224
fap,53.9309163,30.2480060
shop_grocery,53.9320973,30.2455706
school,54.7748997,26.5978739
shop_grocery,52.0721784,23.7500663
school,54.3203795,28.7693513
sports_centre,52.1560715,25.5452272
school,52.1357408,25.5377691
school,55.4037394,29.0390083
school,53.3664853,28.6876523
school,54.6576542,26.7713319
school,51.7876072,28.3231134
school,53.1541681,29.2157042
school,53.5389821,25.7242337
fap,53.8848952,28.5975911
school,52.3848792,31.3301271
school,52.4253265,31.3049626
school,52.4223970,31.3151550
school,52.4330283,31.3087102
school,53.5289562,30.2244738
shop_grocery,52.2024119,23.6826447
school,54.2287116,28.4910464
sports_centre,53.1676832,25.9402393
shop_grocery,53.0418178,27.5854498
shop_grocery,53.0416813,27.5887047
shop_grocery,53.0066853,27.5654959
shop_grocery,52.1329167,29.3344182
school,54.2757112,27.5969692
shop_grocery,52.1272959,29.3204896
school,53.9900068,29.7248444
sports_centre,53.9963461,27.0096222
shop_grocery,52.1265451,29.3116791
school,52.2237462,27.8550330
cafe,52.1344507,29.3418132
school,54.8955833,27.7645862
school,52.2918105,25.4679018
school,52.3820859,31.3406743
shop_grocery,52.3861700,31.3395244
school,52.1617309,29.0232959
school,54.6773887,27.1712084
shop_grocery,52.2384253,24.3901888
school,51.9295822,23.6608307
shop_grocery,53.9776866,25.6534611
school,54.2276706,28.4904925
school,54.2506626,28.5193255
school,54.2214511,28.5038711
cafe,52.4167190,31.0131103
cafe,52.4162009,31.0125905
cafe,52.4154811,31.0116453
fap,54.4898367,30.3992463
shop_grocery,54.2894075,30.9814488
school,52.1860431,25.1634296
school,53.4879580,29.3433548
shop_grocery,52.3522569,31.0533234
school,54.2045559,28.5440737
school,54.2538670,28.5054821
school,54.2208996,28.5211328
school,53.1198777,26.2777670
school,53.7038130,31.7202962
school,53.8093560,30.9742515
shop_grocery,52.8844617,30.0396013
school,52.0899766,23.7087633
shop_grocery,52.0913484,23.7049897
fap,53.1135440,25.9539837
fap,53.2590037,26.9515309
school,53.3421898,27.8327033
school,53.5218855,27.8309676
shop_grocery,51.9260838,28.2591587
school,51.9510697,28.3123094
sports_centre,52.1029603,26.0740781
fap,53.2158587,26.6929828
shop_grocery,53.2149216,26.6929815
school,53.8878460,27.5841844
school,51.5683509,27.7734375
school,52.1840311,25.1531164
shop_grocery,52.9629496,26.4694144
fap,52.2291136,30.8561399
school,52.2925852,31.1856239
ice_rink,52.2951653,31.1890272
fap,52.2917135,31.1835482
cafe,52.4691427,30.9277365
school,53.2501012,28.9304436
school,54.2811868,28.4881496
school,54.2417136,28.4718284
school,54.2027360,28.5484511
school,52.5422793,30.7402783
post_office,52.4641137,30.8056239
shop_grocery,52.3583244,30.9874542
shop_grocery,52.3567719,30.9895186
ice_rink,53.8954903,27.5574670
shop_grocery,53.2775773,26.6119453
post_office,52.3120924,31.0562473
shop_grocery,52.3131053,31.0437347
shop_grocery,52.3137940,31.0531946
shop_grocery,52.3540719,31.1093357
school,53.4321654,29.9646199
shop_grocery,52.4000448,31.1024681
shop_grocery,52.4004932,31.1028382
shop_grocery,52.4001872,31.1032406
school,52.4746146,31.0072951
school,52.5992915,30.8287392
shop_grocery,52.5984642,30.8305850
shop_grocery,52.6003980,30.8160391
school,51.6494582,27.9146504
school,54.4758855,26.0905901
shop_grocery,52.1046999,23.7542509
school,53.8932981,27.2000446
school,54.0024756,30.1379872
fap,53.4502501,26.4806867
school,53.9376762,26.1855966
shop_grocery,53.7534282,27.3340710
school,53.7624988,27.3450793
school,55.1375384,30.7770697
fap,55.1369435,30.7816123
cafe,53.0248898,27.5449128
school,52.9506046,30.6577735
school,54.7085039,29.1490868
shop_grocery,53.5929838,25.8084032
fap,53.4349041,27.6871784
school,55.2176699,29.2341551
bank,52.1382156,29.3156840
school,53.4464089,27.1352540
shop_grocery,53.3022115,28.6418596
shop_grocery,53.3017039,28.6439229
shop_grocery,53.2979768,28.6609299
fap,53.3067523,28.6330342
shop_grocery,53.7975243,29.0386709
school,53.1362357,29.2250005
fap,52.2118738,24.3475459
school,54.2688853,28.6003198
shop_grocery,54.2716686,28.6007584
school,52.1914678,24.3473095
sports_centre,54.0303624,28.0860388
shop_grocery,53.8935406,27.1999466
cafe,54.0975170,28.2870325
shop_grocery,53.5519208,27.0550928
school,52.2192115,24.3613807
school,52.2186606,24.3454065
sports_centre,53.1995824,29.2219909
ice_rink,53.2002610,29.2206313
fap,52.4490938,31.0222055
school,53.8831694,30.2719903
shop_grocery,51.9097692,29.9832474
school,51.6613625,29.2606166
school,52.2755119,30.0818480
school,54.0094189,31.4681477
shop_grocery,54.0098601,31.4662205
shop_grocery,52.1553891,25.5168315
fap,54.0145688,31.4650870
shop_grocery,54.0094564,31.4660463
fap,52.9507963,27.9070673
shop_grocery,51.8657143,30.2972797
shop_grocery,52.1413972,29.3106453
pool,53.6898110,23.8122925
school,54.7588693,30.0970259
school,52.0933564,25.5983732
shop_grocery,52.2029280,25.5469366
school,54.6638169,26.2152760
school,55.5487222,29.7470069
sports_centre,52.4526084,31.0066373
shop_grocery,51.5412498,23.6097251
school,54.2701160,29.7265577
school,54.2686452,29.7277352
shop_grocery,54.1004595,28.8254484
shop_grocery,54.0982186,28.2975899
shop_grocery,54.0981378,28.2973174
school,52.4482472,28.0333261
shop_grocery,52.4788305,28.0699706
shop_grocery,51.7558196,23.6049965
ice_rink,53.1071805,25.9947922
school,55.7411547,27.9210663
shop_grocery,51.7347342,24.1213906
restaurant,52.1142369,28.1622718
shop_grocery,52.1145416,28.1562449
shop_grocery,54.4871599,26.4188042
school,51.6988539,23.8210067
shop_grocery,54.3059829,26.8544989
fap,52.2321755,24.3157681
school,53.7851459,27.6303953
cafe,52.1417612,23.6105824
school,52.3308695,23.7797728
shop_grocery,52.4893152,30.9666181
fap,54.7302717,28.0572552
school,52.7217574,30.5706891
school,52.6342838,30.5235708
shop_grocery,52.6512749,27.4144342
cafe,53.0392254,26.2636542
school,54.7590211,28.8446206
school,51.8055632,29.1576719
shop_grocery,52.6312404,27.2604048
school,52.6311035,27.2539469
school,54.3987510,29.0472480
cafe,52.1205074,23.7701690
school,53.0353389,26.2673883
shop_grocery,54.3997502,26.1834500
shop_grocery,54.3614722,28.2191368
school,54.6765016,30.9285736
post_office,52.6077300,24.1111189
school,52.2291252,26.4395079
shop_grocery,52.9703845,29.1144912
school,52.5373688,23.5488861
post_office,52.3052599,24.4428469
shop_grocery,52.3057169,24.4421653
shop_grocery,53.1012673,29.2402444
school,53.3282848,30.6218471
school,52.9757736,30.6112200
school,53.9147676,27.5603199
school,54.8654263,26.0856360
school,51.9836554,26.7642866
school,55.1621392,27.7506119
school,53.6668330,28.0752557
shop_grocery,52.5314970,31.0773703
shop_grocery,52.0593452,23.8173339
school,53.2478283,30.5393483
post_office,52.1287147,25.5507591
school,54.1106694,27.4664694
school,54.0855447,28.2623613
school,53.8389370,28.3400702
school,53.6801036,27.3431129
shop_grocery,53.9344121,27.2906459
pool,53.6865160,23.8378178
sports_centre,54.6044105,25.9693956
post_office,53.2781146,26.8313933
school,52.1157360,26.0862155
sports_centre,53.7623675,27.3354926
school,55.2042043,28.9206397
shop_grocery,53.2121789,26.6880208
school,53.2222727,26.6806723
school,53.2920882,26.6603757
school,53.8609850,27.5427390
fap,52.1115451,25.9141785
fap,52.1449572,26.0897853
shop_grocery,52.2071121,23.5499678
school,54.8931616,28.0002022
cafe,52.1092947,23.7500179
fap,52.2613473,29.4289260
fap,52.3316151,29.1395881
shop_grocery,51.9405892,24.0482122
shop_grocery,53.0429369,27.6894903
school,51.8136463,29.1669435
school,51.8324610,29.0455475
sports_centre,52.1199009,26.1245494
fap,53.1661750,27.4881988
school,53.5839838,28.2427007
school,54.4343245,30.4453415
school,55.6440077,29.8615104
shop_grocery,53.6378735,24.4749078
shop_grocery,53.9734901,27.2791732
school,52.1217905,26.1116615
school,53.0845886,27.5653128
shop_grocery,52.1659528,24.1174567
school,51.8510113,28.3614367
school,51.7942711,24.0764047
cafe,53.4168713,28.4740442
fap,52.1292191,23.7181723
shop_grocery,53.2662774,28.5879311
school,53.6879615,27.4370194
school,53.6922204,24.9969055
pool,52.1021071,26.0580812
pool,52.1019942,26.0582647
school,54.0644411,26.0660988
cafe,52.1134360,23.7562357
school,53.1415924,29.2943091
shop_grocery,53.6452468,31.4111620
shop_grocery,53.6698666,31.3838705
shop_grocery,53.7093723,31.3144174
fap,53.3432022,30.8138740
shop_grocery,53.3433347,30.8138094
shop_grocery,53.6979201,26.1783501
school,53.0914066,30.4676440
school,52.7539121,25.0767392
school,54.0503740,24.9893072
fap,54.0501488,24.9886876
school,52.2135956,24.3668242
school,54.3716273,29.0515436
shop_grocery,52.2264509,27.6582392
shop_grocery,54.1475273,30.4945154
fap,53.6330942,27.3748800
shop_grocery,53.5683599,27.0728187
school,52.7855925,27.4885099
shop_grocery,52.0700004,23.7036931
shop_grocery,52.0628430,23.7078002
school,55.8119923,27.0470846
shop_grocery,54.2098837,28.4847638
school,54.9308207,26.6850212
shop_grocery,52.9394548,26.3026479
school,53.6020885,27.0630834
school,52.2746372,26.9555139
shop_grocery,52.2531793,30.8950634
shop_grocery,52.8871072,26.3255715
shop_grocery,52.3572331,26.7950561
school,52.8316597,31.4895242
school,53.6722406,27.0049792
school,53.8718951,27.5304756
school,53.5112787,27.1412654
school,53.6591297,26.0831898
shop_grocery,53.5250347,27.1810021
cafe,53.9570471,27.3830528
fap,53.6399413,30.0659491
school,53.0504655,28.0526555
shop_grocery,52.1780545,24.0447767
post_office,53.2071089,27.1211477
shop_grocery,53.2071089,27.1211477
shop_grocery,52.1339646,23.9876162
shop_grocery,52.1609190,23.5434218
shop_grocery,53.6147249,24.7306723
shop_grocery,52.1516825,23.8061058
shop_grocery,52.1516062,23.8059042
school,52.0877126,26.4917010
cafe,53.0331713,27.5932351
shop_grocery,53.0138387,27.5521442
fap,53.1501037,29.2361094
restaurant,53.1400803,29.2268610
shop_grocery,53.1352201,29.1897972
sports_centre,53.1501513,29.2522113
school,52.5582590,23.7947115
school,51.9273773,26.2964389
shop_grocery,52.4519140,30.9754482
shop_grocery,52.5083609,30.9454771
school,52.1940082,25.9161432
school,55.6701248,28.3343945
fap,55.6727720,28.3326267
school,55.7104672,28.0899572
fap,55.7113481,28.0902475
school,51.8808921,30.5068392
school,51.9808130,30.4954827
fap,52.0313542,30.7123855
shop_grocery,53.0733430,26.9945979
shop_grocery,53.0733666,26.9945009
school,53.7652186,27.9931835
shop_grocery,54.1573074,25.9071168
fap,54.1609994,25.9080960
bank,54.1574651,25.9074716
school,54.2457510,29.5381540
school,51.8665960,30.2915248
school,51.8505490,30.1690632
school,53.2267236,27.2596282
cafe,54.2381528,28.4704457
fap,52.1354843,26.0930657
school,52.1248345,26.1100481
fap,52.4211403,31.0095265
cafe,52.4318603,30.9924412
fap,53.6765844,23.8643374
school,52.3067288,26.2419874
cafe,52.4295335,30.9917844
fap,52.1619101,23.6665556
fap,53.6895591,23.8268749
school,52.9199981,24.7278740
fap,51.8545274,26.8898208
shop_grocery,51.8660291,26.7972325
shop_grocery,53.0464527,26.2474633
school,54.0266261,29.8117769
shop_grocery,52.0348553,29.2607643
fap,53.8616997,27.5365648
fap,53.8623072,27.5358142
school,55.6210427,27.2537936
cafe,52.0668849,23.7617902
school,54.5995266,25.9732385
shop_grocery,52.1087170,23.7720095
cafe,52.1092857,23.7724337
shop_grocery,52.0697587,23.7567391
shop_grocery,53.2135401,26.3803681
shop_grocery,52.6794336,29.6466430
school,52.6612031,29.6494274
school,52.1521808,30.5317733
school,55.6908855,26.8984229
school,53.2842253,26.7751309
school,55.5914997,26.6880720
school,55.4757617,26.8663390
cafe,55.6465443,27.0344599
shop_grocery,55.6465001,27.0358255
school,51.9259714,29.5814851
bank,53.8717820,27.2030662
restaurant,53.8727247,27.2051187
school,52.1804895,29.8725960
school,52.1728707,25.9944865
cafe,52.0991463,23.7736046
fap,52.0864205,26.3214880
cafe,52.1276029,23.6543330
school,52.2547873,23.9058395
shop_grocery,51.8821347,23.6489001
fap,51.8819954,23.6536147
cafe,52.0798282,23.7531755
cafe,53.9572798,27.4608760
shop_grocery,52.1051632,23.6729909
post_office,52.4923448,25.9958937
school,52.1054854,23.7106055
shop_grocery,53.7224453,26.7644817
school,52.4932043,25.9933068
shop_grocery,52.0533071,23.7399265
shop_grocery,52.5623200,30.8824490
bank,52.5603487,30.8822586
ice_rink,53.6498485,23.8540605
school,55.4893107,28.0385080
school,53.3401757,26.1060833
school,54.4332052,30.3806865
shop_grocery,52.0985862,23.7256999
school,53.1143945,26.5541908
school,52.2792651,31.2734735
shop_grocery,52.1030147,23.7822318
school,52.1558900,23.6397480
school,53.1057057,26.6695741
school,54.2974497,26.8864962
school,53.0863196,26.7678465
school,53.2570946,31.3051343
school,52.2085411,24.3462859
school,52.1563289,23.6389974
fap,52.2123404,24.3210600
fap,52.2140515,24.3195633
school,53.3002982,31.4270809
school,53.2989629,31.3341021
school,52.2092060,24.3524499
school,52.2110707,24.3395320
fap,52.2101131,24.3379123
school,54.0149462,28.4806884
school,53.0519535,26.7514157
shop_grocery,55.1609791,30.2067748
fap,53.6502090,23.8606536
fap,53.9562168,27.6237636
shop_grocery,52.1039044,23.6471556
sports_centre,53.8504297,28.5287155
sports_centre,53.7824118,28.4912291
sports_centre,53.6535342,28.3120476
cafe,52.1092708,23.6479753
fap,55.1837991,29.0380517
school,55.1815197,29.0389410
school,53.3255275,31.5290800
school,55.3596307,27.9391579
fap,55.4116455,27.7317578
shop_grocery,55.4123891,27.7352704
school,52.1451282,26.1744413
shop_grocery,52.3685404,28.2586723
fap,52.1652070,26.2681407
fap,52.4620864,29.2658974
school,52.9648381,26.5444813
post_office,51.8164071,23.9079725
post_office,52.9975571,29.1839218
shop_grocery,52.9259714,29.0937045
school,53.0321146,26.5690319
shop_grocery,52.9332536,29.1169657
restaurant,53.9071892,27.5587367
fap,53.8397462,27.5925555
sports_centre,53.9052380,27.5220166
shop_grocery,54.3333155,30.2778447
shop_grocery,52.0917687,23.6566800
cafe,52.1002425,23.6488718
shop_grocery,52.3386568,24.3716564
school,52.8948228,26.5477929
fap,52.5639375,30.8811790
sports_centre,53.9662226,27.7226405
school,53.5906744,27.8642397
shop_grocery,52.3728699,29.3560127
school,53.0833144,26.3501796
shop_grocery,53.0344918,24.1043005
school,53.0378445,24.1016845
fap,54.4857305,30.4353571
school,52.2155723,27.8614299
school,52.8829102,26.8487339
shop_grocery,52.5606700,29.0135038
school,53.9734992,29.8509639
shop_grocery,53.7493122,27.9171987
shop_grocery,53.7418641,27.9241346
school,55.7792279,28.2099992
fap,52.0573245,27.0777237
school,52.0581647,27.0774948
school,53.0135526,26.8880737
sports_centre,53.8981512,27.5972470
shop_grocery,51.9033739,26.8746159
school,54.3187793,30.6526387
shop_grocery,54.2713197,30.9973857
school,54.1761037,31.2721860
shop_grocery,52.1794404,24.3761388
school,53.6869024,31.7123151
shop_grocery,51.9465088,27.0425739
shop_grocery,52.9597998,26.3093490
shop_grocery,52.9906807,26.2521860
fap,51.9721581,27.0677916
shop_grocery,53.0388488,26.2627986
shop_grocery,52.7775193,27.3661046
school,53.8562730,31.3690567
school,52.9536808,27.0660682
shop_grocery,52.9915294,26.3567021
school,53.0608552,26.1954211
school,52.9157311,27.0891954
school,52.1681199,26.2001583
school,53.4743974,31.0188722
shop_grocery,53.4474472,31.0012010
school,53.2047506,29.2211544
school,52.5637019,31.1743056
shop_grocery,52.1288401,29.3298135
shop_grocery,52.0762519,23.7247590
fap,53.8500964,27.5324649
school,52.2682168,23.5873926
fap,52.6564233,24.1675937
shop_grocery,52.1064203,23.8115352
school,54.0457168,24.9896806
fap,54.0480033,24.9866924
shop_grocery,52.1150414,23.7374090
school,52.9850416,27.2174965
shop_grocery,53.1171248,29.2287843
cafe,51.9073431,26.7500901
school,53.2606735,27.0658875
school,53.6497271,31.4089197
sports_centre,53.9020008,27.9600666
sports_centre,53.9019998,27.9606169
bank,52.2081029,24.3554005
sports_centre,53.8402659,27.5782994
school,53.1743282,26.9549341
shop_grocery,53.8885403,28.9812554
shop_grocery,52.1874450,24.1347152
fap,53.0485939,26.2673347
post_office,55.1510789,30.3923889
fap,53.0370222,27.0811087
school,53.0907597,27.1546959
cafe,52.0653296,23.7258480
school,53.0962812,27.2139482
sports_centre,53.6716384,27.1198928
shop_grocery,52.7573430,26.0398684
shop_grocery,52.7556183,26.0421263
shop_grocery,54.0193411,29.5527111
school,53.2071273,27.1216052
school,53.8466647,28.9976255
shop_grocery,54.2790125,28.1645830
shop_grocery,52.0388586,23.7275683
school,52.3053104,23.4808133
school,53.7924456,25.7009691
post_office,52.8264271,24.9987693
school,52.1076740,28.2882571
shop_grocery,53.1606850,27.0821962
school,53.2592379,27.1857595
shop_grocery,54.8541672,30.2058495
shop_grocery,53.3955166,26.6317566
school,52.3139672,28.8209864
school,52.3174911,28.8250533
shop_grocery,53.2769311,27.2599902
school,53.2273103,27.3600242
cafe,53.9060716,30.3754431
post_office,52.7026286,25.1433122
cafe,54.2982481,26.8483281
shop_grocery,52.7300101,27.4637785
school,51.9109234,29.9870016
pool,51.9326316,29.4842879
sports_centre,52.4076364,30.9511203
school,53.1937320,26.8101110
shop_grocery,52.0803229,23.7452302
school,52.8692999,27.0339626
shop_grocery,52.9633209,29.7857842
school,53.2145557,26.6945460
restaurant,54.8994276,26.6876748
shop_grocery,53.0265303,24.0925059
school,52.0464752,26.6427664
school,54.5619211,28.6952649
school,52.8196125,30.0413593
sports_centre,54.8838611,28.7017185
shop_grocery,52.1017539,23.6950871
fap,53.8763511,26.9543161
school,53.9110402,27.6670048
school,52.9163953,27.3129918
school,52.9443531,27.4488109
school,53.0000590,27.4073125
shop_grocery,52.2223952,27.0788517
cafe,52.5456388,27.4738577
school,52.2089939,27.1346828
school,53.0617028,27.4714665
shop_grocery,52.0675993,23.7018820
shop_grocery,53.1106268,27.4063158
school,53.1215267,27.4546653
school,53.0572379,27.3637765
school,53.5866962,27.8496442
school,55.5220292,27.3110515
shop_grocery,53.5663223,31.6489891
shop_grocery,53.9519709,27.6640006
bank,53.9517725,27.6649350
cafe,53.9519760,27.6648219
school,53.9635091,27.6543133
school,54.3378490,29.2756784
shop_grocery,53.9061332,27.3396586
shop_grocery,53.9063607,27.3366129
shop_grocery,53.9058531,27.3398101
shop_grocery,53.9046148,27.3393480
shop_grocery,53.9044219,27.3354945
sports_centre,53.0010726,27.6657008
shop_grocery,55.0394608,29.4499897
school,53.8664284,27.6280584
shop_grocery,54.2215758,26.6585272
shop_grocery,54.1709993,27.5133701
school,53.9002515,27.6534371
school,54.0985481,28.3640259
shop_grocery,54.0995214,28.3591363
school,52.0200087,26.3342741
fap,54.0969875,28.3595726
fap,53.7431276,27.1154434
shop_grocery,52.4054748,29.3758978
cafe,52.1147760,23.7744158
cafe,52.0853022,23.6953412
fap,53.1255832,26.8837759
fap,52.9115661,27.6276339
restaurant,54.2207850,28.5254866
cafe,53.9084957,27.7028558
shop_grocery,52.9605125,29.7847954
shop_grocery,53.6192776,27.3747537
shop_grocery,52.4036858,26.7311427
shop_grocery,52.8538348,27.3898374
school,52.8530581,27.2619383
cafe,52.0665659,23.6957555
shop_grocery,52.0642860,23.6996665
school,52.6436673,27.1202701
shop_grocery,52.6448396,27.1247474
shop_grocery,54.6661795,30.4297364
school,52.6494526,27.4117624
school,51.8995407,26.8578915
fap,54.5174130,30.3749719
shop_grocery,55.1674795,30.2106985
school,55.1978119,29.6526629
shop_grocery,54.4767134,26.3977990
shop_grocery,54.4703600,26.3715257
fap,52.6179921,27.5657454
school,52.6111862,27.5693080
fap,53.5977926,29.6982902
shop_grocery,52.8254253,27.5022945
fap,53.8415953,27.3916990
shop_grocery,54.5448884,25.6950729
school,52.0935222,23.6767127
fap,52.7265583,27.4547249
shop_grocery,54.0865249,28.3489846
shop_grocery,52.2201137,27.4893757
shop_grocery,52.1257094,23.6731810
school,52.2862143,24.0675017
fap,52.3977629,30.9093241
school,55.3002962,29.4726813
shop_grocery,53.3590425,25.9707677
school,52.0895488,23.6965083
school,52.0894230,23.6955201
school,54.5146665,30.4332860
fap,54.5143918,30.4371844
shop_grocery,52.6211643,27.1669763
shop_grocery,52.6490783,28.8793279
school,51.9447433,30.7961684
school,52.5762528,27.7207181
shop_grocery,53.9571661,27.0068737
fap,53.9177430,27.6274226
shop_grocery,53.8657389,27.6796426
restaurant,51.7989547,29.5072274
cafe,53.1637439,24.4602983
school,52.5703740,28.0656604
fap,52.5630090,28.0570034
fap,53.9336530,27.6329235
sports_centre,53.8368637,27.4744916
school,52.4040616,30.9550330
shop_grocery,53.0396847,26.2597478
school,53.8272822,27.5077164
fap,52.0974626,23.7628664
school,55.1014000,28.5633346
school,54.7715863,29.9649149
shop_grocery,53.5051309,27.4890131
shop_grocery,53.5159638,27.5197047
cafe,52.4233954,30.9979838
shop_grocery,52.4258455,31.0006084
cafe,52.7521599,26.4249339
fap,52.9318444,28.4321801
cafe,52.4243060,31.0049062
school,52.4274964,31.0054493
fap,53.2205285,27.9853157
shop_grocery,53.2189193,27.9890105
cafe,52.4256831,31.0002070
cafe,52.0904306,23.7122758
school,52.4641466,26.0526583
shop_grocery,52.0225070,29.2087271
school,53.3039928,28.6586764
shop_grocery,53.7821642,27.4353612
school,52.4298681,31.0014992
school,52.4306683,31.0022954
school,52.4298509,31.0047759
fap,52.4296799,31.0041516
cafe,52.4253477,30.9998496
fap,52.4273933,31.0074377
sports_centre,52.4282636,31.0048571
fap,53.0339108,28.2456537
fap,52.4305197,31.0066391
cafe,52.6460698,28.8823937
school,54.6395921,30.4400682
school,53.8368492,29.6077414
shop_grocery,53.0931838,28.4261064
fap,54.0111325,27.2534869
shop_grocery,52.4329787,31.0097798
cafe,52.4338916,31.0097546
school,52.8480539,27.6545298
school,53.0374065,28.2395005
fap,52.4365765,31.0023648
fap,52.4167558,31.0073884
cafe,52.4161915,31.0126567
fap,52.4155035,31.0095544
fap,52.4252509,31.0072251
shop_grocery,52.9260478,26.1234428
shop_grocery,52.9096706,26.1113758
shop_grocery,53.9541223,27.5060990
school,52.1053378,23.6479173
school,52.1043148,23.6489037
school,51.7685370,23.9778180
sports_centre,53.0346486,28.2469796
sports_centre,53.0342976,28.2463138
school,52.9690260,29.9616632
shop_grocery,54.0713412,27.2091032
fap,52.9316033,28.4317014
fap,55.3500614,27.8792553
shop_grocery,52.1033318,23.6475294
shop_grocery,53.5044203,28.1062920
cafe,53.6395511,23.8647822
shop_grocery,52.7359367,26.3435766
shop_grocery,55.8188044,28.7974776
fap,55.6723959,28.8367215
school,53.8978939,26.0631357
school,51.9573231,25.9541836
school,52.9790822,27.9698179
shop_grocery,52.6116783,28.8792340
school,55.0250764,30.5806374
sports_centre,53.1492362,26.0674814
shop_grocery,55.1181490,26.8391573
fap,52.3628007,31.0175572
shop_grocery,52.2025353,27.6000992
shop_grocery,53.1737012,25.1525883
shop_grocery,52.0644814,27.8235072
shop_grocery,54.3139797,26.7044281
school,53.9245984,30.3475346
school,51.8331313,24.0842394
shop_grocery,51.8377079,24.0893233
school,55.6223551,28.6420832
school,55.6227285,28.6415135
school,51.7104412,24.0994737
shop_grocery,53.7835624,27.4290427
school,51.7306332,24.1216958
school,52.8881028,28.3836439
shop_grocery,54.4882170,26.8239607
shop_grocery,52.0257936,23.8160621
shop_grocery,53.1764314,25.1547225
school,51.9660579,24.5985389
fap,51.9565594,24.5923778
school,52.6154555,29.2775184
school,52.6026810,29.1339451
shop_grocery,51.8740344,24.1779269
sports_centre,53.4958292,28.0890399
sports_centre,53.9471069,27.6290303
shop_grocery,53.0988212,26.3787277
fap,53.9006300,27.4977377
school,54.5963162,26.8743413
shop_grocery,52.2902069,31.0825552
shop_grocery,52.5727193,30.1885812
school,53.1634259,29.1697587
restaurant,52.2931968,30.9472123
shop_grocery,52.4057366,31.0333031
shop_grocery,54.5614843,26.7285460
shop_grocery,54.2656886,27.1066234
shop_grocery,54.1529333,27.2478223
sports_centre,52.9379786,25.6236668
shop_grocery,53.0483022,27.3645036
school,54.4854559,26.4081157
shop_grocery,52.4334620,31.1067286
shop_grocery,54.0717569,27.1488393
fap,53.3297693,25.3089380
school,53.3467327,26.7934392
school,53.3513046,26.6871742
shop_grocery,52.1877468,28.1837511
shop_grocery,52.0699956,23.7365204
school,54.4757733,30.3164565
school,52.7109575,27.7843550
shop_grocery,52.7690710,27.8002167
school,53.3868209,26.6297381
school,51.8664618,26.5089530
shop_grocery,54.0479917,27.2743588
shop_grocery,54.0508326,27.2753007
school,55.6810340,30.4195601
restaurant,53.8845899,27.5662181
school,54.4535451,26.3191083
shop_grocery,52.3443074,26.8507992
school,52.1712670,24.4583227
fap,52.2034316,24.6678793
school,52.1878520,24.3897155
shop_grocery,53.0376427,24.0913962
fap,53.9696146,25.9676233
fap,53.9057816,27.6857618
school,54.3693755,26.4639577
school,53.4435037,26.6009542
school,53.1352692,29.1921027
school,53.1367590,29.2013931
school,53.1354213,29.2155044
school,53.1323251,29.2129515
school,53.1295412,29.1941081
school,53.1384647,29.1606146
school,54.9396626,27.9536719
shop_grocery,52.1576685,23.6429031
school,52.1960253,24.0101889
school,53.4613788,26.6841820
fap,53.1362158,26.0088261
school,52.1151046,31.2002207
school,52.2128579,27.6971233
school,52.1479412,24.3707791
shop_grocery,54.2511604,28.7092668
school,53.4781145,29.2206790
pool,53.6613539,27.1454180
school,53.4130706,32.5904789
fap,54.1555798,27.8754033
sports_centre,54.1666625,27.8439354
shop_grocery,54.4361692,30.3815799
shop_grocery,54.0940823,28.3017924
school,53.1414893,29.2271845
cafe,54.1623714,27.8378447
school,53.1190425,29.2242725
school,53.1172419,29.2200406
fap,54.0970300,28.3602861
fap,54.0975697,28.3591501
shop_grocery,54.0410673,27.5629429
shop_grocery,54.0981905,27.5038891
school,52.7559161,27.9134784
shop_grocery,54.2974642,27.3229282
shop_grocery,52.7677175,27.8019872
shop_grocery,54.0349569,26.8945681
school,52.7518280,27.8417302
school,53.0972439,29.2347081
shop_grocery,54.2920205,26.8427790
cafe,54.0077038,27.6772103
shop_grocery,55.1660125,30.2662879
shop_grocery,52.3040662,24.2736040
shop_grocery,54.5682170,28.5688192
shop_grocery,52.8828697,26.8503427
shop_grocery,52.2897450,24.4897149
school,52.3048411,24.4445882
shop_grocery,53.8845498,27.5325761
school,52.1327413,26.1174263
bank,53.9633390,27.6248162
shop_grocery,52.7942903,27.9756773
shop_grocery,52.2036880,24.3116391
shop_grocery,53.7870804,27.3847513
shop_grocery,52.7858484,28.0160424
school,52.7868674,28.0112560
school,52.8548827,27.9547481
restaurant,53.9645770,27.6241330
fap,52.0260131,24.3415511
cafe,53.9647758,27.6245693
cafe,53.9641015,27.6258071
bank,53.1313953,26.0339819
sports_centre,54.0011721,27.7125074
fap,54.4862107,30.4345161
bank,53.9637146,27.6239396
cafe,53.9636601,27.6233543
bank,53.9635410,27.6244531
pool,54.4501936,30.3860369
sports_centre,52.6321986,29.7289363
sports_centre,52.6306004,29.7275769
school,52.5910444,28.2473789
school,53.8016846,29.2261072
school,54.6862862,29.6294349
shop_grocery,53.6719780,23.7381608
shop_grocery,55.7867268,27.4651994
fap,51.8835715,28.0813641
school,51.8818759,28.0852629
fap,54.6298281,30.3041439
shop_grocery,52.8135058,27.4856431
restaurant,53.1325340,26.0130767
shop_grocery,52.1294848,23.6946940
school,52.5528497,24.2070572
shop_grocery,53.4853383,26.0813316
shop_grocery,52.1983587,24.0323036
shop_grocery,52.2020421,24.0297718
school,52.5668679,24.2136239
school,53.6357915,27.2191638
shop_grocery,52.4551551,31.0219222
shop_grocery,53.8930637,27.7418861
cafe,53.8929450,27.7418000
fap,52.1000364,28.8148584
cafe,54.1958093,27.8078210
shop_grocery,53.1474773,26.4169869
shop_grocery,52.2831599,31.2637761
school,52.2122200,27.0926355
shop_grocery,52.5924833,27.2251634
school,52.1055514,28.4302331
shop_grocery,52.6060837,29.7655577
shop_grocery,51.7872779,24.0732846
school,54.0605433,29.9166000
school,53.0326508,30.7156607
shop_grocery,54.1614948,29.7624590
fap,54.1619988,29.7595391
school,54.7173015,26.6384313
school,52.7380537,26.3412854
school,52.8154645,26.5510449
shop_grocery,53.8228852,26.8372804
school,52.0865177,23.6493695
cafe,53.0212607,27.5482876
cafe,53.0222464,27.5475605
school,54.0020670,27.7291863
sports_centre,52.2375739,23.4899427
school,52.5839579,27.9845288
cafe,52.2771228,26.9545295
fap,52.3363219,26.0017657
fap,52.3385164,26.0010849
school,53.9348263,27.4665351
shop_grocery,53.3709219,24.1737999
school,53.0473600,29.6028918
school,52.2350802,24.7222128
fap,54.8833569,27.2770015
fap,52.1523054,30.6095893
school,52.6641476,27.9865122
shop_grocery,52.3690257,28.2590272
shop_grocery,52.5997596,27.9246895
school,52.8855830,29.5458144
shop_grocery,52.6714497,24.0857273
shop_grocery,52.6692617,24.0806285
shop_grocery,54.2560419,29.7946353
school,52.5666765,24.4222077
shop_grocery,54.4577775,30.0049495
shop_grocery,52.5667197,24.3304078
shop_grocery,52.0612034,24.4798545
sports_centre,53.8898086,27.5668089
shop_grocery,52.4100029,23.6261398
fap,52.1925695,25.1688530
cafe,52.8142211,27.5618672
shop_grocery,52.1762263,23.8378912
school,54.3362303,25.8404767
