country,unit_id,unit_name,unit_level,year,population,definition,source,note
BY,r-akciabrski,Октябрьский район,raion,1989,20612,census_present,BY_maps:data.json(pop),"перепись 1989, наличное население (совпадает с Демоскопом)"
BY,r-akciabrski,Октябрьский район,raion,1999,20235,census_resident,BY_maps:data.json(pop),"перепись, постоянное население"
BY,r-akciabrski,Октябрьский район,raion,2009,15989,census_resident,BY_maps:data.json(pop),"перепись, постоянное население"
BY,r-akciabrski,Октябрьский район,raion,2019,14197,census_resident,BY_maps:data.json(pop),"перепись, постоянное население"
BY,r-akciabrski,Октябрьский район,raion,2026,12377,resident_1jan,BY_maps:data.json(pop),текущая оценка Белстата на 1 января
BY,r-arshanski,Оршанский район,raion,1989,182930,census_present,BY_maps:data.json(pop),"перепись 1989, наличное население (совпадает с Демоскопом); полигон района вкл. г. Орша (обл. подчинения); без города — строка r-arshanski#admin"
BY,r-arshanski,Оршанский район,raion,1999,182363,census_resident,BY_maps:data.json(pop),"перепись, постоянное население; полигон района вкл. г. Орша (обл. подчинения); без города — строка r-arshanski#admin"
BY,r-arshanski,Оршанский район,raion,2009,163734,census_resident,BY_maps:data.json(pop),"перепись, постоянное население; полигон района вкл. г. Орша (обл. подчинения); без города — строка r-arshanski#admin"
BY,r-arshanski,Оршанский район,raion,2019,148136,census_resident,BY_maps:data.json(pop),"перепись, постоянное население; полигон района вкл. г. Орша (обл. подчинения); без города — строка r-arshanski#admin"
BY,r-arshanski,Оршанский район,raion,2026,137772,resident_1jan,BY_maps:data.json(pop),текущая оценка Белстата на 1 января; полигон района вкл. г. Орша (обл. подчинения); без города — строка r-arshanski#admin
BY,r-arshanski#admin,Оршанский район (адм. район),raion_admin,1989,46246,census_present,BY_maps:data.json(popAdmin),"перепись 1989, наличное население (совпадает с Демоскопом); адм. район без г. Орша"
BY,r-arshanski#admin,Оршанский район (адм. район),raion_admin,1999,45945,census_resident,BY_maps:data.json(popAdmin),"перепись, постоянное население; адм. район без г. Орша"
BY,r-arshanski#admin,Оршанский район (адм. район),raion_admin,2009,31009,census_resident,BY_maps:data.json(popAdmin),"перепись, постоянное население; адм. район без г. Орша"
BY,r-arshanski#admin,Оршанский район (адм. район),raion_admin,2019,148136,census_resident,BY_maps:data.json(popAdmin),"перепись, постоянное население; в этом году popAdmin = pop (город в составе адм. района)"
BY,r-arshanski#admin,Оршанский район (адм. район),raion_admin,2026,137772,resident_1jan,BY_maps:data.json(popAdmin),текущая оценка Белстата на 1 января; в этом году popAdmin = pop (город в составе адм. района)
BY,r-ashmianski,Ошмянский район,raion,1989,38480,census_present,BY_maps:data.json(pop),"перепись 1989, наличное население (совпадает с Демоскопом)"
BY,r-ashmianski,Ошмянский район,raion,1999,37331,census_resident,BY_maps:data.json(pop),"перепись, постоянное население"
BY,r-ashmianski,Ошмянский район,raion,2009,32411,census_resident,BY_maps:data.json(pop),"перепись, постоянное население"
BY,r-ashmianski,Ошмянский район,raion,2019,30904,census_resident,BY_maps:data.json(pop),"перепись, постоянное население"
BY,r-ashmianski,Ошмянский район,raion,2026,28351,resident_1jan,BY_maps:data.json(pop),текущая оценка Белстата на 1 января
BY,r-asipovicki,Осиповичский район,raion,1989,62261,census_present,BY_maps:data.json(pop),"перепись 1989, наличное население (совпадает с Демоскопом)"
BY,r-asipovicki,Осиповичский район,raion,1999,59055,census_resident,BY_maps:data.json(pop),"перепись, постоянное население"
BY,r-asipovicki,Осиповичский район,raion,2009,52447,census_resident,BY_maps:data.json(pop),"перепись, постоянное население"
BY,r-asipovicki,Осиповичский район,raion,2019,46063,census_resident,BY_maps:data.json(pop),"перепись, постоянное население"
BY,r-asipovicki,Осиповичский район,raion,2026,42273,resident_1jan,BY_maps:data.json(pop),текущая оценка Белстата на 1 января
BY,r-astraviecki,Островецкий район,raion,1989,29886,census_present,BY_maps:data.json(pop),"перепись 1989, наличное население (совпадает с Демоскопом)"
BY,r-astraviecki,Островецкий район,raion,1999,29485,census_resident,BY_maps:data.json(pop),"перепись, постоянное население"
BY,r-astraviecki,Островецкий район,raion,2009,24266,census_resident,BY_maps:data.json(pop),"перепись, постоянное население"
BY,r-astraviecki,Островецкий район,raion,2019,27683,census_resident,BY_maps:data.json(pop),"перепись, постоянное население"
BY,r-astraviecki,Островецкий район,raion,2026,28462,resident_1jan,BY_maps:data.json(pop),текущая оценка Белстата на 1 января
BY,r-babrujski,Бобруйский район,raion,1989,253123,census_present,BY_maps:data.json(pop),"перепись 1989, наличное население (совпадает с Демоскопом); полигон района вкл. г. Бобруйск (обл. подчинения); без города — строка r-babrujski#admin"
BY,r-babrujski,Бобруйский район,raion,1999,247746,census_resident,BY_maps:data.json(pop),"перепись, постоянное население; полигон района вкл. г. Бобруйск (обл. подчинения); без города — строка r-babrujski#admin"
BY,r-babrujski,Бобруйский район,raion,2009,235752,census_resident,BY_maps:data.json(pop),"перепись, постоянное население; полигон района вкл. г. Бобруйск (обл. подчинения); без города — строка r-babrujski#admin"
BY,r-babrujski,Бобруйский район,raion,2019,230780,census_resident,BY_maps:data.json(pop),"перепись, постоянное население; полигон района вкл. г. Бобруйск (обл. подчинения); без города — строка r-babrujski#admin"
BY,r-babrujski,Бобруйский район,raion,2026,220044,resident_1jan,BY_maps:data.json(pop),текущая оценка Белстата на 1 января; полигон района вкл. г. Бобруйск (обл. подчинения); без города — строка r-babrujski#admin
BY,r-babrujski#admin,Бобруйский район (адм. район),raion_admin,1989,31957,census_present,BY_maps:data.json(popAdmin),"перепись 1989, наличное население (совпадает с Демоскопом); адм. район без г. Бобруйск"
BY,r-babrujski#admin,Бобруйский район (адм. район),raion_admin,1999,27093,census_resident,BY_maps:data.json(popAdmin),"перепись, постоянное население; адм. район без г. Бобруйск"
BY,r-babrujski#admin,Бобруйский район (адм. район),raion_admin,2009,20660,census_resident,BY_maps:data.json(popAdmin),"перепись, постоянное население; адм. район без г. Бобруйск"
BY,r-babrujski#admin,Бобруйский район (адм. район),raion_admin,2019,18497,census_resident,BY_maps:data.json(popAdmin),"перепись, постоянное население; адм. район без г. Бобруйск"
BY,r-babrujski#admin,Бобруйский район (адм. район),raion_admin,2026,15941,resident_1jan,BY_maps:data.json(popAdmin),текущая оценка Белстата на 1 января; адм. район без г. Бобруйск
BY,r-baranavicki,Барановичский район,raion,1989,214104,census_present,BY_maps:data.json(pop),"перепись 1989, наличное население (совпадает с Демоскопом); полигон района вкл. г. Барановичи (обл. подчинения); без города — строка r-baranavicki#admin"
BY,r-baranavicki,Барановичский район,raion,1999,216995,census_resident,BY_maps:data.json(pop),"перепись, постоянное население; полигон района вкл. г. Барановичи (обл. подчинения); без города — строка r-baranavicki#admin"
BY,r-baranavicki,Барановичский район,raion,2009,210142,census_resident,BY_maps:data.json(pop),"перепись, постоянное население; полигон района вкл. г. Барановичи (обл. подчинения); без города — строка r-baranavicki#admin"
BY,r-baranavicki,Барановичский район,raion,2019,204936,census_resident,BY_maps:data.json(pop),"перепись, постоянное население; полигон района вкл. г. Барановичи (обл. подчинения); без города — строка r-baranavicki#admin"
BY,r-baranavicki,Барановичский район,raion,2026,196068,resident_1jan,BY_maps:data.json(pop),текущая оценка Белстата на 1 января; полигон района вкл. г. Барановичи (обл. подчинения); без города — строка r-baranavicki#admin
BY,r-baranavicki#admin,Барановичский район (адм. район),raion_admin,1989,54789,census_present,BY_maps:data.json(popAdmin),"перепись 1989, наличное население (совпадает с Демоскопом); адм. район без г. Барановичи"
BY,r-baranavicki#admin,Барановичский район (адм. район),raion_admin,1999,49576,census_resident,BY_maps:data.json(popAdmin),"перепись, постоянное население; адм. район без г. Барановичи"
BY,r-baranavicki#admin,Барановичский район (адм. район),raion_admin,2009,41902,census_resident,BY_maps:data.json(popAdmin),"перепись, постоянное население; адм. район без г. Барановичи"
BY,r-baranavicki#admin,Барановичский район (адм. район),raion_admin,2019,29836,census_resident,BY_maps:data.json(popAdmin),"перепись, постоянное население; адм. район без г. Барановичи"
BY,r-baranavicki#admin,Барановичский район (адм. район),raion_admin,2026,26029,resident_1jan,BY_maps:data.json(popAdmin),текущая оценка Белстата на 1 января; адм. район без г. Барановичи
BY,r-barysauski,Борисовский район,raion,1989,197433,census_present,BY_maps:data.json(pop),"перепись 1989, наличное население (совпадает с Демоскопом)"
BY,r-barysauski,Борисовский район,raion,1999,200496,census_resident,BY_maps:data.json(pop),"перепись, постоянное население"
BY,r-barysauski,Борисовский район,raion,2009,188142,census_resident,BY_maps:data.json(pop),"перепись, постоянное население"
BY,r-barysauski,Борисовский район,raion,2019,175962,census_resident,BY_maps:data.json(pop),"перепись, постоянное население"
BY,r-barysauski,Борисовский район,raion,2026,165511,resident_1jan,BY_maps:data.json(pop),текущая оценка Белстата на 1 января
BY,r-bialynicki,Белыничский район,raion,1989,30274,census_present,BY_maps:data.json(pop),"перепись 1989, наличное население (совпадает с Демоскопом)"
BY,r-bialynicki,Белыничский район,raion,1999,27162,census_resident,BY_maps:data.json(pop),"перепись, постоянное население"
BY,r-bialynicki,Белыничский район,raion,2009,21839,census_resident,BY_maps:data.json(pop),"перепись, постоянное население"
BY,r-bialynicki,Белыничский район,raion,2019,19029,census_resident,BY_maps:data.json(pop),"перепись, постоянное население"
BY,r-bialynicki,Белыничский район,raion,2026,16784,resident_1jan,BY_maps:data.json(pop),текущая оценка Белстата на 1 января
BY,r-biarezinski,Березинский район,raion,1989,35477,census_present,BY_maps:data.json(pop),"перепись 1989, наличное население (совпадает с Демоскопом)"
BY,r-biarezinski,Березинский район,raion,1999,33340,census_resident,BY_maps:data.json(pop),"перепись, постоянное население"
BY,r-biarezinski,Березинский район,raion,2009,25031,census_resident,BY_maps:data.json(pop),"перепись, постоянное население"
BY,r-biarezinski,Березинский район,raion,2019,23140,census_resident,BY_maps:data.json(pop),"перепись, постоянное население"
BY,r-biarezinski,Березинский район,raion,2026,20828,resident_1jan,BY_maps:data.json(pop),текущая оценка Белстата на 1 января
BY,r-biarozauski,Березовский район,raion,1989,69755,census_present,BY_maps:data.json(pop),"перепись 1989, наличное население (совпадает с Демоскопом)"
BY,r-biarozauski,Березовский район,raion,1999,74014,census_resident,BY_maps:data.json(pop),"перепись, постоянное население"
BY,r-biarozauski,Березовский район,raion,2009,66988,census_resident,BY_maps:data.json(pop),"перепись, постоянное население"
BY,r-biarozauski,Березовский район,raion,2019,60766,census_resident,BY_maps:data.json(pop),"перепись, постоянное население"
BY,r-biarozauski,Березовский район,raion,2026,56182,resident_1jan,BY_maps:data.json(pop),текущая оценка Белстата на 1 января
BY,r-bierastavicki,Берестовицкий район,raion,1989,21224,census_present,BY_maps:data.json(pop),"перепись 1989, наличное население (совпадает с Демоскопом)"
BY,r-bierastavicki,Берестовицкий район,raion,1999,21311,census_resident,BY_maps:data.json(pop),"перепись, постоянное население"
BY,r-bierastavicki,Берестовицкий район,raion,2009,18017,census_resident,BY_maps:data.json(pop),"перепись, постоянное население"
BY,r-bierastavicki,Берестовицкий район,raion,2019,15667,census_resident,BY_maps:data.json(pop),"перепись, постоянное население"
BY,r-bierastavicki,Берестовицкий район,raion,2026,13955,resident_1jan,BY_maps:data.json(pop),текущая оценка Белстата на 1 января
BY,r-bieshankovicki,Бешенковичский район,raion,1989,25799,census_present,BY_maps:data.json(pop),"перепись 1989, наличное население (совпадает с Демоскопом)"
BY,r-bieshankovicki,Бешенковичский район,raion,1999,23674,census_resident,BY_maps:data.json(pop),"перепись, постоянное население"
BY,r-bieshankovicki,Бешенковичский район,raion,2009,18516,census_resident,BY_maps:data.json(pop),"перепись, постоянное население"
BY,r-bieshankovicki,Бешенковичский район,raion,2019,14630,census_resident,BY_maps:data.json(pop),"перепись, постоянное население"
BY,r-bieshankovicki,Бешенковичский район,raion,2026,12842,resident_1jan,BY_maps:data.json(pop),текущая оценка Белстата на 1 января
BY,r-brahinski,Брагинский район,raion,1989,26161,census_present,BY_maps:data.json(pop),"перепись 1989, наличное население (совпадает с Демоскопом)"
BY,r-brahinski,Брагинский район,raion,1999,17406,census_resident,BY_maps:data.json(pop),"перепись, постоянное население"
BY,r-brahinski,Брагинский район,raion,2009,14211,census_resident,BY_maps:data.json(pop),"перепись, постоянное население"
BY,r-brahinski,Брагинский район,raion,2019,12497,census_resident,BY_maps:data.json(pop),"перепись, постоянное население"
BY,r-brahinski,Брагинский район,raion,2026,11187,resident_1jan,BY_maps:data.json(pop),текущая оценка Белстата на 1 января
BY,r-braslauski,Браславский район,raion,1989,35711,census_present,BY_maps:data.json(pop),"перепись 1989, наличное население (совпадает с Демоскопом)"
BY,r-braslauski,Браславский район,raion,1999,36123,census_resident,BY_maps:data.json(pop),"перепись, постоянное население"
BY,r-braslauski,Браславский район,raion,2009,29175,census_resident,BY_maps:data.json(pop),"перепись, постоянное население"
BY,r-braslauski,Браславский район,raion,2019,24679,census_resident,BY_maps:data.json(pop),"перепись, постоянное население"
BY,r-braslauski,Браславский район,raion,2026,22349,resident_1jan,BY_maps:data.json(pop),текущая оценка Белстата на 1 января
BY,r-brescki,Брестский район,raion,1989,300830,census_present,BY_maps:data.json(pop),"перепись 1989, наличное население (совпадает с Демоскопом); полигон района вкл. г. Брест (обл. подчинения); без города — строка r-brescki#admin"
BY,r-brescki,Брестский район,raion,1999,331725,census_resident,BY_maps:data.json(pop),"перепись, постоянное население; полигон района вкл. г. Брест (обл. подчинения); без города — строка r-brescki#admin"
BY,r-brescki,Брестский район,raion,2009,349190,census_resident,BY_maps:data.json(pop),"перепись, постоянное население; полигон района вкл. г. Брест (обл. подчинения); без города — строка r-brescki#admin"
BY,r-brescki,Брестский район,raion,2019,384542,census_resident,BY_maps:data.json(pop),"перепись, постоянное население; полигон района вкл. г. Брест (обл. подчинения); без города — строка r-brescki#admin"
BY,r-brescki,Брестский район,raion,2026,393012,resident_1jan,BY_maps:data.json(pop),текущая оценка Белстата на 1 января; полигон района вкл. г. Брест (обл. подчинения); без города — строка r-brescki#admin
BY,r-brescki#admin,Брестский район (адм. район),raion_admin,1989,42814,census_present,BY_maps:data.json(popAdmin),"перепись 1989, наличное население (совпадает с Демоскопом); адм. район без г. Брест"
BY,r-brescki#admin,Брестский район (адм. район),raion_admin,1999,45287,census_resident,BY_maps:data.json(popAdmin),"перепись, постоянное население; адм. район без г. Брест"
BY,r-brescki#admin,Брестский район (адм. район),raion_admin,2009,39426,census_resident,BY_maps:data.json(popAdmin),"перепись, постоянное население; адм. район без г. Брест"
BY,r-brescki#admin,Брестский район (адм. район),raion_admin,2019,45563,census_resident,BY_maps:data.json(popAdmin),"перепись, постоянное население; адм. район без г. Брест"
BY,r-brescki#admin,Брестский район (адм. район),raion_admin,2026,45874,resident_1jan,BY_maps:data.json(popAdmin),текущая оценка Белстата на 1 января; адм. район без г. Брест
BY,r-buda-kashalouski,Буда-Кошелёвский район,raion,1989,51100,census_present,BY_maps:data.json(pop),"перепись 1989, наличное население (совпадает с Демоскопом)"
BY,r-buda-kashalouski,Буда-Кошелёвский район,raion,1999,43921,census_resident,BY_maps:data.json(pop),"перепись, постоянное население"
BY,r-buda-kashalouski,Буда-Кошелёвский район,raion,2009,35738,census_resident,BY_maps:data.json(pop),"перепись, постоянное население"
BY,r-buda-kashalouski,Буда-Кошелёвский район,raion,2019,31352,census_resident,BY_maps:data.json(pop),"перепись, постоянное население"
BY,r-buda-kashalouski,Буда-Кошелёвский район,raion,2026,27887,resident_1jan,BY_maps:data.json(pop),текущая оценка Белстата на 1 января
BY,r-bychauski,Быховский район,raion,1989,55271,census_present,BY_maps:data.json(pop),"перепись 1989, наличное население (совпадает с Демоскопом)"
BY,r-bychauski,Быховский район,raion,1999,45127,census_resident,BY_maps:data.json(pop),"перепись, постоянное население"
BY,r-bychauski,Быховский район,raion,2009,35148,census_resident,BY_maps:data.json(pop),"перепись, постоянное население"
BY,r-bychauski,Быховский район,raion,2019,30518,census_resident,BY_maps:data.json(pop),"перепись, постоянное население"
BY,r-bychauski,Быховский район,raion,2026,26972,resident_1jan,BY_maps:data.json(pop),текущая оценка Белстата на 1 января
BY,r-chacherski,Чечерский район,raion,1989,27568,census_present,BY_maps:data.json(pop),"перепись 1989, наличное население (совпадает с Демоскопом)"
BY,r-chacherski,Чечерский район,raion,1999,18024,census_resident,BY_maps:data.json(pop),"перепись, постоянное население"
BY,r-chacherski,Чечерский район,raion,2009,15790,census_resident,BY_maps:data.json(pop),"перепись, постоянное население"
BY,r-chacherski,Чечерский район,raion,2019,14768,census_resident,BY_maps:data.json(pop),"перепись, постоянное население"
BY,r-chacherski,Чечерский район,raion,2026,13965,resident_1jan,BY_maps:data.json(pop),текущая оценка Белстата на 1 января
BY,r-chashnicki,Чашникский район,raion,1989,43473,census_present,BY_maps:data.json(pop),"перепись 1989, наличное население (совпадает с Демоскопом)"
BY,r-chashnicki,Чашникский район,raion,1999,41985,census_resident,BY_maps:data.json(pop),"перепись, постоянное население"
BY,r-chashnicki,Чашникский район,raion,2009,35043,census_resident,BY_maps:data.json(pop),"перепись, постоянное население"
BY,r-chashnicki,Чашникский район,raion,2019,29010,census_resident,BY_maps:data.json(pop),"перепись, постоянное население"
BY,r-chashnicki,Чашникский район,raion,2026,25316,resident_1jan,BY_maps:data.json(pop),текущая оценка Белстата на 1 января
BY,r-chavuski,Чаусский район,raion,1989,31248,census_present,BY_maps:data.json(pop),"перепись 1989, наличное население (совпадает с Демоскопом)"
BY,r-chavuski,Чаусский район,raion,1999,27070,census_resident,BY_maps:data.json(pop),"перепись, постоянное население"
BY,r-chavuski,Чаусский район,raion,2009,21242,census_resident,BY_maps:data.json(pop),"перепись, постоянное население"
BY,r-chavuski,Чаусский район,raion,2019,18205,census_resident,BY_maps:data.json(pop),"перепись, постоянное население"
BY,r-chavuski,Чаусский район,raion,2026,15940,resident_1jan,BY_maps:data.json(pop),текущая оценка Белстата на 1 января
BY,r-chervienski,Червенский район,raion,1989,41136,census_present,BY_maps:data.json(pop),"перепись 1989, наличное население (совпадает с Демоскопом)"
BY,r-chervienski,Червенский район,raion,1999,39629,census_resident,BY_maps:data.json(pop),"перепись, постоянное население"
BY,r-chervienski,Червенский район,raion,2009,33383,census_resident,BY_maps:data.json(pop),"перепись, постоянное население"
BY,r-chervienski,Червенский район,raion,2019,33405,census_resident,BY_maps:data.json(pop),"перепись, постоянное население"
BY,r-chervienski,Червенский район,raion,2026,,resident_1jan,BY_maps:data.json(pop),нет значения 2026 в data.json (2025 = 33325 оценка); остаток Минской обл. 2026 за вычетом прочих районов = 33284 — не подставлен
BY,r-cherykauski,Чериковский район,raion,1989,22486,census_present,BY_maps:data.json(pop),"перепись 1989, наличное население (совпадает с Демоскопом)"
BY,r-cherykauski,Чериковский район,raion,1999,17660,census_resident,BY_maps:data.json(pop),"перепись, постоянное население"
BY,r-cherykauski,Чериковский район,raion,2009,14875,census_resident,BY_maps:data.json(pop),"перепись, постоянное население"
BY,r-cherykauski,Чериковский район,raion,2019,13370,census_resident,BY_maps:data.json(pop),"перепись, постоянное население"
BY,r-cherykauski,Чериковский район,raion,2026,11873,resident_1jan,BY_maps:data.json(pop),текущая оценка Белстата на 1 января
BY,r-chocimski,Хотимский район,raion,1989,18201,census_present,BY_maps:data.json(pop),"перепись 1989, наличное население (совпадает с Демоскопом)"
BY,r-chocimski,Хотимский район,raion,1999,17125,census_resident,BY_maps:data.json(pop),"перепись, постоянное население"
BY,r-chocimski,Хотимский район,raion,2009,13057,census_resident,BY_maps:data.json(pop),"перепись, постоянное население"
BY,r-chocimski,Хотимский район,raion,2019,10604,census_resident,BY_maps:data.json(pop),"перепись, постоянное население"
BY,r-chocimski,Хотимский район,raion,2026,9226,resident_1jan,BY_maps:data.json(pop),текущая оценка Белстата на 1 января
BY,r-chojnicki,Хойникский район,raion,1989,38834,census_present,BY_maps:data.json(pop),"перепись 1989, наличное население (совпадает с Демоскопом)"
BY,r-chojnicki,Хойникский район,raion,1999,26310,census_resident,BY_maps:data.json(pop),"перепись, постоянное население"
BY,r-chojnicki,Хойникский район,raion,2009,22412,census_resident,BY_maps:data.json(pop),"перепись, постоянное население"
BY,r-chojnicki,Хойникский район,raion,2019,19615,census_resident,BY_maps:data.json(pop),"перепись, постоянное население"
BY,r-chojnicki,Хойникский район,raion,2026,17704,resident_1jan,BY_maps:data.json(pop),текущая оценка Белстата на 1 января
BY,r-dobrushski,Добрушский район,raion,1989,53675,census_present,BY_maps:data.json(pop),"перепись 1989, наличное население (совпадает с Демоскопом)"
BY,r-dobrushski,Добрушский район,raion,1999,47113,census_resident,BY_maps:data.json(pop),"перепись, постоянное население"
BY,r-dobrushski,Добрушский район,raion,2009,40632,census_resident,BY_maps:data.json(pop),"перепись, постоянное население"
BY,r-dobrushski,Добрушский район,raion,2019,36697,census_resident,BY_maps:data.json(pop),"перепись, постоянное население"
BY,r-dobrushski,Добрушский район,raion,2026,33727,resident_1jan,BY_maps:data.json(pop),текущая оценка Белстата на 1 января
BY,r-dokshycki,Докшицкий район,raion,1989,37624,census_present,BY_maps:data.json(pop),"перепись 1989, наличное население (совпадает с Демоскопом)"
BY,r-dokshycki,Докшицкий район,raion,1999,34602,census_resident,BY_maps:data.json(pop),"перепись, постоянное население"
BY,r-dokshycki,Докшицкий район,raion,2009,26828,census_resident,BY_maps:data.json(pop),"перепись, постоянное население"
BY,r-dokshycki,Докшицкий район,raion,2019,22463,census_resident,BY_maps:data.json(pop),"перепись, постоянное население"
BY,r-dokshycki,Докшицкий район,raion,2026,19630,resident_1jan,BY_maps:data.json(pop),текущая оценка Белстата на 1 января
BY,r-drahichynski,Дрогичинский район,raion,1989,53917,census_present,BY_maps:data.json(pop),"перепись 1989, наличное население (совпадает с Демоскопом)"
BY,r-drahichynski,Дрогичинский район,raion,1999,51107,census_resident,BY_maps:data.json(pop),"перепись, постоянное население"
BY,r-drahichynski,Дрогичинский район,raion,2009,42948,census_resident,BY_maps:data.json(pop),"перепись, постоянное население"
BY,r-drahichynski,Дрогичинский район,raion,2019,36527,census_resident,BY_maps:data.json(pop),"перепись, постоянное население"
BY,r-drahichynski,Дрогичинский район,raion,2026,32343,resident_1jan,BY_maps:data.json(pop),текущая оценка Белстата на 1 января
BY,r-drybinski,Дрибинский район,raion,1989,,census_present,BY_maps:data.json(pop),район образован после переписи 1989 г. (в Демоскопе нет); ряд data.json начинается с 1991
BY,r-drybinski,Дрибинский район,raion,1999,15941,census_resident,BY_maps:data.json(pop),"перепись, постоянное население"
BY,r-drybinski,Дрибинский район,raion,2009,12253,census_resident,BY_maps:data.json(pop),"перепись, постоянное население"
BY,r-drybinski,Дрибинский район,raion,2019,10474,census_resident,BY_maps:data.json(pop),"перепись, постоянное население"
BY,r-drybinski,Дрибинский район,raion,2026,8922,resident_1jan,BY_maps:data.json(pop),текущая оценка Белстата на 1 января
BY,r-dubrovienski,Дубровенский район,raion,1989,25235,census_present,BY_maps:data.json(pop),"перепись 1989, наличное население (совпадает с Демоскопом)"
BY,r-dubrovienski,Дубровенский район,raion,1999,22487,census_resident,BY_maps:data.json(pop),"перепись, постоянное население"
BY,r-dubrovienski,Дубровенский район,raion,2009,16974,census_resident,BY_maps:data.json(pop),"перепись, постоянное население"
BY,r-dubrovienski,Дубровенский район,raion,2019,14459,census_resident,BY_maps:data.json(pop),"перепись, постоянное население"
BY,r-dubrovienski,Дубровенский район,raion,2026,12770,resident_1jan,BY_maps:data.json(pop),текущая оценка Белстата на 1 января
BY,r-dziarzhynski,Дзержинский район,raion,1989,58574,census_present,BY_maps:data.json(pop),"перепись 1989, наличное население (совпадает с Демоскопом)"
BY,r-dziarzhynski,Дзержинский район,raion,1999,61528,census_resident,BY_maps:data.json(pop),"перепись, постоянное население"
BY,r-dziarzhynski,Дзержинский район,raion,2009,61252,census_resident,BY_maps:data.json(pop),"перепись, постоянное население"
BY,r-dziarzhynski,Дзержинский район,raion,2019,69500,census_resident,BY_maps:data.json(pop),"перепись, постоянное население"
BY,r-dziarzhynski,Дзержинский район,raion,2026,71137,resident_1jan,BY_maps:data.json(pop),текущая оценка Белстата на 1 января
BY,r-dziatlauski,Дятловский район,raion,1989,42747,census_present,BY_maps:data.json(pop),"перепись 1989, наличное население (совпадает с Демоскопом)"
BY,r-dziatlauski,Дятловский район,raion,1999,38312,census_resident,BY_maps:data.json(pop),"перепись, постоянное население"
BY,r-dziatlauski,Дятловский район,raion,2009,29703,census_resident,BY_maps:data.json(pop),"перепись, постоянное население"
BY,r-dziatlauski,Дятловский район,raion,2019,25160,census_resident,BY_maps:data.json(pop),"перепись, постоянное население"
BY,r-dziatlauski,Дятловский район,raion,2026,21481,resident_1jan,BY_maps:data.json(pop),текущая оценка Белстата на 1 января
BY,r-hancavicki,Ганцевичский район,raion,1989,38104,census_present,BY_maps:data.json(pop),"перепись 1989, наличное население (совпадает с Демоскопом)"
BY,r-hancavicki,Ганцевичский район,raion,1999,36613,census_resident,BY_maps:data.json(pop),"перепись, постоянное население"
BY,r-hancavicki,Ганцевичский район,raion,2009,31170,census_resident,BY_maps:data.json(pop),"перепись, постоянное население"
BY,r-hancavicki,Ганцевичский район,raion,2019,26378,census_resident,BY_maps:data.json(pop),"перепись, постоянное население"
BY,r-hancavicki,Ганцевичский район,raion,2026,23441,resident_1jan,BY_maps:data.json(pop),текущая оценка Белстата на 1 января
BY,r-haradocki,Городокский район,raion,1989,38197,census_present,BY_maps:data.json(pop),"перепись 1989, наличное население (совпадает с Демоскопом)"
BY,r-haradocki,Городокский район,raion,1999,34693,census_resident,BY_maps:data.json(pop),"перепись, постоянное население"
BY,r-haradocki,Городокский район,raion,2009,26760,census_resident,BY_maps:data.json(pop),"перепись, постоянное население"
BY,r-haradocki,Городокский район,raion,2019,22158,census_resident,BY_maps:data.json(pop),"перепись, постоянное население"
BY,r-haradocki,Городокский район,raion,2026,19609,resident_1jan,BY_maps:data.json(pop),текущая оценка Белстата на 1 января
BY,r-hluski,Глусский район,raion,1989,22784,census_present,BY_maps:data.json(pop),"перепись 1989, наличное население (совпадает с Демоскопом)"
BY,r-hluski,Глусский район,raion,1999,21850,census_resident,BY_maps:data.json(pop),"перепись, постоянное население"
BY,r-hluski,Глусский район,raion,2009,16457,census_resident,BY_maps:data.json(pop),"перепись, постоянное население"
BY,r-hluski,Глусский район,raion,2019,13420,census_resident,BY_maps:data.json(pop),"перепись, постоянное население"
BY,r-hluski,Глусский район,raion,2026,11527,resident_1jan,BY_maps:data.json(pop),текущая оценка Белстата на 1 января
BY,r-hlybocki,Глубокский район,raion,1989,51657,census_present,BY_maps:data.json(pop),"перепись 1989, наличное население (совпадает с Демоскопом)"
BY,r-hlybocki,Глубокский район,raion,1999,49996,census_resident,BY_maps:data.json(pop),"перепись, постоянное население"
BY,r-hlybocki,Глубокский район,raion,2009,41043,census_resident,BY_maps:data.json(pop),"перепись, постоянное население"
BY,r-hlybocki,Глубокский район,raion,2019,35233,census_resident,BY_maps:data.json(pop),"перепись, постоянное население"
BY,r-hlybocki,Глубокский район,raion,2026,32383,resident_1jan,BY_maps:data.json(pop),текущая оценка Белстата на 1 января
BY,r-homielski,Гомельский район,raion,1989,591823,census_present,BY_maps:data.json(pop),"перепись 1989, наличное население (совпадает с Демоскопом); полигон района вкл. г. Гомель (обл. подчинения); без города — строка r-homielski#admin"
BY,r-homielski,Гомельский район,raion,1999,560770,census_resident,BY_maps:data.json(pop),"перепись, постоянное население; полигон района вкл. г. Гомель (обл. подчинения); без города — строка r-homielski#admin"
BY,r-homielski,Гомельский район,raion,2009,562066,census_resident,BY_maps:data.json(pop),"перепись, постоянное население; полигон района вкл. г. Гомель (обл. подчинения); без города — строка r-homielski#admin"
BY,r-homielski,Гомельский район,raion,2019,581020,census_resident,BY_maps:data.json(pop),"перепись, постоянное население; полигон района вкл. г. Гомель (обл. подчинения); без города — строка r-homielski#admin"
BY,r-homielski,Гомельский район,raion,2026,567928,resident_1jan,BY_maps:data.json(pop),текущая оценка Белстата на 1 января; полигон района вкл. г. Гомель (обл. подчинения); без города — строка r-homielski#admin
BY,r-homielski#admin,Гомельский район (адм. район),raion_admin,1989,80117,census_present,BY_maps:data.json(popAdmin),"перепись 1989, наличное население (совпадает с Демоскопом); адм. район без г. Гомель"
BY,r-homielski#admin,Гомельский район (адм. район),raion_admin,1999,75002,census_resident,BY_maps:data.json(popAdmin),"перепись, постоянное население; адм. район без г. Гомель"
BY,r-homielski#admin,Гомельский район (адм. район),raion_admin,2009,69930,census_resident,BY_maps:data.json(popAdmin),"перепись, постоянное население; адм. район без г. Гомель"
BY,r-homielski#admin,Гомельский район (адм. район),raion_admin,2019,70561,census_resident,BY_maps:data.json(popAdmin),"перепись, постоянное население; адм. район без г. Гомель"
BY,r-homielski#admin,Гомельский район (адм. район),raion_admin,2026,68075,resident_1jan,BY_maps:data.json(popAdmin),текущая оценка Белстата на 1 января; адм. район без г. Гомель
BY,r-horacki,Горецкий район,raion,1989,63991,census_present,BY_maps:data.json(pop),"перепись 1989, наличное население (совпадает с Демоскопом)"
BY,r-horacki,Горецкий район,raion,1999,53865,census_resident,BY_maps:data.json(pop),"перепись, постоянное население"
BY,r-horacki,Горецкий район,raion,2009,47800,census_resident,BY_maps:data.json(pop),"перепись, постоянное население"
BY,r-horacki,Горецкий район,raion,2019,40500,census_resident,BY_maps:data.json(pop),"перепись, постоянное население"
BY,r-horacki,Горецкий район,raion,2026,36539,resident_1jan,BY_maps:data.json(pop),текущая оценка Белстата на 1 января
BY,r-hrodzienski,Гродненский район,raion,1989,341487,census_present,BY_maps:data.json(pop),"перепись 1989, наличное население (совпадает с Демоскопом); полигон района вкл. г. Гродно (обл. подчинения); без города — строка r-hrodzienski#admin"
BY,r-hrodzienski,Гродненский район,raion,1999,369675,census_resident,BY_maps:data.json(pop),"перепись, постоянное население; полигон района вкл. г. Гродно (обл. подчинения); без города — строка r-hrodzienski#admin"
BY,r-hrodzienski,Гродненский район,raion,2009,382065,census_resident,BY_maps:data.json(pop),"перепись, постоянное население; полигон района вкл. г. Гродно (обл. подчинения); без города — строка r-hrodzienski#admin"
BY,r-hrodzienski,Гродненский район,raion,2019,406127,census_resident,BY_maps:data.json(pop),"перепись, постоянное население; полигон района вкл. г. Гродно (обл. подчинения); без города — строка r-hrodzienski#admin"
BY,r-hrodzienski,Гродненский район,raion,2026,412736,resident_1jan,BY_maps:data.json(pop),текущая оценка Белстата на 1 января; полигон района вкл. г. Гродно (обл. подчинения); без города — строка r-hrodzienski#admin
BY,r-hrodzienski#admin,Гродненский район (адм. район),raion_admin,1989,70952,census_present,BY_maps:data.json(popAdmin),"перепись 1989, наличное население (совпадает с Демоскопом); адм. район без г. Гродно"
BY,r-hrodzienski#admin,Гродненский район (адм. район),raion_admin,1999,68053,census_resident,BY_maps:data.json(popAdmin),"перепись, постоянное население; адм. район без г. Гродно"
BY,r-hrodzienski#admin,Гродненский район (адм. район),raion_admin,2009,54525,census_resident,BY_maps:data.json(popAdmin),"перепись, постоянное население; адм. район без г. Гродно"
BY,r-hrodzienski#admin,Гродненский район (адм. район),raion_admin,2019,50195,census_resident,BY_maps:data.json(popAdmin),"перепись, постоянное население; адм. район без г. Гродно"
BY,r-hrodzienski#admin,Гродненский район (адм. район),raion_admin,2026,47834,resident_1jan,BY_maps:data.json(popAdmin),текущая оценка Белстата на 1 января; адм. район без г. Гродно
BY,r-iujeuski,Ивьевский район,raion,1989,41358,census_present,BY_maps:data.json(pop),"перепись 1989, наличное население (совпадает с Демоскопом)"
BY,r-iujeuski,Ивьевский район,raion,1999,37549,census_resident,BY_maps:data.json(pop),"перепись, постоянное население"
BY,r-iujeuski,Ивьевский район,raion,2009,28891,census_resident,BY_maps:data.json(pop),"перепись, постоянное население"
BY,r-iujeuski,Ивьевский район,raion,2019,22059,census_resident,BY_maps:data.json(pop),"перепись, постоянное население"
BY,r-iujeuski,Ивьевский район,raion,2026,18381,resident_1jan,BY_maps:data.json(pop),текущая оценка Белстата на 1 января
BY,r-ivacevicki,Ивацевичский район,raion,1989,67743,census_present,BY_maps:data.json(pop),"перепись 1989, наличное население (совпадает с Демоскопом)"
BY,r-ivacevicki,Ивацевичский район,raion,1999,69935,census_resident,BY_maps:data.json(pop),"перепись, постоянное население"
BY,r-ivacevicki,Ивацевичский район,raion,2009,59906,census_resident,BY_maps:data.json(pop),"перепись, постоянное население"
BY,r-ivacevicki,Ивацевичский район,raion,2019,53478,census_resident,BY_maps:data.json(pop),"перепись, постоянное население"
BY,r-ivacevicki,Ивацевичский район,raion,2026,48662,resident_1jan,BY_maps:data.json(pop),текущая оценка Белстата на 1 января
BY,r-ivanauski,Ивановский район,raion,1989,52971,census_present,BY_maps:data.json(pop),"перепись 1989, наличное население (совпадает с Демоскопом)"
BY,r-ivanauski,Ивановский район,raion,1999,50763,census_resident,BY_maps:data.json(pop),"перепись, постоянное население"
BY,r-ivanauski,Ивановский район,raion,2009,43586,census_resident,BY_maps:data.json(pop),"перепись, постоянное население"
BY,r-ivanauski,Ивановский район,raion,2019,38043,census_resident,BY_maps:data.json(pop),"перепись, постоянное население"
BY,r-ivanauski,Ивановский район,raion,2026,33772,resident_1jan,BY_maps:data.json(pop),текущая оценка Белстата на 1 января
BY,r-jelski,Ельский район,raion,1989,25780,census_present,BY_maps:data.json(pop),"перепись 1989, наличное население (совпадает с Демоскопом)"
BY,r-jelski,Ельский район,raion,1999,21576,census_resident,BY_maps:data.json(pop),"перепись, постоянное население"
BY,r-jelski,Ельский район,raion,2009,17839,census_resident,BY_maps:data.json(pop),"перепись, постоянное население"
BY,r-jelski,Ельский район,raion,2019,15339,census_resident,BY_maps:data.json(pop),"перепись, постоянное население"
BY,r-jelski,Ельский район,raion,2026,13350,resident_1jan,BY_maps:data.json(pop),текущая оценка Белстата на 1 января
BY,r-kalinkavicki,Калинковичский район,raion,1989,79009,census_present,BY_maps:data.json(pop),"перепись 1989, наличное население (совпадает с Демоскопом)"
BY,r-kalinkavicki,Калинковичский район,raion,1999,72180,census_resident,BY_maps:data.json(pop),"перепись, постоянное население"
BY,r-kalinkavicki,Калинковичский район,raion,2009,64055,census_resident,BY_maps:data.json(pop),"перепись, постоянное население"
BY,r-kalinkavicki,Калинковичский район,raion,2019,57871,census_resident,BY_maps:data.json(pop),"перепись, постоянное население"
BY,r-kalinkavicki,Калинковичский район,raion,2026,53257,resident_1jan,BY_maps:data.json(pop),текущая оценка Белстата на 1 января
BY,r-kamianiecki,Каменецкий район,raion,1989,43986,census_present,BY_maps:data.json(pop),"перепись 1989, наличное население (совпадает с Демоскопом)"
BY,r-kamianiecki,Каменецкий район,raion,1999,43723,census_resident,BY_maps:data.json(pop),"перепись, постоянное население"
BY,r-kamianiecki,Каменецкий район,raion,2009,39143,census_resident,BY_maps:data.json(pop),"перепись, постоянное население"
BY,r-kamianiecki,Каменецкий район,raion,2019,33492,census_resident,BY_maps:data.json(pop),"перепись, постоянное население"
BY,r-kamianiecki,Каменецкий район,raion,2026,30162,resident_1jan,BY_maps:data.json(pop),текущая оценка Белстата на 1 января
BY,r-kapylski,Копыльский район,raion,1989,45818,census_present,BY_maps:data.json(pop),"перепись 1989, наличное население (совпадает с Демоскопом)"
BY,r-kapylski,Копыльский район,raion,1999,42482,census_resident,BY_maps:data.json(pop),"перепись, постоянное население"
BY,r-kapylski,Копыльский район,raion,2009,32818,census_resident,BY_maps:data.json(pop),"перепись, постоянное население"
BY,r-kapylski,Копыльский район,raion,2019,28799,census_resident,BY_maps:data.json(pop),"перепись, постоянное население"
BY,r-kapylski,Копыльский район,raion,2026,25565,resident_1jan,BY_maps:data.json(pop),текущая оценка Белстата на 1 января
BY,r-karelicki,Кореличский район,raion,1989,34056,census_present,BY_maps:data.json(pop),"перепись 1989, наличное население (совпадает с Демоскопом)"
BY,r-karelicki,Кореличский район,raion,1999,31816,census_resident,BY_maps:data.json(pop),"перепись, постоянное население"
BY,r-karelicki,Кореличский район,raion,2009,24130,census_resident,BY_maps:data.json(pop),"перепись, постоянное население"
BY,r-karelicki,Кореличский район,raion,2019,19926,census_resident,BY_maps:data.json(pop),"перепись, постоянное население"
BY,r-karelicki,Кореличский район,raion,2026,17288,resident_1jan,BY_maps:data.json(pop),текущая оценка Белстата на 1 января
BY,r-karmianski,Кормянский район,raion,1989,26144,census_present,BY_maps:data.json(pop),"перепись 1989, наличное население (совпадает с Демоскопом)"
BY,r-karmianski,Кормянский район,raion,1999,18681,census_resident,BY_maps:data.json(pop),"перепись, постоянное население"
BY,r-karmianski,Кормянский район,raion,2009,15456,census_resident,BY_maps:data.json(pop),"перепись, постоянное население"
BY,r-karmianski,Кормянский район,raion,2019,14154,census_resident,BY_maps:data.json(pop),"перепись, постоянное население"
BY,r-karmianski,Кормянский район,raion,2026,12663,resident_1jan,BY_maps:data.json(pop),текущая оценка Белстата на 1 января
BY,r-kasciukovicki,Костюковичский район,raion,1989,34672,census_present,BY_maps:data.json(pop),"перепись 1989, наличное население (совпадает с Демоскопом)"
BY,r-kasciukovicki,Костюковичский район,raion,1999,32440,census_resident,BY_maps:data.json(pop),"перепись, постоянное население"
BY,r-kasciukovicki,Костюковичский район,raion,2009,26410,census_resident,BY_maps:data.json(pop),"перепись, постоянное население"
BY,r-kasciukovicki,Костюковичский район,raion,2019,23029,census_resident,BY_maps:data.json(pop),"перепись, постоянное население"
BY,r-kasciukovicki,Костюковичский район,raion,2026,20523,resident_1jan,BY_maps:data.json(pop),текущая оценка Белстата на 1 января
BY,r-kirauski,Кировский район,raion,1989,30114,census_present,BY_maps:data.json(pop),"перепись 1989, наличное население (совпадает с Демоскопом)"
BY,r-kirauski,Кировский район,raion,1999,27460,census_resident,BY_maps:data.json(pop),"перепись, постоянное население"
BY,r-kirauski,Кировский район,raion,2009,22352,census_resident,BY_maps:data.json(pop),"перепись, постоянное население"
BY,r-kirauski,Кировский район,raion,2019,18566,census_resident,BY_maps:data.json(pop),"перепись, постоянное население"
BY,r-kirauski,Кировский район,raion,2026,16151,resident_1jan,BY_maps:data.json(pop),текущая оценка Белстата на 1 января
BY,r-klecki,Клецкий район,raion,1989,43376,census_present,BY_maps:data.json(pop),"перепись 1989, наличное население (совпадает с Демоскопом)"
BY,r-klecki,Клецкий район,raion,1999,40828,census_resident,BY_maps:data.json(pop),"перепись, постоянное население"
BY,r-klecki,Клецкий район,raion,2009,32302,census_resident,BY_maps:data.json(pop),"перепись, постоянное население"
BY,r-klecki,Клецкий район,raion,2019,27545,census_resident,BY_maps:data.json(pop),"перепись, постоянное население"
BY,r-klecki,Клецкий район,raion,2026,24751,resident_1jan,BY_maps:data.json(pop),текущая оценка Белстата на 1 января
BY,r-klichauski,Кличевский район,raion,1989,24544,census_present,BY_maps:data.json(pop),"перепись 1989, наличное население (совпадает с Демоскопом)"
BY,r-klichauski,Кличевский район,raion,1999,22266,census_resident,BY_maps:data.json(pop),"перепись, постоянное население"
BY,r-klichauski,Кличевский район,raion,2009,17246,census_resident,BY_maps:data.json(pop),"перепись, постоянное население"
BY,r-klichauski,Кличевский район,raion,2019,14647,census_resident,BY_maps:data.json(pop),"перепись, постоянное население"
BY,r-klichauski,Кличевский район,raion,2026,13034,resident_1jan,BY_maps:data.json(pop),текущая оценка Белстата на 1 января
BY,r-klimavicki,Климовичский район,raion,1989,36431,census_present,BY_maps:data.json(pop),"перепись 1989, наличное население (совпадает с Демоскопом)"
BY,r-klimavicki,Климовичский район,raion,1999,34087,census_resident,BY_maps:data.json(pop),"перепись, постоянное население"
BY,r-klimavicki,Климовичский район,raion,2009,28523,census_resident,BY_maps:data.json(pop),"перепись, постоянное население"
BY,r-klimavicki,Климовичский район,raion,2019,23946,census_resident,BY_maps:data.json(pop),"перепись, постоянное население"
BY,r-klimavicki,Климовичский район,raion,2026,21131,resident_1jan,BY_maps:data.json(pop),текущая оценка Белстата на 1 января
BY,r-kobrynski,Кобринский район,raion,1989,88186,census_present,BY_maps:data.json(pop),"перепись 1989, наличное население (совпадает с Демоскопом)"
BY,r-kobrynski,Кобринский район,raion,1999,92044,census_resident,BY_maps:data.json(pop),"перепись, постоянное население"
BY,r-kobrynski,Кобринский район,raion,2009,88037,census_resident,BY_maps:data.json(pop),"перепись, постоянное население"
BY,r-kobrynski,Кобринский район,raion,2019,84484,census_resident,BY_maps:data.json(pop),"перепись, постоянное население"
BY,r-kobrynski,Кобринский район,raion,2026,80557,resident_1jan,BY_maps:data.json(pop),текущая оценка Белстата на 1 января
BY,r-krasnapolski,Краснопольский район,raion,1989,20964,census_present,BY_maps:data.json(pop),"перепись 1989, наличное население (совпадает с Демоскопом)"
BY,r-krasnapolski,Краснопольский район,raion,1999,14019,census_resident,BY_maps:data.json(pop),"перепись, постоянное население"
BY,r-krasnapolski,Краснопольский район,raion,2009,11176,census_resident,BY_maps:data.json(pop),"перепись, постоянное население"
BY,r-krasnapolski,Краснопольский район,raion,2019,9544,census_resident,BY_maps:data.json(pop),"перепись, постоянное население"
BY,r-krasnapolski,Краснопольский район,raion,2026,8232,resident_1jan,BY_maps:data.json(pop),текущая оценка Белстата на 1 января
BY,r-kruhlanski,Круглянский район,raion,1989,19013,census_present,BY_maps:data.json(pop),"перепись 1989, наличное население (совпадает с Демоскопом)"
BY,r-kruhlanski,Круглянский район,raion,1999,19032,census_resident,BY_maps:data.json(pop),"перепись, постоянное население"
BY,r-kruhlanski,Круглянский район,raion,2009,15761,census_resident,BY_maps:data.json(pop),"перепись, постоянное население"
BY,r-kruhlanski,Круглянский район,raion,2019,13720,census_resident,BY_maps:data.json(pop),"перепись, постоянное население"
BY,r-kruhlanski,Круглянский район,raion,2026,11955,resident_1jan,BY_maps:data.json(pop),текущая оценка Белстата на 1 января
BY,r-krupski,Крупский район,raion,1989,36472,census_present,BY_maps:data.json(pop),"перепись 1989, наличное население (совпадает с Демоскопом)"
BY,r-krupski,Крупский район,raion,1999,33968,census_resident,BY_maps:data.json(pop),"перепись, постоянное население"
BY,r-krupski,Крупский район,raion,2009,26522,census_resident,BY_maps:data.json(pop),"перепись, постоянное население"
BY,r-krupski,Крупский район,raion,2019,23322,census_resident,BY_maps:data.json(pop),"перепись, постоянное население"
BY,r-krupski,Крупский район,raion,2026,20857,resident_1jan,BY_maps:data.json(pop),текущая оценка Белстата на 1 января
BY,r-krychauski,Кричевский район,raion,1989,45268,census_present,BY_maps:data.json(pop),"перепись 1989, наличное население (совпадает с Демоскопом)"
BY,r-krychauski,Кричевский район,raion,1999,40137,census_resident,BY_maps:data.json(pop),"перепись, постоянное население"
BY,r-krychauski,Кричевский район,raion,2009,35133,census_resident,BY_maps:data.json(pop),"перепись, постоянное население"
BY,r-krychauski,Кричевский район,raion,2019,29838,census_resident,BY_maps:data.json(pop),"перепись, постоянное население"
BY,r-krychauski,Кричевский район,raion,2026,26879,resident_1jan,BY_maps:data.json(pop),текущая оценка Белстата на 1 января
BY,r-lachavicki,Ляховичский район,raion,1989,39877,census_present,BY_maps:data.json(pop),"перепись 1989, наличное население (совпадает с Демоскопом)"
BY,r-lachavicki,Ляховичский район,raion,1999,36957,census_resident,BY_maps:data.json(pop),"перепись, постоянное население"
BY,r-lachavicki,Ляховичский район,raion,2009,30498,census_resident,BY_maps:data.json(pop),"перепись, постоянное население"
BY,r-lachavicki,Ляховичский район,raion,2019,23996,census_resident,BY_maps:data.json(pop),"перепись, постоянное население"
BY,r-lachavicki,Ляховичский район,raion,2026,21059,resident_1jan,BY_maps:data.json(pop),текущая оценка Белстата на 1 января
BY,r-lahojski,Логойский район,raion,1989,44458,census_present,BY_maps:data.json(pop),"перепись 1989, наличное население (совпадает с Демоскопом)"
BY,r-lahojski,Логойский район,raion,1999,43127,census_resident,BY_maps:data.json(pop),"перепись, постоянное население"
BY,r-lahojski,Логойский район,raion,2009,35957,census_resident,BY_maps:data.json(pop),"перепись, постоянное население"
BY,r-lahojski,Логойский район,raion,2019,38672,census_resident,BY_maps:data.json(pop),"перепись, постоянное население"
BY,r-lahojski,Логойский район,raion,2026,38315,resident_1jan,BY_maps:data.json(pop),текущая оценка Белстата на 1 января
BY,r-lelchycki,Лельчицкий район,raion,1989,33926,census_present,BY_maps:data.json(pop),"перепись 1989, наличное население (совпадает с Демоскопом)"
BY,r-lelchycki,Лельчицкий район,raion,1999,31964,census_resident,BY_maps:data.json(pop),"перепись, постоянное население"
BY,r-lelchycki,Лельчицкий район,raion,2009,27722,census_resident,BY_maps:data.json(pop),"перепись, постоянное население"
BY,r-lelchycki,Лельчицкий район,raion,2019,25101,census_resident,BY_maps:data.json(pop),"перепись, постоянное население"
BY,r-lelchycki,Лельчицкий район,raion,2026,22701,resident_1jan,BY_maps:data.json(pop),текущая оценка Белстата на 1 января
BY,r-lepielski,Лепельский район,raion,1989,43854,census_present,BY_maps:data.json(pop),"перепись 1989, наличное население (совпадает с Демоскопом)"
BY,r-lepielski,Лепельский район,raion,1999,42699,census_resident,BY_maps:data.json(pop),"перепись, постоянное население"
BY,r-lepielski,Лепельский район,raion,2009,35367,census_resident,BY_maps:data.json(pop),"перепись, постоянное население"
BY,r-lepielski,Лепельский район,raion,2019,32049,census_resident,BY_maps:data.json(pop),"перепись, постоянное население"
BY,r-lepielski,Лепельский район,raion,2026,29427,resident_1jan,BY_maps:data.json(pop),текущая оценка Белстата на 1 января
BY,r-lidski,Лидский район,raion,1989,140851,census_present,BY_maps:data.json(pop),"перепись 1989, наличное население (совпадает с Демоскопом)"
BY,r-lidski,Лидский район,raion,1999,147551,census_resident,BY_maps:data.json(pop),"перепись, постоянное население"
BY,r-lidski,Лидский район,raion,2009,135096,census_resident,BY_maps:data.json(pop),"перепись, постоянное население"
BY,r-lidski,Лидский район,raion,2019,135298,census_resident,BY_maps:data.json(pop),"перепись, постоянное население"
BY,r-lidski,Лидский район,raion,2026,130194,resident_1jan,BY_maps:data.json(pop),текущая оценка Белстата на 1 января
BY,r-lojeuski,Лоевский район,raion,1989,20413,census_present,BY_maps:data.json(pop),"перепись 1989, наличное население (совпадает с Демоскопом)"
BY,r-lojeuski,Лоевский район,raion,1999,18013,census_resident,BY_maps:data.json(pop),"перепись, постоянное население"
BY,r-lojeuski,Лоевский район,raion,2009,14346,census_resident,BY_maps:data.json(pop),"перепись, постоянное население"
BY,r-lojeuski,Лоевский район,raion,2019,11930,census_resident,BY_maps:data.json(pop),"перепись, постоянное население"
BY,r-lojeuski,Лоевский район,raion,2026,10321,resident_1jan,BY_maps:data.json(pop),текущая оценка Белстата на 1 января
BY,r-loznienski,Лиозненский район,raion,1989,23778,census_present,BY_maps:data.json(pop),"перепись 1989, наличное население (совпадает с Демоскопом)"
BY,r-loznienski,Лиозненский район,raion,1999,21850,census_resident,BY_maps:data.json(pop),"перепись, постоянное население"
BY,r-loznienski,Лиозненский район,raion,2009,17659,census_resident,BY_maps:data.json(pop),"перепись, постоянное население"
BY,r-loznienski,Лиозненский район,raion,2019,16183,census_resident,BY_maps:data.json(pop),"перепись, постоянное население"
BY,r-loznienski,Лиозненский район,raion,2026,14218,resident_1jan,BY_maps:data.json(pop),текущая оценка Белстата на 1 января
BY,r-lubanski,Любанский район,raion,1989,47824,census_present,BY_maps:data.json(pop),"перепись 1989, наличное население (совпадает с Демоскопом)"
BY,r-lubanski,Любанский район,raion,1999,43519,census_resident,BY_maps:data.json(pop),"перепись, постоянное население"
BY,r-lubanski,Любанский район,raion,2009,35444,census_resident,BY_maps:data.json(pop),"перепись, постоянное население"
BY,r-lubanski,Любанский район,raion,2019,30290,census_resident,BY_maps:data.json(pop),"перепись, постоянное население"
BY,r-lubanski,Любанский район,raion,2026,27739,resident_1jan,BY_maps:data.json(pop),текущая оценка Белстата на 1 января
BY,r-luniniecki,Лунинецкий район,raion,1989,82705,census_present,BY_maps:data.json(pop),"перепись 1989, наличное население (совпадает с Демоскопом)"
BY,r-luniniecki,Лунинецкий район,raion,1999,80541,census_resident,BY_maps:data.json(pop),"перепись, постоянное население"
BY,r-luniniecki,Лунинецкий район,raion,2009,73200,census_resident,BY_maps:data.json(pop),"перепись, постоянное население"
BY,r-luniniecki,Лунинецкий район,raion,2019,65736,census_resident,BY_maps:data.json(pop),"перепись, постоянное население"
BY,r-luniniecki,Лунинецкий район,raion,2026,59463,resident_1jan,BY_maps:data.json(pop),текущая оценка Белстата на 1 января
BY,r-mahilouski,Могилёвский район,raion,1989,414372,census_present,BY_maps:data.json(pop),"перепись 1989, наличное население (совпадает с Демоскопом); в таблице Демоскопа sng89_reg1 строки «Могилевский горсовет» нет; data.json = район 55184 + г. Могилёв 359188; полигон района вкл. г. Могилёв (обл. подчинения); без города — строка r-mahilouski#admin"
BY,r-mahilouski,Могилёвский район,raion,1999,403136,census_resident,BY_maps:data.json(pop),"перепись, постоянное население; полигон района вкл. г. Могилёв (обл. подчинения); без города — строка r-mahilouski#admin"
BY,r-mahilouski,Могилёвский район,raion,2009,401445,census_resident,BY_maps:data.json(pop),"перепись, постоянное население; полигон района вкл. г. Могилёв (обл. подчинения); без города — строка r-mahilouski#admin"
BY,r-mahilouski,Могилёвский район,raion,2019,399225,census_resident,BY_maps:data.json(pop),"перепись, постоянное население; полигон района вкл. г. Могилёв (обл. подчинения); без города — строка r-mahilouski#admin"
BY,r-mahilouski,Могилёвский район,raion,2026,391650,resident_1jan,BY_maps:data.json(pop),текущая оценка Белстата на 1 января; полигон района вкл. г. Могилёв (обл. подчинения); без города — строка r-mahilouski#admin
BY,r-mahilouski#admin,Могилёвский район (адм. район),raion_admin,1989,55184,census_present,BY_maps:data.json(popAdmin),"перепись 1989, наличное население (совпадает с Демоскопом); адм. район без г. Могилёв"
BY,r-mahilouski#admin,Могилёвский район (адм. район),raion_admin,1999,46679,census_resident,BY_maps:data.json(popAdmin),"перепись, постоянное население; адм. район без г. Могилёв"
BY,r-mahilouski#admin,Могилёвский район (адм. район),raion_admin,2009,43166,census_resident,BY_maps:data.json(popAdmin),"перепись, постоянное население; адм. район без г. Могилёв"
BY,r-mahilouski#admin,Могилёвский район (адм. район),raion_admin,2019,42404,census_resident,BY_maps:data.json(popAdmin),"перепись, постоянное население; адм. район без г. Могилёв"
BY,r-mahilouski#admin,Могилёвский район (адм. район),raion_admin,2026,38759,resident_1jan,BY_maps:data.json(popAdmin),текущая оценка Белстата на 1 января; адм. район без г. Могилёв
BY,r-maladziechanski,Молодечненский район,raion,1989,146900,census_present,BY_maps:data.json(pop),"перепись 1989, наличное население (совпадает с Демоскопом)"
BY,r-maladziechanski,Молодечненский район,raion,1999,146204,census_resident,BY_maps:data.json(pop),"перепись, постоянное население"
BY,r-maladziechanski,Молодечненский район,raion,2009,138375,census_resident,BY_maps:data.json(pop),"перепись, постоянное население"
BY,r-maladziechanski,Молодечненский район,raion,2019,132778,census_resident,BY_maps:data.json(pop),"перепись, постоянное население"
BY,r-maladziechanski,Молодечненский район,raion,2026,126372,resident_1jan,BY_maps:data.json(pop),текущая оценка Белстата на 1 января
BY,r-malarycki,Малоритский район,raion,1989,28719,census_present,BY_maps:data.json(pop),"перепись 1989, наличное население (совпадает с Демоскопом)"
BY,r-malarycki,Малоритский район,raion,1999,29055,census_resident,BY_maps:data.json(pop),"перепись, постоянное население"
BY,r-malarycki,Малоритский район,raion,2009,25780,census_resident,BY_maps:data.json(pop),"перепись, постоянное население"
BY,r-malarycki,Малоритский район,raion,2019,23828,census_resident,BY_maps:data.json(pop),"перепись, постоянное население"
BY,r-malarycki,Малоритский район,raion,2026,22006,resident_1jan,BY_maps:data.json(pop),текущая оценка Белстата на 1 января
BY,r-mastouski,Мостовский район,raion,1989,42358,census_present,BY_maps:data.json(pop),"перепись 1989, наличное население (совпадает с Демоскопом)"
BY,r-mastouski,Мостовский район,raion,1999,41491,census_resident,BY_maps:data.json(pop),"перепись, постоянное население"
BY,r-mastouski,Мостовский район,raion,2009,33883,census_resident,BY_maps:data.json(pop),"перепись, постоянное население"
BY,r-mastouski,Мостовский район,raion,2019,27650,census_resident,BY_maps:data.json(pop),"перепись, постоянное население"
BY,r-mastouski,Мостовский район,raion,2026,24187,resident_1jan,BY_maps:data.json(pop),текущая оценка Белстата на 1 января
BY,r-mazyrski,Мозырский район,raion,1989,124653,census_present,BY_maps:data.json(pop),"перепись 1989, наличное население (совпадает с Демоскопом)"
BY,r-mazyrski,Мозырский район,raion,1999,131235,census_resident,BY_maps:data.json(pop),"перепись, постоянное население"
BY,r-mazyrski,Мозырский район,raion,2009,128817,census_resident,BY_maps:data.json(pop),"перепись, постоянное население"
BY,r-mazyrski,Мозырский район,raion,2019,127829,census_resident,BY_maps:data.json(pop),"перепись, постоянное население"
BY,r-mazyrski,Мозырский район,raion,2026,125375,resident_1jan,BY_maps:data.json(pop),текущая оценка Белстата на 1 января
BY,r-miadzielski,Мядельский район,raion,1989,41145,census_present,BY_maps:data.json(pop),"перепись 1989, наличное население (совпадает с Демоскопом)"
BY,r-miadzielski,Мядельский район,raion,1999,37828,census_resident,BY_maps:data.json(pop),"перепись, постоянное население"
BY,r-miadzielski,Мядельский район,raion,2009,29599,census_resident,BY_maps:data.json(pop),"перепись, постоянное население"
BY,r-miadzielski,Мядельский район,raion,2019,26206,census_resident,BY_maps:data.json(pop),"перепись, постоянное население"
BY,r-miadzielski,Мядельский район,raion,2026,23472,resident_1jan,BY_maps:data.json(pop),текущая оценка Белстата на 1 января
BY,r-mijorski,Миорский район,raion,1989,33495,census_present,BY_maps:data.json(pop),"перепись 1989, наличное население (совпадает с Демоскопом)"
BY,r-mijorski,Миорский район,raion,1999,32054,census_resident,BY_maps:data.json(pop),"перепись, постоянное население"
BY,r-mijorski,Миорский район,raion,2009,24364,census_resident,BY_maps:data.json(pop),"перепись, постоянное население"
BY,r-mijorski,Миорский район,raion,2019,19233,census_resident,BY_maps:data.json(pop),"перепись, постоянное население"
BY,r-mijorski,Миорский район,raion,2026,16640,resident_1jan,BY_maps:data.json(pop),текущая оценка Белстата на 1 января
BY,r-minski,Минский район,raion,1989,147140,census_present,BY_maps:data.json(pop),"перепись 1989, наличное население (совпадает с Демоскопом)"
BY,r-minski,Минский район,raion,1999,143148,census_resident,BY_maps:data.json(pop),"перепись, постоянное население"
BY,r-minski,Минский район,raion,2009,159569,census_resident,BY_maps:data.json(pop),"перепись, постоянное население"
BY,r-minski,Минский район,raion,2019,249818,census_resident,BY_maps:data.json(pop),"перепись, постоянное население"
BY,r-minski,Минский район,raion,2026,286544,resident_1jan,BY_maps:data.json(pop),текущая оценка Белстата на 1 января
BY,r-mscislauski,Мстиславский район,raion,1989,32112,census_present,BY_maps:data.json(pop),"перепись 1989, наличное население (совпадает с Демоскопом)"
BY,r-mscislauski,Мстиславский район,raion,1999,31678,census_resident,BY_maps:data.json(pop),"перепись, постоянное население"
BY,r-mscislauski,Мстиславский район,raion,2009,24768,census_resident,BY_maps:data.json(pop),"перепись, постоянное население"
BY,r-mscislauski,Мстиславский район,raion,2019,20076,census_resident,BY_maps:data.json(pop),"перепись, постоянное население"
BY,r-mscislauski,Мстиславский район,raion,2026,17429,resident_1jan,BY_maps:data.json(pop),текущая оценка Белстата на 1 января
BY,r-naraulanski,Наровлянский район,raion,1989,21036,census_present,BY_maps:data.json(pop),"перепись 1989, наличное население (совпадает с Демоскопом)"
BY,r-naraulanski,Наровлянский район,raion,1999,12354,census_resident,BY_maps:data.json(pop),"перепись, постоянное население"
BY,r-naraulanski,Наровлянский район,raion,2009,11371,census_resident,BY_maps:data.json(pop),"перепись, постоянное население"
BY,r-naraulanski,Наровлянский район,raion,2019,10717,census_resident,BY_maps:data.json(pop),"перепись, постоянное население"
BY,r-naraulanski,Наровлянский район,raion,2026,10237,resident_1jan,BY_maps:data.json(pop),текущая оценка Белстата на 1 января
BY,r-navahrudski,Новогрудский район,raion,1989,62689,census_present,BY_maps:data.json(pop),"перепись 1989, наличное население (совпадает с Демоскопом)"
BY,r-navahrudski,Новогрудский район,raion,1999,58494,census_resident,BY_maps:data.json(pop),"перепись, постоянное население"
BY,r-navahrudski,Новогрудский район,raion,2009,49107,census_resident,BY_maps:data.json(pop),"перепись, постоянное население"
BY,r-navahrudski,Новогрудский район,raion,2019,43369,census_resident,BY_maps:data.json(pop),"перепись, постоянное население"
BY,r-navahrudski,Новогрудский район,raion,2026,39455,resident_1jan,BY_maps:data.json(pop),текущая оценка Белстата на 1 января
BY,r-niasvizhski,Несвижский район,raion,1989,48463,census_present,BY_maps:data.json(pop),"перепись 1989, наличное население (совпадает с Демоскопом)"
BY,r-niasvizhski,Несвижский район,raion,1999,46686,census_resident,BY_maps:data.json(pop),"перепись, постоянное население"
BY,r-niasvizhski,Несвижский район,raion,2009,41618,census_resident,BY_maps:data.json(pop),"перепись, постоянное население"
BY,r-niasvizhski,Несвижский район,raion,2019,39684,census_resident,BY_maps:data.json(pop),"перепись, постоянное население"
BY,r-niasvizhski,Несвижский район,raion,2026,38176,resident_1jan,BY_maps:data.json(pop),текущая оценка Белстата на 1 января
BY,r-pastauski,Поставский район,raion,1989,50002,census_present,BY_maps:data.json(pop),"перепись 1989, наличное население (совпадает с Демоскопом)"
BY,r-pastauski,Поставский район,raion,1999,48355,census_resident,BY_maps:data.json(pop),"перепись, постоянное население"
BY,r-pastauski,Поставский район,raion,2009,39487,census_resident,BY_maps:data.json(pop),"перепись, постоянное население"
BY,r-pastauski,Поставский район,raion,2019,34556,census_resident,BY_maps:data.json(pop),"перепись, постоянное население"
BY,r-pastauski,Поставский район,raion,2026,30360,resident_1jan,BY_maps:data.json(pop),текущая оценка Белстата на 1 января
BY,r-pietrykauski,Петриковский район,raion,1989,49256,census_present,BY_maps:data.json(pop),"перепись 1989, наличное население (совпадает с Демоскопом)"
BY,r-pietrykauski,Петриковский район,raion,1999,43963,census_resident,BY_maps:data.json(pop),"перепись, постоянное население"
BY,r-pietrykauski,Петриковский район,raion,2009,33960,census_resident,BY_maps:data.json(pop),"перепись, постоянное население"
BY,r-pietrykauski,Петриковский район,raion,2019,27702,census_resident,BY_maps:data.json(pop),"перепись, постоянное население"
BY,r-pietrykauski,Петриковский район,raion,2026,24199,resident_1jan,BY_maps:data.json(pop),текущая оценка Белстата на 1 января
BY,r-pinski,Пинский район,raion,1989,190898,census_present,BY_maps:data.json(pop),"перепись 1989, наличное население (совпадает с Демоскопом); полигон района вкл. г. Пинск (обл. подчинения); без города — строка r-pinski#admin"
BY,r-pinski,Пинский район,raion,1999,192095,census_resident,BY_maps:data.json(pop),"перепись, постоянное население; полигон района вкл. г. Пинск (обл. подчинения); без города — строка r-pinski#admin"
BY,r-pinski,Пинский район,raion,2009,182352,census_resident,BY_maps:data.json(pop),"перепись, постоянное население; полигон района вкл. г. Пинск (обл. подчинения); без города — строка r-pinski#admin"
BY,r-pinski,Пинский район,raion,2019,170211,census_resident,BY_maps:data.json(pop),"перепись, постоянное население; полигон района вкл. г. Пинск (обл. подчинения); без города — строка r-pinski#admin"
BY,r-pinski,Пинский район,raion,2026,162875,resident_1jan,BY_maps:data.json(pop),текущая оценка Белстата на 1 января; полигон района вкл. г. Пинск (обл. подчинения); без города — строка r-pinski#admin
BY,r-pinski#admin,Пинский район (адм. район),raion_admin,1989,72262,census_present,BY_maps:data.json(popAdmin),"перепись 1989, наличное население (совпадает с Демоскопом); адм. район без г. Пинск"
BY,r-pinski#admin,Пинский район (адм. район),raion_admin,1999,62160,census_resident,BY_maps:data.json(popAdmin),"перепись, постоянное население; адм. район без г. Пинск"
BY,r-pinski#admin,Пинский район (адм. район),raion_admin,2009,51997,census_resident,BY_maps:data.json(popAdmin),"перепись, постоянное население; адм. район без г. Пинск"
BY,r-pinski#admin,Пинский район (адм. район),raion_admin,2019,44022,census_resident,BY_maps:data.json(popAdmin),"перепись, постоянное население; адм. район без г. Пинск"
BY,r-pinski#admin,Пинский район (адм. район),raion_admin,2026,39592,resident_1jan,BY_maps:data.json(popAdmin),текущая оценка Белстата на 1 января; адм. район без г. Пинск
BY,r-polacki,Полоцкий район,raion,1989,208373,census_present,BY_maps:data.json(pop),"перепись 1989, наличное население (совпадает с Демоскопом); полигон района вкл. г. Полоцк, Новополоцк (обл. подчинения); без города — строка r-polacki#admin"
BY,r-polacki,Полоцкий район,raion,1999,223316,census_resident,BY_maps:data.json(pop),"перепись, постоянное население; полигон района вкл. г. Полоцк, Новополоцк (обл. подчинения); без города — строка r-polacki#admin"
BY,r-polacki,Полоцкий район,raion,2009,213890,census_resident,BY_maps:data.json(pop),"перепись, постоянное население; полигон района вкл. г. Полоцк, Новополоцк (обл. подчинения); без города — строка r-polacki#admin"
BY,r-polacki,Полоцкий район,raion,2019,202371,census_resident,BY_maps:data.json(pop),"перепись, постоянное население; полигон района вкл. г. Полоцк, Новополоцк (обл. подчинения); без города — строка r-polacki#admin"
BY,r-polacki,Полоцкий район,raion,2026,193163,resident_1jan,BY_maps:data.json(pop),"текущая оценка Белстата на 1 января; полигон района вкл. г. Полоцк, Новополоцк (обл. подчинения); без города — строка r-polacki#admin"
BY,r-polacki#admin,Полоцкий район (адм. район),raion_admin,1989,38837,census_present,BY_maps:data.json(popAdmin),"перепись 1989, наличное население (совпадает с Демоскопом); адм. район без г. Полоцк, Новополоцк"
BY,r-polacki#admin,Полоцкий район (адм. район),raion_admin,1999,35174,census_resident,BY_maps:data.json(popAdmin),"перепись, постоянное население; адм. район без г. Полоцк, Новополоцк"
BY,r-polacki#admin,Полоцкий район (адм. район),raion_admin,2009,27263,census_resident,BY_maps:data.json(popAdmin),"перепись, постоянное население; адм. район без г. Полоцк, Новополоцк"
BY,r-polacki#admin,Полоцкий район (адм. район),raion_admin,2019,103445,census_resident,BY_maps:data.json(popAdmin),"перепись, постоянное население; popAdmin вкл. г. Полоцк, без г. Новополоцк"
BY,r-polacki#admin,Полоцкий район (адм. район),raion_admin,2026,98497,resident_1jan,BY_maps:data.json(popAdmin),"текущая оценка Белстата на 1 января; popAdmin вкл. г. Полоцк, без г. Новополоцк"
BY,r-pruzhanski,Пружанский район,raion,1989,68898,census_present,BY_maps:data.json(pop),"перепись 1989, наличное население (совпадает с Демоскопом)"
BY,r-pruzhanski,Пружанский район,raion,1999,64718,census_resident,BY_maps:data.json(pop),"перепись, постоянное население"
BY,r-pruzhanski,Пружанский район,raion,2009,52511,census_resident,BY_maps:data.json(pop),"перепись, постоянное население"
BY,r-pruzhanski,Пружанский район,raion,2019,44758,census_resident,BY_maps:data.json(pop),"перепись, постоянное население"
BY,r-pruzhanski,Пружанский район,raion,2026,39913,resident_1jan,BY_maps:data.json(pop),текущая оценка Белстата на 1 января
BY,r-puchavicki,Пуховичский район,raion,1989,76982,census_present,BY_maps:data.json(pop),"перепись 1989, наличное население (совпадает с Демоскопом)"
BY,r-puchavicki,Пуховичский район,raion,1999,77730,census_resident,BY_maps:data.json(pop),"перепись, постоянное население"
BY,r-puchavicki,Пуховичский район,raion,2009,69427,census_resident,BY_maps:data.json(pop),"перепись, постоянное население"
BY,r-puchavicki,Пуховичский район,raion,2019,68975,census_resident,BY_maps:data.json(pop),"перепись, постоянное население"
BY,r-puchavicki,Пуховичский район,raion,2026,66628,resident_1jan,BY_maps:data.json(pop),текущая оценка Белстата на 1 января
BY,r-rahachouski,Рогачёвский район,raion,1989,89408,census_present,BY_maps:data.json(pop),"перепись 1989, наличное население (совпадает с Демоскопом); ВНИМАНИЕ: по Демоскопу 77700 (Рогачевский район 41943 + г. Рогачёв 35757); в data.json значения Рогачёвского и Речицкого районов переставлены (так же в 1970 и 1979, сверено с data/raw/demo70/79/89.html)"
BY,r-rahachouski,Рогачёвский район,raion,1999,70855,census_resident,BY_maps:data.json(pop),"перепись, постоянное население"
BY,r-rahachouski,Рогачёвский район,raion,2009,60933,census_resident,BY_maps:data.json(pop),"перепись, постоянное население"
BY,r-rahachouski,Рогачёвский район,raion,2019,54179,census_resident,BY_maps:data.json(pop),"перепись, постоянное население"
BY,r-rahachouski,Рогачёвский район,raion,2026,48999,resident_1jan,BY_maps:data.json(pop),текущая оценка Белстата на 1 января
BY,r-rasonski,Россонский район,raion,1989,15387,census_present,BY_maps:data.json(pop),"перепись 1989, наличное население (совпадает с Демоскопом)"
BY,r-rasonski,Россонский район,raion,1999,15178,census_resident,BY_maps:data.json(pop),"перепись, постоянное население"
BY,r-rasonski,Россонский район,raion,2009,11514,census_resident,BY_maps:data.json(pop),"перепись, постоянное население"
BY,r-rasonski,Россонский район,raion,2019,9307,census_resident,BY_maps:data.json(pop),"перепись, постоянное население"
BY,r-rasonski,Россонский район,raion,2026,7888,resident_1jan,BY_maps:data.json(pop),текущая оценка Белстата на 1 января
BY,r-rechycki,Речицкий район,raion,1989,111370,census_present,BY_maps:data.json(pop),"перепись 1989, наличное население (совпадает с Демоскопом); ВНИМАНИЕ: по Демоскопу 123078 (Речицкий район 53651 + г. Речица 69427); в data.json значения Рогачёвского и Речицкого районов переставлены (так же в 1970 и 1979, сверено с data/raw/demo70/79/89.html)"
BY,r-rechycki,Речицкий район,raion,1999,114139,census_resident,BY_maps:data.json(pop),"перепись, постоянное население"
BY,r-rechycki,Речицкий район,raion,2009,104781,census_resident,BY_maps:data.json(pop),"перепись, постоянное население"
BY,r-rechycki,Речицкий район,raion,2019,98823,census_resident,BY_maps:data.json(pop),"перепись, постоянное население"
BY,r-rechycki,Речицкий район,raion,2026,92809,resident_1jan,BY_maps:data.json(pop),текущая оценка Белстата на 1 января
BY,r-salihorski,Солигорский район,raion,1989,140378,census_present,BY_maps:data.json(pop),"перепись 1989, наличное население (совпадает с Демоскопом)"
BY,r-salihorski,Солигорский район,raion,1999,143546,census_resident,BY_maps:data.json(pop),"перепись, постоянное население"
BY,r-salihorski,Солигорский район,raion,2009,136145,census_resident,BY_maps:data.json(pop),"перепись, постоянное население"
BY,r-salihorski,Солигорский район,raion,2019,131507,census_resident,BY_maps:data.json(pop),"перепись, постоянное население"
BY,r-salihorski,Солигорский район,raion,2026,124494,resident_1jan,BY_maps:data.json(pop),текущая оценка Белстата на 1 января
BY,r-sharkoushchynski,Шарковщинский район,raion,1989,24971,census_present,BY_maps:data.json(pop),"перепись 1989, наличное население (совпадает с Демоскопом)"
BY,r-sharkoushchynski,Шарковщинский район,raion,1999,23822,census_resident,BY_maps:data.json(pop),"перепись, постоянное население"
BY,r-sharkoushchynski,Шарковщинский район,raion,2009,18620,census_resident,BY_maps:data.json(pop),"перепись, постоянное население"
BY,r-sharkoushchynski,Шарковщинский район,raion,2019,14743,census_resident,BY_maps:data.json(pop),"перепись, постоянное население"
BY,r-sharkoushchynski,Шарковщинский район,raion,2026,12274,resident_1jan,BY_maps:data.json(pop),текущая оценка Белстата на 1 января
BY,r-shchuchynski,Щучинский район,raion,1989,68709,census_present,BY_maps:data.json(pop),"перепись 1989, наличное население (совпадает с Демоскопом)"
BY,r-shchuchynski,Щучинский район,raion,1999,61518,census_resident,BY_maps:data.json(pop),"перепись, постоянное население"
BY,r-shchuchynski,Щучинский район,raion,2009,47764,census_resident,BY_maps:data.json(pop),"перепись, постоянное население"
BY,r-shchuchynski,Щучинский район,raion,2019,35847,census_resident,BY_maps:data.json(pop),"перепись, постоянное население"
BY,r-shchuchynski,Щучинский район,raion,2026,29879,resident_1jan,BY_maps:data.json(pop),текущая оценка Белстата на 1 января
BY,r-shklouski,Шкловский район,raion,1989,43382,census_present,BY_maps:data.json(pop),"перепись 1989, наличное население (совпадает с Демоскопом)"
BY,r-shklouski,Шкловский район,raion,1999,39165,census_resident,BY_maps:data.json(pop),"перепись, постоянное население"
BY,r-shklouski,Шкловский район,raion,2009,30802,census_resident,BY_maps:data.json(pop),"перепись, постоянное население"
BY,r-shklouski,Шкловский район,raion,2019,26094,census_resident,BY_maps:data.json(pop),"перепись, постоянное население"
BY,r-shklouski,Шкловский район,raion,2026,23334,resident_1jan,BY_maps:data.json(pop),текущая оценка Белстата на 1 января
BY,r-shumilinski,Шумилинский район,raion,1989,28098,census_present,BY_maps:data.json(pop),"перепись 1989, наличное население (совпадает с Демоскопом)"
BY,r-shumilinski,Шумилинский район,raion,1999,26603,census_resident,BY_maps:data.json(pop),"перепись, постоянное население"
BY,r-shumilinski,Шумилинский район,raion,2009,20716,census_resident,BY_maps:data.json(pop),"перепись, постоянное население"
BY,r-shumilinski,Шумилинский район,raion,2019,17730,census_resident,BY_maps:data.json(pop),"перепись, постоянное население"
BY,r-shumilinski,Шумилинский район,raion,2026,15374,resident_1jan,BY_maps:data.json(pop),текущая оценка Белстата на 1 января
BY,r-siennienski,Сенненский район,raion,1989,39391,census_present,BY_maps:data.json(pop),"перепись 1989, наличное население (совпадает с Демоскопом)"
BY,r-siennienski,Сенненский район,raion,1999,34420,census_resident,BY_maps:data.json(pop),"перепись, постоянное население"
BY,r-siennienski,Сенненский район,raion,2009,26307,census_resident,BY_maps:data.json(pop),"перепись, постоянное население"
BY,r-siennienski,Сенненский район,raion,2019,21082,census_resident,BY_maps:data.json(pop),"перепись, постоянное население"
BY,r-siennienski,Сенненский район,raion,2026,17677,resident_1jan,BY_maps:data.json(pop),текущая оценка Белстата на 1 января
BY,r-slauharadski,Славгородский район,raion,1989,23791,census_present,BY_maps:data.json(pop),"перепись 1989, наличное население (совпадает с Демоскопом)"
BY,r-slauharadski,Славгородский район,raion,1999,17500,census_resident,BY_maps:data.json(pop),"перепись, постоянное население"
BY,r-slauharadski,Славгородский район,raion,2009,14888,census_resident,BY_maps:data.json(pop),"перепись, постоянное население"
BY,r-slauharadski,Славгородский район,raion,2019,13103,census_resident,BY_maps:data.json(pop),"перепись, постоянное население"
BY,r-slauharadski,Славгородский район,raion,2026,11635,resident_1jan,BY_maps:data.json(pop),текущая оценка Белстата на 1 января
BY,r-slonimski,Слонимский район,raion,1989,71661,census_present,BY_maps:data.json(pop),"перепись 1989, наличное население (совпадает с Демоскопом)"
BY,r-slonimski,Слонимский район,raion,1999,74771,census_resident,BY_maps:data.json(pop),"перепись, постоянное население"
BY,r-slonimski,Слонимский район,raion,2009,67288,census_resident,BY_maps:data.json(pop),"перепись, постоянное население"
BY,r-slonimski,Слонимский район,raion,2019,63949,census_resident,BY_maps:data.json(pop),"перепись, постоянное население"
BY,r-slonimski,Слонимский район,raion,2026,59101,resident_1jan,BY_maps:data.json(pop),текущая оценка Белстата на 1 января
BY,r-slucki,Слуцкий район,raion,1989,105633,census_present,BY_maps:data.json(pop),"перепись 1989, наличное население (совпадает с Демоскопом)"
BY,r-slucki,Слуцкий район,raion,1999,105125,census_resident,BY_maps:data.json(pop),"перепись, постоянное население"
BY,r-slucki,Слуцкий район,raion,2009,95106,census_resident,BY_maps:data.json(pop),"перепись, постоянное население"
BY,r-slucki,Слуцкий район,raion,2019,89221,census_resident,BY_maps:data.json(pop),"перепись, постоянное население"
BY,r-slucki,Слуцкий район,raion,2026,83789,resident_1jan,BY_maps:data.json(pop),текущая оценка Белстата на 1 января
BY,r-smalavicki,Смолевичский район,raion,1989,101432,census_present,BY_maps:data.json(pop),"перепись 1989, наличное население (совпадает с Демоскопом); полигон района вкл. г. Жодино (обл. подчинения); без города — строка r-smalavicki#admin"
BY,r-smalavicki,Смолевичский район,raion,1999,105899,census_resident,BY_maps:data.json(pop),"перепись, постоянное население; полигон района вкл. г. Жодино (обл. подчинения); без города — строка r-smalavicki#admin"
BY,r-smalavicki,Смолевичский район,raion,2009,104641,census_resident,BY_maps:data.json(pop),"перепись, постоянное население; полигон района вкл. г. Жодино (обл. подчинения); без города — строка r-smalavicki#admin"
BY,r-smalavicki,Смолевичский район,raion,2019,115977,census_resident,BY_maps:data.json(pop),"перепись, постоянное население; полигон района вкл. г. Жодино (обл. подчинения); без города — строка r-smalavicki#admin"
BY,r-smalavicki,Смолевичский район,raion,2026,120449,resident_1jan,BY_maps:data.json(pop),текущая оценка Белстата на 1 января; полигон района вкл. г. Жодино (обл. подчинения); без города — строка r-smalavicki#admin
BY,r-smalavicki#admin,Смолевичский район (адм. район),raion_admin,1989,47688,census_present,BY_maps:data.json(popAdmin),"перепись 1989, наличное население (совпадает с Демоскопом); адм. район без г. Жодино"
BY,r-smalavicki#admin,Смолевичский район (адм. район),raion_admin,1999,46575,census_resident,BY_maps:data.json(popAdmin),"перепись, постоянное население; адм. район без г. Жодино"
BY,r-smalavicki#admin,Смолевичский район (адм. район),raion_admin,2009,42917,census_resident,BY_maps:data.json(popAdmin),"перепись, постоянное население; адм. район без г. Жодино"
BY,r-smalavicki#admin,Смолевичский район (адм. район),raion_admin,2019,51136,census_resident,BY_maps:data.json(popAdmin),"перепись, постоянное население; адм. район без г. Жодино"
BY,r-smalavicki#admin,Смолевичский район (адм. район),raion_admin,2026,57466,resident_1jan,BY_maps:data.json(popAdmin),текущая оценка Белстата на 1 января; адм. район без г. Жодино
BY,r-smarhonski,Сморгонский район,raion,1989,59755,census_present,BY_maps:data.json(pop),"перепись 1989, наличное население (совпадает с Демоскопом)"
BY,r-smarhonski,Сморгонский район,raion,1999,61479,census_resident,BY_maps:data.json(pop),"перепись, постоянное население"
BY,r-smarhonski,Сморгонский район,raion,2009,55296,census_resident,BY_maps:data.json(pop),"перепись, постоянное население"
BY,r-smarhonski,Сморгонский район,raion,2019,50965,census_resident,BY_maps:data.json(pop),"перепись, постоянное население"
BY,r-smarhonski,Сморгонский район,raion,2026,47106,resident_1jan,BY_maps:data.json(pop),текущая оценка Белстата на 1 января
BY,r-staradarozhski,Стародорожский район,raion,1989,27581,census_present,BY_maps:data.json(pop),"перепись 1989, наличное население (совпадает с Демоскопом)"
BY,r-staradarozhski,Стародорожский район,raion,1999,26253,census_resident,BY_maps:data.json(pop),"перепись, постоянное население"
BY,r-staradarozhski,Стародорожский район,raion,2009,21937,census_resident,BY_maps:data.json(pop),"перепись, постоянное население"
BY,r-staradarozhski,Стародорожский район,raion,2019,20590,census_resident,BY_maps:data.json(pop),"перепись, постоянное население"
BY,r-staradarozhski,Стародорожский район,raion,2026,18564,resident_1jan,BY_maps:data.json(pop),текущая оценка Белстата на 1 января
BY,r-staubcouski,Столбцовский район,raion,1989,49915,census_present,BY_maps:data.json(pop),"перепись 1989, наличное население (совпадает с Демоскопом)"
BY,r-staubcouski,Столбцовский район,raion,1999,47653,census_resident,BY_maps:data.json(pop),"перепись, постоянное население"
BY,r-staubcouski,Столбцовский район,raion,2009,42007,census_resident,BY_maps:data.json(pop),"перепись, постоянное население"
BY,r-staubcouski,Столбцовский район,raion,2019,38819,census_resident,BY_maps:data.json(pop),"перепись, постоянное население"
BY,r-staubcouski,Столбцовский район,raion,2026,36904,resident_1jan,BY_maps:data.json(pop),текущая оценка Белстата на 1 января
BY,r-stolinski,Столинский район,raion,1989,91812,census_present,BY_maps:data.json(pop),"перепись 1989, наличное население (совпадает с Демоскопом)"
BY,r-stolinski,Столинский район,raion,1999,89026,census_resident,BY_maps:data.json(pop),"перепись, постоянное население"
BY,r-stolinski,Столинский район,raion,2009,80695,census_resident,BY_maps:data.json(pop),"перепись, постоянное население"
BY,r-stolinski,Столинский район,raion,2019,72161,census_resident,BY_maps:data.json(pop),"перепись, постоянное население"
BY,r-stolinski,Столинский район,raion,2026,66836,resident_1jan,BY_maps:data.json(pop),текущая оценка Белстата на 1 января
BY,r-svietlahorski,Светлогорский район,raion,1989,96592,census_present,BY_maps:data.json(pop),"перепись 1989, наличное население (совпадает с Демоскопом)"
BY,r-svietlahorski,Светлогорский район,raion,1999,98210,census_resident,BY_maps:data.json(pop),"перепись, постоянное население"
BY,r-svietlahorski,Светлогорский район,raion,2009,90125,census_resident,BY_maps:data.json(pop),"перепись, постоянное население"
BY,r-svietlahorski,Светлогорский район,raion,2019,80974,census_resident,BY_maps:data.json(pop),"перепись, постоянное население"
BY,r-svietlahorski,Светлогорский район,raion,2026,73739,resident_1jan,BY_maps:data.json(pop),текущая оценка Белстата на 1 января
BY,r-svislacki,Свислочский район,raion,1989,29240,census_present,BY_maps:data.json(pop),"перепись 1989, наличное население (совпадает с Демоскопом)"
BY,r-svislacki,Свислочский район,raion,1999,25958,census_resident,BY_maps:data.json(pop),"перепись, постоянное население"
BY,r-svislacki,Свислочский район,raion,2009,19539,census_resident,BY_maps:data.json(pop),"перепись, постоянное население"
BY,r-svislacki,Свислочский район,raion,2019,14903,census_resident,BY_maps:data.json(pop),"перепись, постоянное население"
BY,r-svislacki,Свислочский район,raion,2026,11790,resident_1jan,BY_maps:data.json(pop),текущая оценка Белстата на 1 января
BY,r-talachynski,Толочинский район,raion,1989,40793,census_present,BY_maps:data.json(pop),"перепись 1989, наличное население (совпадает с Демоскопом)"
BY,r-talachynski,Толочинский район,raion,1999,36418,census_resident,BY_maps:data.json(pop),"перепись, постоянное население"
BY,r-talachynski,Толочинский район,raion,2009,28565,census_resident,BY_maps:data.json(pop),"перепись, постоянное население"
BY,r-talachynski,Толочинский район,raion,2019,24072,census_resident,BY_maps:data.json(pop),"перепись, постоянное население"
BY,r-talachynski,Толочинский район,raion,2026,20741,resident_1jan,BY_maps:data.json(pop),текущая оценка Белстата на 1 января
BY,r-ushacki,Ушачский район,raion,1989,23395,census_present,BY_maps:data.json(pop),"перепись 1989, наличное население (совпадает с Демоскопом)"
BY,r-ushacki,Ушачский район,raion,1999,21538,census_resident,BY_maps:data.json(pop),"перепись, постоянное население"
BY,r-ushacki,Ушачский район,raion,2009,15970,census_resident,BY_maps:data.json(pop),"перепись, постоянное население"
BY,r-ushacki,Ушачский район,raion,2019,12728,census_resident,BY_maps:data.json(pop),"перепись, постоянное население"
BY,r-ushacki,Ушачский район,raion,2026,10979,resident_1jan,BY_maps:data.json(pop),текущая оценка Белстата на 1 января
BY,r-uzdzienski,Узденский район,raion,1989,27393,census_present,BY_maps:data.json(pop),"перепись 1989, наличное население (совпадает с Демоскопом)"
BY,r-uzdzienski,Узденский район,raion,1999,27633,census_resident,BY_maps:data.json(pop),"перепись, постоянное население"
BY,r-uzdzienski,Узденский район,raion,2009,23657,census_resident,BY_maps:data.json(pop),"перепись, постоянное население"
BY,r-uzdzienski,Узденский район,raion,2019,23864,census_resident,BY_maps:data.json(pop),"перепись, постоянное население"
BY,r-uzdzienski,Узденский район,raion,2026,23507,resident_1jan,BY_maps:data.json(pop),текущая оценка Белстата на 1 января
BY,r-valozhynski,Воложинский район,raion,1989,54372,census_present,BY_maps:data.json(pop),"перепись 1989, наличное население (совпадает с Демоскопом)"
BY,r-valozhynski,Воложинский район,raion,1999,47466,census_resident,BY_maps:data.json(pop),"перепись, постоянное население"
BY,r-valozhynski,Воложинский район,raion,2009,37543,census_resident,BY_maps:data.json(pop),"перепись, постоянное население"
BY,r-valozhynski,Воложинский район,raion,2019,34611,census_resident,BY_maps:data.json(pop),"перепись, постоянное население"
BY,r-valozhynski,Воложинский район,raion,2026,33045,resident_1jan,BY_maps:data.json(pop),текущая оценка Белстата на 1 января
BY,r-vaukavyski,Волковысский район,raion,1989,78159,census_present,BY_maps:data.json(pop),"перепись 1989, наличное население (совпадает с Демоскопом)"
BY,r-vaukavyski,Волковысский район,raion,1999,84816,census_resident,BY_maps:data.json(pop),"перепись, постоянное население"
BY,r-vaukavyski,Волковысский район,raion,2009,75329,census_resident,BY_maps:data.json(pop),"перепись, постоянное население"
BY,r-vaukavyski,Волковысский район,raion,2019,68184,census_resident,BY_maps:data.json(pop),"перепись, постоянное население"
BY,r-vaukavyski,Волковысский район,raion,2026,61967,resident_1jan,BY_maps:data.json(pop),текущая оценка Белстата на 1 января
BY,r-viciebski,Витебский район,raion,1989,409023,census_present,BY_maps:data.json(pop),"перепись 1989, наличное население (совпадает с Демоскопом); полигон района вкл. г. Витебск (обл. подчинения); без города — строка r-viciebski#admin"
BY,r-viciebski,Витебский район,raion,1999,394217,census_resident,BY_maps:data.json(pop),"перепись, постоянное население; полигон района вкл. г. Витебск (обл. подчинения); без города — строка r-viciebski#admin"
BY,r-viciebski,Витебский район,raion,2009,395614,census_resident,BY_maps:data.json(pop),"перепись, постоянное население; полигон района вкл. г. Витебск (обл. подчинения); без города — строка r-viciebski#admin"
BY,r-viciebski,Витебский район,raion,2019,400419,census_resident,BY_maps:data.json(pop),"перепись, постоянное население; полигон района вкл. г. Витебск (обл. подчинения); без города — строка r-viciebski#admin"
BY,r-viciebski,Витебский район,raion,2026,391400,resident_1jan,BY_maps:data.json(pop),текущая оценка Белстата на 1 января; полигон района вкл. г. Витебск (обл. подчинения); без города — строка r-viciebski#admin
BY,r-viciebski#admin,Витебский район (адм. район),raion_admin,1989,51577,census_present,BY_maps:data.json(popAdmin),"перепись 1989, наличное население (совпадает с Демоскопом); адм. район без г. Витебск"
BY,r-viciebski#admin,Витебский район (адм. район),raion_admin,1999,45862,census_resident,BY_maps:data.json(popAdmin),"перепись, постоянное население; адм. район без г. Витебск"
BY,r-viciebski#admin,Витебский район (адм. район),raion_admin,2009,40552,census_resident,BY_maps:data.json(popAdmin),"перепись, постоянное население; адм. район без г. Витебск"
BY,r-viciebski#admin,Витебский район (адм. район),raion_admin,2019,35745,census_resident,BY_maps:data.json(popAdmin),"перепись, постоянное население; адм. район без г. Витебск"
BY,r-viciebski#admin,Витебский район (адм. район),raion_admin,2026,33501,resident_1jan,BY_maps:data.json(popAdmin),текущая оценка Белстата на 1 января; адм. район без г. Витебск
BY,r-vierchniadzvinski,Верхнедвинский район,raion,1989,32235,census_present,BY_maps:data.json(pop),"перепись 1989, наличное население (совпадает с Демоскопом)"
BY,r-vierchniadzvinski,Верхнедвинский район,raion,1999,30768,census_resident,BY_maps:data.json(pop),"перепись, постоянное население"
BY,r-vierchniadzvinski,Верхнедвинский район,raion,2009,24675,census_resident,BY_maps:data.json(pop),"перепись, постоянное население"
BY,r-vierchniadzvinski,Верхнедвинский район,raion,2019,20490,census_resident,BY_maps:data.json(pop),"перепись, постоянное население"
BY,r-vierchniadzvinski,Верхнедвинский район,raion,2026,17875,resident_1jan,BY_maps:data.json(pop),текущая оценка Белстата на 1 января
BY,r-vietkauski,Ветковский район,raion,1989,35321,census_present,BY_maps:data.json(pop),"перепись 1989, наличное население (совпадает с Демоскопом)"
BY,r-vietkauski,Ветковский район,raion,1999,21498,census_resident,BY_maps:data.json(pop),"перепись, постоянное население"
BY,r-vietkauski,Ветковский район,raion,2009,18766,census_resident,BY_maps:data.json(pop),"перепись, постоянное население"
BY,r-vietkauski,Ветковский район,raion,2019,17624,census_resident,BY_maps:data.json(pop),"перепись, постоянное население"
BY,r-vietkauski,Ветковский район,raion,2026,16682,resident_1jan,BY_maps:data.json(pop),текущая оценка Белстата на 1 января
BY,r-vilejski,Вилейский район,raion,1989,68940,census_present,BY_maps:data.json(pop),"перепись 1989, наличное население (совпадает с Демоскопом)"
BY,r-vilejski,Вилейский район,raion,1999,64544,census_resident,BY_maps:data.json(pop),"перепись, постоянное население"
BY,r-vilejski,Вилейский район,raion,2009,52053,census_resident,BY_maps:data.json(pop),"перепись, постоянное население"
BY,r-vilejski,Вилейский район,raion,2019,48555,census_resident,BY_maps:data.json(pop),"перепись, постоянное население"
BY,r-vilejski,Вилейский район,raion,2026,44806,resident_1jan,BY_maps:data.json(pop),текущая оценка Белстата на 1 января
BY,r-voranauski,Вороновский район,raion,1989,39150,census_present,BY_maps:data.json(pop),"перепись 1989, наличное население (совпадает с Демоскопом)"
BY,r-voranauski,Вороновский район,raion,1999,37621,census_resident,BY_maps:data.json(pop),"перепись, постоянное население"
BY,r-voranauski,Вороновский район,raion,2009,30477,census_resident,BY_maps:data.json(pop),"перепись, постоянное население"
BY,r-voranauski,Вороновский район,raion,2019,24490,census_resident,BY_maps:data.json(pop),"перепись, постоянное население"
BY,r-voranauski,Вороновский район,raion,2026,19813,resident_1jan,BY_maps:data.json(pop),текущая оценка Белстата на 1 января
BY,r-zelvienski,Зельвенский район,raion,1989,28532,census_present,BY_maps:data.json(pop),"перепись 1989, наличное население (совпадает с Демоскопом)"
BY,r-zelvienski,Зельвенский район,raion,1999,26000,census_resident,BY_maps:data.json(pop),"перепись, постоянное население"
BY,r-zelvienski,Зельвенский район,raion,2009,19119,census_resident,BY_maps:data.json(pop),"перепись, постоянное население"
BY,r-zelvienski,Зельвенский район,raion,2019,14635,census_resident,BY_maps:data.json(pop),"перепись, постоянное население"
BY,r-zelvienski,Зельвенский район,raion,2026,12072,resident_1jan,BY_maps:data.json(pop),текущая оценка Белстата на 1 января
BY,r-zhabinkauski,Жабинковский район,raion,1989,25855,census_present,BY_maps:data.json(pop),"перепись 1989, наличное население (совпадает с Демоскопом)"
BY,r-zhabinkauski,Жабинковский район,raion,1999,25784,census_resident,BY_maps:data.json(pop),"перепись, постоянное население"
BY,r-zhabinkauski,Жабинковский район,raion,2009,25031,census_resident,BY_maps:data.json(pop),"перепись, постоянное население"
BY,r-zhabinkauski,Жабинковский район,raion,2019,24779,census_resident,BY_maps:data.json(pop),"перепись, постоянное население"
BY,r-zhabinkauski,Жабинковский район,raion,2026,24277,resident_1jan,BY_maps:data.json(pop),текущая оценка Белстата на 1 января
BY,r-zhlobinski,Жлобинский район,raion,1989,98181,census_present,BY_maps:data.json(pop),"перепись 1989, наличное население (совпадает с Демоскопом)"
BY,r-zhlobinski,Жлобинский район,raion,1999,107016,census_resident,BY_maps:data.json(pop),"перепись, постоянное население"
BY,r-zhlobinski,Жлобинский район,raion,2009,104871,census_resident,BY_maps:data.json(pop),"перепись, постоянное население"
BY,r-zhlobinski,Жлобинский район,raion,2019,101166,census_resident,BY_maps:data.json(pop),"перепись, постоянное население"
BY,r-zhlobinski,Жлобинский район,raion,2026,96085,resident_1jan,BY_maps:data.json(pop),текущая оценка Белстата на 1 января
BY,r-zhytkavicki,Житковичский район,raion,1989,52610,census_present,BY_maps:data.json(pop),"перепись 1989, наличное население (совпадает с Демоскопом)"
BY,r-zhytkavicki,Житковичский район,raion,1999,49620,census_resident,BY_maps:data.json(pop),"перепись, постоянное население"
BY,r-zhytkavicki,Житковичский район,raion,2009,40838,census_resident,BY_maps:data.json(pop),"перепись, постоянное население"
BY,r-zhytkavicki,Житковичский район,raion,2019,34957,census_resident,BY_maps:data.json(pop),"перепись, постоянное население"
BY,r-zhytkavicki,Житковичский район,raion,2026,31474,resident_1jan,BY_maps:data.json(pop),текущая оценка Белстата на 1 января
PL,PL-0601011,Międzyrzec Podlaski,gmina_urban,1988,16766,census_resident,GUS_BDL:196130,"NSP 1988 (6.XII.1988), ludność faktycznie zamieszkała; в API помечено годом 1998, гмины в делении ~1998"
PL,PL-0601011,Międzyrzec Podlaski,gmina_urban,1995,18092,de_facto_31dec,GUS_BDL:60641,ряд до ступеньки 1998→1999 (см. SOURCES.md)
PL,PL-0601011,Międzyrzec Podlaski,gmina_urban,2002,17339,de_facto_31dec,GUS_BDL:60641,
PL,PL-0601011,Międzyrzec Podlaski,gmina_urban,2011,17273,de_facto_31dec,GUS_BDL:60641,ряд пересчитан по NSP 2011 (с 2010)
PL,PL-0601011,Międzyrzec Podlaski,gmina_urban,2021,15685,de_facto_31dec,GUS_BDL:60641,ряд пересчитан по NSP 2021 (с 2020)
PL,PL-0601011,Międzyrzec Podlaski,gmina_urban,2025,15107,de_facto_31dec,GUS_BDL:60641,ряд пересчитан по NSP 2021 (с 2020)
PL,PL-0601021,Terespol,gmina_urban,1988,5798,census_resident,GUS_BDL:196130,"NSP 1988 (6.XII.1988), ludność faktycznie zamieszkała; в API помечено годом 1998, гмины в делении ~1998"
PL,PL-0601021,Terespol,gmina_urban,1995,6100,de_facto_31dec,GUS_BDL:60641,ряд до ступеньки 1998→1999 (см. SOURCES.md)
PL,PL-0601021,Terespol,gmina_urban,2002,6013,de_facto_31dec,GUS_BDL:60641,
PL,PL-0601021,Terespol,gmina_urban,2011,5886,de_facto_31dec,GUS_BDL:60641,ряд пересчитан по NSP 2011 (с 2010)
PL,PL-0601021,Terespol,gmina_urban,2021,5254,de_facto_31dec,GUS_BDL:60641,ряд пересчитан по NSP 2021 (с 2020)
PL,PL-0601021,Terespol,gmina_urban,2025,5018,de_facto_31dec,GUS_BDL:60641,ряд пересчитан по NSP 2021 (с 2020)
PL,PL-0601032,Biała Podlaska,gmina_rural,1988,11099,census_resident,GUS_BDL:196130,"NSP 1988 (6.XII.1988), ludność faktycznie zamieszkała; в API помечено годом 1998, гмины в делении ~1998"
PL,PL-0601032,Biała Podlaska,gmina_rural,1995,11217,de_facto_31dec,GUS_BDL:60641,ряд до ступеньки 1998→1999 (см. SOURCES.md)
PL,PL-0601032,Biała Podlaska,gmina_rural,2002,11858,de_facto_31dec,GUS_BDL:60641,
PL,PL-0601032,Biała Podlaska,gmina_rural,2011,13521,de_facto_31dec,GUS_BDL:60641,ряд пересчитан по NSP 2011 (с 2010)
PL,PL-0601032,Biała Podlaska,gmina_rural,2021,15155,de_facto_31dec,GUS_BDL:60641,ряд пересчитан по NSP 2021 (с 2020)
PL,PL-0601032,Biała Podlaska,gmina_rural,2025,15859,de_facto_31dec,GUS_BDL:60641,ряд пересчитан по NSP 2021 (с 2020)
PL,PL-0601042,Drelów,gmina_rural,1988,6044,census_resident,GUS_BDL:196130,"NSP 1988 (6.XII.1988), ludność faktycznie zamieszkała; в API помечено годом 1998, гмины в делении ~1998"
PL,PL-0601042,Drelów,gmina_rural,1995,5994,de_facto_31dec,GUS_BDL:60641,ряд до ступеньки 1998→1999 (см. SOURCES.md)
PL,PL-0601042,Drelów,gmina_rural,2002,5664,de_facto_31dec,GUS_BDL:60641,
PL,PL-0601042,Drelów,gmina_rural,2011,5547,de_facto_31dec,GUS_BDL:60641,ряд пересчитан по NSP 2011 (с 2010)
PL,PL-0601042,Drelów,gmina_rural,2021,5116,de_facto_31dec,GUS_BDL:60641,ряд пересчитан по NSP 2021 (с 2020)
PL,PL-0601042,Drelów,gmina_rural,2025,4932,de_facto_31dec,GUS_BDL:60641,ряд пересчитан по NSP 2021 (с 2020)
PL,PL-0601052,Janów Podlaski,gmina_rural,1988,6080,census_resident,GUS_BDL:196130,"NSP 1988 (6.XII.1988), ludność faktycznie zamieszkała; в API помечено годом 1998, гмины в делении ~1998"
PL,PL-0601052,Janów Podlaski,gmina_rural,1995,5876,de_facto_31dec,GUS_BDL:60641,ряд до ступеньки 1998→1999 (см. SOURCES.md)
PL,PL-0601052,Janów Podlaski,gmina_rural,2002,5590,de_facto_31dec,GUS_BDL:60641,
PL,PL-0601052,Janów Podlaski,gmina_rural,2011,5568,de_facto_31dec,GUS_BDL:60641,ряд пересчитан по NSP 2011 (с 2010)
PL,PL-0601052,Janów Podlaski,gmina_rural,2021,4985,de_facto_31dec,GUS_BDL:60641,ряд пересчитан по NSP 2021 (с 2020)
PL,PL-0601052,Janów Podlaski,gmina_rural,2025,4823,de_facto_31dec,GUS_BDL:60641,ряд пересчитан по NSP 2021 (с 2020)
PL,PL-0601062,Kodeń,gmina_rural,1988,4590,census_resident,GUS_BDL:196130,"NSP 1988 (6.XII.1988), ludność faktycznie zamieszkała; в API помечено годом 1998, гмины в делении ~1998"
PL,PL-0601062,Kodeń,gmina_rural,1995,4499,de_facto_31dec,GUS_BDL:60641,ряд до ступеньки 1998→1999 (см. SOURCES.md)
PL,PL-0601062,Kodeń,gmina_rural,2002,4275,de_facto_31dec,GUS_BDL:60641,
PL,PL-0601062,Kodeń,gmina_rural,2011,3778,de_facto_31dec,GUS_BDL:60641,ряд пересчитан по NSP 2011 (с 2010)
PL,PL-0601062,Kodeń,gmina_rural,2021,3342,de_facto_31dec,GUS_BDL:60641,ряд пересчитан по NSP 2021 (с 2020)
PL,PL-0601062,Kodeń,gmina_rural,2025,3165,de_facto_31dec,GUS_BDL:60641,ряд пересчитан по NSP 2021 (с 2020)
PL,PL-0601072,Konstantynów,gmina_rural,1988,4091,census_resident,GUS_BDL:196130,"NSP 1988 (6.XII.1988), ludność faktycznie zamieszkała; в API помечено годом 1998, гмины в делении ~1998"
PL,PL-0601072,Konstantynów,gmina_rural,1995,4169,de_facto_31dec,GUS_BDL:60641,ряд до ступеньки 1998→1999 (см. SOURCES.md)
PL,PL-0601072,Konstantynów,gmina_rural,2002,4156,de_facto_31dec,GUS_BDL:60641,
PL,PL-0601072,Konstantynów,gmina_rural,2011,4128,de_facto_31dec,GUS_BDL:60641,ряд пересчитан по NSP 2011 (с 2010)
PL,PL-0601072,Konstantynów,gmina_rural,2021,3866,de_facto_31dec,GUS_BDL:60641,ряд пересчитан по NSP 2021 (с 2020)
PL,PL-0601072,Konstantynów,gmina_rural,2025,3691,de_facto_31dec,GUS_BDL:60641,ряд пересчитан по NSP 2021 (с 2020)
PL,PL-0601082,Leśna Podlaska,gmina_rural,1988,4923,census_resident,GUS_BDL:196130,"NSP 1988 (6.XII.1988), ludność faktycznie zamieszkała; в API помечено годом 1998, гмины в делении ~1998"
PL,PL-0601082,Leśna Podlaska,gmina_rural,1995,4714,de_facto_31dec,GUS_BDL:60641,ряд до ступеньки 1998→1999 (см. SOURCES.md)
PL,PL-0601082,Leśna Podlaska,gmina_rural,2002,4540,de_facto_31dec,GUS_BDL:60641,
PL,PL-0601082,Leśna Podlaska,gmina_rural,2011,4355,de_facto_31dec,GUS_BDL:60641,ряд пересчитан по NSP 2011 (с 2010)
PL,PL-0601082,Leśna Podlaska,gmina_rural,2021,4049,de_facto_31dec,GUS_BDL:60641,ряд пересчитан по NSP 2021 (с 2020)
PL,PL-0601082,Leśna Podlaska,gmina_rural,2025,4055,de_facto_31dec,GUS_BDL:60641,ряд пересчитан по NSP 2021 (с 2020)
PL,PL-0601092,Łomazy,gmina_rural,1988,6077,census_resident,GUS_BDL:196130,"NSP 1988 (6.XII.1988), ludność faktycznie zamieszkała; в API помечено годом 1998, гмины в делении ~1998"
PL,PL-0601092,Łomazy,gmina_rural,1995,5938,de_facto_31dec,GUS_BDL:60641,ряд до ступеньки 1998→1999 (см. SOURCES.md)
PL,PL-0601092,Łomazy,gmina_rural,2002,5639,de_facto_31dec,GUS_BDL:60641,
PL,PL-0601092,Łomazy,gmina_rural,2011,5249,de_facto_31dec,GUS_BDL:60641,ряд пересчитан по NSP 2011 (с 2010)
PL,PL-0601092,Łomazy,gmina_rural,2021,4666,de_facto_31dec,GUS_BDL:60641,ряд пересчитан по NSP 2021 (с 2020)
PL,PL-0601092,Łomazy,gmina_rural,2025,4441,de_facto_31dec,GUS_BDL:60641,ряд пересчитан по NSP 2021 (с 2020)
PL,PL-0601102,Międzyrzec Podlaski,gmina_rural,1988,10461,census_resident,GUS_BDL:196130,"NSP 1988 (6.XII.1988), ludność faktycznie zamieszkała; в API помечено годом 1998, гмины в делении ~1998"
PL,PL-0601102,Międzyrzec Podlaski,gmina_rural,1995,10433,de_facto_31dec,GUS_BDL:60641,ряд до ступеньки 1998→1999 (см. SOURCES.md)
PL,PL-0601102,Międzyrzec Podlaski,gmina_rural,2002,10382,de_facto_31dec,GUS_BDL:60641,
PL,PL-0601102,Międzyrzec Podlaski,gmina_rural,2011,10527,de_facto_31dec,GUS_BDL:60641,ряд пересчитан по NSP 2011 (с 2010)
PL,PL-0601102,Międzyrzec Podlaski,gmina_rural,2021,10224,de_facto_31dec,GUS_BDL:60641,ряд пересчитан по NSP 2021 (с 2020)
PL,PL-0601102,Międzyrzec Podlaski,gmina_rural,2025,10172,de_facto_31dec,GUS_BDL:60641,ряд пересчитан по NSP 2021 (с 2020)
PL,PL-0601113,Piszczac,gmina_rural,1988,7850,census_resident,GUS_BDL:196130,"NSP 1988 (6.XII.1988), ludność faktycznie zamieszkała; в API помечено годом 1998, гмины в делении ~1998; ID BDL: 060610901112 (gm. wiejska, 1995–2023) → 060610901113 (gm. miejsko-wiejska, 2024–2025)"
PL,PL-0601113,Piszczac,gmina_rural,1995,7815,de_facto_31dec,GUS_BDL:60641,"ряд до ступеньки 1998→1999 (см. SOURCES.md); ID BDL: 060610901112 (gm. wiejska, 1995–2023) → 060610901113 (gm. miejsko-wiejska, 2024–2025)"
PL,PL-0601113,Piszczac,gmina_rural,2002,7607,de_facto_31dec,GUS_BDL:60641,"ID BDL: 060610901112 (gm. wiejska, 1995–2023) → 060610901113 (gm. miejsko-wiejska, 2024–2025)"
PL,PL-0601113,Piszczac,gmina_rural,2011,7522,de_facto_31dec,GUS_BDL:60641,"ряд пересчитан по NSP 2011 (с 2010); ID BDL: 060610901112 (gm. wiejska, 1995–2023) → 060610901113 (gm. miejsko-wiejska, 2024–2025)"
PL,PL-0601113,Piszczac,gmina_rural,2021,6799,de_facto_31dec,GUS_BDL:60641,"ряд пересчитан по NSP 2021 (с 2020); ID BDL: 060610901112 (gm. wiejska, 1995–2023) → 060610901113 (gm. miejsko-wiejska, 2024–2025)"
PL,PL-0601113,Piszczac,gmina_urban_rural,2025,6549,de_facto_31dec,GUS_BDL:60641,"ряд пересчитан по NSP 2021 (с 2020); ID BDL: 060610901112 (gm. wiejska, 1995–2023) → 060610901113 (gm. miejsko-wiejska, 2024–2025)"
PL,PL-0601122,Rokitno,gmina_rural,1988,3882,census_resident,GUS_BDL:196130,"NSP 1988 (6.XII.1988), ludność faktycznie zamieszkała; в API помечено годом 1998, гмины в делении ~1998"
PL,PL-0601122,Rokitno,gmina_rural,1995,3635,de_facto_31dec,GUS_BDL:60641,ряд до ступеньки 1998→1999 (см. SOURCES.md)
PL,PL-0601122,Rokitno,gmina_rural,2002,3392,de_facto_31dec,GUS_BDL:60641,
PL,PL-0601122,Rokitno,gmina_rural,2011,3198,de_facto_31dec,GUS_BDL:60641,ряд пересчитан по NSP 2011 (с 2010)
PL,PL-0601122,Rokitno,gmina_rural,2021,2771,de_facto_31dec,GUS_BDL:60641,ряд пересчитан по NSP 2021 (с 2020)
PL,PL-0601122,Rokitno,gmina_rural,2025,2619,de_facto_31dec,GUS_BDL:60641,ряд пересчитан по NSP 2021 (с 2020)
PL,PL-0601132,Rossosz,gmina_rural,1988,2650,census_resident,GUS_BDL:196130,"NSP 1988 (6.XII.1988), ludność faktycznie zamieszkała; в API помечено годом 1998, гмины в делении ~1998"
PL,PL-0601132,Rossosz,gmina_rural,1995,2568,de_facto_31dec,GUS_BDL:60641,ряд до ступеньки 1998→1999 (см. SOURCES.md)
PL,PL-0601132,Rossosz,gmina_rural,2002,2471,de_facto_31dec,GUS_BDL:60641,
PL,PL-0601132,Rossosz,gmina_rural,2011,2369,de_facto_31dec,GUS_BDL:60641,ряд пересчитан по NSP 2011 (с 2010)
PL,PL-0601132,Rossosz,gmina_rural,2021,2104,de_facto_31dec,GUS_BDL:60641,ряд пересчитан по NSP 2021 (с 2020)
PL,PL-0601132,Rossosz,gmina_rural,2025,2031,de_facto_31dec,GUS_BDL:60641,ряд пересчитан по NSP 2021 (с 2020)
PL,PL-0601142,Sławatycze,gmina_rural,1988,3088,census_resident,GUS_BDL:196130,"NSP 1988 (6.XII.1988), ludność faktycznie zamieszkała; в API помечено годом 1998, гмины в делении ~1998"
PL,PL-0601142,Sławatycze,gmina_rural,1995,2874,de_facto_31dec,GUS_BDL:60641,ряд до ступеньки 1998→1999 (см. SOURCES.md)
PL,PL-0601142,Sławatycze,gmina_rural,2002,2657,de_facto_31dec,GUS_BDL:60641,
PL,PL-0601142,Sławatycze,gmina_rural,2011,2541,de_facto_31dec,GUS_BDL:60641,ряд пересчитан по NSP 2011 (с 2010)
PL,PL-0601142,Sławatycze,gmina_rural,2021,2301,de_facto_31dec,GUS_BDL:60641,ряд пересчитан по NSP 2021 (с 2020)
PL,PL-0601142,Sławatycze,gmina_rural,2025,2200,de_facto_31dec,GUS_BDL:60641,ряд пересчитан по NSP 2021 (с 2020)
PL,PL-0601152,Sosnówka,gmina_rural,1988,3372,census_resident,GUS_BDL:196130,"NSP 1988 (6.XII.1988), ludność faktycznie zamieszkała; в API помечено годом 1998, гмины в делении ~1998"
PL,PL-0601152,Sosnówka,gmina_rural,1995,3090,de_facto_31dec,GUS_BDL:60641,ряд до ступеньки 1998→1999 (см. SOURCES.md)
PL,PL-0601152,Sosnówka,gmina_rural,2002,2908,de_facto_31dec,GUS_BDL:60641,
PL,PL-0601152,Sosnówka,gmina_rural,2011,2625,de_facto_31dec,GUS_BDL:60641,ряд пересчитан по NSP 2011 (с 2010)
PL,PL-0601152,Sosnówka,gmina_rural,2021,2203,de_facto_31dec,GUS_BDL:60641,ряд пересчитан по NSP 2021 (с 2020)
PL,PL-0601152,Sosnówka,gmina_rural,2025,2030,de_facto_31dec,GUS_BDL:60641,ряд пересчитан по NSP 2021 (с 2020)
PL,PL-0601162,Terespol,gmina_rural,1988,7738,census_resident,GUS_BDL:196130,"NSP 1988 (6.XII.1988), ludność faktycznie zamieszkała; в API помечено годом 1998, гмины в делении ~1998"
PL,PL-0601162,Terespol,gmina_rural,1995,7542,de_facto_31dec,GUS_BDL:60641,ряд до ступеньки 1998→1999 (см. SOURCES.md)
PL,PL-0601162,Terespol,gmina_rural,2002,7210,de_facto_31dec,GUS_BDL:60641,
PL,PL-0601162,Terespol,gmina_rural,2011,6947,de_facto_31dec,GUS_BDL:60641,ряд пересчитан по NSP 2011 (с 2010)
PL,PL-0601162,Terespol,gmina_rural,2021,6173,de_facto_31dec,GUS_BDL:60641,ряд пересчитан по NSP 2021 (с 2020)
PL,PL-0601162,Terespol,gmina_rural,2025,5823,de_facto_31dec,GUS_BDL:60641,ряд пересчитан по NSP 2021 (с 2020)
PL,PL-0601172,Tuczna,gmina_rural,1988,4343,census_resident,GUS_BDL:196130,"NSP 1988 (6.XII.1988), ludność faktycznie zamieszkała; в API помечено годом 1998, гмины в делении ~1998"
PL,PL-0601172,Tuczna,gmina_rural,1995,4028,de_facto_31dec,GUS_BDL:60641,ряд до ступеньки 1998→1999 (см. SOURCES.md)
PL,PL-0601172,Tuczna,gmina_rural,2002,3720,de_facto_31dec,GUS_BDL:60641,
PL,PL-0601172,Tuczna,gmina_rural,2011,3347,de_facto_31dec,GUS_BDL:60641,ряд пересчитан по NSP 2011 (с 2010)
PL,PL-0601172,Tuczna,gmina_rural,2021,2815,de_facto_31dec,GUS_BDL:60641,ряд пересчитан по NSP 2021 (с 2020)
PL,PL-0601172,Tuczna,gmina_rural,2025,2652,de_facto_31dec,GUS_BDL:60641,ряд пересчитан по NSP 2021 (с 2020)
PL,PL-0601182,Wisznice,gmina_rural,1988,5844,census_resident,GUS_BDL:196130,"NSP 1988 (6.XII.1988), ludność faktycznie zamieszkała; в API помечено годом 1998, гмины в делении ~1998"
PL,PL-0601182,Wisznice,gmina_rural,1995,5745,de_facto_31dec,GUS_BDL:60641,ряд до ступеньки 1998→1999 (см. SOURCES.md)
PL,PL-0601182,Wisznice,gmina_rural,2002,5339,de_facto_31dec,GUS_BDL:60641,
PL,PL-0601182,Wisznice,gmina_rural,2011,5214,de_facto_31dec,GUS_BDL:60641,ряд пересчитан по NSP 2011 (с 2010)
PL,PL-0601182,Wisznice,gmina_rural,2021,4565,de_facto_31dec,GUS_BDL:60641,ряд пересчитан по NSP 2021 (с 2020)
PL,PL-0601182,Wisznice,gmina_rural,2025,4365,de_facto_31dec,GUS_BDL:60641,ряд пересчитан по NSP 2021 (с 2020)
PL,PL-0601192,Zalesie,gmina_rural,1988,4765,census_resident,GUS_BDL:196130,"NSP 1988 (6.XII.1988), ludność faktycznie zamieszkała; в API помечено годом 1998, гмины в делении ~1998"
PL,PL-0601192,Zalesie,gmina_rural,1995,4656,de_facto_31dec,GUS_BDL:60641,ряд до ступеньки 1998→1999 (см. SOURCES.md)
PL,PL-0601192,Zalesie,gmina_rural,2002,4588,de_facto_31dec,GUS_BDL:60641,
PL,PL-0601192,Zalesie,gmina_rural,2011,4457,de_facto_31dec,GUS_BDL:60641,ряд пересчитан по NSP 2011 (с 2010)
PL,PL-0601192,Zalesie,gmina_rural,2021,4121,de_facto_31dec,GUS_BDL:60641,ряд пересчитан по NSP 2021 (с 2020)
PL,PL-0601192,Zalesie,gmina_rural,2025,3932,de_facto_31dec,GUS_BDL:60641,ряд пересчитан по NSP 2021 (с 2020)
PL,PL-0602011,Biłgoraj,gmina_urban,1988,25333,census_resident,GUS_BDL:196130,"NSP 1988 (6.XII.1988), ludność faktycznie zamieszkała; в API помечено годом 1998, гмины в делении ~1998"
PL,PL-0602011,Biłgoraj,gmina_urban,1995,26400,de_facto_31dec,GUS_BDL:60641,ряд до ступеньки 1998→1999 (см. SOURCES.md)
PL,PL-0602011,Biłgoraj,gmina_urban,2002,26539,de_facto_31dec,GUS_BDL:60641,
PL,PL-0602011,Biłgoraj,gmina_urban,2011,27285,de_facto_31dec,GUS_BDL:60641,ряд пересчитан по NSP 2011 (с 2010)
PL,PL-0602011,Biłgoraj,gmina_urban,2021,25268,de_facto_31dec,GUS_BDL:60641,ряд пересчитан по NSP 2021 (с 2020)
PL,PL-0602011,Biłgoraj,gmina_urban,2025,24312,de_facto_31dec,GUS_BDL:60641,ряд пересчитан по NSP 2021 (с 2020)
PL,PL-0602022,Aleksandrów,gmina_rural,1988,3027,census_resident,GUS_BDL:196130,"NSP 1988 (6.XII.1988), ludność faktycznie zamieszkała; в API помечено годом 1998, гмины в делении ~1998"
PL,PL-0602022,Aleksandrów,gmina_rural,1995,3140,de_facto_31dec,GUS_BDL:60641,ряд до ступеньки 1998→1999 (см. SOURCES.md)
PL,PL-0602022,Aleksandrów,gmina_rural,2002,3191,de_facto_31dec,GUS_BDL:60641,
PL,PL-0602022,Aleksandrów,gmina_rural,2011,3268,de_facto_31dec,GUS_BDL:60641,ряд пересчитан по NSP 2011 (с 2010)
PL,PL-0602022,Aleksandrów,gmina_rural,2021,3204,de_facto_31dec,GUS_BDL:60641,ряд пересчитан по NSP 2021 (с 2020)
PL,PL-0602022,Aleksandrów,gmina_rural,2025,3119,de_facto_31dec,GUS_BDL:60641,ряд пересчитан по NSP 2021 (с 2020)
PL,PL-0602032,Biłgoraj,gmina_rural,1988,11650,census_resident,GUS_BDL:196130,"NSP 1988 (6.XII.1988), ludność faktycznie zamieszkała; в API помечено годом 1998, гмины в делении ~1998"
PL,PL-0602032,Biłgoraj,gmina_rural,1995,12076,de_facto_31dec,GUS_BDL:60641,ряд до ступеньки 1998→1999 (см. SOURCES.md)
PL,PL-0602032,Biłgoraj,gmina_rural,2002,12412,de_facto_31dec,GUS_BDL:60641,
PL,PL-0602032,Biłgoraj,gmina_rural,2011,12971,de_facto_31dec,GUS_BDL:60641,ряд пересчитан по NSP 2011 (с 2010)
PL,PL-0602032,Biłgoraj,gmina_rural,2021,13621,de_facto_31dec,GUS_BDL:60641,ряд пересчитан по NSP 2021 (с 2020)
PL,PL-0602032,Biłgoraj,gmina_rural,2025,13335,de_facto_31dec,GUS_BDL:60641,ряд пересчитан по NSP 2021 (с 2020)
PL,PL-0602042,Biszcza,gmina_rural,1988,4225,census_resident,GUS_BDL:196130,"NSP 1988 (6.XII.1988), ludność faktycznie zamieszkała; в API помечено годом 1998, гмины в делении ~1998"
PL,PL-0602042,Biszcza,gmina_rural,1995,4206,de_facto_31dec,GUS_BDL:60641,ряд до ступеньки 1998→1999 (см. SOURCES.md)
PL,PL-0602042,Biszcza,gmina_rural,2002,4036,de_facto_31dec,GUS_BDL:60641,
PL,PL-0602042,Biszcza,gmina_rural,2011,3853,de_facto_31dec,GUS_BDL:60641,ряд пересчитан по NSP 2011 (с 2010)
PL,PL-0602042,Biszcza,gmina_rural,2021,3732,de_facto_31dec,GUS_BDL:60641,ряд пересчитан по NSP 2021 (с 2020)
PL,PL-0602042,Biszcza,gmina_rural,2025,3658,de_facto_31dec,GUS_BDL:60641,ряд пересчитан по NSP 2021 (с 2020)
PL,PL-0602053,Frampol,gmina_urban_rural,1988,6982,census_resident,GUS_BDL:196130,"NSP 1988 (6.XII.1988), ludność faktycznie zamieszkała; в API помечено годом 1998, гмины в делении ~1998"
PL,PL-0602053,Frampol,gmina_urban_rural,1995,6981,de_facto_31dec,GUS_BDL:60641,ряд до ступеньки 1998→1999 (см. SOURCES.md)
PL,PL-0602053,Frampol,gmina_urban_rural,2002,6660,de_facto_31dec,GUS_BDL:60641,
PL,PL-0602053,Frampol,gmina_urban_rural,2011,6396,de_facto_31dec,GUS_BDL:60641,ряд пересчитан по NSP 2011 (с 2010)
PL,PL-0602053,Frampol,gmina_urban_rural,2021,5750,de_facto_31dec,GUS_BDL:60641,ряд пересчитан по NSP 2021 (с 2020)
PL,PL-0602053,Frampol,gmina_urban_rural,2025,5511,de_facto_31dec,GUS_BDL:60641,ряд пересчитан по NSP 2021 (с 2020)
PL,PL-0602063,Goraj,gmina_rural,1988,4813,census_resident,GUS_BDL:196130,"NSP 1988 (6.XII.1988), ludność faktycznie zamieszkała; в API помечено годом 1998, гмины в делении ~1998; ID BDL: 060611002062 (gm. wiejska, 1995–2020) → 060611002063 (gm. miejsko-wiejska, 2021–2025)"
PL,PL-0602063,Goraj,gmina_rural,1995,4750,de_facto_31dec,GUS_BDL:60641,"ряд до ступеньки 1998→1999 (см. SOURCES.md); ID BDL: 060611002062 (gm. wiejska, 1995–2020) → 060611002063 (gm. miejsko-wiejska, 2021–2025)"
PL,PL-0602063,Goraj,gmina_rural,2002,4536,de_facto_31dec,GUS_BDL:60641,"ID BDL: 060611002062 (gm. wiejska, 1995–2020) → 060611002063 (gm. miejsko-wiejska, 2021–2025)"
PL,PL-0602063,Goraj,gmina_rural,2011,4323,de_facto_31dec,GUS_BDL:60641,"ряд пересчитан по NSP 2011 (с 2010); ID BDL: 060611002062 (gm. wiejska, 1995–2020) → 060611002063 (gm. miejsko-wiejska, 2021–2025)"
PL,PL-0602063,Goraj,gmina_urban_rural,2021,3917,de_facto_31dec,GUS_BDL:60641,"ряд пересчитан по NSP 2021 (с 2020); ID BDL: 060611002062 (gm. wiejska, 1995–2020) → 060611002063 (gm. miejsko-wiejska, 2021–2025)"
PL,PL-0602063,Goraj,gmina_urban_rural,2025,3776,de_facto_31dec,GUS_BDL:60641,"ряд пересчитан по NSP 2021 (с 2020); ID BDL: 060611002062 (gm. wiejska, 1995–2020) → 060611002063 (gm. miejsko-wiejska, 2021–2025)"
PL,PL-0602073,Józefów,gmina_urban_rural,1988,7412,census_resident,GUS_BDL:196130,"NSP 1988 (6.XII.1988), ludność faktycznie zamieszkała; в API помечено годом 1998, гмины в делении ~1998"
PL,PL-0602073,Józefów,gmina_urban_rural,1995,7449,de_facto_31dec,GUS_BDL:60641,ряд до ступеньки 1998→1999 (см. SOURCES.md)
PL,PL-0602073,Józefów,gmina_urban_rural,2002,7437,de_facto_31dec,GUS_BDL:60641,
PL,PL-0602073,Józefów,gmina_urban_rural,2011,7071,de_facto_31dec,GUS_BDL:60641,ряд пересчитан по NSP 2011 (с 2010)
PL,PL-0602073,Józefów,gmina_urban_rural,2021,6490,de_facto_31dec,GUS_BDL:60641,ряд пересчитан по NSP 2021 (с 2020)
PL,PL-0602073,Józefów,gmina_urban_rural,2025,6179,de_facto_31dec,GUS_BDL:60641,ряд пересчитан по NSP 2021 (с 2020)
PL,PL-0602082,Księżpol,gmina_rural,1988,6504,census_resident,GUS_BDL:196130,"NSP 1988 (6.XII.1988), ludność faktycznie zamieszkała; в API помечено годом 1998, гмины в делении ~1998"
PL,PL-0602082,Księżpol,gmina_rural,1995,6746,de_facto_31dec,GUS_BDL:60641,ряд до ступеньки 1998→1999 (см. SOURCES.md)
PL,PL-0602082,Księżpol,gmina_rural,2002,6760,de_facto_31dec,GUS_BDL:60641,
PL,PL-0602082,Księżpol,gmina_rural,2011,6851,de_facto_31dec,GUS_BDL:60641,ряд пересчитан по NSP 2011 (с 2010)
PL,PL-0602082,Księżpol,gmina_rural,2021,6731,de_facto_31dec,GUS_BDL:60641,ряд пересчитан по NSP 2021 (с 2020)
PL,PL-0602082,Księżpol,gmina_rural,2025,6577,de_facto_31dec,GUS_BDL:60641,ряд пересчитан по NSP 2021 (с 2020)
PL,PL-0602092,Łukowa,gmina_rural,1988,4389,census_resident,GUS_BDL:196130,"NSP 1988 (6.XII.1988), ludność faktycznie zamieszkała; в API помечено годом 1998, гмины в делении ~1998"
PL,PL-0602092,Łukowa,gmina_rural,1995,4493,de_facto_31dec,GUS_BDL:60641,ряд до ступеньки 1998→1999 (см. SOURCES.md)
PL,PL-0602092,Łukowa,gmina_rural,2002,4599,de_facto_31dec,GUS_BDL:60641,
PL,PL-0602092,Łukowa,gmina_rural,2011,4315,de_facto_31dec,GUS_BDL:60641,ряд пересчитан по NSP 2011 (с 2010)
PL,PL-0602092,Łukowa,gmina_rural,2021,4013,de_facto_31dec,GUS_BDL:60641,ряд пересчитан по NSP 2021 (с 2020)
PL,PL-0602092,Łukowa,gmina_rural,2025,3810,de_facto_31dec,GUS_BDL:60641,ряд пересчитан по NSP 2021 (с 2020)
PL,PL-0602102,Obsza,gmina_rural,1988,4459,census_resident,GUS_BDL:196130,"NSP 1988 (6.XII.1988), ludność faktycznie zamieszkała; в API помечено годом 1998, гмины в делении ~1998"
PL,PL-0602102,Obsza,gmina_rural,1995,4439,de_facto_31dec,GUS_BDL:60641,ряд до ступеньки 1998→1999 (см. SOURCES.md)
PL,PL-0602102,Obsza,gmina_rural,2002,4502,de_facto_31dec,GUS_BDL:60641,
PL,PL-0602102,Obsza,gmina_rural,2011,4346,de_facto_31dec,GUS_BDL:60641,ряд пересчитан по NSP 2011 (с 2010)
PL,PL-0602102,Obsza,gmina_rural,2021,4069,de_facto_31dec,GUS_BDL:60641,ряд пересчитан по NSP 2021 (с 2020)
PL,PL-0602102,Obsza,gmina_rural,2025,3957,de_facto_31dec,GUS_BDL:60641,ряд пересчитан по NSP 2021 (с 2020)
PL,PL-0602112,Potok Górny,gmina_rural,1988,5987,census_resident,GUS_BDL:196130,"NSP 1988 (6.XII.1988), ludność faktycznie zamieszkała; в API помечено годом 1998, гмины в делении ~1998"
PL,PL-0602112,Potok Górny,gmina_rural,1995,6054,de_facto_31dec,GUS_BDL:60641,ряд до ступеньки 1998→1999 (см. SOURCES.md)
PL,PL-0602112,Potok Górny,gmina_rural,2002,5808,de_facto_31dec,GUS_BDL:60641,
PL,PL-0602112,Potok Górny,gmina_rural,2011,5557,de_facto_31dec,GUS_BDL:60641,ряд пересчитан по NSP 2011 (с 2010)
PL,PL-0602112,Potok Górny,gmina_rural,2021,5130,de_facto_31dec,GUS_BDL:60641,ряд пересчитан по NSP 2021 (с 2020)
PL,PL-0602112,Potok Górny,gmina_rural,2025,4840,de_facto_31dec,GUS_BDL:60641,ряд пересчитан по NSP 2021 (с 2020)
PL,PL-0602123,Tarnogród,gmina_urban_rural,1988,7392,census_resident,GUS_BDL:196130,"NSP 1988 (6.XII.1988), ludność faktycznie zamieszkała; в API помечено годом 1998, гмины в делении ~1998"
PL,PL-0602123,Tarnogród,gmina_urban_rural,1995,7263,de_facto_31dec,GUS_BDL:60641,ряд до ступеньки 1998→1999 (см. SOURCES.md)
PL,PL-0602123,Tarnogród,gmina_urban_rural,2002,7016,de_facto_31dec,GUS_BDL:60641,
PL,PL-0602123,Tarnogród,gmina_urban_rural,2011,6895,de_facto_31dec,GUS_BDL:60641,ряд пересчитан по NSP 2011 (с 2010)
PL,PL-0602123,Tarnogród,gmina_urban_rural,2021,6316,de_facto_31dec,GUS_BDL:60641,ряд пересчитан по NSP 2021 (с 2020)
PL,PL-0602123,Tarnogród,gmina_urban_rural,2025,6054,de_facto_31dec,GUS_BDL:60641,ряд пересчитан по NSP 2021 (с 2020)
PL,PL-0602132,Tereszpol,gmina_rural,1988,4171,census_resident,GUS_BDL:196130,"NSP 1988 (6.XII.1988), ludność faktycznie zamieszkała; в API помечено годом 1998, гмины в делении ~1998"
PL,PL-0602132,Tereszpol,gmina_rural,1995,4222,de_facto_31dec,GUS_BDL:60641,ряд до ступеньки 1998→1999 (см. SOURCES.md)
PL,PL-0602132,Tereszpol,gmina_rural,2002,4088,de_facto_31dec,GUS_BDL:60641,
PL,PL-0602132,Tereszpol,gmina_rural,2011,3985,de_facto_31dec,GUS_BDL:60641,ряд пересчитан по NSP 2011 (с 2010)
PL,PL-0602132,Tereszpol,gmina_rural,2021,3850,de_facto_31dec,GUS_BDL:60641,ряд пересчитан по NSP 2021 (с 2020)
PL,PL-0602132,Tereszpol,gmina_rural,2025,3734,de_facto_31dec,GUS_BDL:60641,ряд пересчитан по NSP 2021 (с 2020)
PL,PL-0602143,Turobin,gmina_rural,1988,8484,census_resident,GUS_BDL:196130,"NSP 1988 (6.XII.1988), ludność faktycznie zamieszkała; в API помечено годом 1998, гмины в делении ~1998; ID BDL: 060611002142 (gm. wiejska, 1995–2023) → 060611002143 (gm. miejsko-wiejska, 2024–2025)"
PL,PL-0602143,Turobin,gmina_rural,1995,7741,de_facto_31dec,GUS_BDL:60641,"ряд до ступеньки 1998→1999 (см. SOURCES.md); ID BDL: 060611002142 (gm. wiejska, 1995–2023) → 060611002143 (gm. miejsko-wiejska, 2024–2025)"
PL,PL-0602143,Turobin,gmina_rural,2002,7290,de_facto_31dec,GUS_BDL:60641,"ID BDL: 060611002142 (gm. wiejska, 1995–2023) → 060611002143 (gm. miejsko-wiejska, 2024–2025)"
PL,PL-0602143,Turobin,gmina_rural,2011,6611,de_facto_31dec,GUS_BDL:60641,"ряд пересчитан по NSP 2011 (с 2010); ID BDL: 060611002142 (gm. wiejska, 1995–2023) → 060611002143 (gm. miejsko-wiejska, 2024–2025)"
PL,PL-0602143,Turobin,gmina_rural,2021,5680,de_facto_31dec,GUS_BDL:60641,"ряд пересчитан по NSP 2021 (с 2020); ID BDL: 060611002142 (gm. wiejska, 1995–2023) → 060611002143 (gm. miejsko-wiejska, 2024–2025)"
PL,PL-0602143,Turobin,gmina_urban_rural,2025,5311,de_facto_31dec,GUS_BDL:60641,"ряд пересчитан по NSP 2021 (с 2020); ID BDL: 060611002142 (gm. wiejska, 1995–2023) → 060611002143 (gm. miejsko-wiejska, 2024–2025)"
PL,PL-0603011,Rejowiec Fabryczny,gmina_urban,1988,4325,census_resident,GUS_BDL:196130,"NSP 1988 (6.XII.1988), ludność faktycznie zamieszkała; в API помечено годом 1998, гмины в делении ~1998"
PL,PL-0603011,Rejowiec Fabryczny,gmina_urban,1995,4651,de_facto_31dec,GUS_BDL:60641,ряд до ступеньки 1998→1999 (см. SOURCES.md)
PL,PL-0603011,Rejowiec Fabryczny,gmina_urban,2002,4609,de_facto_31dec,GUS_BDL:60641,
PL,PL-0603011,Rejowiec Fabryczny,gmina_urban,2011,4550,de_facto_31dec,GUS_BDL:60641,ряд пересчитан по NSP 2011 (с 2010)
PL,PL-0603011,Rejowiec Fabryczny,gmina_urban,2021,4051,de_facto_31dec,GUS_BDL:60641,ряд пересчитан по NSP 2021 (с 2020)
PL,PL-0603011,Rejowiec Fabryczny,gmina_urban,2025,3918,de_facto_31dec,GUS_BDL:60641,ряд пересчитан по NSP 2021 (с 2020)
PL,PL-0603022,Białopole,gmina_rural,1988,3696,census_resident,GUS_BDL:196130,"NSP 1988 (6.XII.1988), ludność faktycznie zamieszkała; в API помечено годом 1998, гмины в делении ~1998"
PL,PL-0603022,Białopole,gmina_rural,1995,3560,de_facto_31dec,GUS_BDL:60641,ряд до ступеньки 1998→1999 (см. SOURCES.md)
PL,PL-0603022,Białopole,gmina_rural,2002,3306,de_facto_31dec,GUS_BDL:60641,
PL,PL-0603022,Białopole,gmina_rural,2011,3194,de_facto_31dec,GUS_BDL:60641,ряд пересчитан по NSP 2011 (с 2010)
PL,PL-0603022,Białopole,gmina_rural,2021,2853,de_facto_31dec,GUS_BDL:60641,ряд пересчитан по NSP 2021 (с 2020)
PL,PL-0603022,Białopole,gmina_rural,2025,2762,de_facto_31dec,GUS_BDL:60641,ряд пересчитан по NSP 2021 (с 2020)
PL,PL-0603032,Chełm,gmina_rural,1988,11776,census_resident,GUS_BDL:196130,"NSP 1988 (6.XII.1988), ludność faktycznie zamieszkała; в API помечено годом 1998, гмины в делении ~1998; площадь 2022→2023: 22437→21968 га (-469), встречное изменение у соседней гмины Chełm"
PL,PL-0603032,Chełm,gmina_rural,1995,12208,de_facto_31dec,GUS_BDL:60641,"ряд до ступеньки 1998→1999 (см. SOURCES.md); площадь 2022→2023: 22437→21968 га (-469), встречное изменение у соседней гмины Chełm"
PL,PL-0603032,Chełm,gmina_rural,2002,12395,de_facto_31dec,GUS_BDL:60641,"площадь 2022→2023: 22437→21968 га (-469), встречное изменение у соседней гмины Chełm"
PL,PL-0603032,Chełm,gmina_rural,2011,13773,de_facto_31dec,GUS_BDL:60641,"ряд пересчитан по NSP 2011 (с 2010); площадь 2022→2023: 22437→21968 га (-469), встречное изменение у соседней гмины Chełm"
PL,PL-0603032,Chełm,gmina_rural,2021,15054,de_facto_31dec,GUS_BDL:60641,"ряд пересчитан по NSP 2021 (с 2020); площадь 2022→2023: 22437→21968 га (-469), встречное изменение у соседней гмины Chełm"
PL,PL-0603032,Chełm,gmina_rural,2025,15370,de_facto_31dec,GUS_BDL:60641,"ряд пересчитан по NSP 2021 (с 2020); площадь 2022→2023: 22437→21968 га (-469), встречное изменение у соседней гмины Chełm"
PL,PL-0603042,Dorohusk,gmina_rural,1988,8087,census_resident,GUS_BDL:196130,"NSP 1988 (6.XII.1988), ludność faktycznie zamieszkała; в API помечено годом 1998, гмины в делении ~1998"
PL,PL-0603042,Dorohusk,gmina_rural,1995,7562,de_facto_31dec,GUS_BDL:60641,ряд до ступеньки 1998→1999 (см. SOURCES.md)
PL,PL-0603042,Dorohusk,gmina_rural,2002,7177,de_facto_31dec,GUS_BDL:60641,
PL,PL-0603042,Dorohusk,gmina_rural,2011,6861,de_facto_31dec,GUS_BDL:60641,ряд пересчитан по NSP 2011 (с 2010)
PL,PL-0603042,Dorohusk,gmina_rural,2021,5990,de_facto_31dec,GUS_BDL:60641,ряд пересчитан по NSP 2021 (с 2020)
PL,PL-0603042,Dorohusk,gmina_rural,2025,5694,de_facto_31dec,GUS_BDL:60641,ряд пересчитан по NSP 2021 (с 2020)
PL,PL-0603052,Dubienka,gmina_rural,1988,3420,census_resident,GUS_BDL:196130,"NSP 1988 (6.XII.1988), ludność faktycznie zamieszkała; в API помечено годом 1998, гмины в делении ~1998"
PL,PL-0603052,Dubienka,gmina_rural,1995,3194,de_facto_31dec,GUS_BDL:60641,ряд до ступеньки 1998→1999 (см. SOURCES.md)
PL,PL-0603052,Dubienka,gmina_rural,2002,2786,de_facto_31dec,GUS_BDL:60641,
PL,PL-0603052,Dubienka,gmina_rural,2011,2497,de_facto_31dec,GUS_BDL:60641,ряд пересчитан по NSP 2011 (с 2010)
PL,PL-0603052,Dubienka,gmina_rural,2021,2120,de_facto_31dec,GUS_BDL:60641,ряд пересчитан по NSP 2021 (с 2020)
PL,PL-0603052,Dubienka,gmina_rural,2025,1985,de_facto_31dec,GUS_BDL:60641,ряд пересчитан по NSP 2021 (с 2020)
PL,PL-0603062,Kamień,gmina_rural,1988,4231,census_resident,GUS_BDL:196130,"NSP 1988 (6.XII.1988), ludność faktycznie zamieszkała; в API помечено годом 1998, гмины в делении ~1998"
PL,PL-0603062,Kamień,gmina_rural,1995,4137,de_facto_31dec,GUS_BDL:60641,ряд до ступеньки 1998→1999 (см. SOURCES.md)
PL,PL-0603062,Kamień,gmina_rural,2002,4019,de_facto_31dec,GUS_BDL:60641,
PL,PL-0603062,Kamień,gmina_rural,2011,4074,de_facto_31dec,GUS_BDL:60641,ряд пересчитан по NSP 2011 (с 2010)
PL,PL-0603062,Kamień,gmina_rural,2021,4092,de_facto_31dec,GUS_BDL:60641,ряд пересчитан по NSP 2021 (с 2020)
PL,PL-0603062,Kamień,gmina_rural,2025,3990,de_facto_31dec,GUS_BDL:60641,ряд пересчитан по NSP 2021 (с 2020)
PL,PL-0603072,Leśniowice,gmina_rural,1988,4873,census_resident,GUS_BDL:196130,"NSP 1988 (6.XII.1988), ludność faktycznie zamieszkała; в API помечено годом 1998, гмины в делении ~1998"
PL,PL-0603072,Leśniowice,gmina_rural,1995,4562,de_facto_31dec,GUS_BDL:60641,ряд до ступеньки 1998→1999 (см. SOURCES.md)
PL,PL-0603072,Leśniowice,gmina_rural,2002,4185,de_facto_31dec,GUS_BDL:60641,
PL,PL-0603072,Leśniowice,gmina_rural,2011,3861,de_facto_31dec,GUS_BDL:60641,ряд пересчитан по NSP 2011 (с 2010)
PL,PL-0603072,Leśniowice,gmina_rural,2021,3374,de_facto_31dec,GUS_BDL:60641,ряд пересчитан по NSP 2021 (с 2020)
PL,PL-0603072,Leśniowice,gmina_rural,2025,3204,de_facto_31dec,GUS_BDL:60641,ряд пересчитан по NSP 2021 (с 2020)
PL,PL-0603082,Rejowiec Fabryczny,gmina_rural,1988,5299,census_resident,GUS_BDL:196130,"NSP 1988 (6.XII.1988), ludność faktycznie zamieszkała; в API помечено годом 1998, гмины в делении ~1998"
PL,PL-0603082,Rejowiec Fabryczny,gmina_rural,1995,5083,de_facto_31dec,GUS_BDL:60641,ряд до ступеньки 1998→1999 (см. SOURCES.md)
PL,PL-0603082,Rejowiec Fabryczny,gmina_rural,2002,4738,de_facto_31dec,GUS_BDL:60641,
PL,PL-0603082,Rejowiec Fabryczny,gmina_rural,2011,4472,de_facto_31dec,GUS_BDL:60641,ряд пересчитан по NSP 2011 (с 2010)
PL,PL-0603082,Rejowiec Fabryczny,gmina_rural,2021,4077,de_facto_31dec,GUS_BDL:60641,ряд пересчитан по NSP 2021 (с 2020)
PL,PL-0603082,Rejowiec Fabryczny,gmina_rural,2025,3825,de_facto_31dec,GUS_BDL:60641,ряд пересчитан по NSP 2021 (с 2020)
PL,PL-0603092,Ruda-Huta,gmina_rural,1988,5271,census_resident,GUS_BDL:196130,"NSP 1988 (6.XII.1988), ludność faktycznie zamieszkała; в API помечено годом 1998, гмины в делении ~1998"
PL,PL-0603092,Ruda-Huta,gmina_rural,1995,5092,de_facto_31dec,GUS_BDL:60641,ряд до ступеньки 1998→1999 (см. SOURCES.md)
PL,PL-0603092,Ruda-Huta,gmina_rural,2002,4835,de_facto_31dec,GUS_BDL:60641,
PL,PL-0603092,Ruda-Huta,gmina_rural,2011,4787,de_facto_31dec,GUS_BDL:60641,ряд пересчитан по NSP 2011 (с 2010)
PL,PL-0603092,Ruda-Huta,gmina_rural,2021,4192,de_facto_31dec,GUS_BDL:60641,ряд пересчитан по NSP 2021 (с 2020)
PL,PL-0603092,Ruda-Huta,gmina_rural,2025,4032,de_facto_31dec,GUS_BDL:60641,ряд пересчитан по NSP 2021 (с 2020)
PL,PL-0603102,Sawin,gmina_rural,1988,6258,census_resident,GUS_BDL:196130,"NSP 1988 (6.XII.1988), ludność faktycznie zamieszkała; в API помечено годом 1998, гмины в делении ~1998"
PL,PL-0603102,Sawin,gmina_rural,1995,6248,de_facto_31dec,GUS_BDL:60641,ряд до ступеньки 1998→1999 (см. SOURCES.md)
PL,PL-0603102,Sawin,gmina_rural,2002,5852,de_facto_31dec,GUS_BDL:60641,
PL,PL-0603102,Sawin,gmina_rural,2011,5708,de_facto_31dec,GUS_BDL:60641,ряд пересчитан по NSP 2011 (с 2010)
PL,PL-0603102,Sawin,gmina_rural,2021,5327,de_facto_31dec,GUS_BDL:60641,ряд пересчитан по NSP 2021 (с 2020)
PL,PL-0603102,Sawin,gmina_rural,2025,5033,de_facto_31dec,GUS_BDL:60641,ряд пересчитан по NSP 2021 (с 2020)
PL,PL-0603113,Siedliszcze,gmina_rural,1988,8053,census_resident,GUS_BDL:196130,"NSP 1988 (6.XII.1988), ludność faktycznie zamieszkała; в API помечено годом 1998, гмины в делении ~1998; ID BDL: 060611003112 (gm. wiejska, 1995–2015) → 060611003113 (gm. miejsko-wiejska, 2016–2025)"
PL,PL-0603113,Siedliszcze,gmina_rural,1995,7516,de_facto_31dec,GUS_BDL:60641,"ряд до ступеньки 1998→1999 (см. SOURCES.md); ID BDL: 060611003112 (gm. wiejska, 1995–2015) → 060611003113 (gm. miejsko-wiejska, 2016–2025)"
PL,PL-0603113,Siedliszcze,gmina_rural,2002,7195,de_facto_31dec,GUS_BDL:60641,"ID BDL: 060611003112 (gm. wiejska, 1995–2015) → 060611003113 (gm. miejsko-wiejska, 2016–2025)"
PL,PL-0603113,Siedliszcze,gmina_rural,2011,7047,de_facto_31dec,GUS_BDL:60641,"ряд пересчитан по NSP 2011 (с 2010); ID BDL: 060611003112 (gm. wiejska, 1995–2015) → 060611003113 (gm. miejsko-wiejska, 2016–2025)"
PL,PL-0603113,Siedliszcze,gmina_urban_rural,2021,6541,de_facto_31dec,GUS_BDL:60641,"ряд пересчитан по NSP 2021 (с 2020); ID BDL: 060611003112 (gm. wiejska, 1995–2015) → 060611003113 (gm. miejsko-wiejska, 2016–2025)"
PL,PL-0603113,Siedliszcze,gmina_urban_rural,2025,6275,de_facto_31dec,GUS_BDL:60641,"ряд пересчитан по NSP 2021 (с 2020); ID BDL: 060611003112 (gm. wiejska, 1995–2015) → 060611003113 (gm. miejsko-wiejska, 2016–2025)"
PL,PL-0603122,Wierzbica,gmina_rural,1988,5817,census_resident,GUS_BDL:196130,"NSP 1988 (6.XII.1988), ludność faktycznie zamieszkała; в API помечено годом 1998, гмины в делении ~1998"
PL,PL-0603122,Wierzbica,gmina_rural,1995,5731,de_facto_31dec,GUS_BDL:60641,ряд до ступеньки 1998→1999 (см. SOURCES.md)
PL,PL-0603122,Wierzbica,gmina_rural,2002,5505,de_facto_31dec,GUS_BDL:60641,
PL,PL-0603122,Wierzbica,gmina_rural,2011,5428,de_facto_31dec,GUS_BDL:60641,ряд пересчитан по NSP 2011 (с 2010)
PL,PL-0603122,Wierzbica,gmina_rural,2021,4789,de_facto_31dec,GUS_BDL:60641,ряд пересчитан по NSP 2021 (с 2020)
PL,PL-0603122,Wierzbica,gmina_rural,2025,4557,de_facto_31dec,GUS_BDL:60641,ряд пересчитан по NSP 2021 (с 2020)
PL,PL-0603132,Wojsławice,gmina_rural,1988,5243,census_resident,GUS_BDL:196130,"NSP 1988 (6.XII.1988), ludność faktycznie zamieszkała; в API помечено годом 1998, гмины в делении ~1998"
PL,PL-0603132,Wojsławice,gmina_rural,1995,4859,de_facto_31dec,GUS_BDL:60641,ряд до ступеньки 1998→1999 (см. SOURCES.md)
PL,PL-0603132,Wojsławice,gmina_rural,2002,4474,de_facto_31dec,GUS_BDL:60641,
PL,PL-0603132,Wojsławice,gmina_rural,2011,4004,de_facto_31dec,GUS_BDL:60641,ряд пересчитан по NSP 2011 (с 2010)
PL,PL-0603132,Wojsławice,gmina_rural,2021,3502,de_facto_31dec,GUS_BDL:60641,ряд пересчитан по NSP 2021 (с 2020)
PL,PL-0603132,Wojsławice,gmina_rural,2025,3295,de_facto_31dec,GUS_BDL:60641,ряд пересчитан по NSP 2021 (с 2020)
PL,PL-0603142,Żmudź,gmina_rural,1988,3791,census_resident,GUS_BDL:196130,"NSP 1988 (6.XII.1988), ludność faktycznie zamieszkała; в API помечено годом 1998, гмины в делении ~1998"
PL,PL-0603142,Żmudź,gmina_rural,1995,3665,de_facto_31dec,GUS_BDL:60641,ряд до ступеньки 1998→1999 (см. SOURCES.md)
PL,PL-0603142,Żmudź,gmina_rural,2002,3487,de_facto_31dec,GUS_BDL:60641,
PL,PL-0603142,Żmudź,gmina_rural,2011,3281,de_facto_31dec,GUS_BDL:60641,ряд пересчитан по NSP 2011 (с 2010)
PL,PL-0603142,Żmudź,gmina_rural,2021,2837,de_facto_31dec,GUS_BDL:60641,ряд пересчитан по NSP 2021 (с 2020)
PL,PL-0603142,Żmudź,gmina_rural,2025,2709,de_facto_31dec,GUS_BDL:60641,ряд пересчитан по NSP 2021 (с 2020)
PL,PL-0603153,Rejowiec,gmina_rural,1988,7425,census_resident,GUS_BDL:196130,"NSP 1988 (6.XII.1988), ludność faktycznie zamieszkała; в API помечено годом 1998, гмины в делении ~1998; до 2005 в powiecie krasnostawskim (ID BDL 060611006082), с 2006 — w powiecie chełmskim; территория та же; ID BDL: 060611006082 (gm. wiejska, 1995–2005) → 060611003152 (gm. wiejska, 2006–2016) → 060611003153 (gm. miejsko-wiejska, 2017–2025)"
PL,PL-0603153,Rejowiec,gmina_rural,1995,7437,de_facto_31dec,GUS_BDL:60641,"ряд до ступеньки 1998→1999 (см. SOURCES.md); до 2005 в powiecie krasnostawskim (ID BDL 060611006082), с 2006 — w powiecie chełmskim; территория та же; ID BDL: 060611006082 (gm. wiejska, 1995–2005) → 060611003152 (gm. wiejska, 2006–2016) → 060611003153 (gm. miejsko-wiejska, 2017–2025)"
PL,PL-0603153,Rejowiec,gmina_rural,2002,6927,de_facto_31dec,GUS_BDL:60641,"до 2005 в powiecie krasnostawskim (ID BDL 060611006082), с 2006 — w powiecie chełmskim; территория та же; ID BDL: 060611006082 (gm. wiejska, 1995–2005) → 060611003152 (gm. wiejska, 2006–2016) → 060611003153 (gm. miejsko-wiejska, 2017–2025)"
PL,PL-0603153,Rejowiec,gmina_rural,2011,6660,de_facto_31dec,GUS_BDL:60641,"ряд пересчитан по NSP 2011 (с 2010); до 2005 в powiecie krasnostawskim (ID BDL 060611006082), с 2006 — w powiecie chełmskim; территория та же; ID BDL: 060611006082 (gm. wiejska, 1995–2005) → 060611003152 (gm. wiejska, 2006–2016) → 060611003153 (gm. miejsko-wiejska, 2017–2025)"
PL,PL-0603153,Rejowiec,gmina_urban_rural,2021,6058,de_facto_31dec,GUS_BDL:60641,"ряд пересчитан по NSP 2021 (с 2020); до 2005 в powiecie krasnostawskim (ID BDL 060611006082), с 2006 — w powiecie chełmskim; территория та же; ID BDL: 060611006082 (gm. wiejska, 1995–2005) → 060611003152 (gm. wiejska, 2006–2016) → 060611003153 (gm. miejsko-wiejska, 2017–2025)"
PL,PL-0603153,Rejowiec,gmina_urban_rural,2025,5914,de_facto_31dec,GUS_BDL:60641,"ряд пересчитан по NSP 2021 (с 2020); до 2005 в powiecie krasnostawskim (ID BDL 060611006082), с 2006 — w powiecie chełmskim; территория та же; ID BDL: 060611006082 (gm. wiejska, 1995–2005) → 060611003152 (gm. wiejska, 2006–2016) → 060611003153 (gm. miejsko-wiejska, 2017–2025)"
PL,PL-0604011,Hrubieszów,gmina_urban,1988,19196,census_resident,GUS_BDL:196130,"NSP 1988 (6.XII.1988), ludność faktycznie zamieszkała; в API помечено годом 1998, гмины в делении ~1998"
PL,PL-0604011,Hrubieszów,gmina_urban,1995,20052,de_facto_31dec,GUS_BDL:60641,ряд до ступеньки 1998→1999 (см. SOURCES.md)
PL,PL-0604011,Hrubieszów,gmina_urban,2002,18900,de_facto_31dec,GUS_BDL:60641,
PL,PL-0604011,Hrubieszów,gmina_urban,2011,18836,de_facto_31dec,GUS_BDL:60641,ряд пересчитан по NSP 2011 (с 2010)
PL,PL-0604011,Hrubieszów,gmina_urban,2021,16563,de_facto_31dec,GUS_BDL:60641,ряд пересчитан по NSP 2021 (с 2020)
PL,PL-0604011,Hrubieszów,gmina_urban,2025,15422,de_facto_31dec,GUS_BDL:60641,ряд пересчитан по NSP 2021 (с 2020)
PL,PL-0604022,Dołhobyczów,gmina_rural,1988,7377,census_resident,GUS_BDL:196130,"NSP 1988 (6.XII.1988), ludność faktycznie zamieszkała; в API помечено годом 1998, гмины в делении ~1998"
PL,PL-0604022,Dołhobyczów,gmina_rural,1995,7013,de_facto_31dec,GUS_BDL:60641,ряд до ступеньки 1998→1999 (см. SOURCES.md)
PL,PL-0604022,Dołhobyczów,gmina_rural,2002,6250,de_facto_31dec,GUS_BDL:60641,
PL,PL-0604022,Dołhobyczów,gmina_rural,2011,5965,de_facto_31dec,GUS_BDL:60641,ряд пересчитан по NSP 2011 (с 2010)
PL,PL-0604022,Dołhobyczów,gmina_rural,2021,4805,de_facto_31dec,GUS_BDL:60641,ряд пересчитан по NSP 2021 (с 2020)
PL,PL-0604022,Dołhobyczów,gmina_rural,2025,4465,de_facto_31dec,GUS_BDL:60641,ряд пересчитан по NSP 2021 (с 2020)
PL,PL-0604032,Horodło,gmina_rural,1988,6864,census_resident,GUS_BDL:196130,"NSP 1988 (6.XII.1988), ludność faktycznie zamieszkała; в API помечено годом 1998, гмины в делении ~1998"
PL,PL-0604032,Horodło,gmina_rural,1995,6397,de_facto_31dec,GUS_BDL:60641,ряд до ступеньки 1998→1999 (см. SOURCES.md)
PL,PL-0604032,Horodło,gmina_rural,2002,5891,de_facto_31dec,GUS_BDL:60641,
PL,PL-0604032,Horodło,gmina_rural,2011,5607,de_facto_31dec,GUS_BDL:60641,ряд пересчитан по NSP 2011 (с 2010)
PL,PL-0604032,Horodło,gmina_rural,2021,4914,de_facto_31dec,GUS_BDL:60641,ряд пересчитан по NSP 2021 (с 2020)
PL,PL-0604032,Horodło,gmina_rural,2025,4636,de_facto_31dec,GUS_BDL:60641,ряд пересчитан по NSP 2021 (с 2020)
PL,PL-0604042,Hrubieszów,gmina_rural,1988,12731,census_resident,GUS_BDL:196130,"NSP 1988 (6.XII.1988), ludność faktycznie zamieszkała; в API помечено годом 1998, гмины в делении ~1998"
PL,PL-0604042,Hrubieszów,gmina_rural,1995,12040,de_facto_31dec,GUS_BDL:60641,ряд до ступеньки 1998→1999 (см. SOURCES.md)
PL,PL-0604042,Hrubieszów,gmina_rural,2002,11072,de_facto_31dec,GUS_BDL:60641,
PL,PL-0604042,Hrubieszów,gmina_rural,2011,10569,de_facto_31dec,GUS_BDL:60641,ряд пересчитан по NSP 2011 (с 2010)
PL,PL-0604042,Hrubieszów,gmina_rural,2021,9370,de_facto_31dec,GUS_BDL:60641,ряд пересчитан по NSP 2021 (с 2020)
PL,PL-0604042,Hrubieszów,gmina_rural,2025,8982,de_facto_31dec,GUS_BDL:60641,ряд пересчитан по NSP 2021 (с 2020)
PL,PL-0604052,Mircze,gmina_rural,1988,8999,census_resident,GUS_BDL:196130,"NSP 1988 (6.XII.1988), ludność faktycznie zamieszkała; в API помечено годом 1998, гмины в делении ~1998"
PL,PL-0604052,Mircze,gmina_rural,1995,8768,de_facto_31dec,GUS_BDL:60641,ряд до ступеньки 1998→1999 (см. SOURCES.md)
PL,PL-0604052,Mircze,gmina_rural,2002,8079,de_facto_31dec,GUS_BDL:60641,
PL,PL-0604052,Mircze,gmina_rural,2011,7660,de_facto_31dec,GUS_BDL:60641,ряд пересчитан по NSP 2011 (с 2010)
PL,PL-0604052,Mircze,gmina_rural,2021,6372,de_facto_31dec,GUS_BDL:60641,ряд пересчитан по NSP 2021 (с 2020)
PL,PL-0604052,Mircze,gmina_rural,2025,5945,de_facto_31dec,GUS_BDL:60641,ряд пересчитан по NSP 2021 (с 2020)
PL,PL-0604062,Trzeszczany,gmina_rural,1988,5690,census_resident,GUS_BDL:196130,"NSP 1988 (6.XII.1988), ludność faktycznie zamieszkała; в API помечено годом 1998, гмины в делении ~1998"
PL,PL-0604062,Trzeszczany,gmina_rural,1995,5437,de_facto_31dec,GUS_BDL:60641,ряд до ступеньки 1998→1999 (см. SOURCES.md)
PL,PL-0604062,Trzeszczany,gmina_rural,2002,4841,de_facto_31dec,GUS_BDL:60641,
PL,PL-0604062,Trzeszczany,gmina_rural,2011,4618,de_facto_31dec,GUS_BDL:60641,ряд пересчитан по NSP 2011 (с 2010)
PL,PL-0604062,Trzeszczany,gmina_rural,2021,3825,de_facto_31dec,GUS_BDL:60641,ряд пересчитан по NSP 2021 (с 2020)
PL,PL-0604062,Trzeszczany,gmina_rural,2025,3610,de_facto_31dec,GUS_BDL:60641,ряд пересчитан по NSP 2021 (с 2020)
PL,PL-0604072,Uchanie,gmina_rural,1988,6058,census_resident,GUS_BDL:196130,"NSP 1988 (6.XII.1988), ludność faktycznie zamieszkała; в API помечено годом 1998, гмины в делении ~1998"
PL,PL-0604072,Uchanie,gmina_rural,1995,5825,de_facto_31dec,GUS_BDL:60641,ряд до ступеньки 1998→1999 (см. SOURCES.md)
PL,PL-0604072,Uchanie,gmina_rural,2002,5233,de_facto_31dec,GUS_BDL:60641,
PL,PL-0604072,Uchanie,gmina_rural,2011,4941,de_facto_31dec,GUS_BDL:60641,ряд пересчитан по NSP 2011 (с 2010)
PL,PL-0604072,Uchanie,gmina_rural,2021,4176,de_facto_31dec,GUS_BDL:60641,ряд пересчитан по NSP 2021 (с 2020)
PL,PL-0604072,Uchanie,gmina_rural,2025,3885,de_facto_31dec,GUS_BDL:60641,ряд пересчитан по NSP 2021 (с 2020)
PL,PL-0604082,Werbkowice,gmina_rural,1988,11541,census_resident,GUS_BDL:196130,"NSP 1988 (6.XII.1988), ludność faktycznie zamieszkała; в API помечено годом 1998, гмины в делении ~1998"
PL,PL-0604082,Werbkowice,gmina_rural,1995,11479,de_facto_31dec,GUS_BDL:60641,ряд до ступеньки 1998→1999 (см. SOURCES.md)
PL,PL-0604082,Werbkowice,gmina_rural,2002,10383,de_facto_31dec,GUS_BDL:60641,
PL,PL-0604082,Werbkowice,gmina_rural,2011,10009,de_facto_31dec,GUS_BDL:60641,ряд пересчитан по NSP 2011 (с 2010)
PL,PL-0604082,Werbkowice,gmina_rural,2021,8602,de_facto_31dec,GUS_BDL:60641,ряд пересчитан по NSP 2021 (с 2020)
PL,PL-0604082,Werbkowice,gmina_rural,2025,8106,de_facto_31dec,GUS_BDL:60641,ряд пересчитан по NSP 2021 (с 2020)
PL,PL-0605012,Batorz,gmina_rural,1988,3842,census_resident,GUS_BDL:196130,"NSP 1988 (6.XII.1988), ludność faktycznie zamieszkała; в API помечено годом 1998, гмины в делении ~1998"
PL,PL-0605012,Batorz,gmina_rural,1995,3836,de_facto_31dec,GUS_BDL:60641,ряд до ступеньки 1998→1999 (см. SOURCES.md)
PL,PL-0605012,Batorz,gmina_rural,2002,3569,de_facto_31dec,GUS_BDL:60641,
PL,PL-0605012,Batorz,gmina_rural,2011,3479,de_facto_31dec,GUS_BDL:60641,ряд пересчитан по NSP 2011 (с 2010)
PL,PL-0605012,Batorz,gmina_rural,2021,3111,de_facto_31dec,GUS_BDL:60641,ряд пересчитан по NSP 2021 (с 2020)
PL,PL-0605012,Batorz,gmina_rural,2025,3021,de_facto_31dec,GUS_BDL:60641,ряд пересчитан по NSP 2021 (с 2020)
PL,PL-0605022,Chrzanów,gmina_rural,1988,3544,census_resident,GUS_BDL:196130,"NSP 1988 (6.XII.1988), ludność faktycznie zamieszkała; в API помечено годом 1998, гмины в делении ~1998; площадь 2005→2006: 7003→7172 га (+169) — в 2006 г. площади 105 гмин изменились одновременно (вероятно, уточнение учёта площадей); встречного изменения у соседей нет"
PL,PL-0605022,Chrzanów,gmina_rural,1995,3532,de_facto_31dec,GUS_BDL:60641,"ряд до ступеньки 1998→1999 (см. SOURCES.md); площадь 2005→2006: 7003→7172 га (+169) — в 2006 г. площади 105 гмин изменились одновременно (вероятно, уточнение учёта площадей); встречного изменения у соседей нет"
PL,PL-0605022,Chrzanów,gmina_rural,2002,3283,de_facto_31dec,GUS_BDL:60641,"площадь 2005→2006: 7003→7172 га (+169) — в 2006 г. площади 105 гмин изменились одновременно (вероятно, уточнение учёта площадей); встречного изменения у соседей нет"
PL,PL-0605022,Chrzanów,gmina_rural,2011,3044,de_facto_31dec,GUS_BDL:60641,"ряд пересчитан по NSP 2011 (с 2010); площадь 2005→2006: 7003→7172 га (+169) — в 2006 г. площади 105 гмин изменились одновременно (вероятно, уточнение учёта площадей); встречного изменения у соседей нет"
PL,PL-0605022,Chrzanów,gmina_rural,2021,2722,de_facto_31dec,GUS_BDL:60641,"ряд пересчитан по NSP 2021 (с 2020); площадь 2005→2006: 7003→7172 га (+169) — в 2006 г. площади 105 гмин изменились одновременно (вероятно, уточнение учёта площадей); встречного изменения у соседей нет"
PL,PL-0605022,Chrzanów,gmina_rural,2025,2589,de_facto_31dec,GUS_BDL:60641,"ряд пересчитан по NSP 2021 (с 2020); площадь 2005→2006: 7003→7172 га (+169) — в 2006 г. площади 105 гмин изменились одновременно (вероятно, уточнение учёта площадей); встречного изменения у соседей нет"
PL,PL-0605032,Dzwola,gmina_rural,1988,7116,census_resident,GUS_BDL:196130,"NSP 1988 (6.XII.1988), ludność faktycznie zamieszkała; в API помечено годом 1998, гмины в делении ~1998"
PL,PL-0605032,Dzwola,gmina_rural,1995,7169,de_facto_31dec,GUS_BDL:60641,ряд до ступеньки 1998→1999 (см. SOURCES.md)
PL,PL-0605032,Dzwola,gmina_rural,2002,6756,de_facto_31dec,GUS_BDL:60641,
PL,PL-0605032,Dzwola,gmina_rural,2011,6565,de_facto_31dec,GUS_BDL:60641,ряд пересчитан по NSP 2011 (с 2010)
PL,PL-0605032,Dzwola,gmina_rural,2021,6013,de_facto_31dec,GUS_BDL:60641,ряд пересчитан по NSP 2021 (с 2020)
PL,PL-0605032,Dzwola,gmina_rural,2025,5762,de_facto_31dec,GUS_BDL:60641,ряд пересчитан по NSP 2021 (с 2020)
PL,PL-0605042,Godziszów,gmina_rural,1988,6967,census_resident,GUS_BDL:196130,"NSP 1988 (6.XII.1988), ludność faktycznie zamieszkała; в API помечено годом 1998, гмины в делении ~1998"
PL,PL-0605042,Godziszów,gmina_rural,1995,6932,de_facto_31dec,GUS_BDL:60641,ряд до ступеньки 1998→1999 (см. SOURCES.md)
PL,PL-0605042,Godziszów,gmina_rural,2002,6481,de_facto_31dec,GUS_BDL:60641,
PL,PL-0605042,Godziszów,gmina_rural,2011,6156,de_facto_31dec,GUS_BDL:60641,ряд пересчитан по NSP 2011 (с 2010)
PL,PL-0605042,Godziszów,gmina_rural,2021,5533,de_facto_31dec,GUS_BDL:60641,ряд пересчитан по NSP 2021 (с 2020)
PL,PL-0605042,Godziszów,gmina_rural,2025,5357,de_facto_31dec,GUS_BDL:60641,ряд пересчитан по NSP 2021 (с 2020)
PL,PL-0605053,Janów Lubelski,gmina_urban_rural,1988,15135,census_resident,GUS_BDL:196130,"NSP 1988 (6.XII.1988), ludność faktycznie zamieszkała; в API помечено годом 1998, гмины в делении ~1998"
PL,PL-0605053,Janów Lubelski,gmina_urban_rural,1995,16224,de_facto_31dec,GUS_BDL:60641,ряд до ступеньки 1998→1999 (см. SOURCES.md)
PL,PL-0605053,Janów Lubelski,gmina_urban_rural,2002,16010,de_facto_31dec,GUS_BDL:60641,
PL,PL-0605053,Janów Lubelski,gmina_urban_rural,2011,16336,de_facto_31dec,GUS_BDL:60641,ряд пересчитан по NSP 2011 (с 2010)
PL,PL-0605053,Janów Lubelski,gmina_urban_rural,2021,14942,de_facto_31dec,GUS_BDL:60641,ряд пересчитан по NSP 2021 (с 2020)
PL,PL-0605053,Janów Lubelski,gmina_urban_rural,2025,14199,de_facto_31dec,GUS_BDL:60641,ряд пересчитан по NSP 2021 (с 2020)
PL,PL-0605063,Modliborzyce,gmina_rural,1988,7810,census_resident,GUS_BDL:196130,"NSP 1988 (6.XII.1988), ludność faktycznie zamieszkała; в API помечено годом 1998, гмины в делении ~1998; ID BDL: 060611205062 (gm. wiejska, 1995–2013) → 060611205063 (gm. miejsko-wiejska, 2014–2025)"
PL,PL-0605063,Modliborzyce,gmina_rural,1995,7603,de_facto_31dec,GUS_BDL:60641,"ряд до ступеньки 1998→1999 (см. SOURCES.md); ID BDL: 060611205062 (gm. wiejska, 1995–2013) → 060611205063 (gm. miejsko-wiejska, 2014–2025)"
PL,PL-0605063,Modliborzyce,gmina_rural,2002,7378,de_facto_31dec,GUS_BDL:60641,"ID BDL: 060611205062 (gm. wiejska, 1995–2013) → 060611205063 (gm. miejsko-wiejska, 2014–2025)"
PL,PL-0605063,Modliborzyce,gmina_rural,2011,7244,de_facto_31dec,GUS_BDL:60641,"ряд пересчитан по NSP 2011 (с 2010); ID BDL: 060611205062 (gm. wiejska, 1995–2013) → 060611205063 (gm. miejsko-wiejska, 2014–2025)"
PL,PL-0605063,Modliborzyce,gmina_urban_rural,2021,6800,de_facto_31dec,GUS_BDL:60641,"ряд пересчитан по NSP 2021 (с 2020); ID BDL: 060611205062 (gm. wiejska, 1995–2013) → 060611205063 (gm. miejsko-wiejska, 2014–2025)"
PL,PL-0605063,Modliborzyce,gmina_urban_rural,2025,6552,de_facto_31dec,GUS_BDL:60641,"ряд пересчитан по NSP 2021 (с 2020); ID BDL: 060611205062 (gm. wiejska, 1995–2013) → 060611205063 (gm. miejsko-wiejska, 2014–2025)"
PL,PL-0605072,Potok Wielki,gmina_rural,1988,5469,census_resident,GUS_BDL:196130,"NSP 1988 (6.XII.1988), ludność faktycznie zamieszkała; в API помечено годом 1998, гмины в делении ~1998"
PL,PL-0605072,Potok Wielki,gmina_rural,1995,5329,de_facto_31dec,GUS_BDL:60641,ряд до ступеньки 1998→1999 (см. SOURCES.md)
PL,PL-0605072,Potok Wielki,gmina_rural,2002,5041,de_facto_31dec,GUS_BDL:60641,
PL,PL-0605072,Potok Wielki,gmina_rural,2011,4889,de_facto_31dec,GUS_BDL:60641,ряд пересчитан по NSP 2011 (с 2010)
PL,PL-0605072,Potok Wielki,gmina_rural,2021,4517,de_facto_31dec,GUS_BDL:60641,ряд пересчитан по NSP 2021 (с 2020)
PL,PL-0605072,Potok Wielki,gmina_rural,2025,4398,de_facto_31dec,GUS_BDL:60641,ряд пересчитан по NSP 2021 (с 2020)
PL,PL-0606011,Krasnystaw,gmina_urban,1988,19461,census_resident,GUS_BDL:196130,"NSP 1988 (6.XII.1988), ludność faktycznie zamieszkała; в API помечено годом 1998, гмины в делении ~1998"
PL,PL-0606011,Krasnystaw,gmina_urban,1995,20632,de_facto_31dec,GUS_BDL:60641,ряд до ступеньки 1998→1999 (см. SOURCES.md)
PL,PL-0606011,Krasnystaw,gmina_urban,2002,19704,de_facto_31dec,GUS_BDL:60641,
PL,PL-0606011,Krasnystaw,gmina_urban,2011,19690,de_facto_31dec,GUS_BDL:60641,ряд пересчитан по NSP 2011 (с 2010)
PL,PL-0606011,Krasnystaw,gmina_urban,2021,17702,de_facto_31dec,GUS_BDL:60641,ряд пересчитан по NSP 2021 (с 2020)
PL,PL-0606011,Krasnystaw,gmina_urban,2025,16850,de_facto_31dec,GUS_BDL:60641,ряд пересчитан по NSP 2021 (с 2020)
PL,PL-0606022,Fajsławice,gmina_rural,1988,5519,census_resident,GUS_BDL:196130,"NSP 1988 (6.XII.1988), ludność faktycznie zamieszkała; в API помечено годом 1998, гмины в делении ~1998"
PL,PL-0606022,Fajsławice,gmina_rural,1995,5391,de_facto_31dec,GUS_BDL:60641,ряд до ступеньки 1998→1999 (см. SOURCES.md)
PL,PL-0606022,Fajsławice,gmina_rural,2002,5146,de_facto_31dec,GUS_BDL:60641,
PL,PL-0606022,Fajsławice,gmina_rural,2011,4831,de_facto_31dec,GUS_BDL:60641,ряд пересчитан по NSP 2011 (с 2010)
PL,PL-0606022,Fajsławice,gmina_rural,2021,4512,de_facto_31dec,GUS_BDL:60641,ряд пересчитан по NSP 2021 (с 2020)
PL,PL-0606022,Fajsławice,gmina_rural,2025,4372,de_facto_31dec,GUS_BDL:60641,ряд пересчитан по NSP 2021 (с 2020)
PL,PL-0606032,Gorzków,gmina_rural,1988,5145,census_resident,GUS_BDL:196130,"NSP 1988 (6.XII.1988), ludność faktycznie zamieszkała; в API помечено годом 1998, гмины в делении ~1998"
PL,PL-0606032,Gorzków,gmina_rural,1995,4722,de_facto_31dec,GUS_BDL:60641,ряд до ступеньки 1998→1999 (см. SOURCES.md)
PL,PL-0606032,Gorzków,gmina_rural,2002,4260,de_facto_31dec,GUS_BDL:60641,
PL,PL-0606032,Gorzków,gmina_rural,2011,3763,de_facto_31dec,GUS_BDL:60641,ряд пересчитан по NSP 2011 (с 2010)
PL,PL-0606032,Gorzków,gmina_rural,2021,3293,de_facto_31dec,GUS_BDL:60641,ряд пересчитан по NSP 2021 (с 2020)
PL,PL-0606032,Gorzków,gmina_rural,2025,3126,de_facto_31dec,GUS_BDL:60641,ряд пересчитан по NSP 2021 (с 2020)
PL,PL-0606043,Izbica,gmina_rural,1988,10624,census_resident,GUS_BDL:196130,"NSP 1988 (6.XII.1988), ludność faktycznie zamieszkała; в API помечено годом 1998, гмины в делении ~1998; ID BDL: 060611006042 (gm. wiejska, 1995–2021) → 060611006043 (gm. miejsko-wiejska, 2022–2025)"
PL,PL-0606043,Izbica,gmina_rural,1995,10005,de_facto_31dec,GUS_BDL:60641,"ряд до ступеньки 1998→1999 (см. SOURCES.md); ID BDL: 060611006042 (gm. wiejska, 1995–2021) → 060611006043 (gm. miejsko-wiejska, 2022–2025)"
PL,PL-0606043,Izbica,gmina_rural,2002,9245,de_facto_31dec,GUS_BDL:60641,"ID BDL: 060611006042 (gm. wiejska, 1995–2021) → 060611006043 (gm. miejsko-wiejska, 2022–2025)"
PL,PL-0606043,Izbica,gmina_rural,2011,8629,de_facto_31dec,GUS_BDL:60641,"ряд пересчитан по NSP 2011 (с 2010); ID BDL: 060611006042 (gm. wiejska, 1995–2021) → 060611006043 (gm. miejsko-wiejska, 2022–2025)"
PL,PL-0606043,Izbica,gmina_rural,2021,7810,de_facto_31dec,GUS_BDL:60641,"ряд пересчитан по NSP 2021 (с 2020); ID BDL: 060611006042 (gm. wiejska, 1995–2021) → 060611006043 (gm. miejsko-wiejska, 2022–2025)"
PL,PL-0606043,Izbica,gmina_urban_rural,2025,7513,de_facto_31dec,GUS_BDL:60641,"ряд пересчитан по NSP 2021 (с 2020); ID BDL: 060611006042 (gm. wiejska, 1995–2021) → 060611006043 (gm. miejsko-wiejska, 2022–2025)"
PL,PL-0606052,Krasnystaw,gmina_rural,1988,9635,census_resident,GUS_BDL:196130,"NSP 1988 (6.XII.1988), ludność faktycznie zamieszkała; в API помечено годом 1998, гмины в делении ~1998"
PL,PL-0606052,Krasnystaw,gmina_rural,1995,9670,de_facto_31dec,GUS_BDL:60641,ряд до ступеньки 1998→1999 (см. SOURCES.md)
PL,PL-0606052,Krasnystaw,gmina_rural,2002,9247,de_facto_31dec,GUS_BDL:60641,
PL,PL-0606052,Krasnystaw,gmina_rural,2011,8952,de_facto_31dec,GUS_BDL:60641,ряд пересчитан по NSP 2011 (с 2010)
PL,PL-0606052,Krasnystaw,gmina_rural,2021,8245,de_facto_31dec,GUS_BDL:60641,ряд пересчитан по NSP 2021 (с 2020)
PL,PL-0606052,Krasnystaw,gmina_rural,2025,7962,de_facto_31dec,GUS_BDL:60641,ряд пересчитан по NSP 2021 (с 2020)
PL,PL-0606062,Kraśniczyn,gmina_rural,1988,5284,census_resident,GUS_BDL:196130,"NSP 1988 (6.XII.1988), ludność faktycznie zamieszkała; в API помечено годом 1998, гмины в делении ~1998"
PL,PL-0606062,Kraśniczyn,gmina_rural,1995,4932,de_facto_31dec,GUS_BDL:60641,ряд до ступеньки 1998→1999 (см. SOURCES.md)
PL,PL-0606062,Kraśniczyn,gmina_rural,2002,4493,de_facto_31dec,GUS_BDL:60641,
PL,PL-0606062,Kraśniczyn,gmina_rural,2011,4043,de_facto_31dec,GUS_BDL:60641,ряд пересчитан по NSP 2011 (с 2010)
PL,PL-0606062,Kraśniczyn,gmina_rural,2021,3470,de_facto_31dec,GUS_BDL:60641,ряд пересчитан по NSP 2021 (с 2020)
PL,PL-0606062,Kraśniczyn,gmina_rural,2025,3335,de_facto_31dec,GUS_BDL:60641,ряд пересчитан по NSP 2021 (с 2020)
PL,PL-0606072,Łopiennik Górny,gmina_rural,1988,5271,census_resident,GUS_BDL:196130,"NSP 1988 (6.XII.1988), ludność faktycznie zamieszkała; в API помечено годом 1998, гмины в делении ~1998"
PL,PL-0606072,Łopiennik Górny,gmina_rural,1995,4911,de_facto_31dec,GUS_BDL:60641,ряд до ступеньки 1998→1999 (см. SOURCES.md)
PL,PL-0606072,Łopiennik Górny,gmina_rural,2002,4520,de_facto_31dec,GUS_BDL:60641,
PL,PL-0606072,Łopiennik Górny,gmina_rural,2011,4176,de_facto_31dec,GUS_BDL:60641,ряд пересчитан по NSP 2011 (с 2010)
PL,PL-0606072,Łopiennik Górny,gmina_rural,2021,3618,de_facto_31dec,GUS_BDL:60641,ряд пересчитан по NSP 2021 (с 2020)
PL,PL-0606072,Łopiennik Górny,gmina_rural,2025,3483,de_facto_31dec,GUS_BDL:60641,ряд пересчитан по NSP 2021 (с 2020)
PL,PL-0606092,Rudnik,gmina_rural,1988,4304,census_resident,GUS_BDL:196130,"NSP 1988 (6.XII.1988), ludność faktycznie zamieszkała; в API помечено годом 1998, гмины в делении ~1998"
PL,PL-0606092,Rudnik,gmina_rural,1995,3982,de_facto_31dec,GUS_BDL:60641,ряд до ступеньки 1998→1999 (см. SOURCES.md)
PL,PL-0606092,Rudnik,gmina_rural,2002,3681,de_facto_31dec,GUS_BDL:60641,
PL,PL-0606092,Rudnik,gmina_rural,2011,3305,de_facto_31dec,GUS_BDL:60641,ряд пересчитан по NSP 2011 (с 2010)
PL,PL-0606092,Rudnik,gmina_rural,2021,2769,de_facto_31dec,GUS_BDL:60641,ряд пересчитан по NSP 2021 (с 2020)
PL,PL-0606092,Rudnik,gmina_rural,2025,2643,de_facto_31dec,GUS_BDL:60641,ряд пересчитан по NSP 2021 (с 2020)
PL,PL-0606102,Siennica Różana,gmina_rural,1988,5101,census_resident,GUS_BDL:196130,"NSP 1988 (6.XII.1988), ludność faktycznie zamieszkała; в API помечено годом 1998, гмины в делении ~1998"
PL,PL-0606102,Siennica Różana,gmina_rural,1995,4899,de_facto_31dec,GUS_BDL:60641,ряд до ступеньки 1998→1999 (см. SOURCES.md)
PL,PL-0606102,Siennica Różana,gmina_rural,2002,4468,de_facto_31dec,GUS_BDL:60641,
PL,PL-0606102,Siennica Różana,gmina_rural,2011,4241,de_facto_31dec,GUS_BDL:60641,ряд пересчитан по NSP 2011 (с 2010)
PL,PL-0606102,Siennica Różana,gmina_rural,2021,3888,de_facto_31dec,GUS_BDL:60641,ряд пересчитан по NSP 2021 (с 2020)
PL,PL-0606102,Siennica Różana,gmina_rural,2025,3680,de_facto_31dec,GUS_BDL:60641,ряд пересчитан по NSP 2021 (с 2020)
PL,PL-0606112,Żółkiewka,gmina_rural,1988,7222,census_resident,GUS_BDL:196130,"NSP 1988 (6.XII.1988), ludność faktycznie zamieszkała; в API помечено годом 1998, гмины в делении ~1998"
PL,PL-0606112,Żółkiewka,gmina_rural,1995,6729,de_facto_31dec,GUS_BDL:60641,ряд до ступеньки 1998→1999 (см. SOURCES.md)
PL,PL-0606112,Żółkiewka,gmina_rural,2002,6411,de_facto_31dec,GUS_BDL:60641,
PL,PL-0606112,Żółkiewka,gmina_rural,2011,5772,de_facto_31dec,GUS_BDL:60641,ряд пересчитан по NSP 2011 (с 2010)
PL,PL-0606112,Żółkiewka,gmina_rural,2021,4962,de_facto_31dec,GUS_BDL:60641,ряд пересчитан по NSP 2021 (с 2020)
PL,PL-0606112,Żółkiewka,gmina_rural,2025,4675,de_facto_31dec,GUS_BDL:60641,ряд пересчитан по NSP 2021 (с 2020)
PL,PL-0607011,Kraśnik,gmina_urban,1988,35837,census_resident,GUS_BDL:196130,"NSP 1988 (6.XII.1988), ludność faktycznie zamieszkała; в API помечено годом 1998, гмины в делении ~1998; площадь 2010→2011: 2552→2610 га (+58), встречное изменение у соседней гмины Kraśnik"
PL,PL-0607011,Kraśnik,gmina_urban,1995,37542,de_facto_31dec,GUS_BDL:60641,"ряд до ступеньки 1998→1999 (см. SOURCES.md); площадь 2010→2011: 2552→2610 га (+58), встречное изменение у соседней гмины Kraśnik"
PL,PL-0607011,Kraśnik,gmina_urban,2002,36463,de_facto_31dec,GUS_BDL:60641,"площадь 2010→2011: 2552→2610 га (+58), встречное изменение у соседней гмины Kraśnik"
PL,PL-0607011,Kraśnik,gmina_urban,2011,36226,de_facto_31dec,GUS_BDL:60641,"ряд пересчитан по NSP 2011 (с 2010); площадь 2010→2011: 2552→2610 га (+58), встречное изменение у соседней гмины Kraśnik"
PL,PL-0607011,Kraśnik,gmina_urban,2021,32189,de_facto_31dec,GUS_BDL:60641,"ряд пересчитан по NSP 2021 (с 2020); площадь 2010→2011: 2552→2610 га (+58), встречное изменение у соседней гмины Kraśnik"
PL,PL-0607011,Kraśnik,gmina_urban,2025,30525,de_facto_31dec,GUS_BDL:60641,"ряд пересчитан по NSP 2021 (с 2020); площадь 2010→2011: 2552→2610 га (+58), встречное изменение у соседней гмины Kraśnik"
PL,PL-0607023,Annopol,gmina_urban_rural,1988,9920,census_resident,GUS_BDL:196130,"NSP 1988 (6.XII.1988), ludność faktycznie zamieszkała; в API помечено годом 1998, гмины в делении ~1998; ID BDL: 060611207022 (gm. wiejska, 1995–1995) → 060611207023 (gm. miejsko-wiejska, 1996–2025)"
PL,PL-0607023,Annopol,gmina_rural,1995,9881,de_facto_31dec,GUS_BDL:60641,"ряд до ступеньки 1998→1999 (см. SOURCES.md); ID BDL: 060611207022 (gm. wiejska, 1995–1995) → 060611207023 (gm. miejsko-wiejska, 1996–2025)"
PL,PL-0607023,Annopol,gmina_urban_rural,2002,9557,de_facto_31dec,GUS_BDL:60641,"ID BDL: 060611207022 (gm. wiejska, 1995–1995) → 060611207023 (gm. miejsko-wiejska, 1996–2025)"
PL,PL-0607023,Annopol,gmina_urban_rural,2011,9137,de_facto_31dec,GUS_BDL:60641,"ряд пересчитан по NSP 2011 (с 2010); ID BDL: 060611207022 (gm. wiejska, 1995–1995) → 060611207023 (gm. miejsko-wiejska, 1996–2025)"
PL,PL-0607023,Annopol,gmina_urban_rural,2021,8118,de_facto_31dec,GUS_BDL:60641,"ряд пересчитан по NSP 2021 (с 2020); ID BDL: 060611207022 (gm. wiejska, 1995–1995) → 060611207023 (gm. miejsko-wiejska, 1996–2025)"
PL,PL-0607023,Annopol,gmina_urban_rural,2025,7829,de_facto_31dec,GUS_BDL:60641,"ряд пересчитан по NSP 2021 (с 2020); ID BDL: 060611207022 (gm. wiejska, 1995–1995) → 060611207023 (gm. miejsko-wiejska, 1996–2025)"
PL,PL-0607032,Dzierzkowice,gmina_rural,1988,5590,census_resident,GUS_BDL:196130,"NSP 1988 (6.XII.1988), ludność faktycznie zamieszkała; в API помечено годом 1998, гмины в делении ~1998"
PL,PL-0607032,Dzierzkowice,gmina_rural,1995,5396,de_facto_31dec,GUS_BDL:60641,ряд до ступеньки 1998→1999 (см. SOURCES.md)
PL,PL-0607032,Dzierzkowice,gmina_rural,2002,5390,de_facto_31dec,GUS_BDL:60641,
PL,PL-0607032,Dzierzkowice,gmina_rural,2011,5407,de_facto_31dec,GUS_BDL:60641,ряд пересчитан по NSP 2011 (с 2010)
PL,PL-0607032,Dzierzkowice,gmina_rural,2021,5243,de_facto_31dec,GUS_BDL:60641,ряд пересчитан по NSP 2021 (с 2020)
PL,PL-0607032,Dzierzkowice,gmina_rural,2025,5166,de_facto_31dec,GUS_BDL:60641,ряд пересчитан по NSP 2021 (с 2020)
PL,PL-0607042,Gościeradów,gmina_rural,1988,7830,census_resident,GUS_BDL:196130,"NSP 1988 (6.XII.1988), ludność faktycznie zamieszkała; в API помечено годом 1998, гмины в делении ~1998"
PL,PL-0607042,Gościeradów,gmina_rural,1995,7818,de_facto_31dec,GUS_BDL:60641,ряд до ступеньки 1998→1999 (см. SOURCES.md)
PL,PL-0607042,Gościeradów,gmina_rural,2002,7446,de_facto_31dec,GUS_BDL:60641,
PL,PL-0607042,Gościeradów,gmina_rural,2011,7422,de_facto_31dec,GUS_BDL:60641,ряд пересчитан по NSP 2011 (с 2010)
PL,PL-0607042,Gościeradów,gmina_rural,2021,6905,de_facto_31dec,GUS_BDL:60641,ряд пересчитан по NSP 2021 (с 2020)
PL,PL-0607042,Gościeradów,gmina_rural,2025,6616,de_facto_31dec,GUS_BDL:60641,ряд пересчитан по NSP 2021 (с 2020)
PL,PL-0607052,Kraśnik,gmina_rural,1988,6961,census_resident,GUS_BDL:196130,"NSP 1988 (6.XII.1988), ludność faktycznie zamieszkała; в API помечено годом 1998, гмины в делении ~1998"
PL,PL-0607052,Kraśnik,gmina_rural,1995,6982,de_facto_31dec,GUS_BDL:60641,ряд до ступеньки 1998→1999 (см. SOURCES.md)
PL,PL-0607052,Kraśnik,gmina_rural,2002,6966,de_facto_31dec,GUS_BDL:60641,
PL,PL-0607052,Kraśnik,gmina_rural,2011,7363,de_facto_31dec,GUS_BDL:60641,ряд пересчитан по NSP 2011 (с 2010)
PL,PL-0607052,Kraśnik,gmina_rural,2021,7069,de_facto_31dec,GUS_BDL:60641,ряд пересчитан по NSP 2021 (с 2020)
PL,PL-0607052,Kraśnik,gmina_rural,2025,6831,de_facto_31dec,GUS_BDL:60641,ряд пересчитан по NSP 2021 (с 2020)
PL,PL-0607062,Szastarka,gmina_rural,1988,6668,census_resident,GUS_BDL:196130,"NSP 1988 (6.XII.1988), ludność faktycznie zamieszkała; в API помечено годом 1998, гмины в делении ~1998"
PL,PL-0607062,Szastarka,gmina_rural,1995,6528,de_facto_31dec,GUS_BDL:60641,ряд до ступеньки 1998→1999 (см. SOURCES.md)
PL,PL-0607062,Szastarka,gmina_rural,2002,6318,de_facto_31dec,GUS_BDL:60641,
PL,PL-0607062,Szastarka,gmina_rural,2011,5994,de_facto_31dec,GUS_BDL:60641,ряд пересчитан по NSP 2011 (с 2010)
PL,PL-0607062,Szastarka,gmina_rural,2021,5530,de_facto_31dec,GUS_BDL:60641,ряд пересчитан по NSP 2021 (с 2020)
PL,PL-0607062,Szastarka,gmina_rural,2025,5303,de_facto_31dec,GUS_BDL:60641,ряд пересчитан по NSP 2021 (с 2020)
PL,PL-0607072,Trzydnik Duży,gmina_rural,1988,7747,census_resident,GUS_BDL:196130,"NSP 1988 (6.XII.1988), ludność faktycznie zamieszkała; в API помечено годом 1998, гмины в делении ~1998"
PL,PL-0607072,Trzydnik Duży,gmina_rural,1995,7380,de_facto_31dec,GUS_BDL:60641,ряд до ступеньки 1998→1999 (см. SOURCES.md)
PL,PL-0607072,Trzydnik Duży,gmina_rural,2002,7118,de_facto_31dec,GUS_BDL:60641,
PL,PL-0607072,Trzydnik Duży,gmina_rural,2011,6818,de_facto_31dec,GUS_BDL:60641,ряд пересчитан по NSP 2011 (с 2010)
PL,PL-0607072,Trzydnik Duży,gmina_rural,2021,6105,de_facto_31dec,GUS_BDL:60641,ряд пересчитан по NSP 2021 (с 2020)
PL,PL-0607072,Trzydnik Duży,gmina_rural,2025,5795,de_facto_31dec,GUS_BDL:60641,ряд пересчитан по NSP 2021 (с 2020)
PL,PL-0607083,Urzędów,gmina_rural,1988,9020,census_resident,GUS_BDL:196130,"NSP 1988 (6.XII.1988), ludność faktycznie zamieszkała; в API помечено годом 1998, гмины в делении ~1998; ID BDL: 060611207082 (gm. wiejska, 1995–2015) → 060611207083 (gm. miejsko-wiejska, 2016–2025)"
PL,PL-0607083,Urzędów,gmina_rural,1995,8964,de_facto_31dec,GUS_BDL:60641,"ряд до ступеньки 1998→1999 (см. SOURCES.md); ID BDL: 060611207082 (gm. wiejska, 1995–2015) → 060611207083 (gm. miejsko-wiejska, 2016–2025)"
PL,PL-0607083,Urzędów,gmina_rural,2002,8848,de_facto_31dec,GUS_BDL:60641,"ID BDL: 060611207082 (gm. wiejska, 1995–2015) → 060611207083 (gm. miejsko-wiejska, 2016–2025)"
PL,PL-0607083,Urzędów,gmina_rural,2011,8859,de_facto_31dec,GUS_BDL:60641,"ряд пересчитан по NSP 2011 (с 2010); ID BDL: 060611207082 (gm. wiejska, 1995–2015) → 060611207083 (gm. miejsko-wiejska, 2016–2025)"
PL,PL-0607083,Urzędów,gmina_urban_rural,2021,8271,de_facto_31dec,GUS_BDL:60641,"ряд пересчитан по NSP 2021 (с 2020); ID BDL: 060611207082 (gm. wiejska, 1995–2015) → 060611207083 (gm. miejsko-wiejska, 2016–2025)"
PL,PL-0607083,Urzędów,gmina_urban_rural,2025,8015,de_facto_31dec,GUS_BDL:60641,"ряд пересчитан по NSP 2021 (с 2020); ID BDL: 060611207082 (gm. wiejska, 1995–2015) → 060611207083 (gm. miejsko-wiejska, 2016–2025)"
PL,PL-0607092,Wilkołaz,gmina_rural,1988,5768,census_resident,GUS_BDL:196130,"NSP 1988 (6.XII.1988), ludność faktycznie zamieszkała; в API помечено годом 1998, гмины в делении ~1998"
PL,PL-0607092,Wilkołaz,gmina_rural,1995,5673,de_facto_31dec,GUS_BDL:60641,ряд до ступеньки 1998→1999 (см. SOURCES.md)
PL,PL-0607092,Wilkołaz,gmina_rural,2002,5600,de_facto_31dec,GUS_BDL:60641,
PL,PL-0607092,Wilkołaz,gmina_rural,2011,5505,de_facto_31dec,GUS_BDL:60641,ряд пересчитан по NSP 2011 (с 2010)
PL,PL-0607092,Wilkołaz,gmina_rural,2021,5373,de_facto_31dec,GUS_BDL:60641,ряд пересчитан по NSP 2021 (с 2020)
PL,PL-0607092,Wilkołaz,gmina_rural,2025,5244,de_facto_31dec,GUS_BDL:60641,ряд пересчитан по NSP 2021 (с 2020)
PL,PL-0607102,Zakrzówek,gmina_rural,1988,7779,census_resident,GUS_BDL:196130,"NSP 1988 (6.XII.1988), ludność faktycznie zamieszkała; в API помечено годом 1998, гмины в делении ~1998"
PL,PL-0607102,Zakrzówek,gmina_rural,1995,7689,de_facto_31dec,GUS_BDL:60641,ряд до ступеньки 1998→1999 (см. SOURCES.md)
PL,PL-0607102,Zakrzówek,gmina_rural,2002,7168,de_facto_31dec,GUS_BDL:60641,
PL,PL-0607102,Zakrzówek,gmina_rural,2011,6850,de_facto_31dec,GUS_BDL:60641,ряд пересчитан по NSP 2011 (с 2010)
PL,PL-0607102,Zakrzówek,gmina_rural,2021,6201,de_facto_31dec,GUS_BDL:60641,ряд пересчитан по NSP 2021 (с 2020)
PL,PL-0607102,Zakrzówek,gmina_rural,2025,5954,de_facto_31dec,GUS_BDL:60641,ряд пересчитан по NSP 2021 (с 2020)
PL,PL-0608011,Lubartów,gmina_urban,1988,21841,census_resident,GUS_BDL:196130,"NSP 1988 (6.XII.1988), ludność faktycznie zamieszkała; в API помечено годом 1998, гмины в делении ~1998"
PL,PL-0608011,Lubartów,gmina_urban,1995,23503,de_facto_31dec,GUS_BDL:60641,ряд до ступеньки 1998→1999 (см. SOURCES.md)
PL,PL-0608011,Lubartów,gmina_urban,2002,23083,de_facto_31dec,GUS_BDL:60641,
PL,PL-0608011,Lubartów,gmina_urban,2011,22746,de_facto_31dec,GUS_BDL:60641,ряд пересчитан по NSP 2011 (с 2010)
PL,PL-0608011,Lubartów,gmina_urban,2021,20306,de_facto_31dec,GUS_BDL:60641,ряд пересчитан по NSP 2021 (с 2020)
PL,PL-0608011,Lubartów,gmina_urban,2025,19371,de_facto_31dec,GUS_BDL:60641,ряд пересчитан по NSP 2021 (с 2020)
PL,PL-0608022,Abramów,gmina_rural,1988,4582,census_resident,GUS_BDL:196130,"NSP 1988 (6.XII.1988), ludność faktycznie zamieszkała; в API помечено годом 1998, гмины в делении ~1998"
PL,PL-0608022,Abramów,gmina_rural,1995,4486,de_facto_31dec,GUS_BDL:60641,ряд до ступеньки 1998→1999 (см. SOURCES.md)
PL,PL-0608022,Abramów,gmina_rural,2002,4448,de_facto_31dec,GUS_BDL:60641,
PL,PL-0608022,Abramów,gmina_rural,2011,4225,de_facto_31dec,GUS_BDL:60641,ряд пересчитан по NSP 2011 (с 2010)
PL,PL-0608022,Abramów,gmina_rural,2021,3872,de_facto_31dec,GUS_BDL:60641,ряд пересчитан по NSP 2021 (с 2020)
PL,PL-0608022,Abramów,gmina_rural,2025,3764,de_facto_31dec,GUS_BDL:60641,ряд пересчитан по NSP 2021 (с 2020)
PL,PL-0608032,Firlej,gmina_rural,1988,6571,census_resident,GUS_BDL:196130,"NSP 1988 (6.XII.1988), ludność faktycznie zamieszkała; в API помечено годом 1998, гмины в делении ~1998"
PL,PL-0608032,Firlej,gmina_rural,1995,6510,de_facto_31dec,GUS_BDL:60641,ряд до ступеньки 1998→1999 (см. SOURCES.md)
PL,PL-0608032,Firlej,gmina_rural,2002,6288,de_facto_31dec,GUS_BDL:60641,
PL,PL-0608032,Firlej,gmina_rural,2011,6037,de_facto_31dec,GUS_BDL:60641,ряд пересчитан по NSP 2011 (с 2010)
PL,PL-0608032,Firlej,gmina_rural,2021,5717,de_facto_31dec,GUS_BDL:60641,ряд пересчитан по NSP 2021 (с 2020)
PL,PL-0608032,Firlej,gmina_rural,2025,5542,de_facto_31dec,GUS_BDL:60641,ряд пересчитан по NSP 2021 (с 2020)
PL,PL-0608042,Jeziorzany,gmina_rural,1988,3327,census_resident,GUS_BDL:196130,"NSP 1988 (6.XII.1988), ludność faktycznie zamieszkała; в API помечено годом 1998, гмины в делении ~1998"
PL,PL-0608042,Jeziorzany,gmina_rural,1995,3313,de_facto_31dec,GUS_BDL:60641,ряд до ступеньки 1998→1999 (см. SOURCES.md)
PL,PL-0608042,Jeziorzany,gmina_rural,2002,3052,de_facto_31dec,GUS_BDL:60641,
PL,PL-0608042,Jeziorzany,gmina_rural,2011,2982,de_facto_31dec,GUS_BDL:60641,ряд пересчитан по NSP 2011 (с 2010)
PL,PL-0608042,Jeziorzany,gmina_rural,2021,2520,de_facto_31dec,GUS_BDL:60641,ряд пересчитан по NSP 2021 (с 2020)
PL,PL-0608042,Jeziorzany,gmina_rural,2025,2406,de_facto_31dec,GUS_BDL:60641,ряд пересчитан по NSP 2021 (с 2020)
PL,PL-0608053,Kamionka,gmina_rural,1988,6822,census_resident,GUS_BDL:196130,"NSP 1988 (6.XII.1988), ludność faktycznie zamieszkała; в API помечено годом 1998, гмины в делении ~1998; ID BDL: 060611108052 (gm. wiejska, 1995–2020) → 060611108053 (gm. miejsko-wiejska, 2021–2025)"
PL,PL-0608053,Kamionka,gmina_rural,1995,6688,de_facto_31dec,GUS_BDL:60641,"ряд до ступеньки 1998→1999 (см. SOURCES.md); ID BDL: 060611108052 (gm. wiejska, 1995–2020) → 060611108053 (gm. miejsko-wiejska, 2021–2025)"
PL,PL-0608053,Kamionka,gmina_rural,2002,6554,de_facto_31dec,GUS_BDL:60641,"ID BDL: 060611108052 (gm. wiejska, 1995–2020) → 060611108053 (gm. miejsko-wiejska, 2021–2025)"
PL,PL-0608053,Kamionka,gmina_rural,2011,6450,de_facto_31dec,GUS_BDL:60641,"ряд пересчитан по NSP 2011 (с 2010); ID BDL: 060611108052 (gm. wiejska, 1995–2020) → 060611108053 (gm. miejsko-wiejska, 2021–2025)"
PL,PL-0608053,Kamionka,gmina_urban_rural,2021,6439,de_facto_31dec,GUS_BDL:60641,"ряд пересчитан по NSP 2021 (с 2020); ID BDL: 060611108052 (gm. wiejska, 1995–2020) → 060611108053 (gm. miejsko-wiejska, 2021–2025)"
PL,PL-0608053,Kamionka,gmina_urban_rural,2025,6539,de_facto_31dec,GUS_BDL:60641,"ряд пересчитан по NSP 2021 (с 2020); ID BDL: 060611108052 (gm. wiejska, 1995–2020) → 060611108053 (gm. miejsko-wiejska, 2021–2025)"
PL,PL-0608063,Kock,gmina_urban_rural,1988,7037,census_resident,GUS_BDL:196130,"NSP 1988 (6.XII.1988), ludność faktycznie zamieszkała; в API помечено годом 1998, гмины в делении ~1998"
PL,PL-0608063,Kock,gmina_urban_rural,1995,7104,de_facto_31dec,GUS_BDL:60641,ряд до ступеньки 1998→1999 (см. SOURCES.md)
PL,PL-0608063,Kock,gmina_urban_rural,2002,6921,de_facto_31dec,GUS_BDL:60641,
PL,PL-0608063,Kock,gmina_urban_rural,2011,6794,de_facto_31dec,GUS_BDL:60641,ряд пересчитан по NSP 2011 (с 2010)
PL,PL-0608063,Kock,gmina_urban_rural,2021,5848,de_facto_31dec,GUS_BDL:60641,ряд пересчитан по NSP 2021 (с 2020)
PL,PL-0608063,Kock,gmina_urban_rural,2025,5575,de_facto_31dec,GUS_BDL:60641,ряд пересчитан по NSP 2021 (с 2020)
PL,PL-0608072,Lubartów,gmina_rural,1988,9471,census_resident,GUS_BDL:196130,"NSP 1988 (6.XII.1988), ludność faktycznie zamieszkała; в API помечено годом 1998, гмины в делении ~1998"
PL,PL-0608072,Lubartów,gmina_rural,1995,9557,de_facto_31dec,GUS_BDL:60641,ряд до ступеньки 1998→1999 (см. SOURCES.md)
PL,PL-0608072,Lubartów,gmina_rural,2002,9846,de_facto_31dec,GUS_BDL:60641,
PL,PL-0608072,Lubartów,gmina_rural,2011,10958,de_facto_31dec,GUS_BDL:60641,ряд пересчитан по NSP 2011 (с 2010)
PL,PL-0608072,Lubartów,gmina_rural,2021,12051,de_facto_31dec,GUS_BDL:60641,ряд пересчитан по NSP 2021 (с 2020)
PL,PL-0608072,Lubartów,gmina_rural,2025,12124,de_facto_31dec,GUS_BDL:60641,ряд пересчитан по NSP 2021 (с 2020)
PL,PL-0608082,Michów,gmina_rural,1988,7194,census_resident,GUS_BDL:196130,"NSP 1988 (6.XII.1988), ludność faktycznie zamieszkała; в API помечено годом 1998, гмины в делении ~1998"
PL,PL-0608082,Michów,gmina_rural,1995,7059,de_facto_31dec,GUS_BDL:60641,ряд до ступеньки 1998→1999 (см. SOURCES.md)
PL,PL-0608082,Michów,gmina_rural,2002,6528,de_facto_31dec,GUS_BDL:60641,
PL,PL-0608082,Michów,gmina_rural,2011,6155,de_facto_31dec,GUS_BDL:60641,ряд пересчитан по NSP 2011 (с 2010)
PL,PL-0608082,Michów,gmina_rural,2021,5586,de_facto_31dec,GUS_BDL:60641,ряд пересчитан по NSP 2021 (с 2020)
PL,PL-0608082,Michów,gmina_rural,2025,5257,de_facto_31dec,GUS_BDL:60641,ряд пересчитан по NSP 2021 (с 2020)
PL,PL-0608092,Niedźwiada,gmina_rural,1988,6649,census_resident,GUS_BDL:196130,"NSP 1988 (6.XII.1988), ludność faktycznie zamieszkała; в API помечено годом 1998, гмины в делении ~1998"
PL,PL-0608092,Niedźwiada,gmina_rural,1995,6523,de_facto_31dec,GUS_BDL:60641,ряд до ступеньки 1998→1999 (см. SOURCES.md)
PL,PL-0608092,Niedźwiada,gmina_rural,2002,6404,de_facto_31dec,GUS_BDL:60641,
PL,PL-0608092,Niedźwiada,gmina_rural,2011,6327,de_facto_31dec,GUS_BDL:60641,ряд пересчитан по NSP 2011 (с 2010)
PL,PL-0608092,Niedźwiada,gmina_rural,2021,6203,de_facto_31dec,GUS_BDL:60641,ряд пересчитан по NSP 2021 (с 2020)
PL,PL-0608092,Niedźwiada,gmina_rural,2025,6135,de_facto_31dec,GUS_BDL:60641,ряд пересчитан по NSP 2021 (с 2020)
PL,PL-0608103,Ostrów Lubelski,gmina_urban_rural,1988,6148,census_resident,GUS_BDL:196130,"NSP 1988 (6.XII.1988), ludność faktycznie zamieszkała; в API помечено годом 1998, гмины в делении ~1998"
PL,PL-0608103,Ostrów Lubelski,gmina_urban_rural,1995,5927,de_facto_31dec,GUS_BDL:60641,ряд до ступеньки 1998→1999 (см. SOURCES.md)
PL,PL-0608103,Ostrów Lubelski,gmina_urban_rural,2002,5614,de_facto_31dec,GUS_BDL:60641,
PL,PL-0608103,Ostrów Lubelski,gmina_urban_rural,2011,5481,de_facto_31dec,GUS_BDL:60641,ряд пересчитан по NSP 2011 (с 2010)
PL,PL-0608103,Ostrów Lubelski,gmina_urban_rural,2021,5062,de_facto_31dec,GUS_BDL:60641,ряд пересчитан по NSP 2021 (с 2020)
PL,PL-0608103,Ostrów Lubelski,gmina_urban_rural,2025,4821,de_facto_31dec,GUS_BDL:60641,ряд пересчитан по NSP 2021 (с 2020)
PL,PL-0608112,Ostrówek,gmina_rural,1988,4509,census_resident,GUS_BDL:196130,"NSP 1988 (6.XII.1988), ludność faktycznie zamieszkała; в API помечено годом 1998, гмины в делении ~1998"
PL,PL-0608112,Ostrówek,gmina_rural,1995,4209,de_facto_31dec,GUS_BDL:60641,ряд до ступеньки 1998→1999 (см. SOURCES.md)
PL,PL-0608112,Ostrówek,gmina_rural,2002,4256,de_facto_31dec,GUS_BDL:60641,
PL,PL-0608112,Ostrówek,gmina_rural,2011,4050,de_facto_31dec,GUS_BDL:60641,ряд пересчитан по NSP 2011 (с 2010)
PL,PL-0608112,Ostrówek,gmina_rural,2021,3738,de_facto_31dec,GUS_BDL:60641,ряд пересчитан по NSP 2021 (с 2020)
PL,PL-0608112,Ostrówek,gmina_rural,2025,3580,de_facto_31dec,GUS_BDL:60641,ряд пересчитан по NSP 2021 (с 2020)
PL,PL-0608122,Serniki,gmina_rural,1988,5080,census_resident,GUS_BDL:196130,"NSP 1988 (6.XII.1988), ludność faktycznie zamieszkała; в API помечено годом 1998, гмины в делении ~1998"
PL,PL-0608122,Serniki,gmina_rural,1995,4983,de_facto_31dec,GUS_BDL:60641,ряд до ступеньки 1998→1999 (см. SOURCES.md)
PL,PL-0608122,Serniki,gmina_rural,2002,4894,de_facto_31dec,GUS_BDL:60641,
PL,PL-0608122,Serniki,gmina_rural,2011,4896,de_facto_31dec,GUS_BDL:60641,ряд пересчитан по NSP 2011 (с 2010)
PL,PL-0608122,Serniki,gmina_rural,2021,4788,de_facto_31dec,GUS_BDL:60641,ряд пересчитан по NSP 2021 (с 2020)
PL,PL-0608122,Serniki,gmina_rural,2025,4713,de_facto_31dec,GUS_BDL:60641,ряд пересчитан по NSP 2021 (с 2020)
PL,PL-0608132,Uścimów,gmina_rural,1988,3670,census_resident,GUS_BDL:196130,"NSP 1988 (6.XII.1988), ludność faktycznie zamieszkała; в API помечено годом 1998, гмины в делении ~1998"
PL,PL-0608132,Uścimów,gmina_rural,1995,3690,de_facto_31dec,GUS_BDL:60641,ряд до ступеньки 1998→1999 (см. SOURCES.md)
PL,PL-0608132,Uścimów,gmina_rural,2002,3433,de_facto_31dec,GUS_BDL:60641,
PL,PL-0608132,Uścimów,gmina_rural,2011,3369,de_facto_31dec,GUS_BDL:60641,ряд пересчитан по NSP 2011 (с 2010)
PL,PL-0608132,Uścimów,gmina_rural,2021,3016,de_facto_31dec,GUS_BDL:60641,ряд пересчитан по NSP 2021 (с 2020)
PL,PL-0608132,Uścimów,gmina_rural,2025,2952,de_facto_31dec,GUS_BDL:60641,ряд пересчитан по NSP 2021 (с 2020)
PL,PL-0609013,Bełżyce,gmina_urban_rural,1988,13139,census_resident,GUS_BDL:196130,"NSP 1988 (6.XII.1988), ludność faktycznie zamieszkała; в API помечено годом 1998, гмины в делении ~1998"
PL,PL-0609013,Bełżyce,gmina_urban_rural,1995,13578,de_facto_31dec,GUS_BDL:60641,ряд до ступеньки 1998→1999 (см. SOURCES.md)
PL,PL-0609013,Bełżyce,gmina_urban_rural,2002,13899,de_facto_31dec,GUS_BDL:60641,
PL,PL-0609013,Bełżyce,gmina_urban_rural,2011,13588,de_facto_31dec,GUS_BDL:60641,ряд пересчитан по NSP 2011 (с 2010)
PL,PL-0609013,Bełżyce,gmina_urban_rural,2021,12828,de_facto_31dec,GUS_BDL:60641,ряд пересчитан по NSP 2021 (с 2020)
PL,PL-0609013,Bełżyce,gmina_urban_rural,2025,12437,de_facto_31dec,GUS_BDL:60641,ряд пересчитан по NSP 2021 (с 2020)
PL,PL-0609022,Borzechów,gmina_rural,1988,4174,census_resident,GUS_BDL:196130,"NSP 1988 (6.XII.1988), ludność faktycznie zamieszkała; в API помечено годом 1998, гмины в делении ~1998"
PL,PL-0609022,Borzechów,gmina_rural,1995,4113,de_facto_31dec,GUS_BDL:60641,ряд до ступеньки 1998→1999 (см. SOURCES.md)
PL,PL-0609022,Borzechów,gmina_rural,2002,3910,de_facto_31dec,GUS_BDL:60641,
PL,PL-0609022,Borzechów,gmina_rural,2011,3805,de_facto_31dec,GUS_BDL:60641,ряд пересчитан по NSP 2011 (с 2010)
PL,PL-0609022,Borzechów,gmina_rural,2021,3754,de_facto_31dec,GUS_BDL:60641,ряд пересчитан по NSP 2021 (с 2020)
PL,PL-0609022,Borzechów,gmina_rural,2025,3698,de_facto_31dec,GUS_BDL:60641,ряд пересчитан по NSP 2021 (с 2020)
PL,PL-0609033,Bychawa,gmina_urban_rural,1988,12676,census_resident,GUS_BDL:196130,"NSP 1988 (6.XII.1988), ludność faktycznie zamieszkała; в API помечено годом 1998, гмины в делении ~1998"
PL,PL-0609033,Bychawa,gmina_urban_rural,1995,12932,de_facto_31dec,GUS_BDL:60641,ряд до ступеньки 1998→1999 (см. SOURCES.md)
PL,PL-0609033,Bychawa,gmina_urban_rural,2002,12476,de_facto_31dec,GUS_BDL:60641,
PL,PL-0609033,Bychawa,gmina_urban_rural,2011,12257,de_facto_31dec,GUS_BDL:60641,ряд пересчитан по NSP 2011 (с 2010)
PL,PL-0609033,Bychawa,gmina_urban_rural,2021,11098,de_facto_31dec,GUS_BDL:60641,ряд пересчитан по NSP 2021 (с 2020)
PL,PL-0609033,Bychawa,gmina_urban_rural,2025,10607,de_facto_31dec,GUS_BDL:60641,ряд пересчитан по NSP 2021 (с 2020)
PL,PL-0609042,Garbów,gmina_rural,1988,8917,census_resident,GUS_BDL:196130,"NSP 1988 (6.XII.1988), ludność faktycznie zamieszkała; в API помечено годом 1998, гмины в делении ~1998"
PL,PL-0609042,Garbów,gmina_rural,1995,9173,de_facto_31dec,GUS_BDL:60641,ряд до ступеньки 1998→1999 (см. SOURCES.md)
PL,PL-0609042,Garbów,gmina_rural,2002,8978,de_facto_31dec,GUS_BDL:60641,
PL,PL-0609042,Garbów,gmina_rural,2011,8946,de_facto_31dec,GUS_BDL:60641,ряд пересчитан по NSP 2011 (с 2010)
PL,PL-0609042,Garbów,gmina_rural,2021,8973,de_facto_31dec,GUS_BDL:60641,ряд пересчитан по NSP 2021 (с 2020)
PL,PL-0609042,Garbów,gmina_rural,2025,8935,de_facto_31dec,GUS_BDL:60641,ряд пересчитан по NSP 2021 (с 2020)
PL,PL-0609052,Głusk,gmina_rural,1988,5854,census_resident,GUS_BDL:196130,"NSP 1988 (6.XII.1988), ludność faktycznie zamieszkała; в API помечено годом 1998, гмины в делении ~1998"
PL,PL-0609052,Głusk,gmina_rural,1995,5872,de_facto_31dec,GUS_BDL:60641,ряд до ступеньки 1998→1999 (см. SOURCES.md)
PL,PL-0609052,Głusk,gmina_rural,2002,6655,de_facto_31dec,GUS_BDL:60641,
PL,PL-0609052,Głusk,gmina_rural,2011,9112,de_facto_31dec,GUS_BDL:60641,ряд пересчитан по NSP 2011 (с 2010)
PL,PL-0609052,Głusk,gmina_rural,2021,14043,de_facto_31dec,GUS_BDL:60641,ряд пересчитан по NSP 2021 (с 2020)
PL,PL-0609052,Głusk,gmina_rural,2025,15733,de_facto_31dec,GUS_BDL:60641,ряд пересчитан по NSP 2021 (с 2020)
PL,PL-0609062,Jabłonna,gmina_rural,1988,7807,census_resident,GUS_BDL:196130,"NSP 1988 (6.XII.1988), ludność faktycznie zamieszkała; в API помечено годом 1998, гмины в делении ~1998"
PL,PL-0609062,Jabłonna,gmina_rural,1995,7704,de_facto_31dec,GUS_BDL:60641,ряд до ступеньки 1998→1999 (см. SOURCES.md)
PL,PL-0609062,Jabłonna,gmina_rural,2002,7520,de_facto_31dec,GUS_BDL:60641,
PL,PL-0609062,Jabłonna,gmina_rural,2011,7905,de_facto_31dec,GUS_BDL:60641,ряд пересчитан по NSP 2011 (с 2010)
PL,PL-0609062,Jabłonna,gmina_rural,2021,8205,de_facto_31dec,GUS_BDL:60641,ряд пересчитан по NSP 2021 (с 2020)
PL,PL-0609062,Jabłonna,gmina_rural,2025,8387,de_facto_31dec,GUS_BDL:60641,ряд пересчитан по NSP 2021 (с 2020)
PL,PL-0609072,Jastków,gmina_rural,1988,10071,census_resident,GUS_BDL:196130,"NSP 1988 (6.XII.1988), ludność faktycznie zamieszkała; в API помечено годом 1998, гмины в делении ~1998"
PL,PL-0609072,Jastków,gmina_rural,1995,10496,de_facto_31dec,GUS_BDL:60641,ряд до ступеньки 1998→1999 (см. SOURCES.md)
PL,PL-0609072,Jastków,gmina_rural,2002,11553,de_facto_31dec,GUS_BDL:60641,
PL,PL-0609072,Jastków,gmina_rural,2011,13255,de_facto_31dec,GUS_BDL:60641,ряд пересчитан по NSP 2011 (с 2010)
PL,PL-0609072,Jastków,gmina_rural,2021,15163,de_facto_31dec,GUS_BDL:60641,ряд пересчитан по NSP 2021 (с 2020)
PL,PL-0609072,Jastków,gmina_rural,2025,15750,de_facto_31dec,GUS_BDL:60641,ряд пересчитан по NSP 2021 (с 2020)
PL,PL-0609082,Konopnica,gmina_rural,1988,9529,census_resident,GUS_BDL:196130,"NSP 1988 (6.XII.1988), ludność faktycznie zamieszkała; в API помечено годом 1998, гмины в делении ~1998"
PL,PL-0609082,Konopnica,gmina_rural,1995,9906,de_facto_31dec,GUS_BDL:60641,ряд до ступеньки 1998→1999 (см. SOURCES.md)
PL,PL-0609082,Konopnica,gmina_rural,2002,10231,de_facto_31dec,GUS_BDL:60641,
PL,PL-0609082,Konopnica,gmina_rural,2011,12369,de_facto_31dec,GUS_BDL:60641,ряд пересчитан по NSP 2011 (с 2010)
PL,PL-0609082,Konopnica,gmina_rural,2021,15599,de_facto_31dec,GUS_BDL:60641,ряд пересчитан по NSP 2021 (с 2020)
PL,PL-0609082,Konopnica,gmina_rural,2025,16162,de_facto_31dec,GUS_BDL:60641,ряд пересчитан по NSP 2021 (с 2020)
PL,PL-0609092,Krzczonów,gmina_rural,1988,5893,census_resident,GUS_BDL:196130,"NSP 1988 (6.XII.1988), ludność faktycznie zamieszkała; в API помечено годом 1998, гмины в делении ~1998"
PL,PL-0609092,Krzczonów,gmina_rural,1995,5452,de_facto_31dec,GUS_BDL:60641,ряд до ступеньки 1998→1999 (см. SOURCES.md)
PL,PL-0609092,Krzczonów,gmina_rural,2002,5123,de_facto_31dec,GUS_BDL:60641,
PL,PL-0609092,Krzczonów,gmina_rural,2011,4729,de_facto_31dec,GUS_BDL:60641,ряд пересчитан по NSP 2011 (с 2010)
PL,PL-0609092,Krzczonów,gmina_rural,2021,4154,de_facto_31dec,GUS_BDL:60641,ряд пересчитан по NSP 2021 (с 2020)
PL,PL-0609092,Krzczonów,gmina_rural,2025,3998,de_facto_31dec,GUS_BDL:60641,ряд пересчитан по NSP 2021 (с 2020)
PL,PL-0609102,Niedrzwica Duża,gmina_rural,1988,10523,census_resident,GUS_BDL:196130,"NSP 1988 (6.XII.1988), ludność faktycznie zamieszkała; в API помечено годом 1998, гмины в делении ~1998"
PL,PL-0609102,Niedrzwica Duża,gmina_rural,1995,10574,de_facto_31dec,GUS_BDL:60641,ряд до ступеньки 1998→1999 (см. SOURCES.md)
PL,PL-0609102,Niedrzwica Duża,gmina_rural,2002,10831,de_facto_31dec,GUS_BDL:60641,
PL,PL-0609102,Niedrzwica Duża,gmina_rural,2011,11482,de_facto_31dec,GUS_BDL:60641,ряд пересчитан по NSP 2011 (с 2010)
PL,PL-0609102,Niedrzwica Duża,gmina_rural,2021,11893,de_facto_31dec,GUS_BDL:60641,ряд пересчитан по NSP 2021 (с 2020)
PL,PL-0609102,Niedrzwica Duża,gmina_rural,2025,12157,de_facto_31dec,GUS_BDL:60641,ряд пересчитан по NSP 2021 (с 2020)
PL,PL-0609112,Niemce,gmina_rural,1988,13977,census_resident,GUS_BDL:196130,"NSP 1988 (6.XII.1988), ludność faktycznie zamieszkała; в API помечено годом 1998, гмины в делении ~1998"
PL,PL-0609112,Niemce,gmina_rural,1995,14725,de_facto_31dec,GUS_BDL:60641,ряд до ступеньки 1998→1999 (см. SOURCES.md)
PL,PL-0609112,Niemce,gmina_rural,2002,15558,de_facto_31dec,GUS_BDL:60641,
PL,PL-0609112,Niemce,gmina_rural,2011,17881,de_facto_31dec,GUS_BDL:60641,ряд пересчитан по NSP 2011 (с 2010)
PL,PL-0609112,Niemce,gmina_rural,2021,21383,de_facto_31dec,GUS_BDL:60641,ряд пересчитан по NSP 2021 (с 2020)
PL,PL-0609112,Niemce,gmina_rural,2025,22636,de_facto_31dec,GUS_BDL:60641,ряд пересчитан по NSP 2021 (с 2020)
PL,PL-0609122,Strzyżewice,gmina_rural,1988,8011,census_resident,GUS_BDL:196130,"NSP 1988 (6.XII.1988), ludność faktycznie zamieszkała; в API помечено годом 1998, гмины в делении ~1998"
PL,PL-0609122,Strzyżewice,gmina_rural,1995,7680,de_facto_31dec,GUS_BDL:60641,ряд до ступеньки 1998→1999 (см. SOURCES.md)
PL,PL-0609122,Strzyżewice,gmina_rural,2002,7441,de_facto_31dec,GUS_BDL:60641,
PL,PL-0609122,Strzyżewice,gmina_rural,2011,7753,de_facto_31dec,GUS_BDL:60641,ряд пересчитан по NSP 2011 (с 2010)
PL,PL-0609122,Strzyżewice,gmina_rural,2021,8105,de_facto_31dec,GUS_BDL:60641,ряд пересчитан по NSP 2021 (с 2020)
PL,PL-0609122,Strzyżewice,gmina_rural,2025,8172,de_facto_31dec,GUS_BDL:60641,ряд пересчитан по NSP 2021 (с 2020)
PL,PL-0609132,Wojciechów,gmina_rural,1988,6271,census_resident,GUS_BDL:196130,"NSP 1988 (6.XII.1988), ludność faktycznie zamieszkała; в API помечено годом 1998, гмины в делении ~1998"
PL,PL-0609132,Wojciechów,gmina_rural,1995,6035,de_facto_31dec,GUS_BDL:60641,ряд до ступеньки 1998→1999 (см. SOURCES.md)
PL,PL-0609132,Wojciechów,gmina_rural,2002,5842,de_facto_31dec,GUS_BDL:60641,
PL,PL-0609132,Wojciechów,gmina_rural,2011,5942,de_facto_31dec,GUS_BDL:60641,ряд пересчитан по NSP 2011 (с 2010)
PL,PL-0609132,Wojciechów,gmina_rural,2021,6016,de_facto_31dec,GUS_BDL:60641,ряд пересчитан по NSP 2021 (с 2020)
PL,PL-0609132,Wojciechów,gmina_rural,2025,5977,de_facto_31dec,GUS_BDL:60641,ряд пересчитан по NSP 2021 (с 2020)
PL,PL-0609142,Wólka,gmina_rural,1988,6642,census_resident,GUS_BDL:196130,"NSP 1988 (6.XII.1988), ludność faktycznie zamieszkała; в API помечено годом 1998, гмины в делении ~1998"
PL,PL-0609142,Wólka,gmina_rural,1995,6565,de_facto_31dec,GUS_BDL:60641,ряд до ступеньки 1998→1999 (см. SOURCES.md)
PL,PL-0609142,Wólka,gmina_rural,2002,8015,de_facto_31dec,GUS_BDL:60641,
PL,PL-0609142,Wólka,gmina_rural,2011,10595,de_facto_31dec,GUS_BDL:60641,ряд пересчитан по NSP 2011 (с 2010)
PL,PL-0609142,Wólka,gmina_rural,2021,14009,de_facto_31dec,GUS_BDL:60641,ряд пересчитан по NSP 2021 (с 2020)
PL,PL-0609142,Wólka,gmina_rural,2025,14825,de_facto_31dec,GUS_BDL:60641,ряд пересчитан по NSP 2021 (с 2020)
PL,PL-0609152,Wysokie,gmina_rural,1988,6290,census_resident,GUS_BDL:196130,"NSP 1988 (6.XII.1988), ludność faktycznie zamieszkała; в API помечено годом 1998, гмины в делении ~1998"
PL,PL-0609152,Wysokie,gmina_rural,1995,5765,de_facto_31dec,GUS_BDL:60641,ряд до ступеньки 1998→1999 (см. SOURCES.md)
PL,PL-0609152,Wysokie,gmina_rural,2002,5318,de_facto_31dec,GUS_BDL:60641,
PL,PL-0609152,Wysokie,gmina_rural,2011,4793,de_facto_31dec,GUS_BDL:60641,ряд пересчитан по NSP 2011 (с 2010)
PL,PL-0609152,Wysokie,gmina_rural,2021,4191,de_facto_31dec,GUS_BDL:60641,ряд пересчитан по NSP 2021 (с 2020)
PL,PL-0609152,Wysokie,gmina_rural,2025,3934,de_facto_31dec,GUS_BDL:60641,ряд пересчитан по NSP 2021 (с 2020)
PL,PL-0609162,Zakrzew,gmina_rural,1988,4008,census_resident,GUS_BDL:196130,"NSP 1988 (6.XII.1988), ludność faktycznie zamieszkała; в API помечено годом 1998, гмины в делении ~1998"
PL,PL-0609162,Zakrzew,gmina_rural,1995,3662,de_facto_31dec,GUS_BDL:60641,ряд до ступеньки 1998→1999 (см. SOURCES.md)
PL,PL-0609162,Zakrzew,gmina_rural,2002,3372,de_facto_31dec,GUS_BDL:60641,
PL,PL-0609162,Zakrzew,gmina_rural,2011,3045,de_facto_31dec,GUS_BDL:60641,ряд пересчитан по NSP 2011 (с 2010)
PL,PL-0609162,Zakrzew,gmina_rural,2021,2715,de_facto_31dec,GUS_BDL:60641,ряд пересчитан по NSP 2021 (с 2020)
PL,PL-0609162,Zakrzew,gmina_rural,2025,2592,de_facto_31dec,GUS_BDL:60641,ряд пересчитан по NSP 2021 (с 2020)
PL,PL-0610012,Cyców,gmina_rural,1988,7279,census_resident,GUS_BDL:196130,"NSP 1988 (6.XII.1988), ludność faktycznie zamieszkała; в API помечено годом 1998, гмины в делении ~1998"
PL,PL-0610012,Cyców,gmina_rural,1995,7278,de_facto_31dec,GUS_BDL:60641,ряд до ступеньки 1998→1999 (см. SOURCES.md)
PL,PL-0610012,Cyców,gmina_rural,2002,7519,de_facto_31dec,GUS_BDL:60641,
PL,PL-0610012,Cyców,gmina_rural,2011,7815,de_facto_31dec,GUS_BDL:60641,ряд пересчитан по NSP 2011 (с 2010)
PL,PL-0610012,Cyców,gmina_rural,2021,7717,de_facto_31dec,GUS_BDL:60641,ряд пересчитан по NSP 2021 (с 2020)
PL,PL-0610012,Cyców,gmina_rural,2025,7640,de_facto_31dec,GUS_BDL:60641,ряд пересчитан по NSP 2021 (с 2020)
PL,PL-0610022,Ludwin,gmina_rural,1988,5122,census_resident,GUS_BDL:196130,"NSP 1988 (6.XII.1988), ludność faktycznie zamieszkała; в API помечено годом 1998, гмины в делении ~1998"
PL,PL-0610022,Ludwin,gmina_rural,1995,4938,de_facto_31dec,GUS_BDL:60641,ряд до ступеньки 1998→1999 (см. SOURCES.md)
PL,PL-0610022,Ludwin,gmina_rural,2002,4902,de_facto_31dec,GUS_BDL:60641,
PL,PL-0610022,Ludwin,gmina_rural,2011,5232,de_facto_31dec,GUS_BDL:60641,ряд пересчитан по NSP 2011 (с 2010)
PL,PL-0610022,Ludwin,gmina_rural,2021,5603,de_facto_31dec,GUS_BDL:60641,ряд пересчитан по NSP 2021 (с 2020)
PL,PL-0610022,Ludwin,gmina_rural,2025,5597,de_facto_31dec,GUS_BDL:60641,ряд пересчитан по NSP 2021 (с 2020)
PL,PL-0610033,Łęczna,gmina_urban_rural,1988,20690,census_resident,GUS_BDL:196130,"NSP 1988 (6.XII.1988), ludność faktycznie zamieszkała; в API помечено годом 1998, гмины в делении ~1998"
PL,PL-0610033,Łęczna,gmina_urban_rural,1995,25129,de_facto_31dec,GUS_BDL:60641,ряд до ступеньки 1998→1999 (см. SOURCES.md)
PL,PL-0610033,Łęczna,gmina_urban_rural,2002,25431,de_facto_31dec,GUS_BDL:60641,
PL,PL-0610033,Łęczna,gmina_urban_rural,2011,24442,de_facto_31dec,GUS_BDL:60641,ряд пересчитан по NSP 2011 (с 2010)
PL,PL-0610033,Łęczna,gmina_urban_rural,2021,22626,de_facto_31dec,GUS_BDL:60641,ряд пересчитан по NSP 2021 (с 2020)
PL,PL-0610033,Łęczna,gmina_urban_rural,2025,22073,de_facto_31dec,GUS_BDL:60641,ряд пересчитан по NSP 2021 (с 2020)
PL,PL-0610042,Milejów,gmina_rural,1988,9741,census_resident,GUS_BDL:196130,"NSP 1988 (6.XII.1988), ludność faktycznie zamieszkała; в API помечено годом 1998, гмины в делении ~1998"
PL,PL-0610042,Milejów,gmina_rural,1995,9310,de_facto_31dec,GUS_BDL:60641,ряд до ступеньки 1998→1999 (см. SOURCES.md)
PL,PL-0610042,Milejów,gmina_rural,2002,9296,de_facto_31dec,GUS_BDL:60641,
PL,PL-0610042,Milejów,gmina_rural,2011,9382,de_facto_31dec,GUS_BDL:60641,ряд пересчитан по NSP 2011 (с 2010)
PL,PL-0610042,Milejów,gmina_rural,2021,8713,de_facto_31dec,GUS_BDL:60641,ряд пересчитан по NSP 2021 (с 2020)
PL,PL-0610042,Milejów,gmina_rural,2025,8476,de_facto_31dec,GUS_BDL:60641,ряд пересчитан по NSP 2021 (с 2020)
PL,PL-0610052,Puchaczów,gmina_rural,1988,5205,census_resident,GUS_BDL:196130,"NSP 1988 (6.XII.1988), ludność faktycznie zamieszkała; в API помечено годом 1998, гмины в делении ~1998"
PL,PL-0610052,Puchaczów,gmina_rural,1995,4765,de_facto_31dec,GUS_BDL:60641,ряд до ступеньки 1998→1999 (см. SOURCES.md)
PL,PL-0610052,Puchaczów,gmina_rural,2002,4779,de_facto_31dec,GUS_BDL:60641,
PL,PL-0610052,Puchaczów,gmina_rural,2011,5253,de_facto_31dec,GUS_BDL:60641,ряд пересчитан по NSP 2011 (с 2010)
PL,PL-0610052,Puchaczów,gmina_rural,2021,5553,de_facto_31dec,GUS_BDL:60641,ряд пересчитан по NSP 2021 (с 2020)
PL,PL-0610052,Puchaczów,gmina_rural,2025,5569,de_facto_31dec,GUS_BDL:60641,ряд пересчитан по NSP 2021 (с 2020)
PL,PL-0610062,Spiczyn,gmina_rural,1988,5683,census_resident,GUS_BDL:196130,"NSP 1988 (6.XII.1988), ludność faktycznie zamieszkała; в API помечено годом 1998, гмины в делении ~1998"
PL,PL-0610062,Spiczyn,gmina_rural,1995,5607,de_facto_31dec,GUS_BDL:60641,ряд до ступеньки 1998→1999 (см. SOURCES.md)
PL,PL-0610062,Spiczyn,gmina_rural,2002,5269,de_facto_31dec,GUS_BDL:60641,
PL,PL-0610062,Spiczyn,gmina_rural,2011,5544,de_facto_31dec,GUS_BDL:60641,ряд пересчитан по NSP 2011 (с 2010)
PL,PL-0610062,Spiczyn,gmina_rural,2021,5950,de_facto_31dec,GUS_BDL:60641,ряд пересчитан по NSP 2021 (с 2020)
PL,PL-0610062,Spiczyn,gmina_rural,2025,5968,de_facto_31dec,GUS_BDL:60641,ряд пересчитан по NSP 2021 (с 2020)
PL,PL-0611011,Łuków,gmina_urban,1988,30125,census_resident,GUS_BDL:196130,"NSP 1988 (6.XII.1988), ludność faktycznie zamieszkała; в API помечено годом 1998, гмины в делении ~1998"
PL,PL-0611011,Łuków,gmina_urban,1995,31876,de_facto_31dec,GUS_BDL:60641,ряд до ступеньки 1998→1999 (см. SOURCES.md); в 1995 в составе гм. miejsko-wiejskiej Stoczek Łukowski (PL-0611083)
PL,PL-0611011,Łuków,gmina_urban,2002,30751,de_facto_31dec,GUS_BDL:60641,
PL,PL-0611011,Łuków,gmina_urban,2011,30971,de_facto_31dec,GUS_BDL:60641,ряд пересчитан по NSP 2011 (с 2010)
PL,PL-0611011,Łuków,gmina_urban,2021,27719,de_facto_31dec,GUS_BDL:60641,ряд пересчитан по NSP 2021 (с 2020)
PL,PL-0611011,Łuków,gmina_urban,2025,26637,de_facto_31dec,GUS_BDL:60641,ряд пересчитан по NSP 2021 (с 2020)
PL,PL-0611021,Stoczek Łukowski,gmina_urban,1988,2659,census_resident,GUS_BDL:196130,"NSP 1988 (6.XII.1988), ludność faktycznie zamieszkała; в API помечено годом 1998, гмины в делении ~1998"
PL,PL-0611021,Stoczek Łukowski,gmina_urban,1995,,de_facto_31dec,GUS_BDL:60641,ряд до ступеньки 1998→1999 (см. SOURCES.md); нет значения в BDL за этот год
PL,PL-0611021,Stoczek Łukowski,gmina_urban,2002,2739,de_facto_31dec,GUS_BDL:60641,
PL,PL-0611021,Stoczek Łukowski,gmina_urban,2011,2746,de_facto_31dec,GUS_BDL:60641,ряд пересчитан по NSP 2011 (с 2010)
PL,PL-0611021,Stoczek Łukowski,gmina_urban,2021,2401,de_facto_31dec,GUS_BDL:60641,ряд пересчитан по NSP 2021 (с 2020)
PL,PL-0611021,Stoczek Łukowski,gmina_urban,2025,2278,de_facto_31dec,GUS_BDL:60641,ряд пересчитан по NSP 2021 (с 2020)
PL,PL-0611032,Adamów,gmina_rural,1988,6018,census_resident,GUS_BDL:196130,"NSP 1988 (6.XII.1988), ludność faktycznie zamieszkała; в API помечено годом 1998, гмины в делении ~1998"
PL,PL-0611032,Adamów,gmina_rural,1995,6156,de_facto_31dec,GUS_BDL:60641,ряд до ступеньки 1998→1999 (см. SOURCES.md)
PL,PL-0611032,Adamów,gmina_rural,2002,5809,de_facto_31dec,GUS_BDL:60641,
PL,PL-0611032,Adamów,gmina_rural,2011,5869,de_facto_31dec,GUS_BDL:60641,ряд пересчитан по NSP 2011 (с 2010)
PL,PL-0611032,Adamów,gmina_rural,2021,5237,de_facto_31dec,GUS_BDL:60641,ряд пересчитан по NSP 2021 (с 2020)
PL,PL-0611032,Adamów,gmina_rural,2025,4999,de_facto_31dec,GUS_BDL:60641,ряд пересчитан по NSP 2021 (с 2020)
PL,PL-0611042,Krzywda,gmina_rural,1988,10099,census_resident,GUS_BDL:196130,"NSP 1988 (6.XII.1988), ludność faktycznie zamieszkała; в API помечено годом 1998, гмины в делении ~1998"
PL,PL-0611042,Krzywda,gmina_rural,1995,10562,de_facto_31dec,GUS_BDL:60641,ряд до ступеньки 1998→1999 (см. SOURCES.md)
PL,PL-0611042,Krzywda,gmina_rural,2002,10502,de_facto_31dec,GUS_BDL:60641,
PL,PL-0611042,Krzywda,gmina_rural,2011,10718,de_facto_31dec,GUS_BDL:60641,ряд пересчитан по NSP 2011 (с 2010)
PL,PL-0611042,Krzywda,gmina_rural,2021,9889,de_facto_31dec,GUS_BDL:60641,ряд пересчитан по NSP 2021 (с 2020)
PL,PL-0611042,Krzywda,gmina_rural,2025,9626,de_facto_31dec,GUS_BDL:60641,ряд пересчитан по NSP 2021 (с 2020)
PL,PL-0611052,Łuków,gmina_rural,1988,15044,census_resident,GUS_BDL:196130,"NSP 1988 (6.XII.1988), ludność faktycznie zamieszkała; в API помечено годом 1998, гмины в делении ~1998"
PL,PL-0611052,Łuków,gmina_rural,1995,15821,de_facto_31dec,GUS_BDL:60641,ряд до ступеньки 1998→1999 (см. SOURCES.md)
PL,PL-0611052,Łuków,gmina_rural,2002,16242,de_facto_31dec,GUS_BDL:60641,
PL,PL-0611052,Łuków,gmina_rural,2011,17453,de_facto_31dec,GUS_BDL:60641,ряд пересчитан по NSP 2011 (с 2010)
PL,PL-0611052,Łuków,gmina_rural,2021,18401,de_facto_31dec,GUS_BDL:60641,ряд пересчитан по NSP 2021 (с 2020)
PL,PL-0611052,Łuków,gmina_rural,2025,18529,de_facto_31dec,GUS_BDL:60641,ряд пересчитан по NSP 2021 (с 2020)
PL,PL-0611062,Serokomla,gmina_rural,1988,4379,census_resident,GUS_BDL:196130,"NSP 1988 (6.XII.1988), ludność faktycznie zamieszkała; в API помечено годом 1998, гмины в делении ~1998"
PL,PL-0611062,Serokomla,gmina_rural,1995,4444,de_facto_31dec,GUS_BDL:60641,ряд до ступеньки 1998→1999 (см. SOURCES.md)
PL,PL-0611062,Serokomla,gmina_rural,2002,4285,de_facto_31dec,GUS_BDL:60641,
PL,PL-0611062,Serokomla,gmina_rural,2011,4241,de_facto_31dec,GUS_BDL:60641,ряд пересчитан по NSP 2011 (с 2010)
PL,PL-0611062,Serokomla,gmina_rural,2021,3722,de_facto_31dec,GUS_BDL:60641,ряд пересчитан по NSP 2021 (с 2020)
PL,PL-0611062,Serokomla,gmina_rural,2025,3618,de_facto_31dec,GUS_BDL:60641,ряд пересчитан по NSP 2021 (с 2020)
PL,PL-0611072,Stanin,gmina_rural,1988,9688,census_resident,GUS_BDL:196130,"NSP 1988 (6.XII.1988), ludność faktycznie zamieszkała; в API помечено годом 1998, гмины в делении ~1998"
PL,PL-0611072,Stanin,gmina_rural,1995,9940,de_facto_31dec,GUS_BDL:60641,ряд до ступеньки 1998→1999 (см. SOURCES.md)
PL,PL-0611072,Stanin,gmina_rural,2002,9950,de_facto_31dec,GUS_BDL:60641,
PL,PL-0611072,Stanin,gmina_rural,2011,9860,de_facto_31dec,GUS_BDL:60641,ряд пересчитан по NSP 2011 (с 2010)
PL,PL-0611072,Stanin,gmina_rural,2021,9296,de_facto_31dec,GUS_BDL:60641,ряд пересчитан по NSP 2021 (с 2020)
PL,PL-0611072,Stanin,gmina_rural,2025,8989,de_facto_31dec,GUS_BDL:60641,ряд пересчитан по NSP 2021 (с 2020)
PL,PL-0611082,Stoczek Łukowski,gmina_rural,1988,8992,census_resident,GUS_BDL:196130,"NSP 1988 (6.XII.1988), ludność faktycznie zamieszkała; в API помечено годом 1998, гмины в делении ~1998"
PL,PL-0611082,Stoczek Łukowski,gmina_rural,1995,,de_facto_31dec,GUS_BDL:60641,ряд до ступеньки 1998→1999 (см. SOURCES.md); в 1995 в составе гм. miejsko-wiejskiej Stoczek Łukowski (PL-0611083)
PL,PL-0611082,Stoczek Łukowski,gmina_rural,2002,8778,de_facto_31dec,GUS_BDL:60641,
PL,PL-0611082,Stoczek Łukowski,gmina_rural,2011,8305,de_facto_31dec,GUS_BDL:60641,ряд пересчитан по NSP 2011 (с 2010)
PL,PL-0611082,Stoczek Łukowski,gmina_rural,2021,7304,de_facto_31dec,GUS_BDL:60641,ряд пересчитан по NSP 2021 (с 2020)
PL,PL-0611082,Stoczek Łukowski,gmina_rural,2025,7057,de_facto_31dec,GUS_BDL:60641,ряд пересчитан по NSP 2021 (с 2020)
PL,PL-0611083,Stoczek Łukowski,gmina_urban_rural,1988,,census_resident,GUS_BDL:196130,"NSP 1988 (6.XII.1988), ludność faktycznie zamieszkała; в API помечено годом 1998, гмины в делении ~1998; гмина существовала до 31.12.1997; с 1998 разделена на PL-0611011 (miasto) и PL-0611082 (gm. wiejska); NSP 1988 дан в делении ~1998 — см. эти две гмины"
PL,PL-0611083,Stoczek Łukowski,gmina_urban_rural,1995,11781,de_facto_31dec,GUS_BDL:60641,ряд до ступеньки 1998→1999 (см. SOURCES.md); до 1998 гм. miejsko-wiejska = будущие PL-0611011 + PL-0611082
PL,PL-0611083,Stoczek Łukowski,gmina_urban_rural,2002,,de_facto_31dec,GUS_BDL:60641,гмина существовала до 31.12.1997; с 1998 разделена на PL-0611011 (miasto) и PL-0611082 (gm. wiejska)
PL,PL-0611083,Stoczek Łukowski,gmina_urban_rural,2011,,de_facto_31dec,GUS_BDL:60641,ряд пересчитан по NSP 2011 (с 2010); гмина существовала до 31.12.1997; с 1998 разделена на PL-0611011 (miasto) и PL-0611082 (gm. wiejska)
PL,PL-0611083,Stoczek Łukowski,gmina_urban_rural,2021,,de_facto_31dec,GUS_BDL:60641,ряд пересчитан по NSP 2021 (с 2020); гмина существовала до 31.12.1997; с 1998 разделена на PL-0611011 (miasto) и PL-0611082 (gm. wiejska)
PL,PL-0611083,Stoczek Łukowski,gmina_urban_rural,2025,,de_facto_31dec,GUS_BDL:60641,ряд пересчитан по NSP 2021 (с 2020); гмина существовала до 31.12.1997; с 1998 разделена на PL-0611011 (miasto) и PL-0611082 (gm. wiejska)
PL,PL-0611092,Trzebieszów,gmina_rural,1988,7518,census_resident,GUS_BDL:196130,"NSP 1988 (6.XII.1988), ludność faktycznie zamieszkała; в API помечено годом 1998, гмины в делении ~1998"
PL,PL-0611092,Trzebieszów,gmina_rural,1995,7767,de_facto_31dec,GUS_BDL:60641,ряд до ступеньки 1998→1999 (см. SOURCES.md)
PL,PL-0611092,Trzebieszów,gmina_rural,2002,7689,de_facto_31dec,GUS_BDL:60641,
PL,PL-0611092,Trzebieszów,gmina_rural,2011,7606,de_facto_31dec,GUS_BDL:60641,ряд пересчитан по NSP 2011 (с 2010)
PL,PL-0611092,Trzebieszów,gmina_rural,2021,7154,de_facto_31dec,GUS_BDL:60641,ряд пересчитан по NSP 2021 (с 2020)
PL,PL-0611092,Trzebieszów,gmina_rural,2025,7004,de_facto_31dec,GUS_BDL:60641,ряд пересчитан по NSP 2021 (с 2020)
PL,PL-0611102,Wojcieszków,gmina_rural,1988,7235,census_resident,GUS_BDL:196130,"NSP 1988 (6.XII.1988), ludność faktycznie zamieszkała; в API помечено годом 1998, гмины в делении ~1998"
PL,PL-0611102,Wojcieszków,gmina_rural,1995,7256,de_facto_31dec,GUS_BDL:60641,ряд до ступеньки 1998→1999 (см. SOURCES.md)
PL,PL-0611102,Wojcieszków,gmina_rural,2002,7170,de_facto_31dec,GUS_BDL:60641,
PL,PL-0611102,Wojcieszków,gmina_rural,2011,7099,de_facto_31dec,GUS_BDL:60641,ряд пересчитан по NSP 2011 (с 2010)
PL,PL-0611102,Wojcieszków,gmina_rural,2021,6564,de_facto_31dec,GUS_BDL:60641,ряд пересчитан по NSP 2021 (с 2020)
PL,PL-0611102,Wojcieszków,gmina_rural,2025,6402,de_facto_31dec,GUS_BDL:60641,ряд пересчитан по NSP 2021 (с 2020)
PL,PL-0611112,Wola Mysłowska,gmina_rural,1988,5666,census_resident,GUS_BDL:196130,"NSP 1988 (6.XII.1988), ludność faktycznie zamieszkała; в API помечено годом 1998, гмины в делении ~1998"
PL,PL-0611112,Wola Mysłowska,gmina_rural,1995,5533,de_facto_31dec,GUS_BDL:60641,ряд до ступеньки 1998→1999 (см. SOURCES.md)
PL,PL-0611112,Wola Mysłowska,gmina_rural,2002,5412,de_facto_31dec,GUS_BDL:60641,
PL,PL-0611112,Wola Mysłowska,gmina_rural,2011,5024,de_facto_31dec,GUS_BDL:60641,ряд пересчитан по NSP 2011 (с 2010)
PL,PL-0611112,Wola Mysłowska,gmina_rural,2021,4434,de_facto_31dec,GUS_BDL:60641,ряд пересчитан по NSP 2021 (с 2020)
PL,PL-0611112,Wola Mysłowska,gmina_rural,2025,4271,de_facto_31dec,GUS_BDL:60641,ряд пересчитан по NSP 2021 (с 2020)
PL,PL-0612012,Chodel,gmina_rural,1988,7161,census_resident,GUS_BDL:196130,"NSP 1988 (6.XII.1988), ludność faktycznie zamieszkała; в API помечено годом 1998, гмины в делении ~1998"
PL,PL-0612012,Chodel,gmina_rural,1995,7109,de_facto_31dec,GUS_BDL:60641,ряд до ступеньки 1998→1999 (см. SOURCES.md)
PL,PL-0612012,Chodel,gmina_rural,2002,6784,de_facto_31dec,GUS_BDL:60641,
PL,PL-0612012,Chodel,gmina_rural,2011,6836,de_facto_31dec,GUS_BDL:60641,ряд пересчитан по NSP 2011 (с 2010)
PL,PL-0612012,Chodel,gmina_rural,2021,6396,de_facto_31dec,GUS_BDL:60641,ряд пересчитан по NSP 2021 (с 2020)
PL,PL-0612012,Chodel,gmina_rural,2025,6176,de_facto_31dec,GUS_BDL:60641,ряд пересчитан по NSP 2021 (с 2020)
PL,PL-0612023,Józefów nad Wisłą,gmina_rural,1988,7795,census_resident,GUS_BDL:196130,"NSP 1988 (6.XII.1988), ludność faktycznie zamieszkała; в API помечено годом 1998, гмины в делении ~1998; ID BDL: 060611212022 (gm. wiejska, 1995–2017) → 060611212023 (gm. miejsko-wiejska, 2018–2025)"
PL,PL-0612023,Józefów nad Wisłą,gmina_rural,1995,7594,de_facto_31dec,GUS_BDL:60641,"ряд до ступеньки 1998→1999 (см. SOURCES.md); ID BDL: 060611212022 (gm. wiejska, 1995–2017) → 060611212023 (gm. miejsko-wiejska, 2018–2025)"
PL,PL-0612023,Józefów nad Wisłą,gmina_rural,2002,7134,de_facto_31dec,GUS_BDL:60641,"ID BDL: 060611212022 (gm. wiejska, 1995–2017) → 060611212023 (gm. miejsko-wiejska, 2018–2025)"
PL,PL-0612023,Józefów nad Wisłą,gmina_rural,2011,6943,de_facto_31dec,GUS_BDL:60641,"ряд пересчитан по NSP 2011 (с 2010); ID BDL: 060611212022 (gm. wiejska, 1995–2017) → 060611212023 (gm. miejsko-wiejska, 2018–2025)"
PL,PL-0612023,Józefów nad Wisłą,gmina_urban_rural,2021,6168,de_facto_31dec,GUS_BDL:60641,"ряд пересчитан по NSP 2021 (с 2020); ID BDL: 060611212022 (gm. wiejska, 1995–2017) → 060611212023 (gm. miejsko-wiejska, 2018–2025)"
PL,PL-0612023,Józefów nad Wisłą,gmina_urban_rural,2025,5924,de_facto_31dec,GUS_BDL:60641,"ряд пересчитан по NSP 2021 (с 2020); ID BDL: 060611212022 (gm. wiejska, 1995–2017) → 060611212023 (gm. miejsko-wiejska, 2018–2025)"
PL,PL-0612032,Karczmiska,gmina_rural,1988,6671,census_resident,GUS_BDL:196130,"NSP 1988 (6.XII.1988), ludność faktycznie zamieszkała; в API помечено годом 1998, гмины в делении ~1998"
PL,PL-0612032,Karczmiska,gmina_rural,1995,6514,de_facto_31dec,GUS_BDL:60641,ряд до ступеньки 1998→1999 (см. SOURCES.md)
PL,PL-0612032,Karczmiska,gmina_rural,2002,6303,de_facto_31dec,GUS_BDL:60641,
PL,PL-0612032,Karczmiska,gmina_rural,2011,5806,de_facto_31dec,GUS_BDL:60641,ряд пересчитан по NSP 2011 (с 2010)
PL,PL-0612032,Karczmiska,gmina_rural,2021,5366,de_facto_31dec,GUS_BDL:60641,ряд пересчитан по NSP 2021 (с 2020)
PL,PL-0612032,Karczmiska,gmina_rural,2025,5227,de_facto_31dec,GUS_BDL:60641,ряд пересчитан по NSP 2021 (с 2020)
PL,PL-0612042,Łaziska,gmina_rural,1988,5438,census_resident,GUS_BDL:196130,"NSP 1988 (6.XII.1988), ludność faktycznie zamieszkała; в API помечено годом 1998, гмины в делении ~1998; площадь 2004→2005: 10165→10871 га (+706) — встречного изменения у соседних гмин воеводства нет (возможен обмен с гминой за пределами выборки)"
PL,PL-0612042,Łaziska,gmina_rural,1995,5124,de_facto_31dec,GUS_BDL:60641,ряд до ступеньки 1998→1999 (см. SOURCES.md); площадь 2004→2005: 10165→10871 га (+706) — встречного изменения у соседних гмин воеводства нет (возможен обмен с гминой за пределами выборки)
PL,PL-0612042,Łaziska,gmina_rural,2002,4918,de_facto_31dec,GUS_BDL:60641,площадь 2004→2005: 10165→10871 га (+706) — встречного изменения у соседних гмин воеводства нет (возможен обмен с гминой за пределами выборки)
PL,PL-0612042,Łaziska,gmina_rural,2011,5171,de_facto_31dec,GUS_BDL:60641,ряд пересчитан по NSP 2011 (с 2010); площадь 2004→2005: 10165→10871 га (+706) — встречного изменения у соседних гмин воеводства нет (возможен обмен с гминой за пределами выборки)
PL,PL-0612042,Łaziska,gmina_rural,2021,4635,de_facto_31dec,GUS_BDL:60641,ряд пересчитан по NSP 2021 (с 2020); площадь 2004→2005: 10165→10871 га (+706) — встречного изменения у соседних гмин воеводства нет (возможен обмен с гминой за пределами выборки)
PL,PL-0612042,Łaziska,gmina_rural,2025,4431,de_facto_31dec,GUS_BDL:60641,ряд пересчитан по NSP 2021 (с 2020); площадь 2004→2005: 10165→10871 га (+706) — встречного изменения у соседних гмин воеводства нет (возможен обмен с гминой за пределами выборки)
PL,PL-0612053,Opole Lubelskie,gmina_urban_rural,1988,18412,census_resident,GUS_BDL:196130,"NSP 1988 (6.XII.1988), ludność faktycznie zamieszkała; в API помечено годом 1998, гмины в делении ~1998"
PL,PL-0612053,Opole Lubelskie,gmina_urban_rural,1995,18716,de_facto_31dec,GUS_BDL:60641,ряд до ступеньки 1998→1999 (см. SOURCES.md)
PL,PL-0612053,Opole Lubelskie,gmina_urban_rural,2002,18121,de_facto_31dec,GUS_BDL:60641,
PL,PL-0612053,Opole Lubelskie,gmina_urban_rural,2011,18020,de_facto_31dec,GUS_BDL:60641,ряд пересчитан по NSP 2011 (с 2010)
PL,PL-0612053,Opole Lubelskie,gmina_urban_rural,2021,16537,de_facto_31dec,GUS_BDL:60641,ряд пересчитан по NSP 2021 (с 2020)
PL,PL-0612053,Opole Lubelskie,gmina_urban_rural,2025,15878,de_facto_31dec,GUS_BDL:60641,ряд пересчитан по NSP 2021 (с 2020)
PL,PL-0612063,Poniatowa,gmina_urban_rural,1988,15554,census_resident,GUS_BDL:196130,"NSP 1988 (6.XII.1988), ludność faktycznie zamieszkała; в API помечено годом 1998, гмины в делении ~1998"
PL,PL-0612063,Poniatowa,gmina_urban_rural,1995,16449,de_facto_31dec,GUS_BDL:60641,ряд до ступеньки 1998→1999 (см. SOURCES.md)
PL,PL-0612063,Poniatowa,gmina_urban_rural,2002,15509,de_facto_31dec,GUS_BDL:60641,
PL,PL-0612063,Poniatowa,gmina_urban_rural,2011,15070,de_facto_31dec,GUS_BDL:60641,ряд пересчитан по NSP 2011 (с 2010)
PL,PL-0612063,Poniatowa,gmina_urban_rural,2021,13394,de_facto_31dec,GUS_BDL:60641,ряд пересчитан по NSP 2021 (с 2020)
PL,PL-0612063,Poniatowa,gmina_urban_rural,2025,12795,de_facto_31dec,GUS_BDL:60641,ряд пересчитан по NSP 2021 (с 2020)
PL,PL-0612072,Wilków,gmina_rural,1988,5427,census_resident,GUS_BDL:196130,"NSP 1988 (6.XII.1988), ludność faktycznie zamieszkała; в API помечено годом 1998, гмины в делении ~1998; площадь 2005→2006: 7954→7794 га (-160) — в 2006 г. площади 105 гмин изменились одновременно (вероятно, уточнение учёта площадей); встречного изменения у соседей нет"
PL,PL-0612072,Wilków,gmina_rural,1995,5243,de_facto_31dec,GUS_BDL:60641,"ряд до ступеньки 1998→1999 (см. SOURCES.md); площадь 2005→2006: 7954→7794 га (-160) — в 2006 г. площади 105 гмин изменились одновременно (вероятно, уточнение учёта площадей); встречного изменения у соседей нет"
PL,PL-0612072,Wilków,gmina_rural,2002,5033,de_facto_31dec,GUS_BDL:60641,"площадь 2005→2006: 7954→7794 га (-160) — в 2006 г. площади 105 гмин изменились одновременно (вероятно, уточнение учёта площадей); встречного изменения у соседей нет"
PL,PL-0612072,Wilków,gmina_rural,2011,4757,de_facto_31dec,GUS_BDL:60641,"ряд пересчитан по NSP 2011 (с 2010); площадь 2005→2006: 7954→7794 га (-160) — в 2006 г. площади 105 гмин изменились одновременно (вероятно, уточнение учёта площадей); встречного изменения у соседей нет"
PL,PL-0612072,Wilków,gmina_rural,2021,4230,de_facto_31dec,GUS_BDL:60641,"ряд пересчитан по NSP 2021 (с 2020); площадь 2005→2006: 7954→7794 га (-160) — в 2006 г. площади 105 гмин изменились одновременно (вероятно, уточнение учёта площадей); встречного изменения у соседей нет"
PL,PL-0612072,Wilków,gmina_rural,2025,4037,de_facto_31dec,GUS_BDL:60641,"ряд пересчитан по NSP 2021 (с 2020); площадь 2005→2006: 7954→7794 га (-160) — в 2006 г. площади 105 гмин изменились одновременно (вероятно, уточнение учёта площадей); встречного изменения у соседей нет"
PL,PL-0613012,Dębowa Kłoda,gmina_rural,1988,4454,census_resident,GUS_BDL:196130,"NSP 1988 (6.XII.1988), ludność faktycznie zamieszkała; в API помечено годом 1998, гмины в делении ~1998"
PL,PL-0613012,Dębowa Kłoda,gmina_rural,1995,4146,de_facto_31dec,GUS_BDL:60641,ряд до ступеньки 1998→1999 (см. SOURCES.md)
PL,PL-0613012,Dębowa Kłoda,gmina_rural,2002,4103,de_facto_31dec,GUS_BDL:60641,
PL,PL-0613012,Dębowa Kłoda,gmina_rural,2011,4014,de_facto_31dec,GUS_BDL:60641,ряд пересчитан по NSP 2011 (с 2010)
PL,PL-0613012,Dębowa Kłoda,gmina_rural,2021,3646,de_facto_31dec,GUS_BDL:60641,ряд пересчитан по NSP 2021 (с 2020)
PL,PL-0613012,Dębowa Kłoda,gmina_rural,2025,3507,de_facto_31dec,GUS_BDL:60641,ряд пересчитан по NSP 2021 (с 2020)
PL,PL-0613022,Jabłoń,gmina_rural,1988,4594,census_resident,GUS_BDL:196130,"NSP 1988 (6.XII.1988), ludność faktycznie zamieszkała; в API помечено годом 1998, гмины в делении ~1998"
PL,PL-0613022,Jabłoń,gmina_rural,1995,4599,de_facto_31dec,GUS_BDL:60641,ряд до ступеньки 1998→1999 (см. SOURCES.md)
PL,PL-0613022,Jabłoń,gmina_rural,2002,4286,de_facto_31dec,GUS_BDL:60641,
PL,PL-0613022,Jabłoń,gmina_rural,2011,4006,de_facto_31dec,GUS_BDL:60641,ряд пересчитан по NSP 2011 (с 2010)
PL,PL-0613022,Jabłoń,gmina_rural,2021,3615,de_facto_31dec,GUS_BDL:60641,ряд пересчитан по NSP 2021 (с 2020)
PL,PL-0613022,Jabłoń,gmina_rural,2025,3398,de_facto_31dec,GUS_BDL:60641,ряд пересчитан по NSP 2021 (с 2020)
PL,PL-0613032,Milanów,gmina_rural,1988,4668,census_resident,GUS_BDL:196130,"NSP 1988 (6.XII.1988), ludność faktycznie zamieszkała; в API помечено годом 1998, гмины в делении ~1998"
PL,PL-0613032,Milanów,gmina_rural,1995,4558,de_facto_31dec,GUS_BDL:60641,ряд до ступеньки 1998→1999 (см. SOURCES.md)
PL,PL-0613032,Milanów,gmina_rural,2002,4218,de_facto_31dec,GUS_BDL:60641,
PL,PL-0613032,Milanów,gmina_rural,2011,4060,de_facto_31dec,GUS_BDL:60641,ряд пересчитан по NSP 2011 (с 2010)
PL,PL-0613032,Milanów,gmina_rural,2021,3473,de_facto_31dec,GUS_BDL:60641,ряд пересчитан по NSP 2021 (с 2020)
PL,PL-0613032,Milanów,gmina_rural,2025,3292,de_facto_31dec,GUS_BDL:60641,ряд пересчитан по NSP 2021 (с 2020)
PL,PL-0613043,Parczew,gmina_urban_rural,1988,14973,census_resident,GUS_BDL:196130,"NSP 1988 (6.XII.1988), ludność faktycznie zamieszkała; в API помечено годом 1998, гмины в делении ~1998"
PL,PL-0613043,Parczew,gmina_urban_rural,1995,15785,de_facto_31dec,GUS_BDL:60641,ряд до ступеньки 1998→1999 (см. SOURCES.md)
PL,PL-0613043,Parczew,gmina_urban_rural,2002,15010,de_facto_31dec,GUS_BDL:60641,
PL,PL-0613043,Parczew,gmina_urban_rural,2011,14902,de_facto_31dec,GUS_BDL:60641,ряд пересчитан по NSP 2011 (с 2010)
PL,PL-0613043,Parczew,gmina_urban_rural,2021,13995,de_facto_31dec,GUS_BDL:60641,ряд пересчитан по NSP 2021 (с 2020)
PL,PL-0613043,Parczew,gmina_urban_rural,2025,13473,de_facto_31dec,GUS_BDL:60641,ряд пересчитан по NSP 2021 (с 2020)
PL,PL-0613052,Podedwórze,gmina_rural,1988,2254,census_resident,GUS_BDL:196130,"NSP 1988 (6.XII.1988), ludność faktycznie zamieszkała; в API помечено годом 1998, гмины в делении ~1998"
PL,PL-0613052,Podedwórze,gmina_rural,1995,2107,de_facto_31dec,GUS_BDL:60641,ряд до ступеньки 1998→1999 (см. SOURCES.md)
PL,PL-0613052,Podedwórze,gmina_rural,2002,1963,de_facto_31dec,GUS_BDL:60641,
PL,PL-0613052,Podedwórze,gmina_rural,2011,1751,de_facto_31dec,GUS_BDL:60641,ряд пересчитан по NSP 2011 (с 2010)
PL,PL-0613052,Podedwórze,gmina_rural,2021,1524,de_facto_31dec,GUS_BDL:60641,ряд пересчитан по NSP 2021 (с 2020)
PL,PL-0613052,Podedwórze,gmina_rural,2025,1431,de_facto_31dec,GUS_BDL:60641,ряд пересчитан по NSP 2021 (с 2020)
PL,PL-0613062,Siemień,gmina_rural,1988,5546,census_resident,GUS_BDL:196130,"NSP 1988 (6.XII.1988), ludność faktycznie zamieszkała; в API помечено годом 1998, гмины в делении ~1998"
PL,PL-0613062,Siemień,gmina_rural,1995,5317,de_facto_31dec,GUS_BDL:60641,ряд до ступеньки 1998→1999 (см. SOURCES.md)
PL,PL-0613062,Siemień,gmina_rural,2002,5040,de_facto_31dec,GUS_BDL:60641,
PL,PL-0613062,Siemień,gmina_rural,2011,4834,de_facto_31dec,GUS_BDL:60641,ряд пересчитан по NSP 2011 (с 2010)
PL,PL-0613062,Siemień,gmina_rural,2021,4323,de_facto_31dec,GUS_BDL:60641,ряд пересчитан по NSP 2021 (с 2020)
PL,PL-0613062,Siemień,gmina_rural,2025,4147,de_facto_31dec,GUS_BDL:60641,ряд пересчитан по NSP 2021 (с 2020)
PL,PL-0613072,Sosnowica,gmina_rural,1988,3134,census_resident,GUS_BDL:196130,"NSP 1988 (6.XII.1988), ludność faktycznie zamieszkała; в API помечено годом 1998, гмины в делении ~1998"
PL,PL-0613072,Sosnowica,gmina_rural,1995,3023,de_facto_31dec,GUS_BDL:60641,ряд до ступеньки 1998→1999 (см. SOURCES.md)
PL,PL-0613072,Sosnowica,gmina_rural,2002,2771,de_facto_31dec,GUS_BDL:60641,
PL,PL-0613072,Sosnowica,gmina_rural,2011,2750,de_facto_31dec,GUS_BDL:60641,ряд пересчитан по NSP 2011 (с 2010)
PL,PL-0613072,Sosnowica,gmina_rural,2021,2358,de_facto_31dec,GUS_BDL:60641,ряд пересчитан по NSP 2021 (с 2020)
PL,PL-0613072,Sosnowica,gmina_rural,2025,2239,de_facto_31dec,GUS_BDL:60641,ряд пересчитан по NSP 2021 (с 2020)
PL,PL-0614011,Puławy,gmina_urban,1988,51699,census_resident,GUS_BDL:196130,"NSP 1988 (6.XII.1988), ludność faktycznie zamieszkała; в API помечено годом 1998, гмины в делении ~1998"
PL,PL-0614011,Puławy,gmina_urban,1995,54255,de_facto_31dec,GUS_BDL:60641,ряд до ступеньки 1998→1999 (см. SOURCES.md)
PL,PL-0614011,Puławy,gmina_urban,2002,50343,de_facto_31dec,GUS_BDL:60641,
PL,PL-0614011,Puławy,gmina_urban,2011,49793,de_facto_31dec,GUS_BDL:60641,ряд пересчитан по NSP 2011 (с 2010)
PL,PL-0614011,Puławy,gmina_urban,2021,44755,de_facto_31dec,GUS_BDL:60641,ряд пересчитан по NSP 2021 (с 2020)
PL,PL-0614011,Puławy,gmina_urban,2025,42996,de_facto_31dec,GUS_BDL:60641,ряд пересчитан по NSP 2021 (с 2020)
PL,PL-0614022,Baranów,gmina_rural,1988,4555,census_resident,GUS_BDL:196130,"NSP 1988 (6.XII.1988), ludność faktycznie zamieszkała; в API помечено годом 1998, гмины в делении ~1998"
PL,PL-0614022,Baranów,gmina_rural,1995,4394,de_facto_31dec,GUS_BDL:60641,ряд до ступеньки 1998→1999 (см. SOURCES.md)
PL,PL-0614022,Baranów,gmina_rural,2002,4301,de_facto_31dec,GUS_BDL:60641,
PL,PL-0614022,Baranów,gmina_rural,2011,4118,de_facto_31dec,GUS_BDL:60641,ряд пересчитан по NSP 2011 (с 2010)
PL,PL-0614022,Baranów,gmina_rural,2021,3661,de_facto_31dec,GUS_BDL:60641,ряд пересчитан по NSP 2021 (с 2020)
PL,PL-0614022,Baranów,gmina_rural,2025,3412,de_facto_31dec,GUS_BDL:60641,ряд пересчитан по NSP 2021 (с 2020)
PL,PL-0614032,Janowiec,gmina_rural,1988,3572,census_resident,GUS_BDL:196130,"NSP 1988 (6.XII.1988), ludność faktycznie zamieszkała; в API помечено годом 1998, гмины в делении ~1998"
PL,PL-0614032,Janowiec,gmina_rural,1995,3596,de_facto_31dec,GUS_BDL:60641,ряд до ступеньки 1998→1999 (см. SOURCES.md)
PL,PL-0614032,Janowiec,gmina_rural,2002,3601,de_facto_31dec,GUS_BDL:60641,
PL,PL-0614032,Janowiec,gmina_rural,2011,3673,de_facto_31dec,GUS_BDL:60641,ряд пересчитан по NSP 2011 (с 2010)
PL,PL-0614032,Janowiec,gmina_rural,2021,3628,de_facto_31dec,GUS_BDL:60641,ряд пересчитан по NSP 2021 (с 2020)
PL,PL-0614032,Janowiec,gmina_rural,2025,3533,de_facto_31dec,GUS_BDL:60641,ряд пересчитан по NSP 2021 (с 2020)
PL,PL-0614043,Kazimierz Dolny,gmina_urban_rural,1988,7482,census_resident,GUS_BDL:196130,"NSP 1988 (6.XII.1988), ludność faktycznie zamieszkała; в API помечено годом 1998, гмины в делении ~1998"
PL,PL-0614043,Kazimierz Dolny,gmina_urban_rural,1995,7470,de_facto_31dec,GUS_BDL:60641,ряд до ступеньки 1998→1999 (см. SOURCES.md)
PL,PL-0614043,Kazimierz Dolny,gmina_urban_rural,2002,7059,de_facto_31dec,GUS_BDL:60641,
PL,PL-0614043,Kazimierz Dolny,gmina_urban_rural,2011,6977,de_facto_31dec,GUS_BDL:60641,ряд пересчитан по NSP 2011 (с 2010)
PL,PL-0614043,Kazimierz Dolny,gmina_urban_rural,2021,6342,de_facto_31dec,GUS_BDL:60641,ряд пересчитан по NSP 2021 (с 2020)
PL,PL-0614043,Kazimierz Dolny,gmina_urban_rural,2025,6122,de_facto_31dec,GUS_BDL:60641,ряд пересчитан по NSP 2021 (с 2020)
PL,PL-0614053,Końskowola,gmina_rural,1988,9302,census_resident,GUS_BDL:196130,"NSP 1988 (6.XII.1988), ludność faktycznie zamieszkała; в API помечено годом 1998, гмины в делении ~1998; ID BDL: 060611214052 (gm. wiejska, 1995–2024) → 060611214053 (gm. miejsko-wiejska, 2025–2025)"
PL,PL-0614053,Końskowola,gmina_rural,1995,9303,de_facto_31dec,GUS_BDL:60641,"ряд до ступеньки 1998→1999 (см. SOURCES.md); ID BDL: 060611214052 (gm. wiejska, 1995–2024) → 060611214053 (gm. miejsko-wiejska, 2025–2025)"
PL,PL-0614053,Końskowola,gmina_rural,2002,9053,de_facto_31dec,GUS_BDL:60641,"ID BDL: 060611214052 (gm. wiejska, 1995–2024) → 060611214053 (gm. miejsko-wiejska, 2025–2025)"
PL,PL-0614053,Końskowola,gmina_rural,2011,9048,de_facto_31dec,GUS_BDL:60641,"ряд пересчитан по NSP 2011 (с 2010); ID BDL: 060611214052 (gm. wiejska, 1995–2024) → 060611214053 (gm. miejsko-wiejska, 2025–2025)"
PL,PL-0614053,Końskowola,gmina_rural,2021,8534,de_facto_31dec,GUS_BDL:60641,"ряд пересчитан по NSP 2021 (с 2020); ID BDL: 060611214052 (gm. wiejska, 1995–2024) → 060611214053 (gm. miejsko-wiejska, 2025–2025)"
PL,PL-0614053,Końskowola,gmina_urban_rural,2025,8225,de_facto_31dec,GUS_BDL:60641,"ряд пересчитан по NSP 2021 (с 2020); ID BDL: 060611214052 (gm. wiejska, 1995–2024) → 060611214053 (gm. miejsko-wiejska, 2025–2025)"
PL,PL-0614063,Kurów,gmina_rural,1988,8281,census_resident,GUS_BDL:196130,"NSP 1988 (6.XII.1988), ludność faktycznie zamieszkała; в API помечено годом 1998, гмины в делении ~1998; ID BDL: 060611214062 (gm. wiejska, 1995–2024) → 060611214063 (gm. miejsko-wiejska, 2025–2025)"
PL,PL-0614063,Kurów,gmina_rural,1995,8301,de_facto_31dec,GUS_BDL:60641,"ряд до ступеньки 1998→1999 (см. SOURCES.md); ID BDL: 060611214062 (gm. wiejska, 1995–2024) → 060611214063 (gm. miejsko-wiejska, 2025–2025)"
PL,PL-0614063,Kurów,gmina_rural,2002,8064,de_facto_31dec,GUS_BDL:60641,"ID BDL: 060611214062 (gm. wiejska, 1995–2024) → 060611214063 (gm. miejsko-wiejska, 2025–2025)"
PL,PL-0614063,Kurów,gmina_rural,2011,7827,de_facto_31dec,GUS_BDL:60641,"ряд пересчитан по NSP 2011 (с 2010); ID BDL: 060611214062 (gm. wiejska, 1995–2024) → 060611214063 (gm. miejsko-wiejska, 2025–2025)"
PL,PL-0614063,Kurów,gmina_rural,2021,7414,de_facto_31dec,GUS_BDL:60641,"ряд пересчитан по NSP 2021 (с 2020); ID BDL: 060611214062 (gm. wiejska, 1995–2024) → 060611214063 (gm. miejsko-wiejska, 2025–2025)"
PL,PL-0614063,Kurów,gmina_urban_rural,2025,7278,de_facto_31dec,GUS_BDL:60641,"ряд пересчитан по NSP 2021 (с 2020); ID BDL: 060611214062 (gm. wiejska, 1995–2024) → 060611214063 (gm. miejsko-wiejska, 2025–2025)"
PL,PL-0614072,Markuszów,gmina_rural,1988,3282,census_resident,GUS_BDL:196130,"NSP 1988 (6.XII.1988), ludność faktycznie zamieszkała; в API помечено годом 1998, гмины в делении ~1998"
PL,PL-0614072,Markuszów,gmina_rural,1995,3189,de_facto_31dec,GUS_BDL:60641,ряд до ступеньки 1998→1999 (см. SOURCES.md)
PL,PL-0614072,Markuszów,gmina_rural,2002,3063,de_facto_31dec,GUS_BDL:60641,
PL,PL-0614072,Markuszów,gmina_rural,2011,3070,de_facto_31dec,GUS_BDL:60641,ряд пересчитан по NSP 2011 (с 2010)
PL,PL-0614072,Markuszów,gmina_rural,2021,2901,de_facto_31dec,GUS_BDL:60641,ряд пересчитан по NSP 2021 (с 2020)
PL,PL-0614072,Markuszów,gmina_rural,2025,2802,de_facto_31dec,GUS_BDL:60641,ряд пересчитан по NSP 2021 (с 2020)
PL,PL-0614083,Nałęczów,gmina_urban_rural,1988,10146,census_resident,GUS_BDL:196130,"NSP 1988 (6.XII.1988), ludność faktycznie zamieszkała; в API помечено годом 1998, гмины в делении ~1998"
PL,PL-0614083,Nałęczów,gmina_urban_rural,1995,10407,de_facto_31dec,GUS_BDL:60641,ряд до ступеньки 1998→1999 (см. SOURCES.md)
PL,PL-0614083,Nałęczów,gmina_urban_rural,2002,9708,de_facto_31dec,GUS_BDL:60641,
PL,PL-0614083,Nałęczów,gmina_urban_rural,2011,9328,de_facto_31dec,GUS_BDL:60641,ряд пересчитан по NSP 2011 (с 2010)
PL,PL-0614083,Nałęczów,gmina_urban_rural,2021,8694,de_facto_31dec,GUS_BDL:60641,ряд пересчитан по NSP 2021 (с 2020)
PL,PL-0614083,Nałęczów,gmina_urban_rural,2025,8377,de_facto_31dec,GUS_BDL:60641,ряд пересчитан по NSP 2021 (с 2020)
PL,PL-0614092,Puławy,gmina_rural,1988,10899,census_resident,GUS_BDL:196130,"NSP 1988 (6.XII.1988), ludność faktycznie zamieszkała; в API помечено годом 1998, гмины в делении ~1998"
PL,PL-0614092,Puławy,gmina_rural,1995,10803,de_facto_31dec,GUS_BDL:60641,ряд до ступеньки 1998→1999 (см. SOURCES.md)
PL,PL-0614092,Puławy,gmina_rural,2002,11128,de_facto_31dec,GUS_BDL:60641,
PL,PL-0614092,Puławy,gmina_rural,2011,11703,de_facto_31dec,GUS_BDL:60641,ряд пересчитан по NSP 2011 (с 2010)
PL,PL-0614092,Puławy,gmina_rural,2021,12194,de_facto_31dec,GUS_BDL:60641,ряд пересчитан по NSP 2021 (с 2020)
PL,PL-0614092,Puławy,gmina_rural,2025,12192,de_facto_31dec,GUS_BDL:60641,ряд пересчитан по NSP 2021 (с 2020)
PL,PL-0614103,Wąwolnica,gmina_rural,1988,5141,census_resident,GUS_BDL:196130,"NSP 1988 (6.XII.1988), ludność faktycznie zamieszkała; в API помечено годом 1998, гмины в делении ~1998; ID BDL: 060611214102 (gm. wiejska, 1995–2024) → 060611214103 (gm. miejsko-wiejska, 2025–2025)"
PL,PL-0614103,Wąwolnica,gmina_rural,1995,4975,de_facto_31dec,GUS_BDL:60641,"ряд до ступеньки 1998→1999 (см. SOURCES.md); ID BDL: 060611214102 (gm. wiejska, 1995–2024) → 060611214103 (gm. miejsko-wiejska, 2025–2025)"
PL,PL-0614103,Wąwolnica,gmina_rural,2002,4961,de_facto_31dec,GUS_BDL:60641,"ID BDL: 060611214102 (gm. wiejska, 1995–2024) → 060611214103 (gm. miejsko-wiejska, 2025–2025)"
PL,PL-0614103,Wąwolnica,gmina_rural,2011,4863,de_facto_31dec,GUS_BDL:60641,"ряд пересчитан по NSP 2011 (с 2010); ID BDL: 060611214102 (gm. wiejska, 1995–2024) → 060611214103 (gm. miejsko-wiejska, 2025–2025)"
PL,PL-0614103,Wąwolnica,gmina_rural,2021,4380,de_facto_31dec,GUS_BDL:60641,"ряд пересчитан по NSP 2021 (с 2020); ID BDL: 060611214102 (gm. wiejska, 1995–2024) → 060611214103 (gm. miejsko-wiejska, 2025–2025)"
PL,PL-0614103,Wąwolnica,gmina_urban_rural,2025,4057,de_facto_31dec,GUS_BDL:60641,"ряд пересчитан по NSP 2021 (с 2020); ID BDL: 060611214102 (gm. wiejska, 1995–2024) → 060611214103 (gm. miejsko-wiejska, 2025–2025)"
PL,PL-0614112,Żyrzyn,gmina_rural,1988,6918,census_resident,GUS_BDL:196130,"NSP 1988 (6.XII.1988), ludność faktycznie zamieszkała; в API помечено годом 1998, гмины в делении ~1998"
PL,PL-0614112,Żyrzyn,gmina_rural,1995,6805,de_facto_31dec,GUS_BDL:60641,ряд до ступеньки 1998→1999 (см. SOURCES.md)
PL,PL-0614112,Żyrzyn,gmina_rural,2002,6647,de_facto_31dec,GUS_BDL:60641,
PL,PL-0614112,Żyrzyn,gmina_rural,2011,6584,de_facto_31dec,GUS_BDL:60641,ряд пересчитан по NSP 2011 (с 2010)
PL,PL-0614112,Żyrzyn,gmina_rural,2021,6196,de_facto_31dec,GUS_BDL:60641,ряд пересчитан по NSP 2021 (с 2020)
PL,PL-0614112,Żyrzyn,gmina_rural,2025,6028,de_facto_31dec,GUS_BDL:60641,ряд пересчитан по NSP 2021 (с 2020)
PL,PL-0615011,Radzyń Podlaski,gmina_urban,1988,15224,census_resident,GUS_BDL:196130,"NSP 1988 (6.XII.1988), ludność faktycznie zamieszkała; в API помечено годом 1998, гмины в делении ~1998"
PL,PL-0615011,Radzyń Podlaski,gmina_urban,1995,16636,de_facto_31dec,GUS_BDL:60641,ряд до ступеньки 1998→1999 (см. SOURCES.md)
PL,PL-0615011,Radzyń Podlaski,gmina_urban,2002,16175,de_facto_31dec,GUS_BDL:60641,
PL,PL-0615011,Radzyń Podlaski,gmina_urban,2011,16174,de_facto_31dec,GUS_BDL:60641,ряд пересчитан по NSP 2011 (с 2010)
PL,PL-0615011,Radzyń Podlaski,gmina_urban,2021,14620,de_facto_31dec,GUS_BDL:60641,ряд пересчитан по NSP 2021 (с 2020)
PL,PL-0615011,Radzyń Podlaski,gmina_urban,2025,13839,de_facto_31dec,GUS_BDL:60641,ряд пересчитан по NSP 2021 (с 2020)
PL,PL-0615022,Borki,gmina_rural,1988,6522,census_resident,GUS_BDL:196130,"NSP 1988 (6.XII.1988), ludność faktycznie zamieszkała; в API помечено годом 1998, гмины в делении ~1998"
PL,PL-0615022,Borki,gmina_rural,1995,6373,de_facto_31dec,GUS_BDL:60641,ряд до ступеньки 1998→1999 (см. SOURCES.md)
PL,PL-0615022,Borki,gmina_rural,2002,6211,de_facto_31dec,GUS_BDL:60641,
PL,PL-0615022,Borki,gmina_rural,2011,6152,de_facto_31dec,GUS_BDL:60641,ряд пересчитан по NSP 2011 (с 2010)
PL,PL-0615022,Borki,gmina_rural,2021,5804,de_facto_31dec,GUS_BDL:60641,ряд пересчитан по NSP 2021 (с 2020)
PL,PL-0615022,Borki,gmina_rural,2025,5671,de_facto_31dec,GUS_BDL:60641,ряд пересчитан по NSP 2021 (с 2020)
PL,PL-0615033,Czemierniki,gmina_rural,1988,5135,census_resident,GUS_BDL:196130,"NSP 1988 (6.XII.1988), ludność faktycznie zamieszkała; в API помечено годом 1998, гмины в делении ~1998; ID BDL: 060610915032 (gm. wiejska, 1995–2023) → 060610915033 (gm. miejsko-wiejska, 2024–2025)"
PL,PL-0615033,Czemierniki,gmina_rural,1995,4935,de_facto_31dec,GUS_BDL:60641,"ряд до ступеньки 1998→1999 (см. SOURCES.md); ID BDL: 060610915032 (gm. wiejska, 1995–2023) → 060610915033 (gm. miejsko-wiejska, 2024–2025)"
PL,PL-0615033,Czemierniki,gmina_rural,2002,4725,de_facto_31dec,GUS_BDL:60641,"ID BDL: 060610915032 (gm. wiejska, 1995–2023) → 060610915033 (gm. miejsko-wiejska, 2024–2025)"
PL,PL-0615033,Czemierniki,gmina_rural,2011,4562,de_facto_31dec,GUS_BDL:60641,"ряд пересчитан по NSP 2011 (с 2010); ID BDL: 060610915032 (gm. wiejska, 1995–2023) → 060610915033 (gm. miejsko-wiejska, 2024–2025)"
PL,PL-0615033,Czemierniki,gmina_rural,2021,4093,de_facto_31dec,GUS_BDL:60641,"ряд пересчитан по NSP 2021 (с 2020); ID BDL: 060610915032 (gm. wiejska, 1995–2023) → 060610915033 (gm. miejsko-wiejska, 2024–2025)"
PL,PL-0615033,Czemierniki,gmina_urban_rural,2025,3989,de_facto_31dec,GUS_BDL:60641,"ряд пересчитан по NSP 2021 (с 2020); ID BDL: 060610915032 (gm. wiejska, 1995–2023) → 060610915033 (gm. miejsko-wiejska, 2024–2025)"
PL,PL-0615042,Kąkolewnica,gmina_rural,1988,8783,census_resident,GUS_BDL:196130,"NSP 1988 (6.XII.1988), ludność faktycznie zamieszkała; в API помечено годом 1998, гмины в делении ~1998"
PL,PL-0615042,Kąkolewnica,gmina_rural,1995,8910,de_facto_31dec,GUS_BDL:60641,ряд до ступеньки 1998→1999 (см. SOURCES.md)
PL,PL-0615042,Kąkolewnica,gmina_rural,2002,8580,de_facto_31dec,GUS_BDL:60641,
PL,PL-0615042,Kąkolewnica,gmina_rural,2011,8484,de_facto_31dec,GUS_BDL:60641,ряд пересчитан по NSP 2011 (с 2010)
PL,PL-0615042,Kąkolewnica,gmina_rural,2021,7687,de_facto_31dec,GUS_BDL:60641,ряд пересчитан по NSP 2021 (с 2020)
PL,PL-0615042,Kąkolewnica,gmina_rural,2025,7405,de_facto_31dec,GUS_BDL:60641,ряд пересчитан по NSP 2021 (с 2020)
PL,PL-0615052,Komarówka Podlaska,gmina_rural,1988,5577,census_resident,GUS_BDL:196130,"NSP 1988 (6.XII.1988), ludność faktycznie zamieszkała; в API помечено годом 1998, гмины в делении ~1998"
PL,PL-0615052,Komarówka Podlaska,gmina_rural,1995,5381,de_facto_31dec,GUS_BDL:60641,ряд до ступеньки 1998→1999 (см. SOURCES.md)
PL,PL-0615052,Komarówka Podlaska,gmina_rural,2002,4880,de_facto_31dec,GUS_BDL:60641,
PL,PL-0615052,Komarówka Podlaska,gmina_rural,2011,4557,de_facto_31dec,GUS_BDL:60641,ряд пересчитан по NSP 2011 (с 2010)
PL,PL-0615052,Komarówka Podlaska,gmina_rural,2021,3911,de_facto_31dec,GUS_BDL:60641,ряд пересчитан по NSP 2021 (с 2020)
PL,PL-0615052,Komarówka Podlaska,gmina_rural,2025,3722,de_facto_31dec,GUS_BDL:60641,ряд пересчитан по NSP 2021 (с 2020)
PL,PL-0615062,Radzyń Podlaski,gmina_rural,1988,8045,census_resident,GUS_BDL:196130,"NSP 1988 (6.XII.1988), ludność faktycznie zamieszkała; в API помечено годом 1998, гмины в делении ~1998"
PL,PL-0615062,Radzyń Podlaski,gmina_rural,1995,8060,de_facto_31dec,GUS_BDL:60641,ряд до ступеньки 1998→1999 (см. SOURCES.md)
PL,PL-0615062,Radzyń Podlaski,gmina_rural,2002,8032,de_facto_31dec,GUS_BDL:60641,
PL,PL-0615062,Radzyń Podlaski,gmina_rural,2011,8060,de_facto_31dec,GUS_BDL:60641,ряд пересчитан по NSP 2011 (с 2010)
PL,PL-0615062,Radzyń Podlaski,gmina_rural,2021,7912,de_facto_31dec,GUS_BDL:60641,ряд пересчитан по NSP 2021 (с 2020)
PL,PL-0615062,Radzyń Podlaski,gmina_rural,2025,7890,de_facto_31dec,GUS_BDL:60641,ряд пересчитан по NSP 2021 (с 2020)
PL,PL-0615072,Ulan-Majorat,gmina_rural,1988,6280,census_resident,GUS_BDL:196130,"NSP 1988 (6.XII.1988), ludność faktycznie zamieszkała; в API помечено годом 1998, гмины в делении ~1998"
PL,PL-0615072,Ulan-Majorat,gmina_rural,1995,6352,de_facto_31dec,GUS_BDL:60641,ряд до ступеньки 1998→1999 (см. SOURCES.md)
PL,PL-0615072,Ulan-Majorat,gmina_rural,2002,6137,de_facto_31dec,GUS_BDL:60641,
PL,PL-0615072,Ulan-Majorat,gmina_rural,2011,6160,de_facto_31dec,GUS_BDL:60641,ряд пересчитан по NSP 2011 (с 2010)
PL,PL-0615072,Ulan-Majorat,gmina_rural,2021,5588,de_facto_31dec,GUS_BDL:60641,ряд пересчитан по NSP 2021 (с 2020)
PL,PL-0615072,Ulan-Majorat,gmina_rural,2025,5414,de_facto_31dec,GUS_BDL:60641,ряд пересчитан по NSP 2021 (с 2020)
PL,PL-0615082,Wohyń,gmina_rural,1988,8085,census_resident,GUS_BDL:196130,"NSP 1988 (6.XII.1988), ludność faktycznie zamieszkała; в API помечено годом 1998, гмины в делении ~1998"
PL,PL-0615082,Wohyń,gmina_rural,1995,7853,de_facto_31dec,GUS_BDL:60641,ряд до ступеньки 1998→1999 (см. SOURCES.md)
PL,PL-0615082,Wohyń,gmina_rural,2002,7431,de_facto_31dec,GUS_BDL:60641,
PL,PL-0615082,Wohyń,gmina_rural,2011,7105,de_facto_31dec,GUS_BDL:60641,ряд пересчитан по NSP 2011 (с 2010)
PL,PL-0615082,Wohyń,gmina_rural,2021,6281,de_facto_31dec,GUS_BDL:60641,ряд пересчитан по NSP 2021 (с 2020)
PL,PL-0615082,Wohyń,gmina_rural,2025,6023,de_facto_31dec,GUS_BDL:60641,ряд пересчитан по NSP 2021 (с 2020)
PL,PL-0616011,Dęblin,gmina_urban,1988,18553,census_resident,GUS_BDL:196130,"NSP 1988 (6.XII.1988), ludność faktycznie zamieszkała; в API помечено годом 1998, гмины в делении ~1998; площадь 1999→2000: 3369→3775 га (+406), встречное изменение у соседней гмины Ryki; площадь 2000→2001: 3775→3851 га (+76), встречное изменение у соседней гмины Stężyca"
PL,PL-0616011,Dęblin,gmina_urban,1995,18885,de_facto_31dec,GUS_BDL:60641,"ряд до ступеньки 1998→1999 (см. SOURCES.md); площадь 1999→2000: 3369→3775 га (+406), встречное изменение у соседней гмины Ryki; площадь 2000→2001: 3775→3851 га (+76), встречное изменение у соседней гмины Stężyca"
PL,PL-0616011,Dęblin,gmina_urban,2002,19294,de_facto_31dec,GUS_BDL:60641,"площадь 1999→2000: 3369→3775 га (+406), встречное изменение у соседней гмины Ryki; площадь 2000→2001: 3775→3851 га (+76), встречное изменение у соседней гмины Stężyca"
PL,PL-0616011,Dęblin,gmina_urban,2011,17565,de_facto_31dec,GUS_BDL:60641,"ряд пересчитан по NSP 2011 (с 2010); площадь 1999→2000: 3369→3775 га (+406), встречное изменение у соседней гмины Ryki; площадь 2000→2001: 3775→3851 га (+76), встречное изменение у соседней гмины Stężyca"
PL,PL-0616011,Dęblin,gmina_urban,2021,14504,de_facto_31dec,GUS_BDL:60641,"ряд пересчитан по NSP 2021 (с 2020); площадь 1999→2000: 3369→3775 га (+406), встречное изменение у соседней гмины Ryki; площадь 2000→2001: 3775→3851 га (+76), встречное изменение у соседней гмины Stężyca"
PL,PL-0616011,Dęblin,gmina_urban,2025,13669,de_facto_31dec,GUS_BDL:60641,"ряд пересчитан по NSP 2021 (с 2020); площадь 1999→2000: 3369→3775 га (+406), встречное изменение у соседней гмины Ryki; площадь 2000→2001: 3775→3851 га (+76), встречное изменение у соседней гмины Stężyca"
PL,PL-0616022,Kłoczew,gmina_rural,1988,7905,census_resident,GUS_BDL:196130,"NSP 1988 (6.XII.1988), ludność faktycznie zamieszkała; в API помечено годом 1998, гмины в делении ~1998"
PL,PL-0616022,Kłoczew,gmina_rural,1995,8041,de_facto_31dec,GUS_BDL:60641,ряд до ступеньки 1998→1999 (см. SOURCES.md)
PL,PL-0616022,Kłoczew,gmina_rural,2002,7466,de_facto_31dec,GUS_BDL:60641,
PL,PL-0616022,Kłoczew,gmina_rural,2011,7440,de_facto_31dec,GUS_BDL:60641,ряд пересчитан по NSP 2011 (с 2010)
PL,PL-0616022,Kłoczew,gmina_rural,2021,6874,de_facto_31dec,GUS_BDL:60641,ряд пересчитан по NSP 2021 (с 2020)
PL,PL-0616022,Kłoczew,gmina_rural,2025,6734,de_facto_31dec,GUS_BDL:60641,ряд пересчитан по NSP 2021 (с 2020)
PL,PL-0616032,Nowodwór,gmina_rural,1988,4470,census_resident,GUS_BDL:196130,"NSP 1988 (6.XII.1988), ludność faktycznie zamieszkała; в API помечено годом 1998, гмины в делении ~1998"
PL,PL-0616032,Nowodwór,gmina_rural,1995,4451,de_facto_31dec,GUS_BDL:60641,ряд до ступеньки 1998→1999 (см. SOURCES.md)
PL,PL-0616032,Nowodwór,gmina_rural,2002,4351,de_facto_31dec,GUS_BDL:60641,
PL,PL-0616032,Nowodwór,gmina_rural,2011,4246,de_facto_31dec,GUS_BDL:60641,ряд пересчитан по NSP 2011 (с 2010)
PL,PL-0616032,Nowodwór,gmina_rural,2021,3930,de_facto_31dec,GUS_BDL:60641,ряд пересчитан по NSP 2021 (с 2020)
PL,PL-0616032,Nowodwór,gmina_rural,2025,3838,de_facto_31dec,GUS_BDL:60641,ряд пересчитан по NSP 2021 (с 2020)
PL,PL-0616043,Ryki,gmina_urban_rural,1988,21694,census_resident,GUS_BDL:196130,"NSP 1988 (6.XII.1988), ludność faktycznie zamieszkała; в API помечено годом 1998, гмины в делении ~1998; площадь 1999→2000: 16586→16180 га (-406), встречное изменение у соседней гмины Dęblin"
PL,PL-0616043,Ryki,gmina_urban_rural,1995,22052,de_facto_31dec,GUS_BDL:60641,"ряд до ступеньки 1998→1999 (см. SOURCES.md); площадь 1999→2000: 16586→16180 га (-406), встречное изменение у соседней гмины Dęblin"
PL,PL-0616043,Ryki,gmina_urban_rural,2002,20549,de_facto_31dec,GUS_BDL:60641,"площадь 1999→2000: 16586→16180 га (-406), встречное изменение у соседней гмины Dęblin"
PL,PL-0616043,Ryki,gmina_urban_rural,2011,20822,de_facto_31dec,GUS_BDL:60641,"ряд пересчитан по NSP 2011 (с 2010); площадь 1999→2000: 16586→16180 га (-406), встречное изменение у соседней гмины Dęblin"
PL,PL-0616043,Ryki,gmina_urban_rural,2021,19443,de_facto_31dec,GUS_BDL:60641,"ряд пересчитан по NSP 2021 (с 2020); площадь 1999→2000: 16586→16180 га (-406), встречное изменение у соседней гмины Dęblin"
PL,PL-0616043,Ryki,gmina_urban_rural,2025,18842,de_facto_31dec,GUS_BDL:60641,"ряд пересчитан по NSP 2021 (с 2020); площадь 1999→2000: 16586→16180 га (-406), встречное изменение у соседней гмины Dęblin"
PL,PL-0616052,Stężyca,gmina_rural,1988,6780,census_resident,GUS_BDL:196130,"NSP 1988 (6.XII.1988), ludność faktycznie zamieszkała; в API помечено годом 1998, гмины в делении ~1998"
PL,PL-0616052,Stężyca,gmina_rural,1995,6547,de_facto_31dec,GUS_BDL:60641,ряд до ступеньки 1998→1999 (см. SOURCES.md)
PL,PL-0616052,Stężyca,gmina_rural,2002,5665,de_facto_31dec,GUS_BDL:60641,
PL,PL-0616052,Stężyca,gmina_rural,2011,5400,de_facto_31dec,GUS_BDL:60641,ряд пересчитан по NSP 2011 (с 2010)
PL,PL-0616052,Stężyca,gmina_rural,2021,4846,de_facto_31dec,GUS_BDL:60641,ряд пересчитан по NSP 2021 (с 2020)
PL,PL-0616052,Stężyca,gmina_rural,2025,4628,de_facto_31dec,GUS_BDL:60641,ряд пересчитан по NSP 2021 (с 2020)
PL,PL-0616062,Ułęż,gmina_rural,1988,4340,census_resident,GUS_BDL:196130,"NSP 1988 (6.XII.1988), ludność faktycznie zamieszkała; в API помечено годом 1998, гмины в делении ~1998"
PL,PL-0616062,Ułęż,gmina_rural,1995,4203,de_facto_31dec,GUS_BDL:60641,ряд до ступеньки 1998→1999 (см. SOURCES.md)
PL,PL-0616062,Ułęż,gmina_rural,2002,3763,de_facto_31dec,GUS_BDL:60641,
PL,PL-0616062,Ułęż,gmina_rural,2011,3360,de_facto_31dec,GUS_BDL:60641,ряд пересчитан по NSP 2011 (с 2010)
PL,PL-0616062,Ułęż,gmina_rural,2021,2889,de_facto_31dec,GUS_BDL:60641,ряд пересчитан по NSP 2021 (с 2020)
PL,PL-0616062,Ułęż,gmina_rural,2025,2719,de_facto_31dec,GUS_BDL:60641,ряд пересчитан по NSP 2021 (с 2020)
PL,PL-0617011,Świdnik,gmina_urban,1988,39132,census_resident,GUS_BDL:196130,"NSP 1988 (6.XII.1988), ludność faktycznie zamieszkała; в API помечено годом 1998, гмины в делении ~1998"
PL,PL-0617011,Świdnik,gmina_urban,1995,40389,de_facto_31dec,GUS_BDL:60641,ряд до ступеньки 1998→1999 (см. SOURCES.md)
PL,PL-0617011,Świdnik,gmina_urban,2002,40113,de_facto_31dec,GUS_BDL:60641,
PL,PL-0617011,Świdnik,gmina_urban,2011,40631,de_facto_31dec,GUS_BDL:60641,ряд пересчитан по NSP 2011 (с 2010)
PL,PL-0617011,Świdnik,gmina_urban,2021,37396,de_facto_31dec,GUS_BDL:60641,ряд пересчитан по NSP 2021 (с 2020)
PL,PL-0617011,Świdnik,gmina_urban,2025,36215,de_facto_31dec,GUS_BDL:60641,ряд пересчитан по NSP 2021 (с 2020)
PL,PL-0617022,Mełgiew,gmina_rural,1988,7658,census_resident,GUS_BDL:196130,"NSP 1988 (6.XII.1988), ludność faktycznie zamieszkała; в API помечено годом 1998, гмины в делении ~1998"
PL,PL-0617022,Mełgiew,gmina_rural,1995,7505,de_facto_31dec,GUS_BDL:60641,ряд до ступеньки 1998→1999 (см. SOURCES.md)
PL,PL-0617022,Mełgiew,gmina_rural,2002,7895,de_facto_31dec,GUS_BDL:60641,
PL,PL-0617022,Mełgiew,gmina_rural,2011,9057,de_facto_31dec,GUS_BDL:60641,ряд пересчитан по NSP 2011 (с 2010)
PL,PL-0617022,Mełgiew,gmina_rural,2021,10602,de_facto_31dec,GUS_BDL:60641,ряд пересчитан по NSP 2021 (с 2020)
PL,PL-0617022,Mełgiew,gmina_rural,2025,10923,de_facto_31dec,GUS_BDL:60641,ряд пересчитан по NSP 2021 (с 2020)
PL,PL-0617033,Piaski,gmina_urban_rural,1988,12103,census_resident,GUS_BDL:196130,"NSP 1988 (6.XII.1988), ludność faktycznie zamieszkała; в API помечено годом 1998, гмины в делении ~1998"
PL,PL-0617033,Piaski,gmina_urban_rural,1995,11513,de_facto_31dec,GUS_BDL:60641,ряд до ступеньки 1998→1999 (см. SOURCES.md)
PL,PL-0617033,Piaski,gmina_urban_rural,2002,10931,de_facto_31dec,GUS_BDL:60641,
PL,PL-0617033,Piaski,gmina_urban_rural,2011,10731,de_facto_31dec,GUS_BDL:60641,ряд пересчитан по NSP 2011 (с 2010)
PL,PL-0617033,Piaski,gmina_urban_rural,2021,10332,de_facto_31dec,GUS_BDL:60641,ряд пересчитан по NSP 2021 (с 2020)
PL,PL-0617033,Piaski,gmina_urban_rural,2025,10007,de_facto_31dec,GUS_BDL:60641,ряд пересчитан по NSP 2021 (с 2020)
PL,PL-0617042,Rybczewice,gmina_rural,1988,4774,census_resident,GUS_BDL:196130,"NSP 1988 (6.XII.1988), ludność faktycznie zamieszkała; в API помечено годом 1998, гмины в делении ~1998"
PL,PL-0617042,Rybczewice,gmina_rural,1995,4500,de_facto_31dec,GUS_BDL:60641,ряд до ступеньки 1998→1999 (см. SOURCES.md)
PL,PL-0617042,Rybczewice,gmina_rural,2002,4162,de_facto_31dec,GUS_BDL:60641,
PL,PL-0617042,Rybczewice,gmina_rural,2011,3648,de_facto_31dec,GUS_BDL:60641,ряд пересчитан по NSP 2011 (с 2010)
PL,PL-0617042,Rybczewice,gmina_rural,2021,3251,de_facto_31dec,GUS_BDL:60641,ряд пересчитан по NSP 2021 (с 2020)
PL,PL-0617042,Rybczewice,gmina_rural,2025,3148,de_facto_31dec,GUS_BDL:60641,ряд пересчитан по NSP 2021 (с 2020)
PL,PL-0617052,Trawniki,gmina_rural,1988,9940,census_resident,GUS_BDL:196130,"NSP 1988 (6.XII.1988), ludność faktycznie zamieszkała; в API помечено годом 1998, гмины в делении ~1998"
PL,PL-0617052,Trawniki,gmina_rural,1995,9788,de_facto_31dec,GUS_BDL:60641,ряд до ступеньки 1998→1999 (см. SOURCES.md)
PL,PL-0617052,Trawniki,gmina_rural,2002,9365,de_facto_31dec,GUS_BDL:60641,
PL,PL-0617052,Trawniki,gmina_rural,2011,9259,de_facto_31dec,GUS_BDL:60641,ряд пересчитан по NSP 2011 (с 2010)
PL,PL-0617052,Trawniki,gmina_rural,2021,8544,de_facto_31dec,GUS_BDL:60641,ряд пересчитан по NSP 2021 (с 2020)
PL,PL-0617052,Trawniki,gmina_rural,2025,8313,de_facto_31dec,GUS_BDL:60641,ряд пересчитан по NSP 2021 (с 2020)
PL,PL-0618011,Tomaszów Lubelski,gmina_urban,1988,19598,census_resident,GUS_BDL:196130,"NSP 1988 (6.XII.1988), ludność faktycznie zamieszkała; в API помечено годом 1998, гмины в делении ~1998"
PL,PL-0618011,Tomaszów Lubelski,gmina_urban,1995,21062,de_facto_31dec,GUS_BDL:60641,ряд до ступеньки 1998→1999 (см. SOURCES.md)
PL,PL-0618011,Tomaszów Lubelski,gmina_urban,2002,20332,de_facto_31dec,GUS_BDL:60641,
PL,PL-0618011,Tomaszów Lubelski,gmina_urban,2011,20446,de_facto_31dec,GUS_BDL:60641,ряд пересчитан по NSP 2011 (с 2010)
PL,PL-0618011,Tomaszów Lubelski,gmina_urban,2021,18291,de_facto_31dec,GUS_BDL:60641,ряд пересчитан по NSP 2021 (с 2020)
PL,PL-0618011,Tomaszów Lubelski,gmina_urban,2025,17292,de_facto_31dec,GUS_BDL:60641,ряд пересчитан по NSP 2021 (с 2020)
PL,PL-0618022,Bełżec,gmina_rural,1988,3076,census_resident,GUS_BDL:196130,"NSP 1988 (6.XII.1988), ludność faktycznie zamieszkała; в API помечено годом 1998, гмины в делении ~1998; площадь 2006→2007: 2918→3352 га (+434), встречное изменение у соседней гмины Lubycza Królewska"
PL,PL-0618022,Bełżec,gmina_rural,1995,3203,de_facto_31dec,GUS_BDL:60641,"ряд до ступеньки 1998→1999 (см. SOURCES.md); площадь 2006→2007: 2918→3352 га (+434), встречное изменение у соседней гмины Lubycza Królewska"
PL,PL-0618022,Bełżec,gmina_rural,2002,2997,de_facto_31dec,GUS_BDL:60641,"площадь 2006→2007: 2918→3352 га (+434), встречное изменение у соседней гмины Lubycza Królewska"
PL,PL-0618022,Bełżec,gmina_rural,2011,3456,de_facto_31dec,GUS_BDL:60641,"ряд пересчитан по NSP 2011 (с 2010); площадь 2006→2007: 2918→3352 га (+434), встречное изменение у соседней гмины Lubycza Królewska"
PL,PL-0618022,Bełżec,gmina_rural,2021,3206,de_facto_31dec,GUS_BDL:60641,"ряд пересчитан по NSP 2021 (с 2020); площадь 2006→2007: 2918→3352 га (+434), встречное изменение у соседней гмины Lubycza Królewska"
PL,PL-0618022,Bełżec,gmina_rural,2025,3055,de_facto_31dec,GUS_BDL:60641,"ряд пересчитан по NSP 2021 (с 2020); площадь 2006→2007: 2918→3352 га (+434), встречное изменение у соседней гмины Lubycza Królewska"
PL,PL-0618032,Jarczów,gmina_rural,1988,4241,census_resident,GUS_BDL:196130,"NSP 1988 (6.XII.1988), ludność faktycznie zamieszkała; в API помечено годом 1998, гмины в делении ~1998"
PL,PL-0618032,Jarczów,gmina_rural,1995,4218,de_facto_31dec,GUS_BDL:60641,ряд до ступеньки 1998→1999 (см. SOURCES.md)
PL,PL-0618032,Jarczów,gmina_rural,2002,3777,de_facto_31dec,GUS_BDL:60641,
PL,PL-0618032,Jarczów,gmina_rural,2011,3650,de_facto_31dec,GUS_BDL:60641,ряд пересчитан по NSP 2011 (с 2010)
PL,PL-0618032,Jarczów,gmina_rural,2021,3225,de_facto_31dec,GUS_BDL:60641,ряд пересчитан по NSP 2021 (с 2020)
PL,PL-0618032,Jarczów,gmina_rural,2025,3076,de_facto_31dec,GUS_BDL:60641,ряд пересчитан по NSP 2021 (с 2020)
PL,PL-0618042,Krynice,gmina_rural,1988,4284,census_resident,GUS_BDL:196130,"NSP 1988 (6.XII.1988), ludność faktycznie zamieszkała; в API помечено годом 1998, гмины в делении ~1998"
PL,PL-0618042,Krynice,gmina_rural,1995,4041,de_facto_31dec,GUS_BDL:60641,ряд до ступеньки 1998→1999 (см. SOURCES.md)
PL,PL-0618042,Krynice,gmina_rural,2002,3791,de_facto_31dec,GUS_BDL:60641,
PL,PL-0618042,Krynice,gmina_rural,2011,3493,de_facto_31dec,GUS_BDL:60641,ряд пересчитан по NSP 2011 (с 2010)
PL,PL-0618042,Krynice,gmina_rural,2021,3064,de_facto_31dec,GUS_BDL:60641,ряд пересчитан по NSP 2021 (с 2020)
PL,PL-0618042,Krynice,gmina_rural,2025,2897,de_facto_31dec,GUS_BDL:60641,ряд пересчитан по NSP 2021 (с 2020)
PL,PL-0618053,Lubycza Królewska,gmina_rural,1988,7629,census_resident,GUS_BDL:196130,"NSP 1988 (6.XII.1988), ludność faktycznie zamieszkała; в API помечено годом 1998, гмины в делении ~1998; ID BDL: 060611018052 (gm. wiejska, 1995–2015) → 060611018053 (gm. miejsko-wiejska, 2016–2025); площадь 2006→2007: 21241→20809 га (-432), встречное изменение у соседней гмины Bełżec"
PL,PL-0618053,Lubycza Królewska,gmina_rural,1995,8015,de_facto_31dec,GUS_BDL:60641,"ряд до ступеньки 1998→1999 (см. SOURCES.md); ID BDL: 060611018052 (gm. wiejska, 1995–2015) → 060611018053 (gm. miejsko-wiejska, 2016–2025); площадь 2006→2007: 21241→20809 га (-432), встречное изменение у соседней гмины Bełżec"
PL,PL-0618053,Lubycza Królewska,gmina_rural,2002,7299,de_facto_31dec,GUS_BDL:60641,"ID BDL: 060611018052 (gm. wiejska, 1995–2015) → 060611018053 (gm. miejsko-wiejska, 2016–2025); площадь 2006→2007: 21241→20809 га (-432), встречное изменение у соседней гмины Bełżec"
PL,PL-0618053,Lubycza Królewska,gmina_rural,2011,6602,de_facto_31dec,GUS_BDL:60641,"ряд пересчитан по NSP 2011 (с 2010); ID BDL: 060611018052 (gm. wiejska, 1995–2015) → 060611018053 (gm. miejsko-wiejska, 2016–2025); площадь 2006→2007: 21241→20809 га (-432), встречное изменение у соседней гмины Bełżec"
PL,PL-0618053,Lubycza Królewska,gmina_urban_rural,2021,5716,de_facto_31dec,GUS_BDL:60641,"ряд пересчитан по NSP 2021 (с 2020); ID BDL: 060611018052 (gm. wiejska, 1995–2015) → 060611018053 (gm. miejsko-wiejska, 2016–2025); площадь 2006→2007: 21241→20809 га (-432), встречное изменение у соседней гмины Bełżec"
PL,PL-0618053,Lubycza Królewska,gmina_urban_rural,2025,5310,de_facto_31dec,GUS_BDL:60641,"ряд пересчитан по NSP 2021 (с 2020); ID BDL: 060611018052 (gm. wiejska, 1995–2015) → 060611018053 (gm. miejsko-wiejska, 2016–2025); площадь 2006→2007: 21241→20809 га (-432), встречное изменение у соседней гмины Bełżec"
PL,PL-0618063,Łaszczów,gmina_rural,1988,7281,census_resident,GUS_BDL:196130,"NSP 1988 (6.XII.1988), ludność faktycznie zamieszkała; в API помечено годом 1998, гмины в делении ~1998; ID BDL: 060611018062 (gm. wiejska, 1995–2009) → 060611018063 (gm. miejsko-wiejska, 2010–2025)"
PL,PL-0618063,Łaszczów,gmina_rural,1995,7071,de_facto_31dec,GUS_BDL:60641,"ряд до ступеньки 1998→1999 (см. SOURCES.md); ID BDL: 060611018062 (gm. wiejska, 1995–2009) → 060611018063 (gm. miejsko-wiejska, 2010–2025)"
PL,PL-0618063,Łaszczów,gmina_rural,2002,6661,de_facto_31dec,GUS_BDL:60641,"ID BDL: 060611018062 (gm. wiejska, 1995–2009) → 060611018063 (gm. miejsko-wiejska, 2010–2025)"
PL,PL-0618063,Łaszczów,gmina_urban_rural,2011,6491,de_facto_31dec,GUS_BDL:60641,"ряд пересчитан по NSP 2011 (с 2010); ID BDL: 060611018062 (gm. wiejska, 1995–2009) → 060611018063 (gm. miejsko-wiejska, 2010–2025)"
PL,PL-0618063,Łaszczów,gmina_urban_rural,2021,5626,de_facto_31dec,GUS_BDL:60641,"ряд пересчитан по NSP 2021 (с 2020); ID BDL: 060611018062 (gm. wiejska, 1995–2009) → 060611018063 (gm. miejsko-wiejska, 2010–2025)"
PL,PL-0618063,Łaszczów,gmina_urban_rural,2025,5315,de_facto_31dec,GUS_BDL:60641,"ряд пересчитан по NSP 2021 (с 2020); ID BDL: 060611018062 (gm. wiejska, 1995–2009) → 060611018063 (gm. miejsko-wiejska, 2010–2025)"
PL,PL-0618072,Rachanie,gmina_rural,1988,6516,census_resident,GUS_BDL:196130,"NSP 1988 (6.XII.1988), ludność faktycznie zamieszkała; в API помечено годом 1998, гмины в делении ~1998; площадь 2005→2006: 9405→8925 га (-480), встречное изменение у соседней гмины Tomaszów Lubelski; площадь 2006→2007: 8925→9430 га (+505), встречное изменение у соседней гмины Tomaszów Lubelski"
PL,PL-0618072,Rachanie,gmina_rural,1995,6355,de_facto_31dec,GUS_BDL:60641,"ряд до ступеньки 1998→1999 (см. SOURCES.md); площадь 2005→2006: 9405→8925 га (-480), встречное изменение у соседней гмины Tomaszów Lubelski; площадь 2006→2007: 8925→9430 га (+505), встречное изменение у соседней гмины Tomaszów Lubelski"
PL,PL-0618072,Rachanie,gmina_rural,2002,5859,de_facto_31dec,GUS_BDL:60641,"площадь 2005→2006: 9405→8925 га (-480), встречное изменение у соседней гмины Tomaszów Lubelski; площадь 2006→2007: 8925→9430 га (+505), встречное изменение у соседней гмины Tomaszów Lubelski"
PL,PL-0618072,Rachanie,gmina_rural,2011,5476,de_facto_31dec,GUS_BDL:60641,"ряд пересчитан по NSP 2011 (с 2010); площадь 2005→2006: 9405→8925 га (-480), встречное изменение у соседней гмины Tomaszów Lubelski; площадь 2006→2007: 8925→9430 га (+505), встречное изменение у соседней гмины Tomaszów Lubelski"
PL,PL-0618072,Rachanie,gmina_rural,2021,4701,de_facto_31dec,GUS_BDL:60641,"ряд пересчитан по NSP 2021 (с 2020); площадь 2005→2006: 9405→8925 га (-480), встречное изменение у соседней гмины Tomaszów Lubelski; площадь 2006→2007: 8925→9430 га (+505), встречное изменение у соседней гмины Tomaszów Lubelski"
PL,PL-0618072,Rachanie,gmina_rural,2025,4475,de_facto_31dec,GUS_BDL:60641,"ряд пересчитан по NSP 2021 (с 2020); площадь 2005→2006: 9405→8925 га (-480), встречное изменение у соседней гмины Tomaszów Lubelski; площадь 2006→2007: 8925→9430 га (+505), встречное изменение у соседней гмины Tomaszów Lubelski"
PL,PL-0618082,Susiec,gmina_rural,1988,8196,census_resident,GUS_BDL:196130,"NSP 1988 (6.XII.1988), ludność faktycznie zamieszkała; в API помечено годом 1998, гмины в делении ~1998"
PL,PL-0618082,Susiec,gmina_rural,1995,8133,de_facto_31dec,GUS_BDL:60641,ряд до ступеньки 1998→1999 (см. SOURCES.md)
PL,PL-0618082,Susiec,gmina_rural,2002,8013,de_facto_31dec,GUS_BDL:60641,
PL,PL-0618082,Susiec,gmina_rural,2011,7794,de_facto_31dec,GUS_BDL:60641,ряд пересчитан по NSP 2011 (с 2010)
PL,PL-0618082,Susiec,gmina_rural,2021,7085,de_facto_31dec,GUS_BDL:60641,ряд пересчитан по NSP 2021 (с 2020)
PL,PL-0618082,Susiec,gmina_rural,2025,6729,de_facto_31dec,GUS_BDL:60641,ряд пересчитан по NSP 2021 (с 2020)
PL,PL-0618092,Tarnawatka,gmina_rural,1988,4265,census_resident,GUS_BDL:196130,"NSP 1988 (6.XII.1988), ludność faktycznie zamieszkała; в API помечено годом 1998, гмины в делении ~1998"
PL,PL-0618092,Tarnawatka,gmina_rural,1995,4217,de_facto_31dec,GUS_BDL:60641,ряд до ступеньки 1998→1999 (см. SOURCES.md)
PL,PL-0618092,Tarnawatka,gmina_rural,2002,4160,de_facto_31dec,GUS_BDL:60641,
PL,PL-0618092,Tarnawatka,gmina_rural,2011,4061,de_facto_31dec,GUS_BDL:60641,ряд пересчитан по NSP 2011 (с 2010)
PL,PL-0618092,Tarnawatka,gmina_rural,2021,3811,de_facto_31dec,GUS_BDL:60641,ряд пересчитан по NSP 2021 (с 2020)
PL,PL-0618092,Tarnawatka,gmina_rural,2025,3693,de_facto_31dec,GUS_BDL:60641,ряд пересчитан по NSP 2021 (с 2020)
PL,PL-0618102,Telatyn,gmina_rural,1988,4944,census_resident,GUS_BDL:196130,"NSP 1988 (6.XII.1988), ludność faktycznie zamieszkała; в API помечено годом 1998, гмины в делении ~1998"
PL,PL-0618102,Telatyn,gmina_rural,1995,4848,de_facto_31dec,GUS_BDL:60641,ряд до ступеньки 1998→1999 (см. SOURCES.md)
PL,PL-0618102,Telatyn,gmina_rural,2002,4580,de_facto_31dec,GUS_BDL:60641,
PL,PL-0618102,Telatyn,gmina_rural,2011,4337,de_facto_31dec,GUS_BDL:60641,ряд пересчитан по NSP 2011 (с 2010)
PL,PL-0618102,Telatyn,gmina_rural,2021,3660,de_facto_31dec,GUS_BDL:60641,ряд пересчитан по NSP 2021 (с 2020)
PL,PL-0618102,Telatyn,gmina_rural,2025,3390,de_facto_31dec,GUS_BDL:60641,ряд пересчитан по NSP 2021 (с 2020)
PL,PL-0618112,Tomaszów Lubelski,gmina_rural,1988,10405,census_resident,GUS_BDL:196130,"NSP 1988 (6.XII.1988), ludność faktycznie zamieszkała; в API помечено годом 1998, гмины в делении ~1998; площадь 2005→2006: 17078→17591 га (+513), встречное изменение у соседней гмины Rachanie; площадь 2006→2007: 17591→17087 га (-504), встречное изменение у соседней гмины Rachanie"
PL,PL-0618112,Tomaszów Lubelski,gmina_rural,1995,10440,de_facto_31dec,GUS_BDL:60641,"ряд до ступеньки 1998→1999 (см. SOURCES.md); площадь 2005→2006: 17078→17591 га (+513), встречное изменение у соседней гмины Rachanie; площадь 2006→2007: 17591→17087 га (-504), встречное изменение у соседней гмины Rachanie"
PL,PL-0618112,Tomaszów Lubelski,gmina_rural,2002,10878,de_facto_31dec,GUS_BDL:60641,"площадь 2005→2006: 17078→17591 га (+513), встречное изменение у соседней гмины Rachanie; площадь 2006→2007: 17591→17087 га (-504), встречное изменение у соседней гмины Rachanie"
PL,PL-0618112,Tomaszów Lubelski,gmina_rural,2011,11135,de_facto_31dec,GUS_BDL:60641,"ряд пересчитан по NSP 2011 (с 2010); площадь 2005→2006: 17078→17591 га (+513), встречное изменение у соседней гмины Rachanie; площадь 2006→2007: 17591→17087 га (-504), встречное изменение у соседней гмины Rachanie"
PL,PL-0618112,Tomaszów Lubelski,gmina_rural,2021,11055,de_facto_31dec,GUS_BDL:60641,"ряд пересчитан по NSP 2021 (с 2020); площадь 2005→2006: 17078→17591 га (+513), встречное изменение у соседней гмины Rachanie; площадь 2006→2007: 17591→17087 га (-504), встречное изменение у соседней гмины Rachanie"
PL,PL-0618112,Tomaszów Lubelski,gmina_rural,2025,11005,de_facto_31dec,GUS_BDL:60641,"ряд пересчитан по NSP 2021 (с 2020); площадь 2005→2006: 17078→17591 га (+513), встречное изменение у соседней гмины Rachanie; площадь 2006→2007: 17591→17087 га (-504), встречное изменение у соседней гмины Rachanie"
PL,PL-0618123,Tyszowce,gmina_rural,1988,6877,census_resident,GUS_BDL:196130,"NSP 1988 (6.XII.1988), ludność faktycznie zamieszkała; в API помечено годом 1998, гмины в делении ~1998; ID BDL: 060611018122 (gm. wiejska, 1995–1999) → 060611018123 (gm. miejsko-wiejska, 2000–2025)"
PL,PL-0618123,Tyszowce,gmina_rural,1995,6700,de_facto_31dec,GUS_BDL:60641,"ряд до ступеньки 1998→1999 (см. SOURCES.md); ID BDL: 060611018122 (gm. wiejska, 1995–1999) → 060611018123 (gm. miejsko-wiejska, 2000–2025)"
PL,PL-0618123,Tyszowce,gmina_urban_rural,2002,6531,de_facto_31dec,GUS_BDL:60641,"ID BDL: 060611018122 (gm. wiejska, 1995–1999) → 060611018123 (gm. miejsko-wiejska, 2000–2025)"
PL,PL-0618123,Tyszowce,gmina_urban_rural,2011,6037,de_facto_31dec,GUS_BDL:60641,"ряд пересчитан по NSP 2011 (с 2010); ID BDL: 060611018122 (gm. wiejska, 1995–1999) → 060611018123 (gm. miejsko-wiejska, 2000–2025)"
PL,PL-0618123,Tyszowce,gmina_urban_rural,2021,5240,de_facto_31dec,GUS_BDL:60641,"ряд пересчитан по NSP 2021 (с 2020); ID BDL: 060611018122 (gm. wiejska, 1995–1999) → 060611018123 (gm. miejsko-wiejska, 2000–2025)"
PL,PL-0618123,Tyszowce,gmina_urban_rural,2025,4952,de_facto_31dec,GUS_BDL:60641,"ряд пересчитан по NSP 2021 (с 2020); ID BDL: 060611018122 (gm. wiejska, 1995–1999) → 060611018123 (gm. miejsko-wiejska, 2000–2025)"
PL,PL-0618132,Ulhówek,gmina_rural,1988,5929,census_resident,GUS_BDL:196130,"NSP 1988 (6.XII.1988), ludność faktycznie zamieszkała; в API помечено годом 1998, гмины в делении ~1998"
PL,PL-0618132,Ulhówek,gmina_rural,1995,5830,de_facto_31dec,GUS_BDL:60641,ряд до ступеньки 1998→1999 (см. SOURCES.md)
PL,PL-0618132,Ulhówek,gmina_rural,2002,5417,de_facto_31dec,GUS_BDL:60641,
PL,PL-0618132,Ulhówek,gmina_rural,2011,5054,de_facto_31dec,GUS_BDL:60641,ряд пересчитан по NSP 2011 (с 2010)
PL,PL-0618132,Ulhówek,gmina_rural,2021,4125,de_facto_31dec,GUS_BDL:60641,ряд пересчитан по NSP 2021 (с 2020)
PL,PL-0618132,Ulhówek,gmina_rural,2025,3851,de_facto_31dec,GUS_BDL:60641,ряд пересчитан по NSP 2021 (с 2020)
PL,PL-0619011,Włodawa,gmina_urban,1988,13852,census_resident,GUS_BDL:196130,"NSP 1988 (6.XII.1988), ludność faktycznie zamieszkała; в API помечено годом 1998, гмины в делении ~1998; площадь 2005→2006: 1867→1797 га (-70) — в 2006 г. площади 105 гмин изменились одновременно (вероятно, уточнение учёта площадей); встречного изменения у соседей нет"
PL,PL-0619011,Włodawa,gmina_urban,1995,14870,de_facto_31dec,GUS_BDL:60641,"ряд до ступеньки 1998→1999 (см. SOURCES.md); площадь 2005→2006: 1867→1797 га (-70) — в 2006 г. площади 105 гмин изменились одновременно (вероятно, уточнение учёта площадей); встречного изменения у соседей нет"
PL,PL-0619011,Włodawa,gmina_urban,2002,13814,de_facto_31dec,GUS_BDL:60641,"площадь 2005→2006: 1867→1797 га (-70) — в 2006 г. площади 105 гмин изменились одновременно (вероятно, уточнение учёта площадей); встречного изменения у соседей нет"
PL,PL-0619011,Włodawa,gmina_urban,2011,13768,de_facto_31dec,GUS_BDL:60641,"ряд пересчитан по NSP 2011 (с 2010); площадь 2005→2006: 1867→1797 га (-70) — в 2006 г. площади 105 гмин изменились одновременно (вероятно, уточнение учёта площадей); встречного изменения у соседей нет"
PL,PL-0619011,Włodawa,gmina_urban,2021,12364,de_facto_31dec,GUS_BDL:60641,"ряд пересчитан по NSP 2021 (с 2020); площадь 2005→2006: 1867→1797 га (-70) — в 2006 г. площади 105 гмин изменились одновременно (вероятно, уточнение учёта площадей); встречного изменения у соседей нет"
PL,PL-0619011,Włodawa,gmina_urban,2025,11761,de_facto_31dec,GUS_BDL:60641,"ряд пересчитан по NSP 2021 (с 2020); площадь 2005→2006: 1867→1797 га (-70) — в 2006 г. площади 105 гмин изменились одновременно (вероятно, уточнение учёта площадей); встречного изменения у соседей нет"
PL,PL-0619022,Hanna,gmina_rural,1988,3799,census_resident,GUS_BDL:196130,"NSP 1988 (6.XII.1988), ludność faktycznie zamieszkała; в API помечено годом 1998, гмины в делении ~1998"
PL,PL-0619022,Hanna,gmina_rural,1995,3649,de_facto_31dec,GUS_BDL:60641,ряд до ступеньки 1998→1999 (см. SOURCES.md)
PL,PL-0619022,Hanna,gmina_rural,2002,3462,de_facto_31dec,GUS_BDL:60641,
PL,PL-0619022,Hanna,gmina_rural,2011,3116,de_facto_31dec,GUS_BDL:60641,ряд пересчитан по NSP 2011 (с 2010)
PL,PL-0619022,Hanna,gmina_rural,2021,2573,de_facto_31dec,GUS_BDL:60641,ряд пересчитан по NSP 2021 (с 2020)
PL,PL-0619022,Hanna,gmina_rural,2025,2390,de_facto_31dec,GUS_BDL:60641,ряд пересчитан по NSP 2021 (с 2020)
PL,PL-0619032,Hańsk,gmina_rural,1988,4099,census_resident,GUS_BDL:196130,"NSP 1988 (6.XII.1988), ludność faktycznie zamieszkała; в API помечено годом 1998, гмины в делении ~1998; площадь 2021→2022: 17627→17995 га (+368), встречное изменение у соседней гмины Wola Uhruska"
PL,PL-0619032,Hańsk,gmina_rural,1995,4053,de_facto_31dec,GUS_BDL:60641,"ряд до ступеньки 1998→1999 (см. SOURCES.md); площадь 2021→2022: 17627→17995 га (+368), встречное изменение у соседней гмины Wola Uhruska"
PL,PL-0619032,Hańsk,gmina_rural,2002,3959,de_facto_31dec,GUS_BDL:60641,"площадь 2021→2022: 17627→17995 га (+368), встречное изменение у соседней гмины Wola Uhruska"
PL,PL-0619032,Hańsk,gmina_rural,2011,3849,de_facto_31dec,GUS_BDL:60641,"ряд пересчитан по NSP 2011 (с 2010); площадь 2021→2022: 17627→17995 га (+368), встречное изменение у соседней гмины Wola Uhruska"
PL,PL-0619032,Hańsk,gmina_rural,2021,3497,de_facto_31dec,GUS_BDL:60641,"ряд пересчитан по NSP 2021 (с 2020); площадь 2021→2022: 17627→17995 га (+368), встречное изменение у соседней гмины Wola Uhruska"
PL,PL-0619032,Hańsk,gmina_rural,2025,3340,de_facto_31dec,GUS_BDL:60641,"ряд пересчитан по NSP 2021 (с 2020); площадь 2021→2022: 17627→17995 га (+368), встречное изменение у соседней гмины Wola Uhruska"
PL,PL-0619042,Stary Brus,gmina_rural,1988,2433,census_resident,GUS_BDL:196130,"NSP 1988 (6.XII.1988), ludność faktycznie zamieszkała; в API помечено годом 1998, гмины в делении ~1998"
PL,PL-0619042,Stary Brus,gmina_rural,1995,2408,de_facto_31dec,GUS_BDL:60641,ряд до ступеньки 1998→1999 (см. SOURCES.md)
PL,PL-0619042,Stary Brus,gmina_rural,2002,2266,de_facto_31dec,GUS_BDL:60641,
PL,PL-0619042,Stary Brus,gmina_rural,2011,2170,de_facto_31dec,GUS_BDL:60641,ряд пересчитан по NSP 2011 (с 2010)
PL,PL-0619042,Stary Brus,gmina_rural,2021,1881,de_facto_31dec,GUS_BDL:60641,ряд пересчитан по NSP 2021 (с 2020)
PL,PL-0619042,Stary Brus,gmina_rural,2025,1752,de_facto_31dec,GUS_BDL:60641,ряд пересчитан по NSP 2021 (с 2020)
PL,PL-0619052,Urszulin,gmina_rural,1988,4297,census_resident,GUS_BDL:196130,"NSP 1988 (6.XII.1988), ludność faktycznie zamieszkała; в API помечено годом 1998, гмины в делении ~1998"
PL,PL-0619052,Urszulin,gmina_rural,1995,4269,de_facto_31dec,GUS_BDL:60641,ряд до ступеньки 1998→1999 (см. SOURCES.md)
PL,PL-0619052,Urszulin,gmina_rural,2002,4137,de_facto_31dec,GUS_BDL:60641,
PL,PL-0619052,Urszulin,gmina_rural,2011,4133,de_facto_31dec,GUS_BDL:60641,ряд пересчитан по NSP 2011 (с 2010)
PL,PL-0619052,Urszulin,gmina_rural,2021,4099,de_facto_31dec,GUS_BDL:60641,ряд пересчитан по NSP 2021 (с 2020)
PL,PL-0619052,Urszulin,gmina_rural,2025,4010,de_facto_31dec,GUS_BDL:60641,ряд пересчитан по NSP 2021 (с 2020)
PL,PL-0619062,Włodawa,gmina_rural,1988,6237,census_resident,GUS_BDL:196130,"NSP 1988 (6.XII.1988), ludność faktycznie zamieszkała; в API помечено годом 1998, гмины в делении ~1998"
PL,PL-0619062,Włodawa,gmina_rural,1995,6218,de_facto_31dec,GUS_BDL:60641,ряд до ступеньки 1998→1999 (см. SOURCES.md)
PL,PL-0619062,Włodawa,gmina_rural,2002,5968,de_facto_31dec,GUS_BDL:60641,
PL,PL-0619062,Włodawa,gmina_rural,2011,6049,de_facto_31dec,GUS_BDL:60641,ряд пересчитан по NSP 2011 (с 2010)
PL,PL-0619062,Włodawa,gmina_rural,2021,5753,de_facto_31dec,GUS_BDL:60641,ряд пересчитан по NSP 2021 (с 2020)
PL,PL-0619062,Włodawa,gmina_rural,2025,5610,de_facto_31dec,GUS_BDL:60641,ряд пересчитан по NSP 2021 (с 2020)
PL,PL-0619072,Wola Uhruska,gmina_rural,1988,4766,census_resident,GUS_BDL:196130,"NSP 1988 (6.XII.1988), ludność faktycznie zamieszkała; в API помечено годом 1998, гмины в делении ~1998; площадь 2005→2006: 15086→15407 га (+321), встречное изменение у соседней гмины Hańsk; площадь 2021→2022: 15407→15062 га (-345), встречное изменение у соседней гмины Hańsk"
PL,PL-0619072,Wola Uhruska,gmina_rural,1995,4635,de_facto_31dec,GUS_BDL:60641,"ряд до ступеньки 1998→1999 (см. SOURCES.md); площадь 2005→2006: 15086→15407 га (+321), встречное изменение у соседней гмины Hańsk; площадь 2021→2022: 15407→15062 га (-345), встречное изменение у соседней гмины Hańsk"
PL,PL-0619072,Wola Uhruska,gmina_rural,2002,4303,de_facto_31dec,GUS_BDL:60641,"площадь 2005→2006: 15086→15407 га (+321), встречное изменение у соседней гмины Hańsk; площадь 2021→2022: 15407→15062 га (-345), встречное изменение у соседней гмины Hańsk"
PL,PL-0619072,Wola Uhruska,gmina_rural,2011,4094,de_facto_31dec,GUS_BDL:60641,"ряд пересчитан по NSP 2011 (с 2010); площадь 2005→2006: 15086→15407 га (+321), встречное изменение у соседней гмины Hańsk; площадь 2021→2022: 15407→15062 га (-345), встречное изменение у соседней гмины Hańsk"
PL,PL-0619072,Wola Uhruska,gmina_rural,2021,3659,de_facto_31dec,GUS_BDL:60641,"ряд пересчитан по NSP 2021 (с 2020); площадь 2005→2006: 15086→15407 га (+321), встречное изменение у соседней гмины Hańsk; площадь 2021→2022: 15407→15062 га (-345), встречное изменение у соседней гмины Hańsk"
PL,PL-0619072,Wola Uhruska,gmina_rural,2025,3513,de_facto_31dec,GUS_BDL:60641,"ряд пересчитан по NSP 2021 (с 2020); площадь 2005→2006: 15086→15407 га (+321), встречное изменение у соседней гмины Hańsk; площадь 2021→2022: 15407→15062 га (-345), встречное изменение у соседней гмины Hańsk"
PL,PL-0619082,Wyryki,gmina_rural,1988,3254,census_resident,GUS_BDL:196130,"NSP 1988 (6.XII.1988), ludność faktycznie zamieszkała; в API помечено годом 1998, гмины в делении ~1998"
PL,PL-0619082,Wyryki,gmina_rural,1995,3187,de_facto_31dec,GUS_BDL:60641,ряд до ступеньки 1998→1999 (см. SOURCES.md)
PL,PL-0619082,Wyryki,gmina_rural,2002,2919,de_facto_31dec,GUS_BDL:60641,
PL,PL-0619082,Wyryki,gmina_rural,2011,2758,de_facto_31dec,GUS_BDL:60641,ряд пересчитан по NSP 2011 (с 2010)
PL,PL-0619082,Wyryki,gmina_rural,2021,2343,de_facto_31dec,GUS_BDL:60641,ряд пересчитан по NSP 2021 (с 2020)
PL,PL-0619082,Wyryki,gmina_rural,2025,2130,de_facto_31dec,GUS_BDL:60641,ряд пересчитан по NSP 2021 (с 2020)
PL,PL-0620012,Adamów,gmina_rural,1988,5919,census_resident,GUS_BDL:196130,"NSP 1988 (6.XII.1988), ludność faktycznie zamieszkała; в API помечено годом 1998, гмины в делении ~1998"
PL,PL-0620012,Adamów,gmina_rural,1995,5489,de_facto_31dec,GUS_BDL:60641,ряд до ступеньки 1998→1999 (см. SOURCES.md)
PL,PL-0620012,Adamów,gmina_rural,2002,5237,de_facto_31dec,GUS_BDL:60641,
PL,PL-0620012,Adamów,gmina_rural,2011,4920,de_facto_31dec,GUS_BDL:60641,ряд пересчитан по NSP 2011 (с 2010)
PL,PL-0620012,Adamów,gmina_rural,2021,4486,de_facto_31dec,GUS_BDL:60641,ряд пересчитан по NSP 2021 (с 2020)
PL,PL-0620012,Adamów,gmina_rural,2025,4290,de_facto_31dec,GUS_BDL:60641,ряд пересчитан по NSP 2021 (с 2020)
PL,PL-0620022,Grabowiec,gmina_rural,1988,5607,census_resident,GUS_BDL:196130,"NSP 1988 (6.XII.1988), ludność faktycznie zamieszkała; в API помечено годом 1998, гмины в делении ~1998"
PL,PL-0620022,Grabowiec,gmina_rural,1995,5333,de_facto_31dec,GUS_BDL:60641,ряд до ступеньки 1998→1999 (см. SOURCES.md)
PL,PL-0620022,Grabowiec,gmina_rural,2002,4842,de_facto_31dec,GUS_BDL:60641,
PL,PL-0620022,Grabowiec,gmina_rural,2011,4405,de_facto_31dec,GUS_BDL:60641,ряд пересчитан по NSP 2011 (с 2010)
PL,PL-0620022,Grabowiec,gmina_rural,2021,3665,de_facto_31dec,GUS_BDL:60641,ряд пересчитан по NSP 2021 (с 2020)
PL,PL-0620022,Grabowiec,gmina_rural,2025,3462,de_facto_31dec,GUS_BDL:60641,ряд пересчитан по NSP 2021 (с 2020)
PL,PL-0620032,Komarów-Osada,gmina_rural,1988,6275,census_resident,GUS_BDL:196130,"NSP 1988 (6.XII.1988), ludność faktycznie zamieszkała; в API помечено годом 1998, гмины в делении ~1998"
PL,PL-0620032,Komarów-Osada,gmina_rural,1995,5991,de_facto_31dec,GUS_BDL:60641,ряд до ступеньки 1998→1999 (см. SOURCES.md)
PL,PL-0620032,Komarów-Osada,gmina_rural,2002,5670,de_facto_31dec,GUS_BDL:60641,
PL,PL-0620032,Komarów-Osada,gmina_rural,2011,5362,de_facto_31dec,GUS_BDL:60641,ряд пересчитан по NSP 2011 (с 2010)
PL,PL-0620032,Komarów-Osada,gmina_rural,2021,4583,de_facto_31dec,GUS_BDL:60641,ряд пересчитан по NSP 2021 (с 2020)
PL,PL-0620032,Komarów-Osada,gmina_rural,2025,4350,de_facto_31dec,GUS_BDL:60641,ряд пересчитан по NSP 2021 (с 2020)
PL,PL-0620043,Krasnobród,gmina_urban_rural,1988,7071,census_resident,GUS_BDL:196130,"NSP 1988 (6.XII.1988), ludność faktycznie zamieszkała; в API помечено годом 1998, гмины в делении ~1998"
PL,PL-0620043,Krasnobród,gmina_urban_rural,1995,7190,de_facto_31dec,GUS_BDL:60641,ряд до ступеньки 1998→1999 (см. SOURCES.md)
PL,PL-0620043,Krasnobród,gmina_urban_rural,2002,7348,de_facto_31dec,GUS_BDL:60641,
PL,PL-0620043,Krasnobród,gmina_urban_rural,2011,7255,de_facto_31dec,GUS_BDL:60641,ряд пересчитан по NSP 2011 (с 2010)
PL,PL-0620043,Krasnobród,gmina_urban_rural,2021,6771,de_facto_31dec,GUS_BDL:60641,ряд пересчитан по NSP 2021 (с 2020)
PL,PL-0620043,Krasnobród,gmina_urban_rural,2025,6559,de_facto_31dec,GUS_BDL:60641,ряд пересчитан по NSP 2021 (с 2020)
PL,PL-0620052,Łabunie,gmina_rural,1988,6327,census_resident,GUS_BDL:196130,"NSP 1988 (6.XII.1988), ludność faktycznie zamieszkała; в API помечено годом 1998, гмины в делении ~1998"
PL,PL-0620052,Łabunie,gmina_rural,1995,6387,de_facto_31dec,GUS_BDL:60641,ряд до ступеньки 1998→1999 (см. SOURCES.md)
PL,PL-0620052,Łabunie,gmina_rural,2002,6287,de_facto_31dec,GUS_BDL:60641,
PL,PL-0620052,Łabunie,gmina_rural,2011,6351,de_facto_31dec,GUS_BDL:60641,ряд пересчитан по NSP 2011 (с 2010)
PL,PL-0620052,Łabunie,gmina_rural,2021,5979,de_facto_31dec,GUS_BDL:60641,ряд пересчитан по NSP 2021 (с 2020)
PL,PL-0620052,Łabunie,gmina_rural,2025,5768,de_facto_31dec,GUS_BDL:60641,ряд пересчитан по NSP 2021 (с 2020)
PL,PL-0620062,Miączyn,gmina_rural,1988,7149,census_resident,GUS_BDL:196130,"NSP 1988 (6.XII.1988), ludność faktycznie zamieszkała; в API помечено годом 1998, гмины в делении ~1998"
PL,PL-0620062,Miączyn,gmina_rural,1995,6954,de_facto_31dec,GUS_BDL:60641,ряд до ступеньки 1998→1999 (см. SOURCES.md)
PL,PL-0620062,Miączyn,gmina_rural,2002,6407,de_facto_31dec,GUS_BDL:60641,
PL,PL-0620062,Miączyn,gmina_rural,2011,6157,de_facto_31dec,GUS_BDL:60641,ряд пересчитан по NSP 2011 (с 2010)
PL,PL-0620062,Miączyn,gmina_rural,2021,5211,de_facto_31dec,GUS_BDL:60641,ряд пересчитан по NSP 2021 (с 2020)
PL,PL-0620062,Miączyn,gmina_rural,2025,4809,de_facto_31dec,GUS_BDL:60641,ряд пересчитан по NSP 2021 (с 2020)
PL,PL-0620072,Nielisz,gmina_rural,1988,7071,census_resident,GUS_BDL:196130,"NSP 1988 (6.XII.1988), ludność faktycznie zamieszkała; в API помечено годом 1998, гмины в делении ~1998"
PL,PL-0620072,Nielisz,gmina_rural,1995,6681,de_facto_31dec,GUS_BDL:60641,ряд до ступеньки 1998→1999 (см. SOURCES.md)
PL,PL-0620072,Nielisz,gmina_rural,2002,6205,de_facto_31dec,GUS_BDL:60641,
PL,PL-0620072,Nielisz,gmina_rural,2011,5813,de_facto_31dec,GUS_BDL:60641,ряд пересчитан по NSP 2011 (с 2010)
PL,PL-0620072,Nielisz,gmina_rural,2021,5164,de_facto_31dec,GUS_BDL:60641,ряд пересчитан по NSP 2021 (с 2020)
PL,PL-0620072,Nielisz,gmina_rural,2025,4970,de_facto_31dec,GUS_BDL:60641,ряд пересчитан по NSP 2021 (с 2020)
PL,PL-0620082,Radecznica,gmina_rural,1988,7449,census_resident,GUS_BDL:196130,"NSP 1988 (6.XII.1988), ludność faktycznie zamieszkała; в API помечено годом 1998, гмины в делении ~1998"
PL,PL-0620082,Radecznica,gmina_rural,1995,7164,de_facto_31dec,GUS_BDL:60641,ряд до ступеньки 1998→1999 (см. SOURCES.md)
PL,PL-0620082,Radecznica,gmina_rural,2002,6686,de_facto_31dec,GUS_BDL:60641,
PL,PL-0620082,Radecznica,gmina_rural,2011,6047,de_facto_31dec,GUS_BDL:60641,ряд пересчитан по NSP 2011 (с 2010)
PL,PL-0620082,Radecznica,gmina_rural,2021,5177,de_facto_31dec,GUS_BDL:60641,ряд пересчитан по NSP 2021 (с 2020)
PL,PL-0620082,Radecznica,gmina_rural,2025,4892,de_facto_31dec,GUS_BDL:60641,ряд пересчитан по NSP 2021 (с 2020)
PL,PL-0620092,Sitno,gmina_rural,1988,6892,census_resident,GUS_BDL:196130,"NSP 1988 (6.XII.1988), ludność faktycznie zamieszkała; в API помечено годом 1998, гмины в делении ~1998"
PL,PL-0620092,Sitno,gmina_rural,1995,6744,de_facto_31dec,GUS_BDL:60641,ряд до ступеньки 1998→1999 (см. SOURCES.md)
PL,PL-0620092,Sitno,gmina_rural,2002,6709,de_facto_31dec,GUS_BDL:60641,
PL,PL-0620092,Sitno,gmina_rural,2011,6842,de_facto_31dec,GUS_BDL:60641,ряд пересчитан по NSP 2011 (с 2010)
PL,PL-0620092,Sitno,gmina_rural,2021,6577,de_facto_31dec,GUS_BDL:60641,ряд пересчитан по NSP 2021 (с 2020)
PL,PL-0620092,Sitno,gmina_rural,2025,6533,de_facto_31dec,GUS_BDL:60641,ряд пересчитан по NSP 2021 (с 2020)
PL,PL-0620102,Skierbieszów,gmina_rural,1988,6662,census_resident,GUS_BDL:196130,"NSP 1988 (6.XII.1988), ludność faktycznie zamieszkała; в API помечено годом 1998, гмины в делении ~1998"
PL,PL-0620102,Skierbieszów,gmina_rural,1995,6040,de_facto_31dec,GUS_BDL:60641,ряд до ступеньки 1998→1999 (см. SOURCES.md)
PL,PL-0620102,Skierbieszów,gmina_rural,2002,5777,de_facto_31dec,GUS_BDL:60641,
PL,PL-0620102,Skierbieszów,gmina_rural,2011,5486,de_facto_31dec,GUS_BDL:60641,ряд пересчитан по NSP 2011 (с 2010)
PL,PL-0620102,Skierbieszów,gmina_rural,2021,4797,de_facto_31dec,GUS_BDL:60641,ряд пересчитан по NSP 2021 (с 2020)
PL,PL-0620102,Skierbieszów,gmina_rural,2025,4567,de_facto_31dec,GUS_BDL:60641,ряд пересчитан по NSP 2021 (с 2020)
PL,PL-0620112,Stary Zamość,gmina_rural,1988,5974,census_resident,GUS_BDL:196130,"NSP 1988 (6.XII.1988), ludność faktycznie zamieszkała; в API помечено годом 1998, гмины в делении ~1998"
PL,PL-0620112,Stary Zamość,gmina_rural,1995,5819,de_facto_31dec,GUS_BDL:60641,ряд до ступеньки 1998→1999 (см. SOURCES.md)
PL,PL-0620112,Stary Zamość,gmina_rural,2002,5544,de_facto_31dec,GUS_BDL:60641,
PL,PL-0620112,Stary Zamość,gmina_rural,2011,5413,de_facto_31dec,GUS_BDL:60641,ряд пересчитан по NSP 2011 (с 2010)
PL,PL-0620112,Stary Zamość,gmina_rural,2021,4948,de_facto_31dec,GUS_BDL:60641,ряд пересчитан по NSP 2021 (с 2020)
PL,PL-0620112,Stary Zamość,gmina_rural,2025,4722,de_facto_31dec,GUS_BDL:60641,ряд пересчитан по NSP 2021 (с 2020)
PL,PL-0620122,Sułów,gmina_rural,1988,6436,census_resident,GUS_BDL:196130,"NSP 1988 (6.XII.1988), ludność faktycznie zamieszkała; в API помечено годом 1998, гмины в делении ~1998"
PL,PL-0620122,Sułów,gmina_rural,1995,5711,de_facto_31dec,GUS_BDL:60641,ряд до ступеньки 1998→1999 (см. SOURCES.md)
PL,PL-0620122,Sułów,gmina_rural,2002,5362,de_facto_31dec,GUS_BDL:60641,
PL,PL-0620122,Sułów,gmina_rural,2011,4863,de_facto_31dec,GUS_BDL:60641,ряд пересчитан по NSP 2011 (с 2010)
PL,PL-0620122,Sułów,gmina_rural,2021,4153,de_facto_31dec,GUS_BDL:60641,ряд пересчитан по NSP 2021 (с 2020)
PL,PL-0620122,Sułów,gmina_rural,2025,3914,de_facto_31dec,GUS_BDL:60641,ряд пересчитан по NSP 2021 (с 2020)
PL,PL-0620133,Szczebrzeszyn,gmina_urban_rural,1988,12472,census_resident,GUS_BDL:196130,"NSP 1988 (6.XII.1988), ludność faktycznie zamieszkała; в API помечено годом 1998, гмины в делении ~1998"
PL,PL-0620133,Szczebrzeszyn,gmina_urban_rural,1995,12577,de_facto_31dec,GUS_BDL:60641,ряд до ступеньки 1998→1999 (см. SOURCES.md)
PL,PL-0620133,Szczebrzeszyn,gmina_urban_rural,2002,12287,de_facto_31dec,GUS_BDL:60641,
PL,PL-0620133,Szczebrzeszyn,gmina_urban_rural,2011,11796,de_facto_31dec,GUS_BDL:60641,ряд пересчитан по NSP 2011 (с 2010)
PL,PL-0620133,Szczebrzeszyn,gmina_urban_rural,2021,10748,de_facto_31dec,GUS_BDL:60641,ряд пересчитан по NSP 2021 (с 2020)
PL,PL-0620133,Szczebrzeszyn,gmina_urban_rural,2025,10320,de_facto_31dec,GUS_BDL:60641,ряд пересчитан по NSP 2021 (с 2020)
PL,PL-0620142,Zamość,gmina_rural,1988,18060,census_resident,GUS_BDL:196130,"NSP 1988 (6.XII.1988), ludność faktycznie zamieszkała; в API помечено годом 1998, гмины в делении ~1998"
PL,PL-0620142,Zamość,gmina_rural,1995,18461,de_facto_31dec,GUS_BDL:60641,ряд до ступеньки 1998→1999 (см. SOURCES.md)
PL,PL-0620142,Zamość,gmina_rural,2002,19865,de_facto_31dec,GUS_BDL:60641,
PL,PL-0620142,Zamość,gmina_rural,2011,21881,de_facto_31dec,GUS_BDL:60641,ряд пересчитан по NSP 2011 (с 2010)
PL,PL-0620142,Zamość,gmina_rural,2021,23685,de_facto_31dec,GUS_BDL:60641,ряд пересчитан по NSP 2021 (с 2020)
PL,PL-0620142,Zamość,gmina_rural,2025,23982,de_facto_31dec,GUS_BDL:60641,ряд пересчитан по NSP 2021 (с 2020)
PL,PL-0620153,Zwierzyniec,gmina_urban_rural,1988,7804,census_resident,GUS_BDL:196130,"NSP 1988 (6.XII.1988), ludność faktycznie zamieszkała; в API помечено годом 1998, гмины в делении ~1998; площадь 2005→2006: 15678→15355 га (-323) — в 2006 г. площади 105 гмин изменились одновременно (вероятно, уточнение учёта площадей); встречного изменения у соседей нет"
PL,PL-0620153,Zwierzyniec,gmina_urban_rural,1995,7785,de_facto_31dec,GUS_BDL:60641,"ряд до ступеньки 1998→1999 (см. SOURCES.md); площадь 2005→2006: 15678→15355 га (-323) — в 2006 г. площади 105 гмин изменились одновременно (вероятно, уточнение учёта площадей); встречного изменения у соседей нет"
PL,PL-0620153,Zwierzyniec,gmina_urban_rural,2002,7315,de_facto_31dec,GUS_BDL:60641,"площадь 2005→2006: 15678→15355 га (-323) — в 2006 г. площади 105 гмин изменились одновременно (вероятно, уточнение учёта площадей); встречного изменения у соседей нет"
PL,PL-0620153,Zwierzyniec,gmina_urban_rural,2011,7089,de_facto_31dec,GUS_BDL:60641,"ряд пересчитан по NSP 2011 (с 2010); площадь 2005→2006: 15678→15355 га (-323) — в 2006 г. площади 105 гмин изменились одновременно (вероятно, уточнение учёта площадей); встречного изменения у соседей нет"
PL,PL-0620153,Zwierzyniec,gmina_urban_rural,2021,6237,de_facto_31dec,GUS_BDL:60641,"ряд пересчитан по NSP 2021 (с 2020); площадь 2005→2006: 15678→15355 га (-323) — в 2006 г. площади 105 гмин изменились одновременно (вероятно, уточнение учёта площадей); встречного изменения у соседей нет"
PL,PL-0620153,Zwierzyniec,gmina_urban_rural,2025,5904,de_facto_31dec,GUS_BDL:60641,"ряд пересчитан по NSP 2021 (с 2020); площадь 2005→2006: 15678→15355 га (-323) — в 2006 г. площади 105 гмин изменились одновременно (вероятно, уточнение учёта площадей); встречного изменения у соседей нет"
PL,PL-0661011,Biała Podlaska,gmina_urban,1988,50807,census_resident,GUS_BDL:196130,"NSP 1988 (6.XII.1988), ludność faktycznie zamieszkała; в API помечено годом 1998, гмины в делении ~1998"
PL,PL-0661011,Biała Podlaska,gmina_urban,1995,56453,de_facto_31dec,GUS_BDL:60641,ряд до ступеньки 1998→1999 (см. SOURCES.md)
PL,PL-0661011,Biała Podlaska,gmina_urban,2002,58142,de_facto_31dec,GUS_BDL:60641,
PL,PL-0661011,Biała Podlaska,gmina_urban,2011,58000,de_facto_31dec,GUS_BDL:60641,ряд пересчитан по NSP 2011 (с 2010)
PL,PL-0661011,Biała Podlaska,gmina_urban,2021,55100,de_facto_31dec,GUS_BDL:60641,ряд пересчитан по NSP 2021 (с 2020)
PL,PL-0661011,Biała Podlaska,gmina_urban,2025,53470,de_facto_31dec,GUS_BDL:60641,ряд пересчитан по NSP 2021 (с 2020)
PL,PL-0662011,Chełm,gmina_urban,1988,63318,census_resident,GUS_BDL:196130,"NSP 1988 (6.XII.1988), ludność faktycznie zamieszkała; в API помечено годом 1998, гмины в делении ~1998; площадь 2022→2023: 3528→3997 га (+469), встречное изменение у соседней гмины Chełm; площадь 2024→2025: 3997→3698 га (-299), встречное изменение у соседней гмины Chełm"
PL,PL-0662011,Chełm,gmina_urban,1995,69426,de_facto_31dec,GUS_BDL:60641,"ряд до ступеньки 1998→1999 (см. SOURCES.md); площадь 2022→2023: 3528→3997 га (+469), встречное изменение у соседней гмины Chełm; площадь 2024→2025: 3997→3698 га (-299), встречное изменение у соседней гмины Chełm"
PL,PL-0662011,Chełm,gmina_urban,2002,68672,de_facto_31dec,GUS_BDL:60641,"площадь 2022→2023: 3528→3997 га (+469), встречное изменение у соседней гмины Chełm; площадь 2024→2025: 3997→3698 га (-299), встречное изменение у соседней гмины Chełm"
PL,PL-0662011,Chełm,gmina_urban,2011,66176,de_facto_31dec,GUS_BDL:60641,"ряд пересчитан по NSP 2011 (с 2010); площадь 2022→2023: 3528→3997 га (+469), встречное изменение у соседней гмины Chełm; площадь 2024→2025: 3997→3698 га (-299), встречное изменение у соседней гмины Chełm"
PL,PL-0662011,Chełm,gmina_urban,2021,58805,de_facto_31dec,GUS_BDL:60641,"ряд пересчитан по NSP 2021 (с 2020); площадь 2022→2023: 3528→3997 га (+469), встречное изменение у соседней гмины Chełm; площадь 2024→2025: 3997→3698 га (-299), встречное изменение у соседней гмины Chełm"
PL,PL-0662011,Chełm,gmina_urban,2025,55661,de_facto_31dec,GUS_BDL:60641,"ряд пересчитан по NSP 2021 (с 2020); площадь 2022→2023: 3528→3997 га (+469), встречное изменение у соседней гмины Chełm; площадь 2024→2025: 3997→3698 га (-299), встречное изменение у соседней гмины Chełm"
PL,PL-0663011,Lublin,gmina_urban,1988,345758,census_resident,GUS_BDL:196130,"NSP 1988 (6.XII.1988), ludność faktycznie zamieszkała; в API помечено годом 1998, гмины в делении ~1998"
PL,PL-0663011,Lublin,gmina_urban,1995,354552,de_facto_31dec,GUS_BDL:60641,ряд до ступеньки 1998→1999 (см. SOURCES.md)
PL,PL-0663011,Lublin,gmina_urban,2002,358354,de_facto_31dec,GUS_BDL:60641,
PL,PL-0663011,Lublin,gmina_urban,2011,348567,de_facto_31dec,GUS_BDL:60641,ряд пересчитан по NSP 2011 (с 2010)
PL,PL-0663011,Lublin,gmina_urban,2021,332852,de_facto_31dec,GUS_BDL:60641,ряд пересчитан по NSP 2021 (с 2020)
PL,PL-0663011,Lublin,gmina_urban,2025,326685,de_facto_31dec,GUS_BDL:60641,ряд пересчитан по NSP 2021 (с 2020)
PL,PL-0664011,Zamość,gmina_urban,1988,59129,census_resident,GUS_BDL:196130,"NSP 1988 (6.XII.1988), ludność faktycznie zamieszkała; в API помечено годом 1998, гмины в делении ~1998"
PL,PL-0664011,Zamość,gmina_urban,1995,66534,de_facto_31dec,GUS_BDL:60641,ряд до ступеньки 1998→1999 (см. SOURCES.md)
PL,PL-0664011,Zamość,gmina_urban,2002,66820,de_facto_31dec,GUS_BDL:60641,
PL,PL-0664011,Zamość,gmina_urban,2011,65784,de_facto_31dec,GUS_BDL:60641,ряд пересчитан по NSP 2011 (с 2010)
PL,PL-0664011,Zamość,gmina_urban,2021,59603,de_facto_31dec,GUS_BDL:60641,ряд пересчитан по NSP 2021 (с 2020)
PL,PL-0664011,Zamość,gmina_urban,2025,56844,de_facto_31dec,GUS_BDL:60641,ряд пересчитан по NSP 2021 (с 2020)
PL,PL-2001011,Augustów,gmina_urban,1988,27713,census_resident,GUS_BDL:196130,"NSP 1988 (6.XII.1988), ludność faktycznie zamieszkała; в API помечено годом 1998, гмины в делении ~1998"
PL,PL-2001011,Augustów,gmina_urban,1995,29500,de_facto_31dec,GUS_BDL:60641,ряд до ступеньки 1998→1999 (см. SOURCES.md)
PL,PL-2001011,Augustów,gmina_urban,2002,29713,de_facto_31dec,GUS_BDL:60641,
PL,PL-2001011,Augustów,gmina_urban,2011,30825,de_facto_31dec,GUS_BDL:60641,ряд пересчитан по NSP 2011 (с 2010)
PL,PL-2001011,Augustów,gmina_urban,2021,29341,de_facto_31dec,GUS_BDL:60641,ряд пересчитан по NSP 2021 (с 2020)
PL,PL-2001011,Augustów,gmina_urban,2025,28518,de_facto_31dec,GUS_BDL:60641,ряд пересчитан по NSP 2021 (с 2020)
PL,PL-2001022,Augustów,gmina_rural,1988,7152,census_resident,GUS_BDL:196130,"NSP 1988 (6.XII.1988), ludność faktycznie zamieszkała; в API помечено годом 1998, гмины в делении ~1998"
PL,PL-2001022,Augustów,gmina_rural,1995,7140,de_facto_31dec,GUS_BDL:60641,ряд до ступеньки 1998→1999 (см. SOURCES.md)
PL,PL-2001022,Augustów,gmina_rural,2002,6774,de_facto_31dec,GUS_BDL:60641,
PL,PL-2001022,Augustów,gmina_rural,2011,6882,de_facto_31dec,GUS_BDL:60641,ряд пересчитан по NSP 2011 (с 2010)
PL,PL-2001022,Augustów,gmina_rural,2021,6444,de_facto_31dec,GUS_BDL:60641,ряд пересчитан по NSP 2021 (с 2020)
PL,PL-2001022,Augustów,gmina_rural,2025,6349,de_facto_31dec,GUS_BDL:60641,ряд пересчитан по NSP 2021 (с 2020)
PL,PL-2001032,Bargłów Kościelny,gmina_rural,1988,6274,census_resident,GUS_BDL:196130,"NSP 1988 (6.XII.1988), ludność faktycznie zamieszkała; в API помечено годом 1998, гмины в делении ~1998"
PL,PL-2001032,Bargłów Kościelny,gmina_rural,1995,6042,de_facto_31dec,GUS_BDL:60641,ряд до ступеньки 1998→1999 (см. SOURCES.md)
PL,PL-2001032,Bargłów Kościelny,gmina_rural,2002,5773,de_facto_31dec,GUS_BDL:60641,
PL,PL-2001032,Bargłów Kościelny,gmina_rural,2011,5788,de_facto_31dec,GUS_BDL:60641,ряд пересчитан по NSP 2011 (с 2010)
PL,PL-2001032,Bargłów Kościelny,gmina_rural,2021,5081,de_facto_31dec,GUS_BDL:60641,ряд пересчитан по NSP 2021 (с 2020)
PL,PL-2001032,Bargłów Kościelny,gmina_rural,2025,4909,de_facto_31dec,GUS_BDL:60641,ряд пересчитан по NSP 2021 (с 2020)
PL,PL-2001043,Lipsk,gmina_urban_rural,1988,6174,census_resident,GUS_BDL:196130,"NSP 1988 (6.XII.1988), ludność faktycznie zamieszkała; в API помечено годом 1998, гмины в делении ~1998"
PL,PL-2001043,Lipsk,gmina_urban_rural,1995,6377,de_facto_31dec,GUS_BDL:60641,ряд до ступеньки 1998→1999 (см. SOURCES.md)
PL,PL-2001043,Lipsk,gmina_urban_rural,2002,5815,de_facto_31dec,GUS_BDL:60641,
PL,PL-2001043,Lipsk,gmina_urban_rural,2011,5553,de_facto_31dec,GUS_BDL:60641,ряд пересчитан по NSP 2011 (с 2010)
PL,PL-2001043,Lipsk,gmina_urban_rural,2021,4548,de_facto_31dec,GUS_BDL:60641,ряд пересчитан по NSP 2021 (с 2020)
PL,PL-2001043,Lipsk,gmina_urban_rural,2025,4211,de_facto_31dec,GUS_BDL:60641,ряд пересчитан по NSP 2021 (с 2020)
PL,PL-2001052,Nowinka,gmina_rural,1988,2965,census_resident,GUS_BDL:196130,"NSP 1988 (6.XII.1988), ludność faktycznie zamieszkała; в API помечено годом 1998, гмины в делении ~1998"
PL,PL-2001052,Nowinka,gmina_rural,1995,2919,de_facto_31dec,GUS_BDL:60641,ряд до ступеньки 1998→1999 (см. SOURCES.md)
PL,PL-2001052,Nowinka,gmina_rural,2002,2798,de_facto_31dec,GUS_BDL:60641,
PL,PL-2001052,Nowinka,gmina_rural,2011,2956,de_facto_31dec,GUS_BDL:60641,ряд пересчитан по NSP 2011 (с 2010)
PL,PL-2001052,Nowinka,gmina_rural,2021,2882,de_facto_31dec,GUS_BDL:60641,ряд пересчитан по NSP 2021 (с 2020)
PL,PL-2001052,Nowinka,gmina_rural,2025,2830,de_facto_31dec,GUS_BDL:60641,ряд пересчитан по NSP 2021 (с 2020)
PL,PL-2001062,Płaska,gmina_rural,1988,2709,census_resident,GUS_BDL:196130,"NSP 1988 (6.XII.1988), ludność faktycznie zamieszkała; в API помечено годом 1998, гмины в делении ~1998"
PL,PL-2001062,Płaska,gmina_rural,1995,2739,de_facto_31dec,GUS_BDL:60641,ряд до ступеньки 1998→1999 (см. SOURCES.md)
PL,PL-2001062,Płaska,gmina_rural,2002,2641,de_facto_31dec,GUS_BDL:60641,
PL,PL-2001062,Płaska,gmina_rural,2011,2602,de_facto_31dec,GUS_BDL:60641,ряд пересчитан по NSP 2011 (с 2010)
PL,PL-2001062,Płaska,gmina_rural,2021,2370,de_facto_31dec,GUS_BDL:60641,ряд пересчитан по NSP 2021 (с 2020)
PL,PL-2001062,Płaska,gmina_rural,2025,2293,de_facto_31dec,GUS_BDL:60641,ряд пересчитан по NSP 2021 (с 2020)
PL,PL-2001072,Sztabin,gmina_rural,1988,6109,census_resident,GUS_BDL:196130,"NSP 1988 (6.XII.1988), ludność faktycznie zamieszkała; в API помечено годом 1998, гмины в делении ~1998"
PL,PL-2001072,Sztabin,gmina_rural,1995,6015,de_facto_31dec,GUS_BDL:60641,ряд до ступеньки 1998→1999 (см. SOURCES.md)
PL,PL-2001072,Sztabin,gmina_rural,2002,5652,de_facto_31dec,GUS_BDL:60641,
PL,PL-2001072,Sztabin,gmina_rural,2011,5370,de_facto_31dec,GUS_BDL:60641,ряд пересчитан по NSP 2011 (с 2010)
PL,PL-2001072,Sztabin,gmina_rural,2021,4640,de_facto_31dec,GUS_BDL:60641,ряд пересчитан по NSP 2021 (с 2020)
PL,PL-2001072,Sztabin,gmina_rural,2025,4376,de_facto_31dec,GUS_BDL:60641,ряд пересчитан по NSP 2021 (с 2020)
PL,PL-2002013,Choroszcz,gmina_urban_rural,1988,13194,census_resident,GUS_BDL:196130,"NSP 1988 (6.XII.1988), ludność faktycznie zamieszkała; в API помечено годом 1998, гмины в делении ~1998"
PL,PL-2002013,Choroszcz,gmina_urban_rural,1995,12272,de_facto_31dec,GUS_BDL:60641,ряд до ступеньки 1998→1999 (см. SOURCES.md)
PL,PL-2002013,Choroszcz,gmina_urban_rural,2002,12558,de_facto_31dec,GUS_BDL:60641,
PL,PL-2002013,Choroszcz,gmina_urban_rural,2011,14127,de_facto_31dec,GUS_BDL:60641,ряд пересчитан по NSP 2011 (с 2010)
PL,PL-2002013,Choroszcz,gmina_urban_rural,2021,17183,de_facto_31dec,GUS_BDL:60641,ряд пересчитан по NSP 2021 (с 2020)
PL,PL-2002013,Choroszcz,gmina_urban_rural,2025,19058,de_facto_31dec,GUS_BDL:60641,ряд пересчитан по NSP 2021 (с 2020)
PL,PL-2002023,Czarna Białostocka,gmina_urban_rural,1988,11601,census_resident,GUS_BDL:196130,"NSP 1988 (6.XII.1988), ludność faktycznie zamieszkała; в API помечено годом 1998, гмины в делении ~1998"
PL,PL-2002023,Czarna Białostocka,gmina_urban_rural,1995,12054,de_facto_31dec,GUS_BDL:60641,ряд до ступеньки 1998→1999 (см. SOURCES.md)
PL,PL-2002023,Czarna Białostocka,gmina_urban_rural,2002,11778,de_facto_31dec,GUS_BDL:60641,
PL,PL-2002023,Czarna Białostocka,gmina_urban_rural,2011,11842,de_facto_31dec,GUS_BDL:60641,ряд пересчитан по NSP 2011 (с 2010)
PL,PL-2002023,Czarna Białostocka,gmina_urban_rural,2021,10887,de_facto_31dec,GUS_BDL:60641,ряд пересчитан по NSP 2021 (с 2020)
PL,PL-2002023,Czarna Białostocka,gmina_urban_rural,2025,10439,de_facto_31dec,GUS_BDL:60641,ряд пересчитан по NSP 2021 (с 2020)
PL,PL-2002032,Dobrzyniewo Duże,gmina_rural,1988,8215,census_resident,GUS_BDL:196130,"NSP 1988 (6.XII.1988), ludność faktycznie zamieszkała; в API помечено годом 1998, гмины в делении ~1998; площадь 2001→2002: 16488→16067 га (-421), встречное изменение у соседней гмины Białystok"
PL,PL-2002032,Dobrzyniewo Duże,gmina_rural,1995,8020,de_facto_31dec,GUS_BDL:60641,"ряд до ступеньки 1998→1999 (см. SOURCES.md); площадь 2001→2002: 16488→16067 га (-421), встречное изменение у соседней гмины Białystok"
PL,PL-2002032,Dobrzyniewo Duże,gmina_rural,2002,7732,de_facto_31dec,GUS_BDL:60641,"площадь 2001→2002: 16488→16067 га (-421), встречное изменение у соседней гмины Białystok"
PL,PL-2002032,Dobrzyniewo Duże,gmina_rural,2011,8565,de_facto_31dec,GUS_BDL:60641,"ряд пересчитан по NSP 2011 (с 2010); площадь 2001→2002: 16488→16067 га (-421), встречное изменение у соседней гмины Białystok"
PL,PL-2002032,Dobrzyniewo Duże,gmina_rural,2021,10082,de_facto_31dec,GUS_BDL:60641,"ряд пересчитан по NSP 2021 (с 2020); площадь 2001→2002: 16488→16067 га (-421), встречное изменение у соседней гмины Białystok"
PL,PL-2002032,Dobrzyniewo Duże,gmina_rural,2025,10769,de_facto_31dec,GUS_BDL:60641,"ряд пересчитан по NSP 2021 (с 2020); площадь 2001→2002: 16488→16067 га (-421), встречное изменение у соседней гмины Białystok"
PL,PL-2002042,Gródek,gmina_rural,1988,7253,census_resident,GUS_BDL:196130,"NSP 1988 (6.XII.1988), ludność faktycznie zamieszkała; в API помечено годом 1998, гмины в делении ~1998"
PL,PL-2002042,Gródek,gmina_rural,1995,6769,de_facto_31dec,GUS_BDL:60641,ряд до ступеньки 1998→1999 (см. SOURCES.md)
PL,PL-2002042,Gródek,gmina_rural,2002,6004,de_facto_31dec,GUS_BDL:60641,
PL,PL-2002042,Gródek,gmina_rural,2011,5680,de_facto_31dec,GUS_BDL:60641,ряд пересчитан по NSP 2011 (с 2010)
PL,PL-2002042,Gródek,gmina_rural,2021,4987,de_facto_31dec,GUS_BDL:60641,ряд пересчитан по NSP 2021 (с 2020)
PL,PL-2002042,Gródek,gmina_rural,2025,4757,de_facto_31dec,GUS_BDL:60641,ряд пересчитан по NSP 2021 (с 2020)
PL,PL-2002052,Juchnowiec Kościelny,gmina_rural,1988,10759,census_resident,GUS_BDL:196130,"NSP 1988 (6.XII.1988), ludność faktycznie zamieszkała; в API помечено годом 1998, гмины в делении ~1998"
PL,PL-2002052,Juchnowiec Kościelny,gmina_rural,1995,11379,de_facto_31dec,GUS_BDL:60641,ряд до ступеньки 1998→1999 (см. SOURCES.md)
PL,PL-2002052,Juchnowiec Kościelny,gmina_rural,2002,12634,de_facto_31dec,GUS_BDL:60641,
PL,PL-2002052,Juchnowiec Kościelny,gmina_rural,2011,14859,de_facto_31dec,GUS_BDL:60641,ряд пересчитан по NSP 2011 (с 2010)
PL,PL-2002052,Juchnowiec Kościelny,gmina_rural,2021,18102,de_facto_31dec,GUS_BDL:60641,ряд пересчитан по NSP 2021 (с 2020)
PL,PL-2002052,Juchnowiec Kościelny,gmina_rural,2025,18971,de_facto_31dec,GUS_BDL:60641,ряд пересчитан по NSP 2021 (с 2020)
PL,PL-2002063,Łapy,gmina_urban_rural,1988,23514,census_resident,GUS_BDL:196130,"NSP 1988 (6.XII.1988), ludność faktycznie zamieszkała; в API помечено годом 1998, гмины в делении ~1998"
PL,PL-2002063,Łapy,gmina_urban_rural,1995,24317,de_facto_31dec,GUS_BDL:60641,ряд до ступеньки 1998→1999 (см. SOURCES.md)
PL,PL-2002063,Łapy,gmina_urban_rural,2002,23361,de_facto_31dec,GUS_BDL:60641,
PL,PL-2002063,Łapy,gmina_urban_rural,2011,22720,de_facto_31dec,GUS_BDL:60641,ряд пересчитан по NSP 2011 (с 2010)
PL,PL-2002063,Łapy,gmina_urban_rural,2021,20696,de_facto_31dec,GUS_BDL:60641,ряд пересчитан по NSP 2021 (с 2020)
PL,PL-2002063,Łapy,gmina_urban_rural,2025,19823,de_facto_31dec,GUS_BDL:60641,ряд пересчитан по NSP 2021 (с 2020)
PL,PL-2002073,Michałowo,gmina_rural,1988,9340,census_resident,GUS_BDL:196130,"NSP 1988 (6.XII.1988), ludność faktycznie zamieszkała; в API помечено годом 1998, гмины в делении ~1998; ID BDL: 062013702072 (gm. wiejska, 1995–2008) → 062013702073 (gm. miejsko-wiejska, 2009–2025)"
PL,PL-2002073,Michałowo,gmina_rural,1995,8706,de_facto_31dec,GUS_BDL:60641,"ряд до ступеньки 1998→1999 (см. SOURCES.md); ID BDL: 062013702072 (gm. wiejska, 1995–2008) → 062013702073 (gm. miejsko-wiejska, 2009–2025)"
PL,PL-2002073,Michałowo,gmina_rural,2002,7492,de_facto_31dec,GUS_BDL:60641,"ID BDL: 062013702072 (gm. wiejska, 1995–2008) → 062013702073 (gm. miejsko-wiejska, 2009–2025)"
PL,PL-2002073,Michałowo,gmina_urban_rural,2011,7194,de_facto_31dec,GUS_BDL:60641,"ряд пересчитан по NSP 2011 (с 2010); ID BDL: 062013702072 (gm. wiejska, 1995–2008) → 062013702073 (gm. miejsko-wiejska, 2009–2025)"
PL,PL-2002073,Michałowo,gmina_urban_rural,2021,6046,de_facto_31dec,GUS_BDL:60641,"ряд пересчитан по NSP 2021 (с 2020); ID BDL: 062013702072 (gm. wiejska, 1995–2008) → 062013702073 (gm. miejsko-wiejska, 2009–2025)"
PL,PL-2002073,Michałowo,gmina_urban_rural,2025,5693,de_facto_31dec,GUS_BDL:60641,"ряд пересчитан по NSP 2021 (с 2020); ID BDL: 062013702072 (gm. wiejska, 1995–2008) → 062013702073 (gm. miejsko-wiejska, 2009–2025)"
PL,PL-2002082,Poświętne,gmina_rural,1988,4187,census_resident,GUS_BDL:196130,"NSP 1988 (6.XII.1988), ludność faktycznie zamieszkała; в API помечено годом 1998, гмины в делении ~1998"
PL,PL-2002082,Poświętne,gmina_rural,1995,4116,de_facto_31dec,GUS_BDL:60641,ряд до ступеньки 1998→1999 (см. SOURCES.md)
PL,PL-2002082,Poświętne,gmina_rural,2002,3796,de_facto_31dec,GUS_BDL:60641,
PL,PL-2002082,Poświętne,gmina_rural,2011,3693,de_facto_31dec,GUS_BDL:60641,ряд пересчитан по NSP 2011 (с 2010)
PL,PL-2002082,Poświętne,gmina_rural,2021,3148,de_facto_31dec,GUS_BDL:60641,ряд пересчитан по NSP 2021 (с 2020)
PL,PL-2002082,Poświętne,gmina_rural,2025,3000,de_facto_31dec,GUS_BDL:60641,ряд пересчитан по NSP 2021 (с 2020)
PL,PL-2002093,Supraśl,gmina_urban_rural,1988,10891,census_resident,GUS_BDL:196130,"NSP 1988 (6.XII.1988), ludność faktycznie zamieszkała; в API помечено годом 1998, гмины в делении ~1998; площадь 2024→2025: 18855→12392 га (-6463), из части территории образована соседняя гмина Grabówka"
PL,PL-2002093,Supraśl,gmina_urban_rural,1995,11207,de_facto_31dec,GUS_BDL:60641,"ряд до ступеньки 1998→1999 (см. SOURCES.md); площадь 2024→2025: 18855→12392 га (-6463), из части территории образована соседняя гмина Grabówka"
PL,PL-2002093,Supraśl,gmina_urban_rural,2002,12147,de_facto_31dec,GUS_BDL:60641,"площадь 2024→2025: 18855→12392 га (-6463), из части территории образована соседняя гмина Grabówka"
PL,PL-2002093,Supraśl,gmina_urban_rural,2011,13923,de_facto_31dec,GUS_BDL:60641,"ряд пересчитан по NSP 2011 (с 2010); площадь 2024→2025: 18855→12392 га (-6463), из части территории образована соседняя гмина Grabówka"
PL,PL-2002093,Supraśl,gmina_urban_rural,2021,17260,de_facto_31dec,GUS_BDL:60641,"ряд пересчитан по NSP 2021 (с 2020); площадь 2024→2025: 18855→12392 га (-6463), из части территории образована соседняя гмина Grabówka"
PL,PL-2002093,Supraśl,gmina_urban_rural,2025,8188,de_facto_31dec,GUS_BDL:60641,"ряд пересчитан по NSP 2021 (с 2020); с 1.01.2025 из гмины выделена Grabówka (PL-2002162; сельская часть 14253→3933 чел.); для территории до 2025 г. сложить с Grabówka; площадь 2024→2025: 18855→12392 га (-6463), из части территории образована соседняя гмина Grabówka"
PL,PL-2002103,Suraż,gmina_urban_rural,1988,2353,census_resident,GUS_BDL:196130,"NSP 1988 (6.XII.1988), ludność faktycznie zamieszkała; в API помечено годом 1998, гмины в делении ~1998"
PL,PL-2002103,Suraż,gmina_urban_rural,1995,2245,de_facto_31dec,GUS_BDL:60641,ряд до ступеньки 1998→1999 (см. SOURCES.md)
PL,PL-2002103,Suraż,gmina_urban_rural,2002,2090,de_facto_31dec,GUS_BDL:60641,
PL,PL-2002103,Suraż,gmina_urban_rural,2011,2075,de_facto_31dec,GUS_BDL:60641,ряд пересчитан по NSP 2011 (с 2010)
PL,PL-2002103,Suraż,gmina_urban_rural,2021,1929,de_facto_31dec,GUS_BDL:60641,ряд пересчитан по NSP 2021 (с 2020)
PL,PL-2002103,Suraż,gmina_urban_rural,2025,1883,de_facto_31dec,GUS_BDL:60641,ряд пересчитан по NSP 2021 (с 2020)
PL,PL-2002112,Turośń Kościelna,gmina_rural,1988,5048,census_resident,GUS_BDL:196130,"NSP 1988 (6.XII.1988), ludność faktycznie zamieszkała; в API помечено годом 1998, гмины в делении ~1998"
PL,PL-2002112,Turośń Kościelna,gmina_rural,1995,4938,de_facto_31dec,GUS_BDL:60641,ряд до ступеньки 1998→1999 (см. SOURCES.md)
PL,PL-2002112,Turośń Kościelna,gmina_rural,2002,5141,de_facto_31dec,GUS_BDL:60641,
PL,PL-2002112,Turośń Kościelna,gmina_rural,2011,5832,de_facto_31dec,GUS_BDL:60641,ряд пересчитан по NSP 2011 (с 2010)
PL,PL-2002112,Turośń Kościelna,gmina_rural,2021,6835,de_facto_31dec,GUS_BDL:60641,ряд пересчитан по NSP 2021 (с 2020)
PL,PL-2002112,Turośń Kościelna,gmina_rural,2025,7226,de_facto_31dec,GUS_BDL:60641,ряд пересчитан по NSP 2021 (с 2020)
PL,PL-2002123,Tykocin,gmina_urban_rural,1988,7024,census_resident,GUS_BDL:196130,"NSP 1988 (6.XII.1988), ludność faktycznie zamieszkała; в API помечено годом 1998, гмины в делении ~1998"
PL,PL-2002123,Tykocin,gmina_urban_rural,1995,6992,de_facto_31dec,GUS_BDL:60641,ряд до ступеньки 1998→1999 (см. SOURCES.md)
PL,PL-2002123,Tykocin,gmina_urban_rural,2002,6585,de_facto_31dec,GUS_BDL:60641,
PL,PL-2002123,Tykocin,gmina_urban_rural,2011,6477,de_facto_31dec,GUS_BDL:60641,ряд пересчитан по NSP 2011 (с 2010)
PL,PL-2002123,Tykocin,gmina_urban_rural,2021,5818,de_facto_31dec,GUS_BDL:60641,ряд пересчитан по NSP 2021 (с 2020)
PL,PL-2002123,Tykocin,gmina_urban_rural,2025,5594,de_facto_31dec,GUS_BDL:60641,ряд пересчитан по NSP 2021 (с 2020)
PL,PL-2002133,Wasilków,gmina_urban_rural,1988,10296,census_resident,GUS_BDL:196130,"NSP 1988 (6.XII.1988), ludność faktycznie zamieszkała; в API помечено годом 1998, гмины в делении ~1998"
PL,PL-2002133,Wasilków,gmina_urban_rural,1995,11095,de_facto_31dec,GUS_BDL:60641,ряд до ступеньки 1998→1999 (см. SOURCES.md)
PL,PL-2002133,Wasilków,gmina_urban_rural,2002,12195,de_facto_31dec,GUS_BDL:60641,
PL,PL-2002133,Wasilków,gmina_urban_rural,2011,14699,de_facto_31dec,GUS_BDL:60641,ряд пересчитан по NSP 2011 (с 2010)
PL,PL-2002133,Wasilków,gmina_urban_rural,2021,19738,de_facto_31dec,GUS_BDL:60641,ряд пересчитан по NSP 2021 (с 2020)
PL,PL-2002133,Wasilków,gmina_urban_rural,2025,21690,de_facto_31dec,GUS_BDL:60641,ряд пересчитан по NSP 2021 (с 2020)
PL,PL-2002143,Zabłudów,gmina_urban_rural,1988,11757,census_resident,GUS_BDL:196130,"NSP 1988 (6.XII.1988), ludność faktycznie zamieszkała; в API помечено годом 1998, гмины в делении ~1998; площадь 2005→2006: 34814→33976 га (-838), встречное изменение у соседней гмины Białystok"
PL,PL-2002143,Zabłudów,gmina_urban_rural,1995,11646,de_facto_31dec,GUS_BDL:60641,"ряд до ступеньки 1998→1999 (см. SOURCES.md); площадь 2005→2006: 34814→33976 га (-838), встречное изменение у соседней гмины Białystok"
PL,PL-2002143,Zabłudów,gmina_urban_rural,2002,11750,de_facto_31dec,GUS_BDL:60641,"площадь 2005→2006: 34814→33976 га (-838), встречное изменение у соседней гмины Białystok"
PL,PL-2002143,Zabłudów,gmina_urban_rural,2011,9112,de_facto_31dec,GUS_BDL:60641,"ряд пересчитан по NSP 2011 (с 2010); площадь 2005→2006: 34814→33976 га (-838), встречное изменение у соседней гмины Białystok"
PL,PL-2002143,Zabłudów,gmina_urban_rural,2021,9831,de_facto_31dec,GUS_BDL:60641,"ряд пересчитан по NSP 2021 (с 2020); площадь 2005→2006: 34814→33976 га (-838), встречное изменение у соседней гмины Białystok"
PL,PL-2002143,Zabłudów,gmina_urban_rural,2025,10344,de_facto_31dec,GUS_BDL:60641,"ряд пересчитан по NSP 2021 (с 2020); площадь 2005→2006: 34814→33976 га (-838), встречное изменение у соседней гмины Białystok"
PL,PL-2002152,Zawady,gmina_rural,1988,3223,census_resident,GUS_BDL:196130,"NSP 1988 (6.XII.1988), ludność faktycznie zamieszkała; в API помечено годом 1998, гмины в делении ~1998"
PL,PL-2002152,Zawady,gmina_rural,1995,3149,de_facto_31dec,GUS_BDL:60641,ряд до ступеньки 1998→1999 (см. SOURCES.md)
PL,PL-2002152,Zawady,gmina_rural,2002,3104,de_facto_31dec,GUS_BDL:60641,
PL,PL-2002152,Zawady,gmina_rural,2011,2903,de_facto_31dec,GUS_BDL:60641,ряд пересчитан по NSP 2011 (с 2010)
PL,PL-2002152,Zawady,gmina_rural,2021,2531,de_facto_31dec,GUS_BDL:60641,ряд пересчитан по NSP 2021 (с 2020)
PL,PL-2002152,Zawady,gmina_rural,2025,2399,de_facto_31dec,GUS_BDL:60641,ряд пересчитан по NSP 2021 (с 2020)
PL,PL-2002162,Grabówka,gmina_rural,1988,,census_resident,GUS_BDL:196130,"NSP 1988 (6.XII.1988), ludność faktycznie zamieszkała; в API помечено годом 1998, гмины в делении ~1998; гмина создана 1.01.2025 из части гм. Supraśl (PL-2002093); ранее данные в составе Supraśl"
PL,PL-2002162,Grabówka,gmina_rural,1995,,de_facto_31dec,GUS_BDL:60641,ряд до ступеньки 1998→1999 (см. SOURCES.md); гмина создана 1.01.2025 из части гм. Supraśl (PL-2002093); ранее данные в составе Supraśl
PL,PL-2002162,Grabówka,gmina_rural,2002,,de_facto_31dec,GUS_BDL:60641,гмина создана 1.01.2025 из части гм. Supraśl (PL-2002093); ранее данные в составе Supraśl
PL,PL-2002162,Grabówka,gmina_rural,2011,,de_facto_31dec,GUS_BDL:60641,ряд пересчитан по NSP 2011 (с 2010); гмина создана 1.01.2025 из части гм. Supraśl (PL-2002093); ранее данные в составе Supraśl
PL,PL-2002162,Grabówka,gmina_rural,2021,,de_facto_31dec,GUS_BDL:60641,ряд пересчитан по NSP 2021 (с 2020); гмина создана 1.01.2025 из части гм. Supraśl (PL-2002093); ранее данные в составе Supraśl
PL,PL-2002162,Grabówka,gmina_rural,2025,10852,de_facto_31dec,GUS_BDL:60641,"ряд пересчитан по NSP 2021 (с 2020); новая гмина (1.01.2025), выделена из гм. Supraśl"
PL,PL-2003011,Bielsk Podlaski,gmina_urban,1988,25943,census_resident,GUS_BDL:196130,"NSP 1988 (6.XII.1988), ludność faktycznie zamieszkała; в API помечено годом 1998, гмины в делении ~1998"
PL,PL-2003011,Bielsk Podlaski,gmina_urban,1995,27445,de_facto_31dec,GUS_BDL:60641,ряд до ступеньки 1998→1999 (см. SOURCES.md)
PL,PL-2003011,Bielsk Podlaski,gmina_urban,2002,27028,de_facto_31dec,GUS_BDL:60641,
PL,PL-2003011,Bielsk Podlaski,gmina_urban,2011,26611,de_facto_31dec,GUS_BDL:60641,ряд пересчитан по NSP 2011 (с 2010)
PL,PL-2003011,Bielsk Podlaski,gmina_urban,2021,24417,de_facto_31dec,GUS_BDL:60641,ряд пересчитан по NSP 2021 (с 2020)
PL,PL-2003011,Bielsk Podlaski,gmina_urban,2025,23241,de_facto_31dec,GUS_BDL:60641,ряд пересчитан по NSP 2021 (с 2020)
PL,PL-2003021,Brańsk,gmina_urban,1988,3420,census_resident,GUS_BDL:196130,"NSP 1988 (6.XII.1988), ludność faktycznie zamieszkała; в API помечено годом 1998, гмины в делении ~1998"
PL,PL-2003021,Brańsk,gmina_urban,1995,3752,de_facto_31dec,GUS_BDL:60641,ряд до ступеньки 1998→1999 (см. SOURCES.md)
PL,PL-2003021,Brańsk,gmina_urban,2002,3854,de_facto_31dec,GUS_BDL:60641,
PL,PL-2003021,Brańsk,gmina_urban,2011,3885,de_facto_31dec,GUS_BDL:60641,ряд пересчитан по NSP 2011 (с 2010)
PL,PL-2003021,Brańsk,gmina_urban,2021,3557,de_facto_31dec,GUS_BDL:60641,ряд пересчитан по NSP 2021 (с 2020)
PL,PL-2003021,Brańsk,gmina_urban,2025,3407,de_facto_31dec,GUS_BDL:60641,ряд пересчитан по NSP 2021 (с 2020)
PL,PL-2003032,Bielsk Podlaski,gmina_rural,1988,10075,census_resident,GUS_BDL:196130,"NSP 1988 (6.XII.1988), ludność faktycznie zamieszkała; в API помечено годом 1998, гмины в делении ~1998; площадь 1995→1996: 41748→43014 га (+1266), встречное изменение у соседней гмины Orla"
PL,PL-2003032,Bielsk Podlaski,gmina_rural,1995,8768,de_facto_31dec,GUS_BDL:60641,"ряд до ступеньки 1998→1999 (см. SOURCES.md); площадь 1995→1996: 41748→43014 га (+1266), встречное изменение у соседней гмины Orla"
PL,PL-2003032,Bielsk Podlaski,gmina_rural,2002,7657,de_facto_31dec,GUS_BDL:60641,"площадь 1995→1996: 41748→43014 га (+1266), встречное изменение у соседней гмины Orla"
PL,PL-2003032,Bielsk Podlaski,gmina_rural,2011,7151,de_facto_31dec,GUS_BDL:60641,"ряд пересчитан по NSP 2011 (с 2010); площадь 1995→1996: 41748→43014 га (+1266), встречное изменение у соседней гмины Orla"
PL,PL-2003032,Bielsk Podlaski,gmina_rural,2021,6449,de_facto_31dec,GUS_BDL:60641,"ряд пересчитан по NSP 2021 (с 2020); площадь 1995→1996: 41748→43014 га (+1266), встречное изменение у соседней гмины Orla"
PL,PL-2003032,Bielsk Podlaski,gmina_rural,2025,6234,de_facto_31dec,GUS_BDL:60641,"ряд пересчитан по NSP 2021 (с 2020); площадь 1995→1996: 41748→43014 га (+1266), встречное изменение у соседней гмины Orla"
PL,PL-2003042,Boćki,gmina_rural,1988,5915,census_resident,GUS_BDL:196130,"NSP 1988 (6.XII.1988), ludność faktycznie zamieszkała; в API помечено годом 1998, гмины в делении ~1998"
PL,PL-2003042,Boćki,gmina_rural,1995,5639,de_facto_31dec,GUS_BDL:60641,ряд до ступеньки 1998→1999 (см. SOURCES.md)
PL,PL-2003042,Boćki,gmina_rural,2002,5158,de_facto_31dec,GUS_BDL:60641,
PL,PL-2003042,Boćki,gmina_rural,2011,4747,de_facto_31dec,GUS_BDL:60641,ряд пересчитан по NSP 2011 (с 2010)
PL,PL-2003042,Boćki,gmina_rural,2021,3903,de_facto_31dec,GUS_BDL:60641,ряд пересчитан по NSP 2021 (с 2020)
PL,PL-2003042,Boćki,gmina_rural,2025,3682,de_facto_31dec,GUS_BDL:60641,ряд пересчитан по NSP 2021 (с 2020)
PL,PL-2003052,Brańsk,gmina_rural,1988,7680,census_resident,GUS_BDL:196130,"NSP 1988 (6.XII.1988), ludność faktycznie zamieszkała; в API помечено годом 1998, гмины в делении ~1998; площадь 2000→2001: 23310→22730 га (-580), встречное изменение у соседней гмины Rudka"
PL,PL-2003052,Brańsk,gmina_rural,1995,7570,de_facto_31dec,GUS_BDL:60641,"ряд до ступеньки 1998→1999 (см. SOURCES.md); площадь 2000→2001: 23310→22730 га (-580), встречное изменение у соседней гмины Rudka"
PL,PL-2003052,Brańsk,gmina_rural,2002,6667,de_facto_31dec,GUS_BDL:60641,"площадь 2000→2001: 23310→22730 га (-580), встречное изменение у соседней гмины Rudka"
PL,PL-2003052,Brańsk,gmina_rural,2011,6284,de_facto_31dec,GUS_BDL:60641,"ряд пересчитан по NSP 2011 (с 2010); площадь 2000→2001: 23310→22730 га (-580), встречное изменение у соседней гмины Rudka"
PL,PL-2003052,Brańsk,gmina_rural,2021,5323,de_facto_31dec,GUS_BDL:60641,"ряд пересчитан по NSP 2021 (с 2020); площадь 2000→2001: 23310→22730 га (-580), встречное изменение у соседней гмины Rudka"
PL,PL-2003052,Brańsk,gmina_rural,2025,4927,de_facto_31dec,GUS_BDL:60641,"ряд пересчитан по NSP 2021 (с 2020); площадь 2000→2001: 23310→22730 га (-580), встречное изменение у соседней гмины Rudka"
PL,PL-2003062,Orla,gmina_rural,1988,4643,census_resident,GUS_BDL:196130,"NSP 1988 (6.XII.1988), ludność faktycznie zamieszkała; в API помечено годом 1998, гмины в делении ~1998; площадь 1995→1996: 17234→15968 га (-1266), встречное изменение у соседней гмины Bielsk Podlaski"
PL,PL-2003062,Orla,gmina_rural,1995,4355,de_facto_31dec,GUS_BDL:60641,"ряд до ступеньки 1998→1999 (см. SOURCES.md); площадь 1995→1996: 17234→15968 га (-1266), встречное изменение у соседней гмины Bielsk Podlaski"
PL,PL-2003062,Orla,gmina_rural,2002,3606,de_facto_31dec,GUS_BDL:60641,"площадь 1995→1996: 17234→15968 га (-1266), встречное изменение у соседней гмины Bielsk Podlaski"
PL,PL-2003062,Orla,gmina_rural,2011,3055,de_facto_31dec,GUS_BDL:60641,"ряд пересчитан по NSP 2011 (с 2010); площадь 1995→1996: 17234→15968 га (-1266), встречное изменение у соседней гмины Bielsk Podlaski"
PL,PL-2003062,Orla,gmina_rural,2021,2477,de_facto_31dec,GUS_BDL:60641,"ряд пересчитан по NSP 2021 (с 2020); площадь 1995→1996: 17234→15968 га (-1266), встречное изменение у соседней гмины Bielsk Podlaski"
PL,PL-2003062,Orla,gmina_rural,2025,2355,de_facto_31dec,GUS_BDL:60641,"ряд пересчитан по NSP 2021 (с 2020); площадь 1995→1996: 17234→15968 га (-1266), встречное изменение у соседней гмины Bielsk Podlaski"
PL,PL-2003072,Rudka,gmina_rural,1988,2085,census_resident,GUS_BDL:196130,"NSP 1988 (6.XII.1988), ludność faktycznie zamieszkała; в API помечено годом 1998, гмины в делении ~1998; площадь 2000→2001: 6441→7021 га (+580), встречное изменение у соседней гмины Brańsk"
PL,PL-2003072,Rudka,gmina_rural,1995,2089,de_facto_31dec,GUS_BDL:60641,"ряд до ступеньки 1998→1999 (см. SOURCES.md); площадь 2000→2001: 6441→7021 га (+580), встречное изменение у соседней гмины Brańsk"
PL,PL-2003072,Rudka,gmina_rural,2002,2251,de_facto_31dec,GUS_BDL:60641,"площадь 2000→2001: 6441→7021 га (+580), встречное изменение у соседней гмины Brańsk"
PL,PL-2003072,Rudka,gmina_rural,2011,2026,de_facto_31dec,GUS_BDL:60641,"ряд пересчитан по NSP 2011 (с 2010); площадь 2000→2001: 6441→7021 га (+580), встречное изменение у соседней гмины Brańsk"
PL,PL-2003072,Rudka,gmina_rural,2021,1700,de_facto_31dec,GUS_BDL:60641,"ряд пересчитан по NSP 2021 (с 2020); площадь 2000→2001: 6441→7021 га (+580), встречное изменение у соседней гмины Brańsk"
PL,PL-2003072,Rudka,gmina_rural,2025,1619,de_facto_31dec,GUS_BDL:60641,"ряд пересчитан по NSP 2021 (с 2020); площадь 2000→2001: 6441→7021 га (+580), встречное изменение у соседней гмины Brańsk"
PL,PL-2003082,Wyszki,gmina_rural,1988,5973,census_resident,GUS_BDL:196130,"NSP 1988 (6.XII.1988), ludność faktycznie zamieszkała; в API помечено годом 1998, гмины в делении ~1998"
PL,PL-2003082,Wyszki,gmina_rural,1995,5717,de_facto_31dec,GUS_BDL:60641,ряд до ступеньки 1998→1999 (см. SOURCES.md)
PL,PL-2003082,Wyszki,gmina_rural,2002,5174,de_facto_31dec,GUS_BDL:60641,
PL,PL-2003082,Wyszki,gmina_rural,2011,4736,de_facto_31dec,GUS_BDL:60641,ряд пересчитан по NSP 2011 (с 2010)
PL,PL-2003082,Wyszki,gmina_rural,2021,3987,de_facto_31dec,GUS_BDL:60641,ряд пересчитан по NSP 2021 (с 2020)
PL,PL-2003082,Wyszki,gmina_rural,2025,3793,de_facto_31dec,GUS_BDL:60641,ряд пересчитан по NSP 2021 (с 2020)
PL,PL-2004011,Grajewo,gmina_urban,1988,20394,census_resident,GUS_BDL:196130,"NSP 1988 (6.XII.1988), ludność faktycznie zamieszkała; в API помечено годом 1998, гмины в делении ~1998"
PL,PL-2004011,Grajewo,gmina_urban,1995,22707,de_facto_31dec,GUS_BDL:60641,ряд до ступеньки 1998→1999 (см. SOURCES.md)
PL,PL-2004011,Grajewo,gmina_urban,2002,22842,de_facto_31dec,GUS_BDL:60641,
PL,PL-2004011,Grajewo,gmina_urban,2011,22455,de_facto_31dec,GUS_BDL:60641,ряд пересчитан по NSP 2011 (с 2010)
PL,PL-2004011,Grajewo,gmina_urban,2021,21303,de_facto_31dec,GUS_BDL:60641,ряд пересчитан по NSP 2021 (с 2020)
PL,PL-2004011,Grajewo,gmina_urban,2025,20551,de_facto_31dec,GUS_BDL:60641,ряд пересчитан по NSP 2021 (с 2020)
PL,PL-2004022,Grajewo,gmina_rural,1988,6587,census_resident,GUS_BDL:196130,"NSP 1988 (6.XII.1988), ludność faktycznie zamieszkała; в API помечено годом 1998, гмины в делении ~1998"
PL,PL-2004022,Grajewo,gmina_rural,1995,6458,de_facto_31dec,GUS_BDL:60641,ряд до ступеньки 1998→1999 (см. SOURCES.md)
PL,PL-2004022,Grajewo,gmina_rural,2002,6179,de_facto_31dec,GUS_BDL:60641,
PL,PL-2004022,Grajewo,gmina_rural,2011,6041,de_facto_31dec,GUS_BDL:60641,ряд пересчитан по NSP 2011 (с 2010)
PL,PL-2004022,Grajewo,gmina_rural,2021,5524,de_facto_31dec,GUS_BDL:60641,ряд пересчитан по NSP 2021 (с 2020)
PL,PL-2004022,Grajewo,gmina_rural,2025,5361,de_facto_31dec,GUS_BDL:60641,ряд пересчитан по NSP 2021 (с 2020)
PL,PL-2004032,Radziłów,gmina_rural,1988,6063,census_resident,GUS_BDL:196130,"NSP 1988 (6.XII.1988), ludność faktycznie zamieszkała; в API помечено годом 1998, гмины в делении ~1998"
PL,PL-2004032,Radziłów,gmina_rural,1995,5668,de_facto_31dec,GUS_BDL:60641,ряд до ступеньки 1998→1999 (см. SOURCES.md)
PL,PL-2004032,Radziłów,gmina_rural,2002,5318,de_facto_31dec,GUS_BDL:60641,
PL,PL-2004032,Radziłów,gmina_rural,2011,5024,de_facto_31dec,GUS_BDL:60641,ряд пересчитан по NSP 2011 (с 2010)
PL,PL-2004032,Radziłów,gmina_rural,2021,4421,de_facto_31dec,GUS_BDL:60641,ряд пересчитан по NSP 2021 (с 2020)
PL,PL-2004032,Radziłów,gmina_rural,2025,4198,de_facto_31dec,GUS_BDL:60641,ряд пересчитан по NSP 2021 (с 2020)
PL,PL-2004043,Rajgród,gmina_urban_rural,1988,5762,census_resident,GUS_BDL:196130,"NSP 1988 (6.XII.1988), ludność faktycznie zamieszkała; в API помечено годом 1998, гмины в делении ~1998"
PL,PL-2004043,Rajgród,gmina_urban_rural,1995,5739,de_facto_31dec,GUS_BDL:60641,ряд до ступеньки 1998→1999 (см. SOURCES.md)
PL,PL-2004043,Rajgród,gmina_urban_rural,2002,5693,de_facto_31dec,GUS_BDL:60641,
PL,PL-2004043,Rajgród,gmina_urban_rural,2011,5487,de_facto_31dec,GUS_BDL:60641,ряд пересчитан по NSP 2011 (с 2010)
PL,PL-2004043,Rajgród,gmina_urban_rural,2021,4720,de_facto_31dec,GUS_BDL:60641,ряд пересчитан по NSP 2021 (с 2020)
PL,PL-2004043,Rajgród,gmina_urban_rural,2025,4458,de_facto_31dec,GUS_BDL:60641,ряд пересчитан по NSP 2021 (с 2020)
PL,PL-2004053,Szczuczyn,gmina_urban_rural,1988,7122,census_resident,GUS_BDL:196130,"NSP 1988 (6.XII.1988), ludność faktycznie zamieszkała; в API помечено годом 1998, гмины в делении ~1998"
PL,PL-2004053,Szczuczyn,gmina_urban_rural,1995,6938,de_facto_31dec,GUS_BDL:60641,ряд до ступеньки 1998→1999 (см. SOURCES.md)
PL,PL-2004053,Szczuczyn,gmina_urban_rural,2002,6769,de_facto_31dec,GUS_BDL:60641,
PL,PL-2004053,Szczuczyn,gmina_urban_rural,2011,6485,de_facto_31dec,GUS_BDL:60641,ряд пересчитан по NSP 2011 (с 2010)
PL,PL-2004053,Szczuczyn,gmina_urban_rural,2021,5840,de_facto_31dec,GUS_BDL:60641,ряд пересчитан по NSP 2021 (с 2020)
PL,PL-2004053,Szczuczyn,gmina_urban_rural,2025,5564,de_facto_31dec,GUS_BDL:60641,ряд пересчитан по NSP 2021 (с 2020)
PL,PL-2004062,Wąsosz,gmina_rural,1988,4381,census_resident,GUS_BDL:196130,"NSP 1988 (6.XII.1988), ludność faktycznie zamieszkała; в API помечено годом 1998, гмины в делении ~1998"
PL,PL-2004062,Wąsosz,gmina_rural,1995,4257,de_facto_31dec,GUS_BDL:60641,ряд до ступеньки 1998→1999 (см. SOURCES.md)
PL,PL-2004062,Wąsosz,gmina_rural,2002,4088,de_facto_31dec,GUS_BDL:60641,
PL,PL-2004062,Wąsosz,gmina_rural,2011,3954,de_facto_31dec,GUS_BDL:60641,ряд пересчитан по NSP 2011 (с 2010)
PL,PL-2004062,Wąsosz,gmina_rural,2021,3372,de_facto_31dec,GUS_BDL:60641,ряд пересчитан по NSP 2021 (с 2020)
PL,PL-2004062,Wąsosz,gmina_rural,2025,3212,de_facto_31dec,GUS_BDL:60641,ряд пересчитан по NSP 2021 (с 2020)
PL,PL-2005011,Hajnówka,gmina_urban,1988,23297,census_resident,GUS_BDL:196130,"NSP 1988 (6.XII.1988), ludność faktycznie zamieszkała; в API помечено годом 1998, гмины в делении ~1998"
PL,PL-2005011,Hajnówka,gmina_urban,1995,24220,de_facto_31dec,GUS_BDL:60641,ряд до ступеньки 1998→1999 (см. SOURCES.md)
PL,PL-2005011,Hajnówka,gmina_urban,2002,22509,de_facto_31dec,GUS_BDL:60641,
PL,PL-2005011,Hajnówka,gmina_urban,2011,22091,de_facto_31dec,GUS_BDL:60641,ряд пересчитан по NSP 2011 (с 2010)
PL,PL-2005011,Hajnówka,gmina_urban,2021,19487,de_facto_31dec,GUS_BDL:60641,ряд пересчитан по NSP 2021 (с 2020)
PL,PL-2005011,Hajnówka,gmina_urban,2025,18452,de_facto_31dec,GUS_BDL:60641,ряд пересчитан по NSP 2021 (с 2020)
PL,PL-2005022,Białowieża,gmina_rural,1988,3327,census_resident,GUS_BDL:196130,"NSP 1988 (6.XII.1988), ludność faktycznie zamieszkała; в API помечено годом 1998, гмины в делении ~1998"
PL,PL-2005022,Białowieża,gmina_rural,1995,2963,de_facto_31dec,GUS_BDL:60641,ряд до ступеньки 1998→1999 (см. SOURCES.md)
PL,PL-2005022,Białowieża,gmina_rural,2002,2714,de_facto_31dec,GUS_BDL:60641,
PL,PL-2005022,Białowieża,gmina_rural,2011,2297,de_facto_31dec,GUS_BDL:60641,ряд пересчитан по NSP 2011 (с 2010)
PL,PL-2005022,Białowieża,gmina_rural,2021,2086,de_facto_31dec,GUS_BDL:60641,ряд пересчитан по NSP 2021 (с 2020)
PL,PL-2005022,Białowieża,gmina_rural,2025,1939,de_facto_31dec,GUS_BDL:60641,ряд пересчитан по NSP 2021 (с 2020)
PL,PL-2005032,Czeremcha,gmina_rural,1988,4287,census_resident,GUS_BDL:196130,"NSP 1988 (6.XII.1988), ludność faktycznie zamieszkała; в API помечено годом 1998, гмины в делении ~1998"
PL,PL-2005032,Czeremcha,gmina_rural,1995,4140,de_facto_31dec,GUS_BDL:60641,ряд до ступеньки 1998→1999 (см. SOURCES.md)
PL,PL-2005032,Czeremcha,gmina_rural,2002,3818,de_facto_31dec,GUS_BDL:60641,
PL,PL-2005032,Czeremcha,gmina_rural,2011,3501,de_facto_31dec,GUS_BDL:60641,ряд пересчитан по NSP 2011 (с 2010)
PL,PL-2005032,Czeremcha,gmina_rural,2021,2787,de_facto_31dec,GUS_BDL:60641,ряд пересчитан по NSP 2021 (с 2020)
PL,PL-2005032,Czeremcha,gmina_rural,2025,2567,de_facto_31dec,GUS_BDL:60641,ряд пересчитан по NSP 2021 (с 2020)
PL,PL-2005042,Czyże,gmina_rural,1988,3728,census_resident,GUS_BDL:196130,"NSP 1988 (6.XII.1988), ludność faktycznie zamieszkała; в API помечено годом 1998, гмины в делении ~1998"
PL,PL-2005042,Czyże,gmina_rural,1995,3293,de_facto_31dec,GUS_BDL:60641,ряд до ступеньки 1998→1999 (см. SOURCES.md)
PL,PL-2005042,Czyże,gmina_rural,2002,2750,de_facto_31dec,GUS_BDL:60641,
PL,PL-2005042,Czyże,gmina_rural,2011,2354,de_facto_31dec,GUS_BDL:60641,ряд пересчитан по NSP 2011 (с 2010)
PL,PL-2005042,Czyże,gmina_rural,2021,1845,de_facto_31dec,GUS_BDL:60641,ряд пересчитан по NSP 2021 (с 2020)
PL,PL-2005042,Czyże,gmina_rural,2025,1696,de_facto_31dec,GUS_BDL:60641,ряд пересчитан по NSP 2021 (с 2020)
PL,PL-2005052,Dubicze Cerkiewne,gmina_rural,1988,2744,census_resident,GUS_BDL:196130,"NSP 1988 (6.XII.1988), ludność faktycznie zamieszkała; в API помечено годом 1998, гмины в делении ~1998"
PL,PL-2005052,Dubicze Cerkiewne,gmina_rural,1995,2395,de_facto_31dec,GUS_BDL:60641,ряд до ступеньки 1998→1999 (см. SOURCES.md)
PL,PL-2005052,Dubicze Cerkiewne,gmina_rural,2002,2040,de_facto_31dec,GUS_BDL:60641,
PL,PL-2005052,Dubicze Cerkiewne,gmina_rural,2011,1743,de_facto_31dec,GUS_BDL:60641,ряд пересчитан по NSP 2011 (с 2010)
PL,PL-2005052,Dubicze Cerkiewne,gmina_rural,2021,1376,de_facto_31dec,GUS_BDL:60641,ряд пересчитан по NSP 2021 (с 2020)
PL,PL-2005052,Dubicze Cerkiewne,gmina_rural,2025,1261,de_facto_31dec,GUS_BDL:60641,ряд пересчитан по NSP 2021 (с 2020)
PL,PL-2005062,Hajnówka,gmina_rural,1988,5247,census_resident,GUS_BDL:196130,"NSP 1988 (6.XII.1988), ludność faktycznie zamieszkała; в API помечено годом 1998, гмины в делении ~1998"
PL,PL-2005062,Hajnówka,gmina_rural,1995,4954,de_facto_31dec,GUS_BDL:60641,ряд до ступеньки 1998→1999 (см. SOURCES.md)
PL,PL-2005062,Hajnówka,gmina_rural,2002,4453,de_facto_31dec,GUS_BDL:60641,
PL,PL-2005062,Hajnówka,gmina_rural,2011,4037,de_facto_31dec,GUS_BDL:60641,ряд пересчитан по NSP 2011 (с 2010)
PL,PL-2005062,Hajnówka,gmina_rural,2021,3681,de_facto_31dec,GUS_BDL:60641,ряд пересчитан по NSP 2021 (с 2020)
PL,PL-2005062,Hajnówka,gmina_rural,2025,3566,de_facto_31dec,GUS_BDL:60641,ряд пересчитан по NSP 2021 (с 2020)
PL,PL-2005073,Kleszczele,gmina_urban_rural,1988,3732,census_resident,GUS_BDL:196130,"NSP 1988 (6.XII.1988), ludność faktycznie zamieszkała; в API помечено годом 1998, гмины в делении ~1998"
PL,PL-2005073,Kleszczele,gmina_urban_rural,1995,3517,de_facto_31dec,GUS_BDL:60641,ряд до ступеньки 1998→1999 (см. SOURCES.md)
PL,PL-2005073,Kleszczele,gmina_urban_rural,2002,3031,de_facto_31dec,GUS_BDL:60641,
PL,PL-2005073,Kleszczele,gmina_urban_rural,2011,2781,de_facto_31dec,GUS_BDL:60641,ряд пересчитан по NSP 2011 (с 2010)
PL,PL-2005073,Kleszczele,gmina_urban_rural,2021,2215,de_facto_31dec,GUS_BDL:60641,ряд пересчитан по NSP 2021 (с 2020)
PL,PL-2005073,Kleszczele,gmina_urban_rural,2025,2025,de_facto_31dec,GUS_BDL:60641,ряд пересчитан по NSP 2021 (с 2020)
PL,PL-2005082,Narew,gmina_rural,1988,5530,census_resident,GUS_BDL:196130,"NSP 1988 (6.XII.1988), ludność faktycznie zamieszkała; в API помечено годом 1998, гмины в делении ~1998"
PL,PL-2005082,Narew,gmina_rural,1995,5041,de_facto_31dec,GUS_BDL:60641,ряд до ступеньки 1998→1999 (см. SOURCES.md)
PL,PL-2005082,Narew,gmina_rural,2002,4463,de_facto_31dec,GUS_BDL:60641,
PL,PL-2005082,Narew,gmina_rural,2011,3905,de_facto_31dec,GUS_BDL:60641,ряд пересчитан по NSP 2011 (с 2010)
PL,PL-2005082,Narew,gmina_rural,2021,3302,de_facto_31dec,GUS_BDL:60641,ряд пересчитан по NSP 2021 (с 2020)
PL,PL-2005082,Narew,gmina_rural,2025,3103,de_facto_31dec,GUS_BDL:60641,ряд пересчитан по NSP 2021 (с 2020)
PL,PL-2005092,Narewka,gmina_rural,1988,5223,census_resident,GUS_BDL:196130,"NSP 1988 (6.XII.1988), ludność faktycznie zamieszkała; в API помечено годом 1998, гмины в делении ~1998"
PL,PL-2005092,Narewka,gmina_rural,1995,4882,de_facto_31dec,GUS_BDL:60641,ряд до ступеньки 1998→1999 (см. SOURCES.md)
PL,PL-2005092,Narewka,gmina_rural,2002,4166,de_facto_31dec,GUS_BDL:60641,
PL,PL-2005092,Narewka,gmina_rural,2011,3875,de_facto_31dec,GUS_BDL:60641,ряд пересчитан по NSP 2011 (с 2010)
PL,PL-2005092,Narewka,gmina_rural,2021,3241,de_facto_31dec,GUS_BDL:60641,ряд пересчитан по NSP 2021 (с 2020)
PL,PL-2005092,Narewka,gmina_rural,2025,3012,de_facto_31dec,GUS_BDL:60641,ряд пересчитан по NSP 2021 (с 2020)
PL,PL-2006011,Kolno,gmina_urban,1988,9970,census_resident,GUS_BDL:196130,"NSP 1988 (6.XII.1988), ludność faktycznie zamieszkała; в API помечено годом 1998, гмины в делении ~1998"
PL,PL-2006011,Kolno,gmina_urban,1995,11114,de_facto_31dec,GUS_BDL:60641,ряд до ступеньки 1998→1999 (см. SOURCES.md)
PL,PL-2006011,Kolno,gmina_urban,2002,10825,de_facto_31dec,GUS_BDL:60641,
PL,PL-2006011,Kolno,gmina_urban,2011,10660,de_facto_31dec,GUS_BDL:60641,ряд пересчитан по NSP 2011 (с 2010)
PL,PL-2006011,Kolno,gmina_urban,2021,9942,de_facto_31dec,GUS_BDL:60641,ряд пересчитан по NSP 2021 (с 2020)
PL,PL-2006011,Kolno,gmina_urban,2025,9685,de_facto_31dec,GUS_BDL:60641,ряд пересчитан по NSP 2021 (с 2020)
PL,PL-2006022,Grabowo,gmina_rural,1988,4034,census_resident,GUS_BDL:196130,"NSP 1988 (6.XII.1988), ludność faktycznie zamieszkała; в API помечено годом 1998, гмины в делении ~1998"
PL,PL-2006022,Grabowo,gmina_rural,1995,3946,de_facto_31dec,GUS_BDL:60641,ряд до ступеньки 1998→1999 (см. SOURCES.md)
PL,PL-2006022,Grabowo,gmina_rural,2002,3722,de_facto_31dec,GUS_BDL:60641,
PL,PL-2006022,Grabowo,gmina_rural,2011,3658,de_facto_31dec,GUS_BDL:60641,ряд пересчитан по NSP 2011 (с 2010)
PL,PL-2006022,Grabowo,gmina_rural,2021,3275,de_facto_31dec,GUS_BDL:60641,ряд пересчитан по NSP 2021 (с 2020)
PL,PL-2006022,Grabowo,gmina_rural,2025,3135,de_facto_31dec,GUS_BDL:60641,ряд пересчитан по NSP 2021 (с 2020)
PL,PL-2006032,Kolno,gmina_rural,1988,9179,census_resident,GUS_BDL:196130,"NSP 1988 (6.XII.1988), ludność faktycznie zamieszkała; в API помечено годом 1998, гмины в делении ~1998"
PL,PL-2006032,Kolno,gmina_rural,1995,9105,de_facto_31dec,GUS_BDL:60641,ряд до ступеньки 1998→1999 (см. SOURCES.md)
PL,PL-2006032,Kolno,gmina_rural,2002,8981,de_facto_31dec,GUS_BDL:60641,
PL,PL-2006032,Kolno,gmina_rural,2011,8884,de_facto_31dec,GUS_BDL:60641,ряд пересчитан по NSP 2011 (с 2010)
PL,PL-2006032,Kolno,gmina_rural,2021,7995,de_facto_31dec,GUS_BDL:60641,ряд пересчитан по NSP 2021 (с 2020)
PL,PL-2006032,Kolno,gmina_rural,2025,7767,de_facto_31dec,GUS_BDL:60641,ряд пересчитан по NSP 2021 (с 2020)
PL,PL-2006042,Mały Płock,gmina_rural,1988,5468,census_resident,GUS_BDL:196130,"NSP 1988 (6.XII.1988), ludność faktycznie zamieszkała; в API помечено годом 1998, гмины в делении ~1998"
PL,PL-2006042,Mały Płock,gmina_rural,1995,5439,de_facto_31dec,GUS_BDL:60641,ряд до ступеньки 1998→1999 (см. SOURCES.md)
PL,PL-2006042,Mały Płock,gmina_rural,2002,5101,de_facto_31dec,GUS_BDL:60641,
PL,PL-2006042,Mały Płock,gmina_rural,2011,5051,de_facto_31dec,GUS_BDL:60641,ряд пересчитан по NSP 2011 (с 2010)
PL,PL-2006042,Mały Płock,gmina_rural,2021,4438,de_facto_31dec,GUS_BDL:60641,ряд пересчитан по NSP 2021 (с 2020)
PL,PL-2006042,Mały Płock,gmina_rural,2025,4287,de_facto_31dec,GUS_BDL:60641,ряд пересчитан по NSP 2021 (с 2020)
PL,PL-2006053,Stawiski,gmina_urban_rural,1988,7070,census_resident,GUS_BDL:196130,"NSP 1988 (6.XII.1988), ludność faktycznie zamieszkała; в API помечено годом 1998, гмины в делении ~1998"
PL,PL-2006053,Stawiski,gmina_urban_rural,1995,6960,de_facto_31dec,GUS_BDL:60641,ряд до ступеньки 1998→1999 (см. SOURCES.md)
PL,PL-2006053,Stawiski,gmina_urban_rural,2002,6737,de_facto_31dec,GUS_BDL:60641,
PL,PL-2006053,Stawiski,gmina_urban_rural,2011,6540,de_facto_31dec,GUS_BDL:60641,ряд пересчитан по NSP 2011 (с 2010)
PL,PL-2006053,Stawiski,gmina_urban_rural,2021,5648,de_facto_31dec,GUS_BDL:60641,ряд пересчитан по NSP 2021 (с 2020)
PL,PL-2006053,Stawiski,gmina_urban_rural,2025,5436,de_facto_31dec,GUS_BDL:60641,ряд пересчитан по NSP 2021 (с 2020)
PL,PL-2006062,Turośl,gmina_rural,1988,5040,census_resident,GUS_BDL:196130,"NSP 1988 (6.XII.1988), ludność faktycznie zamieszkała; в API помечено годом 1998, гмины в делении ~1998"
PL,PL-2006062,Turośl,gmina_rural,1995,5120,de_facto_31dec,GUS_BDL:60641,ряд до ступеньки 1998→1999 (см. SOURCES.md)
PL,PL-2006062,Turośl,gmina_rural,2002,4988,de_facto_31dec,GUS_BDL:60641,
PL,PL-2006062,Turośl,gmina_rural,2011,5197,de_facto_31dec,GUS_BDL:60641,ряд пересчитан по NSP 2011 (с 2010)
PL,PL-2006062,Turośl,gmina_rural,2021,4845,de_facto_31dec,GUS_BDL:60641,ряд пересчитан по NSP 2021 (с 2020)
PL,PL-2006062,Turośl,gmina_rural,2025,4735,de_facto_31dec,GUS_BDL:60641,ряд пересчитан по NSP 2021 (с 2020)
PL,PL-2007013,Jedwabne,gmina_urban_rural,1988,6350,census_resident,GUS_BDL:196130,"NSP 1988 (6.XII.1988), ludność faktycznie zamieszkała; в API помечено годом 1998, гмины в делении ~1998"
PL,PL-2007013,Jedwabne,gmina_urban_rural,1995,6194,de_facto_31dec,GUS_BDL:60641,ряд до ступеньки 1998→1999 (см. SOURCES.md)
PL,PL-2007013,Jedwabne,gmina_urban_rural,2002,5755,de_facto_31dec,GUS_BDL:60641,
PL,PL-2007013,Jedwabne,gmina_urban_rural,2011,5596,de_facto_31dec,GUS_BDL:60641,ряд пересчитан по NSP 2011 (с 2010)
PL,PL-2007013,Jedwabne,gmina_urban_rural,2021,4970,de_facto_31dec,GUS_BDL:60641,ряд пересчитан по NSP 2021 (с 2020)
PL,PL-2007013,Jedwabne,gmina_urban_rural,2025,4769,de_facto_31dec,GUS_BDL:60641,ряд пересчитан по NSP 2021 (с 2020)
PL,PL-2007022,Łomża,gmina_rural,1988,9261,census_resident,GUS_BDL:196130,"NSP 1988 (6.XII.1988), ludność faktycznie zamieszkała; в API помечено годом 1998, гмины в делении ~1998"
PL,PL-2007022,Łomża,gmina_rural,1995,9127,de_facto_31dec,GUS_BDL:60641,ряд до ступеньки 1998→1999 (см. SOURCES.md)
PL,PL-2007022,Łomża,gmina_rural,2002,9428,de_facto_31dec,GUS_BDL:60641,
PL,PL-2007022,Łomża,gmina_rural,2011,10724,de_facto_31dec,GUS_BDL:60641,ряд пересчитан по NSP 2011 (с 2010)
PL,PL-2007022,Łomża,gmina_rural,2021,11864,de_facto_31dec,GUS_BDL:60641,ряд пересчитан по NSP 2021 (с 2020)
PL,PL-2007022,Łomża,gmina_rural,2025,12351,de_facto_31dec,GUS_BDL:60641,ряд пересчитан по NSP 2021 (с 2020)
PL,PL-2007032,Miastkowo,gmina_rural,1988,4381,census_resident,GUS_BDL:196130,"NSP 1988 (6.XII.1988), ludność faktycznie zamieszkała; в API помечено годом 1998, гмины в делении ~1998"
PL,PL-2007032,Miastkowo,gmina_rural,1995,4359,de_facto_31dec,GUS_BDL:60641,ряд до ступеньки 1998→1999 (см. SOURCES.md)
PL,PL-2007032,Miastkowo,gmina_rural,2002,4316,de_facto_31dec,GUS_BDL:60641,
PL,PL-2007032,Miastkowo,gmina_rural,2011,4350,de_facto_31dec,GUS_BDL:60641,ряд пересчитан по NSP 2011 (с 2010)
PL,PL-2007032,Miastkowo,gmina_rural,2021,4054,de_facto_31dec,GUS_BDL:60641,ряд пересчитан по NSP 2021 (с 2020)
PL,PL-2007032,Miastkowo,gmina_rural,2025,3939,de_facto_31dec,GUS_BDL:60641,ряд пересчитан по NSP 2021 (с 2020)
PL,PL-2007043,Nowogród,gmina_urban_rural,1988,3798,census_resident,GUS_BDL:196130,"NSP 1988 (6.XII.1988), ludność faktycznie zamieszkała; в API помечено годом 1998, гмины в делении ~1998"
PL,PL-2007043,Nowogród,gmina_urban_rural,1995,3800,de_facto_31dec,GUS_BDL:60641,ряд до ступеньки 1998→1999 (см. SOURCES.md)
PL,PL-2007043,Nowogród,gmina_urban_rural,2002,4021,de_facto_31dec,GUS_BDL:60641,
PL,PL-2007043,Nowogród,gmina_urban_rural,2011,4170,de_facto_31dec,GUS_BDL:60641,ряд пересчитан по NSP 2011 (с 2010)
PL,PL-2007043,Nowogród,gmina_urban_rural,2021,3925,de_facto_31dec,GUS_BDL:60641,ряд пересчитан по NSP 2021 (с 2020)
PL,PL-2007043,Nowogród,gmina_urban_rural,2025,3841,de_facto_31dec,GUS_BDL:60641,ряд пересчитан по NSP 2021 (с 2020)
PL,PL-2007052,Piątnica,gmina_rural,1988,11123,census_resident,GUS_BDL:196130,"NSP 1988 (6.XII.1988), ludność faktycznie zamieszkała; в API помечено годом 1998, гмины в делении ~1998; площадь 1995→1996: 21427→21867 га (+440), встречное изменение у соседней гмины Wizna"
PL,PL-2007052,Piątnica,gmina_rural,1995,10695,de_facto_31dec,GUS_BDL:60641,"ряд до ступеньки 1998→1999 (см. SOURCES.md); площадь 1995→1996: 21427→21867 га (+440), встречное изменение у соседней гмины Wizna"
PL,PL-2007052,Piątnica,gmina_rural,2002,10521,de_facto_31dec,GUS_BDL:60641,"площадь 1995→1996: 21427→21867 га (+440), встречное изменение у соседней гмины Wizna"
PL,PL-2007052,Piątnica,gmina_rural,2011,10787,de_facto_31dec,GUS_BDL:60641,"ряд пересчитан по NSP 2011 (с 2010); площадь 1995→1996: 21427→21867 га (+440), встречное изменение у соседней гмины Wizna"
PL,PL-2007052,Piątnica,gmina_rural,2021,10303,de_facto_31dec,GUS_BDL:60641,"ряд пересчитан по NSP 2021 (с 2020); площадь 1995→1996: 21427→21867 га (+440), встречное изменение у соседней гмины Wizna"
PL,PL-2007052,Piątnica,gmina_rural,2025,10105,de_facto_31dec,GUS_BDL:60641,"ряд пересчитан по NSP 2021 (с 2020); площадь 1995→1996: 21427→21867 га (+440), встречное изменение у соседней гмины Wizna"
PL,PL-2007062,Przytuły,gmina_rural,1988,2403,census_resident,GUS_BDL:196130,"NSP 1988 (6.XII.1988), ludność faktycznie zamieszkała; в API помечено годом 1998, гмины в делении ~1998"
PL,PL-2007062,Przytuły,gmina_rural,1995,2394,de_facto_31dec,GUS_BDL:60641,ряд до ступеньки 1998→1999 (см. SOURCES.md)
PL,PL-2007062,Przytuły,gmina_rural,2002,2298,de_facto_31dec,GUS_BDL:60641,
PL,PL-2007062,Przytuły,gmina_rural,2011,2194,de_facto_31dec,GUS_BDL:60641,ряд пересчитан по NSP 2011 (с 2010)
PL,PL-2007062,Przytuły,gmina_rural,2021,1941,de_facto_31dec,GUS_BDL:60641,ряд пересчитан по NSP 2021 (с 2020)
PL,PL-2007062,Przytuły,gmina_rural,2025,1883,de_facto_31dec,GUS_BDL:60641,ряд пересчитан по NSP 2021 (с 2020)
PL,PL-2007072,Śniadowo,gmina_rural,1988,6094,census_resident,GUS_BDL:196130,"NSP 1988 (6.XII.1988), ludność faktycznie zamieszkała; в API помечено годом 1998, гмины в делении ~1998"
PL,PL-2007072,Śniadowo,gmina_rural,1995,5933,de_facto_31dec,GUS_BDL:60641,ряд до ступеньки 1998→1999 (см. SOURCES.md)
PL,PL-2007072,Śniadowo,gmina_rural,2002,5786,de_facto_31dec,GUS_BDL:60641,
PL,PL-2007072,Śniadowo,gmina_rural,2011,5592,de_facto_31dec,GUS_BDL:60641,ряд пересчитан по NSP 2011 (с 2010)
PL,PL-2007072,Śniadowo,gmina_rural,2021,5133,de_facto_31dec,GUS_BDL:60641,ряд пересчитан по NSP 2021 (с 2020)
PL,PL-2007072,Śniadowo,gmina_rural,2025,4932,de_facto_31dec,GUS_BDL:60641,ряд пересчитан по NSP 2021 (с 2020)
PL,PL-2007082,Wizna,gmina_rural,1988,4920,census_resident,GUS_BDL:196130,"NSP 1988 (6.XII.1988), ludność faktycznie zamieszkała; в API помечено годом 1998, гмины в делении ~1998; площадь 1995→1996: 13745→13305 га (-440), встречное изменение у соседней гмины Piątnica"
PL,PL-2007082,Wizna,gmina_rural,1995,4858,de_facto_31dec,GUS_BDL:60641,"ряд до ступеньки 1998→1999 (см. SOURCES.md); площадь 1995→1996: 13745→13305 га (-440), встречное изменение у соседней гмины Piątnica"
PL,PL-2007082,Wizna,gmina_rural,2002,4510,de_facto_31dec,GUS_BDL:60641,"площадь 1995→1996: 13745→13305 га (-440), встречное изменение у соседней гмины Piątnica"
PL,PL-2007082,Wizna,gmina_rural,2011,4344,de_facto_31dec,GUS_BDL:60641,"ряд пересчитан по NSP 2011 (с 2010); площадь 1995→1996: 13745→13305 га (-440), встречное изменение у соседней гмины Piątnica"
PL,PL-2007082,Wizna,gmina_rural,2021,3685,de_facto_31dec,GUS_BDL:60641,"ряд пересчитан по NSP 2021 (с 2020); площадь 1995→1996: 13745→13305 га (-440), встречное изменение у соседней гмины Piątnica"
PL,PL-2007082,Wizna,gmina_rural,2025,3540,de_facto_31dec,GUS_BDL:60641,"ряд пересчитан по NSP 2021 (с 2020); площадь 1995→1996: 13745→13305 га (-440), встречное изменение у соседней гмины Piątnica"
PL,PL-2007092,Zbójna,gmina_rural,1988,4556,census_resident,GUS_BDL:196130,"NSP 1988 (6.XII.1988), ludność faktycznie zamieszkała; в API помечено годом 1998, гмины в делении ~1998"
PL,PL-2007092,Zbójna,gmina_rural,1995,4439,de_facto_31dec,GUS_BDL:60641,ряд до ступеньки 1998→1999 (см. SOURCES.md)
PL,PL-2007092,Zbójna,gmina_rural,2002,4457,de_facto_31dec,GUS_BDL:60641,
PL,PL-2007092,Zbójna,gmina_rural,2011,4424,de_facto_31dec,GUS_BDL:60641,ряд пересчитан по NSP 2011 (с 2010)
PL,PL-2007092,Zbójna,gmina_rural,2021,4036,de_facto_31dec,GUS_BDL:60641,ряд пересчитан по NSP 2021 (с 2020)
PL,PL-2007092,Zbójna,gmina_rural,2025,3889,de_facto_31dec,GUS_BDL:60641,ряд пересчитан по NSP 2021 (с 2020)
PL,PL-2008013,Goniądz,gmina_urban_rural,1988,5752,census_resident,GUS_BDL:196130,"NSP 1988 (6.XII.1988), ludność faktycznie zamieszkała; в API помечено годом 1998, гмины в делении ~1998"
PL,PL-2008013,Goniądz,gmina_urban_rural,1995,5651,de_facto_31dec,GUS_BDL:60641,ряд до ступеньки 1998→1999 (см. SOURCES.md)
PL,PL-2008013,Goniądz,gmina_urban_rural,2002,5341,de_facto_31dec,GUS_BDL:60641,
PL,PL-2008013,Goniądz,gmina_urban_rural,2011,5206,de_facto_31dec,GUS_BDL:60641,ряд пересчитан по NSP 2011 (с 2010)
PL,PL-2008013,Goniądz,gmina_urban_rural,2021,4690,de_facto_31dec,GUS_BDL:60641,ряд пересчитан по NSP 2021 (с 2020)
PL,PL-2008013,Goniądz,gmina_urban_rural,2025,4448,de_facto_31dec,GUS_BDL:60641,ряд пересчитан по NSP 2021 (с 2020)
PL,PL-2008022,Jasionówka,gmina_rural,1988,3426,census_resident,GUS_BDL:196130,"NSP 1988 (6.XII.1988), ludność faktycznie zamieszkała; в API помечено годом 1998, гмины в делении ~1998"
PL,PL-2008022,Jasionówka,gmina_rural,1995,3381,de_facto_31dec,GUS_BDL:60641,ряд до ступеньки 1998→1999 (см. SOURCES.md)
PL,PL-2008022,Jasionówka,gmina_rural,2002,3074,de_facto_31dec,GUS_BDL:60641,
PL,PL-2008022,Jasionówka,gmina_rural,2011,2989,de_facto_31dec,GUS_BDL:60641,ряд пересчитан по NSP 2011 (с 2010)
PL,PL-2008022,Jasionówka,gmina_rural,2021,2491,de_facto_31dec,GUS_BDL:60641,ряд пересчитан по NSP 2021 (с 2020)
PL,PL-2008022,Jasionówka,gmina_rural,2025,2388,de_facto_31dec,GUS_BDL:60641,ряд пересчитан по NSP 2021 (с 2020)
PL,PL-2008032,Jaświły,gmina_rural,1988,6093,census_resident,GUS_BDL:196130,"NSP 1988 (6.XII.1988), ludność faktycznie zamieszkała; в API помечено годом 1998, гмины в делении ~1998"
PL,PL-2008032,Jaświły,gmina_rural,1995,6005,de_facto_31dec,GUS_BDL:60641,ряд до ступеньки 1998→1999 (см. SOURCES.md)
PL,PL-2008032,Jaświły,gmina_rural,2002,5678,de_facto_31dec,GUS_BDL:60641,
PL,PL-2008032,Jaświły,gmina_rural,2011,5423,de_facto_31dec,GUS_BDL:60641,ряд пересчитан по NSP 2011 (с 2010)
PL,PL-2008032,Jaświły,gmina_rural,2021,4452,de_facto_31dec,GUS_BDL:60641,ряд пересчитан по NSP 2021 (с 2020)
PL,PL-2008032,Jaświły,gmina_rural,2025,4099,de_facto_31dec,GUS_BDL:60641,ряд пересчитан по NSP 2021 (с 2020)
PL,PL-2008043,Knyszyn,gmina_urban_rural,1988,5195,census_resident,GUS_BDL:196130,"NSP 1988 (6.XII.1988), ludność faktycznie zamieszkała; в API помечено годом 1998, гмины в делении ~1998"
PL,PL-2008043,Knyszyn,gmina_urban_rural,1995,5233,de_facto_31dec,GUS_BDL:60641,ряд до ступеньки 1998→1999 (см. SOURCES.md)
PL,PL-2008043,Knyszyn,gmina_urban_rural,2002,5011,de_facto_31dec,GUS_BDL:60641,
PL,PL-2008043,Knyszyn,gmina_urban_rural,2011,4945,de_facto_31dec,GUS_BDL:60641,ряд пересчитан по NSP 2011 (с 2010)
PL,PL-2008043,Knyszyn,gmina_urban_rural,2021,4532,de_facto_31dec,GUS_BDL:60641,ряд пересчитан по NSP 2021 (с 2020)
PL,PL-2008043,Knyszyn,gmina_urban_rural,2025,4404,de_facto_31dec,GUS_BDL:60641,ряд пересчитан по NSP 2021 (с 2020)
PL,PL-2008052,Krypno,gmina_rural,1988,4515,census_resident,GUS_BDL:196130,"NSP 1988 (6.XII.1988), ludność faktycznie zamieszkała; в API помечено годом 1998, гмины в делении ~1998"
PL,PL-2008052,Krypno,gmina_rural,1995,4538,de_facto_31dec,GUS_BDL:60641,ряд до ступеньки 1998→1999 (см. SOURCES.md)
PL,PL-2008052,Krypno,gmina_rural,2002,4283,de_facto_31dec,GUS_BDL:60641,
PL,PL-2008052,Krypno,gmina_rural,2011,4110,de_facto_31dec,GUS_BDL:60641,ряд пересчитан по NSP 2011 (с 2010)
PL,PL-2008052,Krypno,gmina_rural,2021,3760,de_facto_31dec,GUS_BDL:60641,ряд пересчитан по NSP 2021 (с 2020)
PL,PL-2008052,Krypno,gmina_rural,2025,3674,de_facto_31dec,GUS_BDL:60641,ряд пересчитан по NSP 2021 (с 2020)
PL,PL-2008063,Mońki,gmina_urban_rural,1988,15250,census_resident,GUS_BDL:196130,"NSP 1988 (6.XII.1988), ludność faktycznie zamieszkała; в API помечено годом 1998, гмины в делении ~1998"
PL,PL-2008063,Mońki,gmina_urban_rural,1995,16570,de_facto_31dec,GUS_BDL:60641,ряд до ступеньки 1998→1999 (см. SOURCES.md)
PL,PL-2008063,Mońki,gmina_urban_rural,2002,15984,de_facto_31dec,GUS_BDL:60641,
PL,PL-2008063,Mońki,gmina_urban_rural,2011,15488,de_facto_31dec,GUS_BDL:60641,ряд пересчитан по NSP 2011 (с 2010)
PL,PL-2008063,Mońki,gmina_urban_rural,2021,14188,de_facto_31dec,GUS_BDL:60641,ряд пересчитан по NSP 2021 (с 2020)
PL,PL-2008063,Mońki,gmina_urban_rural,2025,13702,de_facto_31dec,GUS_BDL:60641,ряд пересчитан по NSP 2021 (с 2020)
PL,PL-2008072,Trzcianne,gmina_rural,1988,5298,census_resident,GUS_BDL:196130,"NSP 1988 (6.XII.1988), ludność faktycznie zamieszkała; в API помечено годом 1998, гмины в делении ~1998"
PL,PL-2008072,Trzcianne,gmina_rural,1995,5150,de_facto_31dec,GUS_BDL:60641,ряд до ступеньки 1998→1999 (см. SOURCES.md)
PL,PL-2008072,Trzcianne,gmina_rural,2002,4806,de_facto_31dec,GUS_BDL:60641,
PL,PL-2008072,Trzcianne,gmina_rural,2011,4584,de_facto_31dec,GUS_BDL:60641,ряд пересчитан по NSP 2011 (с 2010)
PL,PL-2008072,Trzcianne,gmina_rural,2021,4009,de_facto_31dec,GUS_BDL:60641,ряд пересчитан по NSP 2021 (с 2020)
PL,PL-2008072,Trzcianne,gmina_rural,2025,3833,de_facto_31dec,GUS_BDL:60641,ряд пересчитан по NSP 2021 (с 2020)
PL,PL-2009011,Sejny,gmina_urban,1988,5605,census_resident,GUS_BDL:196130,"NSP 1988 (6.XII.1988), ludność faktycznie zamieszkała; в API помечено годом 1998, гмины в делении ~1998"
PL,PL-2009011,Sejny,gmina_urban,1995,6001,de_facto_31dec,GUS_BDL:60641,ряд до ступеньки 1998→1999 (см. SOURCES.md)
PL,PL-2009011,Sejny,gmina_urban,2002,6027,de_facto_31dec,GUS_BDL:60641,
PL,PL-2009011,Sejny,gmina_urban,2011,5698,de_facto_31dec,GUS_BDL:60641,ряд пересчитан по NSP 2011 (с 2010)
PL,PL-2009011,Sejny,gmina_urban,2021,5024,de_facto_31dec,GUS_BDL:60641,ряд пересчитан по NSP 2021 (с 2020)
PL,PL-2009011,Sejny,gmina_urban,2025,4739,de_facto_31dec,GUS_BDL:60641,ряд пересчитан по NSP 2021 (с 2020)
PL,PL-2009022,Giby,gmina_rural,1988,3154,census_resident,GUS_BDL:196130,"NSP 1988 (6.XII.1988), ludność faktycznie zamieszkała; в API помечено годом 1998, гмины в делении ~1998"
PL,PL-2009022,Giby,gmina_rural,1995,3090,de_facto_31dec,GUS_BDL:60641,ряд до ступеньки 1998→1999 (см. SOURCES.md)
PL,PL-2009022,Giby,gmina_rural,2002,3063,de_facto_31dec,GUS_BDL:60641,
PL,PL-2009022,Giby,gmina_rural,2011,2906,de_facto_31dec,GUS_BDL:60641,ряд пересчитан по NSP 2011 (с 2010)
PL,PL-2009022,Giby,gmina_rural,2021,2524,de_facto_31dec,GUS_BDL:60641,ряд пересчитан по NSP 2021 (с 2020)
PL,PL-2009022,Giby,gmina_rural,2025,2368,de_facto_31dec,GUS_BDL:60641,ряд пересчитан по NSP 2021 (с 2020)
PL,PL-2009032,Krasnopol,gmina_rural,1988,4476,census_resident,GUS_BDL:196130,"NSP 1988 (6.XII.1988), ludność faktycznie zamieszkała; в API помечено годом 1998, гмины в делении ~1998"
PL,PL-2009032,Krasnopol,gmina_rural,1995,4247,de_facto_31dec,GUS_BDL:60641,ряд до ступеньки 1998→1999 (см. SOURCES.md)
PL,PL-2009032,Krasnopol,gmina_rural,2002,3978,de_facto_31dec,GUS_BDL:60641,
PL,PL-2009032,Krasnopol,gmina_rural,2011,3973,de_facto_31dec,GUS_BDL:60641,ряд пересчитан по NSP 2011 (с 2010)
PL,PL-2009032,Krasnopol,gmina_rural,2021,3621,de_facto_31dec,GUS_BDL:60641,ряд пересчитан по NSP 2021 (с 2020)
PL,PL-2009032,Krasnopol,gmina_rural,2025,3459,de_facto_31dec,GUS_BDL:60641,ряд пересчитан по NSP 2021 (с 2020)
PL,PL-2009042,Puńsk,gmina_rural,1988,4597,census_resident,GUS_BDL:196130,"NSP 1988 (6.XII.1988), ludność faktycznie zamieszkała; в API помечено годом 1998, гмины в делении ~1998"
PL,PL-2009042,Puńsk,gmina_rural,1995,4497,de_facto_31dec,GUS_BDL:60641,ряд до ступеньки 1998→1999 (см. SOURCES.md)
PL,PL-2009042,Puńsk,gmina_rural,2002,4473,de_facto_31dec,GUS_BDL:60641,
PL,PL-2009042,Puńsk,gmina_rural,2011,4323,de_facto_31dec,GUS_BDL:60641,ряд пересчитан по NSP 2011 (с 2010)
PL,PL-2009042,Puńsk,gmina_rural,2021,4017,de_facto_31dec,GUS_BDL:60641,ряд пересчитан по NSP 2021 (с 2020)
PL,PL-2009042,Puńsk,gmina_rural,2025,3873,de_facto_31dec,GUS_BDL:60641,ряд пересчитан по NSP 2021 (с 2020)
PL,PL-2009052,Sejny,gmina_rural,1988,4484,census_resident,GUS_BDL:196130,"NSP 1988 (6.XII.1988), ludność faktycznie zamieszkała; в API помечено годом 1998, гмины в делении ~1998"
PL,PL-2009052,Sejny,gmina_rural,1995,4383,de_facto_31dec,GUS_BDL:60641,ряд до ступеньки 1998→1999 (см. SOURCES.md)
PL,PL-2009052,Sejny,gmina_rural,2002,4158,de_facto_31dec,GUS_BDL:60641,
PL,PL-2009052,Sejny,gmina_rural,2011,4139,de_facto_31dec,GUS_BDL:60641,ряд пересчитан по NSP 2011 (с 2010)
PL,PL-2009052,Sejny,gmina_rural,2021,3806,de_facto_31dec,GUS_BDL:60641,ряд пересчитан по NSP 2021 (с 2020)
PL,PL-2009052,Sejny,gmina_rural,2025,3771,de_facto_31dec,GUS_BDL:60641,ряд пересчитан по NSP 2021 (с 2020)
PL,PL-2010011,Siemiatycze,gmina_urban,1988,13439,census_resident,GUS_BDL:196130,"NSP 1988 (6.XII.1988), ludność faktycznie zamieszkała; в API помечено годом 1998, гмины в делении ~1998"
PL,PL-2010011,Siemiatycze,gmina_urban,1995,15228,de_facto_31dec,GUS_BDL:60641,ряд до ступеньки 1998→1999 (см. SOURCES.md)
PL,PL-2010011,Siemiatycze,gmina_urban,2002,15400,de_facto_31dec,GUS_BDL:60641,
PL,PL-2010011,Siemiatycze,gmina_urban,2011,14946,de_facto_31dec,GUS_BDL:60641,ряд пересчитан по NSP 2011 (с 2010)
PL,PL-2010011,Siemiatycze,gmina_urban,2021,13639,de_facto_31dec,GUS_BDL:60641,ряд пересчитан по NSP 2021 (с 2020)
PL,PL-2010011,Siemiatycze,gmina_urban,2025,13171,de_facto_31dec,GUS_BDL:60641,ряд пересчитан по NSP 2021 (с 2020)
PL,PL-2010023,Drohiczyn,gmina_urban_rural,1988,7730,census_resident,GUS_BDL:196130,"NSP 1988 (6.XII.1988), ludność faktycznie zamieszkała; в API помечено годом 1998, гмины в делении ~1998"
PL,PL-2010023,Drohiczyn,gmina_urban_rural,1995,7583,de_facto_31dec,GUS_BDL:60641,ряд до ступеньки 1998→1999 (см. SOURCES.md)
PL,PL-2010023,Drohiczyn,gmina_urban_rural,2002,7050,de_facto_31dec,GUS_BDL:60641,
PL,PL-2010023,Drohiczyn,gmina_urban_rural,2011,6782,de_facto_31dec,GUS_BDL:60641,ряд пересчитан по NSP 2011 (с 2010)
PL,PL-2010023,Drohiczyn,gmina_urban_rural,2021,5837,de_facto_31dec,GUS_BDL:60641,ряд пересчитан по NSP 2021 (с 2020)
PL,PL-2010023,Drohiczyn,gmina_urban_rural,2025,5514,de_facto_31dec,GUS_BDL:60641,ряд пересчитан по NSP 2021 (с 2020)
PL,PL-2010032,Dziadkowice,gmina_rural,1988,3291,census_resident,GUS_BDL:196130,"NSP 1988 (6.XII.1988), ludność faktycznie zamieszkała; в API помечено годом 1998, гмины в делении ~1998"
PL,PL-2010032,Dziadkowice,gmina_rural,1995,3247,de_facto_31dec,GUS_BDL:60641,ряд до ступеньки 1998→1999 (см. SOURCES.md)
PL,PL-2010032,Dziadkowice,gmina_rural,2002,3193,de_facto_31dec,GUS_BDL:60641,
PL,PL-2010032,Dziadkowice,gmina_rural,2011,3003,de_facto_31dec,GUS_BDL:60641,ряд пересчитан по NSP 2011 (с 2010)
PL,PL-2010032,Dziadkowice,gmina_rural,2021,2592,de_facto_31dec,GUS_BDL:60641,ряд пересчитан по NSP 2021 (с 2020)
PL,PL-2010032,Dziadkowice,gmina_rural,2025,2441,de_facto_31dec,GUS_BDL:60641,ряд пересчитан по NSP 2021 (с 2020)
PL,PL-2010042,Grodzisk,gmina_rural,1988,5407,census_resident,GUS_BDL:196130,"NSP 1988 (6.XII.1988), ludność faktycznie zamieszkała; в API помечено годом 1998, гмины в делении ~1998"
PL,PL-2010042,Grodzisk,gmina_rural,1995,5201,de_facto_31dec,GUS_BDL:60641,ряд до ступеньки 1998→1999 (см. SOURCES.md)
PL,PL-2010042,Grodzisk,gmina_rural,2002,4820,de_facto_31dec,GUS_BDL:60641,
PL,PL-2010042,Grodzisk,gmina_rural,2011,4607,de_facto_31dec,GUS_BDL:60641,ряд пересчитан по NSP 2011 (с 2010)
PL,PL-2010042,Grodzisk,gmina_rural,2021,3861,de_facto_31dec,GUS_BDL:60641,ряд пересчитан по NSP 2021 (с 2020)
PL,PL-2010042,Grodzisk,gmina_rural,2025,3659,de_facto_31dec,GUS_BDL:60641,ряд пересчитан по NSP 2021 (с 2020)
PL,PL-2010052,Mielnik,gmina_rural,1988,3226,census_resident,GUS_BDL:196130,"NSP 1988 (6.XII.1988), ludność faktycznie zamieszkała; в API помечено годом 1998, гмины в делении ~1998"
PL,PL-2010052,Mielnik,gmina_rural,1995,3028,de_facto_31dec,GUS_BDL:60641,ряд до ступеньки 1998→1999 (см. SOURCES.md)
PL,PL-2010052,Mielnik,gmina_rural,2002,2774,de_facto_31dec,GUS_BDL:60641,
PL,PL-2010052,Mielnik,gmina_rural,2011,2586,de_facto_31dec,GUS_BDL:60641,ряд пересчитан по NSP 2011 (с 2010)
PL,PL-2010052,Mielnik,gmina_rural,2021,2129,de_facto_31dec,GUS_BDL:60641,ряд пересчитан по NSP 2021 (с 2020)
PL,PL-2010052,Mielnik,gmina_rural,2025,1965,de_facto_31dec,GUS_BDL:60641,ряд пересчитан по NSP 2021 (с 2020)
PL,PL-2010062,Milejczyce,gmina_rural,1988,2807,census_resident,GUS_BDL:196130,"NSP 1988 (6.XII.1988), ludność faktycznie zamieszkała; в API помечено годом 1998, гмины в делении ~1998"
PL,PL-2010062,Milejczyce,gmina_rural,1995,2533,de_facto_31dec,GUS_BDL:60641,ряд до ступеньки 1998→1999 (см. SOURCES.md)
PL,PL-2010062,Milejczyce,gmina_rural,2002,2372,de_facto_31dec,GUS_BDL:60641,
PL,PL-2010062,Milejczyce,gmina_rural,2011,2083,de_facto_31dec,GUS_BDL:60641,ряд пересчитан по NSP 2011 (с 2010)
PL,PL-2010062,Milejczyce,gmina_rural,2021,1668,de_facto_31dec,GUS_BDL:60641,ряд пересчитан по NSP 2021 (с 2020)
PL,PL-2010062,Milejczyce,gmina_rural,2025,1546,de_facto_31dec,GUS_BDL:60641,ряд пересчитан по NSP 2021 (с 2020)
PL,PL-2010072,Nurzec-Stacja,gmina_rural,1988,5736,census_resident,GUS_BDL:196130,"NSP 1988 (6.XII.1988), ludność faktycznie zamieszkała; в API помечено годом 1998, гмины в делении ~1998"
PL,PL-2010072,Nurzec-Stacja,gmina_rural,1995,5426,de_facto_31dec,GUS_BDL:60641,ряд до ступеньки 1998→1999 (см. SOURCES.md)
PL,PL-2010072,Nurzec-Stacja,gmina_rural,2002,4836,de_facto_31dec,GUS_BDL:60641,
PL,PL-2010072,Nurzec-Stacja,gmina_rural,2011,4323,de_facto_31dec,GUS_BDL:60641,ряд пересчитан по NSP 2011 (с 2010)
PL,PL-2010072,Nurzec-Stacja,gmina_rural,2021,3583,de_facto_31dec,GUS_BDL:60641,ряд пересчитан по NSP 2021 (с 2020)
PL,PL-2010072,Nurzec-Stacja,gmina_rural,2025,3324,de_facto_31dec,GUS_BDL:60641,ряд пересчитан по NSP 2021 (с 2020)
PL,PL-2010082,Perlejewo,gmina_rural,1988,3627,census_resident,GUS_BDL:196130,"NSP 1988 (6.XII.1988), ludność faktycznie zamieszkała; в API помечено годом 1998, гмины в делении ~1998"
PL,PL-2010082,Perlejewo,gmina_rural,1995,3405,de_facto_31dec,GUS_BDL:60641,ряд до ступеньки 1998→1999 (см. SOURCES.md)
PL,PL-2010082,Perlejewo,gmina_rural,2002,3283,de_facto_31dec,GUS_BDL:60641,
PL,PL-2010082,Perlejewo,gmina_rural,2011,3075,de_facto_31dec,GUS_BDL:60641,ряд пересчитан по NSP 2011 (с 2010)
PL,PL-2010082,Perlejewo,gmina_rural,2021,2560,de_facto_31dec,GUS_BDL:60641,ряд пересчитан по NSP 2021 (с 2020)
PL,PL-2010082,Perlejewo,gmina_rural,2025,2449,de_facto_31dec,GUS_BDL:60641,ряд пересчитан по NSP 2021 (с 2020)
PL,PL-2010092,Siemiatycze,gmina_rural,1988,7638,census_resident,GUS_BDL:196130,"NSP 1988 (6.XII.1988), ludność faktycznie zamieszkała; в API помечено годом 1998, гмины в делении ~1998"
PL,PL-2010092,Siemiatycze,gmina_rural,1995,7262,de_facto_31dec,GUS_BDL:60641,ряд до ступеньки 1998→1999 (см. SOURCES.md)
PL,PL-2010092,Siemiatycze,gmina_rural,2002,6582,de_facto_31dec,GUS_BDL:60641,
PL,PL-2010092,Siemiatycze,gmina_rural,2011,6386,de_facto_31dec,GUS_BDL:60641,ряд пересчитан по NSP 2011 (с 2010)
PL,PL-2010092,Siemiatycze,gmina_rural,2021,5791,de_facto_31dec,GUS_BDL:60641,ряд пересчитан по NSP 2021 (с 2020)
PL,PL-2010092,Siemiatycze,gmina_rural,2025,5608,de_facto_31dec,GUS_BDL:60641,ряд пересчитан по NSP 2021 (с 2020)
PL,PL-2011013,Dąbrowa Białostocka,gmina_urban_rural,1988,13798,census_resident,GUS_BDL:196130,"NSP 1988 (6.XII.1988), ludność faktycznie zamieszkała; в API помечено годом 1998, гмины в делении ~1998"
PL,PL-2011013,Dąbrowa Białostocka,gmina_urban_rural,1995,14112,de_facto_31dec,GUS_BDL:60641,ряд до ступеньки 1998→1999 (см. SOURCES.md)
PL,PL-2011013,Dąbrowa Białostocka,gmina_urban_rural,2002,13063,de_facto_31dec,GUS_BDL:60641,
PL,PL-2011013,Dąbrowa Białostocka,gmina_urban_rural,2011,12515,de_facto_31dec,GUS_BDL:60641,ряд пересчитан по NSP 2011 (с 2010)
PL,PL-2011013,Dąbrowa Białostocka,gmina_urban_rural,2021,10398,de_facto_31dec,GUS_BDL:60641,ряд пересчитан по NSP 2021 (с 2020)
PL,PL-2011013,Dąbrowa Białostocka,gmina_urban_rural,2025,9818,de_facto_31dec,GUS_BDL:60641,ряд пересчитан по NSP 2021 (с 2020)
PL,PL-2011022,Janów,gmina_rural,1988,5179,census_resident,GUS_BDL:196130,"NSP 1988 (6.XII.1988), ludność faktycznie zamieszkała; в API помечено годом 1998, гмины в делении ~1998"
PL,PL-2011022,Janów,gmina_rural,1995,4867,de_facto_31dec,GUS_BDL:60641,ряд до ступеньки 1998→1999 (см. SOURCES.md)
PL,PL-2011022,Janów,gmina_rural,2002,4543,de_facto_31dec,GUS_BDL:60641,
PL,PL-2011022,Janów,gmina_rural,2011,4419,de_facto_31dec,GUS_BDL:60641,ряд пересчитан по NSP 2011 (с 2010)
PL,PL-2011022,Janów,gmina_rural,2021,3822,de_facto_31dec,GUS_BDL:60641,ряд пересчитан по NSP 2021 (с 2020)
PL,PL-2011022,Janów,gmina_rural,2025,3599,de_facto_31dec,GUS_BDL:60641,ряд пересчитан по NSP 2021 (с 2020)
PL,PL-2011032,Korycin,gmina_rural,1988,3913,census_resident,GUS_BDL:196130,"NSP 1988 (6.XII.1988), ludność faktycznie zamieszkała; в API помечено годом 1998, гмины в делении ~1998"
PL,PL-2011032,Korycin,gmina_rural,1995,3772,de_facto_31dec,GUS_BDL:60641,ряд до ступеньки 1998→1999 (см. SOURCES.md)
PL,PL-2011032,Korycin,gmina_rural,2002,3626,de_facto_31dec,GUS_BDL:60641,
PL,PL-2011032,Korycin,gmina_rural,2011,3456,de_facto_31dec,GUS_BDL:60641,ряд пересчитан по NSP 2011 (с 2010)
PL,PL-2011032,Korycin,gmina_rural,2021,3054,de_facto_31dec,GUS_BDL:60641,ряд пересчитан по NSP 2021 (с 2020)
PL,PL-2011032,Korycin,gmina_rural,2025,3007,de_facto_31dec,GUS_BDL:60641,ряд пересчитан по NSP 2021 (с 2020)
PL,PL-2011043,Krynki,gmina_rural,1988,4145,census_resident,GUS_BDL:196130,"NSP 1988 (6.XII.1988), ludność faktycznie zamieszkała; в API помечено годом 1998, гмины в делении ~1998; ID BDL: 062013711042 (gm. wiejska, 1995–2008) → 062013711043 (gm. miejsko-wiejska, 2009–2025)"
PL,PL-2011043,Krynki,gmina_rural,1995,4090,de_facto_31dec,GUS_BDL:60641,"ряд до ступеньки 1998→1999 (см. SOURCES.md); ID BDL: 062013711042 (gm. wiejska, 1995–2008) → 062013711043 (gm. miejsko-wiejska, 2009–2025)"
PL,PL-2011043,Krynki,gmina_rural,2002,3636,de_facto_31dec,GUS_BDL:60641,"ID BDL: 062013711042 (gm. wiejska, 1995–2008) → 062013711043 (gm. miejsko-wiejska, 2009–2025)"
PL,PL-2011043,Krynki,gmina_urban_rural,2011,3317,de_facto_31dec,GUS_BDL:60641,"ряд пересчитан по NSP 2011 (с 2010); ID BDL: 062013711042 (gm. wiejska, 1995–2008) → 062013711043 (gm. miejsko-wiejska, 2009–2025)"
PL,PL-2011043,Krynki,gmina_urban_rural,2021,2805,de_facto_31dec,GUS_BDL:60641,"ряд пересчитан по NSP 2021 (с 2020); ID BDL: 062013711042 (gm. wiejska, 1995–2008) → 062013711043 (gm. miejsko-wiejska, 2009–2025)"
PL,PL-2011043,Krynki,gmina_urban_rural,2025,2625,de_facto_31dec,GUS_BDL:60641,"ряд пересчитан по NSP 2021 (с 2020); ID BDL: 062013711042 (gm. wiejska, 1995–2008) → 062013711043 (gm. miejsko-wiejska, 2009–2025)"
PL,PL-2011052,Kuźnica,gmina_rural,1988,5229,census_resident,GUS_BDL:196130,"NSP 1988 (6.XII.1988), ludność faktycznie zamieszkała; в API помечено годом 1998, гмины в делении ~1998"
PL,PL-2011052,Kuźnica,gmina_rural,1995,4967,de_facto_31dec,GUS_BDL:60641,ряд до ступеньки 1998→1999 (см. SOURCES.md)
PL,PL-2011052,Kuźnica,gmina_rural,2002,4450,de_facto_31dec,GUS_BDL:60641,
PL,PL-2011052,Kuźnica,gmina_rural,2011,4291,de_facto_31dec,GUS_BDL:60641,ряд пересчитан по NSP 2011 (с 2010)
PL,PL-2011052,Kuźnica,gmina_rural,2021,3726,de_facto_31dec,GUS_BDL:60641,ряд пересчитан по NSP 2021 (с 2020)
PL,PL-2011052,Kuźnica,gmina_rural,2025,3519,de_facto_31dec,GUS_BDL:60641,ряд пересчитан по NSP 2021 (с 2020)
PL,PL-2011062,Nowy Dwór,gmina_rural,1988,3567,census_resident,GUS_BDL:196130,"NSP 1988 (6.XII.1988), ludność faktycznie zamieszkała; в API помечено годом 1998, гмины в делении ~1998"
PL,PL-2011062,Nowy Dwór,gmina_rural,1995,3352,de_facto_31dec,GUS_BDL:60641,ряд до ступеньки 1998→1999 (см. SOURCES.md)
PL,PL-2011062,Nowy Dwór,gmina_rural,2002,3066,de_facto_31dec,GUS_BDL:60641,
PL,PL-2011062,Nowy Dwór,gmina_rural,2011,2847,de_facto_31dec,GUS_BDL:60641,ряд пересчитан по NSP 2011 (с 2010)
PL,PL-2011062,Nowy Dwór,gmina_rural,2021,2258,de_facto_31dec,GUS_BDL:60641,ряд пересчитан по NSP 2021 (с 2020)
PL,PL-2011062,Nowy Dwór,gmina_rural,2025,2095,de_facto_31dec,GUS_BDL:60641,ряд пересчитан по NSP 2021 (с 2020)
PL,PL-2011072,Sidra,gmina_rural,1988,4715,census_resident,GUS_BDL:196130,"NSP 1988 (6.XII.1988), ludność faktycznie zamieszkała; в API помечено годом 1998, гмины в делении ~1998"
PL,PL-2011072,Sidra,gmina_rural,1995,4448,de_facto_31dec,GUS_BDL:60641,ряд до ступеньки 1998→1999 (см. SOURCES.md)
PL,PL-2011072,Sidra,gmina_rural,2002,4115,de_facto_31dec,GUS_BDL:60641,
PL,PL-2011072,Sidra,gmina_rural,2011,3705,de_facto_31dec,GUS_BDL:60641,ряд пересчитан по NSP 2011 (с 2010)
PL,PL-2011072,Sidra,gmina_rural,2021,3104,de_facto_31dec,GUS_BDL:60641,ряд пересчитан по NSP 2021 (с 2020)
PL,PL-2011072,Sidra,gmina_rural,2025,2979,de_facto_31dec,GUS_BDL:60641,ряд пересчитан по NSP 2021 (с 2020)
PL,PL-2011083,Sokółka,gmina_urban_rural,1988,27642,census_resident,GUS_BDL:196130,"NSP 1988 (6.XII.1988), ludność faktycznie zamieszkała; в API помечено годом 1998, гмины в делении ~1998"
PL,PL-2011083,Sokółka,gmina_urban_rural,1995,28620,de_facto_31dec,GUS_BDL:60641,ряд до ступеньки 1998→1999 (см. SOURCES.md)
PL,PL-2011083,Sokółka,gmina_urban_rural,2002,26995,de_facto_31dec,GUS_BDL:60641,
PL,PL-2011083,Sokółka,gmina_urban_rural,2011,26589,de_facto_31dec,GUS_BDL:60641,ряд пересчитан по NSP 2011 (с 2010)
PL,PL-2011083,Sokółka,gmina_urban_rural,2021,24353,de_facto_31dec,GUS_BDL:60641,ряд пересчитан по NSP 2021 (с 2020)
PL,PL-2011083,Sokółka,gmina_urban_rural,2025,23417,de_facto_31dec,GUS_BDL:60641,ряд пересчитан по NSP 2021 (с 2020)
PL,PL-2011093,Suchowola,gmina_urban_rural,1988,8175,census_resident,GUS_BDL:196130,"NSP 1988 (6.XII.1988), ludność faktycznie zamieszkała; в API помечено годом 1998, гмины в делении ~1998; ID BDL: 062013711092 (gm. wiejska, 1995–1996) → 062013711093 (gm. miejsko-wiejska, 1997–2025)"
PL,PL-2011093,Suchowola,gmina_rural,1995,8062,de_facto_31dec,GUS_BDL:60641,"ряд до ступеньки 1998→1999 (см. SOURCES.md); ID BDL: 062013711092 (gm. wiejska, 1995–1996) → 062013711093 (gm. miejsko-wiejska, 1997–2025)"
PL,PL-2011093,Suchowola,gmina_urban_rural,2002,7542,de_facto_31dec,GUS_BDL:60641,"ID BDL: 062013711092 (gm. wiejska, 1995–1996) → 062013711093 (gm. miejsko-wiejska, 1997–2025)"
PL,PL-2011093,Suchowola,gmina_urban_rural,2011,7282,de_facto_31dec,GUS_BDL:60641,"ряд пересчитан по NSP 2011 (с 2010); ID BDL: 062013711092 (gm. wiejska, 1995–1996) → 062013711093 (gm. miejsko-wiejska, 1997–2025)"
PL,PL-2011093,Suchowola,gmina_urban_rural,2021,6464,de_facto_31dec,GUS_BDL:60641,"ряд пересчитан по NSP 2021 (с 2020); ID BDL: 062013711092 (gm. wiejska, 1995–1996) → 062013711093 (gm. miejsko-wiejska, 1997–2025)"
PL,PL-2011093,Suchowola,gmina_urban_rural,2025,6112,de_facto_31dec,GUS_BDL:60641,"ряд пересчитан по NSP 2021 (с 2020); ID BDL: 062013711092 (gm. wiejska, 1995–1996) → 062013711093 (gm. miejsko-wiejska, 1997–2025)"
PL,PL-2011102,Szudziałowo,gmina_rural,1988,4625,census_resident,GUS_BDL:196130,"NSP 1988 (6.XII.1988), ludność faktycznie zamieszkała; в API помечено годом 1998, гмины в делении ~1998"
PL,PL-2011102,Szudziałowo,gmina_rural,1995,4216,de_facto_31dec,GUS_BDL:60641,ряд до ступеньки 1998→1999 (см. SOURCES.md)
PL,PL-2011102,Szudziałowo,gmina_rural,2002,3570,de_facto_31dec,GUS_BDL:60641,
PL,PL-2011102,Szudziałowo,gmina_rural,2011,3257,de_facto_31dec,GUS_BDL:60641,ряд пересчитан по NSP 2011 (с 2010)
PL,PL-2011102,Szudziałowo,gmina_rural,2021,2791,de_facto_31dec,GUS_BDL:60641,ряд пересчитан по NSP 2021 (с 2020)
PL,PL-2011102,Szudziałowo,gmina_rural,2025,2656,de_facto_31dec,GUS_BDL:60641,ряд пересчитан по NSP 2021 (с 2020)
PL,PL-2012012,Bakałarzewo,gmina_rural,1988,3146,census_resident,GUS_BDL:196130,"NSP 1988 (6.XII.1988), ludność faktycznie zamieszkała; в API помечено годом 1998, гмины в делении ~1998"
PL,PL-2012012,Bakałarzewo,gmina_rural,1995,3186,de_facto_31dec,GUS_BDL:60641,ряд до ступеньки 1998→1999 (см. SOURCES.md)
PL,PL-2012012,Bakałarzewo,gmina_rural,2002,3110,de_facto_31dec,GUS_BDL:60641,
PL,PL-2012012,Bakałarzewo,gmina_rural,2011,3087,de_facto_31dec,GUS_BDL:60641,ряд пересчитан по NSP 2011 (с 2010)
PL,PL-2012012,Bakałarzewo,gmina_rural,2021,2994,de_facto_31dec,GUS_BDL:60641,ряд пересчитан по NSP 2021 (с 2020)
PL,PL-2012012,Bakałarzewo,gmina_rural,2025,2969,de_facto_31dec,GUS_BDL:60641,ряд пересчитан по NSP 2021 (с 2020)
PL,PL-2012022,Filipów,gmina_rural,1988,4519,census_resident,GUS_BDL:196130,"NSP 1988 (6.XII.1988), ludność faktycznie zamieszkała; в API помечено годом 1998, гмины в делении ~1998"
PL,PL-2012022,Filipów,gmina_rural,1995,4589,de_facto_31dec,GUS_BDL:60641,ряд до ступеньки 1998→1999 (см. SOURCES.md)
PL,PL-2012022,Filipów,gmina_rural,2002,4594,de_facto_31dec,GUS_BDL:60641,
PL,PL-2012022,Filipów,gmina_rural,2011,4582,de_facto_31dec,GUS_BDL:60641,ряд пересчитан по NSP 2011 (с 2010)
PL,PL-2012022,Filipów,gmina_rural,2021,4053,de_facto_31dec,GUS_BDL:60641,ряд пересчитан по NSP 2021 (с 2020)
PL,PL-2012022,Filipów,gmina_rural,2025,3997,de_facto_31dec,GUS_BDL:60641,ряд пересчитан по NSP 2021 (с 2020)
PL,PL-2012032,Jeleniewo,gmina_rural,1988,3265,census_resident,GUS_BDL:196130,"NSP 1988 (6.XII.1988), ludność faktycznie zamieszkała; в API помечено годом 1998, гмины в делении ~1998"
PL,PL-2012032,Jeleniewo,gmina_rural,1995,3113,de_facto_31dec,GUS_BDL:60641,ряд до ступеньки 1998→1999 (см. SOURCES.md)
PL,PL-2012032,Jeleniewo,gmina_rural,2002,2987,de_facto_31dec,GUS_BDL:60641,
PL,PL-2012032,Jeleniewo,gmina_rural,2011,3176,de_facto_31dec,GUS_BDL:60641,ряд пересчитан по NSP 2011 (с 2010)
PL,PL-2012032,Jeleniewo,gmina_rural,2021,3125,de_facto_31dec,GUS_BDL:60641,ряд пересчитан по NSP 2021 (с 2020)
PL,PL-2012032,Jeleniewo,gmina_rural,2025,3104,de_facto_31dec,GUS_BDL:60641,ряд пересчитан по NSP 2021 (с 2020)
PL,PL-2012042,Przerośl,gmina_rural,1988,3065,census_resident,GUS_BDL:196130,"NSP 1988 (6.XII.1988), ludność faktycznie zamieszkała; в API помечено годом 1998, гмины в делении ~1998"
PL,PL-2012042,Przerośl,gmina_rural,1995,3142,de_facto_31dec,GUS_BDL:60641,ряд до ступеньки 1998→1999 (см. SOURCES.md)
PL,PL-2012042,Przerośl,gmina_rural,2002,3187,de_facto_31dec,GUS_BDL:60641,
PL,PL-2012042,Przerośl,gmina_rural,2011,3056,de_facto_31dec,GUS_BDL:60641,ряд пересчитан по NSP 2011 (с 2010)
PL,PL-2012042,Przerośl,gmina_rural,2021,2800,de_facto_31dec,GUS_BDL:60641,ряд пересчитан по NSP 2021 (с 2020)
PL,PL-2012042,Przerośl,gmina_rural,2025,2670,de_facto_31dec,GUS_BDL:60641,ряд пересчитан по NSP 2021 (с 2020)
PL,PL-2012052,Raczki,gmina_rural,1988,6343,census_resident,GUS_BDL:196130,"NSP 1988 (6.XII.1988), ludność faktycznie zamieszkała; в API помечено годом 1998, гмины в делении ~1998"
PL,PL-2012052,Raczki,gmina_rural,1995,6304,de_facto_31dec,GUS_BDL:60641,ряд до ступеньки 1998→1999 (см. SOURCES.md)
PL,PL-2012052,Raczki,gmina_rural,2002,6170,de_facto_31dec,GUS_BDL:60641,
PL,PL-2012052,Raczki,gmina_rural,2011,6113,de_facto_31dec,GUS_BDL:60641,ряд пересчитан по NSP 2011 (с 2010)
PL,PL-2012052,Raczki,gmina_rural,2021,5710,de_facto_31dec,GUS_BDL:60641,ряд пересчитан по NSP 2021 (с 2020)
PL,PL-2012052,Raczki,gmina_rural,2025,5587,de_facto_31dec,GUS_BDL:60641,ряд пересчитан по NSP 2021 (с 2020)
PL,PL-2012062,Rutka-Tartak,gmina_rural,1988,2280,census_resident,GUS_BDL:196130,"NSP 1988 (6.XII.1988), ludność faktycznie zamieszkała; в API помечено годом 1998, гмины в делении ~1998; площадь 2009→2010: 9242→10346 га (+1104), встречное изменение у соседней гмины Wiżajny"
PL,PL-2012062,Rutka-Tartak,gmina_rural,1995,2272,de_facto_31dec,GUS_BDL:60641,"ряд до ступеньки 1998→1999 (см. SOURCES.md); площадь 2009→2010: 9242→10346 га (+1104), встречное изменение у соседней гмины Wiżajny"
PL,PL-2012062,Rutka-Tartak,gmina_rural,2002,2293,de_facto_31dec,GUS_BDL:60641,"площадь 2009→2010: 9242→10346 га (+1104), встречное изменение у соседней гмины Wiżajny"
PL,PL-2012062,Rutka-Tartak,gmina_rural,2011,2464,de_facto_31dec,GUS_BDL:60641,"ряд пересчитан по NSP 2011 (с 2010); площадь 2009→2010: 9242→10346 га (+1104), встречное изменение у соседней гмины Wiżajny"
PL,PL-2012062,Rutka-Tartak,gmina_rural,2021,2256,de_facto_31dec,GUS_BDL:60641,"ряд пересчитан по NSP 2021 (с 2020); площадь 2009→2010: 9242→10346 га (+1104), встречное изменение у соседней гмины Wiżajny"
PL,PL-2012062,Rutka-Tartak,gmina_rural,2025,2136,de_facto_31dec,GUS_BDL:60641,"ряд пересчитан по NSP 2021 (с 2020); площадь 2009→2010: 9242→10346 га (+1104), встречное изменение у соседней гмины Wiżajny"
PL,PL-2012072,Suwałki,gmina_rural,1988,6657,census_resident,GUS_BDL:196130,"NSP 1988 (6.XII.1988), ludność faktycznie zamieszkała; в API помечено годом 1998, гмины в делении ~1998"
PL,PL-2012072,Suwałki,gmina_rural,1995,6126,de_facto_31dec,GUS_BDL:60641,ряд до ступеньки 1998→1999 (см. SOURCES.md)
PL,PL-2012072,Suwałki,gmina_rural,2002,6349,de_facto_31dec,GUS_BDL:60641,
PL,PL-2012072,Suwałki,gmina_rural,2011,7277,de_facto_31dec,GUS_BDL:60641,ряд пересчитан по NSP 2011 (с 2010)
PL,PL-2012072,Suwałki,gmina_rural,2021,7946,de_facto_31dec,GUS_BDL:60641,ряд пересчитан по NSP 2021 (с 2020)
PL,PL-2012072,Suwałki,gmina_rural,2025,8226,de_facto_31dec,GUS_BDL:60641,ряд пересчитан по NSP 2021 (с 2020)
PL,PL-2012082,Szypliszki,gmina_rural,1988,4296,census_resident,GUS_BDL:196130,"NSP 1988 (6.XII.1988), ludność faktycznie zamieszkała; в API помечено годом 1998, гмины в делении ~1998"
PL,PL-2012082,Szypliszki,gmina_rural,1995,4258,de_facto_31dec,GUS_BDL:60641,ряд до ступеньки 1998→1999 (см. SOURCES.md)
PL,PL-2012082,Szypliszki,gmina_rural,2002,4058,de_facto_31dec,GUS_BDL:60641,
PL,PL-2012082,Szypliszki,gmina_rural,2011,3978,de_facto_31dec,GUS_BDL:60641,ряд пересчитан по NSP 2011 (с 2010)
PL,PL-2012082,Szypliszki,gmina_rural,2021,3902,de_facto_31dec,GUS_BDL:60641,ряд пересчитан по NSP 2021 (с 2020)
PL,PL-2012082,Szypliszki,gmina_rural,2025,3861,de_facto_31dec,GUS_BDL:60641,ряд пересчитан по NSP 2021 (с 2020)
PL,PL-2012092,Wiżajny,gmina_rural,1988,3021,census_resident,GUS_BDL:196130,"NSP 1988 (6.XII.1988), ludność faktycznie zamieszkała; в API помечено годом 1998, гмины в делении ~1998; площадь 2009→2010: 12296→11190 га (-1106), встречное изменение у соседней гмины Rutka-Tartak"
PL,PL-2012092,Wiżajny,gmina_rural,1995,2937,de_facto_31dec,GUS_BDL:60641,"ряд до ступеньки 1998→1999 (см. SOURCES.md); площадь 2009→2010: 12296→11190 га (-1106), встречное изменение у соседней гмины Rutka-Tartak"
PL,PL-2012092,Wiżajny,gmina_rural,2002,2787,de_facto_31dec,GUS_BDL:60641,"площадь 2009→2010: 12296→11190 га (-1106), встречное изменение у соседней гмины Rutka-Tartak"
PL,PL-2012092,Wiżajny,gmina_rural,2011,2478,de_facto_31dec,GUS_BDL:60641,"ряд пересчитан по NSP 2011 (с 2010); площадь 2009→2010: 12296→11190 га (-1106), встречное изменение у соседней гмины Rutka-Tartak"
PL,PL-2012092,Wiżajny,gmina_rural,2021,2053,de_facto_31dec,GUS_BDL:60641,"ряд пересчитан по NSP 2021 (с 2020); площадь 2009→2010: 12296→11190 га (-1106), встречное изменение у соседней гмины Rutka-Tartak"
PL,PL-2012092,Wiżajny,gmina_rural,2025,1896,de_facto_31dec,GUS_BDL:60641,"ряд пересчитан по NSP 2021 (с 2020); площадь 2009→2010: 12296→11190 га (-1106), встречное изменение у соседней гмины Rutka-Tartak"
PL,PL-2013011,Wysokie Mazowieckie,gmina_urban,1988,8356,census_resident,GUS_BDL:196130,"NSP 1988 (6.XII.1988), ludność faktycznie zamieszkała; в API помечено годом 1998, гмины в делении ~1998"
PL,PL-2013011,Wysokie Mazowieckie,gmina_urban,1995,9369,de_facto_31dec,GUS_BDL:60641,ряд до ступеньки 1998→1999 (см. SOURCES.md)
PL,PL-2013011,Wysokie Mazowieckie,gmina_urban,2002,9203,de_facto_31dec,GUS_BDL:60641,
PL,PL-2013011,Wysokie Mazowieckie,gmina_urban,2011,9516,de_facto_31dec,GUS_BDL:60641,ряд пересчитан по NSP 2011 (с 2010)
PL,PL-2013011,Wysokie Mazowieckie,gmina_urban,2021,9081,de_facto_31dec,GUS_BDL:60641,ряд пересчитан по NSP 2021 (с 2020)
PL,PL-2013011,Wysokie Mazowieckie,gmina_urban,2025,8915,de_facto_31dec,GUS_BDL:60641,ряд пересчитан по NSP 2021 (с 2020)
PL,PL-2013023,Ciechanowiec,gmina_urban_rural,1988,9534,census_resident,GUS_BDL:196130,"NSP 1988 (6.XII.1988), ludność faktycznie zamieszkała; в API помечено годом 1998, гмины в делении ~1998"
PL,PL-2013023,Ciechanowiec,gmina_urban_rural,1995,9646,de_facto_31dec,GUS_BDL:60641,ряд до ступеньки 1998→1999 (см. SOURCES.md)
PL,PL-2013023,Ciechanowiec,gmina_urban_rural,2002,9530,de_facto_31dec,GUS_BDL:60641,
PL,PL-2013023,Ciechanowiec,gmina_urban_rural,2011,9195,de_facto_31dec,GUS_BDL:60641,ряд пересчитан по NSP 2011 (с 2010)
PL,PL-2013023,Ciechanowiec,gmina_urban_rural,2021,8134,de_facto_31dec,GUS_BDL:60641,ряд пересчитан по NSP 2021 (с 2020)
PL,PL-2013023,Ciechanowiec,gmina_urban_rural,2025,7804,de_facto_31dec,GUS_BDL:60641,ряд пересчитан по NSP 2021 (с 2020)
PL,PL-2013033,Czyżew,gmina_rural,1988,6676,census_resident,GUS_BDL:196130,"NSP 1988 (6.XII.1988), ludność faktycznie zamieszkała; в API помечено годом 1998, гмины в делении ~1998; ID BDL: 062013813032 (gm. wiejska, 1995–2010) → 062013813033 (gm. miejsko-wiejska, 2011–2025); площадь 2003→2004: 12340→13002 га (+662) — встречного изменения у соседних гмин воеводства нет (возможен обмен с гминой за пределами выборки)"
PL,PL-2013033,Czyżew,gmina_rural,1995,6715,de_facto_31dec,GUS_BDL:60641,"ряд до ступеньки 1998→1999 (см. SOURCES.md); ID BDL: 062013813032 (gm. wiejska, 1995–2010) → 062013813033 (gm. miejsko-wiejska, 2011–2025); площадь 2003→2004: 12340→13002 га (+662) — встречного изменения у соседних гмин воеводства нет (возможен обмен с гминой за пределами выборки)"
PL,PL-2013033,Czyżew,gmina_rural,2002,6468,de_facto_31dec,GUS_BDL:60641,"ID BDL: 062013813032 (gm. wiejska, 1995–2010) → 062013813033 (gm. miejsko-wiejska, 2011–2025); площадь 2003→2004: 12340→13002 га (+662) — встречного изменения у соседних гмин воеводства нет (возможен обмен с гминой за пределами выборки)"
PL,PL-2013033,Czyżew,gmina_urban_rural,2011,6600,de_facto_31dec,GUS_BDL:60641,"ряд пересчитан по NSP 2011 (с 2010); ID BDL: 062013813032 (gm. wiejska, 1995–2010) → 062013813033 (gm. miejsko-wiejska, 2011–2025); площадь 2003→2004: 12340→13002 га (+662) — встречного изменения у соседних гмин воеводства нет (возможен обмен с гминой за пределами выборки)"
PL,PL-2013033,Czyżew,gmina_urban_rural,2021,6120,de_facto_31dec,GUS_BDL:60641,"ряд пересчитан по NSP 2021 (с 2020); ID BDL: 062013813032 (gm. wiejska, 1995–2010) → 062013813033 (gm. miejsko-wiejska, 2011–2025); площадь 2003→2004: 12340→13002 га (+662) — встречного изменения у соседних гмин воеводства нет (возможен обмен с гминой за пределами выборки)"
PL,PL-2013033,Czyżew,gmina_urban_rural,2025,5875,de_facto_31dec,GUS_BDL:60641,"ряд пересчитан по NSP 2021 (с 2020); ID BDL: 062013813032 (gm. wiejska, 1995–2010) → 062013813033 (gm. miejsko-wiejska, 2011–2025); площадь 2003→2004: 12340→13002 га (+662) — встречного изменения у соседних гмин воеводства нет (возможен обмен с гминой за пределами выборки)"
PL,PL-2013042,Klukowo,gmina_rural,1988,5205,census_resident,GUS_BDL:196130,"NSP 1988 (6.XII.1988), ludność faktycznie zamieszkała; в API помечено годом 1998, гмины в делении ~1998"
PL,PL-2013042,Klukowo,gmina_rural,1995,5163,de_facto_31dec,GUS_BDL:60641,ряд до ступеньки 1998→1999 (см. SOURCES.md)
PL,PL-2013042,Klukowo,gmina_rural,2002,4815,de_facto_31dec,GUS_BDL:60641,
PL,PL-2013042,Klukowo,gmina_rural,2011,4595,de_facto_31dec,GUS_BDL:60641,ряд пересчитан по NSP 2011 (с 2010)
PL,PL-2013042,Klukowo,gmina_rural,2021,4069,de_facto_31dec,GUS_BDL:60641,ряд пересчитан по NSP 2021 (с 2020)
PL,PL-2013042,Klukowo,gmina_rural,2025,3830,de_facto_31dec,GUS_BDL:60641,ряд пересчитан по NSP 2021 (с 2020)
PL,PL-2013052,Kobylin-Borzymy,gmina_rural,1988,4036,census_resident,GUS_BDL:196130,"NSP 1988 (6.XII.1988), ludność faktycznie zamieszkała; в API помечено годом 1998, гмины в делении ~1998"
PL,PL-2013052,Kobylin-Borzymy,gmina_rural,1995,3897,de_facto_31dec,GUS_BDL:60641,ряд до ступеньки 1998→1999 (см. SOURCES.md)
PL,PL-2013052,Kobylin-Borzymy,gmina_rural,2002,3752,de_facto_31dec,GUS_BDL:60641,
PL,PL-2013052,Kobylin-Borzymy,gmina_rural,2011,3475,de_facto_31dec,GUS_BDL:60641,ряд пересчитан по NSP 2011 (с 2010)
PL,PL-2013052,Kobylin-Borzymy,gmina_rural,2021,2977,de_facto_31dec,GUS_BDL:60641,ряд пересчитан по NSP 2021 (с 2020)
PL,PL-2013052,Kobylin-Borzymy,gmina_rural,2025,2840,de_facto_31dec,GUS_BDL:60641,ряд пересчитан по NSP 2021 (с 2020)
PL,PL-2013062,Kulesze Kościelne,gmina_rural,1988,3657,census_resident,GUS_BDL:196130,"NSP 1988 (6.XII.1988), ludność faktycznie zamieszkała; в API помечено годом 1998, гмины в делении ~1998"
PL,PL-2013062,Kulesze Kościelne,gmina_rural,1995,3616,de_facto_31dec,GUS_BDL:60641,ряд до ступеньки 1998→1999 (см. SOURCES.md)
PL,PL-2013062,Kulesze Kościelne,gmina_rural,2002,3438,de_facto_31dec,GUS_BDL:60641,
PL,PL-2013062,Kulesze Kościelne,gmina_rural,2011,3283,de_facto_31dec,GUS_BDL:60641,ряд пересчитан по NSP 2011 (с 2010)
PL,PL-2013062,Kulesze Kościelne,gmina_rural,2021,2967,de_facto_31dec,GUS_BDL:60641,ряд пересчитан по NSP 2021 (с 2020)
PL,PL-2013062,Kulesze Kościelne,gmina_rural,2025,2857,de_facto_31dec,GUS_BDL:60641,ряд пересчитан по NSP 2021 (с 2020)
PL,PL-2013072,Nowe Piekuty,gmina_rural,1988,4438,census_resident,GUS_BDL:196130,"NSP 1988 (6.XII.1988), ludność faktycznie zamieszkała; в API помечено годом 1998, гмины в делении ~1998"
PL,PL-2013072,Nowe Piekuty,gmina_rural,1995,4383,de_facto_31dec,GUS_BDL:60641,ряд до ступеньки 1998→1999 (см. SOURCES.md)
PL,PL-2013072,Nowe Piekuty,gmina_rural,2002,4159,de_facto_31dec,GUS_BDL:60641,
PL,PL-2013072,Nowe Piekuty,gmina_rural,2011,4119,de_facto_31dec,GUS_BDL:60641,ряд пересчитан по NSP 2011 (с 2010)
PL,PL-2013072,Nowe Piekuty,gmina_rural,2021,3602,de_facto_31dec,GUS_BDL:60641,ряд пересчитан по NSP 2021 (с 2020)
PL,PL-2013072,Nowe Piekuty,gmina_rural,2025,3503,de_facto_31dec,GUS_BDL:60641,ряд пересчитан по NSP 2021 (с 2020)
PL,PL-2013082,Sokoły,gmina_rural,1988,6873,census_resident,GUS_BDL:196130,"NSP 1988 (6.XII.1988), ludność faktycznie zamieszkała; в API помечено годом 1998, гмины в делении ~1998"
PL,PL-2013082,Sokoły,gmina_rural,1995,6787,de_facto_31dec,GUS_BDL:60641,ряд до ступеньки 1998→1999 (см. SOURCES.md)
PL,PL-2013082,Sokoły,gmina_rural,2002,6074,de_facto_31dec,GUS_BDL:60641,
PL,PL-2013082,Sokoły,gmina_rural,2011,5956,de_facto_31dec,GUS_BDL:60641,ряд пересчитан по NSP 2011 (с 2010)
PL,PL-2013082,Sokoły,gmina_rural,2021,5318,de_facto_31dec,GUS_BDL:60641,ряд пересчитан по NSP 2021 (с 2020)
PL,PL-2013082,Sokoły,gmina_rural,2025,5112,de_facto_31dec,GUS_BDL:60641,ряд пересчитан по NSP 2021 (с 2020)
PL,PL-2013093,Szepietowo,gmina_rural,1988,7978,census_resident,GUS_BDL:196130,"NSP 1988 (6.XII.1988), ludność faktycznie zamieszkała; в API помечено годом 1998, гмины в делении ~1998; ID BDL: 062013813092 (gm. wiejska, 1995–2009) → 062013813093 (gm. miejsko-wiejska, 2010–2025); площадь 1999→2000: 15912→15190 га (-722), встречное изменение у соседней гмины Wysokie Mazowieckie"
PL,PL-2013093,Szepietowo,gmina_rural,1995,8106,de_facto_31dec,GUS_BDL:60641,"ряд до ступеньки 1998→1999 (см. SOURCES.md); ID BDL: 062013813092 (gm. wiejska, 1995–2009) → 062013813093 (gm. miejsko-wiejska, 2010–2025); площадь 1999→2000: 15912→15190 га (-722), встречное изменение у соседней гмины Wysokie Mazowieckie"
PL,PL-2013093,Szepietowo,gmina_rural,2002,7564,de_facto_31dec,GUS_BDL:60641,"ID BDL: 062013813092 (gm. wiejska, 1995–2009) → 062013813093 (gm. miejsko-wiejska, 2010–2025); площадь 1999→2000: 15912→15190 га (-722), встречное изменение у соседней гмины Wysokie Mazowieckie"
PL,PL-2013093,Szepietowo,gmina_urban_rural,2011,7372,de_facto_31dec,GUS_BDL:60641,"ряд пересчитан по NSP 2011 (с 2010); ID BDL: 062013813092 (gm. wiejska, 1995–2009) → 062013813093 (gm. miejsko-wiejska, 2010–2025); площадь 1999→2000: 15912→15190 га (-722), встречное изменение у соседней гмины Wysokie Mazowieckie"
PL,PL-2013093,Szepietowo,gmina_urban_rural,2021,6584,de_facto_31dec,GUS_BDL:60641,"ряд пересчитан по NSP 2021 (с 2020); ID BDL: 062013813092 (gm. wiejska, 1995–2009) → 062013813093 (gm. miejsko-wiejska, 2010–2025); площадь 1999→2000: 15912→15190 га (-722), встречное изменение у соседней гмины Wysokie Mazowieckie"
PL,PL-2013093,Szepietowo,gmina_urban_rural,2025,6254,de_facto_31dec,GUS_BDL:60641,"ряд пересчитан по NSP 2021 (с 2020); ID BDL: 062013813092 (gm. wiejska, 1995–2009) → 062013813093 (gm. miejsko-wiejska, 2010–2025); площадь 1999→2000: 15912→15190 га (-722), встречное изменение у соседней гмины Wysokie Mazowieckie"
PL,PL-2013102,Wysokie Mazowieckie,gmina_rural,1988,5673,census_resident,GUS_BDL:196130,"NSP 1988 (6.XII.1988), ludność faktycznie zamieszkała; в API помечено годом 1998, гмины в делении ~1998; площадь 1999→2000: 15889→16611 га (+722), встречное изменение у соседней гмины Szepietowo"
PL,PL-2013102,Wysokie Mazowieckie,gmina_rural,1995,5484,de_facto_31dec,GUS_BDL:60641,"ряд до ступеньки 1998→1999 (см. SOURCES.md); площадь 1999→2000: 15889→16611 га (+722), встречное изменение у соседней гмины Szepietowo"
PL,PL-2013102,Wysokie Mazowieckie,gmina_rural,2002,5386,de_facto_31dec,GUS_BDL:60641,"площадь 1999→2000: 15889→16611 га (+722), встречное изменение у соседней гмины Szepietowo"
PL,PL-2013102,Wysokie Mazowieckie,gmina_rural,2011,5360,de_facto_31dec,GUS_BDL:60641,"ряд пересчитан по NSP 2011 (с 2010); площадь 1999→2000: 15889→16611 га (+722), встречное изменение у соседней гмины Szepietowo"
PL,PL-2013102,Wysokie Mazowieckie,gmina_rural,2021,5485,de_facto_31dec,GUS_BDL:60641,"ряд пересчитан по NSP 2021 (с 2020); площадь 1999→2000: 15889→16611 га (+722), встречное изменение у соседней гмины Szepietowo"
PL,PL-2013102,Wysokie Mazowieckie,gmina_rural,2025,5452,de_facto_31dec,GUS_BDL:60641,"ряд пересчитан по NSP 2021 (с 2020); площадь 1999→2000: 15889→16611 га (+722), встречное изменение у соседней гмины Szepietowo"
PL,PL-2014011,Zambrów,gmina_urban,1988,21554,census_resident,GUS_BDL:196130,"NSP 1988 (6.XII.1988), ludność faktycznie zamieszkała; в API помечено годом 1998, гмины в делении ~1998"
PL,PL-2014011,Zambrów,gmina_urban,1995,23601,de_facto_31dec,GUS_BDL:60641,ряд до ступеньки 1998→1999 (см. SOURCES.md)
PL,PL-2014011,Zambrów,gmina_urban,2002,22971,de_facto_31dec,GUS_BDL:60641,
PL,PL-2014011,Zambrów,gmina_urban,2011,22753,de_facto_31dec,GUS_BDL:60641,ряд пересчитан по NSP 2011 (с 2010)
PL,PL-2014011,Zambrów,gmina_urban,2021,21188,de_facto_31dec,GUS_BDL:60641,ряд пересчитан по NSP 2021 (с 2020)
PL,PL-2014011,Zambrów,gmina_urban,2025,20503,de_facto_31dec,GUS_BDL:60641,ряд пересчитан по NSP 2021 (с 2020)
PL,PL-2014022,Kołaki Kościelne,gmina_rural,1988,2629,census_resident,GUS_BDL:196130,"NSP 1988 (6.XII.1988), ludność faktycznie zamieszkała; в API помечено годом 1998, гмины в делении ~1998"
PL,PL-2014022,Kołaki Kościelne,gmina_rural,1995,2491,de_facto_31dec,GUS_BDL:60641,ряд до ступеньки 1998→1999 (см. SOURCES.md)
PL,PL-2014022,Kołaki Kościelne,gmina_rural,2002,2466,de_facto_31dec,GUS_BDL:60641,
PL,PL-2014022,Kołaki Kościelne,gmina_rural,2011,2436,de_facto_31dec,GUS_BDL:60641,ряд пересчитан по NSP 2011 (с 2010)
PL,PL-2014022,Kołaki Kościelne,gmina_rural,2021,2193,de_facto_31dec,GUS_BDL:60641,ряд пересчитан по NSP 2021 (с 2020)
PL,PL-2014022,Kołaki Kościelne,gmina_rural,2025,2121,de_facto_31dec,GUS_BDL:60641,ряд пересчитан по NSP 2021 (с 2020)
PL,PL-2014032,Rutki,gmina_rural,1988,6589,census_resident,GUS_BDL:196130,"NSP 1988 (6.XII.1988), ludność faktycznie zamieszkała; в API помечено годом 1998, гмины в делении ~1998"
PL,PL-2014032,Rutki,gmina_rural,1995,6480,de_facto_31dec,GUS_BDL:60641,ряд до ступеньки 1998→1999 (см. SOURCES.md)
PL,PL-2014032,Rutki,gmina_rural,2002,6186,de_facto_31dec,GUS_BDL:60641,
PL,PL-2014032,Rutki,gmina_rural,2011,5946,de_facto_31dec,GUS_BDL:60641,ряд пересчитан по NSP 2011 (с 2010)
PL,PL-2014032,Rutki,gmina_rural,2021,5164,de_facto_31dec,GUS_BDL:60641,ряд пересчитан по NSP 2021 (с 2020)
PL,PL-2014032,Rutki,gmina_rural,2025,4963,de_facto_31dec,GUS_BDL:60641,ряд пересчитан по NSP 2021 (с 2020)
PL,PL-2014042,Szumowo,gmina_rural,1988,5124,census_resident,GUS_BDL:196130,"NSP 1988 (6.XII.1988), ludność faktycznie zamieszkała; в API помечено годом 1998, гмины в делении ~1998"
PL,PL-2014042,Szumowo,gmina_rural,1995,5021,de_facto_31dec,GUS_BDL:60641,ряд до ступеньки 1998→1999 (см. SOURCES.md)
PL,PL-2014042,Szumowo,gmina_rural,2002,4911,de_facto_31dec,GUS_BDL:60641,
PL,PL-2014042,Szumowo,gmina_rural,2011,5001,de_facto_31dec,GUS_BDL:60641,ряд пересчитан по NSP 2011 (с 2010)
PL,PL-2014042,Szumowo,gmina_rural,2021,4596,de_facto_31dec,GUS_BDL:60641,ряд пересчитан по NSP 2021 (с 2020)
PL,PL-2014042,Szumowo,gmina_rural,2025,4475,de_facto_31dec,GUS_BDL:60641,ряд пересчитан по NSP 2021 (с 2020)
PL,PL-2014052,Zambrów,gmina_rural,1988,9165,census_resident,GUS_BDL:196130,"NSP 1988 (6.XII.1988), ludność faktycznie zamieszkała; в API помечено годом 1998, гмины в делении ~1998"
PL,PL-2014052,Zambrów,gmina_rural,1995,8948,de_facto_31dec,GUS_BDL:60641,ряд до ступеньки 1998→1999 (см. SOURCES.md)
PL,PL-2014052,Zambrów,gmina_rural,2002,8654,de_facto_31dec,GUS_BDL:60641,
PL,PL-2014052,Zambrów,gmina_rural,2011,8960,de_facto_31dec,GUS_BDL:60641,ряд пересчитан по NSP 2011 (с 2010)
PL,PL-2014052,Zambrów,gmina_rural,2021,8688,de_facto_31dec,GUS_BDL:60641,ряд пересчитан по NSP 2021 (с 2020)
PL,PL-2014052,Zambrów,gmina_rural,2025,8757,de_facto_31dec,GUS_BDL:60641,ряд пересчитан по NSP 2021 (с 2020)
PL,PL-2061011,Białystok,gmina_urban,1988,263884,census_resident,GUS_BDL:196130,"NSP 1988 (6.XII.1988), ludność faktycznie zamieszkała; в API помечено годом 1998, гмины в делении ~1998; площадь 2001→2002: 8975→9396 га (+421), встречное изменение у соседней гмины Dobrzyniewo Duże; площадь 2005→2006: 9396→10212 га (+816), встречное изменение у соседней гмины Zabłudów"
PL,PL-2061011,Białystok,gmina_urban,1995,278489,de_facto_31dec,GUS_BDL:60641,"ряд до ступеньки 1998→1999 (см. SOURCES.md); площадь 2001→2002: 8975→9396 га (+421), встречное изменение у соседней гмины Dobrzyniewo Duże; площадь 2005→2006: 9396→10212 га (+816), встречное изменение у соседней гмины Zabłudów"
PL,PL-2061011,Białystok,gmina_urban,2002,291660,de_facto_31dec,GUS_BDL:60641,"площадь 2001→2002: 8975→9396 га (+421), встречное изменение у соседней гмины Dobrzyniewo Duże; площадь 2005→2006: 9396→10212 га (+816), встречное изменение у соседней гмины Zabłudów"
PL,PL-2061011,Białystok,gmina_urban,2011,294298,de_facto_31dec,GUS_BDL:60641,"ряд пересчитан по NSP 2011 (с 2010); площадь 2001→2002: 8975→9396 га (+421), встречное изменение у соседней гмины Dobrzyniewo Duże; площадь 2005→2006: 9396→10212 га (+816), встречное изменение у соседней гмины Zabłudów"
PL,PL-2061011,Białystok,gmina_urban,2021,293413,de_facto_31dec,GUS_BDL:60641,"ряд пересчитан по NSP 2021 (с 2020); площадь 2001→2002: 8975→9396 га (+421), встречное изменение у соседней гмины Dobrzyniewo Duże; площадь 2005→2006: 9396→10212 га (+816), встречное изменение у соседней гмины Zabłudów"
PL,PL-2061011,Białystok,gmina_urban,2025,289217,de_facto_31dec,GUS_BDL:60641,"ряд пересчитан по NSP 2021 (с 2020); площадь 2001→2002: 8975→9396 га (+421), встречное изменение у соседней гмины Dobrzyniewo Duże; площадь 2005→2006: 9396→10212 га (+816), встречное изменение у соседней гмины Zabłudów"
PL,PL-2062011,Łomża,gmina_urban,1988,56667,census_resident,GUS_BDL:196130,"NSP 1988 (6.XII.1988), ludność faktycznie zamieszkała; в API помечено годом 1998, гмины в делении ~1998"
PL,PL-2062011,Łomża,gmina_urban,1995,63338,de_facto_31dec,GUS_BDL:60641,ряд до ступеньки 1998→1999 (см. SOURCES.md)
PL,PL-2062011,Łomża,gmina_urban,2002,63902,de_facto_31dec,GUS_BDL:60641,
PL,PL-2062011,Łomża,gmina_urban,2011,63070,de_facto_31dec,GUS_BDL:60641,ряд пересчитан по NSP 2011 (с 2010)
PL,PL-2062011,Łomża,gmina_urban,2021,60468,de_facto_31dec,GUS_BDL:60641,ряд пересчитан по NSP 2021 (с 2020)
PL,PL-2062011,Łomża,gmina_urban,2025,58925,de_facto_31dec,GUS_BDL:60641,ряд пересчитан по NSP 2021 (с 2020)
PL,PL-2063011,Suwałki,gmina_urban,1988,57627,census_resident,GUS_BDL:196130,"NSP 1988 (6.XII.1988), ludność faktycznie zamieszkała; в API помечено годом 1998, гмины в делении ~1998"
PL,PL-2063011,Suwałki,gmina_urban,1995,66624,de_facto_31dec,GUS_BDL:60641,ряд до ступеньки 1998→1999 (см. SOURCES.md)
PL,PL-2063011,Suwałki,gmina_urban,2002,69031,de_facto_31dec,GUS_BDL:60641,
PL,PL-2063011,Suwałki,gmina_urban,2011,69210,de_facto_31dec,GUS_BDL:60641,ряд пересчитан по NSP 2011 (с 2010)
PL,PL-2063011,Suwałki,gmina_urban,2021,68839,de_facto_31dec,GUS_BDL:60641,ряд пересчитан по NSP 2021 (с 2020)
PL,PL-2063011,Suwałki,gmina_urban,2025,67879,de_facto_31dec,GUS_BDL:60641,ряд пересчитан по NSP 2021 (с 2020)
LT,LT-11,Alytaus m. sav.,savivaldybe_city,1996,74912,resident_1jan,OSP:S3R167_M3010214,на 1 января
LT,LT-11,Alytaus m. sav.,savivaldybe_city,2001,71460,resident_1jan,OSP:S3R167_M3010214,на 1 января
LT,LT-11,Alytaus m. sav.,savivaldybe_city,2011,60302,resident_1jan,OSP:S3R167_M3010214,на 1 января
LT,LT-11,Alytaus m. sav.,savivaldybe_city,2021,52727,resident_1jan,OSP:S3R167_M3010214,на 1 января; статус ОСП: patikslinti ir perskaičiuoti duomenys (пересчитано)
LT,LT-11,Alytaus m. sav.,savivaldybe_city,2026,49940,resident_1jan,OSP:S3R167_M3010214,на 1 января
LT,LT-12,Birštono sav.,savivaldybe,1996,5836,resident_1jan,OSP:S3R167_M3010214,на 1 января
LT,LT-12,Birštono sav.,savivaldybe,2001,5458,resident_1jan,OSP:S3R167_M3010214,на 1 января
LT,LT-12,Birštono sav.,savivaldybe,2011,4593,resident_1jan,OSP:S3R167_M3010214,на 1 января
LT,LT-12,Birštono sav.,savivaldybe,2021,4128,resident_1jan,OSP:S3R167_M3010214,на 1 января; статус ОСП: patikslinti ir perskaičiuoti duomenys (пересчитано)
LT,LT-12,Birštono sav.,savivaldybe,2026,4006,resident_1jan,OSP:S3R167_M3010214,на 1 января
LT,LT-13,Vilniaus m. sav.,savivaldybe_city,1996,578327,resident_1jan,OSP:S3R167_M3010214,на 1 января
LT,LT-13,Vilniaus m. sav.,savivaldybe_city,2001,554281,resident_1jan,OSP:S3R167_M3010214,на 1 января
LT,LT-13,Vilniaus m. sav.,savivaldybe_city,2011,536127,resident_1jan,OSP:S3R167_M3010214,на 1 января
LT,LT-13,Vilniaus m. sav.,savivaldybe_city,2021,556490,resident_1jan,OSP:S3R167_M3010214,на 1 января; статус ОСП: patikslinti ir perskaičiuoti duomenys (пересчитано)
LT,LT-13,Vilniaus m. sav.,savivaldybe_city,2026,618469,resident_1jan,OSP:S3R167_M3010214,на 1 января
LT,LT-15,Druskininkų sav.,savivaldybe,1996,27856,resident_1jan,OSP:S3R167_M3010214,на 1 января
LT,LT-15,Druskininkų sav.,savivaldybe,2001,25500,resident_1jan,OSP:S3R167_M3010214,на 1 января
LT,LT-15,Druskininkų sav.,savivaldybe,2011,21876,resident_1jan,OSP:S3R167_M3010214,на 1 января
LT,LT-15,Druskininkų sav.,savivaldybe,2021,20049,resident_1jan,OSP:S3R167_M3010214,на 1 января; статус ОСП: patikslinti ir perskaičiuoti duomenys (пересчитано)
LT,LT-15,Druskininkų sav.,savivaldybe,2026,19837,resident_1jan,OSP:S3R167_M3010214,на 1 января
LT,LT-18,Marijampolės sav.,savivaldybe,1996,72873,resident_1jan,OSP:S3R167_M3010214,на 1 января; самоуправление образовано в 2000 г.; ОСП даёт ряд с 1996 в нынешних границах
LT,LT-18,Marijampolės sav.,savivaldybe,2001,70910,resident_1jan,OSP:S3R167_M3010214,на 1 января
LT,LT-18,Marijampolės sav.,savivaldybe,2011,61527,resident_1jan,OSP:S3R167_M3010214,на 1 января
LT,LT-18,Marijampolės sav.,savivaldybe,2021,54846,resident_1jan,OSP:S3R167_M3010214,на 1 января; статус ОСП: patikslinti ir perskaičiuoti duomenys (пересчитано)
LT,LT-18,Marijampolės sav.,savivaldybe,2026,53498,resident_1jan,OSP:S3R167_M3010214,на 1 января
LT,LT-19,Kauno m. sav.,savivaldybe_city,1996,408706,resident_1jan,OSP:S3R167_M3010214,на 1 января
LT,LT-19,Kauno m. sav.,savivaldybe_city,2001,379706,resident_1jan,OSP:S3R167_M3010214,на 1 января
LT,LT-19,Kauno m. sav.,savivaldybe_city,2011,317319,resident_1jan,OSP:S3R167_M3010214,на 1 января
LT,LT-19,Kauno m. sav.,savivaldybe_city,2021,298753,resident_1jan,OSP:S3R167_M3010214,на 1 января; статус ОСП: patikslinti ir perskaičiuoti duomenys (пересчитано)
LT,LT-19,Kauno m. sav.,savivaldybe_city,2026,302835,resident_1jan,OSP:S3R167_M3010214,на 1 января
LT,LT-21,Klaipėdos m. sav.,savivaldybe_city,1996,201577,resident_1jan,OSP:S3R167_M3010214,на 1 января
LT,LT-21,Klaipėdos m. sav.,savivaldybe_city,2001,193220,resident_1jan,OSP:S3R167_M3010214,на 1 января
LT,LT-21,Klaipėdos m. sav.,savivaldybe_city,2011,162898,resident_1jan,OSP:S3R167_M3010214,на 1 января
LT,LT-21,Klaipėdos m. sav.,savivaldybe_city,2021,152008,resident_1jan,OSP:S3R167_M3010214,на 1 января; статус ОСП: patikslinti ir perskaičiuoti duomenys (пересчитано)
LT,LT-21,Klaipėdos m. sav.,savivaldybe_city,2026,160026,resident_1jan,OSP:S3R167_M3010214,на 1 января
LT,LT-23,Neringos sav.,savivaldybe,1996,2459,resident_1jan,OSP:S3R167_M3010214,на 1 января
LT,LT-23,Neringos sav.,savivaldybe,2001,2399,resident_1jan,OSP:S3R167_M3010214,на 1 января
LT,LT-23,Neringos sav.,savivaldybe,2011,2564,resident_1jan,OSP:S3R167_M3010214,на 1 января
LT,LT-23,Neringos sav.,savivaldybe,2021,3609,resident_1jan,OSP:S3R167_M3010214,на 1 января; статус ОСП: patikslinti ir perskaičiuoti duomenys (пересчитано)
LT,LT-23,Neringos sav.,savivaldybe,2026,4570,resident_1jan,OSP:S3R167_M3010214,на 1 января
LT,LT-25,Palangos m. sav.,savivaldybe_city,1996,18972,resident_1jan,OSP:S3R167_M3010214,на 1 января
LT,LT-25,Palangos m. sav.,savivaldybe_city,2001,17619,resident_1jan,OSP:S3R167_M3010214,на 1 января
LT,LT-25,Palangos m. sav.,savivaldybe_city,2011,15771,resident_1jan,OSP:S3R167_M3010214,на 1 января
LT,LT-25,Palangos m. sav.,savivaldybe_city,2021,16746,resident_1jan,OSP:S3R167_M3010214,на 1 января; статус ОСП: patikslinti ir perskaičiuoti duomenys (пересчитано)
LT,LT-25,Palangos m. sav.,savivaldybe_city,2026,19172,resident_1jan,OSP:S3R167_M3010214,на 1 января
LT,LT-27,Panevėžio m. sav.,savivaldybe_city,1996,126086,resident_1jan,OSP:S3R167_M3010214,на 1 января
LT,LT-27,Panevėžio m. sav.,savivaldybe_city,2001,119808,resident_1jan,OSP:S3R167_M3010214,на 1 января
LT,LT-27,Panevėžio m. sav.,savivaldybe_city,2011,100027,resident_1jan,OSP:S3R167_M3010214,на 1 января
LT,LT-27,Panevėžio m. sav.,savivaldybe_city,2021,89100,resident_1jan,OSP:S3R167_M3010214,на 1 января; статус ОСП: patikslinti ir perskaičiuoti duomenys (пересчитано)
LT,LT-27,Panevėžio m. sav.,savivaldybe_city,2026,84319,resident_1jan,OSP:S3R167_M3010214,на 1 января
LT,LT-29,Šiaulių m. sav.,savivaldybe_city,1996,141129,resident_1jan,OSP:S3R167_M3010214,на 1 января
LT,LT-29,Šiaulių m. sav.,savivaldybe_city,2001,134032,resident_1jan,OSP:S3R167_M3010214,на 1 января
LT,LT-29,Šiaulių m. sav.,savivaldybe_city,2011,109748,resident_1jan,OSP:S3R167_M3010214,на 1 января
LT,LT-29,Šiaulių m. sav.,savivaldybe_city,2021,100653,resident_1jan,OSP:S3R167_M3010214,на 1 января; статус ОСП: patikslinti ir perskaičiuoti duomenys (пересчитано)
LT,LT-29,Šiaulių m. sav.,savivaldybe_city,2026,110965,resident_1jan,OSP:S3R167_M3010214,на 1 января
LT,LT-30,Visagino sav.,savivaldybe,1996,31340,resident_1jan,OSP:S3R167_M3010214,на 1 января; в 1989 г. г. Снечкус (Висагинас) входил в Игналинский район (LT-SSR-ignalinskij_r)
LT,LT-30,Visagino sav.,savivaldybe,2001,29697,resident_1jan,OSP:S3R167_M3010214,на 1 января; в 1989 г. г. Снечкус (Висагинас) входил в Игналинский район (LT-SSR-ignalinskij_r)
LT,LT-30,Visagino sav.,savivaldybe,2011,22708,resident_1jan,OSP:S3R167_M3010214,на 1 января; в 1989 г. г. Снечкус (Висагинас) входил в Игналинский район (LT-SSR-ignalinskij_r)
LT,LT-30,Visagino sav.,savivaldybe,2021,19633,resident_1jan,OSP:S3R167_M3010214,на 1 января; статус ОСП: patikslinti ir perskaičiuoti duomenys (пересчитано); в 1989 г. г. Снечкус (Висагинас) входил в Игналинский район (LT-SSR-ignalinskij_r)
LT,LT-30,Visagino sav.,savivaldybe,2026,19075,resident_1jan,OSP:S3R167_M3010214,на 1 января; в 1989 г. г. Снечкус (Висагинас) входил в Игналинский район (LT-SSR-ignalinskij_r)
LT,LT-32,Akmenės r. sav.,savivaldybe_district,1996,31806,resident_1jan,OSP:S3R167_M3010214,на 1 января
LT,LT-32,Akmenės r. sav.,savivaldybe_district,2001,30266,resident_1jan,OSP:S3R167_M3010214,на 1 января
LT,LT-32,Akmenės r. sav.,savivaldybe_district,2011,23460,resident_1jan,OSP:S3R167_M3010214,на 1 января
LT,LT-32,Akmenės r. sav.,savivaldybe_district,2021,19585,resident_1jan,OSP:S3R167_M3010214,на 1 января; статус ОСП: patikslinti ir perskaičiuoti duomenys (пересчитано)
LT,LT-32,Akmenės r. sav.,savivaldybe_district,2026,18696,resident_1jan,OSP:S3R167_M3010214,на 1 января
LT,LT-33,Alytaus r. sav.,savivaldybe_district,1996,32647,resident_1jan,OSP:S3R167_M3010214,на 1 января
LT,LT-33,Alytaus r. sav.,savivaldybe_district,2001,32644,resident_1jan,OSP:S3R167_M3010214,на 1 января
LT,LT-33,Alytaus r. sav.,savivaldybe_district,2011,28210,resident_1jan,OSP:S3R167_M3010214,на 1 января
LT,LT-33,Alytaus r. sav.,savivaldybe_district,2021,25581,resident_1jan,OSP:S3R167_M3010214,на 1 января; статус ОСП: patikslinti ir perskaičiuoti duomenys (пересчитано)
LT,LT-33,Alytaus r. sav.,savivaldybe_district,2026,25042,resident_1jan,OSP:S3R167_M3010214,на 1 января
LT,LT-34,Anykščių r. sav.,savivaldybe_district,1996,37225,resident_1jan,OSP:S3R167_M3010214,на 1 января
LT,LT-34,Anykščių r. sav.,savivaldybe_district,2001,35150,resident_1jan,OSP:S3R167_M3010214,на 1 января
LT,LT-34,Anykščių r. sav.,savivaldybe_district,2011,28782,resident_1jan,OSP:S3R167_M3010214,на 1 января
LT,LT-34,Anykščių r. sav.,savivaldybe_district,2021,23321,resident_1jan,OSP:S3R167_M3010214,на 1 января; статус ОСП: patikslinti ir perskaičiuoti duomenys (пересчитано)
LT,LT-34,Anykščių r. sav.,savivaldybe_district,2026,21495,resident_1jan,OSP:S3R167_M3010214,на 1 января
LT,LT-36,Biržų r. sav.,savivaldybe_district,1996,37718,resident_1jan,OSP:S3R167_M3010214,на 1 января
LT,LT-36,Biržų r. sav.,savivaldybe_district,2001,35498,resident_1jan,OSP:S3R167_M3010214,на 1 января
LT,LT-36,Biržų r. sav.,savivaldybe_district,2011,28322,resident_1jan,OSP:S3R167_M3010214,на 1 января
LT,LT-36,Biržų r. sav.,savivaldybe_district,2021,23314,resident_1jan,OSP:S3R167_M3010214,на 1 января; статус ОСП: patikslinti ir perskaičiuoti duomenys (пересчитано)
LT,LT-36,Biržų r. sav.,savivaldybe_district,2026,21322,resident_1jan,OSP:S3R167_M3010214,на 1 января
LT,LT-38,Varėnos r. sav.,savivaldybe_district,1996,32683,resident_1jan,OSP:S3R167_M3010214,на 1 января
LT,LT-38,Varėnos r. sav.,savivaldybe_district,2001,31204,resident_1jan,OSP:S3R167_M3010214,на 1 января
LT,LT-38,Varėnos r. sav.,savivaldybe_district,2011,25506,resident_1jan,OSP:S3R167_M3010214,на 1 января
LT,LT-38,Varėnos r. sav.,savivaldybe_district,2021,21137,resident_1jan,OSP:S3R167_M3010214,на 1 января; статус ОСП: patikslinti ir perskaičiuoti duomenys (пересчитано)
LT,LT-38,Varėnos r. sav.,savivaldybe_district,2026,19233,resident_1jan,OSP:S3R167_M3010214,на 1 января
LT,LT-39,Vilkaviškio r. sav.,savivaldybe_district,1996,51336,resident_1jan,OSP:S3R167_M3010214,на 1 января
LT,LT-39,Vilkaviškio r. sav.,savivaldybe_district,2001,50236,resident_1jan,OSP:S3R167_M3010214,на 1 января
LT,LT-39,Vilkaviškio r. sav.,savivaldybe_district,2011,42710,resident_1jan,OSP:S3R167_M3010214,на 1 января
LT,LT-39,Vilkaviškio r. sav.,savivaldybe_district,2021,35368,resident_1jan,OSP:S3R167_M3010214,на 1 января; статус ОСП: patikslinti ir perskaičiuoti duomenys (пересчитано)
LT,LT-39,Vilkaviškio r. sav.,savivaldybe_district,2026,32982,resident_1jan,OSP:S3R167_M3010214,на 1 января
LT,LT-41,Vilniaus r. sav.,savivaldybe_district,1996,84550,resident_1jan,OSP:S3R167_M3010214,на 1 января
LT,LT-41,Vilniaus r. sav.,savivaldybe_district,2001,88492,resident_1jan,OSP:S3R167_M3010214,на 1 января
LT,LT-41,Vilniaus r. sav.,savivaldybe_district,2011,95313,resident_1jan,OSP:S3R167_M3010214,на 1 января
LT,LT-41,Vilniaus r. sav.,savivaldybe_district,2021,96295,resident_1jan,OSP:S3R167_M3010214,на 1 января; статус ОСП: patikslinti ir perskaičiuoti duomenys (пересчитано)
LT,LT-41,Vilniaus r. sav.,savivaldybe_district,2026,111178,resident_1jan,OSP:S3R167_M3010214,на 1 января
LT,LT-42,Elektrėnų sav.,savivaldybe,1996,30410,resident_1jan,OSP:S3R167_M3010214,на 1 января; самоуправление образовано в 2000 г.; ОСП даёт ряд с 1996 в нынешних границах
LT,LT-42,Elektrėnų sav.,savivaldybe,2001,28976,resident_1jan,OSP:S3R167_M3010214,на 1 января
LT,LT-42,Elektrėnų sav.,savivaldybe,2011,25061,resident_1jan,OSP:S3R167_M3010214,на 1 января
LT,LT-42,Elektrėnų sav.,savivaldybe,2021,23376,resident_1jan,OSP:S3R167_M3010214,на 1 января; статус ОСП: patikslinti ir perskaičiuoti duomenys (пересчитано)
LT,LT-42,Elektrėnų sav.,savivaldybe,2026,24701,resident_1jan,OSP:S3R167_M3010214,на 1 января
LT,LT-43,Zarasų r. sav.,savivaldybe_district,1996,24424,resident_1jan,OSP:S3R167_M3010214,на 1 января
LT,LT-43,Zarasų r. sav.,savivaldybe_district,2001,22863,resident_1jan,OSP:S3R167_M3010214,на 1 января
LT,LT-43,Zarasų r. sav.,savivaldybe_district,2011,18472,resident_1jan,OSP:S3R167_M3010214,на 1 января
LT,LT-43,Zarasų r. sav.,savivaldybe_district,2021,15114,resident_1jan,OSP:S3R167_M3010214,на 1 января; статус ОСП: patikslinti ir perskaičiuoti duomenys (пересчитано)
LT,LT-43,Zarasų r. sav.,savivaldybe_district,2026,13635,resident_1jan,OSP:S3R167_M3010214,на 1 января
LT,LT-45,Ignalinos r. sav.,savivaldybe_district,1996,24772,resident_1jan,OSP:S3R167_M3010214,"на 1 января; в 1989 г. Игналинский район включал г. Снечкус (ныне Висагинас, LT-30): для территории района 1989 сложить LT-45 + LT-30"
LT,LT-45,Ignalinos r. sav.,savivaldybe_district,2001,23033,resident_1jan,OSP:S3R167_M3010214,"на 1 января; в 1989 г. Игналинский район включал г. Снечкус (ныне Висагинас, LT-30): для территории района 1989 сложить LT-45 + LT-30"
LT,LT-45,Ignalinos r. sav.,savivaldybe_district,2011,18468,resident_1jan,OSP:S3R167_M3010214,"на 1 января; в 1989 г. Игналинский район включал г. Снечкус (ныне Висагинас, LT-30): для территории района 1989 сложить LT-45 + LT-30"
LT,LT-45,Ignalinos r. sav.,savivaldybe_district,2021,14782,resident_1jan,OSP:S3R167_M3010214,"на 1 января; статус ОСП: patikslinti ir perskaičiuoti duomenys (пересчитано); в 1989 г. Игналинский район включал г. Снечкус (ныне Висагинас, LT-30): для территории района 1989 сложить LT-45 + LT-30"
LT,LT-45,Ignalinos r. sav.,savivaldybe_district,2026,13127,resident_1jan,OSP:S3R167_M3010214,"на 1 января; в 1989 г. Игналинский район включал г. Снечкус (ныне Висагинас, LT-30): для территории района 1989 сложить LT-45 + LT-30"
LT,LT-46,Jonavos r. sav.,savivaldybe_district,1996,52068,resident_1jan,OSP:S3R167_M3010214,на 1 января
LT,LT-46,Jonavos r. sav.,savivaldybe_district,2001,52258,resident_1jan,OSP:S3R167_M3010214,на 1 января
LT,LT-46,Jonavos r. sav.,savivaldybe_district,2011,46653,resident_1jan,OSP:S3R167_M3010214,на 1 января
LT,LT-46,Jonavos r. sav.,savivaldybe_district,2021,41595,resident_1jan,OSP:S3R167_M3010214,на 1 января; статус ОСП: patikslinti ir perskaičiuoti duomenys (пересчитано)
LT,LT-46,Jonavos r. sav.,savivaldybe_district,2026,41382,resident_1jan,OSP:S3R167_M3010214,на 1 января
LT,LT-47,Joniškio r. sav.,savivaldybe_district,1996,33764,resident_1jan,OSP:S3R167_M3010214,на 1 января
LT,LT-47,Joniškio r. sav.,savivaldybe_district,2001,31940,resident_1jan,OSP:S3R167_M3010214,на 1 января
LT,LT-47,Joniškio r. sav.,savivaldybe_district,2011,26322,resident_1jan,OSP:S3R167_M3010214,на 1 января
LT,LT-47,Joniškio r. sav.,savivaldybe_district,2021,21284,resident_1jan,OSP:S3R167_M3010214,на 1 января; статус ОСП: patikslinti ir perskaičiuoti duomenys (пересчитано)
LT,LT-47,Joniškio r. sav.,savivaldybe_district,2026,19732,resident_1jan,OSP:S3R167_M3010214,на 1 января
LT,LT-48,Kalvarijos sav.,savivaldybe,1996,14420,resident_1jan,OSP:S3R167_M3010214,на 1 января; самоуправление образовано в 2000 г.; ОСП даёт ряд с 1996 в нынешних границах
LT,LT-48,Kalvarijos sav.,savivaldybe,2001,13907,resident_1jan,OSP:S3R167_M3010214,на 1 января
LT,LT-48,Kalvarijos sav.,savivaldybe,2011,12105,resident_1jan,OSP:S3R167_M3010214,на 1 января
LT,LT-48,Kalvarijos sav.,savivaldybe,2021,10093,resident_1jan,OSP:S3R167_M3010214,на 1 января; статус ОСП: patikslinti ir perskaičiuoti duomenys (пересчитано)
LT,LT-48,Kalvarijos sav.,savivaldybe,2026,9421,resident_1jan,OSP:S3R167_M3010214,на 1 января
LT,LT-49,Kaišiadorių r. sav.,savivaldybe_district,1996,37780,resident_1jan,OSP:S3R167_M3010214,на 1 января
LT,LT-49,Kaišiadorių r. sav.,savivaldybe_district,2001,37632,resident_1jan,OSP:S3R167_M3010214,на 1 января
LT,LT-49,Kaišiadorių r. sav.,savivaldybe_district,2011,33920,resident_1jan,OSP:S3R167_M3010214,на 1 января
LT,LT-49,Kaišiadorių r. sav.,savivaldybe_district,2021,29835,resident_1jan,OSP:S3R167_M3010214,на 1 января; статус ОСП: patikslinti ir perskaičiuoti duomenys (пересчитано)
LT,LT-49,Kaišiadorių r. sav.,savivaldybe_district,2026,28074,resident_1jan,OSP:S3R167_M3010214,на 1 января
LT,LT-52,Kauno r. sav.,savivaldybe_district,1996,77559,resident_1jan,OSP:S3R167_M3010214,на 1 января
LT,LT-52,Kauno r. sav.,savivaldybe_district,2001,81373,resident_1jan,OSP:S3R167_M3010214,на 1 января
LT,LT-52,Kauno r. sav.,savivaldybe_district,2011,85922,resident_1jan,OSP:S3R167_M3010214,на 1 января
LT,LT-52,Kauno r. sav.,savivaldybe_district,2021,92400,resident_1jan,OSP:S3R167_M3010214,на 1 января; статус ОСП: patikslinti ir perskaičiuoti duomenys (пересчитано)
LT,LT-52,Kauno r. sav.,savivaldybe_district,2026,112612,resident_1jan,OSP:S3R167_M3010214,на 1 января
LT,LT-53,Kėdainių r. sav.,savivaldybe_district,1996,67855,resident_1jan,OSP:S3R167_M3010214,на 1 января
LT,LT-53,Kėdainių r. sav.,savivaldybe_district,2001,65717,resident_1jan,OSP:S3R167_M3010214,на 1 января
LT,LT-53,Kėdainių r. sav.,savivaldybe_district,2011,54254,resident_1jan,OSP:S3R167_M3010214,на 1 января
LT,LT-53,Kėdainių r. sav.,savivaldybe_district,2021,46382,resident_1jan,OSP:S3R167_M3010214,на 1 января; статус ОСП: patikslinti ir perskaičiuoti duomenys (пересчитано)
LT,LT-53,Kėdainių r. sav.,savivaldybe_district,2026,44998,resident_1jan,OSP:S3R167_M3010214,на 1 января
LT,LT-54,Kelmės r. sav.,savivaldybe_district,1996,42438,resident_1jan,OSP:S3R167_M3010214,на 1 января
LT,LT-54,Kelmės r. sav.,savivaldybe_district,2001,40858,resident_1jan,OSP:S3R167_M3010214,на 1 января
LT,LT-54,Kelmės r. sav.,savivaldybe_district,2011,32566,resident_1jan,OSP:S3R167_M3010214,на 1 января
LT,LT-54,Kelmės r. sav.,savivaldybe_district,2021,26026,resident_1jan,OSP:S3R167_M3010214,на 1 января; статус ОСП: patikslinti ir perskaičiuoti duomenys (пересчитано)
LT,LT-54,Kelmės r. sav.,savivaldybe_district,2026,23577,resident_1jan,OSP:S3R167_M3010214,на 1 января
LT,LT-55,Klaipėdos r. sav.,savivaldybe_district,1996,44651,resident_1jan,OSP:S3R167_M3010214,на 1 января
LT,LT-55,Klaipėdos r. sav.,savivaldybe_district,2001,46179,resident_1jan,OSP:S3R167_M3010214,на 1 января
LT,LT-55,Klaipėdos r. sav.,savivaldybe_district,2011,51279,resident_1jan,OSP:S3R167_M3010214,на 1 января
LT,LT-55,Klaipėdos r. sav.,savivaldybe_district,2021,56964,resident_1jan,OSP:S3R167_M3010214,на 1 января; статус ОСП: patikslinti ir perskaičiuoti duomenys (пересчитано)
LT,LT-55,Klaipėdos r. sav.,savivaldybe_district,2026,71652,resident_1jan,OSP:S3R167_M3010214,на 1 января
LT,LT-56,Kretingos r. sav.,savivaldybe_district,1996,44456,resident_1jan,OSP:S3R167_M3010214,на 1 января
LT,LT-56,Kretingos r. sav.,savivaldybe_district,2001,45723,resident_1jan,OSP:S3R167_M3010214,на 1 января
LT,LT-56,Kretingos r. sav.,savivaldybe_district,2011,41461,resident_1jan,OSP:S3R167_M3010214,на 1 января
LT,LT-56,Kretingos r. sav.,savivaldybe_district,2021,37639,resident_1jan,OSP:S3R167_M3010214,на 1 января; статус ОСП: patikslinti ir perskaičiuoti duomenys (пересчитано)
LT,LT-56,Kretingos r. sav.,savivaldybe_district,2026,37206,resident_1jan,OSP:S3R167_M3010214,на 1 января
LT,LT-57,Kupiškio r. sav.,savivaldybe_district,1996,25693,resident_1jan,OSP:S3R167_M3010214,на 1 января
LT,LT-57,Kupiškio r. sav.,savivaldybe_district,2001,24622,resident_1jan,OSP:S3R167_M3010214,на 1 января
LT,LT-57,Kupiškio r. sav.,savivaldybe_district,2011,20355,resident_1jan,OSP:S3R167_M3010214,на 1 января
LT,LT-57,Kupiškio r. sav.,savivaldybe_district,2021,16530,resident_1jan,OSP:S3R167_M3010214,на 1 января; статус ОСП: patikslinti ir perskaičiuoti duomenys (пересчитано)
LT,LT-57,Kupiškio r. sav.,savivaldybe_district,2026,15092,resident_1jan,OSP:S3R167_M3010214,на 1 января
LT,LT-58,Kazlų Rūdos sav.,savivaldybe,1996,15546,resident_1jan,OSP:S3R167_M3010214,на 1 января; самоуправление образовано в 2000 г.; ОСП даёт ряд с 1996 в нынешних границах
LT,LT-58,Kazlų Rūdos sav.,savivaldybe,2001,14934,resident_1jan,OSP:S3R167_M3010214,на 1 января
LT,LT-58,Kazlų Rūdos sav.,savivaldybe,2011,13273,resident_1jan,OSP:S3R167_M3010214,на 1 января
LT,LT-58,Kazlų Rūdos sav.,savivaldybe,2021,11054,resident_1jan,OSP:S3R167_M3010214,на 1 января; статус ОСП: patikslinti ir perskaičiuoti duomenys (пересчитано)
LT,LT-58,Kazlų Rūdos sav.,savivaldybe,2026,10723,resident_1jan,OSP:S3R167_M3010214,на 1 января
LT,LT-59,Lazdijų r. sav.,savivaldybe_district,1996,28372,resident_1jan,OSP:S3R167_M3010214,на 1 января
LT,LT-59,Lazdijų r. sav.,savivaldybe_district,2001,27182,resident_1jan,OSP:S3R167_M3010214,на 1 января
LT,LT-59,Lazdijų r. sav.,savivaldybe_district,2011,22509,resident_1jan,OSP:S3R167_M3010214,на 1 января
LT,LT-59,Lazdijų r. sav.,savivaldybe_district,2021,18247,resident_1jan,OSP:S3R167_M3010214,на 1 января; статус ОСП: patikslinti ir perskaičiuoti duomenys (пересчитано)
LT,LT-59,Lazdijų r. sav.,savivaldybe_district,2026,16578,resident_1jan,OSP:S3R167_M3010214,на 1 января
LT,LT-61,Mažeikių r. sav.,savivaldybe_district,1996,69171,resident_1jan,OSP:S3R167_M3010214,на 1 января
LT,LT-61,Mažeikių r. sav.,savivaldybe_district,2001,67295,resident_1jan,OSP:S3R167_M3010214,на 1 января
LT,LT-61,Mažeikių r. sav.,savivaldybe_district,2011,58431,resident_1jan,OSP:S3R167_M3010214,на 1 января
LT,LT-61,Mažeikių r. sav.,savivaldybe_district,2021,52120,resident_1jan,OSP:S3R167_M3010214,на 1 января; статус ОСП: patikslinti ir perskaičiuoti duomenys (пересчитано)
LT,LT-61,Mažeikių r. sav.,savivaldybe_district,2026,50934,resident_1jan,OSP:S3R167_M3010214,на 1 января
LT,LT-62,Molėtų r. sav.,savivaldybe_district,1996,26442,resident_1jan,OSP:S3R167_M3010214,на 1 января
LT,LT-62,Molėtų r. sav.,savivaldybe_district,2001,25449,resident_1jan,OSP:S3R167_M3010214,на 1 января
LT,LT-62,Molėtų r. sav.,savivaldybe_district,2011,20751,resident_1jan,OSP:S3R167_M3010214,на 1 января
LT,LT-62,Molėtų r. sav.,savivaldybe_district,2021,17222,resident_1jan,OSP:S3R167_M3010214,на 1 января; статус ОСП: patikslinti ir perskaičiuoti duomenys (пересчитано)
LT,LT-62,Molėtų r. sav.,savivaldybe_district,2026,15963,resident_1jan,OSP:S3R167_M3010214,на 1 января
LT,LT-63,Pagėgių sav.,savivaldybe,1996,12188,resident_1jan,OSP:S3R167_M3010214,на 1 января; самоуправление образовано в 2000 г.; ОСП даёт ряд с 1996 в нынешних границах
LT,LT-63,Pagėgių sav.,savivaldybe,2001,12212,resident_1jan,OSP:S3R167_M3010214,на 1 января
LT,LT-63,Pagėgių sav.,savivaldybe,2011,9535,resident_1jan,OSP:S3R167_M3010214,на 1 января
LT,LT-63,Pagėgių sav.,savivaldybe,2021,7440,resident_1jan,OSP:S3R167_M3010214,на 1 января; статус ОСП: patikslinti ir perskaičiuoti duomenys (пересчитано)
LT,LT-63,Pagėgių sav.,savivaldybe,2026,6782,resident_1jan,OSP:S3R167_M3010214,на 1 января
LT,LT-65,Pakruojo r. sav.,savivaldybe_district,1996,30580,resident_1jan,OSP:S3R167_M3010214,на 1 января
LT,LT-65,Pakruojo r. sav.,savivaldybe_district,2001,29528,resident_1jan,OSP:S3R167_M3010214,на 1 января
LT,LT-65,Pakruojo r. sav.,savivaldybe_district,2011,23847,resident_1jan,OSP:S3R167_M3010214,на 1 января
LT,LT-65,Pakruojo r. sav.,savivaldybe_district,2021,18827,resident_1jan,OSP:S3R167_M3010214,на 1 января; статус ОСП: patikslinti ir perskaičiuoti duomenys (пересчитано)
LT,LT-65,Pakruojo r. sav.,savivaldybe_district,2026,17230,resident_1jan,OSP:S3R167_M3010214,на 1 января
LT,LT-66,Panevėžio r. sav.,savivaldybe_district,1996,42712,resident_1jan,OSP:S3R167_M3010214,на 1 января
LT,LT-66,Panevėžio r. sav.,savivaldybe_district,2001,42886,resident_1jan,OSP:S3R167_M3010214,на 1 января
LT,LT-66,Panevėžio r. sav.,savivaldybe_district,2011,39164,resident_1jan,OSP:S3R167_M3010214,на 1 января
LT,LT-66,Panevėžio r. sav.,savivaldybe_district,2021,35426,resident_1jan,OSP:S3R167_M3010214,на 1 января; статус ОСП: patikslinti ir perskaičiuoti duomenys (пересчитано)
LT,LT-66,Panevėžio r. sav.,savivaldybe_district,2026,35375,resident_1jan,OSP:S3R167_M3010214,на 1 января
LT,LT-67,Pasvalio r. sav.,savivaldybe_district,1996,36626,resident_1jan,OSP:S3R167_M3010214,на 1 января
LT,LT-67,Pasvalio r. sav.,savivaldybe_district,2001,34980,resident_1jan,OSP:S3R167_M3010214,на 1 января
LT,LT-67,Pasvalio r. sav.,savivaldybe_district,2011,28511,resident_1jan,OSP:S3R167_M3010214,на 1 января
LT,LT-67,Pasvalio r. sav.,savivaldybe_district,2021,23148,resident_1jan,OSP:S3R167_M3010214,на 1 января; статус ОСП: patikslinti ir perskaičiuoti duomenys (пересчитано)
LT,LT-67,Pasvalio r. sav.,savivaldybe_district,2026,21228,resident_1jan,OSP:S3R167_M3010214,на 1 января
LT,LT-68,Plungės r. sav.,savivaldybe_district,1996,44419,resident_1jan,OSP:S3R167_M3010214,на 1 января
LT,LT-68,Plungės r. sav.,savivaldybe_district,2001,44233,resident_1jan,OSP:S3R167_M3010214,на 1 января
LT,LT-68,Plungės r. sav.,savivaldybe_district,2011,38275,resident_1jan,OSP:S3R167_M3010214,на 1 января
LT,LT-68,Plungės r. sav.,savivaldybe_district,2021,33665,resident_1jan,OSP:S3R167_M3010214,на 1 января; статус ОСП: patikslinti ir perskaičiuoti duomenys (пересчитано)
LT,LT-68,Plungės r. sav.,savivaldybe_district,2026,32319,resident_1jan,OSP:S3R167_M3010214,на 1 января
LT,LT-69,Prienų r. sav.,savivaldybe_district,1996,36150,resident_1jan,OSP:S3R167_M3010214,на 1 января
LT,LT-69,Prienų r. sav.,savivaldybe_district,2001,35769,resident_1jan,OSP:S3R167_M3010214,на 1 января
LT,LT-69,Prienų r. sav.,savivaldybe_district,2011,29936,resident_1jan,OSP:S3R167_M3010214,на 1 января
LT,LT-69,Prienų r. sav.,savivaldybe_district,2021,25286,resident_1jan,OSP:S3R167_M3010214,на 1 января; статус ОСП: patikslinti ir perskaičiuoti duomenys (пересчитано)
LT,LT-69,Prienų r. sav.,savivaldybe_district,2026,24192,resident_1jan,OSP:S3R167_M3010214,на 1 января
LT,LT-71,Radviliškio r. sav.,savivaldybe_district,1996,54318,resident_1jan,OSP:S3R167_M3010214,на 1 января
LT,LT-71,Radviliškio r. sav.,savivaldybe_district,2001,52203,resident_1jan,OSP:S3R167_M3010214,на 1 января
LT,LT-71,Radviliškio r. sav.,savivaldybe_district,2011,42606,resident_1jan,OSP:S3R167_M3010214,на 1 января
LT,LT-71,Radviliškio r. sav.,savivaldybe_district,2021,34928,resident_1jan,OSP:S3R167_M3010214,на 1 января; статус ОСП: patikslinti ir perskaičiuoti duomenys (пересчитано)
LT,LT-71,Radviliškio r. sav.,savivaldybe_district,2026,33373,resident_1jan,OSP:S3R167_M3010214,на 1 января
LT,LT-72,Raseinių r. sav.,savivaldybe_district,1996,45677,resident_1jan,OSP:S3R167_M3010214,на 1 января
LT,LT-72,Raseinių r. sav.,savivaldybe_district,2001,44177,resident_1jan,OSP:S3R167_M3010214,на 1 января
LT,LT-72,Raseinių r. sav.,savivaldybe_district,2011,37628,resident_1jan,OSP:S3R167_M3010214,на 1 января
LT,LT-72,Raseinių r. sav.,savivaldybe_district,2021,31192,resident_1jan,OSP:S3R167_M3010214,на 1 января; статус ОСП: patikslinti ir perskaičiuoti duomenys (пересчитано)
LT,LT-72,Raseinių r. sav.,savivaldybe_district,2026,28995,resident_1jan,OSP:S3R167_M3010214,на 1 января
LT,LT-73,Rokiškio r. sav.,savivaldybe_district,1996,45718,resident_1jan,OSP:S3R167_M3010214,на 1 января
LT,LT-73,Rokiškio r. sav.,savivaldybe_district,2001,42511,resident_1jan,OSP:S3R167_M3010214,на 1 января
LT,LT-73,Rokiškio r. sav.,savivaldybe_district,2011,35022,resident_1jan,OSP:S3R167_M3010214,на 1 января
LT,LT-73,Rokiškio r. sav.,savivaldybe_district,2021,28715,resident_1jan,OSP:S3R167_M3010214,на 1 января; статус ОСП: patikslinti ir perskaičiuoti duomenys (пересчитано)
LT,LT-73,Rokiškio r. sav.,savivaldybe_district,2026,26229,resident_1jan,OSP:S3R167_M3010214,на 1 января
LT,LT-74,Rietavo sav.,savivaldybe,1996,10800,resident_1jan,OSP:S3R167_M3010214,на 1 января; самоуправление образовано в 2000 г.; ОСП даёт ряд с 1996 в нынешних границах
LT,LT-74,Rietavo sav.,savivaldybe,2001,10681,resident_1jan,OSP:S3R167_M3010214,на 1 января
LT,LT-74,Rietavo sav.,savivaldybe,2011,8717,resident_1jan,OSP:S3R167_M3010214,на 1 января
LT,LT-74,Rietavo sav.,savivaldybe,2021,7381,resident_1jan,OSP:S3R167_M3010214,на 1 января; статус ОСП: patikslinti ir perskaičiuoti duomenys (пересчитано)
LT,LT-74,Rietavo sav.,savivaldybe,2026,6981,resident_1jan,OSP:S3R167_M3010214,на 1 января
LT,LT-75,Skuodo r. sav.,savivaldybe_district,1996,27078,resident_1jan,OSP:S3R167_M3010214,на 1 января
LT,LT-75,Skuodo r. sav.,savivaldybe_district,2001,25637,resident_1jan,OSP:S3R167_M3010214,на 1 января
LT,LT-75,Skuodo r. sav.,savivaldybe_district,2011,20694,resident_1jan,OSP:S3R167_M3010214,на 1 января
LT,LT-75,Skuodo r. sav.,savivaldybe_district,2021,16250,resident_1jan,OSP:S3R167_M3010214,на 1 января; статус ОСП: patikslinti ir perskaičiuoti duomenys (пересчитано)
LT,LT-75,Skuodo r. sav.,savivaldybe_district,2026,14686,resident_1jan,OSP:S3R167_M3010214,на 1 января
LT,LT-77,Tauragės r. sav.,savivaldybe_district,1996,54684,resident_1jan,OSP:S3R167_M3010214,на 1 января
LT,LT-77,Tauragės r. sav.,savivaldybe_district,2001,52732,resident_1jan,OSP:S3R167_M3010214,на 1 января
LT,LT-77,Tauragės r. sav.,savivaldybe_district,2011,44059,resident_1jan,OSP:S3R167_M3010214,на 1 января
LT,LT-77,Tauragės r. sav.,savivaldybe_district,2021,38002,resident_1jan,OSP:S3R167_M3010214,на 1 января; статус ОСП: patikslinti ir perskaičiuoti duomenys (пересчитано)
LT,LT-77,Tauragės r. sav.,savivaldybe_district,2026,37255,resident_1jan,OSP:S3R167_M3010214,на 1 января
LT,LT-78,Telšių r. sav.,savivaldybe_district,1996,59855,resident_1jan,OSP:S3R167_M3010214,на 1 января
LT,LT-78,Telšių r. sav.,savivaldybe_district,2001,57743,resident_1jan,OSP:S3R167_M3010214,на 1 января
LT,LT-78,Telšių r. sav.,savivaldybe_district,2011,47171,resident_1jan,OSP:S3R167_M3010214,на 1 января
LT,LT-78,Telšių r. sav.,savivaldybe_district,2021,40210,resident_1jan,OSP:S3R167_M3010214,на 1 января; статус ОСП: patikslinti ir perskaičiuoti duomenys (пересчитано)
LT,LT-78,Telšių r. sav.,savivaldybe_district,2026,37902,resident_1jan,OSP:S3R167_M3010214,на 1 января
LT,LT-79,Trakų r. sav.,savivaldybe_district,1996,37896,resident_1jan,OSP:S3R167_M3010214,на 1 января
LT,LT-79,Trakų r. sav.,savivaldybe_district,2001,37388,resident_1jan,OSP:S3R167_M3010214,на 1 января
LT,LT-79,Trakų r. sav.,savivaldybe_district,2011,34453,resident_1jan,OSP:S3R167_M3010214,на 1 января
LT,LT-79,Trakų r. sav.,savivaldybe_district,2021,32042,resident_1jan,OSP:S3R167_M3010214,на 1 января; статус ОСП: patikslinti ir perskaičiuoti duomenys (пересчитано)
LT,LT-79,Trakų r. sav.,savivaldybe_district,2026,35084,resident_1jan,OSP:S3R167_M3010214,на 1 января
LT,LT-81,Ukmergės r. sav.,savivaldybe_district,1996,50541,resident_1jan,OSP:S3R167_M3010214,на 1 января
LT,LT-81,Ukmergės r. sav.,savivaldybe_district,2001,48703,resident_1jan,OSP:S3R167_M3010214,на 1 января
LT,LT-81,Ukmergės r. sav.,savivaldybe_district,2011,40270,resident_1jan,OSP:S3R167_M3010214,на 1 января
LT,LT-81,Ukmergės r. sav.,savivaldybe_district,2021,34553,resident_1jan,OSP:S3R167_M3010214,на 1 января; статус ОСП: patikslinti ir perskaičiuoti duomenys (пересчитано)
LT,LT-81,Ukmergės r. sav.,savivaldybe_district,2026,34342,resident_1jan,OSP:S3R167_M3010214,на 1 января
LT,LT-82,Utenos r. sav.,savivaldybe_district,1996,52802,resident_1jan,OSP:S3R167_M3010214,на 1 января
LT,LT-82,Utenos r. sav.,savivaldybe_district,2001,50176,resident_1jan,OSP:S3R167_M3010214,на 1 января
LT,LT-82,Utenos r. sav.,savivaldybe_district,2011,43396,resident_1jan,OSP:S3R167_M3010214,на 1 января
LT,LT-82,Utenos r. sav.,savivaldybe_district,2021,37509,resident_1jan,OSP:S3R167_M3010214,на 1 января; статус ОСП: patikslinti ir perskaičiuoti duomenys (пересчитано)
LT,LT-82,Utenos r. sav.,savivaldybe_district,2026,37099,resident_1jan,OSP:S3R167_M3010214,на 1 января
LT,LT-84,Šakių r. sav.,savivaldybe_district,1996,39625,resident_1jan,OSP:S3R167_M3010214,на 1 января
LT,LT-84,Šakių r. sav.,savivaldybe_district,2001,38788,resident_1jan,OSP:S3R167_M3010214,на 1 января
LT,LT-84,Šakių r. sav.,savivaldybe_district,2011,32590,resident_1jan,OSP:S3R167_M3010214,на 1 января
LT,LT-84,Šakių r. sav.,savivaldybe_district,2021,26931,resident_1jan,OSP:S3R167_M3010214,на 1 января; статус ОСП: patikslinti ir perskaičiuoti duomenys (пересчитано)
LT,LT-84,Šakių r. sav.,savivaldybe_district,2026,24724,resident_1jan,OSP:S3R167_M3010214,на 1 января
LT,LT-85,Šalčininkų r. sav.,savivaldybe_district,1996,40097,resident_1jan,OSP:S3R167_M3010214,на 1 января
LT,LT-85,Šalčininkų r. sav.,savivaldybe_district,2001,39384,resident_1jan,OSP:S3R167_M3010214,на 1 января
LT,LT-85,Šalčininkų r. sav.,savivaldybe_district,2011,34671,resident_1jan,OSP:S3R167_M3010214,на 1 января
LT,LT-85,Šalčininkų r. sav.,savivaldybe_district,2021,30052,resident_1jan,OSP:S3R167_M3010214,на 1 января; статус ОСП: patikslinti ir perskaičiuoti duomenys (пересчитано)
LT,LT-85,Šalčininkų r. sav.,savivaldybe_district,2026,29598,resident_1jan,OSP:S3R167_M3010214,на 1 января
LT,LT-86,Švenčionių r. sav.,savivaldybe_district,1996,34623,resident_1jan,OSP:S3R167_M3010214,на 1 января
LT,LT-86,Švenčionių r. sav.,savivaldybe_district,2001,33221,resident_1jan,OSP:S3R167_M3010214,на 1 января
LT,LT-86,Švenčionių r. sav.,savivaldybe_district,2011,27961,resident_1jan,OSP:S3R167_M3010214,на 1 января
LT,LT-86,Švenčionių r. sav.,savivaldybe_district,2021,22966,resident_1jan,OSP:S3R167_M3010214,на 1 января; статус ОСП: patikslinti ir perskaičiuoti duomenys (пересчитано)
LT,LT-86,Švenčionių r. sav.,savivaldybe_district,2026,20908,resident_1jan,OSP:S3R167_M3010214,на 1 января
LT,LT-87,Šilalės r. sav.,savivaldybe_district,1996,32613,resident_1jan,OSP:S3R167_M3010214,на 1 января
LT,LT-87,Šilalės r. sav.,savivaldybe_district,2001,31538,resident_1jan,OSP:S3R167_M3010214,на 1 января
LT,LT-87,Šilalės r. sav.,savivaldybe_district,2011,26586,resident_1jan,OSP:S3R167_M3010214,на 1 января
LT,LT-87,Šilalės r. sav.,savivaldybe_district,2021,22051,resident_1jan,OSP:S3R167_M3010214,на 1 января; статус ОСП: patikslinti ir perskaičiuoti duomenys (пересчитано)
LT,LT-87,Šilalės r. sav.,savivaldybe_district,2026,20053,resident_1jan,OSP:S3R167_M3010214,на 1 января
LT,LT-88,Šilutės r. sav.,savivaldybe_district,1996,56444,resident_1jan,OSP:S3R167_M3010214,на 1 января
LT,LT-88,Šilutės r. sav.,savivaldybe_district,2001,55352,resident_1jan,OSP:S3R167_M3010214,на 1 января
LT,LT-88,Šilutės r. sav.,savivaldybe_district,2011,45380,resident_1jan,OSP:S3R167_M3010214,на 1 января
LT,LT-88,Šilutės r. sav.,savivaldybe_district,2021,39067,resident_1jan,OSP:S3R167_M3010214,на 1 января; статус ОСП: patikslinti ir perskaičiuoti duomenys (пересчитано)
LT,LT-88,Šilutės r. sav.,savivaldybe_district,2026,37906,resident_1jan,OSP:S3R167_M3010214,на 1 января
LT,LT-89,Širvintų r. sav.,savivaldybe_district,1996,21125,resident_1jan,OSP:S3R167_M3010214,на 1 января
LT,LT-89,Širvintų r. sav.,savivaldybe_district,2001,20223,resident_1jan,OSP:S3R167_M3010214,на 1 января
LT,LT-89,Širvintų r. sav.,savivaldybe_district,2011,17659,resident_1jan,OSP:S3R167_M3010214,на 1 января
LT,LT-89,Širvintų r. sav.,savivaldybe_district,2021,15023,resident_1jan,OSP:S3R167_M3010214,на 1 января; статус ОСП: patikslinti ir perskaičiuoti duomenys (пересчитано)
LT,LT-89,Širvintų r. sav.,savivaldybe_district,2026,14432,resident_1jan,OSP:S3R167_M3010214,на 1 января
LT,LT-91,Šiaulių r. sav.,savivaldybe_district,1996,51222,resident_1jan,OSP:S3R167_M3010214,на 1 января
LT,LT-91,Šiaulių r. sav.,savivaldybe_district,2001,51617,resident_1jan,OSP:S3R167_M3010214,на 1 января
LT,LT-91,Šiaulių r. sav.,savivaldybe_district,2011,44561,resident_1jan,OSP:S3R167_M3010214,на 1 января
LT,LT-91,Šiaulių r. sav.,savivaldybe_district,2021,40917,resident_1jan,OSP:S3R167_M3010214,на 1 января; статус ОСП: patikslinti ir perskaičiuoti duomenys (пересчитано)
LT,LT-91,Šiaulių r. sav.,savivaldybe_district,2026,40119,resident_1jan,OSP:S3R167_M3010214,на 1 января
LT,LT-94,Jurbarko r. sav.,savivaldybe_district,1996,39560,resident_1jan,OSP:S3R167_M3010214,на 1 января
LT,LT-94,Jurbarko r. sav.,savivaldybe_district,2001,37795,resident_1jan,OSP:S3R167_M3010214,на 1 января
LT,LT-94,Jurbarko r. sav.,savivaldybe_district,2011,30331,resident_1jan,OSP:S3R167_M3010214,на 1 января
LT,LT-94,Jurbarko r. sav.,savivaldybe_district,2021,25174,resident_1jan,OSP:S3R167_M3010214,на 1 января; статус ОСП: patikslinti ir perskaičiuoti duomenys (пересчитано)
LT,LT-94,Jurbarko r. sav.,savivaldybe_district,2026,24713,resident_1jan,OSP:S3R167_M3010214,на 1 января
LT,LT-SSR-akmyanskij_r,Акмянский район,raion,1989,37815,census_present,Demoscope:sng89_reg1,"перепись 1989 (12.I.1989), наличное население; деление 1989 г.; городское 23384, сельское 14431"
LT,LT-SSR-alitusskij_r,Алитусский район,raion,1989,32660,census_present,Demoscope:sng89_reg1,"перепись 1989 (12.I.1989), наличное население; деление 1989 г.; райцентр «г. Алитус» учтён отдельной строкой (LT-SSR-g_alitus), в район не входит; городское 4063, сельское 28597"
LT,LT-SSR-anikshchyajskij_r,Аникщяйский район,raion,1989,38259,census_present,Demoscope:sng89_reg1,"перепись 1989 (12.I.1989), наличное население; деление 1989 г.; городское 14557, сельское 23702"
LT,LT-SSR-birzhajskij_r,Биржайский район,raion,1989,38552,census_present,Demoscope:sng89_reg1,"перепись 1989 (12.I.1989), наличное население; деление 1989 г.; городское 18659, сельское 19893"
LT,LT-SSR-g_alitus,г. Алитус,city,1989,73072,census_present,Demoscope:sng89_reg1,"перепись 1989 (12.I.1989), наличное население; деление 1989 г.; городское 73072, сельское 0"
LT,LT-SSR-g_birshtonas,г. Бирштонас,city,1989,4142,census_present,Demoscope:sng89_reg1,"перепись 1989 (12.I.1989), наличное население; деление 1989 г.; городское 4142, сельское 0"
LT,LT-SSR-g_druskininkaj,г. Друскининкай,city,1989,22502,census_present,Demoscope:sng89_reg1,"перепись 1989 (12.I.1989), наличное население; деление 1989 г.; городское 22502, сельское 0"
LT,LT-SSR-g_kapsukas,г. Капсукас (ныне г. Мариямполе),city,1989,50616,census_present,Demoscope:sng89_reg1,"перепись 1989 (12.I.1989), наличное население; деление 1989 г.; ныне Мариямполе; городское 50616, сельское 0"
LT,LT-SSR-g_kaunas,г. Каунас,city,1989,422931,census_present,Demoscope:sng89_reg1,"перепись 1989 (12.I.1989), наличное население; деление 1989 г.; городское 422931, сельское 0"
LT,LT-SSR-g_klajpeda,г. Клайпеда,city,1989,204248,census_present,Demoscope:sng89_reg1,"перепись 1989 (12.I.1989), наличное население; деление 1989 г.; городское 204248, сельское 0"
LT,LT-SSR-g_neringa,г. Неринга,city,1989,2454,census_present,Demoscope:sng89_reg1,"перепись 1989 (12.I.1989), наличное население; деление 1989 г.; городское 2454, сельское 0"
LT,LT-SSR-g_palanga,г. Паланга,city,1989,19437,census_present,Demoscope:sng89_reg1,"перепись 1989 (12.I.1989), наличное население; деление 1989 г.; городское 19437, сельское 0"
LT,LT-SSR-g_panevezhis,г. Паневежис,city,1989,126419,census_present,Demoscope:sng89_reg1,"перепись 1989 (12.I.1989), наличное население; деление 1989 г.; городское 126419, сельское 0"
LT,LT-SSR-g_shyaulyaj,г. Шяуляй,city,1989,145056,census_present,Demoscope:sng89_reg1,"перепись 1989 (12.I.1989), наличное население; деление 1989 г.; городское 145056, сельское 0"
LT,LT-SSR-g_vilnyus,г. Вильнюс,city,1989,582621,census_present,Demoscope:sng89_reg1,"перепись 1989 (12.I.1989), наличное население; деление 1989 г.; городское 582621, сельское 0"
LT,LT-SSR-ignalinskij_r,Игналинский район,raion,1989,59089,census_present,Demoscope:sng89_reg1,"перепись 1989 (12.I.1989), наличное население; деление 1989 г.; городское 39881, сельское 19208"
LT,LT-SSR-ionavskij_r,Ионавский район,raion,1989,53981,census_present,Demoscope:sng89_reg1,"перепись 1989 (12.I.1989), наличное население; деление 1989 г.; городское 36274, сельское 17707"
LT,LT-SSR-ionishkskij_r,Ионишкский район,raion,1989,32902,census_present,Demoscope:sng89_reg1,"перепись 1989 (12.I.1989), наличное население; деление 1989 г.; городское 14518, сельское 18384"
LT,LT-SSR-kajshyadorskij_r,Кайшядорский район,raion,1989,40210,census_present,Demoscope:sng89_reg1,"перепись 1989 (12.I.1989), наличное население; деление 1989 г.; городское 14680, сельское 25530"
LT,LT-SSR-kapsukskij_r,Капсукский район,raion,1989,49217,census_present,Demoscope:sng89_reg1,"перепись 1989 (12.I.1989), наличное население; деление 1989 г.; райцентр «г. Капсукас (ныне г. Мариямполе)» учтён отдельной строкой (LT-SSR-g_kapsukas), в район не входит; городское 13548, сельское 35669"
LT,LT-SSR-kaunasskij_r,Каунасский район,raion,1989,85428,census_present,Demoscope:sng89_reg1,"перепись 1989 (12.I.1989), наличное население; деление 1989 г.; райцентр «г. Каунас» учтён отдельной строкой (LT-SSR-g_kaunas), в район не входит; городское 19753, сельское 65675"
LT,LT-SSR-kedajnskij_r,Кедайнский район,raion,1989,69304,census_present,Demoscope:sng89_reg1,"перепись 1989 (12.I.1989), наличное население; деление 1989 г.; городское 35002, сельское 34302"
LT,LT-SSR-kelmeskij_r,Кельмеский район,raion,1989,42858,census_present,Demoscope:sng89_reg1,"перепись 1989 (12.I.1989), наличное население; деление 1989 г.; городское 15739, сельское 27119"
LT,LT-SSR-klajpedskij_r,Клайпедский район,raion,1989,45025,census_present,Demoscope:sng89_reg1,"перепись 1989 (12.I.1989), наличное население; деление 1989 г.; райцентр «г. Клайпеда» учтён отдельной строкой (LT-SSR-g_klajpeda), в район не входит; городское 15213, сельское 29812"
LT,LT-SSR-kretingskij_r,Кретингский район,raion,1989,44042,census_present,Demoscope:sng89_reg1,"перепись 1989 (12.I.1989), наличное население; деление 1989 г.; городское 21995, сельское 22047"
LT,LT-SSR-kupishkskij_r,Купишкский район,raion,1989,25695,census_present,Demoscope:sng89_reg1,"перепись 1989 (12.I.1989), наличное население; деление 1989 г.; городское 10302, сельское 15393"
LT,LT-SSR-lazdijskij_r,Лаздийский район,raion,1989,33345,census_present,Demoscope:sng89_reg1,"перепись 1989 (12.I.1989), наличное население; деление 1989 г.; городское 7616, сельское 25729"
LT,LT-SSR-mazhejkskij_r,Мажейкский район,raion,1989,61259,census_present,Demoscope:sng89_reg1,"перепись 1989 (12.I.1989), наличное население; деление 1989 г.; городское 45451, сельское 15808"
LT,LT-SSR-moletskij_r,Молетский район,raion,1989,27285,census_present,Demoscope:sng89_reg1,"перепись 1989 (12.I.1989), наличное население; деление 1989 г.; городское 6917, сельское 20368"
LT,LT-SSR-pakruojskij_r,Пакруойский район,raion,1989,30630,census_present,Demoscope:sng89_reg1,"перепись 1989 (12.I.1989), наличное население; деление 1989 г.; городское 8361, сельское 22269"
LT,LT-SSR-panevezhskij_r,Паневежский район,raion,1989,41895,census_present,Demoscope:sng89_reg1,"перепись 1989 (12.I.1989), наличное население; деление 1989 г.; райцентр «г. Паневежис» учтён отдельной строкой (LT-SSR-g_panevezhis), в район не входит; городское 2904, сельское 38991"
LT,LT-SSR-pasvalskij_r,Пасвальский район,raion,1989,36800,census_present,Demoscope:sng89_reg1,"перепись 1989 (12.I.1989), наличное население; деление 1989 г.; городское 10841, сельское 25959"
LT,LT-SSR-plungeskij_r,Плунгеский район,raion,1989,53884,census_present,Demoscope:sng89_reg1,"перепись 1989 (12.I.1989), наличное население; деление 1989 г.; городское 27261, сельское 26623"
LT,LT-SSR-prenajskij_r,Пренайский район,raion,1989,39572,census_present,Demoscope:sng89_reg1,"перепись 1989 (12.I.1989), наличное население; деление 1989 г.; городское 15542, сельское 24030"
LT,LT-SSR-radvilishkskij_r,Радвилишкский район,raion,1989,54699,census_present,Demoscope:sng89_reg1,"перепись 1989 (12.I.1989), наличное население; деление 1989 г.; городское 25542, сельское 29157"
LT,LT-SSR-rasejnskij_r,Расейнский район,raion,1989,46128,census_present,Demoscope:sng89_reg1,"перепись 1989 (12.I.1989), наличное население; деление 1989 г.; городское 17505, сельское 28623"
LT,LT-SSR-rokishkskij_r,Рокишкский район,raion,1989,47815,census_present,Demoscope:sng89_reg1,"перепись 1989 (12.I.1989), наличное население; деление 1989 г.; городское 24433, сельское 23382"
LT,LT-SSR-shakyajskij_r,Шакяйский район,raion,1989,41658,census_present,Demoscope:sng89_reg1,"перепись 1989 (12.I.1989), наличное население; деление 1989 г.; городское 12103, сельское 29555"
LT,LT-SSR-shalchininkskij_r,Шальчининкский район,raion,1989,41468,census_present,Demoscope:sng89_reg1,"перепись 1989 (12.I.1989), наличное население; деление 1989 г.; городское 11585, сельское 29883"
LT,LT-SSR-shilalskij_r,Шилальский район,raion,1989,31679,census_present,Demoscope:sng89_reg1,"перепись 1989 (12.I.1989), наличное население; деление 1989 г.; городское 6471, сельское 25208"
LT,LT-SSR-shilutskij_r,Шилутский район,raion,1989,68996,census_present,Demoscope:sng89_reg1,"перепись 1989 (12.I.1989), наличное население; деление 1989 г.; городское 28708, сельское 40288"
LT,LT-SSR-shirvintskij_r,Ширвинтский район,raion,1989,21495,census_present,Demoscope:sng89_reg1,"перепись 1989 (12.I.1989), наличное население; деление 1989 г.; городское 7521, сельское 13974"
LT,LT-SSR-shvenchenskij_r,Швенченский район,raion,1989,37754,census_present,Demoscope:sng89_reg1,"перепись 1989 (12.I.1989), наличное население; деление 1989 г.; городское 21534, сельское 16220"
LT,LT-SSR-shyaulyajskij_r,Шяуляйский район,raion,1989,49898,census_present,Demoscope:sng89_reg1,"перепись 1989 (12.I.1989), наличное население; деление 1989 г.; райцентр «г. Шяуляй» учтён отдельной строкой (LT-SSR-g_shyaulyaj), в район не входит; городское 14608, сельское 35290"
LT,LT-SSR-skuodasskij_r,Скуодасский район,raion,1989,26560,census_present,Demoscope:sng89_reg1,"перепись 1989 (12.I.1989), наличное население; деление 1989 г.; городское 8807, сельское 17753"
LT,LT-SSR-tauragskij_r,Таурагский район,raion,1989,52538,census_present,Demoscope:sng89_reg1,"перепись 1989 (12.I.1989), наличное население; деление 1989 г.; городское 32527, сельское 20011"
LT,LT-SSR-telshyajskij_r,Тельшяйский район,raion,1989,59021,census_present,Demoscope:sng89_reg1,"перепись 1989 (12.I.1989), наличное население; деление 1989 г.; городское 35245, сельское 23776"
LT,LT-SSR-trakajskij_r,Тракайский район,raion,1989,81605,census_present,Demoscope:sng89_reg1,"перепись 1989 (12.I.1989), наличное население; деление 1989 г.; городское 55205, сельское 26400"
LT,LT-SSR-ukmergskij_r,Укмергский район,raion,1989,52450,census_present,Demoscope:sng89_reg1,"перепись 1989 (12.I.1989), наличное население; деление 1989 г.; городское 30649, сельское 21801"
LT,LT-SSR-utenskij_r,Утенский район,raion,1989,52267,census_present,Demoscope:sng89_reg1,"перепись 1989 (12.I.1989), наличное население; деление 1989 г.; городское 34353, сельское 17914"
LT,LT-SSR-varenskij_r,Варенский район,raion,1989,38331,census_present,Demoscope:sng89_reg1,"перепись 1989 (12.I.1989), наличное население; деление 1989 г.; городское 12281, сельское 26050"
LT,LT-SSR-vilkavishkskij_r,Вилкавишкский район,raion,1989,52335,census_present,Demoscope:sng89_reg1,"перепись 1989 (12.I.1989), наличное население; деление 1989 г.; городское 22649, сельское 29686"
LT,LT-SSR-vilnyusskij_r,Вильнюсский район,raion,1989,93917,census_present,Demoscope:sng89_reg1,"перепись 1989 (12.I.1989), наличное население; деление 1989 г.; райцентр «г. Вильнюс» учтён отдельной строкой (LT-SSR-g_vilnyus), в район не входит; городское 5656, сельское 88261"
LT,LT-SSR-yurbarkskij_r,Юрбаркский район,raion,1989,40185,census_present,Demoscope:sng89_reg1,"перепись 1989 (12.I.1989), наличное население; деление 1989 г.; городское 15174, сельское 25011"
LT,LT-SSR-zarasajskij_r,Зарасайский район,raion,1989,25775,census_present,Demoscope:sng89_reg1,"перепись 1989 (12.I.1989), наличное население; деление 1989 г.; городское 10796, сельское 14979"
LV,LV-SSR-aluksnenskij_r,Алуксненский район,raion,1989,28827,census_present,Demoscope:sng89_reg1,"перепись 1989 (12.I.1989), наличное население; деление 1989 г.; городское 12578, сельское 16249"
LV,LV-SSR-balvskij_r,Балвский район,raion,1989,33847,census_present,Demoscope:sng89_reg1,"перепись 1989 (12.I.1989), наличное население; деление 1989 г.; городское 14083, сельское 19764"
LV,LV-SSR-bauskij_r,Бауский район,raion,1989,55854,census_present,Demoscope:sng89_reg1,"перепись 1989 (12.I.1989), наличное население; деление 1989 г.; городское 16135, сельское 39719"
LV,LV-SSR-cesisskij_r,Цесисский район,raion,1989,65345,census_present,Demoscope:sng89_reg1,"перепись 1989 (12.I.1989), наличное население; деление 1989 г.; городское 25022, сельское 40323"
LV,LV-SSR-daugavpilsskij_r,Даугавпилсский район,raion,1989,46711,census_present,Demoscope:sng89_reg1,"перепись 1989 (12.I.1989), наличное население; деление 1989 г.; райцентр «г. Даугавпилс» учтён отдельной строкой (LV-SSR-g_daugavpils), в район не входит; городское 4377, сельское 42334"
LV,LV-SSR-dobelskij_r,Добельский район,raion,1989,44630,census_present,Demoscope:sng89_reg1,"перепись 1989 (12.I.1989), наличное население; деление 1989 г.; городское 19879, сельское 24751"
LV,LV-SSR-ekabpilsskij_r,Екабпилсский район,raion,1989,61758,census_present,Demoscope:sng89_reg1,"перепись 1989 (12.I.1989), наличное население; деление 1989 г.; городское 35464, сельское 26294"
LV,LV-SSR-elgavskij_r,Елгавский район,raion,1989,38930,census_present,Demoscope:sng89_reg1,"перепись 1989 (12.I.1989), наличное население; деление 1989 г.; райцентр «г. Елгава» учтён отдельной строкой (LV-SSR-g_elgava), в район не входит; городское 8107, сельское 30823"
LV,LV-SSR-g_daugavpils,г. Даугавпилс,city,1989,126680,census_present,Demoscope:sng89_reg1,"перепись 1989 (12.I.1989), наличное население; деление 1989 г.; городское 126680, сельское 0"
LV,LV-SSR-g_elgava,г. Елгава,city,1989,74704,census_present,Demoscope:sng89_reg1,"перепись 1989 (12.I.1989), наличное население; деление 1989 г.; городское 74704, сельское 0"
LV,LV-SSR-g_liepaya,г. Лиепая,city,1989,114462,census_present,Demoscope:sng89_reg1,"перепись 1989 (12.I.1989), наличное население; деление 1989 г.; городское 114462, сельское 0"
LV,LV-SSR-g_rezekne,г. Резекне,city,1989,42481,census_present,Demoscope:sng89_reg1,"перепись 1989 (12.I.1989), наличное население; деление 1989 г.; городское 42481, сельское 0"
LV,LV-SSR-g_riga,г. Рига,city,1989,915106,census_present,Demoscope:sng89_reg1,"перепись 1989 (12.I.1989), наличное население; деление 1989 г.; городское 915106, сельское 0"
LV,LV-SSR-g_ventspils,г. Вентспилс,city,1989,50438,census_present,Demoscope:sng89_reg1,"перепись 1989 (12.I.1989), наличное население; деление 1989 г.; городское 50438, сельское 0"
LV,LV-SSR-g_yurmala,г. Юрмала,city,1989,66026,census_present,Demoscope:sng89_reg1,"перепись 1989 (12.I.1989), наличное население; деление 1989 г.; городское 66026, сельское 0"
LV,LV-SSR-gulbenskij_r,Гулбенский район,raion,1989,30067,census_present,Demoscope:sng89_reg1,"перепись 1989 (12.I.1989), наличное население; деление 1989 г.; городское 10602, сельское 19465"
LV,LV-SSR-kraslavskij_r,Краславский район,raion,1989,41453,census_present,Demoscope:sng89_reg1,"перепись 1989 (12.I.1989), наличное население; деление 1989 г.; городское 15898, сельское 25555"
LV,LV-SSR-kuldigskij_r,Кулдигский район,raion,1989,40512,census_present,Demoscope:sng89_reg1,"перепись 1989 (12.I.1989), наличное население; деление 1989 г.; городское 20607, сельское 19905"
LV,LV-SSR-liepajskij_r,Лиепайский район,raion,1989,54315,census_present,Demoscope:sng89_reg1,"перепись 1989 (12.I.1989), наличное население; деление 1989 г.; райцентр «г. Лиепая» учтён отдельной строкой (LV-SSR-g_liepaya), в район не входит; городское 19239, сельское 35076"
LV,LV-SSR-limbazhskij_r,Лимбажский район,raion,1989,41025,census_present,Demoscope:sng89_reg1,"перепись 1989 (12.I.1989), наличное население; деление 1989 г.; городское 17599, сельское 23426"
LV,LV-SSR-ludzenskij_r,Лудзенский район,raion,1989,42152,census_present,Demoscope:sng89_reg1,"перепись 1989 (12.I.1989), наличное население; деление 1989 г.; городское 17578, сельское 24574"
LV,LV-SSR-madonskij_r,Мадонский район,raion,1989,49207,census_present,Demoscope:sng89_reg1,"перепись 1989 (12.I.1989), наличное население; деление 1989 г.; городское 19651, сельское 29556"
LV,LV-SSR-ogrskij_r,Огрский район,raion,1989,66008,census_present,Demoscope:sng89_reg1,"перепись 1989 (12.I.1989), наличное население; деление 1989 г.; городское 41256, сельское 24752"
LV,LV-SSR-prejlskij_r,Прейльский район,raion,1989,45684,census_present,Demoscope:sng89_reg1,"перепись 1989 (12.I.1989), наличное население; деление 1989 г.; городское 21823, сельское 23861"
LV,LV-SSR-rezeknenskij_r,Резекненский район,raion,1989,43470,census_present,Demoscope:sng89_reg1,"перепись 1989 (12.I.1989), наличное население; деление 1989 г.; райцентр «г. Резекне» учтён отдельной строкой (LV-SSR-g_rezekne), в район не входит; городское 7874, сельское 35596"
LV,LV-SSR-rizhskij_r,Рижский район,raion,1989,152046,census_present,Demoscope:sng89_reg1,"перепись 1989 (12.I.1989), наличное население; деление 1989 г.; райцентр «г. Рига» учтён отдельной строкой (LV-SSR-g_riga), в район не входит; городское 40640, сельское 111406"
LV,LV-SSR-saldusskij_r,Салдусский район,raion,1989,39241,census_present,Demoscope:sng89_reg1,"перепись 1989 (12.I.1989), наличное население; деление 1989 г.; городское 16181, сельское 23060"
LV,LV-SSR-stuchkinskij_r,Стучкинский район,raion,1989,44408,census_present,Demoscope:sng89_reg1,"перепись 1989 (12.I.1989), наличное население; деление 1989 г.; ныне Айзкраукльский; городское 24412, сельское 19996"
LV,LV-SSR-talsinskij_r,Талсинский район,raion,1989,49716,census_present,Demoscope:sng89_reg1,"перепись 1989 (12.I.1989), наличное население; деление 1989 г.; городское 23480, сельское 26236"
LV,LV-SSR-tukumskij_r,Тукумский район,raion,1989,59035,census_present,Demoscope:sng89_reg1,"перепись 1989 (12.I.1989), наличное население; деление 1989 г.; городское 26293, сельское 32742"
LV,LV-SSR-valkskij_r,Валкский район,raion,1989,37449,census_present,Demoscope:sng89_reg1,"перепись 1989 (12.I.1989), наличное население; деление 1989 г.; городское 19407, сельское 18042"
LV,LV-SSR-valmierskij_r,Валмиерский район,raion,1989,62810,census_present,Demoscope:sng89_reg1,"перепись 1989 (12.I.1989), наличное население; деление 1989 г.; городское 36643, сельское 26167"
LV,LV-SSR-ventspilsskij_r,Вентспилсский район,raion,1989,15632,census_present,Demoscope:sng89_reg1,"перепись 1989 (12.I.1989), наличное население; деление 1989 г.; райцентр «г. Вентспилс» учтён отдельной строкой (LV-SSR-g_ventspils), в район не входит; городское 1186, сельское 14446"
LV,LV0050000,Daugavpils,republic_city,1990,126575,resident_1jan,CSP:IRS030,на начало года; территориальное деление 2009–2021 (до АТР 2021)
LV,LV0050000,Daugavpils,republic_city,2000,115574,resident_1jan,CSP:IRS030,на начало года; территориальное деление 2009–2021 (до АТР 2021)
LV,LV0050000,Daugavpils,republic_city,2011,93588,resident_1jan,CSP:IRS030,на начало года; территориальное деление 2009–2021 (до АТР 2021)
LV,LV0050000,Daugavpils,republic_city,2021,80627,registry_1jan,CSP:IRS030,на начало года; территориальное деление 2009–2021 (до АТР 2021); с 2020 CSP распределяет население по задекларированному месту жительства (до 2019 — по фактическому)
LV,LV0050000,Daugavpils,republic_city,2022,79120,registry_1jan,CSP:IRS030,на начало года; территориальное деление 2009–2021 (до АТР 2021); с 2020 CSP распределяет население по задекларированному месту жительства (до 2019 — по фактическому); значение 2022 дано CSP в старых (до-АТР) границах
LV,LV0210000,Rēzekne,republic_city,1990,42832,resident_1jan,CSP:IRS030,на начало года; территориальное деление 2009–2021 (до АТР 2021)
LV,LV0210000,Rēzekne,republic_city,2000,39430,resident_1jan,CSP:IRS030,на начало года; территориальное деление 2009–2021 (до АТР 2021)
LV,LV0210000,Rēzekne,republic_city,2011,32422,resident_1jan,CSP:IRS030,на начало года; территориальное деление 2009–2021 (до АТР 2021)
LV,LV0210000,Rēzekne,republic_city,2021,26839,registry_1jan,CSP:IRS030,на начало года; территориальное деление 2009–2021 (до АТР 2021); с 2020 CSP распределяет население по задекларированному месту жительства (до 2019 — по фактическому)
LV,LV0210000,Rēzekne,republic_city,2022,26481,registry_1jan,CSP:IRS030,на начало года; территориальное деление 2009–2021 (до АТР 2021); с 2020 CSP распределяет население по задекларированному месту жительства (до 2019 — по фактическому); значение 2022 дано CSP в старых (до-АТР) границах
LV,LV0380200,Balvi municipality,novads_2009,1990,19147,resident_1jan,CSP:IRS030,на начало года; территориальное деление 2009–2021 (до АТР 2021)
LV,LV0380200,Balvi municipality,novads_2009,2000,17788,resident_1jan,CSP:IRS030,на начало года; территориальное деление 2009–2021 (до АТР 2021)
LV,LV0380200,Balvi municipality,novads_2009,2011,14199,resident_1jan,CSP:IRS030,на начало года; территориальное деление 2009–2021 (до АТР 2021)
LV,LV0380200,Balvi municipality,novads_2009,2021,11576,registry_1jan,CSP:IRS030,на начало года; территориальное деление 2009–2021 (до АТР 2021); с 2020 CSP распределяет население по задекларированному месту жительства (до 2019 — по фактическому)
LV,LV0380200,Balvi municipality,novads_2009,2022,11261,registry_1jan,CSP:IRS030,на начало года; территориальное деление 2009–2021 (до АТР 2021); с 2020 CSP распределяет население по задекларированному месту жительства (до 2019 — по фактическому); значение 2022 дано CSP в старых (до-АТР) границах
LV,LV0381600,Viļaka municipality,novads_2009,1990,9427,resident_1jan,CSP:IRS030,на начало года; территориальное деление 2009–2021 (до АТР 2021)
LV,LV0381600,Viļaka municipality,novads_2009,2000,8029,resident_1jan,CSP:IRS030,на начало года; территориальное деление 2009–2021 (до АТР 2021)
LV,LV0381600,Viļaka municipality,novads_2009,2011,5693,resident_1jan,CSP:IRS030,на начало года; территориальное деление 2009–2021 (до АТР 2021)
LV,LV0381600,Viļaka municipality,novads_2009,2021,4476,registry_1jan,CSP:IRS030,на начало года; территориальное деление 2009–2021 (до АТР 2021); с 2020 CSP распределяет население по задекларированному месту жительства (до 2019 — по фактическому)
LV,LV0381600,Viļaka municipality,novads_2009,2022,4335,registry_1jan,CSP:IRS030,на начало года; территориальное деление 2009–2021 (до АТР 2021); с 2020 CSP распределяет население по задекларированному месту жительства (до 2019 — по фактическому); значение 2022 дано CSP в старых (до-АТР) границах
LV,LV0384400,Baltinava municipality,novads_2009,1990,1883,resident_1jan,CSP:IRS030,на начало года; территориальное деление 2009–2021 (до АТР 2021)
LV,LV0384400,Baltinava municipality,novads_2009,2000,1759,resident_1jan,CSP:IRS030,на начало года; территориальное деление 2009–2021 (до АТР 2021)
LV,LV0384400,Baltinava municipality,novads_2009,2011,1182,resident_1jan,CSP:IRS030,на начало года; территориальное деление 2009–2021 (до АТР 2021)
LV,LV0384400,Baltinava municipality,novads_2009,2021,937,registry_1jan,CSP:IRS030,на начало года; территориальное деление 2009–2021 (до АТР 2021); с 2020 CSP распределяет население по задекларированному месту жительства (до 2019 — по фактическому)
LV,LV0384400,Baltinava municipality,novads_2009,2022,920,registry_1jan,CSP:IRS030,на начало года; территориальное деление 2009–2021 (до АТР 2021); с 2020 CSP распределяет население по задекларированному месту жительства (до 2019 — по фактическому); значение 2022 дано CSP в старых (до-АТР) границах
LV,LV0387500,Rugāji municipality,novads_2009,1990,3437,resident_1jan,CSP:IRS030,на начало года; территориальное деление 2009–2021 (до АТР 2021)
LV,LV0387500,Rugāji municipality,novads_2009,2000,3159,resident_1jan,CSP:IRS030,на начало года; территориальное деление 2009–2021 (до АТР 2021)
LV,LV0387500,Rugāji municipality,novads_2009,2011,2373,resident_1jan,CSP:IRS030,на начало года; территориальное деление 2009–2021 (до АТР 2021)
LV,LV0387500,Rugāji municipality,novads_2009,2021,2026,registry_1jan,CSP:IRS030,на начало года; территориальное деление 2009–2021 (до АТР 2021); с 2020 CSP распределяет население по задекларированному месту жительства (до 2019 — по фактическому)
LV,LV0387500,Rugāji municipality,novads_2009,2022,1985,registry_1jan,CSP:IRS030,на начало года; территориальное деление 2009–2021 (до АТР 2021); с 2020 CSP распределяет население по задекларированному месту жительства (до 2019 — по фактическому); значение 2022 дано CSP в старых (до-АТР) границах
LV,LV0440200,Daugavpils municipality,novads_2009,1990,34686,resident_1jan,CSP:IRS030,на начало года; территориальное деление 2009–2021 (до АТР 2021)
LV,LV0440200,Daugavpils municipality,novads_2009,2000,32017,resident_1jan,CSP:IRS030,на начало года; территориальное деление 2009–2021 (до АТР 2021)
LV,LV0440200,Daugavpils municipality,novads_2009,2011,25219,resident_1jan,CSP:IRS030,на начало года; территориальное деление 2009–2021 (до АТР 2021)
LV,LV0440200,Daugavpils municipality,novads_2009,2021,19553,registry_1jan,CSP:IRS030,на начало года; территориальное деление 2009–2021 (до АТР 2021); с 2020 CSP распределяет население по задекларированному месту жительства (до 2019 — по фактическому)
LV,LV0440200,Daugavpils municipality,novads_2009,2022,19086,registry_1jan,CSP:IRS030,на начало года; территориальное деление 2009–2021 (до АТР 2021); с 2020 CSP распределяет население по задекларированному месту жительства (до 2019 — по фактическому); значение 2022 дано CSP в старых (до-АТР) границах
LV,LV0440801,Ilūkste municipality,novads_2009,1990,11662,resident_1jan,CSP:IRS030,на начало года; территориальное деление 2009–2021 (до АТР 2021)
LV,LV0440801,Ilūkste municipality,novads_2009,2000,10757,resident_1jan,CSP:IRS030,на начало года; территориальное деление 2009–2021 (до АТР 2021)
LV,LV0440801,Ilūkste municipality,novads_2009,2011,8026,resident_1jan,CSP:IRS030,на начало года; территориальное деление 2009–2021 (до АТР 2021)
LV,LV0440801,Ilūkste municipality,novads_2009,2021,6374,registry_1jan,CSP:IRS030,на начало года; территориальное деление 2009–2021 (до АТР 2021); с 2020 CSP распределяет население по задекларированному месту жительства (до 2019 — по фактическому)
LV,LV0440801,Ilūkste municipality,novads_2009,2022,6191,registry_1jan,CSP:IRS030,на начало года; территориальное деление 2009–2021 (до АТР 2021); с 2020 CSP распределяет население по задекларированному месту жительства (до 2019 — по фактическому); значение 2022 дано CSP в старых (до-АТР) границах
LV,LV0600202,Krāslava municipality,novads_2009,1990,25318,resident_1jan,CSP:IRS030,на начало года; территориальное деление 2009–2021 (до АТР 2021)
LV,LV0600202,Krāslava municipality,novads_2009,2000,22900,resident_1jan,CSP:IRS030,на начало года; территориальное деление 2009–2021 (до АТР 2021)
LV,LV0600202,Krāslava municipality,novads_2009,2011,17559,resident_1jan,CSP:IRS030,на начало года; территориальное деление 2009–2021 (до АТР 2021)
LV,LV0600202,Krāslava municipality,novads_2009,2021,13533,registry_1jan,CSP:IRS030,на начало года; территориальное деление 2009–2021 (до АТР 2021); с 2020 CSP распределяет население по задекларированному месту жительства (до 2019 — по фактическому)
LV,LV0600202,Krāslava municipality,novads_2009,2022,13165,registry_1jan,CSP:IRS030,на начало года; территориальное деление 2009–2021 (до АТР 2021); с 2020 CSP распределяет население по задекларированному месту жительства (до 2019 — по фактическому); значение 2022 дано CSP в старых (до-АТР) границах
LV,LV0601000,Dagda municipality,novads_2009,1990,12778,resident_1jan,CSP:IRS030,на начало года; территориальное деление 2009–2021 (до АТР 2021)
LV,LV0601000,Dagda municipality,novads_2009,2000,11178,resident_1jan,CSP:IRS030,на начало года; территориальное деление 2009–2021 (до АТР 2021)
LV,LV0601000,Dagda municipality,novads_2009,2011,8309,resident_1jan,CSP:IRS030,на начало года; территориальное деление 2009–2021 (до АТР 2021)
LV,LV0601000,Dagda municipality,novads_2009,2021,6475,registry_1jan,CSP:IRS030,на начало года; территориальное деление 2009–2021 (до АТР 2021); с 2020 CSP распределяет население по задекларированному месту жительства (до 2019 — по фактическому)
LV,LV0601000,Dagda municipality,novads_2009,2022,6285,registry_1jan,CSP:IRS030,на начало года; территориальное деление 2009–2021 (до АТР 2021); с 2020 CSP распределяет население по задекларированному месту жительства (до 2019 — по фактическому); значение 2022 дано CSP в старых (до-АТР) границах
LV,LV0604300,Aglona municipality,novads_2009,1990,6141,resident_1jan,CSP:IRS030,на начало года; территориальное деление 2009–2021 (до АТР 2021)
LV,LV0604300,Aglona municipality,novads_2009,2000,5549,resident_1jan,CSP:IRS030,на начало года; территориальное деление 2009–2021 (до АТР 2021)
LV,LV0604300,Aglona municipality,novads_2009,2011,3958,resident_1jan,CSP:IRS030,на начало года; территориальное деление 2009–2021 (до АТР 2021)
LV,LV0604300,Aglona municipality,novads_2009,2021,3042,registry_1jan,CSP:IRS030,на начало года; территориальное деление 2009–2021 (до АТР 2021); с 2020 CSP распределяет население по задекларированному месту жительства (до 2019 — по фактическому)
LV,LV0604300,Aglona municipality,novads_2009,2022,2954,registry_1jan,CSP:IRS030,на начало года; территориальное деление 2009–2021 (до АТР 2021); с 2020 CSP распределяет население по задекларированному месту жительства (до 2019 — по фактическому); значение 2022 дано CSP в старых (до-АТР) границах
LV,LV0680200,Ludza municipality,novads_2009,1990,20246,resident_1jan,CSP:IRS030,на начало года; территориальное деление 2009–2021 (до АТР 2021)
LV,LV0680200,Ludza municipality,novads_2009,2000,18324,resident_1jan,CSP:IRS030,на начало года; территориальное деление 2009–2021 (до АТР 2021)
LV,LV0680200,Ludza municipality,novads_2009,2011,14263,resident_1jan,CSP:IRS030,на начало года; территориальное деление 2009–2021 (до АТР 2021)
LV,LV0680200,Ludza municipality,novads_2009,2021,11739,registry_1jan,CSP:IRS030,на начало года; территориальное деление 2009–2021 (до АТР 2021); с 2020 CSP распределяет население по задекларированному месту жительства (до 2019 — по фактическому)
LV,LV0680200,Ludza municipality,novads_2009,2022,11459,registry_1jan,CSP:IRS030,на начало года; территориальное деление 2009–2021 (до АТР 2021); с 2020 CSP распределяет население по задекларированному месту жительства (до 2019 — по фактическому); значение 2022 дано CSP в старых (до-АТР) границах
LV,LV0681000,Kārsava municipality,novads_2009,1990,10164,resident_1jan,CSP:IRS030,на начало года; территориальное деление 2009–2021 (до АТР 2021)
LV,LV0681000,Kārsava municipality,novads_2009,2000,8610,resident_1jan,CSP:IRS030,на начало года; территориальное деление 2009–2021 (до АТР 2021)
LV,LV0681000,Kārsava municipality,novads_2009,2011,6295,resident_1jan,CSP:IRS030,на начало года; территориальное деление 2009–2021 (до АТР 2021)
LV,LV0681000,Kārsava municipality,novads_2009,2021,5127,registry_1jan,CSP:IRS030,на начало года; территориальное деление 2009–2021 (до АТР 2021); с 2020 CSP распределяет население по задекларированному месту жительства (до 2019 — по фактическому)
LV,LV0681000,Kārsava municipality,novads_2009,2022,5007,registry_1jan,CSP:IRS030,на начало года; территориальное деление 2009–2021 (до АТР 2021); с 2020 CSP распределяет население по задекларированному месту жительства (до 2019 — по фактическому); значение 2022 дано CSP в старых (до-АТР) границах
LV,LV0681801,Zilupe municipality,novads_2009,1990,5146,resident_1jan,CSP:IRS030,на начало года; территориальное деление 2009–2021 (до АТР 2021)
LV,LV0681801,Zilupe municipality,novads_2009,2000,4303,resident_1jan,CSP:IRS030,на начало года; территориальное деление 2009–2021 (до АТР 2021)
LV,LV0681801,Zilupe municipality,novads_2009,2011,3362,resident_1jan,CSP:IRS030,на начало года; территориальное деление 2009–2021 (до АТР 2021)
LV,LV0681801,Zilupe municipality,novads_2009,2021,2549,registry_1jan,CSP:IRS030,на начало года; территориальное деление 2009–2021 (до АТР 2021); с 2020 CSP распределяет население по задекларированному месту жительства (до 2019 — по фактическому)
LV,LV0681801,Zilupe municipality,novads_2009,2022,2455,registry_1jan,CSP:IRS030,на начало года; территориальное деление 2009–2021 (до АТР 2021); с 2020 CSP распределяет население по задекларированному месту жительства (до 2019 — по фактическому); значение 2022 дано CSP в старых (до-АТР) границах
LV,LV0684901,Cibla municipality,novads_2009,1990,4794,resident_1jan,CSP:IRS030,на начало года; территориальное деление 2009–2021 (до АТР 2021)
LV,LV0684901,Cibla municipality,novads_2009,2000,4037,resident_1jan,CSP:IRS030,на начало года; территориальное деление 2009–2021 (до АТР 2021)
LV,LV0684901,Cibla municipality,novads_2009,2011,2887,resident_1jan,CSP:IRS030,на начало года; территориальное деление 2009–2021 (до АТР 2021)
LV,LV0684901,Cibla municipality,novads_2009,2021,2362,registry_1jan,CSP:IRS030,на начало года; территориальное деление 2009–2021 (до АТР 2021); с 2020 CSP распределяет население по задекларированному месту жительства (до 2019 — по фактическому)
LV,LV0684901,Cibla municipality,novads_2009,2022,2241,registry_1jan,CSP:IRS030,на начало года; территориальное деление 2009–2021 (до АТР 2021); с 2020 CSP распределяет население по задекларированному месту жительства (до 2019 — по фактическому); значение 2022 дано CSP в старых (до-АТР) границах
LV,LV0760202,Preiļi municipality,novads_2009,1990,14149,resident_1jan,CSP:IRS030,на начало года; территориальное деление 2009–2021 (до АТР 2021)
LV,LV0760202,Preiļi municipality,novads_2009,2000,13066,resident_1jan,CSP:IRS030,на начало года; территориальное деление 2009–2021 (до АТР 2021)
LV,LV0760202,Preiļi municipality,novads_2009,2011,10722,resident_1jan,CSP:IRS030,на начало года; территориальное деление 2009–2021 (до АТР 2021)
LV,LV0760202,Preiļi municipality,novads_2009,2021,8948,registry_1jan,CSP:IRS030,на начало года; территориальное деление 2009–2021 (до АТР 2021); с 2020 CSP распределяет население по задекларированному месту жительства (до 2019 — по фактическому)
LV,LV0760202,Preiļi municipality,novads_2009,2022,8729,registry_1jan,CSP:IRS030,на начало года; территориальное деление 2009–2021 (до АТР 2021); с 2020 CSP распределяет население по задекларированному месту жительства (до 2019 — по фактическому); значение 2022 дано CSP в старых (до-АТР) границах
LV,LV0761201,Līvāni municipality,novads_2009,1990,18085,resident_1jan,CSP:IRS030,на начало года; территориальное деление 2009–2021 (до АТР 2021)
LV,LV0761201,Līvāni municipality,novads_2009,2000,15973,resident_1jan,CSP:IRS030,на начало года; территориальное деление 2009–2021 (до АТР 2021)
LV,LV0761201,Līvāni municipality,novads_2009,2011,12549,resident_1jan,CSP:IRS030,на начало года; территориальное деление 2009–2021 (до АТР 2021)
LV,LV0761201,Līvāni municipality,novads_2009,2021,10636,registry_1jan,CSP:IRS030,на начало года; территориальное деление 2009–2021 (до АТР 2021); с 2020 CSP распределяет население по задекларированному месту жительства (до 2019 — по фактическому)
LV,LV0761201,Līvāni municipality,novads_2009,2022,10479,registry_1jan,CSP:IRS030,на начало года; территориальное деление 2009–2021 (до АТР 2021); с 2020 CSP распределяет население по задекларированному месту жительства (до 2019 — по фактическому); значение 2022 дано CSP в старых (до-АТР) границах
LV,LV0766300,Riebiņi municipality,novads_2009,1990,7911,resident_1jan,CSP:IRS030,на начало года; территориальное деление 2009–2021 (до АТР 2021)
LV,LV0766300,Riebiņi municipality,novads_2009,2000,7315,resident_1jan,CSP:IRS030,на начало года; территориальное деление 2009–2021 (до АТР 2021)
LV,LV0766300,Riebiņi municipality,novads_2009,2011,5553,resident_1jan,CSP:IRS030,на начало года; территориальное деление 2009–2021 (до АТР 2021)
LV,LV0766300,Riebiņi municipality,novads_2009,2021,4466,registry_1jan,CSP:IRS030,на начало года; территориальное деление 2009–2021 (до АТР 2021); с 2020 CSP распределяет население по задекларированному месту жительства (до 2019 — по фактическому)
LV,LV0766300,Riebiņi municipality,novads_2009,2022,4346,registry_1jan,CSP:IRS030,на начало года; территориальное деление 2009–2021 (до АТР 2021); с 2020 CSP распределяет население по задекларированному месту жительства (до 2019 — по фактическому); значение 2022 дано CSP в старых (до-АТР) границах
LV,LV0769101,Vārkava municipality,novads_2009,1990,2952,resident_1jan,CSP:IRS030,на начало года; территориальное деление 2009–2021 (до АТР 2021)
LV,LV0769101,Vārkava municipality,novads_2009,2000,2812,resident_1jan,CSP:IRS030,на начало года; территориальное деление 2009–2021 (до АТР 2021)
LV,LV0769101,Vārkava municipality,novads_2009,2011,2122,resident_1jan,CSP:IRS030,на начало года; территориальное деление 2009–2021 (до АТР 2021)
LV,LV0769101,Vārkava municipality,novads_2009,2021,1754,registry_1jan,CSP:IRS030,на начало года; территориальное деление 2009–2021 (до АТР 2021); с 2020 CSP распределяет население по задекларированному месту жительства (до 2019 — по фактическому)
LV,LV0769101,Vārkava municipality,novads_2009,2022,1707,registry_1jan,CSP:IRS030,на начало года; территориальное деление 2009–2021 (до АТР 2021); с 2020 CSP распределяет население по задекларированному месту жительства (до 2019 — по фактическому); значение 2022 дано CSP в старых (до-АТР) границах
LV,LV0780200,Rēzekne municipality,novads_2009,1990,35881,resident_1jan,CSP:IRS030,на начало года; территориальное деление 2009–2021 (до АТР 2021)
LV,LV0780200,Rēzekne municipality,novads_2009,2000,35008,resident_1jan,CSP:IRS030,на начало года; территориальное деление 2009–2021 (до АТР 2021)
LV,LV0780200,Rēzekne municipality,novads_2009,2011,28279,resident_1jan,CSP:IRS030,на начало года; территориальное деление 2009–2021 (до АТР 2021)
LV,LV0780200,Rēzekne municipality,novads_2009,2021,24244,registry_1jan,CSP:IRS030,на начало года; территориальное деление 2009–2021 (до АТР 2021); с 2020 CSP распределяет население по задекларированному месту жительства (до 2019 — по фактическому)
LV,LV0780200,Rēzekne municipality,novads_2009,2022,23762,registry_1jan,CSP:IRS030,на начало года; территориальное деление 2009–2021 (до АТР 2021); с 2020 CSP распределяет население по задекларированному месту жительства (до 2019 — по фактическому); значение 2022 дано CSP в старых (до-АТР) границах
LV,LV0781800,Viļāni municipality,novads_2009,1990,9097,resident_1jan,CSP:IRS030,на начало года; территориальное деление 2009–2021 (до АТР 2021)
LV,LV0781800,Viļāni municipality,novads_2009,2000,8072,resident_1jan,CSP:IRS030,на начало года; территориальное деление 2009–2021 (до АТР 2021)
LV,LV0781800,Viļāni municipality,novads_2009,2011,6426,resident_1jan,CSP:IRS030,на начало года; территориальное деление 2009–2021 (до АТР 2021)
LV,LV0781800,Viļāni municipality,novads_2009,2021,5399,registry_1jan,CSP:IRS030,на начало года; территориальное деление 2009–2021 (до АТР 2021); с 2020 CSP распределяет население по задекларированному месту жительства (до 2019 — по фактическому)
LV,LV0781800,Viļāni municipality,novads_2009,2022,5252,registry_1jan,CSP:IRS030,на начало года; территориальное деление 2009–2021 (до АТР 2021); с 2020 CSP распределяет население по задекларированному месту жительства (до 2019 — по фактическому); значение 2022 дано CSP в старых (до-АТР) границах
RU,RU-BRY-brasovskij_r,Брасовский район,raion,1989,26873,census_present,Demoscope:rus89_reg1,"перепись 1989 (12.I.1989), наличное население; деление 1989 г.; городское 11191, сельское 15682"
RU,RU-BRY-bryanskij_gs,Брянский горсовет,gorsovet,1989,473111,census_present,Demoscope:rus89_reg1,"перепись 1989 (12.I.1989), наличное население; деление 1989 г.; городское 473111, сельское 0"
RU,RU-BRY-bryanskij_r,Брянский район,raion,1989,72530,census_present,Demoscope:rus89_reg1,"перепись 1989 (12.I.1989), наличное население; деление 1989 г.; райцентр «Брянский горсовет» учтён отдельной строкой (RU-BRY-bryanskij_gs), в район не входит; городское 36353, сельское 36177"
RU,RU-BRY-dubrovskij_r,Дубровский район,raion,1989,21694,census_present,Demoscope:rus89_reg1,"перепись 1989 (12.I.1989), наличное население; деление 1989 г.; городское 8515, сельское 13179"
RU,RU-BRY-dyatkovskij_r,Дятьковский район,raion,1989,48606,census_present,Demoscope:rus89_reg1,"перепись 1989 (12.I.1989), наличное население; деление 1989 г.; райцентр «г. Дятьково» учтён отдельной строкой (RU-BRY-g_dyatkovo), в район не входит; городское 38544, сельское 10062"
RU,RU-BRY-g_dyatkovo,г. Дятьково,city,1989,34413,census_present,Demoscope:rus89_reg1,"перепись 1989 (12.I.1989), наличное население; деление 1989 г.; городское 34413, сельское 0"
RU,RU-BRY-g_novozybkov,г. Новозыбков,city,1989,44854,census_present,Demoscope:rus89_reg1,"перепись 1989 (12.I.1989), наличное население; деление 1989 г.; городское 44854, сельское 0; территория входит в приграничный Новозыбковский городской округ (RU-BRY-novozybkovskij_go)"
RU,RU-BRY-g_novozybkov,г. Новозыбков,city,2002,43038,census_resident,Rosstat:VPN2002_T1.4,"перепись 2002, постоянное население; ЛОВУШКА Новозыбкова: в 1989–2010 город (горсовет/городской округ) и сельский район — отдельные единицы; с 2019–2020 объединены в Новозыбковский городской округ (RU-BRY-novozybkovskij_go)"
RU,RU-BRY-g_novozybkov,Городской округ г. Новозыбков - городское население - г. Новозыбков,urban_okrug,2010,40553,census_resident,Rosstat:VPN2010_T11,перепись 2010; ЛОВУШКА Новозыбкова: в 1989–2010 город (горсовет/городской округ) и сельский район — отдельные единицы; с 2019–2020 объединены в Новозыбковский городской округ (RU-BRY-novozybkovskij_go)
RU,RU-BRY-gordeevskij_r,Гордеевский район,raion,1989,16675,census_present,Demoscope:rus89_reg1,"перепись 1989 (12.I.1989), наличное население; деление 1989 г.; городское 2119, сельское 14556; единица касается границы с Беларусью (border_units_*.csv / strip_units.csv, min_dist ≤ 1,5 км)"
RU,RU-BRY-gordeevskij_r,Гордеевский район,raion,2002,13956,census_resident,Rosstat:VPN2002_T1.4,"перепись 2002 (9.X.2002), постоянное население; ВПН-2002 т.1 табл.4; единица касается границы с Беларусью (border_units_*.csv / strip_units.csv, min_dist ≤ 1,5 км)"
RU,RU-BRY-gordeevskij_r,Гордеевский муниципальный район,mun_raion,2010,12218,census_resident,Rosstat:VPN2010_T11,"перепись 2010 (14.X.2010), постоянное население; ВПН-2010 т.1 табл.11; сумма НП по ФГИС ТП в border_units_RU.csv = 12215 (не использована, расходится с офиц. таблицей); единица касается границы с Беларусью (border_units_*.csv / strip_units.csv, min_dist ≤ 1,5 км)"
RU,RU-BRY-gordeevskij_r,Гордеевский муниципальный район - сельское население,mun_raion,2021,10060,census_resident,Rosstat:VPN2021_T5,"перепись 2021 (1.X.2021), постоянное население; ВПН-2020 т.1 табл.5; единица касается границы с Беларусью (border_units_*.csv / strip_units.csv, min_dist ≤ 1,5 км)"
RU,RU-BRY-gordeevskij_r,Гордеевский муниципальный район,mun_raion,2025,9513,resident_1jan,Rosstat:BD_PMO_8112027,"оценка Росстата на 1 января (БД ПМО, показатель 8112027); ряд ПМО пересчитан по итогам ВПН-2010 (с 2011) и ВПН-2021 (с 2022/2023) — годы до пересчёта несопоставимы с 2025; единица касается границы с Беларусью (border_units_*.csv / strip_units.csv, min_dist ≤ 1,5 км)"
RU,RU-BRY-karachevskij_r,Карачевский район,raion,1989,41428,census_present,Demoscope:rus89_reg1,"перепись 1989 (12.I.1989), наличное население; деление 1989 г.; городское 22446, сельское 18982"
RU,RU-BRY-kletnyanskij_r,Клетнянский район,raion,1989,23885,census_present,Demoscope:rus89_reg1,"перепись 1989 (12.I.1989), наличное население; деление 1989 г.; городское 14258, сельское 9627; единица касается границы с Беларусью (border_units_*.csv / strip_units.csv, min_dist ≤ 1,5 км)"
RU,RU-BRY-kletnyanskij_r,Клетнянский район,raion,2002,22501,census_resident,Rosstat:VPN2002_T1.4,"перепись 2002 (9.X.2002), постоянное население; ВПН-2002 т.1 табл.4; единица касается границы с Беларусью (border_units_*.csv / strip_units.csv, min_dist ≤ 1,5 км)"
RU,RU-BRY-kletnyanskij_r,Клетнянский муниципальный район,mun_raion,2010,20166,census_resident,Rosstat:VPN2010_T11,"перепись 2010 (14.X.2010), постоянное население; ВПН-2010 т.1 табл.11; сумма НП по ФГИС ТП в border_units_RU.csv = 20169 (не использована, расходится с офиц. таблицей); единица касается границы с Беларусью (border_units_*.csv / strip_units.csv, min_dist ≤ 1,5 км)"
RU,RU-BRY-kletnyanskij_r,Клетнянский муниципальный район,mun_raion,2021,17032,census_resident,Rosstat:VPN2021_T5,"перепись 2021 (1.X.2021), постоянное население; ВПН-2020 т.1 табл.5; единица касается границы с Беларусью (border_units_*.csv / strip_units.csv, min_dist ≤ 1,5 км)"
RU,RU-BRY-kletnyanskij_r,Клетнянский муниципальный район,mun_raion,2025,16202,resident_1jan,Rosstat:BD_PMO_8112027,"оценка Росстата на 1 января (БД ПМО, показатель 8112027); ряд ПМО пересчитан по итогам ВПН-2010 (с 2011) и ВПН-2021 (с 2022/2023) — годы до пересчёта несопоставимы с 2025; единица касается границы с Беларусью (border_units_*.csv / strip_units.csv, min_dist ≤ 1,5 км)"
RU,RU-BRY-klimovskij_r,Климовский район,raion,1989,40119,census_present,Demoscope:rus89_reg1,"перепись 1989 (12.I.1989), наличное население; деление 1989 г.; городское 14637, сельское 25482; единица касается границы с Беларусью (border_units_*.csv / strip_units.csv, min_dist ≤ 1,5 км)"
RU,RU-BRY-klimovskij_r,Климовский район,raion,2002,34556,census_resident,Rosstat:VPN2002_T1.4,"перепись 2002 (9.X.2002), постоянное население; ВПН-2002 т.1 табл.4; единица касается границы с Беларусью (border_units_*.csv / strip_units.csv, min_dist ≤ 1,5 км)"
RU,RU-BRY-klimovskij_r,Климовский муниципальный район,mun_raion,2010,30003,census_resident,Rosstat:VPN2010_T11,"перепись 2010 (14.X.2010), постоянное население; ВПН-2010 т.1 табл.11; сумма НП по ФГИС ТП в border_units_RU.csv = 30312 (не использована, расходится с офиц. таблицей); единица касается границы с Беларусью (border_units_*.csv / strip_units.csv, min_dist ≤ 1,5 км)"
RU,RU-BRY-klimovskij_r,Климовский муниципальный район,mun_raion,2021,25897,census_resident,Rosstat:VPN2021_T5,"перепись 2021 (1.X.2021), постоянное население; ВПН-2020 т.1 табл.5; единица касается границы с Беларусью (border_units_*.csv / strip_units.csv, min_dist ≤ 1,5 км)"
RU,RU-BRY-klimovskij_r,Климовский муниципальный район,mun_raion,2025,24461,resident_1jan,Rosstat:BD_PMO_8112027,"оценка Росстата на 1 января (БД ПМО, показатель 8112027); ряд ПМО пересчитан по итогам ВПН-2010 (с 2011) и ВПН-2021 (с 2022/2023) — годы до пересчёта несопоставимы с 2025; единица касается границы с Беларусью (border_units_*.csv / strip_units.csv, min_dist ≤ 1,5 км)"
RU,RU-BRY-klincovskij_gs,Клинцовский горсовет,gorsovet,1989,78414,census_present,Demoscope:rus89_reg1,"перепись 1989 (12.I.1989), наличное население; деление 1989 г.; городское 78414, сельское 0"
RU,RU-BRY-klincovskij_r,Клинцовский район (сельское население),raion,1989,29638,census_present,Demoscope:rus89_reg1,"перепись 1989 (12.I.1989), наличное население; деление 1989 г.; ЛОВУШКА: только сельское население района; райцентр «Клинцовский горсовет» — отдельная строка (RU-BRY-klincovskij_gs); для территории района сложить; городское 0, сельское 29638"
RU,RU-BRY-komarichskij_r,Комаричский район,raion,1989,21649,census_present,Demoscope:rus89_reg1,"перепись 1989 (12.I.1989), наличное население; деление 1989 г.; городское 10199, сельское 11450"
RU,RU-BRY-krasnogorskij_r,Красногорский район,raion,1989,23216,census_present,Demoscope:rus89_reg1,"перепись 1989 (12.I.1989), наличное население; деление 1989 г.; городское 6909, сельское 16307; единица касается границы с Беларусью (border_units_*.csv / strip_units.csv, min_dist ≤ 1,5 км)"
RU,RU-BRY-krasnogorskij_r,Красногорский район,raion,2002,16863,census_resident,Rosstat:VPN2002_T1.4,"перепись 2002 (9.X.2002), постоянное население; ВПН-2002 т.1 табл.4; единица касается границы с Беларусью (border_units_*.csv / strip_units.csv, min_dist ≤ 1,5 км)"
RU,RU-BRY-krasnogorskij_r,Красногорский муниципальный район,mun_raion,2010,13208,census_resident,Rosstat:VPN2010_T11,"перепись 2010 (14.X.2010), постоянное население; ВПН-2010 т.1 табл.11; единица касается границы с Беларусью (border_units_*.csv / strip_units.csv, min_dist ≤ 1,5 км)"
RU,RU-BRY-krasnogorskij_r,Красногорский муниципальный район,mun_raion,2021,10250,census_resident,Rosstat:VPN2021_T5,"перепись 2021 (1.X.2021), постоянное население; ВПН-2020 т.1 табл.5; единица касается границы с Беларусью (border_units_*.csv / strip_units.csv, min_dist ≤ 1,5 км)"
RU,RU-BRY-krasnogorskij_r,Красногорский муниципальный район,mun_raion,2025,9795,resident_1jan,Rosstat:BD_PMO_8112027,"оценка Росстата на 1 января (БД ПМО, показатель 8112027); ряд ПМО пересчитан по итогам ВПН-2010 (с 2011) и ВПН-2021 (с 2022/2023) — годы до пересчёта несопоставимы с 2025; единица касается границы с Беларусью (border_units_*.csv / strip_units.csv, min_dist ≤ 1,5 км)"
RU,RU-BRY-mglinskij_r,Мглинский район,raion,1989,24564,census_present,Demoscope:rus89_reg1,"перепись 1989 (12.I.1989), наличное население; деление 1989 г.; городское 7704, сельское 16860"
RU,RU-BRY-navlinskij_r,Навлинский район,raion,1989,32189,census_present,Demoscope:rus89_reg1,"перепись 1989 (12.I.1989), наличное население; деление 1989 г.; городское 15931, сельское 16258"
RU,RU-BRY-novozybkovskij_go,Новозыбковский городской округ,urban_okrug,1989,,census_present,Demoscope:rus89_reg1,"единицы ещё не существовало; территория = RU-BRY-g_novozybkov (44854) + RU-BRY-novozybkovskij_r (18424) — сумма не подставлена; единица касается границы с Беларусью (border_units_*.csv / strip_units.csv, min_dist ≤ 1,5 км)"
RU,RU-BRY-novozybkovskij_go,Новозыбковский городской округ,urban_okrug,2002,,census_resident,Rosstat:VPN2002_T1.4,"единицы ещё не существовало; территория = RU-BRY-g_novozybkov (43038) + RU-BRY-novozybkovskij_r (14170) — сумма не подставлена; единица касается границы с Беларусью (border_units_*.csv / strip_units.csv, min_dist ≤ 1,5 км)"
RU,RU-BRY-novozybkovskij_go,Новозыбковский городской округ,urban_okrug,2010,,census_resident,Rosstat:VPN2010_T11,"единицы ещё не существовало; территория = RU-BRY-g_novozybkov (40553) + RU-BRY-novozybkovskij_r (12415) — сумма не подставлена; единица касается границы с Беларусью (border_units_*.csv / strip_units.csv, min_dist ≤ 1,5 км)"
RU,RU-BRY-novozybkovskij_go,Новозыбковский городской округ,urban_okrug,2021,49379,census_resident,Rosstat:VPN2021_T5,"перепись 2021; город + бывший район; единица касается границы с Беларусью (border_units_*.csv / strip_units.csv, min_dist ≤ 1,5 км)"
RU,RU-BRY-novozybkovskij_go,Городской округ Новозыбковский,urban_okrug,2025,48143,resident_1jan,Rosstat:BD_PMO_8112027,"оценка Росстата на 1 января (БД ПМО, показатель 8112027); ряд ПМО пересчитан по итогам ВПН-2010 (с 2011) и ВПН-2021 (с 2022/2023) — годы до пересчёта несопоставимы с 2025; ЛОВУШКА: в БД ПМО строка «Городской округ Новозыбковский с 2020 года» до 2019 содержит только город (2009 = 41932), с 2020 — город + район; единица касается границы с Беларусью (border_units_*.csv / strip_units.csv, min_dist ≤ 1,5 км)"
RU,RU-BRY-novozybkovskij_r,Новозыбковский район (сельское население),raion,1989,18424,census_present,Demoscope:rus89_reg1,"перепись 1989 (12.I.1989), наличное население; деление 1989 г.; ЛОВУШКА: только сельское население района; райцентр «г. Новозыбков» — отдельная строка (RU-BRY-g_novozybkov); для территории района сложить; городское 0, сельское 18424; территория входит в приграничный Новозыбковский городской округ (RU-BRY-novozybkovskij_go)"
RU,RU-BRY-novozybkovskij_r,Новозыбковский район - сельское население,raion,2002,14170,census_resident,Rosstat:VPN2002_T1.4,перепись 2002; только сельское население района (город — отдельная строка RU-BRY-g_novozybkov); ЛОВУШКА Новозыбкова: в 1989–2010 город (горсовет/городской округ) и сельский район — отдельные единицы; с 2019–2020 объединены в Новозыбковский городской округ (RU-BRY-novozybkovskij_go)
RU,RU-BRY-novozybkovskij_r,Новозыбковский муниципальный район - сельское население,mun_raion,2010,12415,census_resident,Rosstat:VPN2010_T11,перепись 2010; только сельское население; ЛОВУШКА Новозыбкова: в 1989–2010 город (горсовет/городской округ) и сельский район — отдельные единицы; с 2019–2020 объединены в Новозыбковский городской округ (RU-BRY-novozybkovskij_go)
RU,RU-BRY-pochepskij_r,Почепский район,raion,1989,48957,census_present,Demoscope:rus89_reg1,"перепись 1989 (12.I.1989), наличное население; деление 1989 г.; городское 17499, сельское 31458"
RU,RU-BRY-pogarskij_r,Погарский район,raion,1989,37523,census_present,Demoscope:rus89_reg1,"перепись 1989 (12.I.1989), наличное население; деление 1989 г.; городское 9959, сельское 27564"
RU,RU-BRY-rognedinskij_r,Рогнединский район,raion,1989,11014,census_present,Demoscope:rus89_reg1,"перепись 1989 (12.I.1989), наличное население; деление 1989 г.; городское 3452, сельское 7562"
RU,RU-BRY-sevskij_r,Севский район,raion,1989,20946,census_present,Demoscope:rus89_reg1,"перепись 1989 (12.I.1989), наличное население; деление 1989 г.; городское 7820, сельское 13126"
RU,RU-BRY-starodubskij_r,Стародубский район,raion,1989,51326,census_present,Demoscope:rus89_reg1,"перепись 1989 (12.I.1989), наличное население; деление 1989 г.; городское 18906, сельское 32420"
RU,RU-BRY-surazhskij_r,Суражский район,raion,1989,31697,census_present,Demoscope:rus89_reg1,"перепись 1989 (12.I.1989), наличное население; деление 1989 г.; городское 12559, сельское 19138; единица касается границы с Беларусью (border_units_*.csv / strip_units.csv, min_dist ≤ 1,5 км)"
RU,RU-BRY-surazhskij_r,Суражский район,raion,2002,27223,census_resident,Rosstat:VPN2002_T1.4,"перепись 2002 (9.X.2002), постоянное население; ВПН-2002 т.1 табл.4; единица касается границы с Беларусью (border_units_*.csv / strip_units.csv, min_dist ≤ 1,5 км)"
RU,RU-BRY-surazhskij_r,Суражский муниципальный район,mun_raion,2010,24623,census_resident,Rosstat:VPN2010_T11,"перепись 2010 (14.X.2010), постоянное население; ВПН-2010 т.1 табл.11; сумма НП по ФГИС ТП в border_units_RU.csv = 24756 (не использована, расходится с офиц. таблицей); единица касается границы с Беларусью (border_units_*.csv / strip_units.csv, min_dist ≤ 1,5 км)"
RU,RU-BRY-surazhskij_r,Суражский муниципальный район,mun_raion,2021,22345,census_resident,Rosstat:VPN2021_T5,"перепись 2021 (1.X.2021), постоянное население; ВПН-2020 т.1 табл.5; единица касается границы с Беларусью (border_units_*.csv / strip_units.csv, min_dist ≤ 1,5 км)"
RU,RU-BRY-surazhskij_r,Суражский муниципальный район,mun_raion,2025,21522,resident_1jan,Rosstat:BD_PMO_8112027,"оценка Росстата на 1 января (БД ПМО, показатель 8112027); ряд ПМО пересчитан по итогам ВПН-2010 (с 2011) и ВПН-2021 (с 2022/2023) — годы до пересчёта несопоставимы с 2025; единица касается границы с Беларусью (border_units_*.csv / strip_units.csv, min_dist ≤ 1,5 км)"
RU,RU-BRY-suzemskij_r,Суземский район,raion,1989,20786,census_present,Demoscope:rus89_reg1,"перепись 1989 (12.I.1989), наличное население; деление 1989 г.; городское 12224, сельское 8562"
RU,RU-BRY-trubchevskij_r,Трубчевский район,raion,1989,45000,census_present,Demoscope:rus89_reg1,"перепись 1989 (12.I.1989), наличное население; деление 1989 г.; городское 24079, сельское 20921"
RU,RU-BRY-unechskij_r,Унечский район,raion,1989,49383,census_present,Demoscope:rus89_reg1,"перепись 1989 (12.I.1989), наличное население; деление 1989 г.; городское 28583, сельское 20800"
RU,RU-BRY-vygonichskij_r,Выгоничский район,raion,1989,23058,census_present,Demoscope:rus89_reg1,"перепись 1989 (12.I.1989), наличное население; деление 1989 г.; городское 5111, сельское 17947"
RU,RU-BRY-zhiryatinskij_r,Жирятинский район (сельское население),raion,1989,8796,census_present,Demoscope:rus89_reg1,"перепись 1989 (12.I.1989), наличное население; деление 1989 г.; в районе нет городских поселений (всё население сельское); городское 0, сельское 8796"
RU,RU-BRY-zhukovskij_r,Жуковский район,raion,1989,36812,census_present,Demoscope:rus89_reg1,"перепись 1989 (12.I.1989), наличное население; деление 1989 г.; городское 22921, сельское 13891"
RU,RU-BRY-zlynkovskij_r,Злынковский район,raion,1989,17205,census_present,Demoscope:rus89_reg1,"перепись 1989 (12.I.1989), наличное население; деление 1989 г.; городское 9152, сельское 8053; единица касается границы с Беларусью (border_units_*.csv / strip_units.csv, min_dist ≤ 1,5 км)"
RU,RU-BRY-zlynkovskij_r,Злынковский район,raion,2002,14056,census_resident,Rosstat:VPN2002_T1.4,"перепись 2002 (9.X.2002), постоянное население; ВПН-2002 т.1 табл.4; единица касается границы с Беларусью (border_units_*.csv / strip_units.csv, min_dist ≤ 1,5 км)"
RU,RU-BRY-zlynkovskij_r,Злынковский муниципальный район,mun_raion,2010,12917,census_resident,Rosstat:VPN2010_T11,"перепись 2010 (14.X.2010), постоянное население; ВПН-2010 т.1 табл.11; сумма НП по ФГИС ТП в border_units_RU.csv = 12922 (не использована, расходится с офиц. таблицей); единица касается границы с Беларусью (border_units_*.csv / strip_units.csv, min_dist ≤ 1,5 км)"
RU,RU-BRY-zlynkovskij_r,Злынковский муниципальный район,mun_raion,2021,11610,census_resident,Rosstat:VPN2021_T5,"перепись 2021 (1.X.2021), постоянное население; ВПН-2020 т.1 табл.5; единица касается границы с Беларусью (border_units_*.csv / strip_units.csv, min_dist ≤ 1,5 км)"
RU,RU-BRY-zlynkovskij_r,Злынковский муниципальный район,mun_raion,2025,11289,resident_1jan,Rosstat:BD_PMO_8112027,"оценка Росстата на 1 января (БД ПМО, показатель 8112027); ряд ПМО пересчитан по итогам ВПН-2010 (с 2011) и ВПН-2021 (с 2022/2023) — годы до пересчёта несопоставимы с 2025; единица касается границы с Беларусью (border_units_*.csv / strip_units.csv, min_dist ≤ 1,5 км)"
RU,RU-PSK-bezhanickij_r,Бежаницкий район,raion,1989,22784,census_present,Demoscope:rus89_reg1,"перепись 1989 (12.I.1989), наличное население; деление 1989 г.; городское 8894, сельское 13890"
RU,RU-PSK-dedovichskij_r,Дедовичский район,raion,1989,18948,census_present,Demoscope:rus89_reg1,"перепись 1989 (12.I.1989), наличное население; деление 1989 г.; городское 8494, сельское 10454"
RU,RU-PSK-dnovskij_r,Дновский район,raion,1989,20110,census_present,Demoscope:rus89_reg1,"перепись 1989 (12.I.1989), наличное население; деление 1989 г.; городское 12406, сельское 7704"
RU,RU-PSK-g_ostrov,г. Остров,city,1989,29060,census_present,Demoscope:rus89_reg1,"перепись 1989 (12.I.1989), наличное население; деление 1989 г.; городское 29060, сельское 0"
RU,RU-PSK-g_pskov,г. Псков,city,1989,203789,census_present,Demoscope:rus89_reg1,"перепись 1989 (12.I.1989), наличное население; деление 1989 г.; городское 203789, сельское 0"
RU,RU-PSK-g_velikie_luki,г. Великие Луки,city,1989,113745,census_present,Demoscope:rus89_reg1,"перепись 1989 (12.I.1989), наличное население; деление 1989 г.; городское 113745, сельское 0"
RU,RU-PSK-gdovskij_r,Гдовский район,raion,1989,19842,census_present,Demoscope:rus89_reg1,"перепись 1989 (12.I.1989), наличное население; деление 1989 г.; городское 6009, сельское 13833"
RU,RU-PSK-krasnogorodskij_r,Красногородский район,raion,1989,11886,census_present,Demoscope:rus89_reg1,"перепись 1989 (12.I.1989), наличное население; деление 1989 г.; городское 5295, сельское 6591"
RU,RU-PSK-kuninskij_r,Куньинский район,raion,1989,17698,census_present,Demoscope:rus89_reg1,"перепись 1989 (12.I.1989), наличное население; деление 1989 г.; городское 4023, сельское 13675"
RU,RU-PSK-loknyanskij_r,Локнянский район,raion,1989,16782,census_present,Demoscope:rus89_reg1,"перепись 1989 (12.I.1989), наличное население; деление 1989 г.; городское 6061, сельское 10721"
RU,RU-PSK-nevelskij_r,Невельский район,raion,1989,38951,census_present,Demoscope:rus89_reg1,"перепись 1989 (12.I.1989), наличное население; деление 1989 г.; городское 22472, сельское 16479; единица касается границы с Беларусью (border_units_*.csv / strip_units.csv, min_dist ≤ 1,5 км)"
RU,RU-PSK-nevelskij_r,Невельский район,raion,2002,31419,census_resident,Rosstat:VPN2002_T1.4,"перепись 2002 (9.X.2002), постоянное население; ВПН-2002 т.1 табл.4; единица касается границы с Беларусью (border_units_*.csv / strip_units.csv, min_dist ≤ 1,5 км)"
RU,RU-PSK-nevelskij_r,Невельский муниципальный район,mun_raion,2010,26657,census_resident,Rosstat:VPN2010_T11,"перепись 2010 (14.X.2010), постоянное население; ВПН-2010 т.1 табл.11; сумма НП по ФГИС ТП в border_units_RU.csv = 27253 (не использована, расходится с офиц. таблицей); единица касается границы с Беларусью (border_units_*.csv / strip_units.csv, min_dist ≤ 1,5 км)"
RU,RU-PSK-nevelskij_r,Невельский муниципальный район,mun_raion,2021,21554,census_resident,Rosstat:VPN2021_T5,"перепись 2021 (1.X.2021), постоянное население; ВПН-2020 т.1 табл.5; единица касается границы с Беларусью (border_units_*.csv / strip_units.csv, min_dist ≤ 1,5 км)"
RU,RU-PSK-nevelskij_r,Невельский муниципальный округ,mun_okrug,2025,20047,resident_1jan,Rosstat:BD_PMO_8112027,"оценка Росстата на 1 января (БД ПМО, показатель 8112027); ряд ПМО пересчитан по итогам ВПН-2010 (с 2011) и ВПН-2021 (с 2022/2023) — годы до пересчёта несопоставимы с 2025; ЛОВУШКА: район преобразован в муниципальный округ (новый код ОКТМО) — в БД ПМО ряд под старым кодом обрывается, под новым начинается с 2024/2025; единица касается границы с Беларусью (border_units_*.csv / strip_units.csv, min_dist ≤ 1,5 км)"
RU,RU-PSK-novorzhevskij_r,Новоржевский район,raion,1989,15477,census_present,Demoscope:rus89_reg1,"перепись 1989 (12.I.1989), наличное население; деление 1989 г.; городское 5050, сельское 10427"
RU,RU-PSK-novosokolnicheskij_r,Новосокольнический район,raion,1989,21319,census_present,Demoscope:rus89_reg1,"перепись 1989 (12.I.1989), наличное население; деление 1989 г.; городское 10689, сельское 10630"
RU,RU-PSK-opocheckij_r,Опочецкий район,raion,1989,28877,census_present,Demoscope:rus89_reg1,"перепись 1989 (12.I.1989), наличное население; деление 1989 г.; городское 16190, сельское 12687"
RU,RU-PSK-ostrovskij_r,Островский район (сельское население),raion,1989,14199,census_present,Demoscope:rus89_reg1,"перепись 1989 (12.I.1989), наличное население; деление 1989 г.; ЛОВУШКА: только сельское население района; райцентр «г. Остров» — отдельная строка (RU-PSK-g_ostrov); для территории района сложить; городское 0, сельское 14199"
RU,RU-PSK-palkinskij_r,Палкинский район,raion,1989,12392,census_present,Demoscope:rus89_reg1,"перепись 1989 (12.I.1989), наличное население; деление 1989 г.; городское 3406, сельское 8986"
RU,RU-PSK-pechorskij_r,Печорский район,raion,1989,27199,census_present,Demoscope:rus89_reg1,"перепись 1989 (12.I.1989), наличное население; деление 1989 г.; городское 11935, сельское 15264"
RU,RU-PSK-plyusskij_r,Плюсский район,raion,1989,13988,census_present,Demoscope:rus89_reg1,"перепись 1989 (12.I.1989), наличное население; деление 1989 г.; городское 6204, сельское 7784"
RU,RU-PSK-porhovskij_r,Порховский район,raion,1989,35015,census_present,Demoscope:rus89_reg1,"перепись 1989 (12.I.1989), наличное население; деление 1989 г.; городское 14170, сельское 20845"
RU,RU-PSK-pskovskij_r,Псковский район (сельское население),raion,1989,37557,census_present,Demoscope:rus89_reg1,"перепись 1989 (12.I.1989), наличное население; деление 1989 г.; ЛОВУШКА: только сельское население района; райцентр «г. Псков» — отдельная строка (RU-PSK-g_pskov); для территории района сложить; городское 0, сельское 37557"
RU,RU-PSK-pushkino_gorskij_r,Пушкино-Горский район,raion,1989,13566,census_present,Demoscope:rus89_reg1,"перепись 1989 (12.I.1989), наличное население; деление 1989 г.; городское 7067, сельское 6499"
RU,RU-PSK-pustoshkinskij_r,Пустошкинский район,raion,1989,14063,census_present,Demoscope:rus89_reg1,"перепись 1989 (12.I.1989), наличное население; деление 1989 г.; городское 6332, сельское 7731; единица касается границы с Беларусью (border_units_*.csv / strip_units.csv, min_dist ≤ 1,5 км)"
RU,RU-PSK-pustoshkinskij_r,Пустошкинский район,raion,2002,12071,census_resident,Rosstat:VPN2002_T1.4,"перепись 2002 (9.X.2002), постоянное население; ВПН-2002 т.1 табл.4; единица касается границы с Беларусью (border_units_*.csv / strip_units.csv, min_dist ≤ 1,5 км)"
RU,RU-PSK-pustoshkinskij_r,Пустошкинский муниципальный район,mun_raion,2010,9379,census_resident,Rosstat:VPN2010_T11,"перепись 2010 (14.X.2010), постоянное население; ВПН-2010 т.1 табл.11; сумма НП по ФГИС ТП в border_units_RU.csv = 9792 (не использована, расходится с офиц. таблицей); единица касается границы с Беларусью (border_units_*.csv / strip_units.csv, min_dist ≤ 1,5 км)"
RU,RU-PSK-pustoshkinskij_r,Пустошкинский муниципальный район,mun_raion,2021,7691,census_resident,Rosstat:VPN2021_T5,"перепись 2021 (1.X.2021), постоянное население; ВПН-2020 т.1 табл.5; единица касается границы с Беларусью (border_units_*.csv / strip_units.csv, min_dist ≤ 1,5 км)"
RU,RU-PSK-pustoshkinskij_r,Пустошкинский муниципальный район,mun_raion,2025,6993,resident_1jan,Rosstat:BD_PMO_8112027,"оценка Росстата на 1 января (БД ПМО, показатель 8112027); ряд ПМО пересчитан по итогам ВПН-2010 (с 2011) и ВПН-2021 (с 2022/2023) — годы до пересчёта несопоставимы с 2025; единица касается границы с Беларусью (border_units_*.csv / strip_units.csv, min_dist ≤ 1,5 км)"
RU,RU-PSK-pytalovskij_r,Пыталовский район,raion,1989,16167,census_present,Demoscope:rus89_reg1,"перепись 1989 (12.I.1989), наличное население; деление 1989 г.; городское 7166, сельское 9001"
RU,RU-PSK-sebezhskij_r,Себежский район,raion,1989,26926,census_present,Demoscope:rus89_reg1,"перепись 1989 (12.I.1989), наличное население; деление 1989 г.; городское 14982, сельское 11944; единица касается границы с Беларусью (border_units_*.csv / strip_units.csv, min_dist ≤ 1,5 км)"
RU,RU-PSK-sebezhskij_r,Себежский район,raion,2002,25473,census_resident,Rosstat:VPN2002_T1.4,"перепись 2002 (9.X.2002), постоянное население; ВПН-2002 т.1 табл.4; единица касается границы с Беларусью (border_units_*.csv / strip_units.csv, min_dist ≤ 1,5 км)"
RU,RU-PSK-sebezhskij_r,Себежский муниципальный район,mun_raion,2010,21674,census_resident,Rosstat:VPN2010_T11,"перепись 2010 (14.X.2010), постоянное население; ВПН-2010 т.1 табл.11; сумма НП по ФГИС ТП в border_units_RU.csv = 23622 (не использована, расходится с офиц. таблицей); единица касается границы с Беларусью (border_units_*.csv / strip_units.csv, min_dist ≤ 1,5 км)"
RU,RU-PSK-sebezhskij_r,Себежский муниципальный район,mun_raion,2021,19103,census_resident,Rosstat:VPN2021_T5,"перепись 2021 (1.X.2021), постоянное население; ВПН-2020 т.1 табл.5; единица касается границы с Беларусью (border_units_*.csv / strip_units.csv, min_dist ≤ 1,5 км)"
RU,RU-PSK-sebezhskij_r,Себежский муниципальный район,mun_raion,2025,18046,resident_1jan,Rosstat:BD_PMO_8112027,"оценка Росстата на 1 января (БД ПМО, показатель 8112027); ряд ПМО пересчитан по итогам ВПН-2010 (с 2011) и ВПН-2021 (с 2022/2023) — годы до пересчёта несопоставимы с 2025; единица касается границы с Беларусью (border_units_*.csv / strip_units.csv, min_dist ≤ 1,5 км)"
RU,RU-PSK-strugo_krasnenskij_r,Струго-Красненский район,raion,1989,16293,census_present,Demoscope:rus89_reg1,"перепись 1989 (12.I.1989), наличное население; деление 1989 г.; городское 7067, сельское 9226"
RU,RU-PSK-usvyatskij_r,Усвятский район,raion,1989,7905,census_present,Demoscope:rus89_reg1,"перепись 1989 (12.I.1989), наличное население; деление 1989 г.; городское 3638, сельское 4267; единица касается границы с Беларусью (border_units_*.csv / strip_units.csv, min_dist ≤ 1,5 км)"
RU,RU-PSK-usvyatskij_r,Усвятский район,raion,2002,6360,census_resident,Rosstat:VPN2002_T1.4,"перепись 2002 (9.X.2002), постоянное население; ВПН-2002 т.1 табл.4; единица касается границы с Беларусью (border_units_*.csv / strip_units.csv, min_dist ≤ 1,5 км)"
RU,RU-PSK-usvyatskij_r,Усвятский муниципальный район,mun_raion,2010,5598,census_resident,Rosstat:VPN2010_T11,"перепись 2010 (14.X.2010), постоянное население; ВПН-2010 т.1 табл.11; сумма НП по ФГИС ТП в border_units_RU.csv = 5630 (не использована, расходится с офиц. таблицей); единица касается границы с Беларусью (border_units_*.csv / strip_units.csv, min_dist ≤ 1,5 км)"
RU,RU-PSK-usvyatskij_r,Усвятский муниципальный район,mun_raion,2021,4841,census_resident,Rosstat:VPN2021_T5,"перепись 2021 (1.X.2021), постоянное население; ВПН-2020 т.1 табл.5; единица касается границы с Беларусью (border_units_*.csv / strip_units.csv, min_dist ≤ 1,5 км)"
RU,RU-PSK-usvyatskij_r,Усвятский муниципальный округ,mun_okrug,2025,4699,resident_1jan,Rosstat:BD_PMO_8112027,"оценка Росстата на 1 января (БД ПМО, показатель 8112027); ряд ПМО пересчитан по итогам ВПН-2010 (с 2011) и ВПН-2021 (с 2022/2023) — годы до пересчёта несопоставимы с 2025; ЛОВУШКА: район преобразован в муниципальный округ (новый код ОКТМО) — в БД ПМО ряд под старым кодом обрывается, под новым начинается с 2024/2025; единица касается границы с Беларусью (border_units_*.csv / strip_units.csv, min_dist ≤ 1,5 км)"
RU,RU-PSK-velikolukskij_r,Великолукский район (сельское население),raion,1989,31911,census_present,Demoscope:rus89_reg1,"перепись 1989 (12.I.1989), наличное население; деление 1989 г.; ЛОВУШКА: только сельское население района; райцентр «г. Великие Луки» — отдельная строка (RU-PSK-g_velikie_luki); для территории района сложить; городское 0, сельское 31911"
RU,RU-SMO-demidovskij_r,Демидовский район,raion,1989,24237,census_present,Demoscope:rus89_reg1,"перепись 1989 (12.I.1989), наличное население; деление 1989 г.; городское 13081, сельское 11156"
RU,RU-SMO-dorogobuzhskij_r,Дорогобужский район,raion,1989,36016,census_present,Demoscope:rus89_reg1,"перепись 1989 (12.I.1989), наличное население; деление 1989 г.; городское 28750, сельское 7266"
RU,RU-SMO-duhovshchinskij_r,Духовщинский район,raion,1989,23720,census_present,Demoscope:rus89_reg1,"перепись 1989 (12.I.1989), наличное население; деление 1989 г.; городское 12576, сельское 11144"
RU,RU-SMO-elninskij_r,Ельнинский район,raion,1989,19699,census_present,Demoscope:rus89_reg1,"перепись 1989 (12.I.1989), наличное население; деление 1989 г.; городское 9868, сельское 9831"
RU,RU-SMO-ershichskij_r,Ершичский район,raion,1989,11544,census_present,Demoscope:rus89_reg1,"перепись 1989 (12.I.1989), наличное население; деление 1989 г.; городское 1564, сельское 9980; единица касается границы с Беларусью (border_units_*.csv / strip_units.csv, min_dist ≤ 1,5 км)"
RU,RU-SMO-ershichskij_r,Ершичский район - сельское население,raion,2002,8859,census_resident,Rosstat:VPN2002_T1.4,"перепись 2002 (9.X.2002), постоянное население; ВПН-2002 т.1 табл.4; в районе нет городских поселений (строка «район – сельское население»); единица касается границы с Беларусью (border_units_*.csv / strip_units.csv, min_dist ≤ 1,5 км)"
RU,RU-SMO-ershichskij_r,Ершичский муниципальный район - сельское население,mun_raion,2010,7102,census_resident,Rosstat:VPN2010_T11,"перепись 2010 (14.X.2010), постоянное население; ВПН-2010 т.1 табл.11; сумма НП по ФГИС ТП в border_units_RU.csv = 7106 (не использована, расходится с офиц. таблицей); единица касается границы с Беларусью (border_units_*.csv / strip_units.csv, min_dist ≤ 1,5 км)"
RU,RU-SMO-ershichskij_r,Ершичский муниципальный район - сельское население,mun_raion,2021,5357,census_resident,Rosstat:VPN2021_T5,"перепись 2021 (1.X.2021), постоянное население; ВПН-2020 т.1 табл.5; единица касается границы с Беларусью (border_units_*.csv / strip_units.csv, min_dist ≤ 1,5 км)"
RU,RU-SMO-ershichskij_r,Ершичский муниципальный округ,mun_okrug,2025,4926,resident_1jan,Rosstat:BD_PMO_8112027,"оценка Росстата на 1 января (БД ПМО, показатель 8112027); ряд ПМО пересчитан по итогам ВПН-2010 (с 2011) и ВПН-2021 (с 2022/2023) — годы до пересчёта несопоставимы с 2025; ЛОВУШКА: район преобразован в муниципальный округ (новый код ОКТМО) — в БД ПМО ряд под старым кодом обрывается, под новым начинается с 2024/2025; единица касается границы с Беларусью (border_units_*.csv / strip_units.csv, min_dist ≤ 1,5 км)"
RU,RU-SMO-g_gagarin,г. Гагарин,city,1989,28867,census_present,Demoscope:rus89_reg1,"перепись 1989 (12.I.1989), наличное население; деление 1989 г.; городское 28867, сельское 0"
RU,RU-SMO-g_roslavl,г. Рославль,city,1989,60470,census_present,Demoscope:rus89_reg1,"перепись 1989 (12.I.1989), наличное население; деление 1989 г.; городское 60470, сельское 0"
RU,RU-SMO-g_safonovo,г. Сафоново,city,1989,56571,census_present,Demoscope:rus89_reg1,"перепись 1989 (12.I.1989), наличное население; деление 1989 г.; городское 56571, сельское 0"
RU,RU-SMO-g_smolensk,г. Смоленск,city,1989,341483,census_present,Demoscope:rus89_reg1,"перепись 1989 (12.I.1989), наличное население; деление 1989 г.; городское 341483, сельское 0"
RU,RU-SMO-g_vyazma,г. Вязьма,city,1989,59022,census_present,Demoscope:rus89_reg1,"перепись 1989 (12.I.1989), наличное население; деление 1989 г.; городское 59022, сельское 0"
RU,RU-SMO-g_yarcevo,г. Ярцево,city,1989,52304,census_present,Demoscope:rus89_reg1,"перепись 1989 (12.I.1989), наличное население; деление 1989 г.; городское 52304, сельское 0"
RU,RU-SMO-gagarinskij_r,Гагаринский район (сельское население),raion,1989,21978,census_present,Demoscope:rus89_reg1,"перепись 1989 (12.I.1989), наличное население; деление 1989 г.; ЛОВУШКА: только сельское население района; райцентр «г. Гагарин» — отдельная строка (RU-SMO-g_gagarin); для территории района сложить; городское 0, сельское 21978"
RU,RU-SMO-glinkovskij_r,Глинковский район (сельское население),raion,1989,7866,census_present,Demoscope:rus89_reg1,"перепись 1989 (12.I.1989), наличное население; деление 1989 г.; в районе нет городских поселений (всё население сельское); городское 0, сельское 7866"
RU,RU-SMO-hislavichskij_r,Хиславичский район,raion,1989,15071,census_present,Demoscope:rus89_reg1,"перепись 1989 (12.I.1989), наличное население; деление 1989 г.; городское 5013, сельское 10058; единица касается границы с Беларусью (border_units_*.csv / strip_units.csv, min_dist ≤ 1,5 км)"
RU,RU-SMO-hislavichskij_r,Хиславичский район,raion,2002,12007,census_resident,Rosstat:VPN2002_T1.4,"перепись 2002 (9.X.2002), постоянное население; ВПН-2002 т.1 табл.4; единица касается границы с Беларусью (border_units_*.csv / strip_units.csv, min_dist ≤ 1,5 км)"
RU,RU-SMO-hislavichskij_r,Хиславичский муниципальный район,mun_raion,2010,9070,census_resident,Rosstat:VPN2010_T11,"перепись 2010 (14.X.2010), постоянное население; ВПН-2010 т.1 табл.11; сумма НП по ФГИС ТП в border_units_RU.csv = 9078 (не использована, расходится с офиц. таблицей); единица касается границы с Беларусью (border_units_*.csv / strip_units.csv, min_dist ≤ 1,5 км)"
RU,RU-SMO-hislavichskij_r,Хиславичский муниципальный район,mun_raion,2021,6719,census_resident,Rosstat:VPN2021_T5,"перепись 2021 (1.X.2021), постоянное население; ВПН-2020 т.1 табл.5; единица касается границы с Беларусью (border_units_*.csv / strip_units.csv, min_dist ≤ 1,5 км)"
RU,RU-SMO-hislavichskij_r,Хиславичский муниципальный округ,mun_okrug,2025,6268,resident_1jan,Rosstat:BD_PMO_8112027,"оценка Росстата на 1 января (БД ПМО, показатель 8112027); ряд ПМО пересчитан по итогам ВПН-2010 (с 2011) и ВПН-2021 (с 2022/2023) — годы до пересчёта несопоставимы с 2025; ЛОВУШКА: район преобразован в муниципальный округ (новый код ОКТМО) — в БД ПМО ряд под старым кодом обрывается, под новым начинается с 2024/2025; единица касается границы с Беларусью (border_units_*.csv / strip_units.csv, min_dist ≤ 1,5 км)"
RU,RU-SMO-holm_zhirkovskij_r,Холм-Жирковский район,raion,1989,15966,census_present,Demoscope:rus89_reg1,"перепись 1989 (12.I.1989), наличное население; деление 1989 г.; городское 3666, сельское 12300"
RU,RU-SMO-kardymovskij_r,Кардымовский район,raion,1989,13505,census_present,Demoscope:rus89_reg1,"перепись 1989 (12.I.1989), наличное население; деление 1989 г.; городское 4908, сельское 8597"
RU,RU-SMO-krasninskij_r,Краснинский район,raion,1989,18758,census_present,Demoscope:rus89_reg1,"перепись 1989 (12.I.1989), наличное население; деление 1989 г.; городское 5087, сельское 13671; единица касается границы с Беларусью (border_units_*.csv / strip_units.csv, min_dist ≤ 1,5 км)"
RU,RU-SMO-krasninskij_r,Краснинский район,raion,2002,15537,census_resident,Rosstat:VPN2002_T1.4,"перепись 2002 (9.X.2002), постоянное население; ВПН-2002 т.1 табл.4; единица касается границы с Беларусью (border_units_*.csv / strip_units.csv, min_dist ≤ 1,5 км)"
RU,RU-SMO-krasninskij_r,Краснинский муниципальный район,mun_raion,2010,12895,census_resident,Rosstat:VPN2010_T11,"перепись 2010 (14.X.2010), постоянное население; ВПН-2010 т.1 табл.11; сумма НП по ФГИС ТП в border_units_RU.csv = 13769 (не использована, расходится с офиц. таблицей); единица касается границы с Беларусью (border_units_*.csv / strip_units.csv, min_dist ≤ 1,5 км)"
RU,RU-SMO-krasninskij_r,Краснинский муниципальный район,mun_raion,2021,10786,census_resident,Rosstat:VPN2021_T5,"перепись 2021 (1.X.2021), постоянное население; ВПН-2020 т.1 табл.5; единица касается границы с Беларусью (border_units_*.csv / strip_units.csv, min_dist ≤ 1,5 км)"
RU,RU-SMO-krasninskij_r,Краснинский муниципальный округ,mun_okrug,2025,9981,resident_1jan,Rosstat:BD_PMO_8112027,"оценка Росстата на 1 января (БД ПМО, показатель 8112027); ряд ПМО пересчитан по итогам ВПН-2010 (с 2011) и ВПН-2021 (с 2022/2023) — годы до пересчёта несопоставимы с 2025; ЛОВУШКА: район преобразован в муниципальный округ (новый код ОКТМО) — в БД ПМО ряд под старым кодом обрывается, под новым начинается с 2024/2025; единица касается границы с Беларусью (border_units_*.csv / strip_units.csv, min_dist ≤ 1,5 км)"
RU,RU-SMO-monastyrshchinskij_r,Монастырщинский район,raion,1989,17559,census_present,Demoscope:rus89_reg1,"перепись 1989 (12.I.1989), наличное население; деление 1989 г.; городское 5166, сельское 12393; единица касается границы с Беларусью (border_units_*.csv / strip_units.csv, min_dist ≤ 1,5 км)"
RU,RU-SMO-monastyrshchinskij_r,Монастырщинский район,raion,2002,13876,census_resident,Rosstat:VPN2002_T1.4,"перепись 2002 (9.X.2002), постоянное население; ВПН-2002 т.1 табл.4; единица касается границы с Беларусью (border_units_*.csv / strip_units.csv, min_dist ≤ 1,5 км)"
RU,RU-SMO-monastyrshchinskij_r,Монастырщинский муниципальный район,mun_raion,2010,10788,census_resident,Rosstat:VPN2010_T11,"перепись 2010 (14.X.2010), постоянное население; ВПН-2010 т.1 табл.11; сумма НП по ФГИС ТП в border_units_RU.csv = 10969 (не использована, расходится с офиц. таблицей); единица касается границы с Беларусью (border_units_*.csv / strip_units.csv, min_dist ≤ 1,5 км)"
RU,RU-SMO-monastyrshchinskij_r,Монастырщинский муниципальный район,mun_raion,2021,8232,census_resident,Rosstat:VPN2021_T5,"перепись 2021 (1.X.2021), постоянное население; ВПН-2020 т.1 табл.5; единица касается границы с Беларусью (border_units_*.csv / strip_units.csv, min_dist ≤ 1,5 км)"
RU,RU-SMO-monastyrshchinskij_r,Монастырщинский муниципальный округ,mun_okrug,2025,7570,resident_1jan,Rosstat:BD_PMO_8112027,"оценка Росстата на 1 января (БД ПМО, показатель 8112027); ряд ПМО пересчитан по итогам ВПН-2010 (с 2011) и ВПН-2021 (с 2022/2023) — годы до пересчёта несопоставимы с 2025; ЛОВУШКА: район преобразован в муниципальный округ (новый код ОКТМО) — в БД ПМО ряд под старым кодом обрывается, под новым начинается с 2024/2025; единица касается границы с Беларусью (border_units_*.csv / strip_units.csv, min_dist ≤ 1,5 км)"
RU,RU-SMO-novoduginskij_r,Новодугинский район,raion,1989,14240,census_present,Demoscope:rus89_reg1,"перепись 1989 (12.I.1989), наличное население; деление 1989 г.; городское 4153, сельское 10087"
RU,RU-SMO-pochinkovskij_r,Починковский район,raion,1989,44162,census_present,Demoscope:rus89_reg1,"перепись 1989 (12.I.1989), наличное население; деление 1989 г.; городское 10753, сельское 33409"
RU,RU-SMO-roslavlskij_r,Рославльский район,raion,1989,61000,census_present,Demoscope:rus89_reg1,"перепись 1989 (12.I.1989), наличное население; деление 1989 г.; райцентр «г. Рославль» учтён отдельной строкой (RU-SMO-g_roslavl), в район не входит; городское 36699, сельское 24301"
RU,RU-SMO-rudnyanskij_r,Руднянский район,raion,1989,34724,census_present,Demoscope:rus89_reg1,"перепись 1989 (12.I.1989), наличное население; деление 1989 г.; городское 15639, сельское 19085; единица касается границы с Беларусью (border_units_*.csv / strip_units.csv, min_dist ≤ 1,5 км)"
RU,RU-SMO-rudnyanskij_r,Руднянский район,raion,2002,28037,census_resident,Rosstat:VPN2002_T1.4,"перепись 2002 (9.X.2002), постоянное население; ВПН-2002 т.1 табл.4; единица касается границы с Беларусью (border_units_*.csv / strip_units.csv, min_dist ≤ 1,5 км)"
RU,RU-SMO-rudnyanskij_r,Руднянский муниципальный район,mun_raion,2010,25244,census_resident,Rosstat:VPN2010_T11,"перепись 2010 (14.X.2010), постоянное население; ВПН-2010 т.1 табл.11; сумма НП по ФГИС ТП в border_units_RU.csv = 24311 (не использована, расходится с офиц. таблицей); единица касается границы с Беларусью (border_units_*.csv / strip_units.csv, min_dist ≤ 1,5 км)"
RU,RU-SMO-rudnyanskij_r,Руднянский муниципальный район,mun_raion,2021,21283,census_resident,Rosstat:VPN2021_T5,"перепись 2021 (1.X.2021), постоянное население; ВПН-2020 т.1 табл.5; единица касается границы с Беларусью (border_units_*.csv / strip_units.csv, min_dist ≤ 1,5 км)"
RU,RU-SMO-rudnyanskij_r,Руднянский муниципальный округ,mun_okrug,2025,20184,resident_1jan,Rosstat:BD_PMO_8112027,"оценка Росстата на 1 января (БД ПМО, показатель 8112027); ряд ПМО пересчитан по итогам ВПН-2010 (с 2011) и ВПН-2021 (с 2022/2023) — годы до пересчёта несопоставимы с 2025; ЛОВУШКА: район преобразован в муниципальный округ (новый код ОКТМО) — в БД ПМО ряд под старым кодом обрывается, под новым начинается с 2024/2025; единица касается границы с Беларусью (border_units_*.csv / strip_units.csv, min_dist ≤ 1,5 км)"
RU,RU-SMO-safonovskij_r,Сафоновский район,raion,1989,17115,census_present,Demoscope:rus89_reg1,"перепись 1989 (12.I.1989), наличное население; деление 1989 г.; райцентр «г. Сафоново» учтён отдельной строкой (RU-SMO-g_safonovo), в район не входит; городское 2728, сельское 14387"
RU,RU-SMO-shumyachskij_r,Шумячский район,raion,1989,17678,census_present,Demoscope:rus89_reg1,"перепись 1989 (12.I.1989), наличное население; деление 1989 г.; городское 5724, сельское 11954; единица касается границы с Беларусью (border_units_*.csv / strip_units.csv, min_dist ≤ 1,5 км)"
RU,RU-SMO-shumyachskij_r,Шумячский район,raion,2002,14032,census_resident,Rosstat:VPN2002_T1.4,"перепись 2002 (9.X.2002), постоянное население; ВПН-2002 т.1 табл.4; единица касается границы с Беларусью (border_units_*.csv / strip_units.csv, min_dist ≤ 1,5 км)"
RU,RU-SMO-shumyachskij_r,Шумячский муниципальный район,mun_raion,2010,10713,census_resident,Rosstat:VPN2010_T11,"перепись 2010 (14.X.2010), постоянное население; ВПН-2010 т.1 табл.11; сумма НП по ФГИС ТП в border_units_RU.csv = 11126 (не использована, расходится с офиц. таблицей); единица касается границы с Беларусью (border_units_*.csv / strip_units.csv, min_dist ≤ 1,5 км)"
RU,RU-SMO-shumyachskij_r,Шумячский муниципальный район,mun_raion,2021,8545,census_resident,Rosstat:VPN2021_T5,"перепись 2021 (1.X.2021), постоянное население; ВПН-2020 т.1 табл.5; единица касается границы с Беларусью (border_units_*.csv / strip_units.csv, min_dist ≤ 1,5 км)"
RU,RU-SMO-shumyachskij_r,Шумячский муниципальный округ,mun_okrug,2025,7753,resident_1jan,Rosstat:BD_PMO_8112027,"оценка Росстата на 1 января (БД ПМО, показатель 8112027); ряд ПМО пересчитан по итогам ВПН-2010 (с 2011) и ВПН-2021 (с 2022/2023) — годы до пересчёта несопоставимы с 2025; ЛОВУШКА: район преобразован в муниципальный округ (новый код ОКТМО) — в БД ПМО ряд под старым кодом обрывается, под новым начинается с 2024/2025; единица касается границы с Беларусью (border_units_*.csv / strip_units.csv, min_dist ≤ 1,5 км)"
RU,RU-SMO-smolenskij_r,Смоленский район (сельское население),raion,1989,50620,census_present,Demoscope:rus89_reg1,"перепись 1989 (12.I.1989), наличное население; деление 1989 г.; ЛОВУШКА: только сельское население района; райцентр «г. Смоленск» — отдельная строка (RU-SMO-g_smolensk); для территории района сложить; городское 0, сельское 50620"
RU,RU-SMO-sychevskij_r,Сычевский район,raion,1989,18847,census_present,Demoscope:rus89_reg1,"перепись 1989 (12.I.1989), наличное население; деление 1989 г.; городское 9643, сельское 9204"
RU,RU-SMO-temkinskij_r,Темкинский район (сельское население),raion,1989,8160,census_present,Demoscope:rus89_reg1,"перепись 1989 (12.I.1989), наличное население; деление 1989 г.; в районе нет городских поселений (всё население сельское); городское 0, сельское 8160"
RU,RU-SMO-ugranskij_r,Угранский район,raion,1989,14005,census_present,Demoscope:rus89_reg1,"перепись 1989 (12.I.1989), наличное население; деление 1989 г.; городское 5059, сельское 8946"
RU,RU-SMO-velizhskij_r,Велижский район,raion,1989,17239,census_present,Demoscope:rus89_reg1,"перепись 1989 (12.I.1989), наличное население; деление 1989 г.; городское 9146, сельское 8093; единица касается границы с Беларусью (border_units_*.csv / strip_units.csv, min_dist ≤ 1,5 км)"
RU,RU-SMO-velizhskij_r,Велижский район,raion,2002,14329,census_resident,Rosstat:VPN2002_T1.4,"перепись 2002 (9.X.2002), постоянное население; ВПН-2002 т.1 табл.4; единица касается границы с Беларусью (border_units_*.csv / strip_units.csv, min_dist ≤ 1,5 км)"
RU,RU-SMO-velizhskij_r,Велижский муниципальный район,mun_raion,2010,12248,census_resident,Rosstat:VPN2010_T11,"перепись 2010 (14.X.2010), постоянное население; ВПН-2010 т.1 табл.11; сумма НП по ФГИС ТП в border_units_RU.csv = 12259 (не использована, расходится с офиц. таблицей); единица касается границы с Беларусью (border_units_*.csv / strip_units.csv, min_dist ≤ 1,5 км)"
RU,RU-SMO-velizhskij_r,Велижский муниципальный район,mun_raion,2021,9391,census_resident,Rosstat:VPN2021_T5,"перепись 2021 (1.X.2021), постоянное население; ВПН-2020 т.1 табл.5; единица касается границы с Беларусью (border_units_*.csv / strip_units.csv, min_dist ≤ 1,5 км)"
RU,RU-SMO-velizhskij_r,Велижский муниципальный округ,mun_okrug,2025,8583,resident_1jan,Rosstat:BD_PMO_8112027,"оценка Росстата на 1 января (БД ПМО, показатель 8112027); ряд ПМО пересчитан по итогам ВПН-2010 (с 2011) и ВПН-2021 (с 2022/2023) — годы до пересчёта несопоставимы с 2025; ЛОВУШКА: район преобразован в муниципальный округ (новый код ОКТМО) — в БД ПМО ряд под старым кодом обрывается, под новым начинается с 2024/2025; единица касается границы с Беларусью (border_units_*.csv / strip_units.csv, min_dist ≤ 1,5 км)"
RU,RU-SMO-vyazemskij_r,Вяземский район (сельское население),raion,1989,25106,census_present,Demoscope:rus89_reg1,"перепись 1989 (12.I.1989), наличное население; деление 1989 г.; ЛОВУШКА: только сельское население района; райцентр «г. Вязьма» — отдельная строка (RU-SMO-g_vyazma); для территории района сложить; городское 0, сельское 25106"
RU,RU-SMO-yarcevskij_r,Ярцевский район (сельское население),raion,1989,10767,census_present,Demoscope:rus89_reg1,"перепись 1989 (12.I.1989), наличное население; деление 1989 г.; ЛОВУШКА: только сельское население района; райцентр «г. Ярцево» — отдельная строка (RU-SMO-g_yarcevo); для территории района сложить; городское 0, сельское 10767"
UA,UA-CHN-bahmachskij_r,Бахмачский район,raion,1989,67980,census_present,Demoscope:sng89_reg1,"перепись 1989 (12.I.1989), наличное население; деление 1989 г.; городское 30673, сельское 37307"
UA,UA-CHN-bobrovickij_r,Бобровицкий район,raion,1989,50863,census_present,Demoscope:sng89_reg1,"перепись 1989 (12.I.1989), наличное население; деление 1989 г.; городское 15143, сельское 35720"
UA,UA-CHN-borznyanskij_r,Борзнянский район,raion,1989,53727,census_present,Demoscope:sng89_reg1,"перепись 1989 (12.I.1989), наличное население; деление 1989 г.; городское 12506, сельское 41221"
UA,UA-CHN-chernigivskij_old,"Чернігівський район (старый, до 17.07.2020)",raion_old,1989,75800,census_present,Ukrcensus2001:estimated,"перепись 1989, наличное население, в границах 2001 г. (сайт переписи 2001: тыс. с 1 знаком ×1000, точность ±50); Демоскоп (границы 1989): UA-CHN-chernigovskij_r = 75767; единица касается границы с Беларусью (border_units_*.csv / strip_units.csv, min_dist ≤ 1,5 км)"
UA,UA-CHN-chernigivskij_old,"Чернігівський район (старый, до 17.07.2020)",raion_old,2001,61300,census_present,Ukrcensus2001:estimated,"перепись 2001 (5.XII.2001), наличное население; тыс. с 1 знаком ×1000; единица касается границы с Беларусью (border_units_*.csv / strip_units.csv, min_dist ≤ 1,5 км)"
UA,UA-CHN-chernigivskij_old,"Чернігівський район (старый, до 17.07.2020)",raion_old,2009,54594,estimate,Ukrstat:chnas_2011,"оценка Госстата: наличное население на 1.01.2009 (сб. «Чисельність наявного населення України на 1 січня 2011»); единица касается границы с Беларусью (border_units_*.csv / strip_units.csv, min_dist ≤ 1,5 км)"
UA,UA-CHN-chernigivskij_old,"Чернігівський район (старый, до 17.07.2020)",raion_old,2020,51152,estimate,Ukrstat:zb_chuselnist_2020,"оценка Госстата: наличное население на 1.01.2020; последний год для старых районов (укрупнены 17.07.2020); после 2022 публикации Госстата прекращены — данных нет; единица касается границы с Беларусью (border_units_*.csv / strip_units.csv, min_dist ≤ 1,5 км)"
UA,UA-CHN-chernigovskij_r,Черниговский район,raion,1989,75767,census_present,Demoscope:sng89_reg1,"перепись 1989 (12.I.1989), наличное население; деление 1989 г.; райцентр «г. Чернигов» учтён отдельной строкой (UA-CHN-g_chernigov), в район не входит; городское 8121, сельское 67646"
UA,UA-CHN-g_chernigov,г. Чернигов,city,1989,296347,census_present,Demoscope:sng89_reg1,"перепись 1989 (12.I.1989), наличное население; деление 1989 г.; городское 296347, сельское 0"
UA,UA-CHN-g_nezhin,г. Нежин,city,1989,80553,census_present,Demoscope:sng89_reg1,"перепись 1989 (12.I.1989), наличное население; деление 1989 г.; городское 80553, сельское 0"
UA,UA-CHN-g_priluki,г. Прилуки,city,1989,71954,census_present,Demoscope:sng89_reg1,"перепись 1989 (12.I.1989), наличное население; деление 1989 г.; городское 71954, сельское 0"
UA,UA-CHN-gorodnyanskij_old,"Городнянський район (старый, до 17.07.2020)",raion_old,1989,44400,census_present,Ukrcensus2001:estimated,"перепись 1989, наличное население, в границах 2001 г. (сайт переписи 2001: тыс. с 1 знаком ×1000, точность ±50); Демоскоп (границы 1989): UA-CHN-gorodnyanskij_r = 44422; единица касается границы с Беларусью (border_units_*.csv / strip_units.csv, min_dist ≤ 1,5 км)"
UA,UA-CHN-gorodnyanskij_old,"Городнянський район (старый, до 17.07.2020)",raion_old,2001,36300,census_present,Ukrcensus2001:estimated,"перепись 2001 (5.XII.2001), наличное население; тыс. с 1 знаком ×1000; единица касается границы с Беларусью (border_units_*.csv / strip_units.csv, min_dist ≤ 1,5 км)"
UA,UA-CHN-gorodnyanskij_old,"Городнянський район (старый, до 17.07.2020)",raion_old,2009,31547,estimate,Ukrstat:chnas_2011,"оценка Госстата: наличное население на 1.01.2009 (сб. «Чисельність наявного населення України на 1 січня 2011»); единица касается границы с Беларусью (border_units_*.csv / strip_units.csv, min_dist ≤ 1,5 км)"
UA,UA-CHN-gorodnyanskij_old,"Городнянський район (старый, до 17.07.2020)",raion_old,2020,26850,estimate,Ukrstat:zb_chuselnist_2020,"оценка Госстата: наличное население на 1.01.2020; последний год для старых районов (укрупнены 17.07.2020); после 2022 публикации Госстата прекращены — данных нет; единица касается границы с Беларусью (border_units_*.csv / strip_units.csv, min_dist ≤ 1,5 км)"
UA,UA-CHN-gorodnyanskij_r,Городнянский район,raion,1989,44422,census_present,Demoscope:sng89_reg1,"перепись 1989 (12.I.1989), наличное население; деление 1989 г.; городское 15092, сельское 29330"
UA,UA-CHN-ichnyanskij_r,Ичнянский район,raion,1989,49662,census_present,Demoscope:sng89_reg1,"перепись 1989 (12.I.1989), наличное население; деление 1989 г.; городское 17417, сельское 32245"
UA,UA-CHN-koropskij_r,Коропский район,raion,1989,38943,census_present,Demoscope:sng89_reg1,"перепись 1989 (12.I.1989), наличное население; деление 1989 г.; городское 9077, сельское 29866"
UA,UA-CHN-koryukovskij_r,Корюковский район,raion,1989,38342,census_present,Demoscope:sng89_reg1,"перепись 1989 (12.I.1989), наличное население; деление 1989 г.; городское 17830, сельское 20512"
UA,UA-CHN-kozeleckij_r,Козелецкий район,raion,1989,76646,census_present,Demoscope:sng89_reg1,"перепись 1989 (12.I.1989), наличное население; деление 1989 г.; городское 24815, сельское 51831"
UA,UA-CHN-kulikovskij_r,Куликовский район,raion,1989,27541,census_present,Demoscope:sng89_reg1,"перепись 1989 (12.I.1989), наличное население; деление 1989 г.; городское 6084, сельское 21457"
UA,UA-CHN-menskij_r,Менский район,raion,1989,52888,census_present,Demoscope:sng89_reg1,"перепись 1989 (12.I.1989), наличное население; деление 1989 г.; городское 22183, сельское 30705"
UA,UA-CHN-nezhinskij_r,Нежинский район,raion,1989,45581,census_present,Demoscope:sng89_reg1,"перепись 1989 (12.I.1989), наличное население; деление 1989 г.; райцентр «г. Нежин» учтён отдельной строкой (UA-CHN-g_nezhin), в район не входит; городское 9528, сельское 36053"
UA,UA-CHN-nosovskij_r,Носовский район,raion,1989,44752,census_present,Demoscope:sng89_reg1,"перепись 1989 (12.I.1989), наличное население; деление 1989 г.; городское 18257, сельское 26495"
UA,UA-CHN-novgorod_severskij_r,Новгород-Северский район,raion,1989,42735,census_present,Demoscope:sng89_reg1,"перепись 1989 (12.I.1989), наличное население; деление 1989 г.; городское 15377, сельское 27358"
UA,UA-CHN-prilukskij_r,Прилукский район,raion,1989,55284,census_present,Demoscope:sng89_reg1,"перепись 1989 (12.I.1989), наличное население; деление 1989 г.; райцентр «г. Прилуки» учтён отдельной строкой (UA-CHN-g_priluki), в район не входит; городское 13890, сельское 41394"
UA,UA-CHN-repkinskij_r,Репкинский район,raion,1989,47301,census_present,Demoscope:sng89_reg1,"перепись 1989 (12.I.1989), наличное население; деление 1989 г.; городское 18634, сельское 28667"
UA,UA-CHN-ripkinskij_old,"Ріпкинський район (старый, до 17.07.2020)",raion_old,1989,47300,census_present,Ukrcensus2001:estimated,"перепись 1989, наличное население, в границах 2001 г. (сайт переписи 2001: тыс. с 1 знаком ×1000, точность ±50); Демоскоп (границы 1989): UA-CHN-repkinskij_r = 47301; единица касается границы с Беларусью (border_units_*.csv / strip_units.csv, min_dist ≤ 1,5 км)"
UA,UA-CHN-ripkinskij_old,"Ріпкинський район (старый, до 17.07.2020)",raion_old,2001,37600,census_present,Ukrcensus2001:estimated,"перепись 2001 (5.XII.2001), наличное население; тыс. с 1 знаком ×1000; единица касается границы с Беларусью (border_units_*.csv / strip_units.csv, min_dist ≤ 1,5 км)"
UA,UA-CHN-ripkinskij_old,"Ріпкинський район (старый, до 17.07.2020)",raion_old,2009,31558,estimate,Ukrstat:chnas_2011,"оценка Госстата: наличное население на 1.01.2009 (сб. «Чисельність наявного населення України на 1 січня 2011»); единица касается границы с Беларусью (border_units_*.csv / strip_units.csv, min_dist ≤ 1,5 км)"
UA,UA-CHN-ripkinskij_old,"Ріпкинський район (старый, до 17.07.2020)",raion_old,2020,25646,estimate,Ukrstat:zb_chuselnist_2020,"оценка Госстата: наличное население на 1.01.2020; последний год для старых районов (укрупнены 17.07.2020); после 2022 публикации Госстата прекращены — данных нет; единица касается границы с Беларусью (border_units_*.csv / strip_units.csv, min_dist ≤ 1,5 км)"
UA,UA-CHN-semenovskij_r,Семеновский район,raion,1989,28399,census_present,Demoscope:sng89_reg1,"перепись 1989 (12.I.1989), наличное население; деление 1989 г.; городское 10508, сельское 17891"
UA,UA-CHN-shchorskij_r,Щорский район,raion,1989,37577,census_present,Demoscope:sng89_reg1,"перепись 1989 (12.I.1989), наличное население; деление 1989 г.; городское 13529, сельское 24048"
UA,UA-CHN-sosnickij_r,Сосницкий район,raion,1989,29265,census_present,Demoscope:sng89_reg1,"перепись 1989 (12.I.1989), наличное население; деление 1989 г.; городское 8429, сельское 20836"
UA,UA-CHN-srebnyanskij_r,Сребнянский район,raion,1989,17844,census_present,Demoscope:sng89_reg1,"перепись 1989 (12.I.1989), наличное население; деление 1989 г.; городское 5412, сельское 12432"
UA,UA-CHN-talalaevskij_r,Талалаевский район,raion,1989,19882,census_present,Demoscope:sng89_reg1,"перепись 1989 (12.I.1989), наличное население; деление 1989 г.; городское 5771, сельское 14111"
UA,UA-CHN-varvinskij_r,Варвинский район,raion,1989,21652,census_present,Demoscope:sng89_reg1,"перепись 1989 (12.I.1989), наличное население; деление 1989 г.; городское 8927, сельское 12725"
UA,UA-KIO-baryshevskij_r,Барышевский район,raion,1989,59533,census_present,Demoscope:sng89_reg1,"перепись 1989 (12.I.1989), наличное население; деление 1989 г.; городское 25468, сельское 34065"
UA,UA-KIO-belocerkovskij_r,Белоцерковский район,raion,1989,66994,census_present,Demoscope:sng89_reg1,"перепись 1989 (12.I.1989), наличное население; деление 1989 г.; райцентр «г. Белая Церковь» учтён отдельной строкой (UA-KIO-g_belaya_cerkov), в район не входит; городское 18259, сельское 48735"
UA,UA-KIO-boguslavskij_r,Богуславский район,raion,1989,47881,census_present,Demoscope:sng89_reg1,"перепись 1989 (12.I.1989), наличное население; деление 1989 г.; городское 19107, сельское 28774"
UA,UA-KIO-borispolskij_gs,Бориспольский горсовет,gorsovet,1989,51115,census_present,Demoscope:sng89_reg1,"перепись 1989 (12.I.1989), наличное население; деление 1989 г.; городское 50508, сельское 607"
UA,UA-KIO-borispolskij_r,Бориспольский район (сельское население),raion,1989,57392,census_present,Demoscope:sng89_reg1,"перепись 1989 (12.I.1989), наличное население; деление 1989 г.; ЛОВУШКА: только сельское население района; райцентр «Бориспольский горсовет» — отдельная строка (UA-KIO-borispolskij_gs); для территории района сложить; городское 0, сельское 57392"
UA,UA-KIO-borodyanskij_r,Бородянский район,raion,1989,64556,census_present,Demoscope:sng89_reg1,"перепись 1989 (12.I.1989), наличное население; деление 1989 г.; городское 36329, сельское 28227"
UA,UA-KIO-brovarskij_r,Броварский район,raion,1989,82649,census_present,Demoscope:sng89_reg1,"перепись 1989 (12.I.1989), наличное население; деление 1989 г.; райцентр «г. Бровары» учтён отдельной строкой (UA-KIO-g_brovary), в район не входит; городское 5447, сельское 77202"
UA,UA-KIO-fastovskij_r,Фастовский район,raion,1989,44848,census_present,Demoscope:sng89_reg1,"перепись 1989 (12.I.1989), наличное население; деление 1989 г.; райцентр «г. Фастов» учтён отдельной строкой (UA-KIO-g_fastov), в район не входит; городское 12012, сельское 32836"
UA,UA-KIO-g_belaya_cerkov,г. Белая Церковь,city,1989,196878,census_present,Demoscope:sng89_reg1,"перепись 1989 (12.I.1989), наличное население; деление 1989 г.; городское 196878, сельское 0"
UA,UA-KIO-g_brovary,г. Бровары,city,1989,82042,census_present,Demoscope:sng89_reg1,"перепись 1989 (12.I.1989), наличное население; деление 1989 г.; городское 82042, сельское 0"
UA,UA-KIO-g_fastov,г. Фастов,city,1989,53861,census_present,Demoscope:sng89_reg1,"перепись 1989 (12.I.1989), наличное население; деление 1989 г.; городское 53861, сельское 0"
UA,UA-KIO-g_pereyaslav_hmelnickij,г. Переяслав-Хмельницкий,city,1989,29483,census_present,Demoscope:sng89_reg1,"перепись 1989 (12.I.1989), наличное население; деление 1989 г.; ныне Переяслав; городское 29483, сельское 0"
UA,UA-KIO-g_slavutich,г. Славутич,city,1989,11364,census_present,Demoscope:sng89_reg1,"перепись 1989 (12.I.1989), наличное население; деление 1989 г.; городское 11364, сельское 0"
UA,UA-KIO-g_vasilkov,г. Васильков,city,1989,40277,census_present,Demoscope:sng89_reg1,"перепись 1989 (12.I.1989), наличное население; деление 1989 г.; городское 40277, сельское 0"
UA,UA-KIO-irpenskij_gs,Ирпенский горсовет,gorsovet,1989,94704,census_present,Demoscope:sng89_reg1,"перепись 1989 (12.I.1989), наличное население; деление 1989 г.; городское 94704, сельское 0"
UA,UA-KIO-ivankivskij_old,"Іванківський район (старый, до 17.07.2020)",raion_old,1989,43200,census_present,Ukrcensus2001:estimated,"перепись 1989, наличное население, в границах 2001 г. (сайт переписи 2001: тыс. с 1 знаком ×1000, точность ±50); Демоскоп (границы 1989): UA-KIO-ivankovskij_r = 43231; граничит с зоной отчуждения ЧАЭС; единица касается границы с Беларусью (border_units_*.csv / strip_units.csv, min_dist ≤ 1,5 км)"
UA,UA-KIO-ivankivskij_old,"Іванківський район (старый, до 17.07.2020)",raion_old,2001,35400,census_present,Ukrcensus2001:estimated,"перепись 2001 (5.XII.2001), наличное население; тыс. с 1 знаком ×1000; граничит с зоной отчуждения ЧАЭС; единица касается границы с Беларусью (border_units_*.csv / strip_units.csv, min_dist ≤ 1,5 км)"
UA,UA-KIO-ivankivskij_old,"Іванківський район (старый, до 17.07.2020)",raion_old,2009,31935,estimate,Ukrstat:chnas_2011,"оценка Госстата: наличное население на 1.01.2009 (сб. «Чисельність наявного населення України на 1 січня 2011»); граничит с зоной отчуждения ЧАЭС; единица касается границы с Беларусью (border_units_*.csv / strip_units.csv, min_dist ≤ 1,5 км)"
UA,UA-KIO-ivankivskij_old,"Іванківський район (старый, до 17.07.2020)",raion_old,2020,29174,estimate,Ukrstat:zb_chuselnist_2020,"оценка Госстата: наличное население на 1.01.2020; последний год для старых районов (укрупнены 17.07.2020); после 2022 публикации Госстата прекращены — данных нет; граничит с зоной отчуждения ЧАЭС; единица касается границы с Беларусью (border_units_*.csv / strip_units.csv, min_dist ≤ 1,5 км)"
UA,UA-KIO-ivankovskij_r,Иванковский район,raion,1989,43231,census_present,Demoscope:sng89_reg1,"перепись 1989 (12.I.1989), наличное население; деление 1989 г.; городское 10295, сельское 32936"
UA,UA-KIO-kagarlykskij_r,Кагарлыкский район,raion,1989,53054,census_present,Demoscope:sng89_reg1,"перепись 1989 (12.I.1989), наличное население; деление 1989 г.; городское 23900, сельское 29154"
UA,UA-KIO-kievo_svyatoshinskij_r,Киево-Святошинский район,raion,1989,156130,census_present,Demoscope:sng89_reg1,"перепись 1989 (12.I.1989), наличное население; деление 1989 г.; городское 72727, сельское 83403"
UA,UA-KIO-makarovskij_r,Макаровский район,raion,1989,55643,census_present,Demoscope:sng89_reg1,"перепись 1989 (12.I.1989), наличное население; деление 1989 г.; городское 14063, сельское 41580"
UA,UA-KIO-mironovskij_r,Мироновский район,raion,1989,48236,census_present,Demoscope:sng89_reg1,"перепись 1989 (12.I.1989), наличное население; деление 1989 г.; городское 15973, сельское 32263"
UA,UA-KIO-obuhovskij_r,Обуховский район,raion,1989,74636,census_present,Demoscope:sng89_reg1,"перепись 1989 (12.I.1989), наличное население; деление 1989 г.; городское 50032, сельское 24604"
UA,UA-KIO-pereyaslav_hmelnickij_r,Переяслав-Хмельницкий район (сельское население),raion,1989,39170,census_present,Demoscope:sng89_reg1,"перепись 1989 (12.I.1989), наличное население; деление 1989 г.; ныне Переяслав; ЛОВУШКА: только сельское население района; райцентр «г. Переяслав-Хмельницкий» — отдельная строка (UA-KIO-g_pereyaslav_hmelnickij); для территории района сложить; городское 0, сельское 39170"
UA,UA-KIO-polesskij_r,Полесский район,raion,1989,30493,census_present,Demoscope:sng89_reg1,"перепись 1989 (12.I.1989), наличное население; деление 1989 г.; городское 13779, сельское 16714"
UA,UA-KIO-poliskij_old,"Поліський район (старый, до 17.07.2020)",raion_old,1989,30500,census_present,Ukrcensus2001:estimated,"перепись 1989, наличное население, в границах 2001 г. (сайт переписи 2001: тыс. с 1 знаком ×1000, точность ±50); Демоскоп (границы 1989): UA-KIO-polesskij_r = 30493; резкое падение 1989→2001: отселение из зоны отчуждения ЧАЭС; единица касается границы с Беларусью (border_units_*.csv / strip_units.csv, min_dist ≤ 1,5 км)"
UA,UA-KIO-poliskij_old,"Поліський район (старый, до 17.07.2020)",raion_old,2001,7500,census_present,Ukrcensus2001:estimated,"перепись 2001 (5.XII.2001), наличное население; тыс. с 1 знаком ×1000; резкое падение 1989→2001: отселение из зоны отчуждения ЧАЭС; единица касается границы с Беларусью (border_units_*.csv / strip_units.csv, min_dist ≤ 1,5 км)"
UA,UA-KIO-poliskij_old,"Поліський район (старый, до 17.07.2020)",raion_old,2009,6346,estimate,Ukrstat:chnas_2011,"оценка Госстата: наличное население на 1.01.2009 (сб. «Чисельність наявного населення України на 1 січня 2011»); резкое падение 1989→2001: отселение из зоны отчуждения ЧАЭС; единица касается границы с Беларусью (border_units_*.csv / strip_units.csv, min_dist ≤ 1,5 км)"
UA,UA-KIO-poliskij_old,"Поліський район (старый, до 17.07.2020)",raion_old,2020,5456,estimate,Ukrstat:zb_chuselnist_2020,"оценка Госстата: наличное население на 1.01.2020; последний год для старых районов (укрупнены 17.07.2020); после 2022 публикации Госстата прекращены — данных нет; резкое падение 1989→2001: отселение из зоны отчуждения ЧАЭС; единица касается границы с Беларусью (border_units_*.csv / strip_units.csv, min_dist ≤ 1,5 км)"
UA,UA-KIO-rakitnyanskij_r,Ракитнянский район,raion,1989,39780,census_present,Demoscope:sng89_reg1,"перепись 1989 (12.I.1989), наличное население; деление 1989 г.; городское 14552, сельское 25228"
UA,UA-KIO-skvirskij_r,Сквирский район,raion,1989,50045,census_present,Demoscope:sng89_reg1,"перепись 1989 (12.I.1989), наличное население; деление 1989 г.; городское 19273, сельское 30772"
UA,UA-KIO-stavishchenskij_r,Ставищенский район,raion,1989,31606,census_present,Demoscope:sng89_reg1,"перепись 1989 (12.I.1989), наличное население; деление 1989 г.; городское 8067, сельское 23539"
UA,UA-KIO-tarashchanskij_r,Таращанский район,raion,1989,41868,census_present,Demoscope:sng89_reg1,"перепись 1989 (12.I.1989), наличное население; деление 1989 г.; городское 14340, сельское 27528"
UA,UA-KIO-tetievskij_r,Тетиевский район,raion,1989,39026,census_present,Demoscope:sng89_reg1,"перепись 1989 (12.I.1989), наличное население; деление 1989 г.; городское 14605, сельское 24421"
UA,UA-KIO-vasilkovskij_r,Васильковский район,raion,1989,79280,census_present,Demoscope:sng89_reg1,"перепись 1989 (12.I.1989), наличное население; деление 1989 г.; райцентр «г. Васильков» учтён отдельной строкой (UA-KIO-g_vasilkov), в район не входит; городское 26902, сельское 52378"
UA,UA-KIO-volodarskij_r,Володарский район,raion,1989,25123,census_present,Demoscope:sng89_reg1,"перепись 1989 (12.I.1989), наличное население; деление 1989 г.; городское 7522, сельское 17601"
UA,UA-KIO-vyshgorodskij_r,Вышгородский район,raion,1989,77696,census_present,Demoscope:sng89_reg1,"перепись 1989 (12.I.1989), наличное население; деление 1989 г.; городское 27152, сельское 50544"
UA,UA-KIO-yagotinskij_r,Яготинский район,raion,1989,44605,census_present,Demoscope:sng89_reg1,"перепись 1989 (12.I.1989), наличное население; деление 1989 г.; городское 25278, сельское 19327"
UA,UA-KIO-zgurovskij_r,Згуровский район,raion,1989,26774,census_present,Demoscope:sng89_reg1,"перепись 1989 (12.I.1989), наличное население; деление 1989 г.; городское 6942, сельское 19832"
UA,UA-RIV-bereznovskij_r,Березновский район,raion,1989,61910,census_present,Demoscope:sng89_reg1,"перепись 1989 (12.I.1989), наличное население; деление 1989 г.; городское 16778, сельское 45132"
UA,UA-RIV-chervonoarmejskij_r,Червоноармейский район,raion,1989,41122,census_present,Demoscope:sng89_reg1,"перепись 1989 (12.I.1989), наличное население; деление 1989 г.; переименован; городское 10353, сельское 30769"
UA,UA-RIV-dubnovskij_r,Дубновский район,raion,1989,52211,census_present,Demoscope:sng89_reg1,"перепись 1989 (12.I.1989), наличное население; деление 1989 г.; райцентр «г. Дубно» учтён отдельной строкой (UA-RIV-g_dubno), в район не входит; городское 2954, сельское 49257"
UA,UA-RIV-dubrovickij_old,"Дубровицький район (старый, до 17.07.2020)",raion_old,1989,56200,census_present,Ukrcensus2001:estimated,"перепись 1989, наличное население, в границах 2001 г. (сайт переписи 2001: тыс. с 1 знаком ×1000, точность ±50); Демоскоп (границы 1989): UA-RIV-dubrovickij_r = 56178; единица касается границы с Беларусью (border_units_*.csv / strip_units.csv, min_dist ≤ 1,5 км)"
UA,UA-RIV-dubrovickij_old,"Дубровицький район (старый, до 17.07.2020)",raion_old,2001,50900,census_present,Ukrcensus2001:estimated,"перепись 2001 (5.XII.2001), наличное население; тыс. с 1 знаком ×1000; единица касается границы с Беларусью (border_units_*.csv / strip_units.csv, min_dist ≤ 1,5 км)"
UA,UA-RIV-dubrovickij_old,"Дубровицький район (старый, до 17.07.2020)",raion_old,2009,48585,estimate,Ukrstat:chnas_2011,"оценка Госстата: наличное население на 1.01.2009 (сб. «Чисельність наявного населення України на 1 січня 2011»); единица касается границы с Беларусью (border_units_*.csv / strip_units.csv, min_dist ≤ 1,5 км)"
UA,UA-RIV-dubrovickij_old,"Дубровицький район (старый, до 17.07.2020)",raion_old,2020,46727,estimate,Ukrstat:zb_chuselnist_2020,"оценка Госстата: наличное население на 1.01.2020; последний год для старых районов (укрупнены 17.07.2020); после 2022 публикации Госстата прекращены — данных нет; единица касается границы с Беларусью (border_units_*.csv / strip_units.csv, min_dist ≤ 1,5 км)"
UA,UA-RIV-dubrovickij_r,Дубровицкий район,raion,1989,56178,census_present,Demoscope:sng89_reg1,"перепись 1989 (12.I.1989), наличное население; деление 1989 г.; городское 10856, сельское 45322"
UA,UA-RIV-g_dubno,г. Дубно,city,1989,40806,census_present,Demoscope:sng89_reg1,"перепись 1989 (12.I.1989), наличное население; деление 1989 г.; городское 40806, сельское 0"
UA,UA-RIV-g_kuznecovsk,г. Кузнецовск,city,1989,29858,census_present,Demoscope:sng89_reg1,"перепись 1989 (12.I.1989), наличное население; деление 1989 г.; ныне Вараш; городское 29858, сельское 0"
UA,UA-RIV-g_rovno,г. Ровно,city,1989,227925,census_present,Demoscope:sng89_reg1,"перепись 1989 (12.I.1989), наличное население; деление 1989 г.; городское 227925, сельское 0"
UA,UA-RIV-goshchanskij_r,Гощанский район,raion,1989,43295,census_present,Demoscope:sng89_reg1,"перепись 1989 (12.I.1989), наличное население; деление 1989 г.; городское 5450, сельское 37845"
UA,UA-RIV-koreckij_r,Корецкий район,raion,1989,43451,census_present,Demoscope:sng89_reg1,"перепись 1989 (12.I.1989), наличное население; деление 1989 г.; городское 9437, сельское 34014"
UA,UA-RIV-kostopolskij_r,Костопольский район,raion,1989,68443,census_present,Demoscope:sng89_reg1,"перепись 1989 (12.I.1989), наличное население; деление 1989 г.; городское 31610, сельское 36833"
UA,UA-RIV-mlinovskij_r,Млиновский район,raion,1989,59304,census_present,Demoscope:sng89_reg1,"перепись 1989 (12.I.1989), наличное население; деление 1989 г.; городское 11408, сельское 47896"
UA,UA-RIV-ostrozhskij_r,Острожский район,raion,1989,46308,census_present,Demoscope:sng89_reg1,"перепись 1989 (12.I.1989), наличное население; деление 1989 г.; городское 12984, сельское 33324"
UA,UA-RIV-rokitnivskij_old,"Рокитнівський район (старый, до 17.07.2020)",raion_old,1989,49700,census_present,Ukrcensus2001:estimated,"перепись 1989, наличное население, в границах 2001 г. (сайт переписи 2001: тыс. с 1 знаком ×1000, точность ±50); Демоскоп (границы 1989): UA-RIV-rokitnovskij_r = 49725; единица касается границы с Беларусью (border_units_*.csv / strip_units.csv, min_dist ≤ 1,5 км)"
UA,UA-RIV-rokitnivskij_old,"Рокитнівський район (старый, до 17.07.2020)",raion_old,2001,51900,census_present,Ukrcensus2001:estimated,"перепись 2001 (5.XII.2001), наличное население; тыс. с 1 знаком ×1000; единица касается границы с Беларусью (border_units_*.csv / strip_units.csv, min_dist ≤ 1,5 км)"
UA,UA-RIV-rokitnivskij_old,"Рокитнівський район (старый, до 17.07.2020)",raion_old,2009,52769,estimate,Ukrstat:chnas_2011,"оценка Госстата: наличное население на 1.01.2009 (сб. «Чисельність наявного населення України на 1 січня 2011»); единица касается границы с Беларусью (border_units_*.csv / strip_units.csv, min_dist ≤ 1,5 км)"
UA,UA-RIV-rokitnivskij_old,"Рокитнівський район (старый, до 17.07.2020)",raion_old,2020,58223,estimate,Ukrstat:zb_chuselnist_2020,"оценка Госстата: наличное население на 1.01.2020; последний год для старых районов (укрупнены 17.07.2020); после 2022 публикации Госстата прекращены — данных нет; единица касается границы с Беларусью (border_units_*.csv / strip_units.csv, min_dist ≤ 1,5 км)"
UA,UA-RIV-rokitnovskij_r,Рокитновский район,raion,1989,49725,census_present,Demoscope:sng89_reg1,"перепись 1989 (12.I.1989), наличное население; деление 1989 г.; городское 9882, сельское 39843"
UA,UA-RIV-rovenskij_r,Ровенский район,raion,1989,86726,census_present,Demoscope:sng89_reg1,"перепись 1989 (12.I.1989), наличное население; деление 1989 г.; райцентр «г. Ровно» учтён отдельной строкой (UA-RIV-g_rovno), в район не входит; городское 20434, сельское 66292"
UA,UA-RIV-sarnenskij_r,Сарненский район,raion,1989,96842,census_present,Demoscope:sng89_reg1,"перепись 1989 (12.I.1989), наличное население; деление 1989 г.; городское 38912, сельское 57930"
UA,UA-RIV-vladimireckij_r,Владимирецкий район,raion,1989,63155,census_present,Demoscope:sng89_reg1,"перепись 1989 (12.I.1989), наличное население; деление 1989 г.; городское 12133, сельское 51022"
UA,UA-RIV-zarechnenskij_r,Заречненский район,raion,1989,37081,census_present,Demoscope:sng89_reg1,"перепись 1989 (12.I.1989), наличное население; деление 1989 г.; городское 6443, сельское 30638"
UA,UA-RIV-zarichnenskij_old,"Зарічненський район (старый, до 17.07.2020)",raion_old,1989,37100,census_present,Ukrcensus2001:estimated,"перепись 1989, наличное население, в границах 2001 г. (сайт переписи 2001: тыс. с 1 знаком ×1000, точность ±50); Демоскоп (границы 1989): UA-RIV-zarechnenskij_r = 37081; единица касается границы с Беларусью (border_units_*.csv / strip_units.csv, min_dist ≤ 1,5 км)"
UA,UA-RIV-zarichnenskij_old,"Зарічненський район (старый, до 17.07.2020)",raion_old,2001,36100,census_present,Ukrcensus2001:estimated,"перепись 2001 (5.XII.2001), наличное население; тыс. с 1 знаком ×1000; единица касается границы с Беларусью (border_units_*.csv / strip_units.csv, min_dist ≤ 1,5 км)"
UA,UA-RIV-zarichnenskij_old,"Зарічненський район (старый, до 17.07.2020)",raion_old,2009,35104,estimate,Ukrstat:chnas_2011,"оценка Госстата: наличное население на 1.01.2009 (сб. «Чисельність наявного населення України на 1 січня 2011»); единица касается границы с Беларусью (border_units_*.csv / strip_units.csv, min_dist ≤ 1,5 км)"
UA,UA-RIV-zarichnenskij_old,"Зарічненський район (старый, до 17.07.2020)",raion_old,2020,34722,estimate,Ukrstat:zb_chuselnist_2020,"оценка Госстата: наличное население на 1.01.2020; последний год для старых районов (укрупнены 17.07.2020); после 2022 публикации Госстата прекращены — данных нет; единица касается границы с Беларусью (border_units_*.csv / strip_units.csv, min_dist ≤ 1,5 км)"
UA,UA-RIV-zdolbunovskij_r,Здолбуновский район,raion,1989,65347,census_present,Demoscope:sng89_reg1,"перепись 1989 (12.I.1989), наличное население; деление 1989 г.; городское 31818, сельское 33529"
UA,UA-VOL-g_kovel,г. Ковель,city,1989,67005,census_present,Demoscope:sng89_reg1,"перепись 1989 (12.I.1989), наличное население; деление 1989 г.; городское 67005, сельское 0"
UA,UA-VOL-g_luck,г. Луцк,city,1989,197724,census_present,Demoscope:sng89_reg1,"перепись 1989 (12.I.1989), наличное население; деление 1989 г.; городское 197724, сельское 0"
UA,UA-VOL-g_vladimir_volynskij,г. Владимир-Волынский,city,1989,38263,census_present,Demoscope:sng89_reg1,"перепись 1989 (12.I.1989), наличное население; деление 1989 г.; ныне Владимир; городское 38263, сельское 0"
UA,UA-VOL-gorohovskij_r,Гороховский район,raion,1989,60193,census_present,Demoscope:sng89_reg1,"перепись 1989 (12.I.1989), наличное население; деление 1989 г.; городское 15905, сельское 44288"
UA,UA-VOL-ivanichevskij_r,Иваничевский район,raion,1989,36404,census_present,Demoscope:sng89_reg1,"перепись 1989 (12.I.1989), наличное население; деление 1989 г.; городское 7031, сельское 29373"
UA,UA-VOL-kamen_kashirskij_r,Камень-Каширский район,raion,1989,60185,census_present,Demoscope:sng89_reg1,"перепись 1989 (12.I.1989), наличное население; деление 1989 г.; городское 9839, сельское 50346"
UA,UA-VOL-kivercovskij_r,Киверцовский район,raion,1989,67234,census_present,Demoscope:sng89_reg1,"перепись 1989 (12.I.1989), наличное население; деление 1989 г.; городское 25663, сельское 41571"
UA,UA-VOL-kovelskij_r,Ковельский район,raion,1989,43976,census_present,Demoscope:sng89_reg1,"перепись 1989 (12.I.1989), наличное население; деление 1989 г.; райцентр «г. Ковель» учтён отдельной строкой (UA-VOL-g_kovel), в район не входит; городское 7669, сельское 36307"
UA,UA-VOL-lokachinskij_r,Локачинский район,raion,1989,26201,census_present,Demoscope:sng89_reg1,"перепись 1989 (12.I.1989), наличное население; деление 1989 г.; городское 4118, сельское 22083"
UA,UA-VOL-luckij_r,Луцкий район,raion,1989,53174,census_present,Demoscope:sng89_reg1,"перепись 1989 (12.I.1989), наличное население; деление 1989 г.; райцентр «г. Луцк» учтён отдельной строкой (UA-VOL-g_luck), в район не входит; городское 4614, сельское 48560"
UA,UA-VOL-lyubeshivskij_old,"Любешівський район (старый, до 17.07.2020)",raion_old,1989,37000,census_present,Ukrcensus2001:estimated,"перепись 1989, наличное население, в границах 2001 г. (сайт переписи 2001: тыс. с 1 знаком ×1000, точность ±50); Демоскоп (границы 1989): UA-VOL-lyubeshovskij_r = 36995; единица касается границы с Беларусью (border_units_*.csv / strip_units.csv, min_dist ≤ 1,5 км)"
UA,UA-VOL-lyubeshivskij_old,"Любешівський район (старый, до 17.07.2020)",raion_old,2001,36800,census_present,Ukrcensus2001:estimated,"перепись 2001 (5.XII.2001), наличное население; тыс. с 1 знаком ×1000; единица касается границы с Беларусью (border_units_*.csv / strip_units.csv, min_dist ≤ 1,5 км)"
UA,UA-VOL-lyubeshivskij_old,"Любешівський район (старый, до 17.07.2020)",raion_old,2009,35659,estimate,Ukrstat:chnas_2011,"оценка Госстата: наличное население на 1.01.2009 (сб. «Чисельність наявного населення України на 1 січня 2011»); единица касается границы с Беларусью (border_units_*.csv / strip_units.csv, min_dist ≤ 1,5 км)"
UA,UA-VOL-lyubeshivskij_old,"Любешівський район (старый, до 17.07.2020)",raion_old,2020,35134,estimate,Ukrstat:zb_chuselnist_2020,"оценка Госстата: наличное население на 1.01.2020; последний год для старых районов (укрупнены 17.07.2020); после 2022 публикации Госстата прекращены — данных нет; единица касается границы с Беларусью (border_units_*.csv / strip_units.csv, min_dist ≤ 1,5 км)"
UA,UA-VOL-lyubeshovskij_r,Любешовский район,raion,1989,36995,census_present,Demoscope:sng89_reg1,"перепись 1989 (12.I.1989), наличное население; деление 1989 г.; городское 4973, сельское 32022"
UA,UA-VOL-lyubomlskij_r,Любомльский район,raion,1989,63695,census_present,Demoscope:sng89_reg1,"перепись 1989 (12.I.1989), наличное население; деление 1989 г.; городское 19348, сельское 44347"
UA,UA-VOL-manevichskij_r,Маневичский район,raion,1989,57975,census_present,Demoscope:sng89_reg1,"перепись 1989 (12.I.1989), наличное население; деление 1989 г.; городское 12881, сельское 45094"
UA,UA-VOL-novovolynskij_gs,Нововолынский горсовет,gorsovet,1989,60556,census_present,Demoscope:sng89_reg1,"перепись 1989 (12.I.1989), наличное население; деление 1989 г.; городское 60556, сельское 0"
UA,UA-VOL-ratnivskij_old,"Ратнівський район (старый, до 17.07.2020)",raion_old,1989,52100,census_present,Ukrcensus2001:estimated,"перепись 1989, наличное население, в границах 2001 г. (сайт переписи 2001: тыс. с 1 знаком ×1000, точность ±50); Демоскоп (границы 1989): UA-VOL-ratnovskij_r = 52087; единица касается границы с Беларусью (border_units_*.csv / strip_units.csv, min_dist ≤ 1,5 км)"
UA,UA-VOL-ratnivskij_old,"Ратнівський район (старый, до 17.07.2020)",raion_old,2001,52600,census_present,Ukrcensus2001:estimated,"перепись 2001 (5.XII.2001), наличное население; тыс. с 1 знаком ×1000; единица касается границы с Беларусью (border_units_*.csv / strip_units.csv, min_dist ≤ 1,5 км)"
UA,UA-VOL-ratnivskij_old,"Ратнівський район (старый, до 17.07.2020)",raion_old,2009,51624,estimate,Ukrstat:chnas_2011,"оценка Госстата: наличное население на 1.01.2009 (сб. «Чисельність наявного населення України на 1 січня 2011»); единица касается границы с Беларусью (border_units_*.csv / strip_units.csv, min_dist ≤ 1,5 км)"
UA,UA-VOL-ratnivskij_old,"Ратнівський район (старый, до 17.07.2020)",raion_old,2020,51817,estimate,Ukrstat:zb_chuselnist_2020,"оценка Госстата: наличное население на 1.01.2020; последний год для старых районов (укрупнены 17.07.2020); после 2022 публикации Госстата прекращены — данных нет; единица касается границы с Беларусью (border_units_*.csv / strip_units.csv, min_dist ≤ 1,5 км)"
UA,UA-VOL-ratnovskij_r,Ратновский район,raion,1989,52087,census_present,Demoscope:sng89_reg1,"перепись 1989 (12.I.1989), наличное население; деление 1989 г.; городское 11787, сельское 40300"
UA,UA-VOL-rozhishchenskij_r,Рожищенский район,raion,1989,43438,census_present,Demoscope:sng89_reg1,"перепись 1989 (12.I.1989), наличное население; деление 1989 г.; городское 14391, сельское 29047"
UA,UA-VOL-shackij_old,"Шацький район (старый, до 17.07.2020)",raion_old,1989,18900,census_present,Ukrcensus2001:estimated,"перепись 1989, наличное население, в границах 2001 г. (сайт переписи 2001: тыс. с 1 знаком ×1000, точность ±50); район образован в 1993 г. из части Любомльского; в 1989 г. территория — в составе UA-VOL-lyubomlskij_r (Демоскоп); значение 1989 — пересчёт в границы 2001 по данным сайта переписи 2001; единица касается границы с Беларусью (border_units_*.csv / strip_units.csv, min_dist ≤ 1,5 км)"
UA,UA-VOL-shackij_old,"Шацький район (старый, до 17.07.2020)",raion_old,2001,18200,census_present,Ukrcensus2001:estimated,"перепись 2001 (5.XII.2001), наличное население; тыс. с 1 знаком ×1000; район образован в 1993 г. из части Любомльского; в 1989 г. территория — в составе UA-VOL-lyubomlskij_r (Демоскоп); значение 1989 — пересчёт в границы 2001 по данным сайта переписи 2001; единица касается границы с Беларусью (border_units_*.csv / strip_units.csv, min_dist ≤ 1,5 км)"
UA,UA-VOL-shackij_old,"Шацький район (старый, до 17.07.2020)",raion_old,2009,17295,estimate,Ukrstat:chnas_2011,"оценка Госстата: наличное население на 1.01.2009 (сб. «Чисельність наявного населення України на 1 січня 2011»); район образован в 1993 г. из части Любомльского; в 1989 г. территория — в составе UA-VOL-lyubomlskij_r (Демоскоп); значение 1989 — пересчёт в границы 2001 по данным сайта переписи 2001; единица касается границы с Беларусью (border_units_*.csv / strip_units.csv, min_dist ≤ 1,5 км)"
UA,UA-VOL-shackij_old,"Шацький район (старый, до 17.07.2020)",raion_old,2020,16585,estimate,Ukrstat:zb_chuselnist_2020,"оценка Госстата: наличное население на 1.01.2020; последний год для старых районов (укрупнены 17.07.2020); после 2022 публикации Госстата прекращены — данных нет; район образован в 1993 г. из части Любомльского; в 1989 г. территория — в составе UA-VOL-lyubomlskij_r (Демоскоп); значение 1989 — пересчёт в границы 2001 по данным сайта переписи 2001; единица касается границы с Беларусью (border_units_*.csv / strip_units.csv, min_dist ≤ 1,5 км)"
UA,UA-VOL-starovyzhevskij_r,Старовыжевский район,raion,1989,35773,census_present,Demoscope:sng89_reg1,"перепись 1989 (12.I.1989), наличное население; деление 1989 г.; городское 4568, сельское 31205"
UA,UA-VOL-turijskij_r,Турийский район,raion,1989,31403,census_present,Demoscope:sng89_reg1,"перепись 1989 (12.I.1989), наличное население; деление 1989 г.; городское 9435, сельское 21968"
UA,UA-VOL-vladimir_volynskij_r,Владимир-Волынский район,raion,1989,28900,census_present,Demoscope:sng89_reg1,"перепись 1989 (12.I.1989), наличное население; деление 1989 г.; ныне Владимир; райцентр «г. Владимир-Волынский» учтён отдельной строкой (UA-VOL-g_vladimir_volynskij), в район не входит; городское 2404, сельское 26496"
UA,UA-ZHY-andrushevskij_r,Андрушевский район,raion,1989,43077,census_present,Demoscope:sng89_reg1,"перепись 1989 (12.I.1989), наличное население; деление 1989 г.; городское 16221, сельское 26856"
UA,UA-ZHY-baranovskij_r,Барановский район,raion,1989,49676,census_present,Demoscope:sng89_reg1,"перепись 1989 (12.I.1989), наличное население; деление 1989 г.; городское 28380, сельское 21296"
UA,UA-ZHY-berdichevskij_r,Бердичевский район,raion,1989,38680,census_present,Demoscope:sng89_reg1,"перепись 1989 (12.I.1989), наличное население; деление 1989 г.; райцентр «г. Бердичев» учтён отдельной строкой (UA-ZHY-g_berdichev), в район не входит; городское 4578, сельское 34102"
UA,UA-ZHY-chernyahovskij_r,Черняховский район,raion,1989,37724,census_present,Demoscope:sng89_reg1,"перепись 1989 (12.I.1989), наличное население; деление 1989 г.; городское 12651, сельское 25073"
UA,UA-ZHY-chervonoarmejskij_r,Червоноармейский район,raion,1989,28189,census_present,Demoscope:sng89_reg1,"перепись 1989 (12.I.1989), наличное население; деление 1989 г.; переименован; городское 5396, сельское 22793"
UA,UA-ZHY-chudnovskij_r,Чудновский район,raion,1989,48988,census_present,Demoscope:sng89_reg1,"перепись 1989 (12.I.1989), наличное население; деление 1989 г.; городское 17300, сельское 31688"
UA,UA-ZHY-dzerzhinskij_r,Дзержинский район,raion,1989,35672,census_present,Demoscope:sng89_reg1,"перепись 1989 (12.I.1989), наличное население; деление 1989 г.; городское 15957, сельское 19715"
UA,UA-ZHY-emilchinskij_r,Емильчинский район,raion,1989,50097,census_present,Demoscope:sng89_reg1,"перепись 1989 (12.I.1989), наличное население; деление 1989 г.; городское 9836, сельское 40261"
UA,UA-ZHY-g_berdichev,г. Бердичев,city,1989,91629,census_present,Demoscope:sng89_reg1,"перепись 1989 (12.I.1989), наличное население; деление 1989 г.; городское 91629, сельское 0"
UA,UA-ZHY-g_korosten,г. Коростень,city,1989,72367,census_present,Demoscope:sng89_reg1,"перепись 1989 (12.I.1989), наличное население; деление 1989 г.; городское 72367, сельское 0"
UA,UA-ZHY-g_novograd_volynskij,г. Новоград-Волынский,city,1989,55238,census_present,Demoscope:sng89_reg1,"перепись 1989 (12.I.1989), наличное население; деление 1989 г.; ныне Звягель; городское 55238, сельское 0"
UA,UA-ZHY-g_zhitomir,г. Житомир,city,1989,292097,census_present,Demoscope:sng89_reg1,"перепись 1989 (12.I.1989), наличное население; деление 1989 г.; городское 292097, сельское 0"
UA,UA-ZHY-korostenskij_r,Коростенский район (сельское население),raion,1989,51039,census_present,Demoscope:sng89_reg1,"перепись 1989 (12.I.1989), наличное население; деление 1989 г.; ЛОВУШКА: только сельское население района; райцентр «г. Коростень» — отдельная строка (UA-ZHY-g_korosten); для территории района сложить; городское 0, сельское 51039"
UA,UA-ZHY-korostyshevskij_r,Коростышевский район,raion,1989,62693,census_present,Demoscope:sng89_reg1,"перепись 1989 (12.I.1989), наличное население; деление 1989 г.; городское 31303, сельское 31390"
UA,UA-ZHY-luginskij_r,Лугинский район,raion,1989,27396,census_present,Demoscope:sng89_reg1,"перепись 1989 (12.I.1989), наличное население; деление 1989 г.; городское 6378, сельское 21018"
UA,UA-ZHY-lyubarskij_r,Любарский район,raion,1989,33924,census_present,Demoscope:sng89_reg1,"перепись 1989 (12.I.1989), наличное население; деление 1989 г.; городское 2656, сельское 31268"
UA,UA-ZHY-malinskij_r,Малинский район,raion,1989,59294,census_present,Demoscope:sng89_reg1,"перепись 1989 (12.I.1989), наличное население; деление 1989 г.; городское 34108, сельское 25186"
UA,UA-ZHY-narodichskij_r,Народичский район,raion,1989,26242,census_present,Demoscope:sng89_reg1,"перепись 1989 (12.I.1989), наличное население; деление 1989 г.; городское 6406, сельское 19836"
UA,UA-ZHY-narodickij_old,"Народицький район (старый, до 17.07.2020)",raion_old,1989,24300,census_present,Ukrcensus2001:estimated,"перепись 1989, наличное население, в границах 2001 г. (сайт переписи 2001: тыс. с 1 знаком ×1000, точность ±50); Демоскоп (границы 1989): UA-ZHY-narodichskij_r = 26242; часть территории — зона отселения ЧАЭС; 1989 в границах 2001 (24,3 тыс.) ≠ Демоскоп 26 242 (границы 1989); единица касается границы с Беларусью (border_units_*.csv / strip_units.csv, min_dist ≤ 1,5 км)"
UA,UA-ZHY-narodickij_old,"Народицький район (старый, до 17.07.2020)",raion_old,2001,11400,census_present,Ukrcensus2001:estimated,"перепись 2001 (5.XII.2001), наличное население; тыс. с 1 знаком ×1000; часть территории — зона отселения ЧАЭС; 1989 в границах 2001 (24,3 тыс.) ≠ Демоскоп 26 242 (границы 1989); единица касается границы с Беларусью (border_units_*.csv / strip_units.csv, min_dist ≤ 1,5 км)"
UA,UA-ZHY-narodickij_old,"Народицький район (старый, до 17.07.2020)",raion_old,2009,9572,estimate,Ukrstat:chnas_2011,"оценка Госстата: наличное население на 1.01.2009 (сб. «Чисельність наявного населення України на 1 січня 2011»); часть территории — зона отселения ЧАЭС; 1989 в границах 2001 (24,3 тыс.) ≠ Демоскоп 26 242 (границы 1989); единица касается границы с Беларусью (border_units_*.csv / strip_units.csv, min_dist ≤ 1,5 км)"
UA,UA-ZHY-narodickij_old,"Народицький район (старый, до 17.07.2020)",raion_old,2020,9458,estimate,Ukrstat:zb_chuselnist_2020,"оценка Госстата: наличное население на 1.01.2020; последний год для старых районов (укрупнены 17.07.2020); после 2022 публикации Госстата прекращены — данных нет; часть территории — зона отселения ЧАЭС; 1989 в границах 2001 (24,3 тыс.) ≠ Демоскоп 26 242 (границы 1989); единица касается границы с Беларусью (border_units_*.csv / strip_units.csv, min_dist ≤ 1,5 км)"
UA,UA-ZHY-novograd_volynskij_r,Новоград-Волынский район,raion,1989,57629,census_present,Demoscope:sng89_reg1,"перепись 1989 (12.I.1989), наличное население; деление 1989 г.; ныне Звягель; райцентр «г. Новоград-Волынский» учтён отдельной строкой (UA-ZHY-g_novograd_volynskij), в район не входит; городское 6954, сельское 50675"
UA,UA-ZHY-olevskij_old,"Олевський район (старый, до 17.07.2020)",raion_old,1989,57400,census_present,Ukrcensus2001:estimated,"перепись 1989, наличное население, в границах 2001 г. (сайт переписи 2001: тыс. с 1 знаком ×1000, точность ±50); Демоскоп (границы 1989): UA-ZHY-olevskij_r = 57376; единица касается границы с Беларусью (border_units_*.csv / strip_units.csv, min_dist ≤ 1,5 км)"
UA,UA-ZHY-olevskij_old,"Олевський район (старый, до 17.07.2020)",raion_old,2001,46900,census_present,Ukrcensus2001:estimated,"перепись 2001 (5.XII.2001), наличное население; тыс. с 1 знаком ×1000; единица касается границы с Беларусью (border_units_*.csv / strip_units.csv, min_dist ≤ 1,5 км)"
UA,UA-ZHY-olevskij_old,"Олевський район (старый, до 17.07.2020)",raion_old,2009,42511,estimate,Ukrstat:chnas_2011,"оценка Госстата: наличное население на 1.01.2009 (сб. «Чисельність наявного населення України на 1 січня 2011»); единица касается границы с Беларусью (border_units_*.csv / strip_units.csv, min_dist ≤ 1,5 км)"
UA,UA-ZHY-olevskij_old,"Олевський район (старый, до 17.07.2020)",raion_old,2020,40721,estimate,Ukrstat:zb_chuselnist_2020,"оценка Госстата: наличное население на 1.01.2020; последний год для старых районов (укрупнены 17.07.2020); после 2022 публикации Госстата прекращены — данных нет; единица касается границы с Беларусью (border_units_*.csv / strip_units.csv, min_dist ≤ 1,5 км)"
UA,UA-ZHY-olevskij_r,Олевский район,raion,1989,57376,census_present,Demoscope:sng89_reg1,"перепись 1989 (12.I.1989), наличное население; деление 1989 г.; городское 22566, сельское 34810"
UA,UA-ZHY-ovruchskij_r,Овручский район,raion,1989,85005,census_present,Demoscope:sng89_reg1,"перепись 1989 (12.I.1989), наличное население; деление 1989 г.; городское 22265, сельское 62740"
UA,UA-ZHY-ovruckij_old,"Овруцький район (старый, до 17.07.2020)",raion_old,1989,85000,census_present,Ukrcensus2001:estimated,"перепись 1989, наличное население, в границах 2001 г. (сайт переписи 2001: тыс. с 1 знаком ×1000, точность ±50); Демоскоп (границы 1989): UA-ZHY-ovruchskij_r = 85005; часть сёл — в зонах загрязнения ЧАЭС; единица касается границы с Беларусью (border_units_*.csv / strip_units.csv, min_dist ≤ 1,5 км)"
UA,UA-ZHY-ovruckij_old,"Овруцький район (старый, до 17.07.2020)",raion_old,2001,67800,census_present,Ukrcensus2001:estimated,"перепись 2001 (5.XII.2001), наличное население; тыс. с 1 знаком ×1000; часть сёл — в зонах загрязнения ЧАЭС; единица касается границы с Беларусью (border_units_*.csv / strip_units.csv, min_dist ≤ 1,5 км)"
UA,UA-ZHY-ovruckij_old,"Овруцький район (старый, до 17.07.2020)",raion_old,2009,61173,estimate,Ukrstat:chnas_2011,"оценка Госстата: наличное население на 1.01.2009 (сб. «Чисельність наявного населення України на 1 січня 2011»); часть сёл — в зонах загрязнения ЧАЭС; единица касается границы с Беларусью (border_units_*.csv / strip_units.csv, min_dist ≤ 1,5 км)"
UA,UA-ZHY-ovruckij_old,"Овруцький район (старый, до 17.07.2020)",raion_old,2020,53916,estimate,Ukrstat:zb_chuselnist_2020,"оценка Госстата: наличное население на 1.01.2020; последний год для старых районов (укрупнены 17.07.2020); после 2022 публикации Госстата прекращены — данных нет; часть сёл — в зонах загрязнения ЧАЭС; единица касается границы с Беларусью (border_units_*.csv / strip_units.csv, min_dist ≤ 1,5 км)"
UA,UA-ZHY-popelnyanskij_r,Попельнянский район,raion,1989,39969,census_present,Demoscope:sng89_reg1,"перепись 1989 (12.I.1989), наличное население; деление 1989 г.; городское 9168, сельское 30801"
UA,UA-ZHY-radomyshlskij_r,Радомышльский район,raion,1989,49853,census_present,Demoscope:sng89_reg1,"перепись 1989 (12.I.1989), наличное население; деление 1989 г.; городское 18311, сельское 31542"
UA,UA-ZHY-ruzhinskij_r,Ружинский район,raion,1989,39533,census_present,Demoscope:sng89_reg1,"перепись 1989 (12.I.1989), наличное население; деление 1989 г.; городское 5370, сельское 34163"
UA,UA-ZHY-volodarsko_volynskij_r,Володарско-Волынский район,raion,1989,41573,census_present,Demoscope:sng89_reg1,"перепись 1989 (12.I.1989), наличное население; деление 1989 г.; городское 20568, сельское 21005"
UA,UA-ZHY-zhitomirskij_r,Житомирский район,raion,1989,70473,census_present,Demoscope:sng89_reg1,"перепись 1989 (12.I.1989), наличное население; деление 1989 г.; райцентр «г. Житомир» учтён отдельной строкой (UA-ZHY-g_zhitomir), в район не входит; городское 11178, сельское 59295"
