oblast_code,unit,unit_type,year,population_1jan
BRY,Брасовский муниципальный район,Муниципальный район,2009,22598
BRY,Брасовский муниципальный район,Муниципальный район,2010,22396
BRY,Брасовский муниципальный район,Муниципальный район,2011,21423
BRY,Брасовский муниципальный район,Муниципальный район,2012,21022
BRY,Брасовский муниципальный район,Муниципальный район,2013,20723
BRY,Брасовский муниципальный район,Муниципальный район,2014,20514
BRY,Брасовский муниципальный район,Муниципальный район,2015,20190
BRY,Брасовский муниципальный район,Муниципальный район,2016,20078
BRY,Брасовский муниципальный район,Муниципальный район,2017,19887
BRY,Брасовский муниципальный район,Муниципальный район,2018,19504
BRY,Брасовский муниципальный район,Муниципальный район,2019,19104
BRY,Брасовский муниципальный район,Муниципальный район,2020,18973
BRY,Брасовский муниципальный район,Муниципальный район,2021,18812
BRY,Брасовский муниципальный район,Муниципальный район,2022,18610
BRY,Брасовский муниципальный район,Муниципальный район,2023,17480
BRY,Брасовский муниципальный район,Муниципальный район,2024,17303
BRY,Брасовский муниципальный район,Муниципальный район,2025,17022
BRY,Брянский муниципальный район,Муниципальный район,2009,55242
BRY,Брянский муниципальный район,Муниципальный район,2010,55817
BRY,Брянский муниципальный район,Муниципальный район,2011,56587
BRY,Брянский муниципальный район,Муниципальный район,2012,56765
BRY,Брянский муниципальный район,Муниципальный район,2013,56950
BRY,Брянский муниципальный район,Муниципальный район,2014,57286
BRY,Брянский муниципальный район,Муниципальный район,2015,57544
BRY,Брянский муниципальный район,Муниципальный район,2016,58435
BRY,Брянский муниципальный район,Муниципальный район,2017,59160
BRY,Брянский муниципальный район,Муниципальный район,2018,60223
BRY,Брянский муниципальный район,Муниципальный район,2019,61102
BRY,Брянский муниципальный район,Муниципальный район,2020,62883
BRY,Брянский муниципальный район,Муниципальный район,2021,63804
BRY,Брянский муниципальный район,Муниципальный район,2022,64128
BRY,Брянский муниципальный район,Муниципальный район,2023,71149
BRY,Брянский муниципальный район,Муниципальный район,2024,71484
BRY,Брянский муниципальный район,Муниципальный район,2025,71483
BRY,Выгоничский муниципальный район,Муниципальный район,2009,22578
BRY,Выгоничский муниципальный район,Муниципальный район,2010,22393
BRY,Выгоничский муниципальный район,Муниципальный район,2011,20118
BRY,Выгоничский муниципальный район,Муниципальный район,2012,19771
BRY,Выгоничский муниципальный район,Муниципальный район,2013,19817
BRY,Выгоничский муниципальный район,Муниципальный район,2014,19923
BRY,Выгоничский муниципальный район,Муниципальный район,2015,19960
BRY,Выгоничский муниципальный район,Муниципальный район,2016,20030
BRY,Выгоничский муниципальный район,Муниципальный район,2017,20107
BRY,Выгоничский муниципальный район,Муниципальный район,2018,20044
BRY,Выгоничский муниципальный район,Муниципальный район,2019,19850
BRY,Выгоничский муниципальный район,Муниципальный район,2020,19727
BRY,Выгоничский муниципальный район,Муниципальный район,2021,19421
BRY,Выгоничский муниципальный район,Муниципальный район,2022,19202
BRY,Выгоничский муниципальный район,Муниципальный район,2023,16946
BRY,Выгоничский муниципальный район,Муниципальный район,2024,16962
BRY,Выгоничский муниципальный район,Муниципальный район,2025,16814
BRY,Гордеевский муниципальный район,Муниципальный район,2009,12401
BRY,Гордеевский муниципальный район,Муниципальный район,2010,12243
BRY,Гордеевский муниципальный район,Муниципальный район,2011,12137
BRY,Гордеевский муниципальный район,Муниципальный район,2012,11750
BRY,Гордеевский муниципальный район,Муниципальный район,2013,11223
BRY,Гордеевский муниципальный район,Муниципальный район,2014,11223
BRY,Гордеевский муниципальный район,Муниципальный район,2015,10940
BRY,Гордеевский муниципальный район,Муниципальный район,2016,10956
BRY,Гордеевский муниципальный район,Муниципальный район,2017,10771
BRY,Гордеевский муниципальный район,Муниципальный район,2018,10620
BRY,Гордеевский муниципальный район,Муниципальный район,2019,10463
BRY,Гордеевский муниципальный район,Муниципальный район,2020,10249
BRY,Гордеевский муниципальный район,Муниципальный район,2021,10147
BRY,Гордеевский муниципальный район,Муниципальный район,2022,9964
BRY,Гордеевский муниципальный район,Муниципальный район,2023,9808
BRY,Гордеевский муниципальный район,Муниципальный район,2024,9643
BRY,Гордеевский муниципальный район,Муниципальный район,2025,9513
BRY,Город Брянск,"Городской округ, городской округ с внутригородским делением",2009,430172
BRY,Город Брянск,"Городской округ, городской округ с внутригородским делением",2010,427426
BRY,Город Брянск,"Городской округ, городской округ с внутригородским делением",2011,434560
BRY,Город Брянск,"Городской округ, городской округ с внутригородским делением",2012,432033
BRY,Город Брянск,"Городской округ, городской округ с внутригородским делением",2013,429940
BRY,Город Брянск,"Городской округ, городской округ с внутригородским делением",2014,427357
BRY,Город Брянск,"Городской округ, городской округ с внутригородским делением",2015,426060
BRY,Город Брянск,"Городской округ, городской округ с внутригородским делением",2016,424582
BRY,Город Брянск,"Городской округ, городской округ с внутригородским делением",2017,425030
BRY,Город Брянск,"Городской округ, городской округ с внутригородским делением",2018,423981
BRY,Город Брянск,"Городской округ, городской округ с внутригородским делением",2019,422796
BRY,Город Брянск,"Городской округ, городской округ с внутригородским делением",2020,420444
BRY,Город Брянск,"Городской округ, городской округ с внутригородским делением",2021,417096
BRY,Город Брянск,"Городской округ, городской округ с внутригородским делением",2022,413426
BRY,Город Брянск,"Городской округ, городской округ с внутригородским делением",2023,391769
BRY,Город Брянск,"Городской округ, городской округ с внутригородским делением",2024,389293
BRY,Город Брянск,"Городской округ, городской округ с внутригородским делением",2025,388026
BRY,Город Клинцы,"Городской округ, городской округ с внутригородским делением",2009,72425
BRY,Город Клинцы,"Городской округ, городской округ с внутригородским делением",2010,71909
BRY,Город Клинцы,"Городской округ, городской округ с внутригородским делением",2011,70002
BRY,Город Клинцы,"Городской округ, городской округ с внутригородским делением",2012,69306
BRY,Город Клинцы,"Городской округ, городской округ с внутригородским делением",2013,69159
BRY,Город Клинцы,"Городской округ, городской округ с внутригородским делением",2014,69593
BRY,Город Клинцы,"Городской округ, городской округ с внутригородским делением",2015,69181
BRY,Город Клинцы,"Городской округ, городской округ с внутригородским делением",2016,69391
BRY,Город Клинцы,"Городской округ, городской округ с внутригородским делением",2017,70164
BRY,Город Клинцы,"Городской округ, городской округ с внутригородским делением",2018,70122
BRY,Город Клинцы,"Городской округ, городской округ с внутригородским делением",2019,70089
BRY,Город Клинцы,"Городской округ, городской округ с внутригородским делением",2020,69909
BRY,Город Клинцы,"Городской округ, городской округ с внутригородским делением",2021,69499
BRY,Город Клинцы,"Городской округ, городской округ с внутригородским делением",2022,68952
BRY,Город Клинцы,"Городской округ, городской округ с внутригородским делением",2023,69556
BRY,Город Клинцы,"Городской округ, городской округ с внутригородским делением",2024,68896
BRY,Город Клинцы,"Городской округ, городской округ с внутригородским делением",2025,68343
BRY,Город Сельцо,"Городской округ, городской округ с внутригородским делением",2009,18073
BRY,Город Сельцо,"Городской округ, городской округ с внутригородским делением",2010,18015
BRY,Город Сельцо,"Городской округ, городской округ с внутригородским делением",2011,17882
BRY,Город Сельцо,"Городской округ, городской округ с внутригородским делением",2012,17718
BRY,Город Сельцо,"Городской округ, городской округ с внутригородским делением",2013,17416
BRY,Город Сельцо,"Городской округ, городской округ с внутригородским делением",2014,17140
BRY,Город Сельцо,"Городской округ, городской округ с внутригородским делением",2015,16957
BRY,Город Сельцо,"Городской округ, городской округ с внутригородским делением",2016,16759
BRY,Город Сельцо,"Городской округ, городской округ с внутригородским делением",2017,16664
BRY,Город Сельцо,"Городской округ, городской округ с внутригородским делением",2018,16554
BRY,Город Сельцо,"Городской округ, городской округ с внутригородским делением",2019,16532
BRY,Город Сельцо,"Городской округ, городской округ с внутригородским делением",2020,16368
BRY,Город Сельцо,"Городской округ, городской округ с внутригородским делением",2021,16159
BRY,Город Сельцо,"Городской округ, городской округ с внутригородским делением",2022,15867
BRY,Город Сельцо,"Городской округ, городской округ с внутригородским делением",2023,15611
BRY,Город Сельцо,"Городской округ, городской округ с внутригородским делением",2024,15397
BRY,Город Сельцо,"Городской округ, городской округ с внутригородским делением",2025,15207
BRY,Город Стародуб,"Городской округ, городской округ с внутригородским делением",2009,18400
BRY,Город Стародуб,"Городской округ, городской округ с внутригородским делением",2010,18445
BRY,Город Стародуб,"Городской округ, городской округ с внутригородским делением",2011,19005
BRY,Город Стародуб,"Городской округ, городской округ с внутригородским делением",2012,18980
BRY,Город Стародуб,"Городской округ, городской округ с внутригородским делением",2013,18942
BRY,Город Стародуб,"Городской округ, городской округ с внутригородским делением",2014,18895
BRY,Город Стародуб,"Городской округ, городской округ с внутригородским делением",2015,18868
BRY,Город Стародуб,"Городской округ, городской округ с внутригородским делением",2016,18868
BRY,Город Стародуб,"Городской округ, городской округ с внутригородским делением",2017,18824
BRY,Город Стародуб,"Городской округ, городской округ с внутригородским делением",2018,18615
BRY,Город Стародуб,"Городской округ, городской округ с внутригородским делением",2019,18321
BRY,Город Стародуб,"Городской округ, городской округ с внутригородским делением",2020,18156
BRY,Город Стародуб,"Городской округ, городской округ с внутригородским делением",2021,36096
BRY,Город Фокино,"Городской округ, городской округ с внутригородским делением",2009,14827
BRY,Город Фокино,"Городской округ, городской округ с внутригородским делением",2010,14674
BRY,Город Фокино,"Городской округ, городской округ с внутригородским делением",2011,13824
BRY,Город Фокино,"Городской округ, городской округ с внутригородским делением",2012,13575
BRY,Город Фокино,"Городской округ, городской округ с внутригородским делением",2013,13401
BRY,Город Фокино,"Городской округ, городской округ с внутригородским делением",2014,13333
BRY,Город Фокино,"Городской округ, городской округ с внутригородским делением",2015,13238
BRY,Город Фокино,"Городской округ, городской округ с внутригородским делением",2016,13143
BRY,Город Фокино,"Городской округ, городской округ с внутригородским делением",2017,13065
BRY,Город Фокино,"Городской округ, городской округ с внутригородским делением",2018,12938
BRY,Город Фокино,"Городской округ, городской округ с внутригородским делением",2019,12818
BRY,Город Фокино,"Городской округ, городской округ с внутригородским делением",2020,12759
BRY,Город Фокино,"Городской округ, городской округ с внутригородским делением",2021,12617
BRY,Город Фокино,"Городской округ, городской округ с внутригородским делением",2022,12364
BRY,Город Фокино,"Городской округ, городской округ с внутригородским делением",2023,12245
BRY,Город Фокино,"Городской округ, городской округ с внутригородским делением",2024,12104
BRY,Город Фокино,"Городской округ, городской округ с внутригородским делением",2025,11943
BRY,Городской округ Новозыбковский с 2020 года,"Городской округ, городской округ с внутригородским делением",2009,41932
BRY,Городской округ Новозыбковский с 2020 года,"Городской округ, городской округ с внутригородским делением",2010,41745
BRY,Городской округ Новозыбковский с 2020 года,"Городской округ, городской округ с внутригородским делением",2011,40579
BRY,Городской округ Новозыбковский с 2020 года,"Городской округ, городской округ с внутригородским делением",2012,40637
BRY,Городской округ Новозыбковский с 2020 года,"Городской округ, городской округ с внутригородским делением",2013,40499
BRY,Городской округ Новозыбковский с 2020 года,"Городской округ, городской округ с внутригородским делением",2014,40773
BRY,Городской округ Новозыбковский с 2020 года,"Городской округ, городской округ с внутригородским делением",2015,40765
BRY,Городской округ Новозыбковский с 2020 года,"Городской округ, городской округ с внутригородским делением",2016,40632
BRY,Городской округ Новозыбковский с 2020 года,"Городской округ, городской округ с внутригородским делением",2017,40476
BRY,Городской округ Новозыбковский с 2020 года,"Городской округ, городской округ с внутригородским делением",2018,40107
BRY,Городской округ Новозыбковский с 2020 года,"Городской округ, городской округ с внутригородским делением",2019,39725
BRY,Городской округ Новозыбковский с 2020 года,"Городской округ, городской округ с внутригородским делением",2020,50493
BRY,Городской округ Новозыбковский с 2020 года,"Городской округ, городской округ с внутригородским делением",2021,50395
BRY,Городской округ Новозыбковский с 2020 года,"Городской округ, городской округ с внутригородским делением",2022,49842
BRY,Городской округ Новозыбковский с 2020 года,"Городской округ, городской округ с внутригородским делением",2023,48937
BRY,Городской округ Новозыбковский с 2020 года,"Городской округ, городской округ с внутригородским делением",2024,48469
BRY,Городской округ Новозыбковский с 2020 года,"Городской округ, городской округ с внутригородским делением",2025,48143
BRY,Дубровский муниципальный район,Муниципальный район,2009,20992
BRY,Дубровский муниципальный район,Муниципальный район,2010,20666
BRY,Дубровский муниципальный район,Муниципальный район,2011,19967
BRY,Дубровский муниципальный район,Муниципальный район,2012,19529
BRY,Дубровский муниципальный район,Муниципальный район,2013,19164
BRY,Дубровский муниципальный район,Муниципальный район,2014,18619
BRY,Дубровский муниципальный район,Муниципальный район,2015,18316
BRY,Дубровский муниципальный район,Муниципальный район,2016,17961
BRY,Дубровский муниципальный район,Муниципальный район,2017,17641
BRY,Дубровский муниципальный район,Муниципальный район,2018,17279
BRY,Дубровский муниципальный район,Муниципальный район,2019,16960
BRY,Дубровский муниципальный район,Муниципальный район,2020,16795
BRY,Дубровский муниципальный район,Муниципальный район,2021,16541
BRY,Дубровский муниципальный район,Муниципальный район,2022,16139
BRY,Дубровский муниципальный район,Муниципальный район,2023,14601
BRY,Дубровский муниципальный район,Муниципальный район,2024,14431
BRY,Дубровский муниципальный район,Муниципальный район,2025,14207
BRY,Дятьковский муниципальный район,Муниципальный район,2009,62631
BRY,Дятьковский муниципальный район,Муниципальный район,2010,63021
BRY,Дятьковский муниципальный район,Муниципальный район,2011,60151
BRY,Дятьковский муниципальный район,Муниципальный район,2012,60728
BRY,Дятьковский муниципальный район,Муниципальный район,2013,61365
BRY,Дятьковский муниципальный район,Муниципальный район,2014,61506
BRY,Дятьковский муниципальный район,Муниципальный район,2015,61372
BRY,Дятьковский муниципальный район,Муниципальный район,2016,61034
BRY,Дятьковский муниципальный район,Муниципальный район,2017,60379
BRY,Дятьковский муниципальный район,Муниципальный район,2018,59344
BRY,Дятьковский муниципальный район,Муниципальный район,2019,58197
BRY,Дятьковский муниципальный район,Муниципальный район,2020,57414
BRY,Дятьковский муниципальный район,Муниципальный район,2021,56774
BRY,Дятьковский муниципальный район,Муниципальный район,2022,55892
BRY,Дятьковский муниципальный район,Муниципальный район,2023,53768
BRY,Дятьковский муниципальный район,Муниципальный район,2024,53082
BRY,Дятьковский муниципальный район,Муниципальный район,2025,52290
BRY,Жирятинский муниципальный район,Муниципальный район,2009,7471
BRY,Жирятинский муниципальный район,Муниципальный район,2010,7492
BRY,Жирятинский муниципальный район,Муниципальный район,2011,7433
BRY,Жирятинский муниципальный район,Муниципальный район,2012,7333
BRY,Жирятинский муниципальный район,Муниципальный район,2013,7227
BRY,Жирятинский муниципальный район,Муниципальный район,2014,7136
BRY,Жирятинский муниципальный район,Муниципальный район,2015,7089
BRY,Жирятинский муниципальный район,Муниципальный район,2016,7072
BRY,Жирятинский муниципальный район,Муниципальный район,2017,7045
BRY,Жирятинский муниципальный район,Муниципальный район,2018,6954
BRY,Жирятинский муниципальный район,Муниципальный район,2019,6859
BRY,Жирятинский муниципальный район,Муниципальный район,2020,6785
BRY,Жирятинский муниципальный район,Муниципальный район,2021,6661
BRY,Жирятинский муниципальный район,Муниципальный район,2022,6515
BRY,Жирятинский муниципальный район,Муниципальный район,2023,6449
BRY,Жирятинский муниципальный район,Муниципальный район,2024,6353
BRY,Жирятинский муниципальный район,Муниципальный район,2025,6246
BRY,Жуковский муниципальный округ с 2021 года,Муниципальный округ,2022,32710
BRY,Жуковский муниципальный округ с 2021 года,Муниципальный округ,2023,33473
BRY,Жуковский муниципальный округ с 2021 года,Муниципальный округ,2024,33145
BRY,Жуковский муниципальный округ с 2021 года,Муниципальный округ,2025,32829
BRY,Жуковский муниципальный район,Муниципальный район,2009,37138
BRY,Жуковский муниципальный район,Муниципальный район,2010,36975
BRY,Жуковский муниципальный район,Муниципальный район,2011,36900
BRY,Жуковский муниципальный район,Муниципальный район,2012,36520
BRY,Жуковский муниципальный район,Муниципальный район,2013,36056
BRY,Жуковский муниципальный район,Муниципальный район,2014,35441
BRY,Жуковский муниципальный район,Муниципальный район,2015,35109
BRY,Жуковский муниципальный район,Муниципальный район,2016,34929
BRY,Жуковский муниципальный район,Муниципальный район,2017,34682
BRY,Жуковский муниципальный район,Муниципальный район,2018,34348
BRY,Жуковский муниципальный район,Муниципальный район,2019,33795
BRY,Жуковский муниципальный район,Муниципальный район,2020,33350
BRY,Жуковский муниципальный район,Муниципальный район,2021,33005
BRY,Злынковский муниципальный район,Муниципальный район,2009,13171
BRY,Злынковский муниципальный район,Муниципальный район,2010,13093
BRY,Злынковский муниципальный район,Муниципальный район,2011,12867
BRY,Злынковский муниципальный район,Муниципальный район,2012,12495
BRY,Злынковский муниципальный район,Муниципальный район,2013,12297
BRY,Злынковский муниципальный район,Муниципальный район,2014,12315
BRY,Злынковский муниципальный район,Муниципальный район,2015,12142
BRY,Злынковский муниципальный район,Муниципальный район,2016,12186
BRY,Злынковский муниципальный район,Муниципальный район,2017,12102
BRY,Злынковский муниципальный район,Муниципальный район,2018,12012
BRY,Злынковский муниципальный район,Муниципальный район,2019,12006
BRY,Злынковский муниципальный район,Муниципальный район,2020,12064
BRY,Злынковский муниципальный район,Муниципальный район,2021,11873
BRY,Злынковский муниципальный район,Муниципальный район,2022,11822
BRY,Злынковский муниципальный район,Муниципальный район,2023,11527
BRY,Злынковский муниципальный район,Муниципальный район,2024,11426
BRY,Злынковский муниципальный район,Муниципальный район,2025,11289
BRY,Карачевский муниципальный район,Муниципальный район,2009,36190
BRY,Карачевский муниципальный район,Муниципальный район,2010,36036
BRY,Карачевский муниципальный район,Муниципальный район,2011,35931
BRY,Карачевский муниципальный район,Муниципальный район,2012,35597
BRY,Карачевский муниципальный район,Муниципальный район,2013,35060
BRY,Карачевский муниципальный район,Муниципальный район,2014,34422
BRY,Карачевский муниципальный район,Муниципальный район,2015,33964
BRY,Карачевский муниципальный район,Муниципальный район,2016,33615
BRY,Карачевский муниципальный район,Муниципальный район,2017,33361
BRY,Карачевский муниципальный район,Муниципальный район,2018,32909
BRY,Карачевский муниципальный район,Муниципальный район,2019,32260
BRY,Карачевский муниципальный район,Муниципальный район,2020,31558
BRY,Карачевский муниципальный район,Муниципальный район,2021,30984
BRY,Карачевский муниципальный район,Муниципальный район,2022,30191
BRY,Карачевский муниципальный район,Муниципальный район,2023,31323
BRY,Карачевский муниципальный район,Муниципальный район,2024,30873
BRY,Карачевский муниципальный район,Муниципальный район,2025,30460
BRY,Клетнянский муниципальный район,Муниципальный район,2009,20600
BRY,Клетнянский муниципальный район,Муниципальный район,2010,20350
BRY,Клетнянский муниципальный район,Муниципальный район,2011,20084
BRY,Клетнянский муниципальный район,Муниципальный район,2012,19776
BRY,Клетнянский муниципальный район,Муниципальный район,2013,19552
BRY,Клетнянский муниципальный район,Муниципальный район,2014,19279
BRY,Клетнянский муниципальный район,Муниципальный район,2015,19066
BRY,Клетнянский муниципальный район,Муниципальный район,2016,18960
BRY,Клетнянский муниципальный район,Муниципальный район,2017,18638
BRY,Клетнянский муниципальный район,Муниципальный район,2018,18314
BRY,Клетнянский муниципальный район,Муниципальный район,2019,18039
BRY,Клетнянский муниципальный район,Муниципальный район,2020,17874
BRY,Клетнянский муниципальный район,Муниципальный район,2021,17563
BRY,Клетнянский муниципальный район,Муниципальный район,2022,17219
BRY,Клетнянский муниципальный район,Муниципальный район,2023,16687
BRY,Клетнянский муниципальный район,Муниципальный район,2024,16413
BRY,Клетнянский муниципальный район,Муниципальный район,2025,16202
BRY,Климовский муниципальный район,Муниципальный район,2009,31205
BRY,Климовский муниципальный район,Муниципальный район,2010,31013
BRY,Климовский муниципальный район,Муниципальный район,2011,29857
BRY,Климовский муниципальный район,Муниципальный район,2012,29377
BRY,Климовский муниципальный район,Муниципальный район,2013,28977
BRY,Климовский муниципальный район,Муниципальный район,2014,28359
BRY,Климовский муниципальный район,Муниципальный район,2015,27707
BRY,Климовский муниципальный район,Муниципальный район,2016,27148
BRY,Климовский муниципальный район,Муниципальный район,2017,26720
BRY,Климовский муниципальный район,Муниципальный район,2018,26254
BRY,Климовский муниципальный район,Муниципальный район,2019,25750
BRY,Климовский муниципальный район,Муниципальный район,2020,25371
BRY,Климовский муниципальный район,Муниципальный район,2021,24998
BRY,Климовский муниципальный район,Муниципальный район,2022,24686
BRY,Климовский муниципальный район,Муниципальный район,2023,25313
BRY,Климовский муниципальный район,Муниципальный район,2024,24892
BRY,Климовский муниципальный район,Муниципальный район,2025,24461
BRY,Клинцовский муниципальный район,Муниципальный район,2009,20061
BRY,Клинцовский муниципальный район,Муниципальный район,2010,19842
BRY,Клинцовский муниципальный район,Муниципальный район,2011,20435
BRY,Клинцовский муниципальный район,Муниципальный район,2012,20080
BRY,Клинцовский муниципальный район,Муниципальный район,2013,19539
BRY,Клинцовский муниципальный район,Муниципальный район,2014,19248
BRY,Клинцовский муниципальный район,Муниципальный район,2015,18458
BRY,Клинцовский муниципальный район,Муниципальный район,2016,17975
BRY,Клинцовский муниципальный район,Муниципальный район,2017,17686
BRY,Клинцовский муниципальный район,Муниципальный район,2018,17408
BRY,Клинцовский муниципальный район,Муниципальный район,2019,17251
BRY,Клинцовский муниципальный район,Муниципальный район,2020,17022
BRY,Клинцовский муниципальный район,Муниципальный район,2021,16814
BRY,Клинцовский муниципальный район,Муниципальный район,2022,16540
BRY,Клинцовский муниципальный район,Муниципальный район,2023,16882
BRY,Клинцовский муниципальный район,Муниципальный район,2024,16650
BRY,Клинцовский муниципальный район,Муниципальный район,2025,16445
BRY,Комаричский муниципальный район,Муниципальный район,2009,18588
BRY,Комаричский муниципальный район,Муниципальный район,2010,18438
BRY,Комаричский муниципальный район,Муниципальный район,2011,18002
BRY,Комаричский муниципальный район,Муниципальный район,2012,17773
BRY,Комаричский муниципальный район,Муниципальный район,2013,17546
BRY,Комаричский муниципальный район,Муниципальный район,2014,17336
BRY,Комаричский муниципальный район,Муниципальный район,2015,17275
BRY,Комаричский муниципальный район,Муниципальный район,2016,17191
BRY,Комаричский муниципальный район,Муниципальный район,2017,16995
BRY,Комаричский муниципальный район,Муниципальный район,2018,16747
BRY,Комаричский муниципальный район,Муниципальный район,2019,16432
BRY,Комаричский муниципальный район,Муниципальный район,2020,16253
BRY,Комаричский муниципальный район,Муниципальный район,2021,16048
BRY,Комаричский муниципальный район,Муниципальный район,2022,15718
BRY,Комаричский муниципальный район,Муниципальный район,2023,15311
BRY,Комаричский муниципальный район,Муниципальный район,2024,15238
BRY,Комаричский муниципальный район,Муниципальный район,2025,15063
BRY,Красногорский муниципальный район,Муниципальный район,2009,14701
BRY,Красногорский муниципальный район,Муниципальный район,2010,14544
BRY,Красногорский муниципальный район,Муниципальный район,2011,13084
BRY,Красногорский муниципальный район,Муниципальный район,2012,12802
BRY,Красногорский муниципальный район,Муниципальный район,2013,12472
BRY,Красногорский муниципальный район,Муниципальный район,2014,12633
BRY,Красногорский муниципальный район,Муниципальный район,2015,12407
BRY,Красногорский муниципальный район,Муниципальный район,2016,12310
BRY,Красногорский муниципальный район,Муниципальный район,2017,12189
BRY,Красногорский муниципальный район,Муниципальный район,2018,12031
BRY,Красногорский муниципальный район,Муниципальный район,2019,11765
BRY,Красногорский муниципальный район,Муниципальный район,2020,11526
BRY,Красногорский муниципальный район,Муниципальный район,2021,11355
BRY,Красногорский муниципальный район,Муниципальный район,2022,11235
BRY,Красногорский муниципальный район,Муниципальный район,2023,10092
BRY,Красногорский муниципальный район,Муниципальный район,2024,9920
BRY,Красногорский муниципальный район,Муниципальный район,2025,9795
BRY,Мглинский муниципальный район,Муниципальный район,2009,20323
BRY,Мглинский муниципальный район,Муниципальный район,2010,19952
BRY,Мглинский муниципальный район,Муниципальный район,2011,19334
BRY,Мглинский муниципальный район,Муниципальный район,2012,19057
BRY,Мглинский муниципальный район,Муниципальный район,2013,18620
BRY,Мглинский муниципальный район,Муниципальный район,2014,18355
BRY,Мглинский муниципальный район,Муниципальный район,2015,18293
BRY,Мглинский муниципальный район,Муниципальный район,2016,18200
BRY,Мглинский муниципальный район,Муниципальный район,2017,17716
BRY,Мглинский муниципальный район,Муниципальный район,2018,17167
BRY,Мглинский муниципальный район,Муниципальный район,2019,16546
BRY,Мглинский муниципальный район,Муниципальный район,2020,16297
BRY,Мглинский муниципальный район,Муниципальный район,2021,16146
BRY,Мглинский муниципальный район,Муниципальный район,2022,15892
BRY,Мглинский муниципальный район,Муниципальный район,2023,15548
BRY,Мглинский муниципальный район,Муниципальный район,2024,15435
BRY,Мглинский муниципальный район,Муниципальный район,2025,15228
BRY,Навлинский муниципальный район,Муниципальный район,2009,28205
BRY,Навлинский муниципальный район,Муниципальный район,2010,28206
BRY,Навлинский муниципальный район,Муниципальный район,2011,28286
BRY,Навлинский муниципальный район,Муниципальный район,2012,28135
BRY,Навлинский муниципальный район,Муниципальный район,2013,28024
BRY,Навлинский муниципальный район,Муниципальный район,2014,27728
BRY,Навлинский муниципальный район,Муниципальный район,2015,27434
BRY,Навлинский муниципальный район,Муниципальный район,2016,27107
BRY,Навлинский муниципальный район,Муниципальный район,2017,26739
BRY,Навлинский муниципальный район,Муниципальный район,2018,26415
BRY,Навлинский муниципальный район,Муниципальный район,2019,26231
BRY,Навлинский муниципальный район,Муниципальный район,2020,26170
BRY,Навлинский муниципальный район,Муниципальный район,2021,26152
BRY,Навлинский муниципальный район,Муниципальный район,2022,25983
BRY,Навлинский муниципальный район,Муниципальный район,2023,26741
BRY,Навлинский муниципальный район,Муниципальный район,2024,26640
BRY,Навлинский муниципальный район,Муниципальный район,2025,26419
BRY,Новозыбковский муниципальный район,Муниципальный район,2009,12915
BRY,Новозыбковский муниципальный район,Муниципальный район,2010,12749
BRY,Новозыбковский муниципальный район,Муниципальный район,2011,12391
BRY,Новозыбковский муниципальный район,Муниципальный район,2012,12116
BRY,Новозыбковский муниципальный район,Муниципальный район,2013,11784
BRY,Новозыбковский муниципальный район,Муниципальный район,2014,11646
BRY,Новозыбковский муниципальный район,Муниципальный район,2015,11368
BRY,Новозыбковский муниципальный район,Муниципальный район,2016,11224
BRY,Новозыбковский муниципальный район,Муниципальный район,2017,11131
BRY,Новозыбковский муниципальный район,Муниципальный район,2018,11036
BRY,Новозыбковский муниципальный район,Муниципальный район,2019,10992
BRY,Погарский муниципальный район,Муниципальный район,2009,31995
BRY,Погарский муниципальный район,Муниципальный район,2010,31580
BRY,Погарский муниципальный район,Муниципальный район,2011,28183
BRY,Погарский муниципальный район,Муниципальный район,2012,27729
BRY,Погарский муниципальный район,Муниципальный район,2013,27085
BRY,Погарский муниципальный район,Муниципальный район,2014,26385
BRY,Погарский муниципальный район,Муниципальный район,2015,25751
BRY,Погарский муниципальный район,Муниципальный район,2016,25174
BRY,Погарский муниципальный район,Муниципальный район,2017,24717
BRY,Погарский муниципальный район,Муниципальный район,2018,23961
BRY,Погарский муниципальный район,Муниципальный район,2019,23466
BRY,Погарский муниципальный район,Муниципальный район,2020,23035
BRY,Погарский муниципальный район,Муниципальный район,2021,22658
BRY,Погарский муниципальный район,Муниципальный район,2022,22043
BRY,Погарский муниципальный район,Муниципальный район,2023,28816
BRY,Погарский муниципальный район,Муниципальный район,2024,28388
BRY,Погарский муниципальный район,Муниципальный район,2025,27906
BRY,Почепский муниципальный район,Муниципальный район,2009,44267
BRY,Почепский муниципальный район,Муниципальный район,2010,44147
BRY,Почепский муниципальный район,Муниципальный район,2011,42306
BRY,Почепский муниципальный район,Муниципальный район,2012,42455
BRY,Почепский муниципальный район,Муниципальный район,2013,41449
BRY,Почепский муниципальный район,Муниципальный район,2014,40395
BRY,Почепский муниципальный район,Муниципальный район,2015,39606
BRY,Почепский муниципальный район,Муниципальный район,2016,39415
BRY,Почепский муниципальный район,Муниципальный район,2017,39137
BRY,Почепский муниципальный район,Муниципальный район,2018,37842
BRY,Почепский муниципальный район,Муниципальный район,2019,38073
BRY,Почепский муниципальный район,Муниципальный район,2020,37542
BRY,Почепский муниципальный район,Муниципальный район,2021,37081
BRY,Почепский муниципальный район,Муниципальный район,2022,36267
BRY,Почепский муниципальный район,Муниципальный район,2023,33958
BRY,Почепский муниципальный район,Муниципальный район,2024,33328
BRY,Почепский муниципальный район,Муниципальный район,2025,32815
BRY,Рогнединский муниципальный район,Муниципальный район,2009,7637
BRY,Рогнединский муниципальный район,Муниципальный район,2010,7533
BRY,Рогнединский муниципальный район,Муниципальный район,2011,7263
BRY,Рогнединский муниципальный район,Муниципальный район,2012,7129
BRY,Рогнединский муниципальный район,Муниципальный район,2013,6965
BRY,Рогнединский муниципальный район,Муниципальный район,2014,6800
BRY,Рогнединский муниципальный район,Муниципальный район,2015,6704
BRY,Рогнединский муниципальный район,Муниципальный район,2016,6681
BRY,Рогнединский муниципальный район,Муниципальный район,2017,6607
BRY,Рогнединский муниципальный район,Муниципальный район,2018,6504
BRY,Рогнединский муниципальный район,Муниципальный район,2019,6369
BRY,Рогнединский муниципальный район,Муниципальный район,2020,6319
BRY,Рогнединский муниципальный район,Муниципальный район,2021,6277
BRY,Рогнединский муниципальный район,Муниципальный район,2022,6160
BRY,Рогнединский муниципальный район,Муниципальный район,2023,6083
BRY,Рогнединский муниципальный район,Муниципальный район,2024,5956
BRY,Рогнединский муниципальный район,Муниципальный район,2025,5869
BRY,Севский муниципальный район,Муниципальный район,2009,17559
BRY,Севский муниципальный район,Муниципальный район,2010,17451
BRY,Севский муниципальный район,Муниципальный район,2011,16857
BRY,Севский муниципальный район,Муниципальный район,2012,16535
BRY,Севский муниципальный район,Муниципальный район,2013,16349
BRY,Севский муниципальный район,Муниципальный район,2014,15930
BRY,Севский муниципальный район,Муниципальный район,2015,15551
BRY,Севский муниципальный район,Муниципальный район,2016,15180
BRY,Севский муниципальный район,Муниципальный район,2017,14972
BRY,Севский муниципальный район,Муниципальный район,2018,14775
BRY,Севский муниципальный район,Муниципальный район,2019,14663
BRY,Севский муниципальный район,Муниципальный район,2020,14561
BRY,Севский муниципальный район,Муниципальный район,2021,14422
BRY,Севский муниципальный район,Муниципальный район,2022,14170
BRY,Севский муниципальный район,Муниципальный район,2023,13867
BRY,Севский муниципальный район,Муниципальный район,2024,13528
BRY,Севский муниципальный район,Муниципальный район,2025,13360
BRY,Стародубский муниципальный округ c 2021 года,Муниципальный округ,2022,35458
BRY,Стародубский муниципальный округ c 2021 года,Муниципальный округ,2023,34678
BRY,Стародубский муниципальный округ c 2021 года,Муниципальный округ,2024,34347
BRY,Стародубский муниципальный округ c 2021 года,Муниципальный округ,2025,33838
BRY,Стародубский муниципальный район,Муниципальный район,2009,22378
BRY,Стародубский муниципальный район,Муниципальный район,2010,22076
BRY,Стародубский муниципальный район,Муниципальный район,2011,21230
BRY,Стародубский муниципальный район,Муниципальный район,2012,20770
BRY,Стародубский муниципальный район,Муниципальный район,2013,20471
BRY,Стародубский муниципальный район,Муниципальный район,2014,20166
BRY,Стародубский муниципальный район,Муниципальный район,2015,19839
BRY,Стародубский муниципальный район,Муниципальный район,2016,19433
BRY,Стародубский муниципальный район,Муниципальный район,2017,19123
BRY,Стародубский муниципальный район,Муниципальный район,2018,18750
BRY,Стародубский муниципальный район,Муниципальный район,2019,18351
BRY,Стародубский муниципальный район,Муниципальный район,2020,18212
BRY,Суземский муниципальный район,Муниципальный район,2009,17634
BRY,Суземский муниципальный район,Муниципальный район,2010,17410
BRY,Суземский муниципальный район,Муниципальный район,2011,16606
BRY,Суземский муниципальный район,Муниципальный район,2012,16359
BRY,Суземский муниципальный район,Муниципальный район,2013,16087
BRY,Суземский муниципальный район,Муниципальный район,2014,15902
BRY,Суземский муниципальный район,Муниципальный район,2015,15800
BRY,Суземский муниципальный район,Муниципальный район,2016,15612
BRY,Суземский муниципальный район,Муниципальный район,2017,15456
BRY,Суземский муниципальный район,Муниципальный район,2018,15151
BRY,Суземский муниципальный район,Муниципальный район,2019,14876
BRY,Суземский муниципальный район,Муниципальный район,2020,14886
BRY,Суземский муниципальный район,Муниципальный район,2021,14894
BRY,Суземский муниципальный район,Муниципальный район,2022,14793
BRY,Суземский муниципальный район,Муниципальный район,2023,15117
BRY,Суземский муниципальный район,Муниципальный район,2024,14835
BRY,Суземский муниципальный район,Муниципальный район,2025,14526
BRY,Суражский муниципальный район,Муниципальный район,2009,25115
BRY,Суражский муниципальный район,Муниципальный район,2010,25041
BRY,Суражский муниципальный район,Муниципальный район,2011,24619
BRY,Суражский муниципальный район,Муниципальный район,2012,24359
BRY,Суражский муниципальный район,Муниципальный район,2013,24558
BRY,Суражский муниципальный район,Муниципальный район,2014,23586
BRY,Суражский муниципальный район,Муниципальный район,2015,23608
BRY,Суражский муниципальный район,Муниципальный район,2016,23119
BRY,Суражский муниципальный район,Муниципальный район,2017,22864
BRY,Суражский муниципальный район,Муниципальный район,2018,22525
BRY,Суражский муниципальный район,Муниципальный район,2019,22239
BRY,Суражский муниципальный район,Муниципальный район,2020,22062
BRY,Суражский муниципальный район,Муниципальный район,2021,21681
BRY,Суражский муниципальный район,Муниципальный район,2022,21221
BRY,Суражский муниципальный район,Муниципальный район,2023,21884
BRY,Суражский муниципальный район,Муниципальный район,2024,21714
BRY,Суражский муниципальный район,Муниципальный район,2025,21522
BRY,Трубчевский муниципальный район,Муниципальный район,2009,38563
BRY,Трубчевский муниципальный район,Муниципальный район,2010,38455
BRY,Трубчевский муниципальный район,Муниципальный район,2011,36933
BRY,Трубчевский муниципальный район,Муниципальный район,2012,36570
BRY,Трубчевский муниципальный район,Муниципальный район,2013,36198
BRY,Трубчевский муниципальный район,Муниципальный район,2014,35727
BRY,Трубчевский муниципальный район,Муниципальный район,2015,35314
BRY,Трубчевский муниципальный район,Муниципальный район,2016,34981
BRY,Трубчевский муниципальный район,Муниципальный район,2017,34661
BRY,Трубчевский муниципальный район,Муниципальный район,2018,34511
BRY,Трубчевский муниципальный район,Муниципальный район,2019,33888
BRY,Трубчевский муниципальный район,Муниципальный район,2020,33581
BRY,Трубчевский муниципальный район,Муниципальный район,2021,33318
BRY,Трубчевский муниципальный район,Муниципальный район,2022,32841
BRY,Трубчевский муниципальный район,Муниципальный район,2023,32885
BRY,Трубчевский муниципальный район,Муниципальный район,2024,32658
BRY,Трубчевский муниципальный район,Муниципальный район,2025,32394
BRY,Унечский муниципальный район,Муниципальный район,2009,41703
BRY,Унечский муниципальный район,Муниципальный район,2010,41011
BRY,Унечский муниципальный район,Муниципальный район,2011,40518
BRY,Унечский муниципальный район,Муниципальный район,2012,39635
BRY,Унечский муниципальный район,Муниципальный район,2013,38751
BRY,Унечский муниципальный район,Муниципальный район,2014,37648
BRY,Унечский муниципальный район,Муниципальный район,2015,37064
BRY,Унечский муниципальный район,Муниципальный район,2016,36360
BRY,Унечский муниципальный район,Муниципальный район,2017,35821
BRY,Унечский муниципальный район,Муниципальный район,2018,35137
BRY,Унечский муниципальный район,Муниципальный район,2019,34379
BRY,Унечский муниципальный район,Муниципальный район,2020,33853
BRY,Унечский муниципальный район,Муниципальный район,2021,33391
BRY,Унечский муниципальный район,Муниципальный район,2022,32921
BRY,Унечский муниципальный район,Муниципальный район,2023,34001
BRY,Унечский муниципальный район,Муниципальный район,2024,33601
BRY,Унечский муниципальный район,Муниципальный район,2025,33137
PSK,Бежаницкий муниципальный округ,Муниципальный округ,2025,9533
PSK,Бежаницкий муниципальный район,Муниципальный район,2009,14793
PSK,Бежаницкий муниципальный район,Муниципальный район,2010,14462
PSK,Бежаницкий муниципальный район,Муниципальный район,2011,13196
PSK,Бежаницкий муниципальный район,Муниципальный район,2012,12603
PSK,Бежаницкий муниципальный район,Муниципальный район,2013,12180
PSK,Бежаницкий муниципальный район,Муниципальный район,2014,11651
PSK,Бежаницкий муниципальный район,Муниципальный район,2015,11192
PSK,Бежаницкий муниципальный район,Муниципальный район,2016,10858
PSK,Бежаницкий муниципальный район,Муниципальный район,2017,10554
PSK,Бежаницкий муниципальный район,Муниципальный район,2018,10143
PSK,Бежаницкий муниципальный район,Муниципальный район,2019,9834
PSK,Бежаницкий муниципальный район,Муниципальный район,2020,9482
PSK,Бежаницкий муниципальный район,Муниципальный район,2021,9265
PSK,Бежаницкий муниципальный район,Муниципальный район,2022,10421
PSK,Бежаницкий муниципальный район,Муниципальный район,2023,10091
PSK,Бежаницкий муниципальный район,Муниципальный район,2024,9802
PSK,Великолукский муниципальный район,Муниципальный район,2009,22690
PSK,Великолукский муниципальный район,Муниципальный район,2010,22659
PSK,Великолукский муниципальный район,Муниципальный район,2011,22081
PSK,Великолукский муниципальный район,Муниципальный район,2012,22339
PSK,Великолукский муниципальный район,Муниципальный район,2013,22554
PSK,Великолукский муниципальный район,Муниципальный район,2014,22659
PSK,Великолукский муниципальный район,Муниципальный район,2015,22275
PSK,Великолукский муниципальный район,Муниципальный район,2016,22089
PSK,Великолукский муниципальный район,Муниципальный район,2017,21654
PSK,Великолукский муниципальный район,Муниципальный район,2018,21106
PSK,Великолукский муниципальный район,Муниципальный район,2019,20551
PSK,Великолукский муниципальный район,Муниципальный район,2020,20488
PSK,Великолукский муниципальный район,Муниципальный район,2021,20274
PSK,Великолукский муниципальный район,Муниципальный район,2022,19357
PSK,Великолукский муниципальный район,Муниципальный район,2023,19148
PSK,Великолукский муниципальный район,Муниципальный район,2024,19020
PSK,Великолукский муниципальный район,Муниципальный район,2025,18712
PSK,Гдовский муниципальный район,Муниципальный район,2009,15810
PSK,Гдовский муниципальный район,Муниципальный район,2010,15439
PSK,Гдовский муниципальный район,Муниципальный район,2011,12674
PSK,Гдовский муниципальный район,Муниципальный район,2012,12924
PSK,Гдовский муниципальный район,Муниципальный район,2013,12754
PSK,Гдовский муниципальный район,Муниципальный район,2014,12708
PSK,Гдовский муниципальный район,Муниципальный район,2015,12459
PSK,Гдовский муниципальный район,Муниципальный район,2016,12348
PSK,Гдовский муниципальный район,Муниципальный район,2017,12161
PSK,Гдовский муниципальный район,Муниципальный район,2018,12148
PSK,Гдовский муниципальный район,Муниципальный район,2019,11976
PSK,Гдовский муниципальный район,Муниципальный район,2020,11760
PSK,Гдовский муниципальный район,Муниципальный район,2021,11768
PSK,Гдовский муниципальный район,Муниципальный район,2022,9114
PSK,Гдовский муниципальный район,Муниципальный район,2023,8832
PSK,Гдовский муниципальный район,Муниципальный район,2024,8544
PSK,Гдовский муниципальный район,Муниципальный район,2025,8339
PSK,Город Великие Луки,"Городской округ, городской округ с внутригородским делением",2009,99289
PSK,Город Великие Луки,"Городской округ, городской округ с внутригородским делением",2010,98251
PSK,Город Великие Луки,"Городской округ, городской округ с внутригородским делением",2011,98552
PSK,Город Великие Луки,"Городской округ, городской округ с внутригородским делением",2012,98427
PSK,Город Великие Луки,"Городской округ, городской округ с внутригородским делением",2013,97866
PSK,Город Великие Луки,"Городской округ, городской округ с внутригородским делением",2014,96514
PSK,Город Великие Луки,"Городской округ, городской округ с внутригородским делением",2015,95606
PSK,Город Великие Луки,"Городской округ, городской округ с внутригородским делением",2016,94021
PSK,Город Великие Луки,"Городской округ, городской округ с внутригородским делением",2017,92757
PSK,Город Великие Луки,"Городской округ, городской округ с внутригородским делением",2018,91435
PSK,Город Великие Луки,"Городской округ, городской округ с внутригородским делением",2019,90549
PSK,Город Великие Луки,"Городской округ, городской округ с внутригородским делением",2020,90922
PSK,Город Великие Луки,"Городской округ, городской округ с внутригородским делением",2021,90485
PSK,Город Великие Луки,"Городской округ, городской округ с внутригородским делением",2022,86681
PSK,Город Великие Луки,"Городской округ, городской округ с внутригородским делением",2023,85989
PSK,Город Великие Луки,"Городской округ, городской округ с внутригородским делением",2024,85442
PSK,Город Великие Луки,"Городской округ, городской округ с внутригородским делением",2025,84655
PSK,Город Псков,"Городской округ, городской округ с внутригородским делением",2009,193034
PSK,Город Псков,"Городской округ, городской округ с внутригородским делением",2010,191760
PSK,Город Псков,"Городской округ, городской округ с внутригородским делением",2011,202882
PSK,Город Псков,"Городской округ, городской округ с внутригородским делением",2012,203974
PSK,Город Псков,"Городской округ, городской округ с внутригородским делением",2013,206154
PSK,Город Псков,"Городской округ, городской округ с внутригородским делением",2014,206730
PSK,Город Псков,"Городской округ, городской округ с внутригородским делением",2015,207571
PSK,Город Псков,"Городской округ, городской округ с внутригородским делением",2016,208145
PSK,Город Псков,"Городской округ, городской округ с внутригородским делением",2017,209840
PSK,Город Псков,"Городской округ, городской округ с внутригородским делением",2018,210501
PSK,Город Псков,"Городской округ, городской округ с внутригородским делением",2019,210116
PSK,Город Псков,"Городской округ, городской округ с внутригородским делением",2020,210340
PSK,Город Псков,"Городской округ, городской округ с внутригородским делением",2021,209426
PSK,Город Псков,"Городской округ, городской округ с внутригородским делением",2022,192712
PSK,Город Псков,"Городской округ, городской округ с внутригородским делением",2023,189315
PSK,Город Псков,"Городской округ, городской округ с внутригородским делением",2024,187129
PSK,Город Псков,"Городской округ, городской округ с внутригородским делением",2025,185486
PSK,Дедовичский муниципальный район,Муниципальный район,2009,16086
PSK,Дедовичский муниципальный район,Муниципальный район,2010,15842
PSK,Дедовичский муниципальный район,Муниципальный район,2011,14605
PSK,Дедовичский муниципальный район,Муниципальный район,2012,14122
PSK,Дедовичский муниципальный район,Муниципальный район,2013,13753
PSK,Дедовичский муниципальный район,Муниципальный район,2014,13355
PSK,Дедовичский муниципальный район,Муниципальный район,2015,12976
PSK,Дедовичский муниципальный район,Муниципальный район,2016,12686
PSK,Дедовичский муниципальный район,Муниципальный район,2017,12376
PSK,Дедовичский муниципальный район,Муниципальный район,2018,11986
PSK,Дедовичский муниципальный район,Муниципальный район,2019,11697
PSK,Дедовичский муниципальный район,Муниципальный район,2020,11436
PSK,Дедовичский муниципальный район,Муниципальный район,2021,11225
PSK,Дедовичский муниципальный район,Муниципальный район,2022,11950
PSK,Дедовичский муниципальный район,Муниципальный район,2023,11661
PSK,Дедовичский муниципальный район,Муниципальный район,2024,11451
PSK,Дедовичский муниципальный район,Муниципальный район,2025,11209
PSK,Дновский муниципальный округ,Муниципальный округ,2025,10424
PSK,Дновский муниципальный район,Муниципальный район,2009,13939
PSK,Дновский муниципальный район,Муниципальный район,2010,13633
PSK,Дновский муниципальный район,Муниципальный район,2011,13259
PSK,Дновский муниципальный район,Муниципальный район,2012,12838
PSK,Дновский муниципальный район,Муниципальный район,2013,12418
PSK,Дновский муниципальный район,Муниципальный район,2014,12120
PSK,Дновский муниципальный район,Муниципальный район,2015,11840
PSK,Дновский муниципальный район,Муниципальный район,2016,11662
PSK,Дновский муниципальный район,Муниципальный район,2017,11459
PSK,Дновский муниципальный район,Муниципальный район,2018,11222
PSK,Дновский муниципальный район,Муниципальный район,2019,10971
PSK,Дновский муниципальный район,Муниципальный район,2020,10771
PSK,Дновский муниципальный район,Муниципальный район,2021,10599
PSK,Дновский муниципальный район,Муниципальный район,2022,10850
PSK,Дновский муниципальный район,Муниципальный район,2023,10696
PSK,Дновский муниципальный район,Муниципальный район,2024,10547
PSK,Красногородский муниципальный округ,Муниципальный округ,2024,6202
PSK,Красногородский муниципальный округ,Муниципальный округ,2025,6048
PSK,Красногородский муниципальный район,Муниципальный район,2009,8751
PSK,Красногородский муниципальный район,Муниципальный район,2010,8639
PSK,Красногородский муниципальный район,Муниципальный район,2011,7313
PSK,Красногородский муниципальный район,Муниципальный район,2012,7201
PSK,Красногородский муниципальный район,Муниципальный район,2013,7060
PSK,Красногородский муниципальный район,Муниципальный район,2014,7083
PSK,Красногородский муниципальный район,Муниципальный район,2015,7109
PSK,Красногородский муниципальный район,Муниципальный район,2016,7066
PSK,Красногородский муниципальный район,Муниципальный район,2017,6933
PSK,Красногородский муниципальный район,Муниципальный район,2018,6841
PSK,Красногородский муниципальный район,Муниципальный район,2019,6692
PSK,Красногородский муниципальный район,Муниципальный район,2020,6546
PSK,Красногородский муниципальный район,Муниципальный район,2021,6452
PSK,Красногородский муниципальный район,Муниципальный район,2022,6475
PSK,Красногородский муниципальный район,Муниципальный район,2023,6366
PSK,Куньинский муниципальный район,Муниципальный район,2009,10809
PSK,Куньинский муниципальный район,Муниципальный район,2010,10548
PSK,Куньинский муниципальный район,Муниципальный район,2011,10227
PSK,Куньинский муниципальный район,Муниципальный район,2012,9819
PSK,Куньинский муниципальный район,Муниципальный район,2013,9663
PSK,Куньинский муниципальный район,Муниципальный район,2014,9541
PSK,Куньинский муниципальный район,Муниципальный район,2015,9387
PSK,Куньинский муниципальный район,Муниципальный район,2016,9301
PSK,Куньинский муниципальный район,Муниципальный район,2017,9166
PSK,Куньинский муниципальный район,Муниципальный район,2018,8992
PSK,Куньинский муниципальный район,Муниципальный район,2019,8779
PSK,Куньинский муниципальный район,Муниципальный район,2020,8611
PSK,Куньинский муниципальный район,Муниципальный район,2021,8410
PSK,Куньинский муниципальный район,Муниципальный район,2022,7675
PSK,Куньинский муниципальный район,Муниципальный район,2023,7497
PSK,Куньинский муниципальный район,Муниципальный район,2024,7380
PSK,Куньинский муниципальный район,Муниципальный район,2025,7207
PSK,Локнянский муниципальный округ,Муниципальный округ,2024,7535
PSK,Локнянский муниципальный округ,Муниципальный округ,2025,7372
PSK,Локнянский муниципальный район,Муниципальный район,2009,11488
PSK,Локнянский муниципальный район,Муниципальный район,2010,11328
PSK,Локнянский муниципальный район,Муниципальный район,2011,9492
PSK,Локнянский муниципальный район,Муниципальный район,2012,9354
PSK,Локнянский муниципальный район,Муниципальный район,2013,9119
PSK,Локнянский муниципальный район,Муниципальный район,2014,8887
PSK,Локнянский муниципальный район,Муниципальный район,2015,8615
PSK,Локнянский муниципальный район,Муниципальный район,2016,8419
PSK,Локнянский муниципальный район,Муниципальный район,2017,8222
PSK,Локнянский муниципальный район,Муниципальный район,2018,8067
PSK,Локнянский муниципальный район,Муниципальный район,2019,7757
PSK,Локнянский муниципальный район,Муниципальный район,2020,7597
PSK,Локнянский муниципальный район,Муниципальный район,2021,7407
PSK,Локнянский муниципальный район,Муниципальный район,2022,7818
PSK,Локнянский муниципальный район,Муниципальный район,2023,7595
PSK,Невельский муниципальный округ,Муниципальный округ,2024,20417
PSK,Невельский муниципальный округ,Муниципальный округ,2025,20047
PSK,Невельский муниципальный район,Муниципальный район,2009,27246
PSK,Невельский муниципальный район,Муниципальный район,2010,26831
PSK,Невельский муниципальный район,Муниципальный район,2011,26531
PSK,Невельский муниципальный район,Муниципальный район,2012,25839
PSK,Невельский муниципальный район,Муниципальный район,2013,25246
PSK,Невельский муниципальный район,Муниципальный район,2014,24729
PSK,Невельский муниципальный район,Муниципальный район,2015,24405
PSK,Невельский муниципальный район,Муниципальный район,2016,24363
PSK,Невельский муниципальный район,Муниципальный район,2017,24006
PSK,Невельский муниципальный район,Муниципальный район,2018,23828
PSK,Невельский муниципальный район,Муниципальный район,2019,23308
PSK,Невельский муниципальный район,Муниципальный район,2020,22757
PSK,Невельский муниципальный район,Муниципальный район,2021,22289
PSK,Невельский муниципальный район,Муниципальный район,2022,21353
PSK,Невельский муниципальный район,Муниципальный район,2023,20868
PSK,Новоржевский муниципальный округ,Муниципальный округ,2024,7682
PSK,Новоржевский муниципальный округ,Муниципальный округ,2025,7556
PSK,Новоржевский муниципальный район,Муниципальный район,2009,10547
PSK,Новоржевский муниципальный район,Муниципальный район,2010,10327
PSK,Новоржевский муниципальный район,Муниципальный район,2011,9259
PSK,Новоржевский муниципальный район,Муниципальный район,2012,9163
PSK,Новоржевский муниципальный район,Муниципальный район,2013,8964
PSK,Новоржевский муниципальный район,Муниципальный район,2014,8811
PSK,Новоржевский муниципальный район,Муниципальный район,2015,8583
PSK,Новоржевский муниципальный район,Муниципальный район,2016,8471
PSK,Новоржевский муниципальный район,Муниципальный район,2017,8253
PSK,Новоржевский муниципальный район,Муниципальный район,2018,8044
PSK,Новоржевский муниципальный район,Муниципальный район,2019,7849
PSK,Новоржевский муниципальный район,Муниципальный район,2020,7670
PSK,Новоржевский муниципальный район,Муниципальный район,2021,7500
PSK,Новоржевский муниципальный район,Муниципальный район,2022,7922
PSK,Новоржевский муниципальный район,Муниципальный район,2023,7785
PSK,Новосокольнический муниципальный район,Муниципальный район,2009,17211
PSK,Новосокольнический муниципальный район,Муниципальный район,2010,17022
PSK,Новосокольнический муниципальный район,Муниципальный район,2011,14695
PSK,Новосокольнический муниципальный район,Муниципальный район,2012,14398
PSK,Новосокольнический муниципальный район,Муниципальный район,2013,14090
PSK,Новосокольнический муниципальный район,Муниципальный район,2014,13814
PSK,Новосокольнический муниципальный район,Муниципальный район,2015,13548
PSK,Новосокольнический муниципальный район,Муниципальный район,2016,13372
PSK,Новосокольнический муниципальный район,Муниципальный район,2017,13130
PSK,Новосокольнический муниципальный район,Муниципальный район,2018,12856
PSK,Новосокольнический муниципальный район,Муниципальный район,2019,12580
PSK,Новосокольнический муниципальный район,Муниципальный район,2020,12283
PSK,Новосокольнический муниципальный район,Муниципальный район,2021,11995
PSK,Новосокольнический муниципальный район,Муниципальный район,2022,11858
PSK,Новосокольнический муниципальный район,Муниципальный район,2023,11644
PSK,Новосокольнический муниципальный район,Муниципальный район,2024,11427
PSK,Новосокольнический муниципальный район,Муниципальный район,2025,11228
PSK,Опочецкий муниципальный округ,Муниципальный округ,2024,14690
PSK,Опочецкий муниципальный округ,Муниципальный округ,2025,14449
PSK,Опочецкий муниципальный район,Муниципальный район,2009,21141
PSK,Опочецкий муниципальный район,Муниципальный район,2010,20779
PSK,Опочецкий муниципальный район,Муниципальный район,2011,18556
PSK,Опочецкий муниципальный район,Муниципальный район,2012,18153
PSK,Опочецкий муниципальный район,Муниципальный район,2013,17444
PSK,Опочецкий муниципальный район,Муниципальный район,2014,17012
PSK,Опочецкий муниципальный район,Муниципальный район,2015,16960
PSK,Опочецкий муниципальный район,Муниципальный район,2016,16902
PSK,Опочецкий муниципальный район,Муниципальный район,2017,16697
PSK,Опочецкий муниципальный район,Муниципальный район,2018,16434
PSK,Опочецкий муниципальный район,Муниципальный район,2019,15990
PSK,Опочецкий муниципальный район,Муниципальный район,2020,15495
PSK,Опочецкий муниципальный район,Муниципальный район,2021,15003
PSK,Опочецкий муниципальный район,Муниципальный район,2022,15533
PSK,Опочецкий муниципальный район,Муниципальный район,2023,15063
PSK,Островский муниципальный район,Муниципальный район,2009,33586
PSK,Островский муниципальный район,Муниципальный район,2010,33029
PSK,Островский муниципальный район,Муниципальный район,2011,30984
PSK,Островский муниципальный район,Муниципальный район,2012,30355
PSK,Островский муниципальный район,Муниципальный район,2013,29755
PSK,Островский муниципальный район,Муниципальный район,2014,29804
PSK,Островский муниципальный район,Муниципальный район,2015,29739
PSK,Островский муниципальный район,Муниципальный район,2016,29494
PSK,Островский муниципальный район,Муниципальный район,2017,29163
PSK,Островский муниципальный район,Муниципальный район,2018,28844
PSK,Островский муниципальный район,Муниципальный район,2019,28691
PSK,Островский муниципальный район,Муниципальный район,2020,28467
PSK,Островский муниципальный район,Муниципальный район,2021,28288
PSK,Островский муниципальный район,Муниципальный район,2022,26824
PSK,Островский муниципальный район,Муниципальный район,2023,26776
PSK,Островский муниципальный район,Муниципальный район,2024,26618
PSK,Островский муниципальный район,Муниципальный район,2025,26410
PSK,Палкинский муниципальный район,Муниципальный район,2009,9698
PSK,Палкинский муниципальный район,Муниципальный район,2010,9569
PSK,Палкинский муниципальный район,Муниципальный район,2011,8791
PSK,Палкинский муниципальный район,Муниципальный район,2012,8555
PSK,Палкинский муниципальный район,Муниципальный район,2013,8325
PSK,Палкинский муниципальный район,Муниципальный район,2014,8133
PSK,Палкинский муниципальный район,Муниципальный район,2015,8091
PSK,Палкинский муниципальный район,Муниципальный район,2016,8002
PSK,Палкинский муниципальный район,Муниципальный район,2017,7791
PSK,Палкинский муниципальный район,Муниципальный район,2018,7599
PSK,Палкинский муниципальный район,Муниципальный район,2019,7317
PSK,Палкинский муниципальный район,Муниципальный район,2020,7081
PSK,Палкинский муниципальный район,Муниципальный район,2021,6857
PSK,Палкинский муниципальный район,Муниципальный район,2022,7585
PSK,Палкинский муниципальный район,Муниципальный район,2023,7371
PSK,Палкинский муниципальный район,Муниципальный район,2024,7208
PSK,Палкинский муниципальный район,Муниципальный район,2025,7016
PSK,Печорский муниципальный округ,Муниципальный округ,2024,18184
PSK,Печорский муниципальный округ,Муниципальный округ,2025,17858
PSK,Печорский муниципальный район,Муниципальный район,2009,23025
PSK,Печорский муниципальный район,Муниципальный район,2010,22705
PSK,Печорский муниципальный район,Муниципальный район,2011,22040
PSK,Печорский муниципальный район,Муниципальный район,2012,22013
PSK,Печорский муниципальный район,Муниципальный район,2013,21480
PSK,Печорский муниципальный район,Муниципальный район,2014,21306
PSK,Печорский муниципальный район,Муниципальный район,2015,20930
PSK,Печорский муниципальный район,Муниципальный район,2016,20664
PSK,Печорский муниципальный район,Муниципальный район,2017,20247
PSK,Печорский муниципальный район,Муниципальный район,2018,19802
PSK,Печорский муниципальный район,Муниципальный район,2019,19376
PSK,Печорский муниципальный район,Муниципальный район,2020,18888
PSK,Печорский муниципальный район,Муниципальный район,2021,18406
PSK,Печорский муниципальный район,Муниципальный район,2022,18962
PSK,Печорский муниципальный район,Муниципальный район,2023,18602
PSK,Плюсский муниципальный округ,Муниципальный округ,2025,5942
PSK,Плюсский муниципальный район,Муниципальный район,2009,9939
PSK,Плюсский муниципальный район,Муниципальный район,2010,9684
PSK,Плюсский муниципальный район,Муниципальный район,2011,9142
PSK,Плюсский муниципальный район,Муниципальный район,2012,8920
PSK,Плюсский муниципальный район,Муниципальный район,2013,8669
PSK,Плюсский муниципальный район,Муниципальный район,2014,8434
PSK,Плюсский муниципальный район,Муниципальный район,2015,8232
PSK,Плюсский муниципальный район,Муниципальный район,2016,7996
PSK,Плюсский муниципальный район,Муниципальный район,2017,7749
PSK,Плюсский муниципальный район,Муниципальный район,2018,7508
PSK,Плюсский муниципальный район,Муниципальный район,2019,7266
PSK,Плюсский муниципальный район,Муниципальный район,2020,7179
PSK,Плюсский муниципальный район,Муниципальный район,2021,6958
PSK,Плюсский муниципальный район,Муниципальный район,2022,6627
PSK,Плюсский муниципальный район,Муниципальный район,2023,6386
PSK,Плюсский муниципальный район,Муниципальный район,2024,6131
PSK,Порховский муниципальный округ,Муниципальный округ,2025,14259
PSK,Порховский муниципальный район,Муниципальный район,2009,25036
PSK,Порховский муниципальный район,Муниципальный район,2010,24619
PSK,Порховский муниципальный район,Муниципальный район,2011,21478
PSK,Порховский муниципальный район,Муниципальный район,2012,20830
PSK,Порховский муниципальный район,Муниципальный район,2013,20055
PSK,Порховский муниципальный район,Муниципальный район,2014,19399
PSK,Порховский муниципальный район,Муниципальный район,2015,18896
PSK,Порховский муниципальный район,Муниципальный район,2016,18470
PSK,Порховский муниципальный район,Муниципальный район,2017,17939
PSK,Порховский муниципальный район,Муниципальный район,2018,17428
PSK,Порховский муниципальный район,Муниципальный район,2019,16947
PSK,Порховский муниципальный район,Муниципальный район,2020,16563
PSK,Порховский муниципальный район,Муниципальный район,2021,16060
PSK,Порховский муниципальный район,Муниципальный район,2022,15398
PSK,Порховский муниципальный район,Муниципальный район,2023,15065
PSK,Порховский муниципальный район,Муниципальный район,2024,14635
PSK,Псковский муниципальный район,Муниципальный район,2009,35660
PSK,Псковский муниципальный район,Муниципальный район,2010,35967
PSK,Псковский муниципальный район,Муниципальный район,2011,34329
PSK,Псковский муниципальный район,Муниципальный район,2012,35564
PSK,Псковский муниципальный район,Муниципальный район,2013,36619
PSK,Псковский муниципальный район,Муниципальный район,2014,38260
PSK,Псковский муниципальный район,Муниципальный район,2015,38612
PSK,Псковский муниципальный район,Муниципальный район,2016,38877
PSK,Псковский муниципальный район,Муниципальный район,2017,39962
PSK,Псковский муниципальный район,Муниципальный район,2018,40748
PSK,Псковский муниципальный район,Муниципальный район,2019,41093
PSK,Псковский муниципальный район,Муниципальный район,2020,42364
PSK,Псковский муниципальный район,Муниципальный район,2021,42991
PSK,Псковский муниципальный район,Муниципальный район,2022,43150
PSK,Псковский муниципальный район,Муниципальный район,2023,43640
PSK,Псковский муниципальный район,Муниципальный район,2024,44749
PSK,Псковский муниципальный район,Муниципальный район,2025,45569
PSK,Пустошкинский муниципальный район,Муниципальный район,2009,10185
PSK,Пустошкинский муниципальный район,Муниципальный район,2010,9970
PSK,Пустошкинский муниципальный район,Муниципальный район,2011,9339
PSK,Пустошкинский муниципальный район,Муниципальный район,2012,9191
PSK,Пустошкинский муниципальный район,Муниципальный район,2013,9000
PSK,Пустошкинский муниципальный район,Муниципальный район,2014,8799
PSK,Пустошкинский муниципальный район,Муниципальный район,2015,8657
PSK,Пустошкинский муниципальный район,Муниципальный район,2016,8494
PSK,Пустошкинский муниципальный район,Муниципальный район,2017,8323
PSK,Пустошкинский муниципальный район,Муниципальный район,2018,8087
PSK,Пустошкинский муниципальный район,Муниципальный район,2019,7899
PSK,Пустошкинский муниципальный район,Муниципальный район,2020,7707
PSK,Пустошкинский муниципальный район,Муниципальный район,2021,7565
PSK,Пустошкинский муниципальный район,Муниципальный район,2022,7615
PSK,Пустошкинский муниципальный район,Муниципальный район,2023,7404
PSK,Пустошкинский муниципальный район,Муниципальный район,2024,7174
PSK,Пустошкинский муниципальный район,Муниципальный район,2025,6993
PSK,Пушкиногорский муниципальный район,Муниципальный район,2009,10433
PSK,Пушкиногорский муниципальный район,Муниципальный район,2010,10274
PSK,Пушкиногорский муниципальный район,Муниципальный район,2011,9188
PSK,Пушкиногорский муниципальный район,Муниципальный район,2012,8943
PSK,Пушкиногорский муниципальный район,Муниципальный район,2013,8729
PSK,Пушкиногорский муниципальный район,Муниципальный район,2014,8509
PSK,Пушкиногорский муниципальный район,Муниципальный район,2015,8314
PSK,Пушкиногорский муниципальный район,Муниципальный район,2016,8232
PSK,Пушкиногорский муниципальный район,Муниципальный район,2017,8035
PSK,Пушкиногорский муниципальный район,Муниципальный район,2018,7947
PSK,Пушкиногорский муниципальный район,Муниципальный район,2019,7837
PSK,Пушкиногорский муниципальный район,Муниципальный район,2020,7711
PSK,Пушкиногорский муниципальный район,Муниципальный район,2021,7625
PSK,Пушкиногорский муниципальный район,Муниципальный район,2022,7363
PSK,Пушкиногорский муниципальный район,Муниципальный район,2023,7278
PSK,Пушкиногорский муниципальный район,Муниципальный район,2024,7103
PSK,Пушкиногорский муниципальный район,Муниципальный район,2025,6912
PSK,Пыталовский муниципальный округ,Муниципальный округ,2024,9542
PSK,Пыталовский муниципальный округ,Муниципальный округ,2025,9327
PSK,Пыталовский муниципальный район,Муниципальный район,2009,13239
PSK,Пыталовский муниципальный район,Муниципальный район,2010,13128
PSK,Пыталовский муниципальный район,Муниципальный район,2011,12051
PSK,Пыталовский муниципальный район,Муниципальный район,2012,11925
PSK,Пыталовский муниципальный район,Муниципальный район,2013,11677
PSK,Пыталовский муниципальный район,Муниципальный район,2014,11517
PSK,Пыталовский муниципальный район,Муниципальный район,2015,11307
PSK,Пыталовский муниципальный район,Муниципальный район,2016,11182
PSK,Пыталовский муниципальный район,Муниципальный район,2017,10950
PSK,Пыталовский муниципальный район,Муниципальный район,2018,10803
PSK,Пыталовский муниципальный район,Муниципальный район,2019,10682
PSK,Пыталовский муниципальный район,Муниципальный район,2020,10566
PSK,Пыталовский муниципальный район,Муниципальный район,2021,10478
PSK,Пыталовский муниципальный район,Муниципальный район,2022,9744
PSK,Пыталовский муниципальный район,Муниципальный район,2023,9603
PSK,Себежский муниципальный район,Муниципальный район,2009,22366
PSK,Себежский муниципальный район,Муниципальный район,2010,21886
PSK,Себежский муниципальный район,Муниципальный район,2011,21595
PSK,Себежский муниципальный район,Муниципальный район,2012,21141
PSK,Себежский муниципальный район,Муниципальный район,2013,20650
PSK,Себежский муниципальный район,Муниципальный район,2014,20172
PSK,Себежский муниципальный район,Муниципальный район,2015,19703
PSK,Себежский муниципальный район,Муниципальный район,2016,19527
PSK,Себежский муниципальный район,Муниципальный район,2017,19423
PSK,Себежский муниципальный район,Муниципальный район,2018,19161
PSK,Себежский муниципальный район,Муниципальный район,2019,18833
PSK,Себежский муниципальный район,Муниципальный район,2020,18753
PSK,Себежский муниципальный район,Муниципальный район,2021,18503
PSK,Себежский муниципальный район,Муниципальный район,2022,19040
PSK,Себежский муниципальный район,Муниципальный район,2023,18606
PSK,Себежский муниципальный район,Муниципальный район,2024,18348
PSK,Себежский муниципальный район,Муниципальный район,2025,18046
PSK,Струго-Красненский муниципальный округ,Муниципальный округ,2024,9467
PSK,Струго-Красненский муниципальный округ,Муниципальный округ,2025,9184
PSK,Струго-Красненский муниципальный район,Муниципальный район,2009,14796
PSK,Струго-Красненский муниципальный район,Муниципальный район,2010,14683
PSK,Струго-Красненский муниципальный район,Муниципальный район,2011,13444
PSK,Струго-Красненский муниципальный район,Муниципальный район,2012,12926
PSK,Струго-Красненский муниципальный район,Муниципальный район,2013,12018
PSK,Струго-Красненский муниципальный район,Муниципальный район,2014,11450
PSK,Струго-Красненский муниципальный район,Муниципальный район,2015,11030
PSK,Струго-Красненский муниципальный район,Муниципальный район,2016,10683
PSK,Струго-Красненский муниципальный район,Муниципальный район,2017,10339
PSK,Струго-Красненский муниципальный район,Муниципальный район,2018,10026
PSK,Струго-Красненский муниципальный район,Муниципальный район,2019,10129
PSK,Струго-Красненский муниципальный район,Муниципальный район,2020,9820
PSK,Струго-Красненский муниципальный район,Муниципальный район,2021,9647
PSK,Струго-Красненский муниципальный район,Муниципальный район,2022,10042
PSK,Струго-Красненский муниципальный район,Муниципальный район,2023,9758
PSK,Усвятский муниципальный округ,Муниципальный округ,2025,4699
PSK,Усвятский муниципальный район,Муниципальный район,2009,5595
PSK,Усвятский муниципальный район,Муниципальный район,2010,5529
PSK,Усвятский муниципальный район,Муниципальный район,2011,5571
PSK,Усвятский муниципальный район,Муниципальный район,2012,5407
PSK,Усвятский муниципальный район,Муниципальный район,2013,5265
PSK,Усвятский муниципальный район,Муниципальный район,2014,5164
PSK,Усвятский муниципальный район,Муниципальный район,2015,5071
PSK,Усвятский муниципальный район,Муниципальный район,2016,5050
PSK,Усвятский муниципальный район,Муниципальный район,2017,5035
PSK,Усвятский муниципальный район,Муниципальный район,2018,4990
PSK,Усвятский муниципальный район,Муниципальный район,2019,4932
PSK,Усвятский муниципальный район,Муниципальный район,2020,4858
PSK,Усвятский муниципальный район,Муниципальный район,2021,4773
PSK,Усвятский муниципальный район,Муниципальный район,2022,4830
PSK,Усвятский муниципальный район,Муниципальный район,2023,4747
PSK,Усвятский муниципальный район,Муниципальный район,2024,4720
SMO,Велижский муниципальный округ,Муниципальный округ,2025,8583
SMO,Велижский муниципальный район,Муниципальный район,2009,12649
SMO,Велижский муниципальный район,Муниципальный район,2010,12469
SMO,Велижский муниципальный район,Муниципальный район,2011,12163
SMO,Велижский муниципальный район,Муниципальный район,2012,11888
SMO,Велижский муниципальный район,Муниципальный район,2013,11532
SMO,Велижский муниципальный район,Муниципальный район,2014,11428
SMO,Велижский муниципальный район,Муниципальный район,2015,11114
SMO,Велижский муниципальный район,Муниципальный район,2016,11045
SMO,Велижский муниципальный район,Муниципальный район,2017,10835
SMO,Велижский муниципальный район,Муниципальный район,2018,10539
SMO,Велижский муниципальный район,Муниципальный район,2019,10351
SMO,Велижский муниципальный район,Муниципальный район,2020,10173
SMO,Велижский муниципальный район,Муниципальный район,2021,10117
SMO,Велижский муниципальный район,Муниципальный район,2022,9283
SMO,Велижский муниципальный район,Муниципальный район,2023,8985
SMO,Велижский муниципальный район,Муниципальный район,2024,8848
SMO,Вяземский муниципальный округ,Муниципальный округ,2025,69166
SMO,Вяземский муниципальный район,Муниципальный район,2009,80657
SMO,Вяземский муниципальный район,Муниципальный район,2010,80570
SMO,Вяземский муниципальный район,Муниципальный район,2011,80265
SMO,Вяземский муниципальный район,Муниципальный район,2012,79713
SMO,Вяземский муниципальный район,Муниципальный район,2013,78955
SMO,Вяземский муниципальный район,Муниципальный район,2014,78075
SMO,Вяземский муниципальный район,Муниципальный район,2015,77359
SMO,Вяземский муниципальный район,Муниципальный район,2016,76375
SMO,Вяземский муниципальный район,Муниципальный район,2017,75485
SMO,Вяземский муниципальный район,Муниципальный район,2018,74476
SMO,Вяземский муниципальный район,Муниципальный район,2019,73333
SMO,Вяземский муниципальный район,Муниципальный район,2020,73866
SMO,Вяземский муниципальный район,Муниципальный район,2021,73861
SMO,Вяземский муниципальный район,Муниципальный район,2022,71445
SMO,Вяземский муниципальный район,Муниципальный район,2023,70668
SMO,Вяземский муниципальный район,Муниципальный район,2024,69941
SMO,Гагаринский муниципальный округ,Муниципальный округ,2025,38625
SMO,Гагаринский муниципальный район,Муниципальный район,2009,48912
SMO,Гагаринский муниципальный район,Муниципальный район,2010,48356
SMO,Гагаринский муниципальный район,Муниципальный район,2011,48701
SMO,Гагаринский муниципальный район,Муниципальный район,2012,48037
SMO,Гагаринский муниципальный район,Муниципальный район,2013,47155
SMO,Гагаринский муниципальный район,Муниципальный район,2014,46415
SMO,Гагаринский муниципальный район,Муниципальный район,2015,45940
SMO,Гагаринский муниципальный район,Муниципальный район,2016,45316
SMO,Гагаринский муниципальный район,Муниципальный район,2017,45026
SMO,Гагаринский муниципальный район,Муниципальный район,2018,44649
SMO,Гагаринский муниципальный район,Муниципальный район,2019,44357
SMO,Гагаринский муниципальный район,Муниципальный район,2020,44484
SMO,Гагаринский муниципальный район,Муниципальный район,2021,44183
SMO,Гагаринский муниципальный район,Муниципальный район,2022,41226
SMO,Гагаринский муниципальный район,Муниципальный район,2023,40165
SMO,Гагаринский муниципальный район,Муниципальный район,2024,39257
SMO,Глинковский муниципальный округ,Муниципальный округ,2025,3337
SMO,Глинковский муниципальный район,Муниципальный район,2009,5095
SMO,Глинковский муниципальный район,Муниципальный район,2010,5028
SMO,Глинковский муниципальный район,Муниципальный район,2011,4907
SMO,Глинковский муниципальный район,Муниципальный район,2012,4773
SMO,Глинковский муниципальный район,Муниципальный район,2013,4650
SMO,Глинковский муниципальный район,Муниципальный район,2014,4544
SMO,Глинковский муниципальный район,Муниципальный район,2015,4414
SMO,Глинковский муниципальный район,Муниципальный район,2016,4384
SMO,Глинковский муниципальный район,Муниципальный район,2017,4292
SMO,Глинковский муниципальный район,Муниципальный район,2018,4213
SMO,Глинковский муниципальный район,Муниципальный район,2019,4074
SMO,Глинковский муниципальный район,Муниципальный район,2020,4034
SMO,Глинковский муниципальный район,Муниципальный район,2021,3969
SMO,Глинковский муниципальный район,Муниципальный район,2022,3557
SMO,Глинковский муниципальный район,Муниципальный район,2023,3446
SMO,Глинковский муниципальный район,Муниципальный район,2024,3397
SMO,Демидовский муниципальный округ,Муниципальный округ,2025,10476
SMO,Демидовский муниципальный район,Муниципальный район,2009,15103
SMO,Демидовский муниципальный район,Муниципальный район,2010,14826
SMO,Демидовский муниципальный район,Муниципальный район,2011,13929
SMO,Демидовский муниципальный район,Муниципальный район,2012,13488
SMO,Демидовский муниципальный район,Муниципальный район,2013,13033
SMO,Демидовский муниципальный район,Муниципальный район,2014,12637
SMO,Демидовский муниципальный район,Муниципальный район,2015,12310
SMO,Демидовский муниципальный район,Муниципальный район,2016,11976
SMO,Демидовский муниципальный район,Муниципальный район,2017,11638
SMO,Демидовский муниципальный район,Муниципальный район,2018,11448
SMO,Демидовский муниципальный район,Муниципальный район,2019,11244
SMO,Демидовский муниципальный район,Муниципальный район,2020,11117
SMO,Демидовский муниципальный район,Муниципальный район,2021,10967
SMO,Демидовский муниципальный район,Муниципальный район,2022,10939
SMO,Демидовский муниципальный район,Муниципальный район,2023,10837
SMO,Демидовский муниципальный район,Муниципальный район,2024,10717
SMO,Дорогобужский муниципальный округ,Муниципальный округ,2025,23189
SMO,Дорогобужский муниципальный район,Муниципальный район,2009,29908
SMO,Дорогобужский муниципальный район,Муниципальный район,2010,29650
SMO,Дорогобужский муниципальный район,Муниципальный район,2011,28965
SMO,Дорогобужский муниципальный район,Муниципальный район,2012,28528
SMO,Дорогобужский муниципальный район,Муниципальный район,2013,28148
SMO,Дорогобужский муниципальный район,Муниципальный район,2014,27647
SMO,Дорогобужский муниципальный район,Муниципальный район,2015,27376
SMO,Дорогобужский муниципальный район,Муниципальный район,2016,27118
SMO,Дорогобужский муниципальный район,Муниципальный район,2017,26620
SMO,Дорогобужский муниципальный район,Муниципальный район,2018,25979
SMO,Дорогобужский муниципальный район,Муниципальный район,2019,25355
SMO,Дорогобужский муниципальный район,Муниципальный район,2020,24952
SMO,Дорогобужский муниципальный район,Муниципальный район,2021,24608
SMO,Дорогобужский муниципальный район,Муниципальный район,2022,24610
SMO,Дорогобужский муниципальный район,Муниципальный район,2023,23997
SMO,Дорогобужский муниципальный район,Муниципальный район,2024,23563
SMO,Духовщинский муниципальный округ,Муниципальный округ,2025,13463
SMO,Духовщинский муниципальный район,Муниципальный район,2009,17067
SMO,Духовщинский муниципальный район,Муниципальный район,2010,16871
SMO,Духовщинский муниципальный район,Муниципальный район,2011,16598
SMO,Духовщинский муниципальный район,Муниципальный район,2012,16143
SMO,Духовщинский муниципальный район,Муниципальный район,2013,15765
SMO,Духовщинский муниципальный район,Муниципальный район,2014,15522
SMO,Духовщинский муниципальный район,Муниципальный район,2015,15484
SMO,Духовщинский муниципальный район,Муниципальный район,2016,15475
SMO,Духовщинский муниципальный район,Муниципальный район,2017,15399
SMO,Духовщинский муниципальный район,Муниципальный район,2018,15103
SMO,Духовщинский муниципальный район,Муниципальный район,2019,14803
SMO,Духовщинский муниципальный район,Муниципальный район,2020,14465
SMO,Духовщинский муниципальный район,Муниципальный район,2021,14189
SMO,Духовщинский муниципальный район,Муниципальный район,2022,14259
SMO,Духовщинский муниципальный район,Муниципальный район,2023,13909
SMO,Духовщинский муниципальный район,Муниципальный район,2024,13641
SMO,Ельнинский муниципальный округ,Муниципальный округ,2025,10705
SMO,Ельнинский муниципальный район,Муниципальный район,2009,15319
SMO,Ельнинский муниципальный район,Муниципальный район,2010,15173
SMO,Ельнинский муниципальный район,Муниципальный район,2011,14874
SMO,Ельнинский муниципальный район,Муниципальный район,2012,14710
SMO,Ельнинский муниципальный район,Муниципальный район,2013,14292
SMO,Ельнинский муниципальный район,Муниципальный район,2014,14042
SMO,Ельнинский муниципальный район,Муниципальный район,2015,13846
SMO,Ельнинский муниципальный район,Муниципальный район,2016,13581
SMO,Ельнинский муниципальный район,Муниципальный район,2017,13244
SMO,Ельнинский муниципальный район,Муниципальный район,2018,12838
SMO,Ельнинский муниципальный район,Муниципальный район,2019,12476
SMO,Ельнинский муниципальный район,Муниципальный район,2020,12297
SMO,Ельнинский муниципальный район,Муниципальный район,2021,12047
SMO,Ельнинский муниципальный район,Муниципальный район,2022,11438
SMO,Ельнинский муниципальный район,Муниципальный район,2023,11170
SMO,Ельнинский муниципальный район,Муниципальный район,2024,10930
SMO,Ершичский муниципальный округ,Муниципальный округ,2025,4926
SMO,Ершичский муниципальный район,Муниципальный район,2009,7468
SMO,Ершичский муниципальный район,Муниципальный район,2010,7321
SMO,Ершичский муниципальный район,Муниципальный район,2011,7071
SMO,Ершичский муниципальный район,Муниципальный район,2012,6954
SMO,Ершичский муниципальный район,Муниципальный район,2013,6764
SMO,Ершичский муниципальный район,Муниципальный район,2014,6610
SMO,Ершичский муниципальный район,Муниципальный район,2015,6444
SMO,Ершичский муниципальный район,Муниципальный район,2016,6283
SMO,Ершичский муниципальный район,Муниципальный район,2017,6113
SMO,Ершичский муниципальный район,Муниципальный район,2018,5948
SMO,Ершичский муниципальный район,Муниципальный район,2019,5810
SMO,Ершичский муниципальный район,Муниципальный район,2020,5696
SMO,Ершичский муниципальный район,Муниципальный район,2021,5586
SMO,Ершичский муниципальный район,Муниципальный район,2022,5330
SMO,Ершичский муниципальный район,Муниципальный район,2023,5172
SMO,Ершичский муниципальный район,Муниципальный район,2024,5052
SMO,Кардымовский муниципальный округ,Муниципальный округ,2025,10591
SMO,Кардымовский муниципальный район,Муниципальный район,2009,11951
SMO,Кардымовский муниципальный район,Муниципальный район,2010,11869
SMO,Кардымовский муниципальный район,Муниципальный район,2011,11826
SMO,Кардымовский муниципальный район,Муниципальный район,2012,12070
SMO,Кардымовский муниципальный район,Муниципальный район,2013,12171
SMO,Кардымовский муниципальный район,Муниципальный район,2014,12352
SMO,Кардымовский муниципальный район,Муниципальный район,2015,12499
SMO,Кардымовский муниципальный район,Муниципальный район,2016,12629
SMO,Кардымовский муниципальный район,Муниципальный район,2017,12701
SMO,Кардымовский муниципальный район,Муниципальный район,2018,12562
SMO,Кардымовский муниципальный район,Муниципальный район,2019,12384
SMO,Кардымовский муниципальный район,Муниципальный район,2020,12198
SMO,Кардымовский муниципальный район,Муниципальный район,2021,12148
SMO,Кардымовский муниципальный район,Муниципальный район,2022,10874
SMO,Кардымовский муниципальный район,Муниципальный район,2023,10709
SMO,Кардымовский муниципальный район,Муниципальный район,2024,10664
SMO,Краснинский муниципальный округ,Муниципальный округ,2025,9981
SMO,Краснинский муниципальный район,Муниципальный район,2009,13522
SMO,Краснинский муниципальный район,Муниципальный район,2010,13353
SMO,Краснинский муниципальный район,Муниципальный район,2011,12854
SMO,Краснинский муниципальный район,Муниципальный район,2012,12696
SMO,Краснинский муниципальный район,Муниципальный район,2013,12474
SMO,Краснинский муниципальный район,Муниципальный район,2014,12374
SMO,Краснинский муниципальный район,Муниципальный район,2015,12264
SMO,Краснинский муниципальный район,Муниципальный район,2016,12145
SMO,Краснинский муниципальный район,Муниципальный район,2017,12077
SMO,Краснинский муниципальный район,Муниципальный район,2018,11930
SMO,Краснинский муниципальный район,Муниципальный район,2019,11779
SMO,Краснинский муниципальный район,Муниципальный район,2020,11768
SMO,Краснинский муниципальный район,Муниципальный район,2021,11647
SMO,Краснинский муниципальный район,Муниципальный район,2022,10720
SMO,Краснинский муниципальный район,Муниципальный район,2023,10449
SMO,Краснинский муниципальный район,Муниципальный район,2024,10187
SMO,Монастырщинский муниципальный округ,Муниципальный округ,2025,7570
SMO,Монастырщинский муниципальный район,Муниципальный район,2009,11289
SMO,Монастырщинский муниципальный район,Муниципальный район,2010,11053
SMO,Монастырщинский муниципальный район,Муниципальный район,2011,10710
SMO,Монастырщинский муниципальный район,Муниципальный район,2012,10264
SMO,Монастырщинский муниципальный район,Муниципальный район,2013,9897
SMO,Монастырщинский муниципальный район,Муниципальный район,2014,9548
SMO,Монастырщинский муниципальный район,Муниципальный район,2015,9472
SMO,Монастырщинский муниципальный район,Муниципальный район,2016,9283
SMO,Монастырщинский муниципальный район,Муниципальный район,2017,9195
SMO,Монастырщинский муниципальный район,Муниципальный район,2018,9012
SMO,Монастырщинский муниципальный район,Муниципальный район,2019,8765
SMO,Монастырщинский муниципальный район,Муниципальный район,2020,8691
SMO,Монастырщинский муниципальный район,Муниципальный район,2021,8572
SMO,Монастырщинский муниципальный район,Муниципальный район,2022,8154
SMO,Монастырщинский муниципальный район,Муниципальный район,2023,7915
SMO,Монастырщинский муниципальный район,Муниципальный район,2024,7769
SMO,Новодугинский муниципальный округ,Муниципальный округ,2025,6941
SMO,Новодугинский муниципальный район,Муниципальный район,2009,10754
SMO,Новодугинский муниципальный район,Муниципальный район,2010,10567
SMO,Новодугинский муниципальный район,Муниципальный район,2011,10423
SMO,Новодугинский муниципальный район,Муниципальный район,2012,10228
SMO,Новодугинский муниципальный район,Муниципальный район,2013,9970
SMO,Новодугинский муниципальный район,Муниципальный район,2014,9725
SMO,Новодугинский муниципальный район,Муниципальный район,2015,9603
SMO,Новодугинский муниципальный район,Муниципальный район,2016,9460
SMO,Новодугинский муниципальный район,Муниципальный район,2017,9278
SMO,Новодугинский муниципальный район,Муниципальный район,2018,9099
SMO,Новодугинский муниципальный район,Муниципальный район,2019,8990
SMO,Новодугинский муниципальный район,Муниципальный район,2020,8853
SMO,Новодугинский муниципальный район,Муниципальный район,2021,8672
SMO,Новодугинский муниципальный район,Муниципальный район,2022,7455
SMO,Новодугинский муниципальный район,Муниципальный район,2023,7264
SMO,Новодугинский муниципальный район,Муниципальный район,2024,7059
SMO,Починковский муниципальный округ,Муниципальный округ,2025,23914
SMO,Починковский муниципальный район,Муниципальный район,2009,32904
SMO,Починковский муниципальный район,Муниципальный район,2010,32425
SMO,Починковский муниципальный район,Муниципальный район,2011,30770
SMO,Починковский муниципальный район,Муниципальный район,2012,30425
SMO,Починковский муниципальный район,Муниципальный район,2013,30086
SMO,Починковский муниципальный район,Муниципальный район,2014,29966
SMO,Починковский муниципальный район,Муниципальный район,2015,29851
SMO,Починковский муниципальный район,Муниципальный район,2016,30574
SMO,Починковский муниципальный район,Муниципальный район,2017,30691
SMO,Починковский муниципальный район,Муниципальный район,2018,30131
SMO,Починковский муниципальный район,Муниципальный район,2019,29294
SMO,Починковский муниципальный район,Муниципальный район,2020,29061
SMO,Починковский муниципальный район,Муниципальный район,2021,28689
SMO,Починковский муниципальный район,Муниципальный район,2022,24951
SMO,Починковский муниципальный район,Муниципальный район,2023,24591
SMO,Починковский муниципальный район,Муниципальный район,2024,24335
SMO,Рославльский муниципальный округ,Муниципальный округ,2025,59175
SMO,Рославльский муниципальный район,Муниципальный район,2009,77178
SMO,Рославльский муниципальный район,Муниципальный район,2010,76481
SMO,Рославльский муниципальный район,Муниципальный район,2011,75841
SMO,Рославльский муниципальный район,Муниципальный район,2012,74709
SMO,Рославльский муниципальный район,Муниципальный район,2013,73651
SMO,Рославльский муниципальный район,Муниципальный район,2014,72636
SMO,Рославльский муниципальный район,Муниципальный район,2015,71990
SMO,Рославльский муниципальный район,Муниципальный район,2016,71427
SMO,Рославльский муниципальный район,Муниципальный район,2017,70511
SMO,Рославльский муниципальный район,Муниципальный район,2018,69228
SMO,Рославльский муниципальный район,Муниципальный район,2019,67874
SMO,Рославльский муниципальный район,Муниципальный район,2020,67085
SMO,Рославльский муниципальный район,Муниципальный район,2021,65982
SMO,Рославльский муниципальный район,Муниципальный район,2022,62131
SMO,Рославльский муниципальный район,Муниципальный район,2023,60842
SMO,Рославльский муниципальный район,Муниципальный район,2024,59934
SMO,Руднянский муниципальный округ,Муниципальный округ,2025,20184
SMO,Руднянский муниципальный район,Муниципальный район,2009,25845
SMO,Руднянский муниципальный район,Муниципальный район,2010,25386
SMO,Руднянский муниципальный район,Муниципальный район,2011,25162
SMO,Руднянский муниципальный район,Муниципальный район,2012,24764
SMO,Руднянский муниципальный район,Муниципальный район,2013,24359
SMO,Руднянский муниципальный район,Муниципальный район,2014,24046
SMO,Руднянский муниципальный район,Муниципальный район,2015,23562
SMO,Руднянский муниципальный район,Муниципальный район,2016,23239
SMO,Руднянский муниципальный район,Муниципальный район,2017,22918
SMO,Руднянский муниципальный район,Муниципальный район,2018,22651
SMO,Руднянский муниципальный район,Муниципальный район,2019,22289
SMO,Руднянский муниципальный район,Муниципальный район,2020,22190
SMO,Руднянский муниципальный район,Муниципальный район,2021,21940
SMO,Руднянский муниципальный район,Муниципальный район,2022,21199
SMO,Руднянский муниципальный район,Муниципальный район,2023,20861
SMO,Руднянский муниципальный район,Муниципальный район,2024,20478
SMO,Сафоновский муниципальный округ,Муниципальный округ,2025,49501
SMO,Сафоновский муниципальный район,Муниципальный район,2009,62636
SMO,Сафоновский муниципальный район,Муниципальный район,2010,61933
SMO,Сафоновский муниципальный район,Муниципальный район,2011,61324
SMO,Сафоновский муниципальный район,Муниципальный район,2012,60522
SMO,Сафоновский муниципальный район,Муниципальный район,2013,59756
SMO,Сафоновский муниципальный район,Муниципальный район,2014,59157
SMO,Сафоновский муниципальный район,Муниципальный район,2015,58803
SMO,Сафоновский муниципальный район,Муниципальный район,2016,58538
SMO,Сафоновский муниципальный район,Муниципальный район,2017,58010
SMO,Сафоновский муниципальный район,Муниципальный район,2018,57440
SMO,Сафоновский муниципальный район,Муниципальный район,2019,56451
SMO,Сафоновский муниципальный район,Муниципальный район,2020,55719
SMO,Сафоновский муниципальный район,Муниципальный район,2021,54986
SMO,Сафоновский муниципальный район,Муниципальный район,2022,51350
SMO,Сафоновский муниципальный район,Муниципальный район,2023,50411
SMO,Сафоновский муниципальный район,Муниципальный район,2024,49887
SMO,Смоленский муниципальный округ,Муниципальный округ,2025,61815
SMO,Смоленский муниципальный район,Муниципальный район,2009,45275
SMO,Смоленский муниципальный район,Муниципальный район,2010,45027
SMO,Смоленский муниципальный район,Муниципальный район,2011,44958
SMO,Смоленский муниципальный район,Муниципальный район,2012,47428
SMO,Смоленский муниципальный район,Муниципальный район,2013,50241
SMO,Смоленский муниципальный район,Муниципальный район,2014,50548
SMO,Смоленский муниципальный район,Муниципальный район,2015,53889
SMO,Смоленский муниципальный район,Муниципальный район,2016,54078
SMO,Смоленский муниципальный район,Муниципальный район,2017,54455
SMO,Смоленский муниципальный район,Муниципальный район,2018,59450
SMO,Смоленский муниципальный район,Муниципальный район,2019,63140
SMO,Смоленский муниципальный район,Муниципальный район,2020,63947
SMO,Смоленский муниципальный район,Муниципальный район,2021,61385
SMO,Смоленский муниципальный район,Муниципальный район,2022,60330
SMO,Смоленский муниципальный район,Муниципальный район,2023,60785
SMO,Смоленский муниципальный район,Муниципальный район,2024,61413
SMO,Сычевский муниципальный район,Муниципальный район,2009,14519
SMO,Сычевский муниципальный район,Муниципальный район,2010,14265
SMO,Сычевский муниципальный район,Муниципальный район,2011,14100
SMO,Сычевский муниципальный район,Муниципальный район,2012,13810
SMO,Сычевский муниципальный район,Муниципальный район,2013,13572
SMO,Сычевский муниципальный район,Муниципальный район,2014,13877
SMO,Сычевский муниципальный район,Муниципальный район,2015,13807
SMO,Сычевский муниципальный район,Муниципальный район,2016,13745
SMO,Сычевский муниципальный район,Муниципальный район,2017,13604
SMO,Сычевский муниципальный район,Муниципальный район,2018,13493
SMO,Сычевский муниципальный район,Муниципальный район,2019,13421
SMO,Сычевский муниципальный район,Муниципальный район,2020,13402
SMO,Сычевский муниципальный район,Муниципальный район,2021,13348
SMO,Сычевский муниципальный район,Муниципальный район,2022,12244
SMO,Сычевский муниципальный район,Муниципальный район,2023,12064
SMO,Сычевский муниципальный район,Муниципальный район,2024,11980
SMO,Сычёвский муниципальный округ,Муниципальный округ,2025,11844
SMO,Темкинский муниципальный район,Муниципальный район,2009,6447
SMO,Темкинский муниципальный район,Муниципальный район,2010,6407
SMO,Темкинский муниципальный район,Муниципальный район,2011,6311
SMO,Темкинский муниципальный район,Муниципальный район,2012,6221
SMO,Темкинский муниципальный район,Муниципальный район,2013,6142
SMO,Темкинский муниципальный район,Муниципальный район,2014,6070
SMO,Темкинский муниципальный район,Муниципальный район,2015,5971
SMO,Темкинский муниципальный район,Муниципальный район,2016,5960
SMO,Темкинский муниципальный район,Муниципальный район,2017,5908
SMO,Темкинский муниципальный район,Муниципальный район,2018,5860
SMO,Темкинский муниципальный район,Муниципальный район,2019,5774
SMO,Темкинский муниципальный район,Муниципальный район,2020,5653
SMO,Темкинский муниципальный район,Муниципальный район,2021,5561
SMO,Темкинский муниципальный район,Муниципальный район,2022,4343
SMO,Темкинский муниципальный район,Муниципальный район,2023,4250
SMO,Темкинский муниципальный район,Муниципальный район,2024,4146
SMO,Тёмкинский муниципальный округ,Муниципальный округ,2025,4008
SMO,Угранский муниципальный округ,Муниципальный округ,2025,6369
SMO,Угранский муниципальный район,Муниципальный район,2009,9389
SMO,Угранский муниципальный район,Муниципальный район,2010,9312
SMO,Угранский муниципальный район,Муниципальный район,2011,8884
SMO,Угранский муниципальный район,Муниципальный район,2012,8677
SMO,Угранский муниципальный район,Муниципальный район,2013,8503
SMO,Угранский муниципальный район,Муниципальный район,2014,8270
SMO,Угранский муниципальный район,Муниципальный район,2015,8190
SMO,Угранский муниципальный район,Муниципальный район,2016,7992
SMO,Угранский муниципальный район,Муниципальный район,2017,7758
SMO,Угранский муниципальный район,Муниципальный район,2018,7503
SMO,Угранский муниципальный район,Муниципальный район,2019,7296
SMO,Угранский муниципальный район,Муниципальный район,2020,7185
SMO,Угранский муниципальный район,Муниципальный район,2021,7082
SMO,Угранский муниципальный район,Муниципальный район,2022,6848
SMO,Угранский муниципальный район,Муниципальный район,2023,6699
SMO,Угранский муниципальный район,Муниципальный район,2024,6524
SMO,Хиславичский муниципальный округ,Муниципальный округ,2025,6268
SMO,Хиславичский муниципальный район,Муниципальный район,2009,9745
SMO,Хиславичский муниципальный район,Муниципальный район,2010,9516
SMO,Хиславичский муниципальный район,Муниципальный район,2011,9030
SMO,Хиславичский муниципальный район,Муниципальный район,2012,8740
SMO,Хиславичский муниципальный район,Муниципальный район,2013,8536
SMO,Хиславичский муниципальный район,Муниципальный район,2014,8327
SMO,Хиславичский муниципальный район,Муниципальный район,2015,8106
SMO,Хиславичский муниципальный район,Муниципальный район,2016,7967
SMO,Хиславичский муниципальный район,Муниципальный район,2017,7887
SMO,Хиславичский муниципальный район,Муниципальный район,2018,7735
SMO,Хиславичский муниципальный район,Муниципальный район,2019,7607
SMO,Хиславичский муниципальный район,Муниципальный район,2020,7618
SMO,Хиславичский муниципальный район,Муниципальный район,2021,7478
SMO,Хиславичский муниципальный район,Муниципальный район,2022,6675
SMO,Хиславичский муниципальный район,Муниципальный район,2023,6535
SMO,Хиславичский муниципальный район,Муниципальный район,2024,6419
SMO,Холм-Жирковский муниципальный округ,Муниципальный округ,2025,7566
SMO,Холм-Жирковский муниципальный район,Муниципальный район,2009,11110
SMO,Холм-Жирковский муниципальный район,Муниципальный район,2010,10934
SMO,Холм-Жирковский муниципальный район,Муниципальный район,2011,10660
SMO,Холм-Жирковский муниципальный район,Муниципальный район,2012,10369
SMO,Холм-Жирковский муниципальный район,Муниципальный район,2013,10119
SMO,Холм-Жирковский муниципальный район,Муниципальный район,2014,9883
SMO,Холм-Жирковский муниципальный район,Муниципальный район,2015,9754
SMO,Холм-Жирковский муниципальный район,Муниципальный район,2016,9642
SMO,Холм-Жирковский муниципальный район,Муниципальный район,2017,9536
SMO,Холм-Жирковский муниципальный район,Муниципальный район,2018,9374
SMO,Холм-Жирковский муниципальный район,Муниципальный район,2019,9110
SMO,Холм-Жирковский муниципальный район,Муниципальный район,2020,8966
SMO,Холм-Жирковский муниципальный район,Муниципальный район,2021,8784
SMO,Холм-Жирковский муниципальный район,Муниципальный район,2022,8198
SMO,Холм-Жирковский муниципальный район,Муниципальный район,2023,7916
SMO,Холм-Жирковский муниципальный район,Муниципальный район,2024,7716
SMO,Шумячский муниципальный округ,Муниципальный округ,2025,7753
SMO,Шумячский муниципальный район,Муниципальный район,2009,11362
SMO,Шумячский муниципальный район,Муниципальный район,2010,11128
SMO,Шумячский муниципальный район,Муниципальный район,2011,10627
SMO,Шумячский муниципальный район,Муниципальный район,2012,10342
SMO,Шумячский муниципальный район,Муниципальный район,2013,10208
SMO,Шумячский муниципальный район,Муниципальный район,2014,10031
SMO,Шумячский муниципальный район,Муниципальный район,2015,9909
SMO,Шумячский муниципальный район,Муниципальный район,2016,9759
SMO,Шумячский муниципальный район,Муниципальный район,2017,9608
SMO,Шумячский муниципальный район,Муниципальный район,2018,9375
SMO,Шумячский муниципальный район,Муниципальный район,2019,9104
SMO,Шумячский муниципальный район,Муниципальный район,2020,8973
SMO,Шумячский муниципальный район,Муниципальный район,2021,8749
SMO,Шумячский муниципальный район,Муниципальный район,2022,8463
SMO,Шумячский муниципальный район,Муниципальный район,2023,8196
SMO,Шумячский муниципальный район,Муниципальный район,2024,7974
SMO,Ярцевский муниципальный округ,Муниципальный округ,2025,46216
SMO,Ярцевский муниципальный район,Муниципальный район,2009,57342
SMO,Ярцевский муниципальный район,Муниципальный район,2010,56919
SMO,Ярцевский муниципальный район,Муниципальный район,2011,55635
SMO,Ярцевский муниципальный район,Муниципальный район,2012,55619
SMO,Ярцевский муниципальный район,Муниципальный район,2013,55099
SMO,Ярцевский муниципальный район,Муниципальный район,2014,54440
SMO,Ярцевский муниципальный район,Муниципальный район,2015,54231
SMO,Ярцевский муниципальный район,Муниципальный район,2016,53403
SMO,Ярцевский муниципальный район,Муниципальный район,2017,52419
SMO,Ярцевский муниципальный район,Муниципальный район,2018,51481
SMO,Ярцевский муниципальный район,Муниципальный район,2019,50497
SMO,Ярцевский муниципальный район,Муниципальный район,2020,49742
SMO,Ярцевский муниципальный район,Муниципальный район,2021,49324
SMO,Ярцевский муниципальный район,Муниципальный район,2022,48107
SMO,Ярцевский муниципальный район,Муниципальный район,2023,47353
SMO,Ярцевский муниципальный район,Муниципальный район,2024,46827
SMO,город Десногорск,Городские округа,2009,30695
SMO,город Десногорск,Городские округа,2010,30575
SMO,город Десногорск,Городские округа,2011,29653
SMO,город Десногорск,Городские округа,2012,29420
SMO,город Десногорск,Городские округа,2013,29140
SMO,город Десногорск,Городские округа,2014,28765
SMO,город Десногорск,Городские округа,2015,28554
SMO,город Десногорск,Городские округа,2016,28330
SMO,город Десногорск,Городские округа,2017,28140
SMO,город Десногорск,Городские округа,2018,27806
SMO,город Десногорск,Городские округа,2019,27358
SMO,город Десногорск,Городские округа,2020,27259
SMO,город Десногорск,Городские округа,2021,27083
SMO,город Десногорск,Городские округа,2022,25320
SMO,город Десногорск,Городские округа,2023,24956
SMO,город Десногорск,Городские округа,2024,24684
SMO,город Десногорск,Городские округа,2025,24470
SMO,город Смоленск,Городские округа,2009,326570
SMO,город Смоленск,Городские округа,2010,325604
SMO,город Смоленск,Городские округа,2011,326646
SMO,город Смоленск,Городские округа,2012,329944
SMO,город Смоленск,Городские округа,2013,330970
SMO,город Смоленск,Городские округа,2014,330961
SMO,город Смоленск,Городские округа,2015,330049
SMO,город Смоленск,Городские округа,2016,328906
SMO,город Смоленск,Городские округа,2017,329853
SMO,город Смоленск,Городские округа,2018,330025
SMO,город Смоленск,Городские округа,2019,329427
SMO,город Смоленск,Городские округа,2020,325495
SMO,город Смоленск,Городские округа,2021,320170
SMO,город Смоленск,Городские округа,2022,317451
SMO,город Смоленск,Городские округа,2023,312896
SMO,город Смоленск,Городские округа,2024,310645
SMO,город Смоленск,Городские округа,2025,310460
