table,oblast_code,row,population
VPN2002_T1.4,BRY,Городское население,943382
VPN2002_T1.4,BRY,Сельское население,435559
VPN2002_T1.4,BRY,г. Брянск с подчиненными его администрации населенными пунктами - городское население,450289
VPN2002_T1.4,BRY,г. Брянск,431526
VPN2002_T1.4,BRY,Бежицкий,160036
VPN2002_T1.4,BRY,Володарский,78145
VPN2002_T1.4,BRY,Советский,117879
VPN2002_T1.4,BRY,Фокинский,75466
VPN2002_T1.4,BRY,пгт Белые Берега,10637
VPN2002_T1.4,BRY,пгт Большое Полпино,4613
VPN2002_T1.4,BRY,пгт Радица-Крыловка,3513
VPN2002_T1.4,BRY,г. Дятьково,33600
VPN2002_T1.4,BRY,г. Клинцы с подчиненными его администрации населенными пунктами - городское население,75198
VPN2002_T1.4,BRY,г. Клинцы,67325
VPN2002_T1.4,BRY,пгт Ардонь,2831
VPN2002_T1.4,BRY,пгт Займище,5042
VPN2002_T1.4,BRY,г. Новозыбков,43038
VPN2002_T1.4,BRY,г. Сельцо,19140
VPN2002_T1.4,BRY,Брасовский район,24972
VPN2002_T1.4,BRY,Городское население - пгт Локоть (рц),12094
VPN2002_T1.4,BRY,Брянский район - сельское население,52959
VPN2002_T1.4,BRY,с. Глинищево,4241
VPN2002_T1.4,BRY,д. Добрунь,4207
VPN2002_T1.4,BRY,п. Путевка,3730
VPN2002_T1.4,BRY,п. Свень,3562
VPN2002_T1.4,BRY,с. Супонево,8004
VPN2002_T1.4,BRY,прочие сельские населенные пункты,29215
VPN2002_T1.4,BRY,Выгоничский район,22770
VPN2002_T1.4,BRY,Городское население - пгт Выгоничи (рц),5189
VPN2002_T1.4,BRY,с. Кокино,4710
VPN2002_T1.4,BRY,Гордеевский район,13956
VPN2002_T1.4,BRY,Городское население - пгт Мирный,1555
VPN2002_T1.4,BRY,с. Гордеевка (рц),3066
VPN2002_T1.4,BRY,Дубровский район,23145
VPN2002_T1.4,BRY,Городское население - пгт Дубровка (рц),8598
VPN2002_T1.4,BRY,п. Сеща,5140
VPN2002_T1.4,BRY,Дятьковский район,45773
VPN2002_T1.4,BRY,г. Фокино,15504
VPN2002_T1.4,BRY,пгт Бытошь,4515
VPN2002_T1.4,BRY,пгт Ивот,6422
VPN2002_T1.4,BRY,пгт Любохна,5293
VPN2002_T1.4,BRY,пгт Старь,5096
VPN2002_T1.4,BRY,Жирятинский район - сельское население,8207
VPN2002_T1.4,BRY,с. Жирятино (рц),2371
VPN2002_T1.4,BRY,Жуковский район,39770
VPN2002_T1.4,BRY,г. Жуковка (рц),19731
VPN2002_T1.4,BRY,пгт Ржаница,5388
VPN2002_T1.4,BRY,Злынковский район,14056
VPN2002_T1.4,BRY,г. Злынка (рц),5372
VPN2002_T1.4,BRY,пгт Вышков,2940
VPN2002_T1.4,BRY,Карачевский район,37857
VPN2002_T1.4,BRY,Городское население - г. Карачев (рц),20175
VPN2002_T1.4,BRY,Клетнянский район,22501
VPN2002_T1.4,BRY,Городское население - пгт Клетня (рц),13936
VPN2002_T1.4,BRY,Климовский район,34556
VPN2002_T1.4,BRY,Городское население - пгт Климово (рц),14776
VPN2002_T1.4,BRY,Клинцовский район - сельское население,23581
VPN2002_T1.4,BRY,Комаричский район,20065
VPN2002_T1.4,BRY,пгт Комаричи (рц),7234
VPN2002_T1.4,BRY,пгт Лопандино,1977
VPN2002_T1.4,BRY,Красногорский район,16863
VPN2002_T1.4,BRY,Городское население - пгт Красная Гора (рц),6599
VPN2002_T1.4,BRY,Мглинский район,22551
VPN2002_T1.4,BRY,Городское население - г. Мглин (рц),8261
VPN2002_T1.4,BRY,Навлинский район,29783
VPN2002_T1.4,BRY,пгт Навля (рц),14014
VPN2002_T1.4,BRY,пгт Алтухово,1947
VPN2002_T1.4,BRY,Новозыбковский район - сельское население,14170
VPN2002_T1.4,BRY,Погарский район,35588
VPN2002_T1.4,BRY,Городское население - пгт Погар (рц),11471
VPN2002_T1.4,BRY,Почепский район,46972
VPN2002_T1.4,BRY,г. Почеп (рц),17064
VPN2002_T1.4,BRY,пгт Рамасуха,564
VPN2002_T1.4,BRY,Рогнединский район,8952
VPN2002_T1.4,BRY,Городское население - пгт Рогнедино (рц),3354
VPN2002_T1.4,BRY,Севский район,18759
VPN2002_T1.4,BRY,Городское население - г. Севск (рц),7660
VPN2002_T1.4,BRY,Стародубский район,44573
VPN2002_T1.4,BRY,Городское население - г. Стародуб (рц),18643
VPN2002_T1.4,BRY,Суземский район,19513
VPN2002_T1.4,BRY,пгт Суземка (рц),9712
VPN2002_T1.4,BRY,пгт Кокоревка,2452
VPN2002_T1.4,BRY,Суражский район,27223
VPN2002_T1.4,BRY,Городское население - г. Сураж (рц),12046
VPN2002_T1.4,BRY,Трубчевский район,41690
VPN2002_T1.4,BRY,г. Трубчевск (рц),16342
VPN2002_T1.4,BRY,пгт Белая Березка,7154
VPN2002_T1.4,BRY,Унечский район,46871
VPN2002_T1.4,BRY,Городское население - г. Унеча (рц),29039
VPN2002_T1.4,SMO,Городское население,743599
VPN2002_T1.4,SMO,Сельское население,305975
VPN2002_T1.4,SMO,г. Смоленск,325137
VPN2002_T1.4,SMO,Заднепровский,90834
VPN2002_T1.4,SMO,Ленинский,106309
VPN2002_T1.4,SMO,Промышленный,127994
VPN2002_T1.4,SMO,г. Десногорск,32070
VPN2002_T1.4,SMO,Велижский район,14329
VPN2002_T1.4,SMO,Городское население - г. Велиж (рц),8343
VPN2002_T1.4,SMO,Вяземский район,81305
VPN2002_T1.4,SMO,Городское население - г. Вязьма (рц),57545
VPN2002_T1.4,SMO,п. Городок,3693
VPN2002_T1.4,SMO,прочие сельские населенные пункты,20067
VPN2002_T1.4,SMO,Гагаринский район,46401
VPN2002_T1.4,SMO,Городское население - г. Гагарин (рц),28789
VPN2002_T1.4,SMO,Глинковский район - сельское население,6149
VPN2002_T1.4,SMO,п. Глинка (рц),2017
VPN2002_T1.4,SMO,Демидовский район,18167
VPN2002_T1.4,SMO,г. Демидов (рц),8786
VPN2002_T1.4,SMO,пгт Пржевальское,2110
VPN2002_T1.4,SMO,Дорогобужский район,32672
VPN2002_T1.4,SMO,г. Дорогобуж (рц),12250
VPN2002_T1.4,SMO,пгт Верхнеднепровский,14278
VPN2002_T1.4,SMO,Духовщинский район,19182
VPN2002_T1.4,SMO,г. Духовщина (рц),4683
VPN2002_T1.4,SMO,пгт Озерный,6380
VPN2002_T1.4,SMO,Ельнинский район,17457
VPN2002_T1.4,SMO,Городское население - г. Ельня (рц),10798
VPN2002_T1.4,SMO,Ершичский район - сельское население,8859
VPN2002_T1.4,SMO,с. Ершичи (рц),3326
VPN2002_T1.4,SMO,Кардымовский район,12521
VPN2002_T1.4,SMO,Городское население - пгт Кардымово (рц),5084
VPN2002_T1.4,SMO,Краснинский район,15537
VPN2002_T1.4,SMO,Городское население - пгт Красный (рц),4714
VPN2002_T1.4,SMO,п. Гусино,3298
VPN2002_T1.4,SMO,Монастырщинский район,13876
VPN2002_T1.4,SMO,Городское население - пгт Монастырщина (рц),4622
VPN2002_T1.4,SMO,Новодугинский район,11860
VPN2002_T1.4,SMO,Городское население - пгт Новодугино (рц),3999
VPN2002_T1.4,SMO,Починковский район,37537
VPN2002_T1.4,SMO,Городское население - г. Починок (рц),9578
VPN2002_T1.4,SMO,п. Стодолище,3284
VPN2002_T1.4,SMO,д. Шаталово,4254
VPN2002_T1.4,SMO,Рославльский район,81307
VPN2002_T1.4,SMO,г. Рославль (рц),57701
VPN2002_T1.4,SMO,пгт Екимовичи,1575
VPN2002_T1.4,SMO,пгт Остер,1945
VPN2002_T1.4,SMO,Руднянский район,28037
VPN2002_T1.4,SMO,г. Рудня (рц),9853
VPN2002_T1.4,SMO,пгт Голынки,3884
VPN2002_T1.4,SMO,Сафоновский район,65251
VPN2002_T1.4,SMO,г. Сафоново (рц),48209
VPN2002_T1.4,SMO,пгт Издешково,1944
VPN2002_T1.4,SMO,Смоленский район - сельское население,47281
VPN2002_T1.4,SMO,п. Печерск,3750
VPN2002_T1.4,SMO,Сычевский район,15835
VPN2002_T1.4,SMO,Городское население - г. Сычевка (рц),8683
VPN2002_T1.4,SMO,Темкинский район - сельское население,6916
VPN2002_T1.4,SMO,с. Темкино (рц),2452
VPN2002_T1.4,SMO,Угранский район,11022
VPN2002_T1.4,SMO,Городское население - пгт Угра (рц),4848
VPN2002_T1.4,SMO,Хиславичский район,12007
VPN2002_T1.4,SMO,Городское население - пгт Хиславичи (рц),4617
VPN2002_T1.4,SMO,Холм-Жирковский район,12815
VPN2002_T1.4,SMO,Городское население - пгт Холм-Жирковский (рц),3826
VPN2002_T1.4,SMO,Шумячский район,14032
VPN2002_T1.4,SMO,Городское население - пгт Шумячи (рц),4731
VPN2002_T1.4,SMO,Ярцевский район,62012
VPN2002_T1.4,SMO,Городское население - г. Ярцево (рц),52617
VPN2002_T1.4,PSK,Городское население,502654
VPN2002_T1.4,PSK,Сельское население,258156
VPN2002_T1.4,PSK,г. Псков,202780
VPN2002_T1.4,PSK,г. Великие Луки,104979
VPN2002_T1.4,PSK,Бежаницкий район,17547
VPN2002_T1.4,PSK,пгт Бежаницы (рц),4846
VPN2002_T1.4,PSK,пгт Красный Луч,1494
VPN2002_T1.4,PSK,Великолукский район - сельское население,24035
VPN2002_T1.4,PSK,Гдовский район,17715
VPN2002_T1.4,PSK,Городское население - г. Гдов (рц),5171
VPN2002_T1.4,PSK,Дедовичский район,17881
VPN2002_T1.4,PSK,Городское население - пгт Дедовичи (рц),9881
VPN2002_T1.4,PSK,Дновский район,16048
VPN2002_T1.4,PSK,Городское население - г. Дно (рц),10049
VPN2002_T1.4,PSK,Красногородский район,9800
VPN2002_T1.4,PSK,Городское население - пгт Красногородск (рц),4694
VPN2002_T1.4,PSK,Куньинский район,12928
VPN2002_T1.4,PSK,Городское население - пгт Кунья (рц),3527
VPN2002_T1.4,PSK,Локнянский район,13268
VPN2002_T1.4,PSK,Городское население - пгт Локня (рц),4898
VPN2002_T1.4,PSK,Невельский район,31419
VPN2002_T1.4,PSK,Городское население - г. Невель (рц),18545
VPN2002_T1.4,PSK,Новоржевский район,12217
VPN2002_T1.4,PSK,Городское население - г. Новоржев (рц),4125
VPN2002_T1.4,PSK,Новосокольнический район,19389
VPN2002_T1.4,PSK,Городское население - г. Новосокольники (рц),9757
VPN2002_T1.4,PSK,Опочецкий район,23973
VPN2002_T1.4,PSK,Городское население - г. Опочка (рц),13964
VPN2002_T1.4,PSK,Островский район,36685
VPN2002_T1.4,PSK,Городское население - г. Остров (рц),25078
VPN2002_T1.4,PSK,Палкинский район,10520
VPN2002_T1.4,PSK,Городское население - пгт Палкино (рц),3201
VPN2002_T1.4,PSK,Печорский район,25300
VPN2002_T1.4,PSK,Городское население - г. Печоры (рц),13056
VPN2002_T1.4,PSK,Плюсский район,11610
VPN2002_T1.4,PSK,пгт Плюсса (рц),3856
VPN2002_T1.4,PSK,пгт Заплюсье,1393
VPN2002_T1.4,PSK,Порховский район,28470
VPN2002_T1.4,PSK,Городское население - г. Порхов (рц),12263
VPN2002_T1.4,PSK,Псковский район - сельское население,37216
VPN2002_T1.4,PSK,с. Середка,3831
VPN2002_T1.4,PSK,прочие сельские населенные пункты,33385
VPN2002_T1.4,PSK,Пустошкинский район,12071
VPN2002_T1.4,PSK,Городское население - г. Пустошка (рц),5509
VPN2002_T1.4,PSK,Пушкиногорский район,11694
VPN2002_T1.4,PSK,Городское население - пгт Пушкинские Горы (рц),6089
VPN2002_T1.4,PSK,Пыталовский район,14853
VPN2002_T1.4,PSK,Городское население - г. Пыталово (рц),6806
VPN2002_T1.4,PSK,Себежский район,25473
VPN2002_T1.4,PSK,г. Себеж (рц),7138
VPN2002_T1.4,PSK,пгт Идрица,5784
VPN2002_T1.4,PSK,пгт Сосновый Бор,1861
VPN2002_T1.4,PSK,Стругокрасненский район,16579
VPN2002_T1.4,PSK,Городское население - пгт Струги Красные (рц),8762
VPN2002_T1.4,PSK,Усвятский район,6360
VPN2002_T1.4,PSK,Городское население - пгт Усвяты (рц),3148
VPN2002_T1.4,PSK,г. Санкт-Петербург - городское население,4661219
VPN2002_T1.4,PSK,Адмиралтейский административный район,187837
VPN2002_T1.4,PSK,Коломна,37642
VPN2002_T1.4,PSK,Сенной,28105
VPN2002_T1.4,PSK,Адмиралтейский,30533
VPN2002_T1.4,PSK,N 4,29572
VPN2002_T1.4,PSK,Измайловское,30415
VPN2002_T1.4,PSK,N 6,31570
VPN2002_T1.4,PSK,Василеостровский административный район,199692
VPN2002_T1.4,PSK,N 7,45696
VPN2002_T1.4,PSK,N 8,32793
VPN2002_T1.4,PSK,N 9,35766
VPN2002_T1.4,PSK,Морской,31555
VPN2002_T1.4,PSK,N 11,53882
VPN2002_T1.4,PSK,Выборгский административный район,419567
VPN2002_T1.4,PSK,п. Левашово,4095
VPN2002_T1.4,PSK,п. Парголово,12225
VPN2002_T1.4,PSK,Сампсониевское,39250
VPN2002_T1.4,PSK,Светлановское,83782
VPN2002_T1.4,PSK,Сосновское,60675
VPN2002_T1.4,PSK,N 15,64320
VPN2002_T1.4,PSK,Парнас,67709
VPN2002_T1.4,PSK,Шувалово-Озерки,87511
VPN2002_T1.4,PSK,Приморский административный район,393960
VPN2002_T1.4,PSK,Муниципальное образование - п. Лисий Нос,2563
VPN2002_T1.4,PSK,Лахта-Ольгино,2901
VPN2002_T1.4,PSK,N 65,83952
VPN2002_T1.4,PSK,N 66,53717
VPN2002_T1.4,PSK,Комендантский Аэродром,71968
VPN2002_T1.4,PSK,N 68,78714
VPN2002_T1.4,PSK,Юнтолово,74382
VPN2002_T1.4,PSK,N 70,25763
VPN2002_T1.4,PSK,Калининский административный район,469409
VPN2002_T1.4,PSK,Гражданка,74009
VPN2002_T1.4,PSK,Академический,93535
VPN2002_T1.4,PSK,N 20,53916
VPN2002_T1.4,PSK,N 21,72403
VPN2002_T1.4,PSK,Пискаревка,59004
VPN2002_T1.4,PSK,Северный,51605
VPN2002_T1.4,PSK,Прометей,64937
VPN2002_T1.4,PSK,Кировский административный район,338820
VPN2002_T1.4,PSK,N 25,60036
VPN2002_T1.4,PSK,Ульянка,75533
VPN2002_T1.4,PSK,N 27,76229
VPN2002_T1.4,PSK,Автово,49022
VPN2002_T1.4,PSK,Нарвский,29822
VPN2002_T1.4,PSK,N 30,37891
VPN2002_T1.4,PSK,N 31,10287
VPN2002_T1.4,PSK,Колпинский административный район,175396
VPN2002_T1.4,PSK,г. Колпино,136632
VPN2002_T1.4,PSK,п. Металлострой,25675
VPN2002_T1.4,PSK,п. Петро-Славянка,1337
VPN2002_T1.4,PSK,п. Понтонный,9199
VPN2002_T1.4,PSK,п. Саперный,1401
VPN2002_T1.4,PSK,п. Усть-Ижора,1152
VPN2002_T1.4,PSK,Красногвардейский административный район,336342
VPN2002_T1.4,PSK,Полюстрово,51529
VPN2002_T1.4,PSK,N 33,56648
VPN2002_T1.4,PSK,N 34,48627
VPN2002_T1.4,PSK,N 35,123583
VPN2002_T1.4,PSK,Ржевка,55955
VPN2002_T1.4,PSK,Красносельский административный район,305129
VPN2002_T1.4,PSK,Муниципальное образование - г. Красное Село,44081
VPN2002_T1.4,PSK,N 37,64261
VPN2002_T1.4,PSK,N 38,50610
VPN2002_T1.4,PSK,Сосновая Поляна,45742
VPN2002_T1.4,PSK,Урицк,49048
VPN2002_T1.4,PSK,N 41,34747
VPN2002_T1.4,PSK,N 42,16640
VPN2002_T1.4,PSK,Кронштадтский административный район - муниципальное образование - г. Кронштадт,43385
VPN2002_T1.4,PSK,Курортный административный район,67511
VPN2002_T1.4,PSK,г. Зеленогорск,12074
VPN2002_T1.4,PSK,г. Сестрорецк,40287
VPN2002_T1.4,PSK,п. Белоостров,1690
VPN2002_T1.4,PSK,п. Комарово,1062
VPN2002_T1.4,PSK,п. Молодежное,1437
VPN2002_T1.4,PSK,п. Песочный,6487
VPN2002_T1.4,PSK,п. Репино,2011
VPN2002_T1.4,PSK,п. Серово,252
VPN2002_T1.4,PSK,п. Смолячково,568
VPN2002_T1.4,PSK,п. Солнечное,1161
VPN2002_T1.4,PSK,п. Ушково,482
VPN2002_T1.4,PSK,Ломоносовский административный район - муниципальное образование - г. Ломоносов,37776
VPN2002_T1.4,PSK,Московский административный район,275884
VPN2002_T1.4,PSK,Московская Застава,46951
VPN2002_T1.4,PSK,Гагаринское,58197
VPN2002_T1.4,PSK,Новоизмайловское,70403
VPN2002_T1.4,PSK,N 47,46515
VPN2002_T1.4,PSK,Звездное,53818
VPN2002_T1.4,PSK,Невский административный район,438061
VPN2002_T1.4,PSK,N 49,29685
VPN2002_T1.4,PSK,N 50,31215
VPN2002_T1.4,PSK,Обуховский,46108
VPN2002_T1.4,PSK,Рыбацкое,49537
VPN2002_T1.4,PSK,N 53,52580
VPN2002_T1.4,PSK,N 54,63138
VPN2002_T1.4,PSK,Невский,59714
VPN2002_T1.4,PSK,Оккервиль,55078
VPN2002_T1.4,PSK,N 57,51006
VPN2002_T1.4,PSK,Павловский административный район,16516
VPN2002_T1.4,PSK,г. Павловск,14960
VPN2002_T1.4,PSK,п. Тярлево,1556
VPN2002_T1.4,PSK,Петроградский административный район,134607
VPN2002_T1.4,PSK,N 58,21374
VPN2002_T1.4,PSK,Кронверкское,21256
VPN2002_T1.4,PSK,N 60,21630
VPN2002_T1.4,PSK,Аптекарский Остров,19277
VPN2002_T1.4,PSK,Петровский,20808
VPN2002_T1.4,PSK,N 63,30262
VPN2002_T1.4,PSK,Петродворцовый административный район,77542
VPN2002_T1.4,PSK,г. Петергоф,64791
VPN2002_T1.4,PSK,п. Стрельна,12751
VPN2002_T1.4,PSK,Пушкинский административный район,101655
VPN2002_T1.4,PSK,г. Пушкин,84628
VPN2002_T1.4,PSK,п. Александровская,1184
VPN2002_T1.4,PSK,п. Шушары,15843
VPN2002_T1.4,PSK,Фрунзенский административный район,405274
VPN2002_T1.4,PSK,N 71,60082
VPN2002_T1.4,PSK,N 72,69785
VPN2002_T1.4,PSK,Купчино,62673
VPN2002_T1.4,PSK,N 74,92780
VPN2002_T1.4,PSK,N 75,44498
VPN2002_T1.4,PSK,N 76,75456
VPN2002_T1.4,PSK,Центральный административный район,236856
VPN2002_T1.4,PSK,Дворцовый,10491
VPN2002_T1.4,PSK,N 78,13508
VPN2002_T1.4,PSK,Литейный,50567
VPN2002_T1.4,PSK,Смольнинское,90337
VPN2002_T1.4,PSK,Лиговка-Ямская,14740
VPN2002_T1.4,PSK,Владимирский,57213
VPN2002_T1.4,PSK,Южный федеральный округ,22907141
VPN2010_T11,BRY,Городское население,883427
VPN2010_T11,BRY,Сельское население,394790
VPN2010_T11,BRY,Городской округ г. Брянск - городское население,435245
VPN2010_T11,BRY,г. Брянск,415721
VPN2010_T11,BRY,Бежицкий,155330
VPN2010_T11,BRY,Володарский,73791
VPN2010_T11,BRY,Советский,113328
VPN2010_T11,BRY,Фокинский,73272
VPN2010_T11,BRY,пгт Белые Берега рп,9642
VPN2010_T11,BRY,пгт Большое Полпино рп,6356
VPN2010_T11,BRY,пгт Радица-Крыловка рп,3526
VPN2010_T11,BRY,Городской округ г. Клинцы,70350
VPN2010_T11,BRY,Городское население – г. Клинцы,62510
VPN2010_T11,BRY,Городской округ г. Новозыбков - городское население - г. Новозыбков,40553
VPN2010_T11,BRY,Городской округ г. Сельцо - городское население - г. Сельцо,17934
VPN2010_T11,BRY,Городской округ г. Стародуб - городское население - г. Стародуб,19010
VPN2010_T11,BRY,Городской округ г. Фокино - городское население - г. Фокино,13876
VPN2010_T11,BRY,Брасовский муниципальный район,21471
VPN2010_T11,BRY,Локотское городское поселение,11892
VPN2010_T11,BRY,Городское население - пгт Локоть рп (цмр),10028
VPN2010_T11,BRY,Брасовское сельское поселение,1501
VPN2010_T11,BRY,Веребское сельское поселение,496
VPN2010_T11,BRY,Вороновологское сельское поселение,1096
VPN2010_T11,BRY,Глодневское сельское поселение,927
VPN2010_T11,BRY,Добриковское сельское поселение,774
VPN2010_T11,BRY,Дубровское сельское поселение,775
VPN2010_T11,BRY,Крупецкое сельское поселение,916
VPN2010_T11,BRY,Сныткинское сельское поселение,828
VPN2010_T11,BRY,Столбовское сельское поселение,749
VPN2010_T11,BRY,Погребское сельское поселение,1517
VPN2010_T11,BRY,Брянский муниципальный район - сельское население,56496
VPN2010_T11,BRY,Глинищевское сельское поселение,6312
VPN2010_T11,BRY,Добрунское сельское поселение,6065
VPN2010_T11,BRY,Домашовское сельское поселение,698
VPN2010_T11,BRY,Журиничское сельское поселение,1779
VPN2010_T11,BRY,Мичуринское сельское поселение,3660
VPN2010_T11,BRY,Новодарковичское сельское поселение,3960
VPN2010_T11,BRY,Нетьинское сельское поселение,3827
VPN2010_T11,BRY,Новосельское сельское поселение,2047
VPN2010_T11,BRY,Отрадненское сельское поселение,2535
VPN2010_T11,BRY,Пальцовское сельское поселение,1010
VPN2010_T11,BRY,Свенское сельское поселение,3660
VPN2010_T11,BRY,Снежское сельское поселение,7106
VPN2010_T11,BRY,Стекляннорадицкое сельское поселение,2127
VPN2010_T11,BRY,Супоневское сельское поселение,10264
VPN2010_T11,BRY,Чернетовское сельское поселение,1446
VPN2010_T11,BRY,Выгоничский муниципальный район,20105
VPN2010_T11,BRY,Выгоничское городское поселение,5719
VPN2010_T11,BRY,Городское население - пгт Выгоничи рп (цмр),4945
VPN2010_T11,BRY,Кокинское сельское поселение,4864
VPN2010_T11,BRY,Красносельское сельское поселение,1375
VPN2010_T11,BRY,Лопушское сельское поселение,1544
VPN2010_T11,BRY,Орменское сельское поселение,1383
VPN2010_T11,BRY,Скрябинское сельское поселение,1135
VPN2010_T11,BRY,Сосновское сельское поселение,1003
VPN2010_T11,BRY,Утынское сельское поселение,1013
VPN2010_T11,BRY,Хмелевское сельское поселение,1346
VPN2010_T11,BRY,Хутор-Борское сельское поселение,723
VPN2010_T11,BRY,Гордеевский муниципальный район,12218
VPN2010_T11,BRY,Мирнинское городское поселение,1807
VPN2010_T11,BRY,Городское население - пгт Мирный рп,1452
VPN2010_T11,BRY,Глинновское сельское поселение,1002
VPN2010_T11,BRY,Гордеевское сельское поселение,3663
VPN2010_T11,BRY,село Гордеевка (цмр),3109
VPN2010_T11,BRY,Петровобудское сельское поселение,1259
VPN2010_T11,BRY,Рудневоробьевское сельское поселение,1438
VPN2010_T11,BRY,Творишинское сельское поселение,1740
VPN2010_T11,BRY,Уношевское сельское поселение,1309
VPN2010_T11,BRY,Дубровский муниципальный район,20094
VPN2010_T11,BRY,Дубровское городское поселение,9617
VPN2010_T11,BRY,Городское население - пгт Дубровка рп (цмр),8015
VPN2010_T11,BRY,Алешинское сельское поселение,605
VPN2010_T11,BRY,Пеклинское сельское поселение,1428
VPN2010_T11,BRY,Рековичское сельское поселение,1262
VPN2010_T11,BRY,Рябчинское сельское поселение,935
VPN2010_T11,BRY,Сергеевское сельское поселение,423
VPN2010_T11,BRY,Сещинское сельское поселение,5824
VPN2010_T11,BRY,Дятьковский муниципальный район,60059
VPN2010_T11,BRY,Дятьковское городское поселение,29588
VPN2010_T11,BRY,Городское население - г. Дятьково (цмр),29439
VPN2010_T11,BRY,Бытошское городское поселение,4642
VPN2010_T11,BRY,Городское население - пгт Бытошь рп,4255
VPN2010_T11,BRY,Ивотское городское поселение,7333
VPN2010_T11,BRY,Городское население - пгт Ивот рп,6374
VPN2010_T11,BRY,Любохонское городское поселение - городское население - пгт Любохна рп,5446
VPN2010_T11,BRY,Старское городское поселение,5028
VPN2010_T11,BRY,Городское население - пгт Старь рп,5003
VPN2010_T11,BRY,Березинское сельское поселение,2046
VPN2010_T11,BRY,Большежуковское сельское поселение,2442
VPN2010_T11,BRY,Верховское сельское поселение,400
VPN2010_T11,BRY,Немеричское сельское поселение,674
VPN2010_T11,BRY,Слободищенское сельское поселение,2460
VPN2010_T11,BRY,Жирятинский муниципальный район - сельское население,7442
VPN2010_T11,BRY,Воробейнское сельское поселение,2141
VPN2010_T11,BRY,Жирятинское сельское поселение,4453
VPN2010_T11,BRY,село Жирятино (цмр),2537
VPN2010_T11,BRY,Морачевское сельское поселение,848
VPN2010_T11,BRY,Жуковский муниципальный район,36983
VPN2010_T11,BRY,Жуковское городское поселение,19298
VPN2010_T11,BRY,Городское население - г. Жуковка (цмр),18269
VPN2010_T11,BRY,Гришинослободское сельское поселение,1713
VPN2010_T11,BRY,Заборско-Никольское сельское поселение,1198
VPN2010_T11,BRY,Крыжинское сельское поселение,1573
VPN2010_T11,BRY,Летошницкое сельское поселение,2042
VPN2010_T11,BRY,Овстугское сельское поселение,1241
VPN2010_T11,BRY,Ржаницкое сельское поселение,5490
VPN2010_T11,BRY,Троснянское сельское поселение,1950
VPN2010_T11,BRY,Ходиловичское сельское поселение,1182
VPN2010_T11,BRY,Шамординское сельское поселение,1296
VPN2010_T11,BRY,Злынковский муниципальный район,12917
VPN2010_T11,BRY,Злынковское городское поселение,5584
VPN2010_T11,BRY,Городское население - г. Злынка (цмр),5507
VPN2010_T11,BRY,Вышковское городское поселение,3235
VPN2010_T11,BRY,Городское население - пгт Вышков рп,2700
VPN2010_T11,BRY,Денисковичское сельское поселение,850
VPN2010_T11,BRY,Роговское сельское поселение,923
VPN2010_T11,BRY,Спиридоновобудское сельское поселение,1278
VPN2010_T11,BRY,Щербиничское сельское поселение,1047
VPN2010_T11,BRY,Карачевский муниципальный район,36036
VPN2010_T11,BRY,Карачевское городское поселение,26633
VPN2010_T11,BRY,Городское население - г. Карачев (цмр),19715
VPN2010_T11,BRY,Бошинское сельское поселение,1282
VPN2010_T11,BRY,Вельяминовское сельское поселение,2230
VPN2010_T11,BRY,Верхопольское сельское поселение,1095
VPN2010_T11,BRY,Дроновское сельское поселение,1073
VPN2010_T11,BRY,Мылинское сельское поселение,1705
VPN2010_T11,BRY,Песоченское сельское поселение,1023
VPN2010_T11,BRY,Ревенское сельское поселение,995
VPN2010_T11,BRY,Клетнянский муниципальный район,20166
VPN2010_T11,BRY,Клетнянское городское поселение,13454
VPN2010_T11,BRY,Городское население - пгт Клетня рп (цмр),13313
VPN2010_T11,BRY,Акуличское сельское поселение,1148
VPN2010_T11,BRY,Лутенское сельское поселение,1474
VPN2010_T11,BRY,Мирнинское сельское поселение,2147
VPN2010_T11,BRY,Мужиновское сельское поселение,1191
VPN2010_T11,BRY,Надвинское сельское поселение,752
VPN2010_T11,BRY,Климовский муниципальный район,30003
VPN2010_T11,BRY,Климовское городское поселение - городское население - пгт Климово рп (цмр),13892
VPN2010_T11,BRY,Брахловское сельское поселение,703
VPN2010_T11,BRY,Истопское сельское поселение,1493
VPN2010_T11,BRY,Каменскохуторское сельское поселение,1102
VPN2010_T11,BRY,Кирилловское сельское поселение,999
VPN2010_T11,BRY,Лакомобудское сельское поселение,505
VPN2010_T11,BRY,Митьковское сельское поселение,1120
VPN2010_T11,BRY,Новоропское сельское поселение,1803
VPN2010_T11,BRY,Новоюрковичское сельское поселение,958
VPN2010_T11,BRY,Плавенское сельское поселение,1078
VPN2010_T11,BRY,Сачковичское сельское поселение,1775
VPN2010_T11,BRY,Сытобудское сельское поселение,865
VPN2010_T11,BRY,Хороменское сельское поселение,584
VPN2010_T11,BRY,Челховское сельское поселение,1558
VPN2010_T11,BRY,Чуровичское сельское поселение,1568
VPN2010_T11,BRY,Клинцовский муниципальный район - сельское население,20503
VPN2010_T11,BRY,Великотопальское сельское поселение,1602
VPN2010_T11,BRY,Гулевское сельское поселение,1478
VPN2010_T11,BRY,Коржовоголубовское сельское поселение,3925
VPN2010_T11,BRY,Лопатенское сельское поселение,1354
VPN2010_T11,BRY,Медведовское сельское поселение,2506
VPN2010_T11,BRY,Первомайское сельское поселение,2449
VPN2010_T11,BRY,Рожновское сельское поселение,2061
VPN2010_T11,BRY,Смолевичское сельское поселение,2554
VPN2010_T11,BRY,Смотровобудское сельское поселение,2574
VPN2010_T11,BRY,Комаричский муниципальный район,18064
VPN2010_T11,BRY,Комаричское городское поселение - городское население - пгт Комаричи рп (цмр),7686
VPN2010_T11,BRY,Аркинское сельское поселение,891
VPN2010_T11,BRY,Быховское сельское поселение,989
VPN2010_T11,BRY,Игрицкое сельское поселение,1590
VPN2010_T11,BRY,Литижское сельское поселение,1590
VPN2010_T11,BRY,Лопандинское сельское поселение,2943
VPN2010_T11,BRY,Марьинское сельское поселение,1215
VPN2010_T11,BRY,Усожское сельское поселение,1160
VPN2010_T11,BRY,Красногорский муниципальный район,13208
VPN2010_T11,BRY,Красногорское городское поселение,6367
VPN2010_T11,BRY,Городское население - пгт Красная Гора рп (цмр),5906
VPN2010_T11,BRY,Колюдовское сельское поселение,1158
VPN2010_T11,BRY,Лотаковское сельское поселение,1009
VPN2010_T11,BRY,Любовшанское сельское поселение,1322
VPN2010_T11,BRY,Макаричское сельское поселение,1136
VPN2010_T11,BRY,Перелазское сельское поселение,1371
VPN2010_T11,BRY,Яловское сельское поселение,845
VPN2010_T11,BRY,Мглинский муниципальный район,19458
VPN2010_T11,BRY,Мглинское городское поселение - городское население - г. Мглин (цмр),7916
VPN2010_T11,BRY,Беловодское сельское поселение,922
VPN2010_T11,BRY,Вельжичское сельское поселение,838
VPN2010_T11,BRY,Ветлевское сельское поселение,1494
VPN2010_T11,BRY,Высокское сельское поселение,894
VPN2010_T11,BRY,Краснокосаровское сельское поселение,1191
VPN2010_T11,BRY,Молодьковское сельское поселение,689
VPN2010_T11,BRY,Новоромановское сельское поселение,1728
VPN2010_T11,BRY,Новочешуйковское сельское поселение,874
VPN2010_T11,BRY,Осколковское сельское поселение,788
VPN2010_T11,BRY,Симонтовское сельское поселение,688
VPN2010_T11,BRY,Соколовское сельское поселение,722
VPN2010_T11,BRY,Шумаровское сельское поселение,714
VPN2010_T11,BRY,Навлинский муниципальный район,28341
VPN2010_T11,BRY,Навлинское городское поселение,15844
VPN2010_T11,BRY,Городское население - пгт Навля рп (цмр),14361
VPN2010_T11,BRY,Алтуховское городское поселение,1867
VPN2010_T11,BRY,Городское население - пгт Алтухово рп,1784
VPN2010_T11,BRY,Алешенское сельское поселение,826
VPN2010_T11,BRY,Бяковское сельское поселение,1004
VPN2010_T11,BRY,Вздруженское сельское поселение,391
VPN2010_T11,BRY,Клюковенское сельское поселение,1005
VPN2010_T11,BRY,Пролысовское сельское поселение,545
VPN2010_T11,BRY,Салтановское сельское поселение,1034
VPN2010_T11,BRY,Синезерское сельское поселение,1378
VPN2010_T11,BRY,Чичковское сельское поселение,1475
VPN2010_T11,BRY,Щегловское сельское поселение,984
VPN2010_T11,BRY,Новозыбковский муниципальный район - сельское население,12415
VPN2010_T11,BRY,Верещакское сельское поселение,1497
VPN2010_T11,BRY,Деменское сельское поселение,820
VPN2010_T11,BRY,Замишевское сельское поселение,2483
VPN2010_T11,BRY,Старобобовичское сельское поселение,2108
VPN2010_T11,BRY,Старокривецкое сельское поселение,1128
VPN2010_T11,BRY,Тростанское сельское поселение,2012
VPN2010_T11,BRY,Халеевичское сельское поселение,1063
VPN2010_T11,BRY,Шеломовское сельское поселение,1304
VPN2010_T11,BRY,Погарский муниципальный район,28333
VPN2010_T11,BRY,Погарское городское поселение - городское население - пгт Погар рп (цмр),9990
VPN2010_T11,BRY,Борщевское сельское поселение,1090
VPN2010_T11,BRY,Вадьковское сельское поселение,983
VPN2010_T11,BRY,Витемлянское сельское поселение,1214
VPN2010_T11,BRY,Гетуновское сельское поселение,1680
VPN2010_T11,BRY,Городищенское сельское поселение,1650
VPN2010_T11,BRY,Гриневское сельское поселение,1065
VPN2010_T11,BRY,Долботовское сельское поселение,1137
VPN2010_T11,BRY,Кистерское сельское поселение,1405
VPN2010_T11,BRY,Посудичское сельское поселение,1233
VPN2010_T11,BRY,Прирубкинское сельское поселение,701
VPN2010_T11,BRY,Стеченское сельское поселение,1996
VPN2010_T11,BRY,Суворовское сельское поселение,1810
VPN2010_T11,BRY,Чаусовское сельское поселение,850
VPN2010_T11,BRY,Юдиновское сельское поселение,1529
VPN2010_T11,BRY,Почепский муниципальный район,42365
VPN2010_T11,BRY,Почепское городское поселение - городское население - г. Почеп (цмр),17161
VPN2010_T11,BRY,Рамасухское городское поселение - городское население - пгт Рамасуха рп,481
VPN2010_T11,BRY,Бакланское сельское поселение,2279
VPN2010_T11,BRY,Бельковское сельское поселение,835
VPN2010_T11,BRY,Валуецкое сельское поселение,923
VPN2010_T11,BRY,Витовское сельское поселение,1269
VPN2010_T11,BRY,Гущинское сельское поселение,1548
VPN2010_T11,BRY,Дмитровское сельское поселение,666
VPN2010_T11,BRY,Доманичское сельское поселение,1777
VPN2010_T11,BRY,Краснорогское сельское поселение,2913
VPN2010_T11,BRY,Московское сельское поселение,1392
VPN2010_T11,BRY,Польниковское сельское поселение,1350
VPN2010_T11,BRY,Рагозинское сельское поселение,761
VPN2010_T11,BRY,Речицкое сельское поселение,2461
VPN2010_T11,BRY,Семецкое сельское поселение,1405
VPN2010_T11,BRY,Сетоловское сельское поселение,1609
VPN2010_T11,BRY,Титовское сельское поселение,871
VPN2010_T11,BRY,Чоповское сельское поселение,1752
VPN2010_T11,BRY,Рогнединский муниципальный район,7284
VPN2010_T11,BRY,Рогнединское городское поселение,3512
VPN2010_T11,BRY,Городское население - пгт Рогнедино рп (цмр),3158
VPN2010_T11,BRY,Вороновское сельское поселение,925
VPN2010_T11,BRY,Селиловичское сельское поселение,711
VPN2010_T11,BRY,Тюнинское сельское поселение,472
VPN2010_T11,BRY,Федоровское сельское поселение,1253
VPN2010_T11,BRY,Шаровичское сельское поселение,411
VPN2010_T11,BRY,Севский муниципальный район,16923
VPN2010_T11,BRY,Севское городское поселение,8244
VPN2010_T11,BRY,Городское население - г. Севск (цмр),7282
VPN2010_T11,BRY,Доброводское сельское поселение,1286
VPN2010_T11,BRY,Косицкое сельское поселение,1463
VPN2010_T11,BRY,Новоямское сельское поселение,1591
VPN2010_T11,BRY,Подлесно-Новосельское сельское поселение,1378
VPN2010_T11,BRY,Пушкинское сельское поселение,867
VPN2010_T11,BRY,Троебортновское сельское поселение,688
VPN2010_T11,BRY,Чемлыжское сельское поселение,1406
VPN2010_T11,BRY,Стародубский муниципальный район - сельское население,21404
VPN2010_T11,BRY,Воронокское сельское поселение,3465
VPN2010_T11,BRY,Гарцевское сельское поселение,1307
VPN2010_T11,BRY,Десятуховское сельское поселение,3163
VPN2010_T11,BRY,Занковское сельское поселение,1714
VPN2010_T11,BRY,Запольскохалеевичское сельское поселение,1258
VPN2010_T11,BRY,Каменское сельское поселение,1744
VPN2010_T11,BRY,Меленское сельское поселение,2031
VPN2010_T11,BRY,Мишковское сельское поселение,2161
VPN2010_T11,BRY,Мохоновское сельское поселение,2833
VPN2010_T11,BRY,Понуровское сельское поселение,1728
VPN2010_T11,BRY,Суземский муниципальный район,16654
VPN2010_T11,BRY,Суземское городское поселение,9525
VPN2010_T11,BRY,Городское население - пгт Суземка рп (цмр),9125
VPN2010_T11,BRY,Кокоревское городское поселение - городское население - пгт Кокоревка рп,1962
VPN2010_T11,BRY,Алешковичское сельское поселение,1881
VPN2010_T11,BRY,Невдольское сельское поселение,1110
VPN2010_T11,BRY,Новопогощенское сельское поселение,713
VPN2010_T11,BRY,Селеченское сельское поселение,670
VPN2010_T11,BRY,Холмечское сельское поселение,793
VPN2010_T11,BRY,Суражский муниципальный район,24623
VPN2010_T11,BRY,Суражское городское поселение - городское население - г. Сураж (цмр),11640
VPN2010_T11,BRY,Влазовичское сельское поселение,1947
VPN2010_T11,BRY,Дегтяревское сельское поселение,1088
VPN2010_T11,BRY,Кулажское сельское поселение,2181
VPN2010_T11,BRY,Лопазненское сельское поселение,1687
VPN2010_T11,BRY,Нивнянское сельское поселение,1727
VPN2010_T11,BRY,Овчинское сельское поселение,2348
VPN2010_T11,BRY,Трубчевский муниципальный район,37002
VPN2010_T11,BRY,Трубчевское городское поселение - городское население - г. Трубчевск (цмр),15014
VPN2010_T11,BRY,Белоберезковское городское поселение,6300
VPN2010_T11,BRY,Городское население - пгт Белая Березка рп,6283
VPN2010_T11,BRY,Городецкое сельское поселение,2696
VPN2010_T11,BRY,Селецкое сельское поселение,3005
VPN2010_T11,BRY,Семячковское сельское поселение,2152
VPN2010_T11,BRY,Телецкое сельское поселение,3084
VPN2010_T11,BRY,Усохское сельское поселение,1742
VPN2010_T11,BRY,Юровское сельское поселение,3009
VPN2010_T11,BRY,Унечский муниципальный район,40682
VPN2010_T11,BRY,Унечское городское поселение,26818
VPN2010_T11,BRY,Городское население - г. Унеча (цмр),26197
VPN2010_T11,BRY,Ивайтенское сельское поселение,1075
VPN2010_T11,BRY,Красновичское сельское поселение,1804
VPN2010_T11,BRY,Найтоповичское сельское поселение,2126
VPN2010_T11,BRY,Павловское сельское поселение,2123
VPN2010_T11,BRY,Старогутнянское сельское поселение,1790
VPN2010_T11,BRY,Старосельское сельское поселение,1296
VPN2010_T11,SMO,Городское население,716299
VPN2010_T11,SMO,Сельское население,269238
VPN2010_T11,SMO,Смоленский городской округ - городское население - г. Смоленск,326861
VPN2010_T11,SMO,Заднепровский,91420
VPN2010_T11,SMO,Ленинский,105323
VPN2010_T11,SMO,Промышленный,130118
VPN2010_T11,SMO,Десногорский городской округ,29716
VPN2010_T11,SMO,Городское население – г. Десногорск,29677
VPN2010_T11,SMO,Велижский муниципальный район,12248
VPN2010_T11,SMO,Велижское городское поселение,8147
VPN2010_T11,SMO,Городское население - г. Велиж (цмр),7620
VPN2010_T11,SMO,Беляевское сельское поселение,276
VPN2010_T11,SMO,Будницкое сельское поселение,460
VPN2010_T11,SMO,Заозерское сельское поселение,391
VPN2010_T11,SMO,Крутовское сельское поселение,539
VPN2010_T11,SMO,Погорельское сельское поселение,424
VPN2010_T11,SMO,Печенковское сельское поселение,381
VPN2010_T11,SMO,Селезневское сельское поселение,916
VPN2010_T11,SMO,Ситьковское сельское поселение,714
VPN2010_T11,SMO,Вяземский муниципальный район,80436
VPN2010_T11,SMO,Вяземское городское поселение - городское население - г. Вязьма (цмр),57101
VPN2010_T11,SMO,Андрейковское сельское поселение,1517
VPN2010_T11,SMO,Вязьма-Брянское сельское поселение,5059
VPN2010_T11,SMO,Ермолинское сельское поселение,824
VPN2010_T11,SMO,Ефремовское сельское поселение,349
VPN2010_T11,SMO,Заводское сельское поселение,418
VPN2010_T11,SMO,Исаковское сельское поселение,702
VPN2010_T11,SMO,Кайдаковское сельское поселение,1758
VPN2010_T11,SMO,Калпитское сельское поселение,155
VPN2010_T11,SMO,Каснянское сельское поселение,715
VPN2010_T11,SMO,Масловское сельское поселение,359
VPN2010_T11,SMO,Мещерское сельское поселение,364
VPN2010_T11,SMO,Новосельское сельское поселение,1874
VPN2010_T11,SMO,Относовское сельское поселение,1521
VPN2010_T11,SMO,Поляновское сельское поселение,1031
VPN2010_T11,SMO,Российское сельское поселение,895
VPN2010_T11,SMO,Семлевское сельское поселение,976
VPN2010_T11,SMO,Степаниковское сельское поселение,1293
VPN2010_T11,SMO,Тумановское сельское поселение,1658
VPN2010_T11,SMO,Хмелитское сельское поселение,404
VPN2010_T11,SMO,Царево-Займищенское сельское поселение,389
VPN2010_T11,SMO,Шуйское сельское поселение,609
VPN2010_T11,SMO,Юшковское сельское поселение,465
VPN2010_T11,SMO,Гагаринский муниципальный район,48928
VPN2010_T11,SMO,Гагаринское городское поселение - городское население - г. Гагарин (цмр),31721
VPN2010_T11,SMO,Акатовское сельское поселение,1364
VPN2010_T11,SMO,Ашковское сельское поселение,1698
VPN2010_T11,SMO,Баскаковское сельское поселение,560
VPN2010_T11,SMO,Гагаринское сельское поселение,715
VPN2010_T11,SMO,Ельнинское сельское поселение,558
VPN2010_T11,SMO,Кармановское сельское поселение,2753
VPN2010_T11,SMO,Мальцевское сельское поселение,373
VPN2010_T11,SMO,Никольское сельское поселение,2410
VPN2010_T11,SMO,Покровское сельское поселение,657
VPN2010_T11,SMO,Потаповское сельское поселение,769
VPN2010_T11,SMO,Пречистинское сельское поселение,1160
VPN2010_T11,SMO,Родомановское сельское поселение,1248
VPN2010_T11,SMO,Самуйловское сельское поселение,608
VPN2010_T11,SMO,Серго-Ивановское сельское поселение,1258
VPN2010_T11,SMO,Токаревское сельское поселение,1076
VPN2010_T11,SMO,Глинковский муниципальный район - сельское население,4948
VPN2010_T11,SMO,Белохолмское сельское поселение,374
VPN2010_T11,SMO,Бердниковское сельское поселение,349
VPN2010_T11,SMO,Болтутинское сельское поселение,700
VPN2010_T11,SMO,Глинковское сельское поселение,2796
VPN2010_T11,SMO,село Глинка (цмр),1942
VPN2010_T11,SMO,Доброминское сельское поселение,539
VPN2010_T11,SMO,Ромодановское сельское поселение,190
VPN2010_T11,SMO,Демидовский муниципальный район,14039
VPN2010_T11,SMO,Демидовское городское поселение,7482
VPN2010_T11,SMO,Городское население - г. Демидов (цмр),7333
VPN2010_T11,SMO,Пржевальское городское поселение - городское население - пгт Пржевальское кп,1683
VPN2010_T11,SMO,Баклановское сельское поселение,447
VPN2010_T11,SMO,Борковское сельское поселение,459
VPN2010_T11,SMO,Бородинское сельское поселение,304
VPN2010_T11,SMO,Воробьевское сельское поселение,206
VPN2010_T11,SMO,Дубровское сельское поселение,385
VPN2010_T11,SMO,Жичицкое сельское поселение,218
VPN2010_T11,SMO,Заборьевское сельское поселение,575
VPN2010_T11,SMO,Закрутское сельское поселение,222
VPN2010_T11,SMO,Закустищенское сельское поселение,320
VPN2010_T11,SMO,Карцевское сельское поселение,426
VPN2010_T11,SMO,Пересудовское сельское поселение,337
VPN2010_T11,SMO,Полуяновское сельское поселение,164
VPN2010_T11,SMO,Слободское сельское поселение,194
VPN2010_T11,SMO,Титовщинское сельское поселение,396
VPN2010_T11,SMO,Шаповское сельское поселение,221
VPN2010_T11,SMO,Дорогобужский муниципальный район,29077
VPN2010_T11,SMO,Дорогобужское городское поселение - городское население - г. Дорогобуж (цмр),10720
VPN2010_T11,SMO,Верхнеднепровское городское поселение - городское население - пгт Верхнеднепровский,12969
VPN2010_T11,SMO,Алексинское сельское поселение,644
VPN2010_T11,SMO,Балакиревское сельское поселение,211
VPN2010_T11,SMO,Васинское сельское поселение,300
VPN2010_T11,SMO,Княщинское сельское поселение,450
VPN2010_T11,SMO,Кузинское сельское поселение,304
VPN2010_T11,SMO,Михайловское сельское поселение,752
VPN2010_T11,SMO,Озерищенское сельское поселение,562
VPN2010_T11,SMO,Полибинское сельское поселение,218
VPN2010_T11,SMO,Слойковское сельское поселение,303
VPN2010_T11,SMO,Усвятское сельское поселение,447
VPN2010_T11,SMO,Ушаковское сельское поселение,374
VPN2010_T11,SMO,Фрунзенское сельское поселение,823
VPN2010_T11,SMO,Духовщинский муниципальный район,16658
VPN2010_T11,SMO,Духовщинское городское поселение,4459
VPN2010_T11,SMO,Городское население - г. Духовщина (цмр),4371
VPN2010_T11,SMO,Озерненское городское поселение,6132
VPN2010_T11,SMO,Городское население - пгт Озерный,5933
VPN2010_T11,SMO,Бабинское сельское поселение,941
VPN2010_T11,SMO,Бересневское сельское поселение,575
VPN2010_T11,SMO,Булгаковское сельское поселение,812
VPN2010_T11,SMO,Добринское сельское поселение,1137
VPN2010_T11,SMO,Пречистенское сельское поселение,1702
VPN2010_T11,SMO,Третьяковское сельское поселение,900
VPN2010_T11,SMO,Ельнинский муниципальный район,14948
VPN2010_T11,SMO,Ельнинское городское поселение,10426
VPN2010_T11,SMO,Городское население - г. Ельня (цмр),10095
VPN2010_T11,SMO,Бобровичское сельское поселение,576
VPN2010_T11,SMO,Коробецкое сельское поселение,685
VPN2010_T11,SMO,Леонидовское сельское поселение,730
VPN2010_T11,SMO,Мазовское сельское поселение,110
VPN2010_T11,SMO,Малышевское сельское поселение,315
VPN2010_T11,SMO,Мутищенское сельское поселение,533
VPN2010_T11,SMO,Новоспасское сельское поселение,409
VPN2010_T11,SMO,Пронинское сельское поселение,397
VPN2010_T11,SMO,Рождественское сельское поселение,447
VPN2010_T11,SMO,Теренинское сельское поселение,320
VPN2010_T11,SMO,Ершичский муниципальный район - сельское население,7102
VPN2010_T11,SMO,Беседковское сельское поселение,298
VPN2010_T11,SMO,Воргинское сельское поселение,1123
VPN2010_T11,SMO,Егоровское сельское поселение,194
VPN2010_T11,SMO,Ершичское сельское поселение,3566
VPN2010_T11,SMO,село Ершичи (цмр),3169
VPN2010_T11,SMO,Кузьмичское сельское поселение,495
VPN2010_T11,SMO,Поселковское сельское поселение,208
VPN2010_T11,SMO,Руханское сельское поселение,733
VPN2010_T11,SMO,Сеннянское сельское поселение,168
VPN2010_T11,SMO,Сукромлянское сельское поселение,317
VPN2010_T11,SMO,Кардымовский муниципальный район,11852
VPN2010_T11,SMO,Кардымовское городское поселение,5018
VPN2010_T11,SMO,Городское население - пгт Кардымово (цмр),4659
VPN2010_T11,SMO,Березкинское сельское поселение,1189
VPN2010_T11,SMO,Каменское сельское поселение,1012
VPN2010_T11,SMO,Мольковское сельское поселение,900
VPN2010_T11,SMO,Нетризовское сельское поселение,494
VPN2010_T11,SMO,Первомайское сельское поселение,823
VPN2010_T11,SMO,Шокинское сельское поселение,1013
VPN2010_T11,SMO,Соловьевское сельское поселение,511
VPN2010_T11,SMO,Тюшинское сельское поселение,892
VPN2010_T11,SMO,Краснинский муниципальный район,12895
VPN2010_T11,SMO,Краснинское городское поселение,4463
VPN2010_T11,SMO,Городское население - пгт Красный (цмр),4349
VPN2010_T11,SMO,Викторовское сельское поселение,220
VPN2010_T11,SMO,Волковское сельское поселение,409
VPN2010_T11,SMO,Волоедовское сельское поселение,233
VPN2010_T11,SMO,Глубокинское сельское поселение,374
VPN2010_T11,SMO,Гусинское сельское поселение,3450
VPN2010_T11,SMO,Красновское сельское поселение,928
VPN2010_T11,SMO,Малеевское сельское поселение,222
VPN2010_T11,SMO,Маньковское сельское поселение,943
VPN2010_T11,SMO,Мерлинское сельское поселение,701
VPN2010_T11,SMO,Нейковское сельское поселение,291
VPN2010_T11,SMO,Октябрьское сельское поселение,216
VPN2010_T11,SMO,Павловское сельское поселение,445
VPN2010_T11,SMO,Монастырщинский муниципальный район,10788
VPN2010_T11,SMO,Монастырщинское городское поселение - городское население - пгт Монастырщина (цмр),4065
VPN2010_T11,SMO,Александровское сельское поселение,988
VPN2010_T11,SMO,Барсуковское сельское поселение,821
VPN2010_T11,SMO,Гоголевское сельское поселение,860
VPN2010_T11,SMO,Добросельское сельское поселение,513
VPN2010_T11,SMO,Любавичское сельское поселение,442
VPN2010_T11,SMO,Новомихайловское сельское поселение,855
VPN2010_T11,SMO,Соболевское сельское поселение,682
VPN2010_T11,SMO,Татарское сельское поселение,919
VPN2010_T11,SMO,Новодугинский муниципальный район - сельское население,10477
VPN2010_T11,SMO,Высоковское сельское поселение,1325
VPN2010_T11,SMO,Днепровское сельское поселение,1807
VPN2010_T11,SMO,Извековское сельское поселение,1158
VPN2010_T11,SMO,Капустинское сельское поселение,226
VPN2010_T11,SMO,Новодугинское сельское поселение,4947
VPN2010_T11,SMO,село Новодугино (цмр),3839
VPN2010_T11,SMO,Тесовское сельское поселение,1014
VPN2010_T11,SMO,Починковский муниципальный район,30959
VPN2010_T11,SMO,Починковское городское поселение - городское население - г. Починок (цмр),8776
VPN2010_T11,SMO,Васьковское сельское поселение,877
VPN2010_T11,SMO,Даньковское сельское поселение,1107
VPN2010_T11,SMO,Ивановское сельское поселение,385
VPN2010_T11,SMO,Климщинское сельское поселение,644
VPN2010_T11,SMO,Княжинское сельское поселение,1003
VPN2010_T11,SMO,Краснознаменское сельское поселение,461
VPN2010_T11,SMO,Ленинское сельское поселение,976
VPN2010_T11,SMO,Лосненское сельское поселение,1928
VPN2010_T11,SMO,Лысовское сельское поселение,734
VPN2010_T11,SMO,Мурыгинское сельское поселение,1383
VPN2010_T11,SMO,Переснянское сельское поселение,1527
VPN2010_T11,SMO,Прудковское сельское поселение,2627
VPN2010_T11,SMO,Стодолищенское сельское поселение,3890
VPN2010_T11,SMO,Стригинское сельское поселение,457
VPN2010_T11,SMO,Шаталовское сельское поселение,3786
VPN2010_T11,SMO,Шмаковское сельское поселение,398
VPN2010_T11,SMO,Рославльский муниципальный район,76100
VPN2010_T11,SMO,Рославльское городское поселение - городское население - г. Рославль (цмр),54900
VPN2010_T11,SMO,Астапковичское сельское поселение,1112
VPN2010_T11,SMO,Богдановское сельское поселение,469
VPN2010_T11,SMO,Волковичское сельское поселение,410
VPN2010_T11,SMO,Грязенятское сельское поселение,485
VPN2010_T11,SMO,Екимовичское сельское поселение,1817
VPN2010_T11,SMO,Епишевское сельское поселение,372
VPN2010_T11,SMO,Жарынское сельское поселение,962
VPN2010_T11,SMO,Кирилловское сельское поселение,2689
VPN2010_T11,SMO,Костыревское сельское поселение,452
VPN2010_T11,SMO,Крапивенское сельское поселение,673
VPN2010_T11,SMO,Лесниковское сельское поселение,764
VPN2010_T11,SMO,Липовское сельское поселение,969
VPN2010_T11,SMO,Любовское сельское поселение,1254
VPN2010_T11,SMO,Остерское сельское поселение,3730
VPN2010_T11,SMO,Перенское сельское поселение,1121
VPN2010_T11,SMO,Пригорьевское сельское поселение,972
VPN2010_T11,SMO,Рославльское сельское поселение,824
VPN2010_T11,SMO,Савеевское сельское поселение,495
VPN2010_T11,SMO,Сырокоренское сельское поселение,519
VPN2010_T11,SMO,Хорошовское сельское поселение,619
VPN2010_T11,SMO,Руднянский муниципальный район,25244
VPN2010_T11,SMO,Руднянское городское поселение - городское население - г. Рудня (цмр),10030
VPN2010_T11,SMO,Голынковское городское поселение - городское население - пгт Голынки,3573
VPN2010_T11,SMO,Казимировское сельское поселение,1539
VPN2010_T11,SMO,Кляриновское сельское поселение,721
VPN2010_T11,SMO,Кругловское сельское поселение,1111
VPN2010_T11,SMO,Переволочское сельское поселение,1466
VPN2010_T11,SMO,Понизовское сельское поселение,2005
VPN2010_T11,SMO,Смолиговское сельское поселение,1926
VPN2010_T11,SMO,Чистиковское сельское поселение,1867
VPN2010_T11,SMO,Сафоновский муниципальный район,61572
VPN2010_T11,SMO,Сафоновское городское поселение - городское население - г. Сафоново (цмр),46116
VPN2010_T11,SMO,Издешковское городское поселение - городское население - пгт Издешково,1654
VPN2010_T11,SMO,Барановское сельское поселение,1156
VPN2010_T11,SMO,Беленинское сельское поселение,800
VPN2010_T11,SMO,Богдановщинское сельское поселение,359
VPN2010_T11,SMO,Вадинское сельское поселение,2911
VPN2010_T11,SMO,Васильевское сельское поселение,369
VPN2010_T11,SMO,Вышегорское сельское поселение,1987
VPN2010_T11,SMO,Дроздовское сельское поселение,566
VPN2010_T11,SMO,Дуровское сельское поселение,550
VPN2010_T11,SMO,Зимницкое сельское поселение,783
VPN2010_T11,SMO,Игнатковское сельское поселение,370
VPN2010_T11,SMO,Казулинское сельское поселение,679
VPN2010_T11,SMO,Николо-Погореловское сельское поселение,550
VPN2010_T11,SMO,Пушкинское сельское поселение,647
VPN2010_T11,SMO,Старосельское сельское поселение,513
VPN2010_T11,SMO,Рыбковское сельское поселение,855
VPN2010_T11,SMO,Смоленский муниципальный район - сельское население,44964
VPN2010_T11,SMO,Волоковское сельское поселение,651
VPN2010_T11,SMO,Вязгинское сельское поселение,997
VPN2010_T11,SMO,Гнездовское сельское поселение,3513
VPN2010_T11,SMO,Дивасовское сельское поселение,1856
VPN2010_T11,SMO,Касплянское сельское поселение,1298
VPN2010_T11,SMO,Катынское сельское поселение,4298
VPN2010_T11,SMO,Козинское сельское поселение,3018
VPN2010_T11,SMO,Корохоткинское сельское поселение,4162
VPN2010_T11,SMO,Кощинское сельское поселение,2042
VPN2010_T11,SMO,Лоинское сельское поселение,724
VPN2010_T11,SMO,Михновское сельское поселение,1778
VPN2010_T11,SMO,Печерское сельское поселение,4327
VPN2010_T11,SMO,Пионерское сельское поселение,1114
VPN2010_T11,SMO,Пригорское сельское поселение,4635
VPN2010_T11,SMO,Сметанинское сельское поселение,1760
VPN2010_T11,SMO,Стабенское сельское поселение,3489
VPN2010_T11,SMO,Талашкинское сельское поселение,2596
VPN2010_T11,SMO,Хохловское сельское поселение,1502
VPN2010_T11,SMO,Сычевский муниципальный район,14158
VPN2010_T11,SMO,Сычевское городское поселение - городское население - г. Сычевка (цмр),8111
VPN2010_T11,SMO,Бехтеевское сельское поселение,344
VPN2010_T11,SMO,Вараксинское сельское поселение,349
VPN2010_T11,SMO,Дугинское сельское поселение,788
VPN2010_T11,SMO,Караваевское сельское поселение,767
VPN2010_T11,SMO,Лукинское сельское поселение,427
VPN2010_T11,SMO,Середское сельское поселение,328
VPN2010_T11,SMO,Субботниковское сельское поселение,604
VPN2010_T11,SMO,Суторминское сельское поселение,551
VPN2010_T11,SMO,Хлепенское сельское поселение,216
VPN2010_T11,SMO,Темкинский муниципальный район - сельское население,6348
VPN2010_T11,SMO,Аносовское сельское поселение,328
VPN2010_T11,SMO,Батюшковское сельское поселение,416
VPN2010_T11,SMO,Вязищенское сельское поселение,331
VPN2010_T11,SMO,Долматовское сельское поселение,420
VPN2010_T11,SMO,Кикинское сельское поселение,352
VPN2010_T11,SMO,Медведевское сельское поселение,615
VPN2010_T11,SMO,Селенское сельское поселение,342
VPN2010_T11,SMO,Темкинское сельское поселение - село Темкино (цмр),2414
VPN2010_T11,SMO,Угранский муниципальный район,8916
VPN2010_T11,SMO,Угранское городское поселение,4304
VPN2010_T11,SMO,Городское население - пгт Угра (цмр),4278
VPN2010_T11,SMO,Арнишицкое сельское поселение,160
VPN2010_T11,SMO,Великопольевское сельское поселение,185
VPN2010_T11,SMO,Вешковское сельское поселение,316
VPN2010_T11,SMO,Всходское сельское поселение,846
VPN2010_T11,SMO,Дрожжинское сельское поселение,188
VPN2010_T11,SMO,Желаньинское сельское поселение,257
VPN2010_T11,SMO,Захарьевское сельское поселение,60
VPN2010_T11,SMO,Знаменское сельское поселение,594
VPN2010_T11,SMO,Ключиковское сельское поселение,485
VPN2010_T11,SMO,Михалевское сельское поселение,261
VPN2010_T11,SMO,Мытишинское сельское поселение,146
VPN2010_T11,SMO,Подсосонское сельское поселение,62
VPN2010_T11,SMO,Полдневское сельское поселение,209
VPN2010_T11,SMO,Русановское сельское поселение,444
VPN2010_T11,SMO,Холмовское сельское поселение,123
VPN2010_T11,SMO,Хиславичский муниципальный район,9070
VPN2010_T11,SMO,Хиславичское городское поселение - городское население - пгт Хиславичи (цмр),4138
VPN2010_T11,SMO,Владимировское сельское поселение,144
VPN2010_T11,SMO,Городищенское сельское поселение,626
VPN2010_T11,SMO,Иозефовское сельское поселение,369
VPN2010_T11,SMO,Кожуховичское сельское поселение,783
VPN2010_T11,SMO,Колесниковское сельское поселение,188
VPN2010_T11,SMO,Корзовское сельское поселение,664
VPN2010_T11,SMO,Микшинское сельское поселение,283
VPN2010_T11,SMO,Соинское сельское поселение,262
VPN2010_T11,SMO,Упинское сельское поселение,330
VPN2010_T11,SMO,Череповское сельское поселение,534
VPN2010_T11,SMO,Холм-Жирковский муниципальный район,10717
VPN2010_T11,SMO,Холм-Жирковское городское поселение,3682
VPN2010_T11,SMO,Городское население - пгт Холм-Жирковский (цмр),3491
VPN2010_T11,SMO,Агибаловское сельское поселение,360
VPN2010_T11,SMO,Батуринское сельское поселение,266
VPN2010_T11,SMO,Болышевское сельское поселение,288
VPN2010_T11,SMO,Игоревское сельское поселение,1965
VPN2010_T11,SMO,Канютинское сельское поселение,435
VPN2010_T11,SMO,Лехминское сельское поселение,267
VPN2010_T11,SMO,Томское сельское поселение,279
VPN2010_T11,SMO,Нахимовское сельское поселение,385
VPN2010_T11,SMO,Никитинское сельское поселение,331
VPN2010_T11,SMO,Печатниковское сельское поселение,248
VPN2010_T11,SMO,Пигулинское сельское поселение,350
VPN2010_T11,SMO,Стешинское сельское поселение,303
VPN2010_T11,SMO,Тупиковское сельское поселение,712
VPN2010_T11,SMO,Шумячский муниципальный район,10713
VPN2010_T11,SMO,Шумячское городское поселение - городское население - пгт Шумячи (цмр),4227
VPN2010_T11,SMO,Надейковичское сельское поселение,619
VPN2010_T11,SMO,Озерное сельское поселение,1121
VPN2010_T11,SMO,Понятовское сельское поселение,781
VPN2010_T11,SMO,Руссковское сельское поселение,795
VPN2010_T11,SMO,Снегиревское сельское поселение,839
VPN2010_T11,SMO,Студенецкое сельское поселение,379
VPN2010_T11,SMO,Ярцевский муниципальный район,55803
VPN2010_T11,SMO,Ярцевское городское поселение - городское население - г. Ярцево (цмр),47848
VPN2010_T11,SMO,Зайцевское сельское поселение,410
VPN2010_T11,SMO,Капыревщинское сельское поселение,1447
VPN2010_T11,SMO,Кротовское сельское поселение,156
VPN2010_T11,SMO,Львовское сельское поселение,212
VPN2010_T11,SMO,Миропольское сельское поселение,284
VPN2010_T11,SMO,Михейковское сельское поселение,1221
VPN2010_T11,SMO,Мушковическое сельское поселение,740
VPN2010_T11,SMO,Подрощинское сельское поселение,937
VPN2010_T11,SMO,Петровское сельское поселение,1030
VPN2010_T11,SMO,Репинское сельское поселение,443
VPN2010_T11,SMO,Суетовское сельское поселение,1075
VPN2010_T11,PSK,Городское население,472514
VPN2010_T11,PSK,Сельское население,200909
VPN2010_T11,PSK,Псковский городской округ - городское население - г. Псков,203279
VPN2010_T11,PSK,Великолукский городской округ - городское население - г. Великие Луки,98778
VPN2010_T11,PSK,Бежаницкий муниципальный район,13264
VPN2010_T11,PSK,Городское поселение Бежаницы - городское население - пгт Бежаницы (цмр),4333
VPN2010_T11,PSK,Ашевское сельское поселение,1312
VPN2010_T11,PSK,Сельское поселение Бежаницкая волость,981
VPN2010_T11,PSK,Сельское поселение Добрывичская волость,600
VPN2010_T11,PSK,Сельское поселение Кудеверская волость,915
VPN2010_T11,PSK,Сельское поселение Лющикская волость,1345
VPN2010_T11,PSK,Полистовское сельское поселение,1655
VPN2010_T11,PSK,Городское население - пгт Красный Луч,1020
VPN2010_T11,PSK,Пореченское сельское поселение,1030
VPN2010_T11,PSK,Сельское поселение Чихачевская волость,1093
VPN2010_T11,PSK,Великолукский муниципальный район - сельское население,22121
VPN2010_T11,PSK,Сельское поселение Борковская волость,1342
VPN2010_T11,PSK,Сельское поселение Букровская волость,813
VPN2010_T11,PSK,Сельское поселение Горицкая волость,1504
VPN2010_T11,PSK,Сельское поселение Купуйская волость,869
VPN2010_T11,PSK,Сельское поселение Лычевская волость,5234
VPN2010_T11,PSK,Сельское поселение Марьинская волость,1083
VPN2010_T11,PSK,Сельское поселение Переслегинская волость,3803
VPN2010_T11,PSK,Сельское поселение Пореченская волость,2009
VPN2010_T11,PSK,Сельское поселение Успенская волость,1058
VPN2010_T11,PSK,Сельское поселение Черпесская волость,484
VPN2010_T11,PSK,Сельское поселение Шелковская волость,3922
VPN2010_T11,PSK,Гдовский муниципальный район,12792
VPN2010_T11,PSK,Городское поселение Гдов,6263
VPN2010_T11,PSK,Городское население - г. Гдов (цмр),4379
VPN2010_T11,PSK,Сельское поселение Добручинская волость,1588
VPN2010_T11,PSK,Сельское поселение Первомайская волость,364
VPN2010_T11,PSK,Сельское поселение Плесновская волость,298
VPN2010_T11,PSK,Сельское поселение Полновская волость,1392
VPN2010_T11,PSK,Сельское поселение Самолвовская волость,666
VPN2010_T11,PSK,Сельское поселение Спицинская волость,718
VPN2010_T11,PSK,Сельское поселение Черневская волость,844
VPN2010_T11,PSK,Сельское поселение Юшкинская волость,659
VPN2010_T11,PSK,Дедовичский муниципальный район,14692
VPN2010_T11,PSK,Городское поселение Дедовичи - городское население - пгт Дедовичи (цмр),8798
VPN2010_T11,PSK,Сельское поселение Вязьевская волость,1564
VPN2010_T11,PSK,Сельское поселение Дубишенская волость,1029
VPN2010_T11,PSK,Сельское поселение Пожеревицкая волость,1754
VPN2010_T11,PSK,Сельское поселение Сосонская волость,802
VPN2010_T11,PSK,Сельское поселение Шелонская волость,745
VPN2010_T11,PSK,Дновский муниципальный район,13341
VPN2010_T11,PSK,Городское поселение Дно,9183
VPN2010_T11,PSK,Городское население - г. Дно (цмр),9061
VPN2010_T11,PSK,Сельское поселение Выскодская волость,937
VPN2010_T11,PSK,Сельское поселение Гавровская волость,574
VPN2010_T11,PSK,Сельское поселение Искровская волость,934
VPN2010_T11,PSK,Сельское поселение Лукомская волость,842
VPN2010_T11,PSK,Сельское поселение Моринская волость,871
VPN2010_T11,PSK,Красногородский муниципальный район,7328
VPN2010_T11,PSK,Городское поселение Красногородск - городское население - пгт Красногородск (цмр),3870
VPN2010_T11,PSK,Сельское поселение Красногородская волость,1787
VPN2010_T11,PSK,Сельское поселение Партизанская волость,820
VPN2010_T11,PSK,Сельское поселение Пограничная волость,851
VPN2010_T11,PSK,Куньинский муниципальный район,10277
VPN2010_T11,PSK,Городское поселение Кунья - городское население - пгт Кунья (цмр),3127
VPN2010_T11,PSK,Сельское поселение Боталовская волость,1081
VPN2010_T11,PSK,Сельское поселение Долговицкая волость,939
VPN2010_T11,PSK,Сельское поселение Жижицкая волость,1284
VPN2010_T11,PSK,Сельское поселение Каськовская волость,786
VPN2010_T11,PSK,Сельское поселение Назимовская волость,662
VPN2010_T11,PSK,Сельское поселение Пухновская волость,769
VPN2010_T11,PSK,Сельское поселение Слепневская волость,791
VPN2010_T11,PSK,Сельское поселение Ущицкая волость,838
VPN2010_T11,PSK,Локнянский муниципальный район,9535
VPN2010_T11,PSK,Городское поселение Локня - городское население - пгт Локня (цмр),3872
VPN2010_T11,PSK,Сельское поселение Алексеевская волость,749
VPN2010_T11,PSK,Сельское поселение Локнянская волость,1287
VPN2010_T11,PSK,Сельское поселение Миритиницкая волость,608
VPN2010_T11,PSK,Сельское поселение Михайловская волость,712
VPN2010_T11,PSK,Сельское поселение Подберезинская волость,1057
VPN2010_T11,PSK,Сельское поселение Самолуковская волость,1250
VPN2010_T11,PSK,Невельский муниципальный район,26657
VPN2010_T11,PSK,Городское поселение Невель - городское население - г. Невель (цмр),16324
VPN2010_T11,PSK,Сельское поселение Артемовская волость,1312
VPN2010_T11,PSK,Сельское поселение Голубоозерская волость,1058
VPN2010_T11,PSK,Сельское поселение Ивановская волость,1250
VPN2010_T11,PSK,Сельское поселение Леховская волость,564
VPN2010_T11,PSK,Сельское поселение Лобковская волость,768
VPN2010_T11,PSK,Сельское поселение Новохованская волость,660
VPN2010_T11,PSK,Сельское поселение Плисская волость,1701
VPN2010_T11,PSK,Сельское поселение Трехалевская волость,560
VPN2010_T11,PSK,Сельское поселение Туричинская волость,965
VPN2010_T11,PSK,Сельское поселение Усть-Долысская волость,1495
VPN2010_T11,PSK,Новоржевский муниципальный район,9334
VPN2010_T11,PSK,Городское поселение Новоржев - городское население - г. Новоржев (цмр),3695
VPN2010_T11,PSK,Сельское поселение Барутская волость,459
VPN2010_T11,PSK,Сельское поселение Вескинская волость,617
VPN2010_T11,PSK,Сельское поселение Вехнянская волость,553
VPN2010_T11,PSK,Сельское поселение Выборская волость,916
VPN2010_T11,PSK,Сельское поселение Жадрицкая волость,649
VPN2010_T11,PSK,Сельское поселение Макаровская волость,832
VPN2010_T11,PSK,Сельское поселение Оршанская волость,1170
VPN2010_T11,PSK,Сельское поселение Стехновская волость,443
VPN2010_T11,PSK,Новосокольнический муниципальный район,14776
VPN2010_T11,PSK,Городское поселение Новосокольники - городское население - г. Новосокольники (цмр),8119
VPN2010_T11,PSK,Сельское поселение Бологовская волость,555
VPN2010_T11,PSK,Сельское поселение Вязовская волость,633
VPN2010_T11,PSK,Сельское поселение Горожанская волость,788
VPN2010_T11,PSK,Сельское поселение Маевская волость,695
VPN2010_T11,PSK,Сельское поселение Насвинская волость,1053
VPN2010_T11,PSK,Сельское поселение Новосокольническая волость,859
VPN2010_T11,PSK,Сельское поселение Окнийская волость,746
VPN2010_T11,PSK,Сельское поселение Руновская волость,656
VPN2010_T11,PSK,Опочецкий муниципальный район,18673
VPN2010_T11,PSK,Городское поселение Опочка - городское население - г. Опочка (цмр),11603
VPN2010_T11,PSK,Сельское поселение Болгатовская волость,1164
VPN2010_T11,PSK,Сельское поселение Варыгинская волость,640
VPN2010_T11,PSK,Сельское поселение Глубоковская волость,764
VPN2010_T11,PSK,Сельское поселение Звонская волость,1257
VPN2010_T11,PSK,Сельское поселение Макушинская волость,656
VPN2010_T11,PSK,Сельское поселение Матюшкинская волость,760
VPN2010_T11,PSK,Сельское поселение Пригородная волость,1829
VPN2010_T11,PSK,Островский муниципальный район,31096
VPN2010_T11,PSK,Городское поселение Остров - городское население - г. Остров (цмр),21668
VPN2010_T11,PSK,Сельское поселение Бережанская волость,2278
VPN2010_T11,PSK,Сельское поселение Волковская волость,1253
VPN2010_T11,PSK,Сельское поселение Воронцовская волость,1067
VPN2010_T11,PSK,Сельское поселение Горайская волость,3016
VPN2010_T11,PSK,Сельское поселение Городищенская волость,1098
VPN2010_T11,PSK,Сельское поселение Шиковская волость,716
VPN2010_T11,PSK,Палкинский муниципальный район,8826
VPN2010_T11,PSK,Городское поселение Палкино - городское население - пгт Палкино (цмр),2924
VPN2010_T11,PSK,Сельское поселение Васильевская волость,513
VPN2010_T11,PSK,Сельское поселение Качановская волость,794
VPN2010_T11,PSK,Сельское поселение Новоуситовская волость,1285
VPN2010_T11,PSK,Сельское поселение Палкинская волость,1373
VPN2010_T11,PSK,Сельское поселение Родовская волость,749
VPN2010_T11,PSK,Сельское поселение Черская волость,1188
VPN2010_T11,PSK,Печорский муниципальный район,22123
VPN2010_T11,PSK,Городское поселение г. Печоры,12538
VPN2010_T11,PSK,Городское население - г. Печоры (цмр),11195
VPN2010_T11,PSK,Сельское поселение Изборская волость,1172
VPN2010_T11,PSK,Сельское поселение Круппская волость,1218
VPN2010_T11,PSK,Сельское поселение Кулейская волость,941
VPN2010_T11,PSK,Сельское поселение Лавровская волость,2541
VPN2010_T11,PSK,Сельское поселение Новоизборская волость,2411
VPN2010_T11,PSK,Сельское поселение Паниковская волость,1302
VPN2010_T11,PSK,Плюсский муниципальный район,9187
VPN2010_T11,PSK,Городское поселение пгт Плюсса - городское население - пгт Плюсса (цмр),3450
VPN2010_T11,PSK,Городское поселение пгт Заплюсье - городское население - пгт Заплюсье,1096
VPN2010_T11,PSK,Сельское поселение Запольская волость,904
VPN2010_T11,PSK,Сельское поселение Лядская волость,2078
VPN2010_T11,PSK,Сельское поселение Плюсская волость,1659
VPN2010_T11,PSK,Порховский муниципальный район,21568
VPN2010_T11,PSK,Городское поселение г. Порхов - городское население - г. Порхов (цмр),10608
VPN2010_T11,PSK,Сельское поселение Верхнемостская волость,875
VPN2010_T11,PSK,Сельское поселение Дубровенская волость,1372
VPN2010_T11,PSK,Сельское поселение Красноармейская волость,1537
VPN2010_T11,PSK,Сельское поселение Логовинская волость,1048
VPN2010_T11,PSK,Сельское поселение Павская волость,1052
VPN2010_T11,PSK,Сельское поселение Полонская волость,1972
VPN2010_T11,PSK,Сельское поселение Славковская волость,1895
VPN2010_T11,PSK,Сельское поселение Туготинская волость,1209
VPN2010_T11,PSK,Псковский муниципальный район - сельское население,34323
VPN2010_T11,PSK,Сельское поселение Ершовская волость,1214
VPN2010_T11,PSK,Сельское поселение Завеличенская волость,4572
VPN2010_T11,PSK,Сельское поселение Карамышевская волость,3340
VPN2010_T11,PSK,Сельское поселение Краснопрудская волость,877
VPN2010_T11,PSK,Сельское поселение Логозовская волость,2500
VPN2010_T11,PSK,Сельское поселение Писковичская волость,5133
VPN2010_T11,PSK,Сельское поселение Середкинская волость,5240
VPN2010_T11,PSK,Сельское поселение Торошинская волость,1788
VPN2010_T11,PSK,Сельское поселение Тямшанская волость,3407
VPN2010_T11,PSK,Сельское поселение Ядровская волость,6041
VPN2010_T11,PSK,Межселенные территории - сельское население,211
VPN2010_T11,PSK,Пустошкинский муниципальный район,9379
VPN2010_T11,PSK,Городское поселение г. Пустошка - городское население - г. Пустошка (цмр),4619
VPN2010_T11,PSK,Сельское поселение Алольская волость,1003
VPN2010_T11,PSK,Сельское поселение Гультяевская волость,895
VPN2010_T11,PSK,Сельское поселение Забельская волость,789
VPN2010_T11,PSK,Сельское поселение Щукинская волость,776
VPN2010_T11,PSK,Пушкиногорский муниципальный район,9253
VPN2010_T11,PSK,Городское поселение Пушкиногорье,7274
VPN2010_T11,PSK,Городское население - пгт Пушкинские Горы (цмр),5222
VPN2010_T11,PSK,Сельское поселение Велейская волость,767
VPN2010_T11,PSK,Сельское поселение Новгородкинская волость,601
VPN2010_T11,PSK,Сельское поселение Полянская волость,611
VPN2010_T11,PSK,Пыталовский муниципальный район,12083
VPN2010_T11,PSK,Городское поселение г. Пыталово - городское население - г. Пыталово (цмр),5826
VPN2010_T11,PSK,Сельское поселение Вышгородская волость,659
VPN2010_T11,PSK,Сельское поселение Линовская волость,913
VPN2010_T11,PSK,Сельское поселение Носовская волость,848
VPN2010_T11,PSK,Сельское поселение Скадинская волость,561
VPN2010_T11,PSK,Сельское поселение Тулинская волость,1026
VPN2010_T11,PSK,Сельское поселение Утроинская волость,872
VPN2010_T11,PSK,Себежский муниципальный район,21674
VPN2010_T11,PSK,Городское поселение г. Себеж,8354
VPN2010_T11,PSK,Городское население - г. Себеж (цмр),6375
VPN2010_T11,PSK,Городское поселение пгт Идрица,5435
VPN2010_T11,PSK,Городское население - пгт Идрица,4988
VPN2010_T11,PSK,Городское поселение пгт Сосновый Бор,3363
VPN2010_T11,PSK,Городское население - пгт Сосновый Бор,2877
VPN2010_T11,PSK,Сельское поселение Бояриновская волость,514
VPN2010_T11,PSK,Сельское поселение Красная волость,293
VPN2010_T11,PSK,Сельское поселение Максютинская волость,522
VPN2010_T11,PSK,Сельское поселение Мостищенская волость,389
VPN2010_T11,PSK,Сельское поселение Себежское,2455
VPN2010_T11,PSK,Струго-Красненский муниципальный район,13466
VPN2010_T11,PSK,Городское поселение пгт Струги Красные - городское население - пгт Струги Красные (цмр),8447
VPN2010_T11,PSK,Сельское поселение Новосельская волость,1427
VPN2010_T11,PSK,Сельское поселение Сиковицкая волость,603
VPN2010_T11,PSK,Сельское поселение Хрединская волость,829
VPN2010_T11,PSK,Сельское поселение Цапельская волость,741
VPN2010_T11,PSK,Усвятский муниципальный район,5598
VPN2010_T11,PSK,Городское поселение пгт Усвяты - городское население - пгт Усвяты (цмр),2961
VPN2010_T11,PSK,Сельское поселение Калошинская волость,513
VPN2010_T11,PSK,Сельское поселение Усвятская волость,1170
VPN2010_T11,PSK,Сельское поселение Церковищенская волость,954
VPN2010_T11,PSK,г. Санкт-Петербург - городское население,4879566
VPN2010_T11,PSK,Муниципальные образования Адмиралтейского района,157897
VPN2010_T11,PSK,муниципальный округ № 6,24038
VPN2010_T11,PSK,муниципальный округ Адмиралтейский округ,22634
VPN2010_T11,PSK,муниципальный округ Измайловское,26355
VPN2010_T11,PSK,муниципальный округ Коломна,39164
VPN2010_T11,PSK,муниципальный округ Сенной округ,22384
VPN2010_T11,PSK,муниципальный округ Семеновский,23322
VPN2010_T11,PSK,Муниципальные образования Василеостровского района,203058
VPN2010_T11,PSK,муниципальный округ № 7,39168
VPN2010_T11,PSK,муниципальный округ № 11,60842
VPN2010_T11,PSK,муниципальный округ Васильевский,32236
VPN2010_T11,PSK,муниципальный округ Гавань,35927
VPN2010_T11,PSK,муниципальный округ Морской,34885
VPN2010_T11,PSK,Муниципальные образования Выборгского района,447562
VPN2010_T11,PSK,муниципальный округ № 15,63793
VPN2010_T11,PSK,поселок Левашово,3665
VPN2010_T11,PSK,поселок Парголово,15852
VPN2010_T11,PSK,муниципальный округ Парнас,66693
VPN2010_T11,PSK,муниципальный округ Сампсониевское,39318
VPN2010_T11,PSK,муниципальный округ Светлановское,85508
VPN2010_T11,PSK,муниципальный округ Сосновское,66227
VPN2010_T11,PSK,муниципальный округ Шувалово-Озерки,106506
VPN2010_T11,PSK,Муниципальные образования Калининского района,504641
VPN2010_T11,PSK,муниципальный округ № 21,76336
VPN2010_T11,PSK,муниципальный округ Академическое,103304
VPN2010_T11,PSK,муниципальный округ Гражданка,71128
VPN2010_T11,PSK,муниципальный округ Северный,51720
VPN2010_T11,PSK,муниципальный округ Пискаревка,59716
VPN2010_T11,PSK,муниципальный округ Прометей,70145
VPN2010_T11,PSK,муниципальный округ Финляндский округ,72292
VPN2010_T11,PSK,Муниципальные образования Кировского района,334746
VPN2010_T11,PSK,муниципальный округ № 25,60432
VPN2010_T11,PSK,муниципальный округ Автово,44667
VPN2010_T11,PSK,муниципальный округ Дачное,72822
VPN2010_T11,PSK,муниципальный округ Красненькая речка,40544
VPN2010_T11,PSK,муниципальный округ Морские ворота,10060
VPN2010_T11,PSK,муниципальный округ Нарвский округ,30810
VPN2010_T11,PSK,муниципальный округ Ульянка,75411
VPN2010_T11,PSK,Муниципальные образования Колпинского района,177448
VPN2010_T11,PSK,город Колпино,138979
VPN2010_T11,PSK,поселок Металлострой,26361
VPN2010_T11,PSK,поселок Петро-Славянка,1085
VPN2010_T11,PSK,поселок Понтонный,8291
VPN2010_T11,PSK,поселок Саперный,1378
VPN2010_T11,PSK,поселок Усть-Ижора,1354
VPN2010_T11,PSK,Муниципальные образования Красногвардейского района,337091
VPN2010_T11,PSK,муниципальный округ Большая Охта,54539
VPN2010_T11,PSK,муниципальный округ Малая Охта,45946
VPN2010_T11,PSK,муниципальный округ Полюстрово,50387
VPN2010_T11,PSK,муниципальный округ Пороховые,129651
VPN2010_T11,PSK,муниципальный округ Ржевка,56568
VPN2010_T11,PSK,Муниципальные образования Красносельского района,330546
VPN2010_T11,PSK,муниципальный округ Горелово,22503
VPN2010_T11,PSK,муниципальный округ Константиновское,36674
VPN2010_T11,PSK,город Красное Село,44323
VPN2010_T11,PSK,муниципальный округ Сосновая Поляна,48271
VPN2010_T11,PSK,муниципальный округ Урицк,55037
VPN2010_T11,PSK,муниципальный округ Юго-Запад,66746
VPN2010_T11,PSK,муниципальный округ Южно-Приморский,56992
VPN2010_T11,PSK,Муниципальные образования Кронштадтского района - город Кронштадт,43005
VPN2010_T11,PSK,Муниципальные образования Курортного района,70589
VPN2010_T11,PSK,город Зеленогорск,14958
VPN2010_T11,PSK,город Сестрорецк,37248
VPN2010_T11,PSK,поселок Белоостров,2080
VPN2010_T11,PSK,поселок Комарово,1230
VPN2010_T11,PSK,поселок Молодежное,1587
VPN2010_T11,PSK,поселок Песочный,8130
VPN2010_T11,PSK,поселок Репино,2478
VPN2010_T11,PSK,поселок Серово,280
VPN2010_T11,PSK,поселок Смолячково,610
VPN2010_T11,PSK,поселок Солнечное,1370
VPN2010_T11,PSK,поселок Ушково,618
VPN2010_T11,PSK,Муниципальные образования Московского района,288744
VPN2010_T11,PSK,муниципальный округ Гагаринское,58692
VPN2010_T11,PSK,муниципальный округ Звездное,64395
VPN2010_T11,PSK,муниципальный округ Московская застава,45680
VPN2010_T11,PSK,муниципальный округ Новоизмайловское,76718
VPN2010_T11,PSK,муниципальный округ Пулковский меридиан,43259
VPN2010_T11,PSK,Муниципальные образования Невского района,466013
VPN2010_T11,PSK,муниципальный округ № 53,58257
VPN2010_T11,PSK,муниципальный округ № 54,63196
VPN2010_T11,PSK,муниципальный округ № 57,64556
VPN2010_T11,PSK,муниципальный округ Ивановский,27611
VPN2010_T11,PSK,муниципальный округ Невская застава,29623
VPN2010_T11,PSK,муниципальный округ Невский округ,61466
VPN2010_T11,PSK,муниципальный округ Обуховский,45664
VPN2010_T11,PSK,муниципальный округ Оккервиль,60564
VPN2010_T11,PSK,муниципальный округ Рыбацкое,55076
VPN2010_T11,PSK,Муниципальные образования Петроградского района,130455
VPN2010_T11,PSK,муниципальный округ Аптекарский Остров,20575
VPN2010_T11,PSK,муниципальный округ Введенский,19778
VPN2010_T11,PSK,муниципальный округ Кронверкское,20513
VPN2010_T11,PSK,муниципальный округ округ Петровский,21583
VPN2010_T11,PSK,муниципальный округ Посадский,21237
VPN2010_T11,PSK,муниципальный округ Чкаловское,26769
VPN2010_T11,PSK,Муниципальные образования Петродворцового района,128156
VPN2010_T11,PSK,город Ломоносов,42505
VPN2010_T11,PSK,город Петергоф,73199
VPN2010_T11,PSK,поселок Стрельна,12452
VPN2010_T11,PSK,Муниципальные образования Приморского района,507238
VPN2010_T11,PSK,муниципальный округ № 65,127473
VPN2010_T11,PSK,муниципальный округ № 70,39945
VPN2010_T11,PSK,муниципальный округ Комендантский аэродром,84052
VPN2010_T11,PSK,муниципальный округ Лахта-Ольгино,3903
VPN2010_T11,PSK,поселок Лисий Нос,4759
VPN2010_T11,PSK,муниципальный округ Озеро Долгое,89932
VPN2010_T11,PSK,муниципальный округ Черная речка,56429
VPN2010_T11,PSK,муниципальный округ Юнтолово,100745
VPN2010_T11,PSK,Муниципальные образования Пушкинского района,135973
VPN2010_T11,PSK,поселок Александровская,2491
VPN2010_T11,PSK,город Павловск,16087
VPN2010_T11,PSK,город Пушкин,92889
VPN2010_T11,PSK,поселок Тярлево,1854
VPN2010_T11,PSK,поселок Шушары,22652
VPN2010_T11,PSK,Муниципальные образования Фрунзенского района,401779
VPN2010_T11,PSK,муниципальный округ № 72,68333
VPN2010_T11,PSK,муниципальный округ № 75,50757
VPN2010_T11,PSK,муниципальный округ Балканский,78514
VPN2010_T11,PSK,муниципальный округ Волковское,59277
VPN2010_T11,PSK,муниципальный округ Георгиевский,90700
VPN2010_T11,PSK,муниципальный округ Купчино,54198
VPN2010_T11,PSK,Муниципальные образования Центрального района,214625
VPN2010_T11,PSK,муниципальный округ № 78,11186
VPN2010_T11,PSK,муниципальный округ Владимирский округ,59065
VPN2010_T11,PSK,муниципальный округ Дворцовый округ,6426
VPN2010_T11,PSK,муниципальный округ Лиговка-Ямская,16825
VPN2010_T11,PSK,муниципальный округ Литейный округ,44864
VPN2010_T11,PSK,муниципальный округ Смольнинское,76259
VPN2021_T5,BRY,Городское население,812316
VPN2021_T5,BRY,Сельское население,356845
VPN2021_T5,BRY,Городской округ г. Брянск - городское население,395574
VPN2021_T5,BRY,г. Брянск,379152
VPN2021_T5,BRY,Бежицкий район,136649
VPN2021_T5,BRY,Володарский район,63524
VPN2021_T5,BRY,Советский район,115206
VPN2021_T5,BRY,Фокинский район,63773
VPN2021_T5,BRY,поселок Белые Берега,7412
VPN2021_T5,BRY,поселок Большое Полпино,5859
VPN2021_T5,BRY,поселок Радица-Крыловка,3151
VPN2021_T5,BRY,Городской округ г. Клинцы,70385
VPN2021_T5,BRY,Городское население - г. Клинцы,63059
VPN2021_T5,BRY,село Займище,5026
VPN2021_T5,BRY,прочие сельские населенные пункты,2300
VPN2021_T5,BRY,Городской округ г. Сельцо - городское население - г. Сельцо,15906
VPN2021_T5,BRY,Городской округ г. Фокино - городское население - г. Фокино,12538
VPN2021_T5,BRY,Новозыбковский городской округ,49379
VPN2021_T5,BRY,Городское население - г. Новозыбков,38680
VPN2021_T5,BRY,Брасовский муниципальный район,17779
VPN2021_T5,BRY,Локотское городское поселение,9710
VPN2021_T5,BRY,Городское население - поселок Локоть,8469
VPN2021_T5,BRY,Брасовское сельское поселение - сельское население,1241
VPN2021_T5,BRY,Веребское сельское поселение - сельское население,389
VPN2021_T5,BRY,Вороновологское сельское поселение - сельское население,1078
VPN2021_T5,BRY,Глодневское сельское поселение - сельское население,844
VPN2021_T5,BRY,Добриковское сельское поселение - сельское население,559
VPN2021_T5,BRY,Дубровское сельское поселение - сельское население,528
VPN2021_T5,BRY,Крупецкое сельское поселение - сельское население,762
VPN2021_T5,BRY,Погребское сельское поселение - сельское население,1403
VPN2021_T5,BRY,Сныткинское сельское поселение - сельское население,737
VPN2021_T5,BRY,Столбовское сельское поселение - сельское население,528
VPN2021_T5,BRY,Брянский муниципальный район - сельское население,71266
VPN2021_T5,BRY,Глинищевское сельское поселение,6158
VPN2021_T5,BRY,село Глинищево,4348
VPN2021_T5,BRY,Добрунское сельское поселение,6714
VPN2021_T5,BRY,деревня Добрунь,4957
VPN2021_T5,BRY,Домашовское сельское поселение,676
VPN2021_T5,BRY,Журиничское сельское поселение,1588
VPN2021_T5,BRY,Мичуринское сельское поселение,5666
VPN2021_T5,BRY,поселок Мичуринский,4525
VPN2021_T5,BRY,Нетьинское сельское поселение,4615
VPN2021_T5,BRY,Новодарковичское сельское поселение,4781
VPN2021_T5,BRY,Новосельское сельское поселение,1792
VPN2021_T5,BRY,Отрадненское сельское поселение,3146
VPN2021_T5,BRY,Пальцовское сельское поселение,629
VPN2021_T5,BRY,Свенское сельское поселение,3544
VPN2021_T5,BRY,Снежское сельское поселение,13304
VPN2021_T5,BRY,поселок Путевка,8985
VPN2021_T5,BRY,Стекляннорадицкое сельское поселение,5363
VPN2021_T5,BRY,железнодорожная станция Чернец,3440
VPN2021_T5,BRY,Супоневское сельское поселение,11879
VPN2021_T5,BRY,село Супонево,9450
VPN2021_T5,BRY,Чернетовское сельское поселение,1411
VPN2021_T5,BRY,Выгоничский муниципальный район,17117
VPN2021_T5,BRY,Выгоничское городское поселение,6627
VPN2021_T5,BRY,Городское население - поселок Выгоничи,4658
VPN2021_T5,BRY,Кокинское сельское поселение - сельское население,4969
VPN2021_T5,BRY,село Кокино,3008
VPN2021_T5,BRY,Красносельское сельское поселение - сельское население,1152
VPN2021_T5,BRY,Орменское сельское поселение - сельское население,1071
VPN2021_T5,BRY,Сосновское сельское поселение - сельское население,885
VPN2021_T5,BRY,Утынское сельское поселение - сельское население,802
VPN2021_T5,BRY,Хмелевское сельское поселение - сельское население,962
VPN2021_T5,BRY,Хутор-Борское сельское поселение - сельское население,649
VPN2021_T5,BRY,Гордеевский муниципальный район - сельское население,10060
VPN2021_T5,BRY,Глинновское сельское поселение,761
VPN2021_T5,BRY,Гордеевское сельское поселение,3281
VPN2021_T5,BRY,Мирнинское сельское поселение,1607
VPN2021_T5,BRY,Петровобудское сельское поселение,938
VPN2021_T5,BRY,Рудневоробьевское сельское поселение,985
VPN2021_T5,BRY,Творишинское сельское поселение,1488
VPN2021_T5,BRY,Уношевское сельское поселение,1000
VPN2021_T5,BRY,Дубровский муниципальный район,14910
VPN2021_T5,BRY,Дубровское городское поселение,8121
VPN2021_T5,BRY,Городское население - поселок Дубровка,6793
VPN2021_T5,BRY,Алешинское сельское поселение - сельское население,409
VPN2021_T5,BRY,Пеклинское сельское поселение - сельское население,866
VPN2021_T5,BRY,Рековичское сельское поселение - сельское население,913
VPN2021_T5,BRY,Рябчинское сельское поселение - сельское население,718
VPN2021_T5,BRY,Сергеевское сельское поселение - сельское население,198
VPN2021_T5,BRY,Сещинское сельское поселение - сельское население,3685
VPN2021_T5,BRY,Дятьковский муниципальный район,55032
VPN2021_T5,BRY,Бытошское городское поселение,4376
VPN2021_T5,BRY,Городское население - поселок Бытошь,3990
VPN2021_T5,BRY,Дятьковское городское поселение,25377
VPN2021_T5,BRY,Городское население - г. Дятьково,25255
VPN2021_T5,BRY,Ивотское городское поселение,6801
VPN2021_T5,BRY,Городское население - поселок Ивот,5844
VPN2021_T5,BRY,Любохонское городское поселение - городское население - поселок Любохна,4957
VPN2021_T5,BRY,Старское городское поселение,4182
VPN2021_T5,BRY,Городское население - поселок Старь,4182
VPN2021_T5,BRY,Березинское сельское поселение - сельское население,2734
VPN2021_T5,BRY,Большежуковское сельское поселение - сельское население,3177
VPN2021_T5,BRY,Верховское сельское поселение - сельское население,426
VPN2021_T5,BRY,Немеричское сельское поселение - сельское население,946
VPN2021_T5,BRY,Слободищенское сельское поселение - сельское население,2056
VPN2021_T5,BRY,Жирятинский муниципальный район - сельское население,6568
VPN2021_T5,BRY,Воробейнское сельское поселение,1680
VPN2021_T5,BRY,Жирятинское сельское поселение,4226
VPN2021_T5,BRY,Морачевское сельское поселение,662
VPN2021_T5,BRY,Злынковский муниципальный район,11610
VPN2021_T5,BRY,Вышковское городское поселение,2910
VPN2021_T5,BRY,Городское население - поселок Вышков,2497
VPN2021_T5,BRY,Злынковское городское поселение,5341
VPN2021_T5,BRY,Городское население - г. Злынка,5270
VPN2021_T5,BRY,Денисковичское сельское поселение - сельское население,596
VPN2021_T5,BRY,Роговское сельское поселение - сельское население,815
VPN2021_T5,BRY,Спиридоновобудское сельское поселение - сельское население,1087
VPN2021_T5,BRY,Щербиничское сельское поселение - сельское население,861
VPN2021_T5,BRY,Карачевский муниципальный район,32279
VPN2021_T5,BRY,Карачевское городское поселение,24149
VPN2021_T5,BRY,Городское население - г. Карачев,17449
VPN2021_T5,BRY,Бошинское сельское поселение - сельское население,994
VPN2021_T5,BRY,Вельяминовское сельское поселение - сельское население,2012
VPN2021_T5,BRY,Верхопольское сельское поселение - сельское население,1011
VPN2021_T5,BRY,Дроновское сельское поселение - сельское население,845
VPN2021_T5,BRY,Мылинское сельское поселение - сельское население,1551
VPN2021_T5,BRY,Песоченское сельское поселение - сельское население,1000
VPN2021_T5,BRY,Ревенское сельское поселение - сельское население,717
VPN2021_T5,BRY,Клетнянский муниципальный район,17032
VPN2021_T5,BRY,Клетнянское городское поселение,12032
VPN2021_T5,BRY,Городское население - поселок Клетня,11947
VPN2021_T5,BRY,Акуличское сельское поселение - сельское население,816
VPN2021_T5,BRY,Лутенское сельское поселение - сельское население,972
VPN2021_T5,BRY,Мирнинское сельское поселение - сельское население,1717
VPN2021_T5,BRY,Мужиновское сельское поселение - сельское население,923
VPN2021_T5,BRY,Надвинское сельское поселение - сельское население,572
VPN2021_T5,BRY,Климовский муниципальный район,25897
VPN2021_T5,BRY,Климовское городское поселение - городское население - поселок Климово,13554
VPN2021_T5,BRY,Брахловское сельское поселение - сельское население,495
VPN2021_T5,BRY,Истопское сельское поселение - сельское население,1324
VPN2021_T5,BRY,Каменскохуторское сельское поселение - сельское население,834
VPN2021_T5,BRY,Кирилловское сельское поселение - сельское население,766
VPN2021_T5,BRY,Лакомобудское сельское поселение - сельское население,413
VPN2021_T5,BRY,Митьковское сельское поселение - сельское население,860
VPN2021_T5,BRY,Новоропское сельское поселение - сельское население,1259
VPN2021_T5,BRY,Новоюрковичское сельское поселение - сельское население,683
VPN2021_T5,BRY,Плавенское сельское поселение - сельское население,712
VPN2021_T5,BRY,Сачковичское сельское поселение - сельское население,1673
VPN2021_T5,BRY,Сытобудское сельское поселение - сельское население,642
VPN2021_T5,BRY,Хороменское сельское поселение - сельское население,390
VPN2021_T5,BRY,Челховское сельское поселение - сельское население,1121
VPN2021_T5,BRY,Чуровичское сельское поселение - сельское население,1171
VPN2021_T5,BRY,Клинцовский муниципальный район - сельское население,17163
VPN2021_T5,BRY,Великотопальское сельское поселение,1106
VPN2021_T5,BRY,Гулевское сельское поселение,997
VPN2021_T5,BRY,Коржовоголубовское сельское поселение,3444
VPN2021_T5,BRY,Лопатенское сельское поселение,1209
VPN2021_T5,BRY,Медведовское сельское поселение,2193
VPN2021_T5,BRY,Первомайское сельское поселение,2317
VPN2021_T5,BRY,Рожновское сельское поселение,1617
VPN2021_T5,BRY,Смолевичское сельское поселение,2176
VPN2021_T5,BRY,Смотровобудское сельское поселение,2104
VPN2021_T5,BRY,Комаричский муниципальный район,15659
VPN2021_T5,BRY,Комаричское городское поселение - городское население - поселок Комаричи,7325
VPN2021_T5,BRY,Аркинское сельское поселение - сельское население,603
VPN2021_T5,BRY,Быховское сельское поселение - сельское население,747
VPN2021_T5,BRY,Игрицкое сельское поселение - сельское население,1328
VPN2021_T5,BRY,Литижское сельское поселение - сельское население,1263
VPN2021_T5,BRY,Лопандинское сельское поселение - сельское население,2377
VPN2021_T5,BRY,Марьинское сельское поселение - сельское население,1077
VPN2021_T5,BRY,Усожское сельское поселение - сельское население,939
VPN2021_T5,BRY,Красногорский муниципальный район,10250
VPN2021_T5,BRY,Красногорское городское поселение,5691
VPN2021_T5,BRY,Городское население - поселок Красная Гора,5504
VPN2021_T5,BRY,Колюдовское сельское поселение - сельское население,823
VPN2021_T5,BRY,Лотаковское сельское поселение - сельское население,491
VPN2021_T5,BRY,Любовшанское сельское поселение - сельское население,1080
VPN2021_T5,BRY,Макаричское сельское поселение - сельское население,787
VPN2021_T5,BRY,Перелазское сельское поселение - сельское население,928
VPN2021_T5,BRY,Яловское сельское поселение - сельское население,450
VPN2021_T5,BRY,Мглинский муниципальный район,15960
VPN2021_T5,BRY,Мглинское городское поселение - городское население - г. Мглин,6919
VPN2021_T5,BRY,Ветлевское сельское поселение - сельское население,3676
VPN2021_T5,BRY,Краснокосаровское сельское поселение - сельское население,2821
VPN2021_T5,BRY,Симонтовское сельское поселение - сельское население,2544
VPN2021_T5,BRY,Навлинский муниципальный район,26906
VPN2021_T5,BRY,Алтуховское городское поселение,1746
VPN2021_T5,BRY,Городское население - поселок Алтухово,1679
VPN2021_T5,BRY,Навлинское городское поселение,16247
VPN2021_T5,BRY,Городское население - поселок Навля,15536
VPN2021_T5,BRY,Бяковское сельское поселение - сельское население,2250
VPN2021_T5,BRY,Синезерское сельское поселение - сельское население,2095
VPN2021_T5,BRY,Чичковское сельское поселение - сельское население,2124
VPN2021_T5,BRY,Погарский муниципальный район,29424
VPN2021_T5,BRY,Погарское городское поселение - городское население - поселок Погар,9484
VPN2021_T5,BRY,Борщовское сельское поселение - сельское население,1511
VPN2021_T5,BRY,Вадьковское сельское поселение - сельское население,3075
VPN2021_T5,BRY,Витемлянское сельское поселение - сельское население,1147
VPN2021_T5,BRY,Гетуновское сельское поселение - сельское население,1851
VPN2021_T5,BRY,Городищенское сельское поселение - сельское население,1891
VPN2021_T5,BRY,Гриневское сельское поселение - сельское население,1231
VPN2021_T5,BRY,Долботовское сельское поселение - сельское население,1005
VPN2021_T5,BRY,Кистерское сельское поселение - сельское население,1449
VPN2021_T5,BRY,Посудичское сельское поселение - сельское население,2313
VPN2021_T5,BRY,Суворовское сельское поселение - сельское население,2033
VPN2021_T5,BRY,Чаусовское сельское поселение - сельское население,796
VPN2021_T5,BRY,Юдиновское сельское поселение - сельское население,1638
VPN2021_T5,BRY,Почепский муниципальный район,34971
VPN2021_T5,BRY,Почепское городское поселение - городское население - г. Почеп,14991
VPN2021_T5,BRY,Рамасухское городское поселение - городское население - поселок Рамасуха,371
VPN2021_T5,BRY,Бакланское сельское поселение - сельское население,1677
VPN2021_T5,BRY,Бельковское сельское поселение - сельское население,577
VPN2021_T5,BRY,Витовское сельское поселение - сельское население,1048
VPN2021_T5,BRY,Гущинское сельское поселение - сельское население,1039
VPN2021_T5,BRY,Дмитровское сельское поселение - сельское население,521
VPN2021_T5,BRY,Доманичское сельское поселение - сельское население,1354
VPN2021_T5,BRY,Краснорогское сельское поселение - сельское население,2509
VPN2021_T5,BRY,Московское сельское поселение - сельское население,1176
VPN2021_T5,BRY,Первомайское сельское поселение - сельское население,786
VPN2021_T5,BRY,Польниковское сельское поселение - сельское население,996
VPN2021_T5,BRY,Речицкое сельское поселение - сельское население,3353
VPN2021_T5,BRY,Семецкое сельское поселение - сельское население,1909
VPN2021_T5,BRY,Сетоловское сельское поселение - сельское население,1288
VPN2021_T5,BRY,Чоповское сельское поселение - сельское население,1376
VPN2021_T5,BRY,Рогнединский муниципальный район,6202
VPN2021_T5,BRY,Рогнединское городское поселение,3077
VPN2021_T5,BRY,Городское население - поселок Рогнедино,2775
VPN2021_T5,BRY,Вороновское сельское поселение - сельское население,738
VPN2021_T5,BRY,Селиловичское сельское поселение - сельское население,596
VPN2021_T5,BRY,Тюнинское сельское поселение - сельское население,374
VPN2021_T5,BRY,Федоровское сельское поселение - сельское население,1143
VPN2021_T5,BRY,Шаровичское сельское поселение - сельское население,274
VPN2021_T5,BRY,Севский муниципальный район,14159
VPN2021_T5,BRY,Севское городское поселение,7565
VPN2021_T5,BRY,Городское население - г. Севск,6732
VPN2021_T5,BRY,Доброводское сельское поселение - сельское население,990
VPN2021_T5,BRY,Косицкое сельское поселение - сельское население,1051
VPN2021_T5,BRY,Новоямское сельское поселение - сельское население,1295
VPN2021_T5,BRY,Подлесно-Новосельское сельское поселение - сельское население,1053
VPN2021_T5,BRY,Пушкинское сельское поселение - сельское население,649
VPN2021_T5,BRY,Троебортновское сельское поселение - сельское население,518
VPN2021_T5,BRY,Чемлыжское сельское поселение - сельское население,1038
VPN2021_T5,BRY,Суземский муниципальный район,15254
VPN2021_T5,BRY,Кокоревское городское поселение - городское население - поселок Кокоревка,1768
VPN2021_T5,BRY,Суземское городское поселение,8932
VPN2021_T5,BRY,Городское население - поселок Суземка,8672
VPN2021_T5,BRY,Алешковичское сельское поселение - сельское население,1555
VPN2021_T5,BRY,Невдольское сельское поселение - сельское население,1083
VPN2021_T5,BRY,Новопогощенское сельское поселение - сельское население,714
VPN2021_T5,BRY,Селеченское сельское поселение - сельское население,521
VPN2021_T5,BRY,Холмечское сельское поселение - сельское население,681
VPN2021_T5,BRY,Суражский муниципальный район,22345
VPN2021_T5,BRY,Суражское городское поселение - городское население - г. Сураж,11176
VPN2021_T5,BRY,Влазовичское сельское поселение - сельское население,2016
VPN2021_T5,BRY,Дегтяревское сельское поселение - сельское население,923
VPN2021_T5,BRY,Кулажское сельское поселение - сельское население,1521
VPN2021_T5,BRY,Лопазненское сельское поселение - сельское население,1275
VPN2021_T5,BRY,Нивнянское сельское поселение - сельское население,1360
VPN2021_T5,BRY,Овчинское сельское поселение - сельское население,2353
VPN2021_T5,BRY,Трубчевский муниципальный район,33491
VPN2021_T5,BRY,Белоберезковское городское поселение,5886
VPN2021_T5,BRY,Городское население - поселок Белая Березка,5886
VPN2021_T5,BRY,Трубчевское городское поселение - городское население - г. Трубчевск,13287
VPN2021_T5,BRY,Городецкое сельское поселение - сельское население,2538
VPN2021_T5,BRY,Селецкое сельское поселение - сельское население,2866
VPN2021_T5,BRY,Семячковское сельское поселение - сельское население,1961
VPN2021_T5,BRY,Телецкое сельское поселение - сельское население,2979
VPN2021_T5,BRY,Усохское сельское поселение - сельское население,1442
VPN2021_T5,BRY,Юровское сельское поселение - сельское население,2532
VPN2021_T5,BRY,Унечский муниципальный район,34698
VPN2021_T5,BRY,Унечское городское поселение,24738
VPN2021_T5,BRY,Городское население - г. Унеча,24274
VPN2021_T5,BRY,Высокское сельское поселение - сельское население,1407
VPN2021_T5,BRY,Ивайтенское сельское поселение - сельское население,753
VPN2021_T5,BRY,Красновичское сельское поселение - сельское население,1188
VPN2021_T5,BRY,Найтоповичское сельское поселение - сельское население,1529
VPN2021_T5,BRY,Павловское сельское поселение - сельское население,1445
VPN2021_T5,BRY,Старогутнянское сельское поселение - сельское население,1387
VPN2021_T5,BRY,Старосельское сельское поселение - сельское население,979
VPN2021_T5,BRY,Жуковский муниципальный округ,33943
VPN2021_T5,BRY,Городское население - г. Жуковка,17628
VPN2021_T5,BRY,село Ржаница,4262
VPN2021_T5,BRY,Стародубский муниципальный округ,35404
VPN2021_T5,BRY,Городское население - г. Стародуб,17687
VPN2021_T5,SMO,Городское население,644961
VPN2021_T5,SMO,Сельское население,243460
VPN2021_T5,SMO,Городской округ - город Смоленск - городское население - г. Смоленск,316570
VPN2021_T5,SMO,Городской округ - город Десногорск,25414
VPN2021_T5,SMO,Городское население - г. Десногорск,25345
VPN2021_T5,SMO,Велижский муниципальный район,9391
VPN2021_T5,SMO,Велижское городское поселение,6668
VPN2021_T5,SMO,Городское население - г. Велиж,6293
VPN2021_T5,SMO,Крутовское сельское поселение - сельское население,795
VPN2021_T5,SMO,Печенковское сельское поселение - сельское население,751
VPN2021_T5,SMO,Селезневское сельское поселение - сельское население,1177
VPN2021_T5,SMO,Вяземский муниципальный район,71664
VPN2021_T5,SMO,Вяземское городское поселение - городское население - г. Вязьма,51950
VPN2021_T5,SMO,Андрейковское сельское поселение - сельское население,3276
VPN2021_T5,SMO,Вязьма-Брянское сельское поселение - сельское население,4239
VPN2021_T5,SMO,село Вязьма-Брянская,3791
VPN2021_T5,SMO,прочие сельские населенные пункты,448
VPN2021_T5,SMO,Кайдаковское сельское поселение - сельское население,1882
VPN2021_T5,SMO,Новосельское сельское поселение - сельское население,2535
VPN2021_T5,SMO,Семлевское сельское поселение - сельское население,3074
VPN2021_T5,SMO,Степаниковское сельское поселение - сельское население,1750
VPN2021_T5,SMO,Тумановское сельское поселение - сельское население,2958
VPN2021_T5,SMO,Гагаринский муниципальный район,41306
VPN2021_T5,SMO,Гагаринское городское поселение,26510
VPN2021_T5,SMO,Городское население - г. Гагарин,26500
VPN2021_T5,SMO,Гагаринское сельское поселение - сельское население,6264
VPN2021_T5,SMO,Кармановское сельское поселение - сельское население,3074
VPN2021_T5,SMO,Никольское сельское поселение - сельское население,5458
VPN2021_T5,SMO,Глинковский муниципальный район - сельское население,3590
VPN2021_T5,SMO,Болтутинское сельское поселение,918
VPN2021_T5,SMO,Глинковское сельское поселение,2002
VPN2021_T5,SMO,Доброминское сельское поселение,670
VPN2021_T5,SMO,Демидовский муниципальный район,10974
VPN2021_T5,SMO,Демидовское городское поселение,6416
VPN2021_T5,SMO,Городское население - г. Демидов,6326
VPN2021_T5,SMO,Пржевальское городское поселение - городское население - пгт Пржевальское кп,1265
VPN2021_T5,SMO,Борковское сельское поселение - сельское население,190
VPN2021_T5,SMO,Заборьевское сельское поселение - сельское население,1255
VPN2021_T5,SMO,Слободское сельское поселение - сельское население,120
VPN2021_T5,SMO,Титовщинское сельское поселение - сельское население,1728
VPN2021_T5,SMO,Дорогобужский муниципальный район,24797
VPN2021_T5,SMO,Верхнеднепровское городское поселение - городское население - пгт Верхнеднепровский,10831
VPN2021_T5,SMO,Дорогобужское городское поселение - городское население - г. Дорогобуж,9528
VPN2021_T5,SMO,Алексинское сельское поселение - сельское население,1181
VPN2021_T5,SMO,Михайловское сельское поселение - сельское население,1833
VPN2021_T5,SMO,Усвятское сельское поселение - сельское население,1424
VPN2021_T5,SMO,Духовщинский муниципальный район,14326
VPN2021_T5,SMO,Духовщинское городское поселение,4060
VPN2021_T5,SMO,Городское население - г. Духовщина,3990
VPN2021_T5,SMO,Озерненское городское поселение,5205
VPN2021_T5,SMO,Городское население - пгт Озерный,5026
VPN2021_T5,SMO,Булгаковское сельское поселение - сельское население,1128
VPN2021_T5,SMO,Пречистенское сельское поселение - сельское население,2325
VPN2021_T5,SMO,Третьяковское сельское поселение - сельское население,1608
VPN2021_T5,SMO,Ельнинский муниципальный район,11545
VPN2021_T5,SMO,Ельнинское городское поселение,8511
VPN2021_T5,SMO,Городское население - г. Ельня,8332
VPN2021_T5,SMO,Бобровичское сельское поселение - сельское население,768
VPN2021_T5,SMO,Коробецкое сельское поселение - сельское население,995
VPN2021_T5,SMO,Леонидовское сельское поселение - сельское население,1271
VPN2021_T5,SMO,Ершичский муниципальный район - сельское население,5357
VPN2021_T5,SMO,Воргинское сельское поселение,773
VPN2021_T5,SMO,Ершичское сельское поселение,3093
VPN2021_T5,SMO,Кузьмичское сельское поселение,668
VPN2021_T5,SMO,Руханское сельское поселение,823
VPN2021_T5,SMO,Кардымовский муниципальный район,10919
VPN2021_T5,SMO,Кардымовское городское поселение,4891
VPN2021_T5,SMO,Городское население - пгт Кардымово,4443
VPN2021_T5,SMO,Каменское сельское поселение - сельское население,2020
VPN2021_T5,SMO,Тюшинское сельское поселение - сельское население,2044
VPN2021_T5,SMO,Шокинское сельское поселение - сельское население,1964
VPN2021_T5,SMO,Краснинский муниципальный район,10786
VPN2021_T5,SMO,Краснинское городское поселение,3690
VPN2021_T5,SMO,Городское население - пгт Красный,3621
VPN2021_T5,SMO,Гусинское сельское поселение - сельское население,4238
VPN2021_T5,SMO,деревня Гусино,3092
VPN2021_T5,SMO,Малеевское сельское поселение - сельское население,1546
VPN2021_T5,SMO,Мерлинское сельское поселение - сельское население,1312
VPN2021_T5,SMO,Монастырщинский муниципальный район,8232
VPN2021_T5,SMO,Монастырщинское городское поселение - городское население - пгт Монастырщина,3223
VPN2021_T5,SMO,Александровское сельское поселение - сельское население,723
VPN2021_T5,SMO,Барсуковское сельское поселение - сельское население,610
VPN2021_T5,SMO,Гоголевское сельское поселение - сельское население,911
VPN2021_T5,SMO,Новомихайловское сельское поселение - сельское население,715
VPN2021_T5,SMO,Соболевское сельское поселение - сельское население,1017
VPN2021_T5,SMO,Татарское сельское поселение - сельское население,1033
VPN2021_T5,SMO,Новодугинский муниципальный район - сельское население,7547
VPN2021_T5,SMO,Высоковское сельское поселение,777
VPN2021_T5,SMO,Днепровское сельское поселение,1186
VPN2021_T5,SMO,Извековское сельское поселение,794
VPN2021_T5,SMO,Новодугинское сельское поселение,3998
VPN2021_T5,SMO,село Новодугино,3254
VPN2021_T5,SMO,Тесовское сельское поселение,792
VPN2021_T5,SMO,Починковский муниципальный район,25155
VPN2021_T5,SMO,Починковское городское поселение - городское население - г. Починок,7575
VPN2021_T5,SMO,Ленинское сельское поселение - сельское население,1712
VPN2021_T5,SMO,Мурыгинское сельское поселение - сельское население,4396
VPN2021_T5,SMO,Прудковское сельское поселение - сельское население,2612
VPN2021_T5,SMO,Стодолищенское сельское поселение - сельское население,3997
VPN2021_T5,SMO,Шаталовское сельское поселение - сельское население,4863
VPN2021_T5,SMO,Рославльский муниципальный район,62573
VPN2021_T5,SMO,Рославльское городское поселение - городское население - г. Рославль,45416
VPN2021_T5,SMO,Астапковичское сельское поселение - сельское население,1891
VPN2021_T5,SMO,Екимовичское сельское поселение - сельское население,2690
VPN2021_T5,SMO,Кирилловское сельское поселение - сельское население,2413
VPN2021_T5,SMO,Липовское сельское поселение - сельское население,1134
VPN2021_T5,SMO,Любовское сельское поселение - сельское население,1253
VPN2021_T5,SMO,Остерское сельское поселение - сельское население,3808
VPN2021_T5,SMO,Перенское сельское поселение - сельское население,1143
VPN2021_T5,SMO,Пригорьевское сельское поселение - сельское население,1457
VPN2021_T5,SMO,Сырокоренское сельское поселение - сельское население,1368
VPN2021_T5,SMO,Руднянский муниципальный район,21283
VPN2021_T5,SMO,Голынковское городское поселение - городское население - пгт Голынки,2879
VPN2021_T5,SMO,Руднянское городское поселение - городское население - г. Рудня,8908
VPN2021_T5,SMO,Любавичское сельское поселение - сельское население,1991
VPN2021_T5,SMO,Переволочское сельское поселение - сельское население,2139
VPN2021_T5,SMO,Понизовское сельское поселение - сельское население,1866
VPN2021_T5,SMO,Чистиковское сельское поселение - сельское население,3500
VPN2021_T5,SMO,Сафоновский муниципальный район,51654
VPN2021_T5,SMO,Сафоновское городское поселение - городское население - г. Сафоново,38403
VPN2021_T5,SMO,Барановское сельское поселение - сельское население,1744
VPN2021_T5,SMO,Беленинское сельское поселение - сельское население,904
VPN2021_T5,SMO,Вадинское сельское поселение - сельское население,2352
VPN2021_T5,SMO,Вышегорское сельское поселение - сельское население,1595
VPN2021_T5,SMO,Зимницкое сельское поселение - сельское население,667
VPN2021_T5,SMO,Издешковское сельское поселение - сельское население,1685
VPN2021_T5,SMO,Казулинское сельское поселение - сельское население,681
VPN2021_T5,SMO,Николо-Погореловское сельское поселение - сельское население,534
VPN2021_T5,SMO,Пушкинское сельское поселение - сельское население,652
VPN2021_T5,SMO,Рыбковское сельское поселение - сельское население,759
VPN2021_T5,SMO,Старосельское сельское поселение - сельское население,470
VPN2021_T5,SMO,Смоленский муниципальный район - сельское население,59964
VPN2021_T5,SMO,Волоковское сельское поселение,627
VPN2021_T5,SMO,Вязгинское сельское поселение,1009
VPN2021_T5,SMO,Гнездовское сельское поселение,4098
VPN2021_T5,SMO,Дивасовское сельское поселение,2022
VPN2021_T5,SMO,Касплянское сельское поселение,1300
VPN2021_T5,SMO,Катынское сельское поселение,4867
VPN2021_T5,SMO,Козинское сельское поселение,10784
VPN2021_T5,SMO,деревня Новосельцы,3555
VPN2021_T5,SMO,Корохоткинское сельское поселение,4812
VPN2021_T5,SMO,Кощинское сельское поселение,2233
VPN2021_T5,SMO,Лоинское сельское поселение,548
VPN2021_T5,SMO,Михновское сельское поселение,3101
VPN2021_T5,SMO,Новосельское сельское поселение,1271
VPN2021_T5,SMO,Печерское сельское поселение,6507
VPN2021_T5,SMO,село Печерск,5754
VPN2021_T5,SMO,Пионерское сельское поселение,1138
VPN2021_T5,SMO,Пригорское сельское поселение,5657
VPN2021_T5,SMO,Сметанинское сельское поселение,1706
VPN2021_T5,SMO,Стабенское сельское поселение,4075
VPN2021_T5,SMO,Талашкинское сельское поселение,2496
VPN2021_T5,SMO,Хохловское сельское поселение,1713
VPN2021_T5,SMO,Сычевский муниципальный район,12255
VPN2021_T5,SMO,Сычевское городское поселение - городское население - г. Сычевка,7544
VPN2021_T5,SMO,Дугинское сельское поселение - сельское население,1090
VPN2021_T5,SMO,Караваевское сельское поселение - сельское население,1178
VPN2021_T5,SMO,Мальцевское сельское поселение - сельское население,1529
VPN2021_T5,SMO,Темкинский муниципальный район - сельское население,4382
VPN2021_T5,SMO,Батюшковское сельское поселение,691
VPN2021_T5,SMO,Медведевское сельское поселение,1027
VPN2021_T5,SMO,Павловское сельское поселение,933
VPN2021_T5,SMO,Темкинское сельское поселение,1731
VPN2021_T5,SMO,Угранский муниципальный район - сельское население,6904
VPN2021_T5,SMO,Всходское сельское поселение,1341
VPN2021_T5,SMO,Знаменское сельское поселение,1660
VPN2021_T5,SMO,Угранское сельское поселение,3903
VPN2021_T5,SMO,село Угра,3452
VPN2021_T5,SMO,Хиславичский муниципальный район,6719
VPN2021_T5,SMO,Хиславичское городское поселение,3412
VPN2021_T5,SMO,Городское население - пгт Хиславичи,3183
VPN2021_T5,SMO,Владимировское сельское поселение - сельское население,92
VPN2021_T5,SMO,Городищенское сельское поселение - сельское население,923
VPN2021_T5,SMO,Кожуховичское сельское поселение - сельское население,598
VPN2021_T5,SMO,Корзовское сельское поселение - сельское население,693
VPN2021_T5,SMO,Печерское сельское поселение - сельское население,676
VPN2021_T5,SMO,Череповское сельское поселение - сельское население,325
VPN2021_T5,SMO,Холм-Жирковский муниципальный район,8268
VPN2021_T5,SMO,Холм-Жирковское городское поселение,3236
VPN2021_T5,SMO,Городское население - пгт Холм-Жирковский,3165
VPN2021_T5,SMO,Агибаловское сельское поселение - сельское население,699
VPN2021_T5,SMO,Богдановское сельское поселение - сельское население,929
VPN2021_T5,SMO,Игоревское сельское поселение - сельское население,1749
VPN2021_T5,SMO,Лехминское сельское поселение - сельское население,892
VPN2021_T5,SMO,Тупиковское сельское поселение - сельское население,763
VPN2021_T5,SMO,Шумячский муниципальный район,8545
VPN2021_T5,SMO,Шумячское городское поселение - городское население - пгт Шумячи,3193
VPN2021_T5,SMO,Надейковичское сельское поселение - сельское население,493
VPN2021_T5,SMO,Озерное сельское поселение - сельское население,813
VPN2021_T5,SMO,Первомайское сельское поселение - сельское население,1633
VPN2021_T5,SMO,Понятовское сельское поселение - сельское население,846
VPN2021_T5,SMO,Руссковское сельское поселение - сельское население,577
VPN2021_T5,SMO,Снегиревское сельское поселение - сельское население,641
VPN2021_T5,SMO,Студенецкое сельское поселение - сельское население,349
VPN2021_T5,SMO,Ярцевский муниципальный район,48301
VPN2021_T5,SMO,Ярцевское городское поселение,41541
VPN2021_T5,SMO,Городское население - г. Ярцево,41452
VPN2021_T5,SMO,Капыревщинское сельское поселение - сельское население,1982
VPN2021_T5,SMO,Михейковское сельское поселение - сельское население,1410
VPN2021_T5,SMO,Мушковическое сельское поселение - сельское население,714
VPN2021_T5,SMO,Подрощинское сельское поселение - сельское население,856
VPN2021_T5,SMO,Суетовское сельское поселение - сельское население,1798
VPN2021_T5,PSK,Городское население,424480
VPN2021_T5,PSK,Сельское население,174604
VPN2021_T5,PSK,Псковский городской округ - городское население - г. Псков,193082
VPN2021_T5,PSK,Великолукский городской округ - городское население - г. Великие Луки,86711
VPN2021_T5,PSK,Бежаницкий муниципальный район,10509
VPN2021_T5,PSK,Городское поселение Бежаницы - городское население - пгт Бежаницы,3731
VPN2021_T5,PSK,Бежаницкое сельское поселение - сельское население,2508
VPN2021_T5,PSK,Полистовское сельское поселение,1083
VPN2021_T5,PSK,Городское население - пгт Красный Луч,724
VPN2021_T5,PSK,Сельское поселение Лющикская волость - сельское население,1211
VPN2021_T5,PSK,Чихачевское сельское поселение - сельское население,1976
VPN2021_T5,PSK,Великолукский муниципальный район - сельское население,19465
VPN2021_T5,PSK,Сельское поселение Лычевская волость,5826
VPN2021_T5,PSK,Сельское поселение Переслегинская волость,5198
VPN2021_T5,PSK,Сельское поселение Пореченская волость,2856
VPN2021_T5,PSK,Сельское поселение Шелковская волость,5585
VPN2021_T5,PSK,Гдовский муниципальный район,9229
VPN2021_T5,PSK,Городское поселение Гдов,4764
VPN2021_T5,PSK,Городское население - г. Гдов,3455
VPN2021_T5,PSK,Сельское поселение Добручинская волость - сельское население,1092
VPN2021_T5,PSK,Сельское поселение Плесновская волость - сельское население,250
VPN2021_T5,PSK,Сельское поселение Полновская волость - сельское население,1209
VPN2021_T5,PSK,Сельское поселение Самолвовская волость - сельское население,390
VPN2021_T5,PSK,Сельское поселение Спицинская волость - сельское население,404
VPN2021_T5,PSK,Сельское поселение Чернёвская волость - сельское население,691
VPN2021_T5,PSK,Сельское поселение Юшкинская волость - сельское население,429
VPN2021_T5,PSK,Дедовичский муниципальный район,12020
VPN2021_T5,PSK,Городское поселение Дедовичи - городское население - пгт Дедовичи,6922
VPN2021_T5,PSK,Сельское поселение Вязьевская волость - сельское население,2082
VPN2021_T5,PSK,Сельское поселение Пожеревицкая волость - сельское население,1448
VPN2021_T5,PSK,Сельское поселение Шелонская волость - сельское население,1568
VPN2021_T5,PSK,Дновский муниципальный район,10882
VPN2021_T5,PSK,Городское поселение Дно,8528
VPN2021_T5,PSK,Городское население - г. Дно,7850
VPN2021_T5,PSK,Сельское поселение Выскодская волость - сельское население,1353
VPN2021_T5,PSK,Сельское поселение Искровская волость - сельское население,1001
VPN2021_T5,PSK,Красногородский муниципальный район,6500
VPN2021_T5,PSK,Городское поселение Красногородск - городское население - пгт Красногородск,3521
VPN2021_T5,PSK,Сельское поселение Красногородская волость - сельское население,2299
VPN2021_T5,PSK,Сельское поселение Пограничная волость - сельское население,680
VPN2021_T5,PSK,Куньинский муниципальный район,7735
VPN2021_T5,PSK,Городское поселение Кунья - городское население - пгт Кунья,2902
VPN2021_T5,PSK,Сельское поселение Жижицкая волость - сельское население,971
VPN2021_T5,PSK,Сельское поселение Каськовская волость - сельское население,539
VPN2021_T5,PSK,Сельское поселение Куньинская волость - сельское население,2293
VPN2021_T5,PSK,Сельское поселение Пухновская волость - сельское население,1030
VPN2021_T5,PSK,Локнянский муниципальный район,7883
VPN2021_T5,PSK,Городское поселение Локня - городское население - пгт Локня,3541
VPN2021_T5,PSK,Сельское поселение Михайловская волость - сельское население,1992
VPN2021_T5,PSK,Сельское поселение Подберезинская волость - сельское население,695
VPN2021_T5,PSK,Сельское поселение Самолуковская волость - сельское население,1655
VPN2021_T5,PSK,Невельский муниципальный район,21554
VPN2021_T5,PSK,Городское поселение Невель - городское население - г. Невель,13980
VPN2021_T5,PSK,Сельское поселение Артемовская волость - сельское население,1817
VPN2021_T5,PSK,Сельское поселение Ивановская волость - сельское население,1874
VPN2021_T5,PSK,Сельское поселение Плисская волость - сельское население,1116
VPN2021_T5,PSK,Сельское поселение Туричинская волость - сельское население,1161
VPN2021_T5,PSK,Сельское поселение Усть-Долысская волость - сельское население,1606
VPN2021_T5,PSK,Новоржевский муниципальный район,7955
VPN2021_T5,PSK,Городское поселение Новоржев - городское население - г. Новоржев,3222
VPN2021_T5,PSK,Сельское поселение Вехнянская волость - сельское население,1569
VPN2021_T5,PSK,Сельское поселение Выборская волость - сельское население,1580
VPN2021_T5,PSK,Сельское поселение Новоржевская волость - сельское население,1584
VPN2021_T5,PSK,Новосокольнический муниципальный район,11928
VPN2021_T5,PSK,Городское поселение Новосокольники - городское население - г. Новосокольники,6895
VPN2021_T5,PSK,Сельское поселение Вязовская волость - сельское население,464
VPN2021_T5,PSK,Сельское поселение Маевская волость - сельское население,1020
VPN2021_T5,PSK,Сельское поселение Насвинская волость - сельское население,1431
VPN2021_T5,PSK,Сельское поселение Пригородная волость - сельское население,2118
VPN2021_T5,PSK,Опочецкий муниципальный район,15692
VPN2021_T5,PSK,Городское поселение Опочка - городское население - г. Опочка,9928
VPN2021_T5,PSK,Сельское поселение Болгатовская волость - сельское население,1023
VPN2021_T5,PSK,Сельское поселение Варыгинская волость - сельское население,1082
VPN2021_T5,PSK,Сельское поселение Глубоковская волость - сельское население,1569
VPN2021_T5,PSK,Островский муниципальный район,26959
VPN2021_T5,PSK,Городское поселение Остров - городское население - г. Остров,20923
VPN2021_T5,PSK,Сельское поселение Бережанская волость - сельское население,1754
VPN2021_T5,PSK,Сельское поселение Воронцовская волость - сельское население,1056
VPN2021_T5,PSK,Сельское поселение Горайская волость - сельское население,1331
VPN2021_T5,PSK,Сельское поселение Островская волость - сельское население,1895
VPN2021_T5,PSK,Палкинский муниципальный район,7615
VPN2021_T5,PSK,Городское поселение Палкино - городское население - пгт Палкино,2870
VPN2021_T5,PSK,Сельское поселение Качановская волость - сельское население,1207
VPN2021_T5,PSK,Сельское поселение Новоуситовская волость - сельское население,1065
VPN2021_T5,PSK,Сельское поселение Палкинская волость - сельское население,1526
VPN2021_T5,PSK,Сельское поселение Черская волость - сельское население,947
VPN2021_T5,PSK,Печорский муниципальный район,19126
VPN2021_T5,PSK,Городское поселение Печоры,13092
VPN2021_T5,PSK,Городское население - г. Печоры,10247
VPN2021_T5,PSK,Сельское поселение Круппская волость - сельское население,2217
VPN2021_T5,PSK,Сельское поселение Лавровская волость - сельское население,1945
VPN2021_T5,PSK,Сельское поселение Новоизборская волость - сельское население,1872
VPN2021_T5,PSK,Плюсский муниципальный район,6708
VPN2021_T5,PSK,Городское поселение Заплюсье,1471
VPN2021_T5,PSK,Городское население - пгт Заплюсье,869
VPN2021_T5,PSK,Городское поселение Плюсса,3583
VPN2021_T5,PSK,Городское население - пгт Плюсса,2424
VPN2021_T5,PSK,Сельское поселение Лядская волость - сельское население,1654
VPN2021_T5,PSK,Порховский муниципальный район,15536
VPN2021_T5,PSK,Городское поселение Порхов - городское население - г. Порхов,7309
VPN2021_T5,PSK,Сельское поселение Дубровенская волость - сельское население,1455
VPN2021_T5,PSK,Сельское поселение Полонская волость - сельское население,4299
VPN2021_T5,PSK,Сельское поселение Славковская волость - сельское население,2473
VPN2021_T5,PSK,Псковский муниципальный район - сельское население,43061
VPN2021_T5,PSK,Сельское поселение Ершовская волость,883
VPN2021_T5,PSK,Сельское поселение Завеличенская волость,16099
VPN2021_T5,PSK,деревня Борисовичи,7293
VPN2021_T5,PSK,деревня Родина,7772
VPN2021_T5,PSK,прочие сельские населенные пункты,1034
VPN2021_T5,PSK,Сельское поселение Карамышевская волость,2107
VPN2021_T5,PSK,Сельское поселение Краснопрудская волость,654
VPN2021_T5,PSK,Сельское поселение Логозовская волость,3693
VPN2021_T5,PSK,Сельское поселение Писковичская волость,6184
VPN2021_T5,PSK,Сельское поселение Середкинская волость,3258
VPN2021_T5,PSK,Сельское поселение Торошинская волость,1957
VPN2021_T5,PSK,Сельское поселение Тямшанская волость,3371
VPN2021_T5,PSK,Сельское поселение Ядровская волость,4817
VPN2021_T5,PSK,Межселенные территории,38
VPN2021_T5,PSK,Пустошкинский муниципальный район,7691
VPN2021_T5,PSK,Городское поселение Пустошка - городское население - г. Пустошка,4070
VPN2021_T5,PSK,Сельское поселение Алольская волость - сельское население,841
VPN2021_T5,PSK,Сельское поселение Гультяевская волость - сельское население,637
VPN2021_T5,PSK,Сельское поселение Забельская волость - сельское население,697
VPN2021_T5,PSK,Сельское поселение Щукинская волость - сельское население,448
VPN2021_T5,PSK,Пушкиногорский муниципальный район,7420
VPN2021_T5,PSK,Городское поселение Пушкиногорье,6038
VPN2021_T5,PSK,Городское население - пгт Пушкинские Горы,4373
VPN2021_T5,PSK,Сельское поселение Велейская волость - сельское население,1382
VPN2021_T5,PSK,Пыталовский муниципальный район,9796
VPN2021_T5,PSK,Городское поселение Пыталово - городское население - г. Пыталово,5263
VPN2021_T5,PSK,Сельское поселение Гавровская волость - сельское население,1980
VPN2021_T5,PSK,Сельское поселение Линовская волость - сельское население,1095
VPN2021_T5,PSK,Сельское поселение Утроинская волость - сельское население,1458
VPN2021_T5,PSK,Себежский муниципальный район,19103
VPN2021_T5,PSK,Городское поселение Идрица,5823
VPN2021_T5,PSK,Городское население - пгт Идрица,3992
VPN2021_T5,PSK,Городское поселение Себеж,8238
VPN2021_T5,PSK,Городское население - г. Себеж,6246
VPN2021_T5,PSK,Городское поселение Сосновый Бор,2271
VPN2021_T5,PSK,Городское население - пгт Сосновый Бор,1888
VPN2021_T5,PSK,Сельское поселение Красноармейская волость - сельское население,378
VPN2021_T5,PSK,Сельское поселение Себежское - сельское население,2393
VPN2021_T5,PSK,Струго-Красненский муниципальный район,10083
VPN2021_T5,PSK,Городское поселение Струги Красные,6450
VPN2021_T5,PSK,Городское население - пгт Струги Красные,4871
VPN2021_T5,PSK,Сельское поселение Марьинская волость - сельское население,1361
VPN2021_T5,PSK,Сельское поселение Новосельская волость - сельское население,2272
VPN2021_T5,PSK,Усвятский муниципальный район,4841
VPN2021_T5,PSK,Городское поселение Усвяты - городское население - пгт Усвяты,2671
VPN2021_T5,PSK,Сельское поселение Усвятская волость - сельское население,1389
VPN2021_T5,PSK,Сельское поселение Церковищенская волость - сельское население,781
VPN2021_T5,PSK,г. Санкт-Петербург - городское население,5601911
VPN2021_T5,PSK,Адмиралтейский район,158253
VPN2021_T5,PSK,муниципальный округ Адмиралтейский округ,24542
VPN2021_T5,PSK,муниципальный округ Екатерингофский,22208
VPN2021_T5,PSK,муниципальный округ Измайловское,32995
VPN2021_T5,PSK,муниципальный округ Коломна,34693
VPN2021_T5,PSK,муниципальный округ Семёновский,22796
VPN2021_T5,PSK,муниципальный округ Сенной округ,21019
VPN2021_T5,PSK,Василеостровский район,209733
VPN2021_T5,PSK,муниципальный округ N 7,36724
VPN2021_T5,PSK,муниципальный округ Васильевский,31964
VPN2021_T5,PSK,муниципальный округ Гавань,41936
VPN2021_T5,PSK,муниципальный округ Морской,36771
VPN2021_T5,PSK,муниципальный округ Остров Декабристов,62338
VPN2021_T5,PSK,Выборгский район,533808
VPN2021_T5,PSK,муниципальный округ N 15,61538
VPN2021_T5,PSK,муниципальный округ Сампсониевское,38919
VPN2021_T5,PSK,муниципальный округ Светлановское,90979
VPN2021_T5,PSK,муниципальный округ Сергиевское,60874
VPN2021_T5,PSK,муниципальный округ Сосновское,61287
VPN2021_T5,PSK,муниципальный округ Шувалово-Озерки,116909
VPN2021_T5,PSK,поселок Левашово,5880
VPN2021_T5,PSK,поселок Парголово,97422
VPN2021_T5,PSK,Калининский район,546908
VPN2021_T5,PSK,муниципальный округ N 21,79244
VPN2021_T5,PSK,муниципальный округ Академическое,112104
VPN2021_T5,PSK,муниципальный округ Гражданка,70082
VPN2021_T5,PSK,муниципальный округ Пискаревка,82909
VPN2021_T5,PSK,муниципальный округ Прометей,78843
VPN2021_T5,PSK,муниципальный округ Северный,49636
VPN2021_T5,PSK,муниципальный округ Финляндский округ,74090
VPN2021_T5,PSK,Кировский район,339946
VPN2021_T5,PSK,муниципальный округ Автово,43825
VPN2021_T5,PSK,муниципальный округ Дачное,72687
VPN2021_T5,PSK,муниципальный округ Княжево,61287
VPN2021_T5,PSK,муниципальный округ Красненькая речка,39378
VPN2021_T5,PSK,муниципальный округ Морские ворота,10658
VPN2021_T5,PSK,муниципальный округ Нарвский округ,33840
VPN2021_T5,PSK,муниципальный округ Ульянка,78271
VPN2021_T5,PSK,Колпинский район,183947
VPN2021_T5,PSK,г. Колпино,142108
VPN2021_T5,PSK,поселок Металлострой,26944
VPN2021_T5,PSK,поселок Петро-Славянка,2079
VPN2021_T5,PSK,поселок Понтонный,8596
VPN2021_T5,PSK,поселок Саперный,1652
VPN2021_T5,PSK,поселок Усть-Ижора,2568
VPN2021_T5,PSK,Красногвардейский район,369347
VPN2021_T5,PSK,муниципальный округ Большая Охта,58616
VPN2021_T5,PSK,муниципальный округ Малая Охта,43849
VPN2021_T5,PSK,муниципальный округ Полюстрово,75121
VPN2021_T5,PSK,муниципальный округ Пороховые,129996
VPN2021_T5,PSK,муниципальный округ Ржевка,61765
VPN2021_T5,PSK,Красносельский район,426372
VPN2021_T5,PSK,г. Красное Село,56533
VPN2021_T5,PSK,муниципальный округ Горелово,26722
VPN2021_T5,PSK,муниципальный округ Константиновское,36842
VPN2021_T5,PSK,муниципальный округ Сосновая Поляна,65741
VPN2021_T5,PSK,муниципальный округ Урицк,51852
VPN2021_T5,PSK,муниципальный округ Юго-Запад,61022
VPN2021_T5,PSK,муниципальный округ Южно-Приморский,127660
VPN2021_T5,PSK,Кронштадтский район - г. Кронштадт,44399
VPN2021_T5,PSK,Курортный район,82713
VPN2021_T5,PSK,г. Зеленогорск,15613
VPN2021_T5,PSK,г. Сестрорецк,45192
VPN2021_T5,PSK,поселок Белоостров,2445
VPN2021_T5,PSK,поселок Комарово,1487
VPN2021_T5,PSK,поселок Молодежное,1702
VPN2021_T5,PSK,поселок Песочный,9564
VPN2021_T5,PSK,поселок Репино,2888
VPN2021_T5,PSK,поселок Серово,326
VPN2021_T5,PSK,поселок Смолячково,846
VPN2021_T5,PSK,поселок Солнечное,1842
VPN2021_T5,PSK,поселок Ушково,808
VPN2021_T5,PSK,Московский район,340187
VPN2021_T5,PSK,муниципальный округ Гагаринское,67508
VPN2021_T5,PSK,муниципальный округ Звездное,94849
VPN2021_T5,PSK,муниципальный округ Московская Застава,45722
VPN2021_T5,PSK,муниципальный округ Новоизмайловское,85444
VPN2021_T5,PSK,муниципальный округ Пулковский меридиан,46664
VPN2021_T5,PSK,Невский район,546475
VPN2021_T5,PSK,муниципальный округ N 54,67628
VPN2021_T5,PSK,муниципальный округ Ивановский,27174
VPN2021_T5,PSK,муниципальный округ Народный,78796
VPN2021_T5,PSK,муниципальный округ Невская застава,27905
VPN2021_T5,PSK,муниципальный округ Невский округ,69121
VPN2021_T5,PSK,муниципальный округ Обуховский,56358
VPN2021_T5,PSK,муниципальный округ Оккервиль,62218
VPN2021_T5,PSK,муниципальный округ Правобережный,87513
VPN2021_T5,PSK,муниципальный округ Рыбацкое,69762
VPN2021_T5,PSK,Петроградский район,117003
VPN2021_T5,PSK,муниципальный округ Аптекарский Остров,20856
VPN2021_T5,PSK,муниципальный округ Введенский,15718
VPN2021_T5,PSK,муниципальный округ Кронверкское,16834
VPN2021_T5,PSK,муниципальный округ округ Петровский,17632
VPN2021_T5,PSK,муниципальный округ Посадский,16042
VPN2021_T5,PSK,муниципальный округ Чкаловское,29921
VPN2021_T5,PSK,Петродворцовый район,134018
VPN2021_T5,PSK,г. Ломоносов,39147
VPN2021_T5,PSK,г. Петергоф,80814
VPN2021_T5,PSK,поселок Стрельна,14057
VPN2021_T5,PSK,Приморский район,692753
VPN2021_T5,PSK,муниципальный округ N 65,188544
VPN2021_T5,PSK,муниципальный округ Коломяги,115440
VPN2021_T5,PSK,муниципальный округ Комендантский Аэродром,93852
VPN2021_T5,PSK,муниципальный округ Ланское,69552
VPN2021_T5,PSK,муниципальный округ Лахта-Ольгино,15040
VPN2021_T5,PSK,муниципальный округ Озеро Долгое,90767
VPN2021_T5,PSK,муниципальный округ Юнтолово,113047
VPN2021_T5,PSK,поселок Лисий Нос,6511
VPN2021_T5,PSK,Пушкинский район,255609
VPN2021_T5,PSK,г. Павловск,17463
VPN2021_T5,PSK,г. Пушкин,107223
VPN2021_T5,PSK,поселок Александровская,3116
VPN2021_T5,PSK,поселок Тярлево,1692
VPN2021_T5,PSK,поселок Шушары,126115
VPN2021_T5,PSK,Фрунзенский район,416570
VPN2021_T5,PSK,муниципальный округ N 72,68343
VPN2021_T5,PSK,муниципальный округ N 75,62330
VPN2021_T5,PSK,муниципальный округ Балканский,74627
VPN2021_T5,PSK,муниципальный округ Волковское,61449
VPN2021_T5,PSK,муниципальный округ Георгиевский,93204
VPN2021_T5,PSK,муниципальный округ Купчино,56617
VPN2021_T5,PSK,Центральный район,203870
VPN2021_T5,PSK,муниципальный округ N 78,9275
VPN2021_T5,PSK,муниципальный округ Владимирский округ,51152
VPN2021_T5,PSK,муниципальный округ Дворцовый округ,7447
VPN2021_T5,PSK,муниципальный округ Лиговка-Ямская,19790
VPN2021_T5,PSK,муниципальный округ Литейный округ,40867
VPN2021_T5,PSK,муниципальный округ Смольнинское,75339
