territory_id,metric,year,value,dtype
r-akciabrski,wage_byn,2010,91.7349,d
r-akciabrski,wage_byn,2011,142.7154,d
r-akciabrski,wage_byn,2012,277.2515,d
r-akciabrski,wage_byn,2013,381.2432,d
r-akciabrski,wage_byn,2014,445.1438,d
r-akciabrski,wage_byn,2015,479.4921,d
r-akciabrski,wage_byn,2016,503.1,d
r-akciabrski,wage_byn,2017,571.7,d
r-akciabrski,wage_byn,2018,674.7,d
r-akciabrski,wage_byn,2019,759.3,d
r-akciabrski,wage_byn,2020,869.8,d
r-akciabrski,wage_byn,2021,963.9,d
r-akciabrski,wage_byn,2022,1093.4,d
r-akciabrski,wage_byn,2023,1256.0,d
r-akciabrski,wage_byn,2024,1520.7,d
r-akciabrski,wage_byn,2025,1875.4,d
r-akciabrski,employed_persons,2010,6602.0,d
r-akciabrski,employed_persons,2011,6555.0,d
r-akciabrski,employed_persons,2012,6387.0,d
r-akciabrski,employed_persons,2013,6027.0,d
r-akciabrski,employed_persons,2014,5961.0,d
r-akciabrski,employed_persons,2015,5789.0,d
r-akciabrski,employed_persons,2016,5677.5,d
r-akciabrski,employed_persons,2017,5666.0,d
r-akciabrski,employed_persons,2018,5542.0,d
r-akciabrski,employed_persons,2019,5549.0,d
r-akciabrski,employed_persons,2020,5604.0,d
r-akciabrski,employed_persons,2021,5502.0,d
r-akciabrski,employed_persons,2022,5402.0,d
r-akciabrski,employed_persons,2023,5194.0,d
r-akciabrski,employed_persons,2024,4911.0,d
r-akciabrski,k_oblast_coverage_2019,2019,1.1803,m
r-akciabrski,avg_pension_oblast_byn,2025,918.07,d
r-akciabrski,min_minutes_to_minsk,2026,148.0,d
r-arshanski,wage_byn,2010,100.1164,d
r-arshanski,wage_byn,2011,159.8935,d
r-arshanski,wage_byn,2012,319.0488,d
r-arshanski,wage_byn,2013,432.7572,d
r-arshanski,wage_byn,2014,514.1017,d
r-arshanski,wage_byn,2015,557.5426,d
r-arshanski,wage_byn,2016,581.3,d
r-arshanski,wage_byn,2017,658.4,d
r-arshanski,wage_byn,2018,784.5,d
r-arshanski,wage_byn,2019,874.9,d
r-arshanski,wage_byn,2020,999.5,d
r-arshanski,wage_byn,2021,1125.0,d
r-arshanski,wage_byn,2022,1303.7,d
r-arshanski,wage_byn,2023,1563.2,d
r-arshanski,wage_byn,2024,1861.0,d
r-arshanski,wage_byn,2025,2209.3,d
r-arshanski,employed_persons,2010,73339.0,d
r-arshanski,employed_persons,2011,72186.0,d
r-arshanski,employed_persons,2012,69165.0,d
r-arshanski,employed_persons,2013,67335.0,d
r-arshanski,employed_persons,2014,66672.0,d
r-arshanski,employed_persons,2015,66676.0,d
r-arshanski,employed_persons,2016,64818.0,d
r-arshanski,employed_persons,2017,63358.0,d
r-arshanski,employed_persons,2018,62777.0,d
r-arshanski,employed_persons,2019,61803.0,d
r-arshanski,employed_persons,2020,60906.0,d
r-arshanski,employed_persons,2021,60532.0,d
r-arshanski,employed_persons,2022,59921.0,d
r-arshanski,employed_persons,2023,59465.0,d
r-arshanski,employed_persons,2024,59690.0,d
r-arshanski,k_oblast_coverage_2019,2019,1.1295,m
r-arshanski,avg_pension_oblast_byn,2025,907.08,d
r-arshanski,min_minutes_to_minsk,2026,133.2,d
r-ashmianski,wage_byn,2010,101.8396,d
r-ashmianski,wage_byn,2011,155.8155,d
r-ashmianski,wage_byn,2012,298.1806,d
r-ashmianski,wage_byn,2013,418.2382,d
r-ashmianski,wage_byn,2014,504.5573,d
r-ashmianski,wage_byn,2015,548.6633,d
r-ashmianski,wage_byn,2016,566.8,d
r-ashmianski,wage_byn,2017,649.0,d
r-ashmianski,wage_byn,2018,750.5,d
r-ashmianski,wage_byn,2019,819.2,d
r-ashmianski,wage_byn,2020,949.4,d
r-ashmianski,wage_byn,2021,1078.2,d
r-ashmianski,wage_byn,2022,1265.1,d
r-ashmianski,wage_byn,2023,1502.4,d
r-ashmianski,wage_byn,2024,1746.6,d
r-ashmianski,wage_byn,2025,2105.9,d
r-ashmianski,employed_persons,2010,14596.0,d
r-ashmianski,employed_persons,2011,14718.0,d
r-ashmianski,employed_persons,2012,14479.0,d
r-ashmianski,employed_persons,2013,14277.0,d
r-ashmianski,employed_persons,2014,13801.0,d
r-ashmianski,employed_persons,2015,13869.0,d
r-ashmianski,employed_persons,2016,13236.0,d
r-ashmianski,employed_persons,2017,12701.0,d
r-ashmianski,employed_persons,2018,12642.0,d
r-ashmianski,employed_persons,2019,12315.0,d
r-ashmianski,employed_persons,2020,12268.0,d
r-ashmianski,employed_persons,2021,12216.0,d
r-ashmianski,employed_persons,2022,12102.0,d
r-ashmianski,employed_persons,2023,11890.0,d
r-ashmianski,employed_persons,2024,11924.0,d
r-ashmianski,k_oblast_coverage_2019,2019,1.1456,m
r-ashmianski,avg_pension_oblast_byn,2025,905.8,d
r-ashmianski,min_minutes_to_minsk,2026,88.4,d
r-asipovicki,wage_byn,2010,110.1527,d
r-asipovicki,wage_byn,2011,178.3212,d
r-asipovicki,wage_byn,2012,355.0512,d
r-asipovicki,wage_byn,2013,462.0133,d
r-asipovicki,wage_byn,2014,520.1893,d
r-asipovicki,wage_byn,2015,585.4585,d
r-asipovicki,wage_byn,2016,577.2,d
r-asipovicki,wage_byn,2017,674.9,d
r-asipovicki,wage_byn,2018,848.0,d
r-asipovicki,wage_byn,2019,927.2,d
r-asipovicki,wage_byn,2020,1062.1,d
r-asipovicki,wage_byn,2021,1201.7,d
r-asipovicki,wage_byn,2022,1378.6,d
r-asipovicki,wage_byn,2023,1673.8,d
r-asipovicki,wage_byn,2024,1993.9,d
r-asipovicki,wage_byn,2025,2296.2,d
r-asipovicki,employed_persons,2010,23520.0,d
r-asipovicki,employed_persons,2011,23920.0,d
r-asipovicki,employed_persons,2012,24005.0,d
r-asipovicki,employed_persons,2013,23891.0,d
r-asipovicki,employed_persons,2014,23571.0,d
r-asipovicki,employed_persons,2015,22671.0,d
r-asipovicki,employed_persons,2016,21984.0,d
r-asipovicki,employed_persons,2017,21342.0,d
r-asipovicki,employed_persons,2018,21374.0,d
r-asipovicki,employed_persons,2019,21444.0,d
r-asipovicki,employed_persons,2020,20990.0,d
r-asipovicki,employed_persons,2021,20777.0,d
r-asipovicki,employed_persons,2022,20419.0,d
r-asipovicki,employed_persons,2023,20130.0,d
r-asipovicki,employed_persons,2024,19935.0,d
r-asipovicki,k_oblast_coverage_2019,2019,1.181,m
r-asipovicki,avg_pension_oblast_byn,2025,904.51,d
r-asipovicki,min_minutes_to_minsk,2026,73.9,d
r-astraviecki,wage_byn,2010,91.394,d
r-astraviecki,wage_byn,2011,143.2084,d
r-astraviecki,wage_byn,2012,284.4918,d
r-astraviecki,wage_byn,2013,420.1448,d
r-astraviecki,wage_byn,2014,556.5052,d
r-astraviecki,wage_byn,2015,604.7042,d
r-astraviecki,wage_byn,2016,653.5,d
r-astraviecki,wage_byn,2017,771.3,d
r-astraviecki,wage_byn,2018,934.2,d
r-astraviecki,wage_byn,2019,1070.1,d
r-astraviecki,wage_byn,2020,1308.8,d
r-astraviecki,wage_byn,2021,1565.3,d
r-astraviecki,wage_byn,2022,1876.6,d
r-astraviecki,wage_byn,2023,2340.3,d
r-astraviecki,wage_byn,2024,2709.8,d
r-astraviecki,wage_byn,2025,3198.4,d
r-astraviecki,employed_persons,2010,10595.0,d
r-astraviecki,employed_persons,2011,10513.0,d
r-astraviecki,employed_persons,2012,10544.0,d
r-astraviecki,employed_persons,2013,10604.0,d
r-astraviecki,employed_persons,2014,11070.0,d
r-astraviecki,employed_persons,2015,11676.0,d
r-astraviecki,employed_persons,2016,11951.0,d
r-astraviecki,employed_persons,2017,12436.0,d
r-astraviecki,employed_persons,2018,12624.0,d
r-astraviecki,employed_persons,2019,12502.0,d
r-astraviecki,employed_persons,2020,13201.0,d
r-astraviecki,employed_persons,2021,13248.0,d
r-astraviecki,employed_persons,2022,13289.0,d
r-astraviecki,employed_persons,2023,12962.0,d
r-astraviecki,employed_persons,2024,12691.0,d
r-astraviecki,k_oblast_coverage_2019,2019,1.1456,m
r-astraviecki,avg_pension_oblast_byn,2025,905.8,d
r-astraviecki,min_minutes_to_minsk,2026,105.3,d
r-babrujski,wage_byn,2010,84.5456,d
r-babrujski,wage_byn,2011,135.5639,d
r-babrujski,wage_byn,2012,274.3528,d
r-babrujski,wage_byn,2013,376.0219,d
r-babrujski,wage_byn,2014,441.8814,d
r-babrujski,wage_byn,2015,476.0573,d
r-babrujski,wage_byn,2016,487.4,d
r-babrujski,wage_byn,2017,566.2,d
r-babrujski,wage_byn,2018,634.0,d
r-babrujski,wage_byn,2019,718.2,d
r-babrujski,wage_byn,2020,874.7,d
r-babrujski,wage_byn,2021,1019.5,d
r-babrujski,wage_byn,2022,1194.1,d
r-babrujski,wage_byn,2023,1386.4,d
r-babrujski,wage_byn,2024,1627.7,d
r-babrujski,wage_byn,2025,1998.5,d
r-babrujski,employed_persons,2010,7558.0,d
r-babrujski,employed_persons,2011,7646.0,d
r-babrujski,employed_persons,2012,7244.0,d
r-babrujski,employed_persons,2013,6992.0,d
r-babrujski,employed_persons,2014,6723.0,d
r-babrujski,employed_persons,2015,6839.0,d
r-babrujski,employed_persons,2016,6845.0,d
r-babrujski,employed_persons,2017,6539.0,d
r-babrujski,employed_persons,2018,6420.0,d
r-babrujski,employed_persons,2019,6539.0,d
r-babrujski,employed_persons,2020,6493.0,d
r-babrujski,employed_persons,2021,6391.0,d
r-babrujski,employed_persons,2022,6309.0,d
r-babrujski,employed_persons,2023,6115.0,d
r-babrujski,employed_persons,2024,5956.0,d
r-babrujski,k_oblast_coverage_2019,2019,1.181,m
r-babrujski,avg_pension_oblast_byn,2025,904.51,d
r-babrujski,min_minutes_to_minsk,2026,99.7,d
r-baranavicki,wage_byn,2010,99.6249,d
r-baranavicki,wage_byn,2011,152.1302,d
r-baranavicki,wage_byn,2012,307.5602,d
r-baranavicki,wage_byn,2013,415.1871,d
r-baranavicki,wage_byn,2014,512.8984,d
r-baranavicki,wage_byn,2015,559.3031,d
r-baranavicki,wage_byn,2016,576.9,d
r-baranavicki,wage_byn,2017,653.8,d
r-baranavicki,wage_byn,2018,753.8,d
r-baranavicki,wage_byn,2019,872.0,d
r-baranavicki,wage_byn,2020,993.7,d
r-baranavicki,wage_byn,2021,1140.4,d
r-baranavicki,wage_byn,2022,1300.5,d
r-baranavicki,wage_byn,2023,1613.2,d
r-baranavicki,wage_byn,2024,1912.5,d
r-baranavicki,wage_byn,2025,2270.2,d
r-baranavicki,employed_persons,2010,20062.0,d
r-baranavicki,employed_persons,2011,20085.0,d
r-baranavicki,employed_persons,2012,19815.0,d
r-baranavicki,employed_persons,2013,18504.0,d
r-baranavicki,employed_persons,2014,17932.0,d
r-baranavicki,employed_persons,2015,18026.0,d
r-baranavicki,employed_persons,2016,18299.0,d
r-baranavicki,employed_persons,2017,17953.0,d
r-baranavicki,employed_persons,2018,17924.0,d
r-baranavicki,employed_persons,2019,17402.0,d
r-baranavicki,employed_persons,2020,17648.0,d
r-baranavicki,employed_persons,2021,17626.0,d
r-baranavicki,employed_persons,2022,17538.0,d
r-baranavicki,employed_persons,2023,17231.0,d
r-baranavicki,employed_persons,2024,17088.0,d
r-baranavicki,k_oblast_coverage_2019,2019,1.1786,m
r-baranavicki,avg_pension_oblast_byn,2025,877.45,d
r-baranavicki,min_minutes_to_minsk,2026,89.0,d
r-barysauski,wage_byn,2010,102.7509,d
r-barysauski,wage_byn,2011,170.3313,d
r-barysauski,wage_byn,2012,334.0425,d
r-barysauski,wage_byn,2013,437.7378,d
r-barysauski,wage_byn,2014,510.5436,d
r-barysauski,wage_byn,2015,605.6918,d
r-barysauski,wage_byn,2016,605.7,d
r-barysauski,wage_byn,2017,687.6,d
r-barysauski,wage_byn,2018,855.3,d
r-barysauski,wage_byn,2019,948.0,d
r-barysauski,wage_byn,2020,1080.3,d
r-barysauski,wage_byn,2021,1236.6,d
r-barysauski,wage_byn,2022,1401.7,d
r-barysauski,wage_byn,2023,1685.5,d
r-barysauski,wage_byn,2024,2037.8,d
r-barysauski,wage_byn,2025,2409.7,d
r-barysauski,employed_persons,2010,86510.0,d
r-barysauski,employed_persons,2011,85558.0,d
r-barysauski,employed_persons,2012,82921.0,d
r-barysauski,employed_persons,2013,81696.0,d
r-barysauski,employed_persons,2014,80890.0,d
r-barysauski,employed_persons,2015,79305.0,d
r-barysauski,employed_persons,2016,78253.0,d
r-barysauski,employed_persons,2017,76580.0,d
r-barysauski,employed_persons,2018,75718.0,d
r-barysauski,employed_persons,2019,76312.0,d
r-barysauski,employed_persons,2020,75350.0,d
r-barysauski,employed_persons,2021,74188.0,d
r-barysauski,employed_persons,2022,73159.0,d
r-barysauski,employed_persons,2023,72326.0,d
r-barysauski,employed_persons,2024,72536.0,d
r-barysauski,k_oblast_coverage_2019,2019,1.1262,m
r-barysauski,avg_pension_oblast_byn,2025,914.4,d
r-barysauski,min_minutes_to_minsk,2026,57.4,d
r-bialynicki,wage_byn,2010,102.6023,d
r-bialynicki,wage_byn,2011,159.3009,d
r-bialynicki,wage_byn,2012,305.8578,d
r-bialynicki,wage_byn,2013,426.0153,d
r-bialynicki,wage_byn,2014,526.1361,d
r-bialynicki,wage_byn,2015,567.0906,d
r-bialynicki,wage_byn,2016,605.5,d
r-bialynicki,wage_byn,2017,706.0,d
r-bialynicki,wage_byn,2018,740.0,d
r-bialynicki,wage_byn,2019,821.4,d
r-bialynicki,wage_byn,2020,973.8,d
r-bialynicki,wage_byn,2021,1099.4,d
r-bialynicki,wage_byn,2022,1257.1,d
r-bialynicki,wage_byn,2023,1498.3,d
r-bialynicki,wage_byn,2024,1782.9,d
r-bialynicki,wage_byn,2025,2173.5,d
r-bialynicki,employed_persons,2010,8805.0,d
r-bialynicki,employed_persons,2011,8740.0,d
r-bialynicki,employed_persons,2012,8404.0,d
r-bialynicki,employed_persons,2013,8174.0,d
r-bialynicki,employed_persons,2014,7901.0,d
r-bialynicki,employed_persons,2015,7857.0,d
r-bialynicki,employed_persons,2016,7634.0,d
r-bialynicki,employed_persons,2017,7254.0,d
r-bialynicki,employed_persons,2018,7055.0,d
r-bialynicki,employed_persons,2019,6914.0,d
r-bialynicki,employed_persons,2020,6895.0,d
r-bialynicki,employed_persons,2021,6852.0,d
r-bialynicki,employed_persons,2022,6781.0,d
r-bialynicki,employed_persons,2023,6644.0,d
r-bialynicki,employed_persons,2024,6569.0,d
r-bialynicki,k_oblast_coverage_2019,2019,1.181,m
r-bialynicki,avg_pension_oblast_byn,2025,904.51,d
r-bialynicki,min_minutes_to_minsk,2026,106.6,d
r-biarezinski,wage_byn,2010,93.5412,d
r-biarezinski,wage_byn,2011,147.9892,d
r-biarezinski,wage_byn,2012,291.1284,d
r-biarezinski,wage_byn,2013,401.525,d
r-biarezinski,wage_byn,2014,498.9281,d
r-biarezinski,wage_byn,2015,538.6748,d
r-biarezinski,wage_byn,2016,570.1,d
r-biarezinski,wage_byn,2017,647.7,d
r-biarezinski,wage_byn,2018,731.3,d
r-biarezinski,wage_byn,2019,810.7,d
r-biarezinski,wage_byn,2020,967.7,d
r-biarezinski,wage_byn,2021,1123.9,d
r-biarezinski,wage_byn,2022,1292.0,d
r-biarezinski,wage_byn,2023,1510.6,d
r-biarezinski,wage_byn,2024,1788.8,d
r-biarezinski,wage_byn,2025,2127.3,d
r-biarezinski,employed_persons,2010,11370.0,d
r-biarezinski,employed_persons,2011,11135.0,d
r-biarezinski,employed_persons,2012,10895.0,d
r-biarezinski,employed_persons,2013,10630.0,d
r-biarezinski,employed_persons,2014,10459.0,d
r-biarezinski,employed_persons,2015,10226.0,d
r-biarezinski,employed_persons,2016,9994.0,d
r-biarezinski,employed_persons,2017,10089.0,d
r-biarezinski,employed_persons,2018,9765.0,d
r-biarezinski,employed_persons,2019,9259.0,d
r-biarezinski,employed_persons,2020,8859.0,d
r-biarezinski,employed_persons,2021,8719.0,d
r-biarezinski,employed_persons,2022,8593.0,d
r-biarezinski,employed_persons,2023,8326.0,d
r-biarezinski,employed_persons,2024,8202.0,d
r-biarezinski,k_oblast_coverage_2019,2019,1.1262,m
r-biarezinski,avg_pension_oblast_byn,2025,914.4,d
r-biarezinski,min_minutes_to_minsk,2026,70.6,d
r-biarozauski,wage_byn,2010,111.8213,d
r-biarozauski,wage_byn,2011,169.6203,d
r-biarozauski,wage_byn,2012,318.8509,d
r-biarozauski,wage_byn,2013,450.5713,d
r-biarozauski,wage_byn,2014,544.6201,d
r-biarozauski,wage_byn,2015,594.7766,d
r-biarozauski,wage_byn,2016,611.7,d
r-biarozauski,wage_byn,2017,705.9,d
r-biarozauski,wage_byn,2018,856.5,d
r-biarozauski,wage_byn,2019,937.5,d
r-biarozauski,wage_byn,2020,1077.8,d
r-biarozauski,wage_byn,2021,1215.1,d
r-biarozauski,wage_byn,2022,1429.2,d
r-biarozauski,wage_byn,2023,1697.7,d
r-biarozauski,wage_byn,2024,2033.8,d
r-biarozauski,wage_byn,2025,2427.0,d
r-biarozauski,employed_persons,2010,31011.0,d
r-biarozauski,employed_persons,2011,30368.0,d
r-biarozauski,employed_persons,2012,29638.0,d
r-biarozauski,employed_persons,2013,28898.0,d
r-biarozauski,employed_persons,2014,28749.0,d
r-biarozauski,employed_persons,2015,28195.0,d
r-biarozauski,employed_persons,2016,27427.0,d
r-biarozauski,employed_persons,2017,26900.0,d
r-biarozauski,employed_persons,2018,26519.0,d
r-biarozauski,employed_persons,2019,26081.0,d
r-biarozauski,employed_persons,2020,25767.0,d
r-biarozauski,employed_persons,2021,25674.0,d
r-biarozauski,employed_persons,2022,25765.0,d
r-biarozauski,employed_persons,2023,25392.0,d
r-biarozauski,employed_persons,2024,25391.0,d
r-biarozauski,k_oblast_coverage_2019,2019,1.1786,m
r-biarozauski,avg_pension_oblast_byn,2025,877.45,d
r-biarozauski,min_minutes_to_minsk,2026,146.3,d
r-bierastavicki,wage_byn,2010,98.7797,d
r-bierastavicki,wage_byn,2011,157.7875,d
r-bierastavicki,wage_byn,2012,319.2315,d
r-bierastavicki,wage_byn,2013,436.6726,d
r-bierastavicki,wage_byn,2014,537.8101,d
r-bierastavicki,wage_byn,2015,561.9672,d
r-bierastavicki,wage_byn,2016,598.1,d
r-bierastavicki,wage_byn,2017,682.8,d
r-bierastavicki,wage_byn,2018,784.7,d
r-bierastavicki,wage_byn,2019,873.2,d
r-bierastavicki,wage_byn,2020,1016.2,d
r-bierastavicki,wage_byn,2021,1171.2,d
r-bierastavicki,wage_byn,2022,1399.5,d
r-bierastavicki,wage_byn,2023,1695.2,d
r-bierastavicki,wage_byn,2024,1990.7,d
r-bierastavicki,wage_byn,2025,2376.9,d
r-bierastavicki,employed_persons,2010,8155.0,d
r-bierastavicki,employed_persons,2011,8059.0,d
r-bierastavicki,employed_persons,2012,7973.0,d
r-bierastavicki,employed_persons,2013,7936.0,d
r-bierastavicki,employed_persons,2014,7559.0,d
r-bierastavicki,employed_persons,2015,7721.0,d
r-bierastavicki,employed_persons,2016,7538.0,d
r-bierastavicki,employed_persons,2017,7318.0,d
r-bierastavicki,employed_persons,2018,7188.0,d
r-bierastavicki,employed_persons,2019,7021.0,d
r-bierastavicki,employed_persons,2020,6841.0,d
r-bierastavicki,employed_persons,2021,6693.0,d
r-bierastavicki,employed_persons,2022,6573.0,d
r-bierastavicki,employed_persons,2023,6230.0,d
r-bierastavicki,employed_persons,2024,6095.0,d
r-bierastavicki,k_oblast_coverage_2019,2019,1.1456,m
r-bierastavicki,avg_pension_oblast_byn,2025,905.8,d
r-bierastavicki,min_minutes_to_minsk,2026,205.5,d
r-bieshankovicki,wage_byn,2010,89.9191,d
r-bieshankovicki,wage_byn,2011,146.3074,d
r-bieshankovicki,wage_byn,2012,284.4087,d
r-bieshankovicki,wage_byn,2013,396.5374,d
r-bieshankovicki,wage_byn,2014,452.0969,d
r-bieshankovicki,wage_byn,2015,473.4836,d
r-bieshankovicki,wage_byn,2016,500.1,d
r-bieshankovicki,wage_byn,2017,565.8,d
r-bieshankovicki,wage_byn,2018,687.8,d
r-bieshankovicki,wage_byn,2019,750.3,d
r-bieshankovicki,wage_byn,2020,866.4,d
r-bieshankovicki,wage_byn,2021,994.1,d
r-bieshankovicki,wage_byn,2022,1155.4,d
r-bieshankovicki,wage_byn,2023,1344.4,d
r-bieshankovicki,wage_byn,2024,1635.8,d
r-bieshankovicki,wage_byn,2025,1979.1,d
r-bieshankovicki,employed_persons,2010,7927.0,d
r-bieshankovicki,employed_persons,2011,7758.0,d
r-bieshankovicki,employed_persons,2012,7450.0,d
r-bieshankovicki,employed_persons,2013,7328.0,d
r-bieshankovicki,employed_persons,2014,7131.0,d
r-bieshankovicki,employed_persons,2015,7155.0,d
r-bieshankovicki,employed_persons,2016,6887.0,d
r-bieshankovicki,employed_persons,2017,6848.0,d
r-bieshankovicki,employed_persons,2018,6621.0,d
r-bieshankovicki,employed_persons,2019,6468.0,d
r-bieshankovicki,employed_persons,2020,6343.0,d
r-bieshankovicki,employed_persons,2021,6160.0,d
r-bieshankovicki,employed_persons,2022,5856.0,d
r-bieshankovicki,employed_persons,2023,5526.0,d
r-bieshankovicki,employed_persons,2024,5405.0,d
r-bieshankovicki,k_oblast_coverage_2019,2019,1.1295,m
r-bieshankovicki,avg_pension_oblast_byn,2025,907.08,d
r-bieshankovicki,min_minutes_to_minsk,2026,145.9,d
r-brahinski,wage_byn,2010,87.3517,d
r-brahinski,wage_byn,2011,135.208,d
r-brahinski,wage_byn,2012,278.9351,d
r-brahinski,wage_byn,2013,378.2136,d
r-brahinski,wage_byn,2014,448.3333,d
r-brahinski,wage_byn,2015,493.1018,d
r-brahinski,wage_byn,2016,511.4,d
r-brahinski,wage_byn,2017,607.3,d
r-brahinski,wage_byn,2018,727.2,d
r-brahinski,wage_byn,2019,803.4,d
r-brahinski,wage_byn,2020,902.4,d
r-brahinski,wage_byn,2021,1008.3,d
r-brahinski,wage_byn,2022,1152.4,d
r-brahinski,wage_byn,2023,1366.1,d
r-brahinski,wage_byn,2024,1602.8,d
r-brahinski,wage_byn,2025,1896.1,d
r-brahinski,employed_persons,2010,5693.0,d
r-brahinski,employed_persons,2011,5543.0,d
r-brahinski,employed_persons,2012,5464.0,d
r-brahinski,employed_persons,2013,5291.0,d
r-brahinski,employed_persons,2014,5255.0,d
r-brahinski,employed_persons,2015,5171.0,d
r-brahinski,employed_persons,2016,5195.5,d
r-brahinski,employed_persons,2017,5247.0,d
r-brahinski,employed_persons,2018,5150.0,d
r-brahinski,employed_persons,2019,5084.0,d
r-brahinski,employed_persons,2020,5121.0,d
r-brahinski,employed_persons,2021,4979.0,d
r-brahinski,employed_persons,2022,4870.0,d
r-brahinski,employed_persons,2023,4788.0,d
r-brahinski,employed_persons,2024,4692.0,d
r-brahinski,k_oblast_coverage_2019,2019,1.1803,m
r-brahinski,avg_pension_oblast_byn,2025,918.07,d
r-brahinski,min_minutes_to_minsk,2026,264.4,d
r-braslauski,wage_byn,2010,87.6541,d
r-braslauski,wage_byn,2011,138.8072,d
r-braslauski,wage_byn,2012,256.4658,d
r-braslauski,wage_byn,2013,336.3282,d
r-braslauski,wage_byn,2014,400.9212,d
r-braslauski,wage_byn,2015,448.7209,d
r-braslauski,wage_byn,2016,495.8,d
r-braslauski,wage_byn,2017,561.2,d
r-braslauski,wage_byn,2018,648.4,d
r-braslauski,wage_byn,2019,749.9,d
r-braslauski,wage_byn,2020,859.9,d
r-braslauski,wage_byn,2021,992.0,d
r-braslauski,wage_byn,2022,1130.9,d
r-braslauski,wage_byn,2023,1345.0,d
r-braslauski,wage_byn,2024,1584.0,d
r-braslauski,wage_byn,2025,1898.7,d
r-braslauski,employed_persons,2010,12172.0,d
r-braslauski,employed_persons,2011,11758.0,d
r-braslauski,employed_persons,2012,11304.0,d
r-braslauski,employed_persons,2013,10992.0,d
r-braslauski,employed_persons,2014,10537.0,d
r-braslauski,employed_persons,2015,10371.0,d
r-braslauski,employed_persons,2016,9928.0,d
r-braslauski,employed_persons,2017,9578.0,d
r-braslauski,employed_persons,2018,9116.0,d
r-braslauski,employed_persons,2019,8938.0,d
r-braslauski,employed_persons,2020,8916.0,d
r-braslauski,employed_persons,2021,8846.0,d
r-braslauski,employed_persons,2022,8465.0,d
r-braslauski,employed_persons,2023,8258.0,d
r-braslauski,employed_persons,2024,8050.0,d
r-braslauski,k_oblast_coverage_2019,2019,1.1295,m
r-braslauski,avg_pension_oblast_byn,2025,907.08,d
r-braslauski,min_minutes_to_minsk,2026,183.5,d
r-brescki,wage_byn,2010,99.066,d
r-brescki,wage_byn,2011,156.1193,d
r-brescki,wage_byn,2012,312.2862,d
r-brescki,wage_byn,2013,426.7528,d
r-brescki,wage_byn,2014,534.0205,d
r-brescki,wage_byn,2015,570.4183,d
r-brescki,wage_byn,2016,609.3,d
r-brescki,wage_byn,2017,707.7,d
r-brescki,wage_byn,2018,801.2,d
r-brescki,wage_byn,2019,882.7,d
r-brescki,wage_byn,2020,1042.9,d
r-brescki,wage_byn,2021,1174.3,d
r-brescki,wage_byn,2022,1409.3,d
r-brescki,wage_byn,2023,1740.1,d
r-brescki,wage_byn,2024,2041.4,d
r-brescki,wage_byn,2025,2502.0,d
r-brescki,employed_persons,2010,15797.0,d
r-brescki,employed_persons,2011,15957.0,d
r-brescki,employed_persons,2012,16626.0,d
r-brescki,employed_persons,2013,17439.0,d
r-brescki,employed_persons,2014,17871.0,d
r-brescki,employed_persons,2015,18573.0,d
r-brescki,employed_persons,2016,18895.0,d
r-brescki,employed_persons,2017,18786.0,d
r-brescki,employed_persons,2018,19092.0,d
r-brescki,employed_persons,2019,19344.0,d
r-brescki,employed_persons,2020,18926.0,d
r-brescki,employed_persons,2021,18725.0,d
r-brescki,employed_persons,2022,18720.0,d
r-brescki,employed_persons,2023,18340.0,d
r-brescki,employed_persons,2024,18239.0,d
r-brescki,k_oblast_coverage_2019,2019,1.1786,m
r-brescki,avg_pension_oblast_byn,2025,877.45,d
r-brescki,min_minutes_to_minsk,2026,211.8,d
r-buda-kashalouski,wage_byn,2010,89.2883,d
r-buda-kashalouski,wage_byn,2011,144.9261,d
r-buda-kashalouski,wage_byn,2012,293.5642,d
r-buda-kashalouski,wage_byn,2013,392.3258,d
r-buda-kashalouski,wage_byn,2014,481.0147,d
r-buda-kashalouski,wage_byn,2015,528.6778,d
r-buda-kashalouski,wage_byn,2016,537.6,d
r-buda-kashalouski,wage_byn,2017,622.6,d
r-buda-kashalouski,wage_byn,2018,723.2,d
r-buda-kashalouski,wage_byn,2019,781.0,d
r-buda-kashalouski,wage_byn,2020,903.9,d
r-buda-kashalouski,wage_byn,2021,986.5,d
r-buda-kashalouski,wage_byn,2022,1163.5,d
r-buda-kashalouski,wage_byn,2023,1441.2,d
r-buda-kashalouski,wage_byn,2024,1745.4,d
r-buda-kashalouski,wage_byn,2025,2066.7,d
r-buda-kashalouski,employed_persons,2010,13171.0,d
r-buda-kashalouski,employed_persons,2011,13094.0,d
r-buda-kashalouski,employed_persons,2012,12927.0,d
r-buda-kashalouski,employed_persons,2013,12609.0,d
r-buda-kashalouski,employed_persons,2014,12545.0,d
r-buda-kashalouski,employed_persons,2015,12361.0,d
r-buda-kashalouski,employed_persons,2016,12650.4,d
r-buda-kashalouski,employed_persons,2017,12808.0,d
r-buda-kashalouski,employed_persons,2018,12749.0,d
r-buda-kashalouski,employed_persons,2019,12516.0,d
r-buda-kashalouski,employed_persons,2020,12306.0,d
r-buda-kashalouski,employed_persons,2021,12069.0,d
r-buda-kashalouski,employed_persons,2022,11730.0,d
r-buda-kashalouski,employed_persons,2023,11442.0,d
r-buda-kashalouski,employed_persons,2024,11342.0,d
r-buda-kashalouski,k_oblast_coverage_2019,2019,1.1803,m
r-buda-kashalouski,avg_pension_oblast_byn,2025,918.07,d
r-buda-kashalouski,min_minutes_to_minsk,2026,178.9,d
r-bychauski,wage_byn,2010,92.2186,d
r-bychauski,wage_byn,2011,144.4548,d
r-bychauski,wage_byn,2012,286.4533,d
r-bychauski,wage_byn,2013,402.2226,d
r-bychauski,wage_byn,2014,480.1815,d
r-bychauski,wage_byn,2015,513.2332,d
r-bychauski,wage_byn,2016,536.7,d
r-bychauski,wage_byn,2017,594.8,d
r-bychauski,wage_byn,2018,675.2,d
r-bychauski,wage_byn,2019,765.6,d
r-bychauski,wage_byn,2020,881.4,d
r-bychauski,wage_byn,2021,1010.1,d
r-bychauski,wage_byn,2022,1135.6,d
r-bychauski,wage_byn,2023,1353.3,d
r-bychauski,wage_byn,2024,1668.3,d
r-bychauski,wage_byn,2025,2066.0,d
r-bychauski,employed_persons,2010,13611.0,d
r-bychauski,employed_persons,2011,13529.0,d
r-bychauski,employed_persons,2012,12756.0,d
r-bychauski,employed_persons,2013,12430.0,d
r-bychauski,employed_persons,2014,12191.0,d
r-bychauski,employed_persons,2015,11932.0,d
r-bychauski,employed_persons,2016,11748.0,d
r-bychauski,employed_persons,2017,11576.0,d
r-bychauski,employed_persons,2018,11392.0,d
r-bychauski,employed_persons,2019,11278.0,d
r-bychauski,employed_persons,2020,11032.0,d
r-bychauski,employed_persons,2021,10796.0,d
r-bychauski,employed_persons,2022,10780.0,d
r-bychauski,employed_persons,2023,10512.0,d
r-bychauski,employed_persons,2024,10246.0,d
r-bychauski,k_oblast_coverage_2019,2019,1.181,m
r-bychauski,avg_pension_oblast_byn,2025,904.51,d
r-bychauski,min_minutes_to_minsk,2026,159.9,d
r-chacherski,wage_byn,2010,93.5815,d
r-chacherski,wage_byn,2011,143.1614,d
r-chacherski,wage_byn,2012,287.0597,d
r-chacherski,wage_byn,2013,386.1674,d
r-chacherski,wage_byn,2014,472.2393,d
r-chacherski,wage_byn,2015,521.729,d
r-chacherski,wage_byn,2016,524.3,d
r-chacherski,wage_byn,2017,611.9,d
r-chacherski,wage_byn,2018,725.3,d
r-chacherski,wage_byn,2019,797.2,d
r-chacherski,wage_byn,2020,924.1,d
r-chacherski,wage_byn,2021,1051.2,d
r-chacherski,wage_byn,2022,1213.9,d
r-chacherski,wage_byn,2023,1396.8,d
r-chacherski,wage_byn,2024,1680.7,d
r-chacherski,wage_byn,2025,2039.0,d
r-chacherski,employed_persons,2010,6218.0,d
r-chacherski,employed_persons,2011,6244.0,d
r-chacherski,employed_persons,2012,6087.0,d
r-chacherski,employed_persons,2013,6016.0,d
r-chacherski,employed_persons,2014,6003.0,d
r-chacherski,employed_persons,2015,5980.0,d
r-chacherski,employed_persons,2016,5830.7,d
r-chacherski,employed_persons,2017,5775.0,d
r-chacherski,employed_persons,2018,5629.0,d
r-chacherski,employed_persons,2019,5626.0,d
r-chacherski,employed_persons,2020,5558.0,d
r-chacherski,employed_persons,2021,5465.0,d
r-chacherski,employed_persons,2022,5317.0,d
r-chacherski,employed_persons,2023,5282.0,d
r-chacherski,employed_persons,2024,5179.0,d
r-chacherski,k_oblast_coverage_2019,2019,1.1803,m
r-chacherski,avg_pension_oblast_byn,2025,918.07,d
r-chacherski,min_minutes_to_minsk,2026,208.4,d
r-chashnicki,wage_byn,2010,108.6187,d
r-chashnicki,wage_byn,2011,167.7289,d
r-chashnicki,wage_byn,2012,316.0411,d
r-chashnicki,wage_byn,2013,427.7756,d
r-chashnicki,wage_byn,2014,516.1028,d
r-chashnicki,wage_byn,2015,553.158,d
r-chashnicki,wage_byn,2016,591.8,d
r-chashnicki,wage_byn,2017,686.0,d
r-chashnicki,wage_byn,2018,825.4,d
r-chashnicki,wage_byn,2019,908.6,d
r-chashnicki,wage_byn,2020,1037.7,d
r-chashnicki,wage_byn,2021,1190.5,d
r-chashnicki,wage_byn,2022,1392.6,d
r-chashnicki,wage_byn,2023,1579.8,d
r-chashnicki,wage_byn,2024,1904.5,d
r-chashnicki,wage_byn,2025,2288.2,d
r-chashnicki,employed_persons,2010,15573.0,d
r-chashnicki,employed_persons,2011,15447.0,d
r-chashnicki,employed_persons,2012,14875.0,d
r-chashnicki,employed_persons,2013,14509.0,d
r-chashnicki,employed_persons,2014,13861.0,d
r-chashnicki,employed_persons,2015,13381.0,d
r-chashnicki,employed_persons,2016,12951.0,d
r-chashnicki,employed_persons,2017,12704.0,d
r-chashnicki,employed_persons,2018,12253.0,d
r-chashnicki,employed_persons,2019,12088.0,d
r-chashnicki,employed_persons,2020,11953.0,d
r-chashnicki,employed_persons,2021,11560.0,d
r-chashnicki,employed_persons,2022,11145.0,d
r-chashnicki,employed_persons,2023,10963.0,d
r-chashnicki,employed_persons,2024,10602.0,d
r-chashnicki,k_oblast_coverage_2019,2019,1.1295,m
r-chashnicki,avg_pension_oblast_byn,2025,907.08,d
r-chashnicki,min_minutes_to_minsk,2026,132.9,d
r-chavuski,wage_byn,2010,89.0795,d
r-chavuski,wage_byn,2011,142.5532,d
r-chavuski,wage_byn,2012,269.6479,d
r-chavuski,wage_byn,2013,371.5772,d
r-chavuski,wage_byn,2014,446.6377,d
r-chavuski,wage_byn,2015,494.4202,d
r-chavuski,wage_byn,2016,523.9,d
r-chavuski,wage_byn,2017,606.2,d
r-chavuski,wage_byn,2018,685.3,d
r-chavuski,wage_byn,2019,749.0,d
r-chavuski,wage_byn,2020,854.2,d
r-chavuski,wage_byn,2021,965.9,d
r-chavuski,wage_byn,2022,1101.4,d
r-chavuski,wage_byn,2023,1312.5,d
r-chavuski,wage_byn,2024,1576.8,d
r-chavuski,wage_byn,2025,1924.3,d
r-chavuski,employed_persons,2010,8702.0,d
r-chavuski,employed_persons,2011,8548.0,d
r-chavuski,employed_persons,2012,8412.0,d
r-chavuski,employed_persons,2013,8172.0,d
r-chavuski,employed_persons,2014,7801.0,d
r-chavuski,employed_persons,2015,7861.0,d
r-chavuski,employed_persons,2016,7699.0,d
r-chavuski,employed_persons,2017,7344.0,d
r-chavuski,employed_persons,2018,7335.0,d
r-chavuski,employed_persons,2019,7208.0,d
r-chavuski,employed_persons,2020,7085.0,d
r-chavuski,employed_persons,2021,7070.0,d
r-chavuski,employed_persons,2022,6861.0,d
r-chavuski,employed_persons,2023,6666.0,d
r-chavuski,employed_persons,2024,6441.0,d
r-chavuski,k_oblast_coverage_2019,2019,1.181,m
r-chavuski,avg_pension_oblast_byn,2025,904.51,d
r-chavuski,min_minutes_to_minsk,2026,170.1,d
r-chervienski,wage_byn,2010,96.6786,d
r-chervienski,wage_byn,2011,150.6052,d
r-chervienski,wage_byn,2012,293.8811,d
r-chervienski,wage_byn,2013,406.6187,d
r-chervienski,wage_byn,2014,502.8922,d
r-chervienski,wage_byn,2015,552.0889,d
r-chervienski,wage_byn,2016,573.2,d
r-chervienski,wage_byn,2017,660.2,d
r-chervienski,wage_byn,2018,769.0,d
r-chervienski,wage_byn,2019,859.5,d
r-chervienski,wage_byn,2020,1018.1,d
r-chervienski,wage_byn,2021,1154.7,d
r-chervienski,wage_byn,2022,1307.7,d
r-chervienski,wage_byn,2023,1543.0,d
r-chervienski,wage_byn,2024,1869.4,d
r-chervienski,wage_byn,2025,2283.0,d
r-chervienski,employed_persons,2010,13587.0,d
r-chervienski,employed_persons,2011,13430.0,d
r-chervienski,employed_persons,2012,13583.0,d
r-chervienski,employed_persons,2013,13350.0,d
r-chervienski,employed_persons,2014,12863.0,d
r-chervienski,employed_persons,2015,12867.0,d
r-chervienski,employed_persons,2016,12779.0,d
r-chervienski,employed_persons,2017,12452.0,d
r-chervienski,employed_persons,2018,12296.0,d
r-chervienski,employed_persons,2019,12149.0,d
r-chervienski,employed_persons,2020,12002.0,d
r-chervienski,employed_persons,2021,11688.0,d
r-chervienski,employed_persons,2022,11220.0,d
r-chervienski,employed_persons,2023,10831.0,d
r-chervienski,employed_persons,2024,10740.0,d
r-chervienski,k_oblast_coverage_2019,2019,1.1262,m
r-chervienski,avg_pension_oblast_byn,2025,914.4,d
r-chervienski,min_minutes_to_minsk,2026,46.4,d
r-cherykauski,wage_byn,2010,91.1387,d
r-cherykauski,wage_byn,2011,149.3407,d
r-cherykauski,wage_byn,2012,280.8013,d
r-cherykauski,wage_byn,2013,380.5696,d
r-cherykauski,wage_byn,2014,464.2155,d
r-cherykauski,wage_byn,2015,516.2526,d
r-cherykauski,wage_byn,2016,515.8,d
r-cherykauski,wage_byn,2017,592.8,d
r-cherykauski,wage_byn,2018,695.1,d
r-cherykauski,wage_byn,2019,771.7,d
r-cherykauski,wage_byn,2020,886.7,d
r-cherykauski,wage_byn,2021,1001.3,d
r-cherykauski,wage_byn,2022,1105.2,d
r-cherykauski,wage_byn,2023,1295.3,d
r-cherykauski,wage_byn,2024,1582.8,d
r-cherykauski,wage_byn,2025,1924.4,d
r-cherykauski,employed_persons,2010,5806.0,d
r-cherykauski,employed_persons,2011,5570.0,d
r-cherykauski,employed_persons,2012,5383.0,d
r-cherykauski,employed_persons,2013,5188.0,d
r-cherykauski,employed_persons,2014,5059.0,d
r-cherykauski,employed_persons,2015,4958.0,d
r-cherykauski,employed_persons,2016,4839.0,d
r-cherykauski,employed_persons,2017,4564.0,d
r-cherykauski,employed_persons,2018,4558.0,d
r-cherykauski,employed_persons,2019,4634.0,d
r-cherykauski,employed_persons,2020,4680.0,d
r-cherykauski,employed_persons,2021,4729.0,d
r-cherykauski,employed_persons,2022,4603.0,d
r-cherykauski,employed_persons,2023,4340.0,d
r-cherykauski,employed_persons,2024,4190.0,d
r-cherykauski,k_oblast_coverage_2019,2019,1.181,m
r-cherykauski,avg_pension_oblast_byn,2025,904.51,d
r-cherykauski,min_minutes_to_minsk,2026,201.8,d
r-chocimski,wage_byn,2010,83.5553,d
r-chocimski,wage_byn,2011,138.1197,d
r-chocimski,wage_byn,2012,262.8458,d
r-chocimski,wage_byn,2013,365.6157,d
r-chocimski,wage_byn,2014,437.4602,d
r-chocimski,wage_byn,2015,472.4608,d
r-chocimski,wage_byn,2016,505.7,d
r-chocimski,wage_byn,2017,576.8,d
r-chocimski,wage_byn,2018,654.2,d
r-chocimski,wage_byn,2019,718.6,d
r-chocimski,wage_byn,2020,826.4,d
r-chocimski,wage_byn,2021,938.6,d
r-chocimski,wage_byn,2022,1045.1,d
r-chocimski,wage_byn,2023,1285.3,d
r-chocimski,wage_byn,2024,1531.1,d
r-chocimski,wage_byn,2025,1895.3,d
r-chocimski,employed_persons,2010,5444.0,d
r-chocimski,employed_persons,2011,5287.0,d
r-chocimski,employed_persons,2012,5065.0,d
r-chocimski,employed_persons,2013,4876.0,d
r-chocimski,employed_persons,2014,4676.0,d
r-chocimski,employed_persons,2015,4615.0,d
r-chocimski,employed_persons,2016,4522.0,d
r-chocimski,employed_persons,2017,4330.0,d
r-chocimski,employed_persons,2018,4223.0,d
r-chocimski,employed_persons,2019,4127.0,d
r-chocimski,employed_persons,2020,4050.0,d
r-chocimski,employed_persons,2021,3913.0,d
r-chocimski,employed_persons,2022,3860.0,d
r-chocimski,employed_persons,2023,3722.0,d
r-chocimski,employed_persons,2024,3599.0,d
r-chocimski,k_oblast_coverage_2019,2019,1.181,m
r-chocimski,avg_pension_oblast_byn,2025,904.51,d
r-chocimski,min_minutes_to_minsk,2026,276.2,d
r-chojnicki,wage_byn,2010,87.1668,d
r-chojnicki,wage_byn,2011,132.5897,d
r-chojnicki,wage_byn,2012,271.4362,d
r-chojnicki,wage_byn,2013,378.0865,d
r-chojnicki,wage_byn,2014,431.4721,d
r-chojnicki,wage_byn,2015,484.2713,d
r-chojnicki,wage_byn,2016,500.8,d
r-chojnicki,wage_byn,2017,569.5,d
r-chojnicki,wage_byn,2018,697.4,d
r-chojnicki,wage_byn,2019,790.4,d
r-chojnicki,wage_byn,2020,889.9,d
r-chojnicki,wage_byn,2021,1021.1,d
r-chojnicki,wage_byn,2022,1145.8,d
r-chojnicki,wage_byn,2023,1342.1,d
r-chojnicki,wage_byn,2024,1595.2,d
r-chojnicki,wage_byn,2025,1927.9,d
r-chojnicki,employed_persons,2010,9297.0,d
r-chojnicki,employed_persons,2011,9113.0,d
r-chojnicki,employed_persons,2012,8788.0,d
r-chojnicki,employed_persons,2013,8350.0,d
r-chojnicki,employed_persons,2014,8338.0,d
r-chojnicki,employed_persons,2015,8206.0,d
r-chojnicki,employed_persons,2016,7990.2,d
r-chojnicki,employed_persons,2017,7691.0,d
r-chojnicki,employed_persons,2018,7477.0,d
r-chojnicki,employed_persons,2019,7294.0,d
r-chojnicki,employed_persons,2020,7291.0,d
r-chojnicki,employed_persons,2021,7313.0,d
r-chojnicki,employed_persons,2022,7304.0,d
r-chojnicki,employed_persons,2023,7081.0,d
r-chojnicki,employed_persons,2024,6839.0,d
r-chojnicki,k_oblast_coverage_2019,2019,1.1803,m
r-chojnicki,avg_pension_oblast_byn,2025,918.07,d
r-chojnicki,min_minutes_to_minsk,2026,245.2,d
r-dobrushski,wage_byn,2010,87.6626,d
r-dobrushski,wage_byn,2011,142.5719,d
r-dobrushski,wage_byn,2012,289.6825,d
r-dobrushski,wage_byn,2013,383.8762,d
r-dobrushski,wage_byn,2014,457.3173,d
r-dobrushski,wage_byn,2015,515.7539,d
r-dobrushski,wage_byn,2016,506.2,d
r-dobrushski,wage_byn,2017,578.9,d
r-dobrushski,wage_byn,2018,705.5,d
r-dobrushski,wage_byn,2019,759.4,d
r-dobrushski,wage_byn,2020,845.9,d
r-dobrushski,wage_byn,2021,977.2,d
r-dobrushski,wage_byn,2022,1171.1,d
r-dobrushski,wage_byn,2023,1423.0,d
r-dobrushski,wage_byn,2024,1684.9,d
r-dobrushski,wage_byn,2025,2008.5,d
r-dobrushski,employed_persons,2010,15179.0,d
r-dobrushski,employed_persons,2011,15455.0,d
r-dobrushski,employed_persons,2012,15150.0,d
r-dobrushski,employed_persons,2013,14853.0,d
r-dobrushski,employed_persons,2014,14846.0,d
r-dobrushski,employed_persons,2015,15278.0,d
r-dobrushski,employed_persons,2016,15106.7,d
r-dobrushski,employed_persons,2017,15109.0,d
r-dobrushski,employed_persons,2018,14523.0,d
r-dobrushski,employed_persons,2019,13785.0,d
r-dobrushski,employed_persons,2020,13628.0,d
r-dobrushski,employed_persons,2021,13604.0,d
r-dobrushski,employed_persons,2022,13489.0,d
r-dobrushski,employed_persons,2023,13115.0,d
r-dobrushski,employed_persons,2024,12679.0,d
r-dobrushski,k_oblast_coverage_2019,2019,1.1803,m
r-dobrushski,avg_pension_oblast_byn,2025,918.07,d
r-dobrushski,min_minutes_to_minsk,2026,228.7,d
r-dokshycki,wage_byn,2010,98.3835,d
r-dokshycki,wage_byn,2011,149.0469,d
r-dokshycki,wage_byn,2012,294.7995,d
r-dokshycki,wage_byn,2013,387.5202,d
r-dokshycki,wage_byn,2014,463.9492,d
r-dokshycki,wage_byn,2015,494.2534,d
r-dokshycki,wage_byn,2016,525.2,d
r-dokshycki,wage_byn,2017,608.2,d
r-dokshycki,wage_byn,2018,701.9,d
r-dokshycki,wage_byn,2019,788.0,d
r-dokshycki,wage_byn,2020,933.9,d
r-dokshycki,wage_byn,2021,1066.4,d
r-dokshycki,wage_byn,2022,1203.5,d
r-dokshycki,wage_byn,2023,1409.4,d
r-dokshycki,wage_byn,2024,1691.8,d
r-dokshycki,wage_byn,2025,2060.7,d
r-dokshycki,employed_persons,2010,11763.0,d
r-dokshycki,employed_persons,2011,11301.0,d
r-dokshycki,employed_persons,2012,10779.0,d
r-dokshycki,employed_persons,2013,10446.0,d
r-dokshycki,employed_persons,2014,9946.0,d
r-dokshycki,employed_persons,2015,9835.0,d
r-dokshycki,employed_persons,2016,9536.0,d
r-dokshycki,employed_persons,2017,9283.0,d
r-dokshycki,employed_persons,2018,9197.0,d
r-dokshycki,employed_persons,2019,8773.0,d
r-dokshycki,employed_persons,2020,8586.0,d
r-dokshycki,employed_persons,2021,8380.0,d
r-dokshycki,employed_persons,2022,8140.0,d
r-dokshycki,employed_persons,2023,7918.0,d
r-dokshycki,employed_persons,2024,7809.0,d
r-dokshycki,k_oblast_coverage_2019,2019,1.1295,m
r-dokshycki,avg_pension_oblast_byn,2025,907.08,d
r-dokshycki,min_minutes_to_minsk,2026,94.7,d
r-drahichynski,wage_byn,2010,89.9178,d
r-drahichynski,wage_byn,2011,138.1834,d
r-drahichynski,wage_byn,2012,275.991,d
r-drahichynski,wage_byn,2013,378.7143,d
r-drahichynski,wage_byn,2014,459.43,d
r-drahichynski,wage_byn,2015,484.7349,d
r-drahichynski,wage_byn,2016,527.9,d
r-drahichynski,wage_byn,2017,582.4,d
r-drahichynski,wage_byn,2018,687.2,d
r-drahichynski,wage_byn,2019,800.2,d
r-drahichynski,wage_byn,2020,912.1,d
r-drahichynski,wage_byn,2021,1053.9,d
r-drahichynski,wage_byn,2022,1236.3,d
r-drahichynski,wage_byn,2023,1485.7,d
r-drahichynski,wage_byn,2024,1754.2,d
r-drahichynski,wage_byn,2025,2132.1,d
r-drahichynski,employed_persons,2010,16032.0,d
r-drahichynski,employed_persons,2011,15754.0,d
r-drahichynski,employed_persons,2012,15375.0,d
r-drahichynski,employed_persons,2013,14957.0,d
r-drahichynski,employed_persons,2014,14817.0,d
r-drahichynski,employed_persons,2015,14599.0,d
r-drahichynski,employed_persons,2016,14452.0,d
r-drahichynski,employed_persons,2017,14072.0,d
r-drahichynski,employed_persons,2018,13724.0,d
r-drahichynski,employed_persons,2019,13263.0,d
r-drahichynski,employed_persons,2020,13275.0,d
r-drahichynski,employed_persons,2021,13061.0,d
r-drahichynski,employed_persons,2022,12925.0,d
r-drahichynski,employed_persons,2023,12568.0,d
r-drahichynski,employed_persons,2024,12494.0,d
r-drahichynski,k_oblast_coverage_2019,2019,1.1786,m
r-drahichynski,avg_pension_oblast_byn,2025,877.45,d
r-drahichynski,min_minutes_to_minsk,2026,176.7,d
r-drybinski,wage_byn,2010,90.0644,d
r-drybinski,wage_byn,2011,141.7313,d
r-drybinski,wage_byn,2012,276.4729,d
r-drybinski,wage_byn,2013,390.4579,d
r-drybinski,wage_byn,2014,475.9344,d
r-drybinski,wage_byn,2015,521.4256,d
r-drybinski,wage_byn,2016,541.5,d
r-drybinski,wage_byn,2017,586.7,d
r-drybinski,wage_byn,2018,659.9,d
r-drybinski,wage_byn,2019,733.0,d
r-drybinski,wage_byn,2020,858.7,d
r-drybinski,wage_byn,2021,988.3,d
r-drybinski,wage_byn,2022,1114.9,d
r-drybinski,wage_byn,2023,1322.0,d
r-drybinski,wage_byn,2024,1537.0,d
r-drybinski,wage_byn,2025,1891.5,d
r-drybinski,employed_persons,2010,4880.0,d
r-drybinski,employed_persons,2011,4750.0,d
r-drybinski,employed_persons,2012,4722.0,d
r-drybinski,employed_persons,2013,4522.0,d
r-drybinski,employed_persons,2014,4498.0,d
r-drybinski,employed_persons,2015,4472.0,d
r-drybinski,employed_persons,2016,4369.0,d
r-drybinski,employed_persons,2017,4360.0,d
r-drybinski,employed_persons,2018,4240.0,d
r-drybinski,employed_persons,2019,4120.0,d
r-drybinski,employed_persons,2020,4051.0,d
r-drybinski,employed_persons,2021,3936.0,d
r-drybinski,employed_persons,2022,3848.0,d
r-drybinski,employed_persons,2023,3655.0,d
r-drybinski,employed_persons,2024,3509.0,d
r-drybinski,k_oblast_coverage_2019,2019,1.181,m
r-drybinski,avg_pension_oblast_byn,2025,904.51,d
r-drybinski,min_minutes_to_minsk,2026,175.6,d
r-dubrovienski,wage_byn,2010,89.1724,d
r-dubrovienski,wage_byn,2011,146.4322,d
r-dubrovienski,wage_byn,2012,281.8781,d
r-dubrovienski,wage_byn,2013,384.3708,d
r-dubrovienski,wage_byn,2014,479.4286,d
r-dubrovienski,wage_byn,2015,538.1152,d
r-dubrovienski,wage_byn,2016,577.7,d
r-dubrovienski,wage_byn,2017,636.8,d
r-dubrovienski,wage_byn,2018,707.3,d
r-dubrovienski,wage_byn,2019,793.6,d
r-dubrovienski,wage_byn,2020,902.6,d
r-dubrovienski,wage_byn,2021,995.2,d
r-dubrovienski,wage_byn,2022,1173.4,d
r-dubrovienski,wage_byn,2023,1395.6,d
r-dubrovienski,wage_byn,2024,1696.2,d
r-dubrovienski,wage_byn,2025,2122.0,d
r-dubrovienski,employed_persons,2010,7791.0,d
r-dubrovienski,employed_persons,2011,7454.0,d
r-dubrovienski,employed_persons,2012,7026.0,d
r-dubrovienski,employed_persons,2013,6841.0,d
r-dubrovienski,employed_persons,2014,6548.0,d
r-dubrovienski,employed_persons,2015,6610.0,d
r-dubrovienski,employed_persons,2016,6414.0,d
r-dubrovienski,employed_persons,2017,6423.0,d
r-dubrovienski,employed_persons,2018,6262.0,d
r-dubrovienski,employed_persons,2019,6580.0,d
r-dubrovienski,employed_persons,2020,6323.0,d
r-dubrovienski,employed_persons,2021,6009.0,d
r-dubrovienski,employed_persons,2022,5832.0,d
r-dubrovienski,employed_persons,2023,5695.0,d
r-dubrovienski,employed_persons,2024,5392.0,d
r-dubrovienski,k_oblast_coverage_2019,2019,1.1295,m
r-dubrovienski,avg_pension_oblast_byn,2025,907.08,d
r-dubrovienski,min_minutes_to_minsk,2026,149.0,d
r-dziarzhynski,wage_byn,2010,122.9713,d
r-dziarzhynski,wage_byn,2011,191.2663,d
r-dziarzhynski,wage_byn,2012,379.4967,d
r-dziarzhynski,wage_byn,2013,528.2587,d
r-dziarzhynski,wage_byn,2014,659.1059,d
r-dziarzhynski,wage_byn,2015,743.646,d
r-dziarzhynski,wage_byn,2016,755.8,d
r-dziarzhynski,wage_byn,2017,860.9,d
r-dziarzhynski,wage_byn,2018,1004.1,d
r-dziarzhynski,wage_byn,2019,1124.4,d
r-dziarzhynski,wage_byn,2020,1305.9,d
r-dziarzhynski,wage_byn,2021,1502.2,d
r-dziarzhynski,wage_byn,2022,1718.1,d
r-dziarzhynski,wage_byn,2023,2022.8,d
r-dziarzhynski,wage_byn,2024,2419.5,d
r-dziarzhynski,wage_byn,2025,2941.2,d
r-dziarzhynski,employed_persons,2010,28774.0,d
r-dziarzhynski,employed_persons,2011,29767.0,d
r-dziarzhynski,employed_persons,2012,30029.0,d
r-dziarzhynski,employed_persons,2013,31272.0,d
r-dziarzhynski,employed_persons,2014,32019.0,d
r-dziarzhynski,employed_persons,2015,32148.0,d
r-dziarzhynski,employed_persons,2016,32320.0,d
r-dziarzhynski,employed_persons,2017,32276.0,d
r-dziarzhynski,employed_persons,2018,32611.0,d
r-dziarzhynski,employed_persons,2019,33443.0,d
r-dziarzhynski,employed_persons,2020,34009.0,d
r-dziarzhynski,employed_persons,2021,34527.0,d
r-dziarzhynski,employed_persons,2022,34140.0,d
r-dziarzhynski,employed_persons,2023,33452.0,d
r-dziarzhynski,employed_persons,2024,33220.0,d
r-dziarzhynski,k_oblast_coverage_2019,2019,1.1262,m
r-dziarzhynski,avg_pension_oblast_byn,2025,914.4,d
r-dziarzhynski,min_minutes_to_minsk,2026,28.6,d
r-dziatlauski,wage_byn,2010,93.5258,d
r-dziatlauski,wage_byn,2011,142.9659,d
r-dziatlauski,wage_byn,2012,277.2364,d
r-dziatlauski,wage_byn,2013,385.258,d
r-dziatlauski,wage_byn,2014,460.5922,d
r-dziatlauski,wage_byn,2015,500.034,d
r-dziatlauski,wage_byn,2016,522.5,d
r-dziatlauski,wage_byn,2017,594.0,d
r-dziatlauski,wage_byn,2018,704.7,d
r-dziatlauski,wage_byn,2019,805.4,d
r-dziatlauski,wage_byn,2020,918.0,d
r-dziatlauski,wage_byn,2021,1071.9,d
r-dziatlauski,wage_byn,2022,1279.7,d
r-dziatlauski,wage_byn,2023,1518.9,d
r-dziatlauski,wage_byn,2024,1824.3,d
r-dziatlauski,wage_byn,2025,2152.6,d
r-dziatlauski,employed_persons,2010,13581.0,d
r-dziatlauski,employed_persons,2011,13463.0,d
r-dziatlauski,employed_persons,2012,13133.0,d
r-dziatlauski,employed_persons,2013,12804.0,d
r-dziatlauski,employed_persons,2014,12274.0,d
r-dziatlauski,employed_persons,2015,12219.0,d
r-dziatlauski,employed_persons,2016,11678.0,d
r-dziatlauski,employed_persons,2017,11419.0,d
r-dziatlauski,employed_persons,2018,11255.0,d
r-dziatlauski,employed_persons,2019,10958.0,d
r-dziatlauski,employed_persons,2020,10842.0,d
r-dziatlauski,employed_persons,2021,10539.0,d
r-dziatlauski,employed_persons,2022,10222.0,d
r-dziatlauski,employed_persons,2023,9916.0,d
r-dziatlauski,employed_persons,2024,9731.0,d
r-dziatlauski,k_oblast_coverage_2019,2019,1.1456,m
r-dziatlauski,avg_pension_oblast_byn,2025,905.8,d
r-dziatlauski,min_minutes_to_minsk,2026,132.8,d
r-hancavicki,wage_byn,2010,88.099,d
r-hancavicki,wage_byn,2011,137.179,d
r-hancavicki,wage_byn,2012,266.8188,d
r-hancavicki,wage_byn,2013,371.6313,d
r-hancavicki,wage_byn,2014,443.9376,d
r-hancavicki,wage_byn,2015,495.0521,d
r-hancavicki,wage_byn,2016,517.7,d
r-hancavicki,wage_byn,2017,584.3,d
r-hancavicki,wage_byn,2018,684.5,d
r-hancavicki,wage_byn,2019,770.9,d
r-hancavicki,wage_byn,2020,894.0,d
r-hancavicki,wage_byn,2021,1023.8,d
r-hancavicki,wage_byn,2022,1165.8,d
r-hancavicki,wage_byn,2023,1354.2,d
r-hancavicki,wage_byn,2024,1611.9,d
r-hancavicki,wage_byn,2025,1971.8,d
r-hancavicki,employed_persons,2010,11266.0,d
r-hancavicki,employed_persons,2011,11190.0,d
r-hancavicki,employed_persons,2012,10898.0,d
r-hancavicki,employed_persons,2013,10698.0,d
r-hancavicki,employed_persons,2014,10417.0,d
r-hancavicki,employed_persons,2015,10292.0,d
r-hancavicki,employed_persons,2016,10087.0,d
r-hancavicki,employed_persons,2017,9963.0,d
r-hancavicki,employed_persons,2018,9778.0,d
r-hancavicki,employed_persons,2019,9475.0,d
r-hancavicki,employed_persons,2020,9484.0,d
r-hancavicki,employed_persons,2021,9428.0,d
r-hancavicki,employed_persons,2022,9328.0,d
r-hancavicki,employed_persons,2023,9149.0,d
r-hancavicki,employed_persons,2024,9033.0,d
r-hancavicki,k_oblast_coverage_2019,2019,1.1786,m
r-hancavicki,avg_pension_oblast_byn,2025,877.45,d
r-hancavicki,min_minutes_to_minsk,2026,132.2,d
r-haradocki,wage_byn,2010,88.4415,d
r-haradocki,wage_byn,2011,145.6159,d
r-haradocki,wage_byn,2012,275.0875,d
r-haradocki,wage_byn,2013,358.3216,d
r-haradocki,wage_byn,2014,425.236,d
r-haradocki,wage_byn,2015,474.8087,d
r-haradocki,wage_byn,2016,489.7,d
r-haradocki,wage_byn,2017,555.0,d
r-haradocki,wage_byn,2018,690.7,d
r-haradocki,wage_byn,2019,769.8,d
r-haradocki,wage_byn,2020,861.5,d
r-haradocki,wage_byn,2021,993.4,d
r-haradocki,wage_byn,2022,1130.2,d
r-haradocki,wage_byn,2023,1337.3,d
r-haradocki,wage_byn,2024,1615.0,d
r-haradocki,wage_byn,2025,1930.8,d
r-haradocki,employed_persons,2010,10742.0,d
r-haradocki,employed_persons,2011,10341.0,d
r-haradocki,employed_persons,2012,9842.0,d
r-haradocki,employed_persons,2013,9683.0,d
r-haradocki,employed_persons,2014,9540.0,d
r-haradocki,employed_persons,2015,9504.0,d
r-haradocki,employed_persons,2016,9208.0,d
r-haradocki,employed_persons,2017,8959.0,d
r-haradocki,employed_persons,2018,8675.0,d
r-haradocki,employed_persons,2019,8240.0,d
r-haradocki,employed_persons,2020,7867.0,d
r-haradocki,employed_persons,2021,7522.0,d
r-haradocki,employed_persons,2022,7159.0,d
r-haradocki,employed_persons,2023,6958.0,d
r-haradocki,employed_persons,2024,6784.0,d
r-haradocki,k_oblast_coverage_2019,2019,1.1295,m
r-haradocki,avg_pension_oblast_byn,2025,907.08,d
r-haradocki,min_minutes_to_minsk,2026,192.6,d
r-hluski,wage_byn,2010,92.1802,d
r-hluski,wage_byn,2011,141.3891,d
r-hluski,wage_byn,2012,269.7804,d
r-hluski,wage_byn,2013,378.1453,d
r-hluski,wage_byn,2014,453.5892,d
r-hluski,wage_byn,2015,483.7014,d
r-hluski,wage_byn,2016,502.3,d
r-hluski,wage_byn,2017,574.2,d
r-hluski,wage_byn,2018,656.8,d
r-hluski,wage_byn,2019,741.1,d
r-hluski,wage_byn,2020,867.2,d
r-hluski,wage_byn,2021,972.4,d
r-hluski,wage_byn,2022,1168.4,d
r-hluski,wage_byn,2023,1380.7,d
r-hluski,wage_byn,2024,1630.9,d
r-hluski,wage_byn,2025,1952.4,d
r-hluski,employed_persons,2010,6771.0,d
r-hluski,employed_persons,2011,6675.0,d
r-hluski,employed_persons,2012,6499.0,d
r-hluski,employed_persons,2013,6237.0,d
r-hluski,employed_persons,2014,6170.0,d
r-hluski,employed_persons,2015,5971.0,d
r-hluski,employed_persons,2016,5776.0,d
r-hluski,employed_persons,2017,5503.0,d
r-hluski,employed_persons,2018,5491.0,d
r-hluski,employed_persons,2019,5421.0,d
r-hluski,employed_persons,2020,5332.0,d
r-hluski,employed_persons,2021,5226.0,d
r-hluski,employed_persons,2022,5200.0,d
r-hluski,employed_persons,2023,5120.0,d
r-hluski,employed_persons,2024,4988.0,d
r-hluski,k_oblast_coverage_2019,2019,1.181,m
r-hluski,avg_pension_oblast_byn,2025,904.51,d
r-hluski,min_minutes_to_minsk,2026,118.1,d
r-hlybocki,wage_byn,2010,101.7393,d
r-hlybocki,wage_byn,2011,163.3998,d
r-hlybocki,wage_byn,2012,304.4427,d
r-hlybocki,wage_byn,2013,398.9765,d
r-hlybocki,wage_byn,2014,485.2765,d
r-hlybocki,wage_byn,2015,532.0586,d
r-hlybocki,wage_byn,2016,527.7,d
r-hlybocki,wage_byn,2017,610.7,d
r-hlybocki,wage_byn,2018,718.1,d
r-hlybocki,wage_byn,2019,784.8,d
r-hlybocki,wage_byn,2020,933.9,d
r-hlybocki,wage_byn,2021,1063.1,d
r-hlybocki,wage_byn,2022,1218.7,d
r-hlybocki,wage_byn,2023,1419.4,d
r-hlybocki,wage_byn,2024,1711.4,d
r-hlybocki,wage_byn,2025,2101.1,d
r-hlybocki,employed_persons,2010,19581.0,d
r-hlybocki,employed_persons,2011,19117.0,d
r-hlybocki,employed_persons,2012,18280.0,d
r-hlybocki,employed_persons,2013,17719.0,d
r-hlybocki,employed_persons,2014,17209.0,d
r-hlybocki,employed_persons,2015,17042.0,d
r-hlybocki,employed_persons,2016,16702.0,d
r-hlybocki,employed_persons,2017,16661.0,d
r-hlybocki,employed_persons,2018,16464.0,d
r-hlybocki,employed_persons,2019,15942.0,d
r-hlybocki,employed_persons,2020,15637.0,d
r-hlybocki,employed_persons,2021,15402.0,d
r-hlybocki,employed_persons,2022,15268.0,d
r-hlybocki,employed_persons,2023,14981.0,d
r-hlybocki,employed_persons,2024,14707.0,d
r-hlybocki,k_oblast_coverage_2019,2019,1.1295,m
r-hlybocki,avg_pension_oblast_byn,2025,907.08,d
r-hlybocki,min_minutes_to_minsk,2026,119.5,d
r-homielski,wage_byn,2010,102.0289,d
r-homielski,wage_byn,2011,159.1882,d
r-homielski,wage_byn,2012,340.9933,d
r-homielski,wage_byn,2013,456.7847,d
r-homielski,wage_byn,2014,550.1662,d
r-homielski,wage_byn,2015,584.7043,d
r-homielski,wage_byn,2016,598.0,d
r-homielski,wage_byn,2017,687.7,d
r-homielski,wage_byn,2018,793.8,d
r-homielski,wage_byn,2019,857.0,d
r-homielski,wage_byn,2020,956.2,d
r-homielski,wage_byn,2021,1071.3,d
r-homielski,wage_byn,2022,1263.4,d
r-homielski,wage_byn,2023,1504.4,d
r-homielski,wage_byn,2024,1764.5,d
r-homielski,wage_byn,2025,2116.6,d
r-homielski,employed_persons,2010,23225.0,d
r-homielski,employed_persons,2011,23097.0,d
r-homielski,employed_persons,2012,22835.0,d
r-homielski,employed_persons,2013,22903.0,d
r-homielski,employed_persons,2014,23756.0,d
r-homielski,employed_persons,2015,23644.0,d
r-homielski,employed_persons,2016,24036.6,d
r-homielski,employed_persons,2017,24221.0,d
r-homielski,employed_persons,2018,24005.0,d
r-homielski,employed_persons,2019,22951.0,d
r-homielski,employed_persons,2020,22543.0,d
r-homielski,employed_persons,2021,22568.0,d
r-homielski,employed_persons,2022,22137.0,d
r-homielski,employed_persons,2023,21486.0,d
r-homielski,employed_persons,2024,20934.0,d
r-homielski,k_oblast_coverage_2019,2019,1.1803,m
r-homielski,avg_pension_oblast_byn,2025,918.07,d
r-homielski,min_minutes_to_minsk,2026,204.4,d
r-horacki,wage_byn,2010,101.3143,d
r-horacki,wage_byn,2011,157.3126,d
r-horacki,wage_byn,2012,320.5594,d
r-horacki,wage_byn,2013,406.4766,d
r-horacki,wage_byn,2014,476.8219,d
r-horacki,wage_byn,2015,542.1236,d
r-horacki,wage_byn,2016,547.6,d
r-horacki,wage_byn,2017,634.1,d
r-horacki,wage_byn,2018,764.1,d
r-horacki,wage_byn,2019,830.5,d
r-horacki,wage_byn,2020,953.5,d
r-horacki,wage_byn,2021,1059.0,d
r-horacki,wage_byn,2022,1216.8,d
r-horacki,wage_byn,2023,1452.4,d
r-horacki,wage_byn,2024,1741.1,d
r-horacki,wage_byn,2025,2102.5,d
r-horacki,employed_persons,2010,20968.0,d
r-horacki,employed_persons,2011,20701.0,d
r-horacki,employed_persons,2012,20233.0,d
r-horacki,employed_persons,2013,19441.0,d
r-horacki,employed_persons,2014,18677.0,d
r-horacki,employed_persons,2015,18720.0,d
r-horacki,employed_persons,2016,18068.0,d
r-horacki,employed_persons,2017,17832.0,d
r-horacki,employed_persons,2018,17759.0,d
r-horacki,employed_persons,2019,17260.0,d
r-horacki,employed_persons,2020,16909.0,d
r-horacki,employed_persons,2021,16540.0,d
r-horacki,employed_persons,2022,16347.0,d
r-horacki,employed_persons,2023,15891.0,d
r-horacki,employed_persons,2024,15630.0,d
r-horacki,k_oblast_coverage_2019,2019,1.181,m
r-horacki,avg_pension_oblast_byn,2025,904.51,d
r-horacki,min_minutes_to_minsk,2026,169.9,d
r-hrodzienski,wage_byn,2010,106.6425,d
r-hrodzienski,wage_byn,2011,166.0114,d
r-hrodzienski,wage_byn,2012,330.9985,d
r-hrodzienski,wage_byn,2013,471.2656,d
r-hrodzienski,wage_byn,2014,592.3021,d
r-hrodzienski,wage_byn,2015,619.7547,d
r-hrodzienski,wage_byn,2016,656.8,d
r-hrodzienski,wage_byn,2017,772.1,d
r-hrodzienski,wage_byn,2018,846.5,d
r-hrodzienski,wage_byn,2019,942.7,d
r-hrodzienski,wage_byn,2020,1094.7,d
r-hrodzienski,wage_byn,2021,1249.6,d
r-hrodzienski,wage_byn,2022,1494.2,d
r-hrodzienski,wage_byn,2023,1800.8,d
r-hrodzienski,wage_byn,2024,2106.8,d
r-hrodzienski,wage_byn,2025,2501.5,d
r-hrodzienski,employed_persons,2010,25090.0,d
r-hrodzienski,employed_persons,2011,25404.0,d
r-hrodzienski,employed_persons,2012,26046.0,d
r-hrodzienski,employed_persons,2013,25531.0,d
r-hrodzienski,employed_persons,2014,26156.0,d
r-hrodzienski,employed_persons,2015,26915.0,d
r-hrodzienski,employed_persons,2016,27263.0,d
r-hrodzienski,employed_persons,2017,27054.0,d
r-hrodzienski,employed_persons,2018,26944.0,d
r-hrodzienski,employed_persons,2019,25916.0,d
r-hrodzienski,employed_persons,2020,26181.0,d
r-hrodzienski,employed_persons,2021,25983.0,d
r-hrodzienski,employed_persons,2022,25172.0,d
r-hrodzienski,employed_persons,2023,24563.0,d
r-hrodzienski,employed_persons,2024,24006.0,d
r-hrodzienski,k_oblast_coverage_2019,2019,1.1456,m
r-hrodzienski,avg_pension_oblast_byn,2025,905.8,d
r-hrodzienski,min_minutes_to_minsk,2026,186.8,d
r-iujeuski,wage_byn,2010,81.9296,d
r-iujeuski,wage_byn,2011,131.7433,d
r-iujeuski,wage_byn,2012,265.9688,d
r-iujeuski,wage_byn,2013,364.8347,d
r-iujeuski,wage_byn,2014,430.265,d
r-iujeuski,wage_byn,2015,461.523,d
r-iujeuski,wage_byn,2016,487.7,d
r-iujeuski,wage_byn,2017,563.2,d
r-iujeuski,wage_byn,2018,664.6,d
r-iujeuski,wage_byn,2019,742.7,d
r-iujeuski,wage_byn,2020,878.0,d
r-iujeuski,wage_byn,2021,1002.5,d
r-iujeuski,wage_byn,2022,1150.5,d
r-iujeuski,wage_byn,2023,1347.6,d
r-iujeuski,wage_byn,2024,1567.9,d
r-iujeuski,wage_byn,2025,1940.9,d
r-iujeuski,employed_persons,2010,10884.0,d
r-iujeuski,employed_persons,2011,10856.0,d
r-iujeuski,employed_persons,2012,11150.0,d
r-iujeuski,employed_persons,2013,10815.0,d
r-iujeuski,employed_persons,2014,10567.0,d
r-iujeuski,employed_persons,2015,10174.0,d
r-iujeuski,employed_persons,2016,9952.0,d
r-iujeuski,employed_persons,2017,9788.0,d
r-iujeuski,employed_persons,2018,9623.0,d
r-iujeuski,employed_persons,2019,9124.0,d
r-iujeuski,employed_persons,2020,9125.0,d
r-iujeuski,employed_persons,2021,9101.0,d
r-iujeuski,employed_persons,2022,8971.0,d
r-iujeuski,employed_persons,2023,8611.0,d
r-iujeuski,employed_persons,2024,8471.0,d
r-iujeuski,k_oblast_coverage_2019,2019,1.1456,m
r-iujeuski,avg_pension_oblast_byn,2025,905.8,d
r-iujeuski,min_minutes_to_minsk,2026,90.5,d
r-ivacevicki,wage_byn,2010,98.4696,d
r-ivacevicki,wage_byn,2011,151.6744,d
r-ivacevicki,wage_byn,2012,301.323,d
r-ivacevicki,wage_byn,2013,409.2316,d
r-ivacevicki,wage_byn,2014,491.1953,d
r-ivacevicki,wage_byn,2015,552.7688,d
r-ivacevicki,wage_byn,2016,549.1,d
r-ivacevicki,wage_byn,2017,616.9,d
r-ivacevicki,wage_byn,2018,783.1,d
r-ivacevicki,wage_byn,2019,859.1,d
r-ivacevicki,wage_byn,2020,983.9,d
r-ivacevicki,wage_byn,2021,1134.5,d
r-ivacevicki,wage_byn,2022,1310.4,d
r-ivacevicki,wage_byn,2023,1517.8,d
r-ivacevicki,wage_byn,2024,1776.4,d
r-ivacevicki,wage_byn,2025,2114.6,d
r-ivacevicki,employed_persons,2010,26901.0,d
r-ivacevicki,employed_persons,2011,26622.0,d
r-ivacevicki,employed_persons,2012,25551.0,d
r-ivacevicki,employed_persons,2013,24626.0,d
r-ivacevicki,employed_persons,2014,24077.0,d
r-ivacevicki,employed_persons,2015,24457.0,d
r-ivacevicki,employed_persons,2016,24699.0,d
r-ivacevicki,employed_persons,2017,24389.0,d
r-ivacevicki,employed_persons,2018,24197.0,d
r-ivacevicki,employed_persons,2019,23325.0,d
r-ivacevicki,employed_persons,2020,23032.0,d
r-ivacevicki,employed_persons,2021,22718.0,d
r-ivacevicki,employed_persons,2022,22275.0,d
r-ivacevicki,employed_persons,2023,21628.0,d
r-ivacevicki,employed_persons,2024,21195.0,d
r-ivacevicki,k_oblast_coverage_2019,2019,1.1786,m
r-ivacevicki,avg_pension_oblast_byn,2025,877.45,d
r-ivacevicki,min_minutes_to_minsk,2026,126.4,d
r-ivanauski,wage_byn,2010,93.3736,d
r-ivanauski,wage_byn,2011,149.4219,d
r-ivanauski,wage_byn,2012,295.3804,d
r-ivanauski,wage_byn,2013,401.701,d
r-ivanauski,wage_byn,2014,493.9755,d
r-ivanauski,wage_byn,2015,519.6431,d
r-ivanauski,wage_byn,2016,558.8,d
r-ivanauski,wage_byn,2017,633.1,d
r-ivanauski,wage_byn,2018,726.9,d
r-ivanauski,wage_byn,2019,829.2,d
r-ivanauski,wage_byn,2020,980.0,d
r-ivanauski,wage_byn,2021,1122.5,d
r-ivanauski,wage_byn,2022,1300.9,d
r-ivanauski,wage_byn,2023,1551.6,d
r-ivanauski,wage_byn,2024,1823.1,d
r-ivanauski,wage_byn,2025,2260.0,d
r-ivanauski,employed_persons,2010,16954.0,d
r-ivanauski,employed_persons,2011,16680.0,d
r-ivanauski,employed_persons,2012,16261.0,d
r-ivanauski,employed_persons,2013,15845.0,d
r-ivanauski,employed_persons,2014,15697.0,d
r-ivanauski,employed_persons,2015,15597.0,d
r-ivanauski,employed_persons,2016,15427.0,d
r-ivanauski,employed_persons,2017,14991.0,d
r-ivanauski,employed_persons,2018,14735.0,d
r-ivanauski,employed_persons,2019,14191.0,d
r-ivanauski,employed_persons,2020,14335.0,d
r-ivanauski,employed_persons,2021,14230.0,d
r-ivanauski,employed_persons,2022,14278.0,d
r-ivanauski,employed_persons,2023,14181.0,d
r-ivanauski,employed_persons,2024,14035.0,d
r-ivanauski,k_oblast_coverage_2019,2019,1.1786,m
r-ivanauski,avg_pension_oblast_byn,2025,877.45,d
r-ivanauski,min_minutes_to_minsk,2026,191.2,d
r-jelski,wage_byn,2010,85.2614,d
r-jelski,wage_byn,2011,137.5045,d
r-jelski,wage_byn,2012,280.2359,d
r-jelski,wage_byn,2013,377.8797,d
r-jelski,wage_byn,2014,459.4837,d
r-jelski,wage_byn,2015,500.1718,d
r-jelski,wage_byn,2016,498.8,d
r-jelski,wage_byn,2017,570.0,d
r-jelski,wage_byn,2018,685.9,d
r-jelski,wage_byn,2019,775.7,d
r-jelski,wage_byn,2020,891.6,d
r-jelski,wage_byn,2021,1010.2,d
r-jelski,wage_byn,2022,1133.5,d
r-jelski,wage_byn,2023,1310.1,d
r-jelski,wage_byn,2024,1620.0,d
r-jelski,wage_byn,2025,2005.2,d
r-jelski,employed_persons,2010,7622.0,d
r-jelski,employed_persons,2011,7558.0,d
r-jelski,employed_persons,2012,7326.0,d
r-jelski,employed_persons,2013,7189.0,d
r-jelski,employed_persons,2014,7133.0,d
r-jelski,employed_persons,2015,7000.0,d
r-jelski,employed_persons,2016,6854.0,d
r-jelski,employed_persons,2017,6704.0,d
r-jelski,employed_persons,2018,6630.0,d
r-jelski,employed_persons,2019,6466.0,d
r-jelski,employed_persons,2020,6316.0,d
r-jelski,employed_persons,2021,6207.0,d
r-jelski,employed_persons,2022,5946.0,d
r-jelski,employed_persons,2023,5494.0,d
r-jelski,employed_persons,2024,5308.0,d
r-jelski,k_oblast_coverage_2019,2019,1.1803,m
r-jelski,avg_pension_oblast_byn,2025,918.07,d
r-jelski,min_minutes_to_minsk,2026,231.4,d
r-kalinkavicki,wage_byn,2010,100.8073,d
r-kalinkavicki,wage_byn,2011,158.055,d
r-kalinkavicki,wage_byn,2012,321.4824,d
r-kalinkavicki,wage_byn,2013,444.3361,d
r-kalinkavicki,wage_byn,2014,528.1013,d
r-kalinkavicki,wage_byn,2015,568.1062,d
r-kalinkavicki,wage_byn,2016,582.4,d
r-kalinkavicki,wage_byn,2017,657.0,d
r-kalinkavicki,wage_byn,2018,746.3,d
r-kalinkavicki,wage_byn,2019,841.7,d
r-kalinkavicki,wage_byn,2020,968.4,d
r-kalinkavicki,wage_byn,2021,1123.9,d
r-kalinkavicki,wage_byn,2022,1259.5,d
r-kalinkavicki,wage_byn,2023,1468.6,d
r-kalinkavicki,wage_byn,2024,1785.7,d
r-kalinkavicki,wage_byn,2025,2147.4,d
r-kalinkavicki,employed_persons,2010,25712.0,d
r-kalinkavicki,employed_persons,2011,25722.0,d
r-kalinkavicki,employed_persons,2012,25310.0,d
r-kalinkavicki,employed_persons,2013,24913.0,d
r-kalinkavicki,employed_persons,2014,24465.0,d
r-kalinkavicki,employed_persons,2015,24056.0,d
r-kalinkavicki,employed_persons,2016,23387.8,d
r-kalinkavicki,employed_persons,2017,23270.0,d
r-kalinkavicki,employed_persons,2018,23157.0,d
r-kalinkavicki,employed_persons,2019,22769.0,d
r-kalinkavicki,employed_persons,2020,22609.0,d
r-kalinkavicki,employed_persons,2021,22160.0,d
r-kalinkavicki,employed_persons,2022,21589.0,d
r-kalinkavicki,employed_persons,2023,21165.0,d
r-kalinkavicki,employed_persons,2024,20905.0,d
r-kalinkavicki,k_oblast_coverage_2019,2019,1.1803,m
r-kalinkavicki,avg_pension_oblast_byn,2025,918.07,d
r-kalinkavicki,min_minutes_to_minsk,2026,197.0,d
r-kamianiecki,wage_byn,2010,98.7704,d
r-kamianiecki,wage_byn,2011,150.5158,d
r-kamianiecki,wage_byn,2012,312.0101,d
r-kamianiecki,wage_byn,2013,423.5082,d
r-kamianiecki,wage_byn,2014,528.6995,d
r-kamianiecki,wage_byn,2015,567.5846,d
r-kamianiecki,wage_byn,2016,613.0,d
r-kamianiecki,wage_byn,2017,702.4,d
r-kamianiecki,wage_byn,2018,811.5,d
r-kamianiecki,wage_byn,2019,924.7,d
r-kamianiecki,wage_byn,2020,1058.6,d
r-kamianiecki,wage_byn,2021,1192.4,d
r-kamianiecki,wage_byn,2022,1394.8,d
r-kamianiecki,wage_byn,2023,1667.9,d
r-kamianiecki,wage_byn,2024,1970.3,d
r-kamianiecki,wage_byn,2025,2399.3,d
r-kamianiecki,employed_persons,2010,16273.0,d
r-kamianiecki,employed_persons,2011,16040.0,d
r-kamianiecki,employed_persons,2012,15974.0,d
r-kamianiecki,employed_persons,2013,15565.0,d
r-kamianiecki,employed_persons,2014,15383.0,d
r-kamianiecki,employed_persons,2015,15517.0,d
r-kamianiecki,employed_persons,2016,15692.0,d
r-kamianiecki,employed_persons,2017,15452.0,d
r-kamianiecki,employed_persons,2018,15358.0,d
r-kamianiecki,employed_persons,2019,15032.0,d
r-kamianiecki,employed_persons,2020,15008.0,d
r-kamianiecki,employed_persons,2021,14629.0,d
r-kamianiecki,employed_persons,2022,14238.0,d
r-kamianiecki,employed_persons,2023,14027.0,d
r-kamianiecki,employed_persons,2024,13960.0,d
r-kamianiecki,k_oblast_coverage_2019,2019,1.1786,m
r-kamianiecki,avg_pension_oblast_byn,2025,877.45,d
r-kamianiecki,min_minutes_to_minsk,2026,215.5,d
r-kapylski,wage_byn,2010,88.396,d
r-kapylski,wage_byn,2011,138.3305,d
r-kapylski,wage_byn,2012,283.3224,d
r-kapylski,wage_byn,2013,400.5775,d
r-kapylski,wage_byn,2014,479.3289,d
r-kapylski,wage_byn,2015,516.6046,d
r-kapylski,wage_byn,2016,550.3,d
r-kapylski,wage_byn,2017,624.1,d
r-kapylski,wage_byn,2018,713.5,d
r-kapylski,wage_byn,2019,814.4,d
r-kapylski,wage_byn,2020,982.5,d
r-kapylski,wage_byn,2021,1140.6,d
r-kapylski,wage_byn,2022,1339.4,d
r-kapylski,wage_byn,2023,1600.7,d
r-kapylski,wage_byn,2024,1922.9,d
r-kapylski,wage_byn,2025,2308.1,d
r-kapylski,employed_persons,2010,14177.0,d
r-kapylski,employed_persons,2011,13905.0,d
r-kapylski,employed_persons,2012,14190.0,d
r-kapylski,employed_persons,2013,13963.0,d
r-kapylski,employed_persons,2014,13354.0,d
r-kapylski,employed_persons,2015,13303.0,d
r-kapylski,employed_persons,2016,12883.0,d
r-kapylski,employed_persons,2017,12406.0,d
r-kapylski,employed_persons,2018,12216.0,d
r-kapylski,employed_persons,2019,11842.0,d
r-kapylski,employed_persons,2020,11790.0,d
r-kapylski,employed_persons,2021,11740.0,d
r-kapylski,employed_persons,2022,11516.0,d
r-kapylski,employed_persons,2023,11503.0,d
r-kapylski,employed_persons,2024,11438.0,d
r-kapylski,k_oblast_coverage_2019,2019,1.1262,m
r-kapylski,avg_pension_oblast_byn,2025,914.4,d
r-kapylski,min_minutes_to_minsk,2026,82.6,d
r-karelicki,wage_byn,2010,88.7398,d
r-karelicki,wage_byn,2011,138.2394,d
r-karelicki,wage_byn,2012,266.4982,d
r-karelicki,wage_byn,2013,385.8423,d
r-karelicki,wage_byn,2014,455.6818,d
r-karelicki,wage_byn,2015,509.6715,d
r-karelicki,wage_byn,2016,523.1,d
r-karelicki,wage_byn,2017,601.1,d
r-karelicki,wage_byn,2018,696.2,d
r-karelicki,wage_byn,2019,786.4,d
r-karelicki,wage_byn,2020,909.4,d
r-karelicki,wage_byn,2021,1017.7,d
r-karelicki,wage_byn,2022,1213.8,d
r-karelicki,wage_byn,2023,1487.9,d
r-karelicki,wage_byn,2024,1769.8,d
r-karelicki,wage_byn,2025,2097.6,d
r-karelicki,employed_persons,2010,10323.0,d
r-karelicki,employed_persons,2011,10212.0,d
r-karelicki,employed_persons,2012,10043.0,d
r-karelicki,employed_persons,2013,9845.0,d
r-karelicki,employed_persons,2014,9467.0,d
r-karelicki,employed_persons,2015,9344.0,d
r-karelicki,employed_persons,2016,9073.0,d
r-karelicki,employed_persons,2017,8903.0,d
r-karelicki,employed_persons,2018,8642.0,d
r-karelicki,employed_persons,2019,8418.0,d
r-karelicki,employed_persons,2020,8344.0,d
r-karelicki,employed_persons,2021,8159.0,d
r-karelicki,employed_persons,2022,7997.0,d
r-karelicki,employed_persons,2023,7784.0,d
r-karelicki,employed_persons,2024,7671.0,d
r-karelicki,k_oblast_coverage_2019,2019,1.1456,m
r-karelicki,avg_pension_oblast_byn,2025,905.8,d
r-karelicki,min_minutes_to_minsk,2026,84.2,d
r-karmianski,wage_byn,2010,79.9489,d
r-karmianski,wage_byn,2011,127.0105,d
r-karmianski,wage_byn,2012,260.1452,d
r-karmianski,wage_byn,2013,361.3043,d
r-karmianski,wage_byn,2014,429.1854,d
r-karmianski,wage_byn,2015,489.8848,d
r-karmianski,wage_byn,2016,475.9,d
r-karmianski,wage_byn,2017,542.2,d
r-karmianski,wage_byn,2018,658.6,d
r-karmianski,wage_byn,2019,710.2,d
r-karmianski,wage_byn,2020,793.1,d
r-karmianski,wage_byn,2021,890.1,d
r-karmianski,wage_byn,2022,1021.5,d
r-karmianski,wage_byn,2023,1229.8,d
r-karmianski,wage_byn,2024,1534.1,d
r-karmianski,wage_byn,2025,1842.6,d
r-karmianski,employed_persons,2010,6334.0,d
r-karmianski,employed_persons,2011,6279.0,d
r-karmianski,employed_persons,2012,5995.0,d
r-karmianski,employed_persons,2013,5587.0,d
r-karmianski,employed_persons,2014,5570.0,d
r-karmianski,employed_persons,2015,5367.0,d
r-karmianski,employed_persons,2016,5222.0,d
r-karmianski,employed_persons,2017,5233.0,d
r-karmianski,employed_persons,2018,5168.0,d
r-karmianski,employed_persons,2019,5152.0,d
r-karmianski,employed_persons,2020,5122.0,d
r-karmianski,employed_persons,2021,5062.0,d
r-karmianski,employed_persons,2022,4994.0,d
r-karmianski,employed_persons,2023,4886.0,d
r-karmianski,employed_persons,2024,4740.0,d
r-karmianski,k_oblast_coverage_2019,2019,1.1803,m
r-karmianski,avg_pension_oblast_byn,2025,918.07,d
r-karmianski,min_minutes_to_minsk,2026,189.3,d
r-kasciukovicki,wage_byn,2010,106.832,d
r-kasciukovicki,wage_byn,2011,167.9566,d
r-kasciukovicki,wage_byn,2012,355.2799,d
r-kasciukovicki,wage_byn,2013,486.2248,d
r-kasciukovicki,wage_byn,2014,541.1942,d
r-kasciukovicki,wage_byn,2015,573.6272,d
r-kasciukovicki,wage_byn,2016,614.5,d
r-kasciukovicki,wage_byn,2017,694.7,d
r-kasciukovicki,wage_byn,2018,771.7,d
r-kasciukovicki,wage_byn,2019,869.7,d
r-kasciukovicki,wage_byn,2020,976.5,d
r-kasciukovicki,wage_byn,2021,1125.1,d
r-kasciukovicki,wage_byn,2022,1256.6,d
r-kasciukovicki,wage_byn,2023,1514.5,d
r-kasciukovicki,wage_byn,2024,1820.7,d
r-kasciukovicki,wage_byn,2025,2187.2,d
r-kasciukovicki,employed_persons,2010,10609.0,d
r-kasciukovicki,employed_persons,2011,10535.0,d
r-kasciukovicki,employed_persons,2012,10454.0,d
r-kasciukovicki,employed_persons,2013,10372.0,d
r-kasciukovicki,employed_persons,2014,9973.0,d
r-kasciukovicki,employed_persons,2015,9984.0,d
r-kasciukovicki,employed_persons,2016,9764.0,d
r-kasciukovicki,employed_persons,2017,9461.0,d
r-kasciukovicki,employed_persons,2018,9259.0,d
r-kasciukovicki,employed_persons,2019,9264.0,d
r-kasciukovicki,employed_persons,2020,9258.0,d
r-kasciukovicki,employed_persons,2021,9064.0,d
r-kasciukovicki,employed_persons,2022,9065.0,d
r-kasciukovicki,employed_persons,2023,8872.0,d
r-kasciukovicki,employed_persons,2024,8668.0,d
r-kasciukovicki,k_oblast_coverage_2019,2019,1.181,m
r-kasciukovicki,avg_pension_oblast_byn,2025,904.51,d
r-kasciukovicki,min_minutes_to_minsk,2026,249.3,d
r-kirauski,wage_byn,2010,89.426,d
r-kirauski,wage_byn,2011,142.2243,d
r-kirauski,wage_byn,2012,279.222,d
r-kirauski,wage_byn,2013,393.9574,d
r-kirauski,wage_byn,2014,474.9986,d
r-kirauski,wage_byn,2015,502.8042,d
r-kirauski,wage_byn,2016,516.2,d
r-kirauski,wage_byn,2017,608.2,d
r-kirauski,wage_byn,2018,672.7,d
r-kirauski,wage_byn,2019,771.4,d
r-kirauski,wage_byn,2020,910.1,d
r-kirauski,wage_byn,2021,1011.0,d
r-kirauski,wage_byn,2022,1157.3,d
r-kirauski,wage_byn,2023,1393.3,d
r-kirauski,wage_byn,2024,1652.5,d
r-kirauski,wage_byn,2025,2018.8,d
r-kirauski,employed_persons,2010,8660.0,d
r-kirauski,employed_persons,2011,8417.0,d
r-kirauski,employed_persons,2012,8093.0,d
r-kirauski,employed_persons,2013,7860.0,d
r-kirauski,employed_persons,2014,7719.0,d
r-kirauski,employed_persons,2015,7718.0,d
r-kirauski,employed_persons,2016,7459.0,d
r-kirauski,employed_persons,2017,7292.0,d
r-kirauski,employed_persons,2018,7204.0,d
r-kirauski,employed_persons,2019,7161.0,d
r-kirauski,employed_persons,2020,7139.0,d
r-kirauski,employed_persons,2021,7093.0,d
r-kirauski,employed_persons,2022,7087.0,d
r-kirauski,employed_persons,2023,7046.0,d
r-kirauski,employed_persons,2024,6953.0,d
r-kirauski,k_oblast_coverage_2019,2019,1.181,m
r-kirauski,avg_pension_oblast_byn,2025,904.51,d
r-kirauski,min_minutes_to_minsk,2026,115.7,d
r-klecki,wage_byn,2010,90.1649,d
r-klecki,wage_byn,2011,141.5544,d
r-klecki,wage_byn,2012,288.7028,d
r-klecki,wage_byn,2013,417.5413,d
r-klecki,wage_byn,2014,490.5791,d
r-klecki,wage_byn,2015,520.8676,d
r-klecki,wage_byn,2016,556.5,d
r-klecki,wage_byn,2017,650.7,d
r-klecki,wage_byn,2018,755.4,d
r-klecki,wage_byn,2019,848.4,d
r-klecki,wage_byn,2020,994.7,d
r-klecki,wage_byn,2021,1136.0,d
r-klecki,wage_byn,2022,1300.6,d
r-klecki,wage_byn,2023,1530.6,d
r-klecki,wage_byn,2024,1870.2,d
r-klecki,wage_byn,2025,2198.7,d
r-klecki,employed_persons,2010,14621.0,d
r-klecki,employed_persons,2011,14233.0,d
r-klecki,employed_persons,2012,14176.0,d
r-klecki,employed_persons,2013,13653.0,d
r-klecki,employed_persons,2014,13470.0,d
r-klecki,employed_persons,2015,13281.0,d
r-klecki,employed_persons,2016,12928.0,d
r-klecki,employed_persons,2017,12305.0,d
r-klecki,employed_persons,2018,12267.0,d
r-klecki,employed_persons,2019,12000.0,d
r-klecki,employed_persons,2020,11728.0,d
r-klecki,employed_persons,2021,11494.0,d
r-klecki,employed_persons,2022,11326.0,d
r-klecki,employed_persons,2023,10993.0,d
r-klecki,employed_persons,2024,10835.0,d
r-klecki,k_oblast_coverage_2019,2019,1.1262,m
r-klecki,avg_pension_oblast_byn,2025,914.4,d
r-klecki,min_minutes_to_minsk,2026,93.1,d
r-klichauski,wage_byn,2010,90.7164,d
r-klichauski,wage_byn,2011,142.793,d
r-klichauski,wage_byn,2012,277.0243,d
r-klichauski,wage_byn,2013,389.3668,d
r-klichauski,wage_byn,2014,481.6459,d
r-klichauski,wage_byn,2015,517.9916,d
r-klichauski,wage_byn,2016,539.4,d
r-klichauski,wage_byn,2017,616.2,d
r-klichauski,wage_byn,2018,691.6,d
r-klichauski,wage_byn,2019,767.9,d
r-klichauski,wage_byn,2020,867.8,d
r-klichauski,wage_byn,2021,993.3,d
r-klichauski,wage_byn,2022,1145.3,d
r-klichauski,wage_byn,2023,1344.8,d
r-klichauski,wage_byn,2024,1647.9,d
r-klichauski,wage_byn,2025,2060.0,d
r-klichauski,employed_persons,2010,7031.0,d
r-klichauski,employed_persons,2011,6858.0,d
r-klichauski,employed_persons,2012,6621.0,d
r-klichauski,employed_persons,2013,6510.0,d
r-klichauski,employed_persons,2014,6369.0,d
r-klichauski,employed_persons,2015,6244.0,d
r-klichauski,employed_persons,2016,6124.0,d
r-klichauski,employed_persons,2017,6003.0,d
r-klichauski,employed_persons,2018,5825.0,d
r-klichauski,employed_persons,2019,5808.0,d
r-klichauski,employed_persons,2020,5659.0,d
r-klichauski,employed_persons,2021,5578.0,d
r-klichauski,employed_persons,2022,5439.0,d
r-klichauski,employed_persons,2023,5266.0,d
r-klichauski,employed_persons,2024,5036.0,d
r-klichauski,k_oblast_coverage_2019,2019,1.181,m
r-klichauski,avg_pension_oblast_byn,2025,904.51,d
r-klichauski,min_minutes_to_minsk,2026,112.1,d
r-klimavicki,wage_byn,2010,98.5653,d
r-klimavicki,wage_byn,2011,151.3328,d
r-klimavicki,wage_byn,2012,294.4117,d
r-klimavicki,wage_byn,2013,396.7176,d
r-klimavicki,wage_byn,2014,461.8139,d
r-klimavicki,wage_byn,2015,512.1958,d
r-klimavicki,wage_byn,2016,548.2,d
r-klimavicki,wage_byn,2017,623.9,d
r-klimavicki,wage_byn,2018,693.6,d
r-klimavicki,wage_byn,2019,765.5,d
r-klimavicki,wage_byn,2020,857.3,d
r-klimavicki,wage_byn,2021,994.7,d
r-klimavicki,wage_byn,2022,1122.3,d
r-klimavicki,wage_byn,2023,1313.1,d
r-klimavicki,wage_byn,2024,1594.1,d
r-klimavicki,wage_byn,2025,1953.3,d
r-klimavicki,employed_persons,2010,11955.0,d
r-klimavicki,employed_persons,2011,11659.0,d
r-klimavicki,employed_persons,2012,11223.0,d
r-klimavicki,employed_persons,2013,11090.0,d
r-klimavicki,employed_persons,2014,11120.0,d
r-klimavicki,employed_persons,2015,10733.0,d
r-klimavicki,employed_persons,2016,10279.0,d
r-klimavicki,employed_persons,2017,9833.0,d
r-klimavicki,employed_persons,2018,9696.0,d
r-klimavicki,employed_persons,2019,9505.0,d
r-klimavicki,employed_persons,2020,9281.0,d
r-klimavicki,employed_persons,2021,9049.0,d
r-klimavicki,employed_persons,2022,8815.0,d
r-klimavicki,employed_persons,2023,8463.0,d
r-klimavicki,employed_persons,2024,8143.0,d
r-klimavicki,k_oblast_coverage_2019,2019,1.181,m
r-klimavicki,avg_pension_oblast_byn,2025,904.51,d
r-klimavicki,min_minutes_to_minsk,2026,243.8,d
r-kobrynski,wage_byn,2010,98.7101,d
r-kobrynski,wage_byn,2011,151.3017,d
r-kobrynski,wage_byn,2012,294.8528,d
r-kobrynski,wage_byn,2013,423.0675,d
r-kobrynski,wage_byn,2014,512.3709,d
r-kobrynski,wage_byn,2015,547.0231,d
r-kobrynski,wage_byn,2016,596.0,d
r-kobrynski,wage_byn,2017,682.1,d
r-kobrynski,wage_byn,2018,777.8,d
r-kobrynski,wage_byn,2019,873.2,d
r-kobrynski,wage_byn,2020,1021.9,d
r-kobrynski,wage_byn,2021,1159.9,d
r-kobrynski,wage_byn,2022,1350.8,d
r-kobrynski,wage_byn,2023,1612.7,d
r-kobrynski,wage_byn,2024,1884.9,d
r-kobrynski,wage_byn,2025,2285.7,d
r-kobrynski,employed_persons,2010,38554.0,d
r-kobrynski,employed_persons,2011,38316.0,d
r-kobrynski,employed_persons,2012,37361.0,d
r-kobrynski,employed_persons,2013,36574.0,d
r-kobrynski,employed_persons,2014,35854.0,d
r-kobrynski,employed_persons,2015,35517.0,d
r-kobrynski,employed_persons,2016,34925.0,d
r-kobrynski,employed_persons,2017,34442.0,d
r-kobrynski,employed_persons,2018,34267.0,d
r-kobrynski,employed_persons,2019,33511.0,d
r-kobrynski,employed_persons,2020,33449.0,d
r-kobrynski,employed_persons,2021,33388.0,d
r-kobrynski,employed_persons,2022,33481.0,d
r-kobrynski,employed_persons,2023,33314.0,d
r-kobrynski,employed_persons,2024,33308.0,d
r-kobrynski,k_oblast_coverage_2019,2019,1.1786,m
r-kobrynski,avg_pension_oblast_byn,2025,877.45,d
r-kobrynski,min_minutes_to_minsk,2026,176.6,d
r-krasnapolski,wage_byn,2010,88.1169,d
r-krasnapolski,wage_byn,2011,136.6836,d
r-krasnapolski,wage_byn,2012,261.0729,d
r-krasnapolski,wage_byn,2013,352.2939,d
r-krasnapolski,wage_byn,2014,438.3721,d
r-krasnapolski,wage_byn,2015,489.2868,d
r-krasnapolski,wage_byn,2016,515.6,d
r-krasnapolski,wage_byn,2017,584.0,d
r-krasnapolski,wage_byn,2018,691.6,d
r-krasnapolski,wage_byn,2019,755.3,d
r-krasnapolski,wage_byn,2020,858.1,d
r-krasnapolski,wage_byn,2021,955.8,d
r-krasnapolski,wage_byn,2022,1096.0,d
r-krasnapolski,wage_byn,2023,1309.0,d
r-krasnapolski,wage_byn,2024,1543.6,d
r-krasnapolski,wage_byn,2025,1844.8,d
r-krasnapolski,employed_persons,2010,4189.0,d
r-krasnapolski,employed_persons,2011,4010.0,d
r-krasnapolski,employed_persons,2012,3913.0,d
r-krasnapolski,employed_persons,2013,3748.0,d
r-krasnapolski,employed_persons,2014,3600.0,d
r-krasnapolski,employed_persons,2015,3580.0,d
r-krasnapolski,employed_persons,2016,3580.0,d
r-krasnapolski,employed_persons,2017,3529.0,d
r-krasnapolski,employed_persons,2018,3495.0,d
r-krasnapolski,employed_persons,2019,3506.0,d
r-krasnapolski,employed_persons,2020,3448.0,d
r-krasnapolski,employed_persons,2021,3354.0,d
r-krasnapolski,employed_persons,2022,3208.0,d
r-krasnapolski,employed_persons,2023,3053.0,d
r-krasnapolski,employed_persons,2024,2944.0,d
r-krasnapolski,k_oblast_coverage_2019,2019,1.181,m
r-krasnapolski,avg_pension_oblast_byn,2025,904.51,d
r-krasnapolski,min_minutes_to_minsk,2026,224.5,d
r-kruhlanski,wage_byn,2010,116.8077,d
r-kruhlanski,wage_byn,2011,170.9094,d
r-kruhlanski,wage_byn,2012,317.3044,d
r-kruhlanski,wage_byn,2013,421.9107,d
r-kruhlanski,wage_byn,2014,505.1838,d
r-kruhlanski,wage_byn,2015,547.3238,d
r-kruhlanski,wage_byn,2016,568.4,d
r-kruhlanski,wage_byn,2017,652.7,d
r-kruhlanski,wage_byn,2018,704.0,d
r-kruhlanski,wage_byn,2019,720.9,d
r-kruhlanski,wage_byn,2020,834.0,d
r-kruhlanski,wage_byn,2021,943.0,d
r-kruhlanski,wage_byn,2022,1089.5,d
r-kruhlanski,wage_byn,2023,1313.0,d
r-kruhlanski,wage_byn,2024,1619.7,d
r-kruhlanski,wage_byn,2025,1940.3,d
r-kruhlanski,employed_persons,2010,7277.0,d
r-kruhlanski,employed_persons,2011,7239.0,d
r-kruhlanski,employed_persons,2012,6970.0,d
r-kruhlanski,employed_persons,2013,6507.0,d
r-kruhlanski,employed_persons,2014,6035.0,d
r-kruhlanski,employed_persons,2015,5958.0,d
r-kruhlanski,employed_persons,2016,5765.0,d
r-kruhlanski,employed_persons,2017,5452.0,d
r-kruhlanski,employed_persons,2018,5377.0,d
r-kruhlanski,employed_persons,2019,5261.0,d
r-kruhlanski,employed_persons,2020,5014.0,d
r-kruhlanski,employed_persons,2021,4845.0,d
r-kruhlanski,employed_persons,2022,4773.0,d
r-kruhlanski,employed_persons,2023,4675.0,d
r-kruhlanski,employed_persons,2024,4567.0,d
r-kruhlanski,k_oblast_coverage_2019,2019,1.181,m
r-kruhlanski,avg_pension_oblast_byn,2025,904.51,d
r-kruhlanski,min_minutes_to_minsk,2026,120.8,d
r-krupski,wage_byn,2010,97.2264,d
r-krupski,wage_byn,2011,153.5486,d
r-krupski,wage_byn,2012,304.1756,d
r-krupski,wage_byn,2013,398.2237,d
r-krupski,wage_byn,2014,475.7014,d
r-krupski,wage_byn,2015,548.2646,d
r-krupski,wage_byn,2016,535.2,d
r-krupski,wage_byn,2017,631.3,d
r-krupski,wage_byn,2018,773.3,d
r-krupski,wage_byn,2019,851.2,d
r-krupski,wage_byn,2020,1014.3,d
r-krupski,wage_byn,2021,1158.8,d
r-krupski,wage_byn,2022,1359.6,d
r-krupski,wage_byn,2023,1601.8,d
r-krupski,wage_byn,2024,1892.7,d
r-krupski,wage_byn,2025,2240.4,d
r-krupski,employed_persons,2010,11991.0,d
r-krupski,employed_persons,2011,11836.0,d
r-krupski,employed_persons,2012,11828.0,d
r-krupski,employed_persons,2013,11370.0,d
r-krupski,employed_persons,2014,11213.0,d
r-krupski,employed_persons,2015,11189.0,d
r-krupski,employed_persons,2016,10942.0,d
r-krupski,employed_persons,2017,10837.0,d
r-krupski,employed_persons,2018,10355.0,d
r-krupski,employed_persons,2019,9811.0,d
r-krupski,employed_persons,2020,9514.0,d
r-krupski,employed_persons,2021,9258.0,d
r-krupski,employed_persons,2022,9045.0,d
r-krupski,employed_persons,2023,8676.0,d
r-krupski,employed_persons,2024,8498.0,d
r-krupski,k_oblast_coverage_2019,2019,1.1262,m
r-krupski,avg_pension_oblast_byn,2025,914.4,d
r-krupski,min_minutes_to_minsk,2026,79.7,d
r-krychauski,wage_byn,2010,106.0881,d
r-krychauski,wage_byn,2011,163.821,d
r-krychauski,wage_byn,2012,336.8106,d
r-krychauski,wage_byn,2013,445.7631,d
r-krychauski,wage_byn,2014,505.5399,d
r-krychauski,wage_byn,2015,550.867,d
r-krychauski,wage_byn,2016,577.1,d
r-krychauski,wage_byn,2017,635.0,d
r-krychauski,wage_byn,2018,750.4,d
r-krychauski,wage_byn,2019,832.9,d
r-krychauski,wage_byn,2020,934.3,d
r-krychauski,wage_byn,2021,1063.1,d
r-krychauski,wage_byn,2022,1224.7,d
r-krychauski,wage_byn,2023,1501.9,d
r-krychauski,wage_byn,2024,1793.1,d
r-krychauski,wage_byn,2025,2123.2,d
r-krychauski,employed_persons,2010,14575.0,d
r-krychauski,employed_persons,2011,14203.0,d
r-krychauski,employed_persons,2012,13984.0,d
r-krychauski,employed_persons,2013,14168.0,d
r-krychauski,employed_persons,2014,13943.0,d
r-krychauski,employed_persons,2015,13409.0,d
r-krychauski,employed_persons,2016,12472.0,d
r-krychauski,employed_persons,2017,12223.0,d
r-krychauski,employed_persons,2018,12171.0,d
r-krychauski,employed_persons,2019,12116.0,d
r-krychauski,employed_persons,2020,11832.0,d
r-krychauski,employed_persons,2021,11564.0,d
r-krychauski,employed_persons,2022,11372.0,d
r-krychauski,employed_persons,2023,10986.0,d
r-krychauski,employed_persons,2024,10782.0,d
r-krychauski,k_oblast_coverage_2019,2019,1.181,m
r-krychauski,avg_pension_oblast_byn,2025,904.51,d
r-krychauski,min_minutes_to_minsk,2026,223.3,d
r-lachavicki,wage_byn,2010,94.4503,d
r-lachavicki,wage_byn,2011,148.1666,d
r-lachavicki,wage_byn,2012,285.892,d
r-lachavicki,wage_byn,2013,397.6354,d
r-lachavicki,wage_byn,2014,498.3169,d
r-lachavicki,wage_byn,2015,531.3619,d
r-lachavicki,wage_byn,2016,583.7,d
r-lachavicki,wage_byn,2017,659.6,d
r-lachavicki,wage_byn,2018,733.7,d
r-lachavicki,wage_byn,2019,838.3,d
r-lachavicki,wage_byn,2020,975.3,d
r-lachavicki,wage_byn,2021,1091.5,d
r-lachavicki,wage_byn,2022,1250.1,d
r-lachavicki,wage_byn,2023,1473.7,d
r-lachavicki,wage_byn,2024,1776.0,d
r-lachavicki,wage_byn,2025,2128.7,d
r-lachavicki,employed_persons,2010,12214.0,d
r-lachavicki,employed_persons,2011,11973.0,d
r-lachavicki,employed_persons,2012,11641.0,d
r-lachavicki,employed_persons,2013,11300.0,d
r-lachavicki,employed_persons,2014,10891.0,d
r-lachavicki,employed_persons,2015,10800.0,d
r-lachavicki,employed_persons,2016,10764.0,d
r-lachavicki,employed_persons,2017,10555.0,d
r-lachavicki,employed_persons,2018,10465.0,d
r-lachavicki,employed_persons,2019,9989.0,d
r-lachavicki,employed_persons,2020,9970.0,d
r-lachavicki,employed_persons,2021,9816.0,d
r-lachavicki,employed_persons,2022,9615.0,d
r-lachavicki,employed_persons,2023,9440.0,d
r-lachavicki,employed_persons,2024,9360.0,d
r-lachavicki,k_oblast_coverage_2019,2019,1.1786,m
r-lachavicki,avg_pension_oblast_byn,2025,877.45,d
r-lachavicki,min_minutes_to_minsk,2026,100.1,d
r-lahojski,wage_byn,2010,103.4274,d
r-lahojski,wage_byn,2011,167.2054,d
r-lahojski,wage_byn,2012,321.364,d
r-lahojski,wage_byn,2013,447.8791,d
r-lahojski,wage_byn,2014,561.7037,d
r-lahojski,wage_byn,2015,625.9667,d
r-lahojski,wage_byn,2016,676.4,d
r-lahojski,wage_byn,2017,794.6,d
r-lahojski,wage_byn,2018,890.8,d
r-lahojski,wage_byn,2019,975.4,d
r-lahojski,wage_byn,2020,1146.3,d
r-lahojski,wage_byn,2021,1310.6,d
r-lahojski,wage_byn,2022,1496.8,d
r-lahojski,wage_byn,2023,1800.0,d
r-lahojski,wage_byn,2024,2190.6,d
r-lahojski,wage_byn,2025,2579.7,d
r-lahojski,employed_persons,2010,15126.0,d
r-lahojski,employed_persons,2011,15193.0,d
r-lahojski,employed_persons,2012,15199.0,d
r-lahojski,employed_persons,2013,15500.0,d
r-lahojski,employed_persons,2014,15519.0,d
r-lahojski,employed_persons,2015,15688.0,d
r-lahojski,employed_persons,2016,15909.0,d
r-lahojski,employed_persons,2017,15701.0,d
r-lahojski,employed_persons,2018,15732.0,d
r-lahojski,employed_persons,2019,15235.0,d
r-lahojski,employed_persons,2020,15032.0,d
r-lahojski,employed_persons,2021,15122.0,d
r-lahojski,employed_persons,2022,14827.0,d
r-lahojski,employed_persons,2023,14509.0,d
r-lahojski,employed_persons,2024,14330.0,d
r-lahojski,k_oblast_coverage_2019,2019,1.1262,m
r-lahojski,avg_pension_oblast_byn,2025,914.4,d
r-lahojski,min_minutes_to_minsk,2026,28.5,d
r-lelchycki,wage_byn,2010,90.0681,d
r-lelchycki,wage_byn,2011,140.7467,d
r-lelchycki,wage_byn,2012,288.289,d
r-lelchycki,wage_byn,2013,396.0257,d
r-lelchycki,wage_byn,2014,480.4708,d
r-lelchycki,wage_byn,2015,514.5428,d
r-lelchycki,wage_byn,2016,498.6,d
r-lelchycki,wage_byn,2017,574.4,d
r-lelchycki,wage_byn,2018,685.5,d
r-lelchycki,wage_byn,2019,770.5,d
r-lelchycki,wage_byn,2020,874.7,d
r-lelchycki,wage_byn,2021,983.7,d
r-lelchycki,wage_byn,2022,1103.6,d
r-lelchycki,wage_byn,2023,1289.4,d
r-lelchycki,wage_byn,2024,1568.1,d
r-lelchycki,wage_byn,2025,1905.6,d
r-lelchycki,employed_persons,2010,11293.0,d
r-lelchycki,employed_persons,2011,11021.0,d
r-lelchycki,employed_persons,2012,10715.0,d
r-lelchycki,employed_persons,2013,10366.0,d
r-lelchycki,employed_persons,2014,10369.0,d
r-lelchycki,employed_persons,2015,10068.0,d
r-lelchycki,employed_persons,2016,9654.4,d
r-lelchycki,employed_persons,2017,9585.0,d
r-lelchycki,employed_persons,2018,9434.0,d
r-lelchycki,employed_persons,2019,9324.0,d
r-lelchycki,employed_persons,2020,9245.0,d
r-lelchycki,employed_persons,2021,9175.0,d
r-lelchycki,employed_persons,2022,8964.0,d
r-lelchycki,employed_persons,2023,8808.0,d
r-lelchycki,employed_persons,2024,8476.0,d
r-lelchycki,k_oblast_coverage_2019,2019,1.1803,m
r-lelchycki,avg_pension_oblast_byn,2025,918.07,d
r-lelchycki,min_minutes_to_minsk,2026,222.1,d
r-lepielski,wage_byn,2010,99.0348,d
r-lepielski,wage_byn,2011,159.3729,d
r-lepielski,wage_byn,2012,301.0972,d
r-lepielski,wage_byn,2013,378.4061,d
r-lepielski,wage_byn,2014,438.178,d
r-lepielski,wage_byn,2015,547.8643,d
r-lepielski,wage_byn,2016,481.8,d
r-lepielski,wage_byn,2017,544.2,d
r-lepielski,wage_byn,2018,762.0,d
r-lepielski,wage_byn,2019,843.4,d
r-lepielski,wage_byn,2020,958.0,d
r-lepielski,wage_byn,2021,1105.3,d
r-lepielski,wage_byn,2022,1249.1,d
r-lepielski,wage_byn,2023,1517.3,d
r-lepielski,wage_byn,2024,1814.6,d
r-lepielski,wage_byn,2025,2151.4,d
r-lepielski,employed_persons,2010,15417.0,d
r-lepielski,employed_persons,2011,15346.0,d
r-lepielski,employed_persons,2012,14916.0,d
r-lepielski,employed_persons,2013,14617.0,d
r-lepielski,employed_persons,2014,14633.0,d
r-lepielski,employed_persons,2015,14503.0,d
r-lepielski,employed_persons,2016,14055.0,d
r-lepielski,employed_persons,2017,13648.0,d
r-lepielski,employed_persons,2018,13517.0,d
r-lepielski,employed_persons,2019,13300.0,d
r-lepielski,employed_persons,2020,13263.0,d
r-lepielski,employed_persons,2021,13114.0,d
r-lepielski,employed_persons,2022,13057.0,d
r-lepielski,employed_persons,2023,12981.0,d
r-lepielski,employed_persons,2024,12837.0,d
r-lepielski,k_oblast_coverage_2019,2019,1.1295,m
r-lepielski,avg_pension_oblast_byn,2025,907.08,d
r-lepielski,min_minutes_to_minsk,2026,107.4,d
r-lidski,wage_byn,2010,107.0964,d
r-lidski,wage_byn,2011,159.329,d
r-lidski,wage_byn,2012,308.8351,d
r-lidski,wage_byn,2013,438.816,d
r-lidski,wage_byn,2014,517.1943,d
r-lidski,wage_byn,2015,553.2617,d
r-lidski,wage_byn,2016,575.1,d
r-lidski,wage_byn,2017,660.2,d
r-lidski,wage_byn,2018,777.8,d
r-lidski,wage_byn,2019,861.8,d
r-lidski,wage_byn,2020,992.5,d
r-lidski,wage_byn,2021,1122.6,d
r-lidski,wage_byn,2022,1307.8,d
r-lidski,wage_byn,2023,1591.6,d
r-lidski,wage_byn,2024,1900.1,d
r-lidski,wage_byn,2025,2267.4,d
r-lidski,employed_persons,2010,66120.0,d
r-lidski,employed_persons,2011,65821.0,d
r-lidski,employed_persons,2012,64102.0,d
r-lidski,employed_persons,2013,63628.0,d
r-lidski,employed_persons,2014,62266.0,d
r-lidski,employed_persons,2015,60676.0,d
r-lidski,employed_persons,2016,58865.0,d
r-lidski,employed_persons,2017,57352.0,d
r-lidski,employed_persons,2018,56409.0,d
r-lidski,employed_persons,2019,55915.0,d
r-lidski,employed_persons,2020,55602.0,d
r-lidski,employed_persons,2021,55258.0,d
r-lidski,employed_persons,2022,54074.0,d
r-lidski,employed_persons,2023,53845.0,d
r-lidski,employed_persons,2024,53708.0,d
r-lidski,k_oblast_coverage_2019,2019,1.1456,m
r-lidski,avg_pension_oblast_byn,2025,905.8,d
r-lidski,min_minutes_to_minsk,2026,114.7,d
r-lojeuski,wage_byn,2010,82.9582,d
r-lojeuski,wage_byn,2011,128.1282,d
r-lojeuski,wage_byn,2012,259.2357,d
r-lojeuski,wage_byn,2013,357.873,d
r-lojeuski,wage_byn,2014,419.8802,d
r-lojeuski,wage_byn,2015,459.5001,d
r-lojeuski,wage_byn,2016,468.2,d
r-lojeuski,wage_byn,2017,545.1,d
r-lojeuski,wage_byn,2018,663.9,d
r-lojeuski,wage_byn,2019,769.7,d
r-lojeuski,wage_byn,2020,893.2,d
r-lojeuski,wage_byn,2021,1015.0,d
r-lojeuski,wage_byn,2022,1142.3,d
r-lojeuski,wage_byn,2023,1335.5,d
r-lojeuski,wage_byn,2024,1608.1,d
r-lojeuski,wage_byn,2025,1948.2,d
r-lojeuski,employed_persons,2010,5597.0,d
r-lojeuski,employed_persons,2011,5516.0,d
r-lojeuski,employed_persons,2012,5303.0,d
r-lojeuski,employed_persons,2013,5021.0,d
r-lojeuski,employed_persons,2014,4965.0,d
r-lojeuski,employed_persons,2015,4842.0,d
r-lojeuski,employed_persons,2016,4729.3,d
r-lojeuski,employed_persons,2017,4482.0,d
r-lojeuski,employed_persons,2018,4345.0,d
r-lojeuski,employed_persons,2019,4288.0,d
r-lojeuski,employed_persons,2020,4369.0,d
r-lojeuski,employed_persons,2021,4283.0,d
r-lojeuski,employed_persons,2022,4160.0,d
r-lojeuski,employed_persons,2023,4001.0,d
r-lojeuski,employed_persons,2024,3814.0,d
r-lojeuski,k_oblast_coverage_2019,2019,1.1803,m
r-lojeuski,avg_pension_oblast_byn,2025,918.07,d
r-lojeuski,min_minutes_to_minsk,2026,249.0,d
r-loznienski,wage_byn,2010,96.2783,d
r-loznienski,wage_byn,2011,148.7202,d
r-loznienski,wage_byn,2012,278.6513,d
r-loznienski,wage_byn,2013,366.6924,d
r-loznienski,wage_byn,2014,439.404,d
r-loznienski,wage_byn,2015,480.5664,d
r-loznienski,wage_byn,2016,490.7,d
r-loznienski,wage_byn,2017,557.8,d
r-loznienski,wage_byn,2018,647.5,d
r-loznienski,wage_byn,2019,738.9,d
r-loznienski,wage_byn,2020,871.7,d
r-loznienski,wage_byn,2021,985.5,d
r-loznienski,wage_byn,2022,1131.6,d
r-loznienski,wage_byn,2023,1320.6,d
r-loznienski,wage_byn,2024,1634.4,d
r-loznienski,wage_byn,2025,1987.8,d
r-loznienski,employed_persons,2010,7435.0,d
r-loznienski,employed_persons,2011,7263.0,d
r-loznienski,employed_persons,2012,6965.0,d
r-loznienski,employed_persons,2013,6900.0,d
r-loznienski,employed_persons,2014,6603.0,d
r-loznienski,employed_persons,2015,6539.0,d
r-loznienski,employed_persons,2016,6354.0,d
r-loznienski,employed_persons,2017,6120.0,d
r-loznienski,employed_persons,2018,5932.0,d
r-loznienski,employed_persons,2019,5745.0,d
r-loznienski,employed_persons,2020,5600.0,d
r-loznienski,employed_persons,2021,5482.0,d
r-loznienski,employed_persons,2022,5313.0,d
r-loznienski,employed_persons,2023,5302.0,d
r-loznienski,employed_persons,2024,5082.0,d
r-loznienski,k_oblast_coverage_2019,2019,1.1295,m
r-loznienski,avg_pension_oblast_byn,2025,907.08,d
r-loznienski,min_minutes_to_minsk,2026,176.2,d
r-lubanski,wage_byn,2010,91.0147,d
r-lubanski,wage_byn,2011,141.5607,d
r-lubanski,wage_byn,2012,291.4405,d
r-lubanski,wage_byn,2013,389.6776,d
r-lubanski,wage_byn,2014,462.9881,d
r-lubanski,wage_byn,2015,517.9339,d
r-lubanski,wage_byn,2016,559.1,d
r-lubanski,wage_byn,2017,656.6,d
r-lubanski,wage_byn,2018,712.3,d
r-lubanski,wage_byn,2019,821.4,d
r-lubanski,wage_byn,2020,998.5,d
r-lubanski,wage_byn,2021,1174.4,d
r-lubanski,wage_byn,2022,1357.5,d
r-lubanski,wage_byn,2023,1530.0,d
r-lubanski,wage_byn,2024,1835.3,d
r-lubanski,wage_byn,2025,2459.0,d
r-lubanski,employed_persons,2010,15523.0,d
r-lubanski,employed_persons,2011,15239.0,d
r-lubanski,employed_persons,2012,14859.0,d
r-lubanski,employed_persons,2013,14228.0,d
r-lubanski,employed_persons,2014,13899.0,d
r-lubanski,employed_persons,2015,13704.0,d
r-lubanski,employed_persons,2016,13455.0,d
r-lubanski,employed_persons,2017,13156.0,d
r-lubanski,employed_persons,2018,12794.0,d
r-lubanski,employed_persons,2019,12602.0,d
r-lubanski,employed_persons,2020,12215.0,d
r-lubanski,employed_persons,2021,12459.0,d
r-lubanski,employed_persons,2022,12199.0,d
r-lubanski,employed_persons,2023,11789.0,d
r-lubanski,employed_persons,2024,11515.0,d
r-lubanski,k_oblast_coverage_2019,2019,1.1262,m
r-lubanski,avg_pension_oblast_byn,2025,914.4,d
r-lubanski,min_minutes_to_minsk,2026,110.9,d
r-luniniecki,wage_byn,2010,107.374,d
r-luniniecki,wage_byn,2011,166.2093,d
r-luniniecki,wage_byn,2012,320.696,d
r-luniniecki,wage_byn,2013,455.1756,d
r-luniniecki,wage_byn,2014,527.8104,d
r-luniniecki,wage_byn,2015,542.9417,d
r-luniniecki,wage_byn,2016,600.3,d
r-luniniecki,wage_byn,2017,683.7,d
r-luniniecki,wage_byn,2018,795.5,d
r-luniniecki,wage_byn,2019,881.0,d
r-luniniecki,wage_byn,2020,984.9,d
r-luniniecki,wage_byn,2021,1107.2,d
r-luniniecki,wage_byn,2022,1305.5,d
r-luniniecki,wage_byn,2023,1601.2,d
r-luniniecki,wage_byn,2024,1885.2,d
r-luniniecki,wage_byn,2025,2211.2,d
r-luniniecki,employed_persons,2010,30488.0,d
r-luniniecki,employed_persons,2011,30213.0,d
r-luniniecki,employed_persons,2012,29477.0,d
r-luniniecki,employed_persons,2013,28655.0,d
r-luniniecki,employed_persons,2014,28446.0,d
r-luniniecki,employed_persons,2015,28136.0,d
r-luniniecki,employed_persons,2016,27320.0,d
r-luniniecki,employed_persons,2017,26906.0,d
r-luniniecki,employed_persons,2018,26914.0,d
r-luniniecki,employed_persons,2019,25815.0,d
r-luniniecki,employed_persons,2020,25717.0,d
r-luniniecki,employed_persons,2021,25309.0,d
r-luniniecki,employed_persons,2022,25159.0,d
r-luniniecki,employed_persons,2023,25075.0,d
r-luniniecki,employed_persons,2024,25013.0,d
r-luniniecki,k_oblast_coverage_2019,2019,1.1786,m
r-luniniecki,avg_pension_oblast_byn,2025,877.45,d
r-luniniecki,min_minutes_to_minsk,2026,172.4,d
r-mahilouski,wage_byn,2010,102.3425,d
r-mahilouski,wage_byn,2011,160.5153,d
r-mahilouski,wage_byn,2012,314.7334,d
r-mahilouski,wage_byn,2013,455.7277,d
r-mahilouski,wage_byn,2014,565.906,d
r-mahilouski,wage_byn,2015,588.2753,d
r-mahilouski,wage_byn,2016,619.8,d
r-mahilouski,wage_byn,2017,714.6,d
r-mahilouski,wage_byn,2018,827.5,d
r-mahilouski,wage_byn,2019,932.0,d
r-mahilouski,wage_byn,2020,1077.9,d
r-mahilouski,wage_byn,2021,1250.9,d
r-mahilouski,wage_byn,2022,1394.0,d
r-mahilouski,wage_byn,2023,1702.8,d
r-mahilouski,wage_byn,2024,2090.5,d
r-mahilouski,wage_byn,2025,2533.8,d
r-mahilouski,employed_persons,2010,19164.0,d
r-mahilouski,employed_persons,2011,19824.0,d
r-mahilouski,employed_persons,2012,19881.0,d
r-mahilouski,employed_persons,2013,21321.0,d
r-mahilouski,employed_persons,2014,22004.0,d
r-mahilouski,employed_persons,2015,22395.0,d
r-mahilouski,employed_persons,2016,22701.0,d
r-mahilouski,employed_persons,2017,21942.0,d
r-mahilouski,employed_persons,2018,22456.0,d
r-mahilouski,employed_persons,2019,23028.0,d
r-mahilouski,employed_persons,2020,23742.0,d
r-mahilouski,employed_persons,2021,24393.0,d
r-mahilouski,employed_persons,2022,23550.0,d
r-mahilouski,employed_persons,2023,21703.0,d
r-mahilouski,employed_persons,2024,21384.0,d
r-mahilouski,k_oblast_coverage_2019,2019,1.181,m
r-mahilouski,avg_pension_oblast_byn,2025,904.51,d
r-mahilouski,min_minutes_to_minsk,2026,134.3,d
r-maladziechanski,wage_byn,2010,107.7102,d
r-maladziechanski,wage_byn,2011,170.1964,d
r-maladziechanski,wage_byn,2012,327.4961,d
r-maladziechanski,wage_byn,2013,456.0927,d
r-maladziechanski,wage_byn,2014,555.8007,d
r-maladziechanski,wage_byn,2015,583.9571,d
r-maladziechanski,wage_byn,2016,618.3,d
r-maladziechanski,wage_byn,2017,695.5,d
r-maladziechanski,wage_byn,2018,805.4,d
r-maladziechanski,wage_byn,2019,897.4,d
r-maladziechanski,wage_byn,2020,1037.0,d
r-maladziechanski,wage_byn,2021,1187.3,d
r-maladziechanski,wage_byn,2022,1360.3,d
r-maladziechanski,wage_byn,2023,1615.4,d
r-maladziechanski,wage_byn,2024,1925.4,d
r-maladziechanski,wage_byn,2025,2303.8,d
r-maladziechanski,employed_persons,2010,65475.0,d
r-maladziechanski,employed_persons,2011,65868.0,d
r-maladziechanski,employed_persons,2012,64813.0,d
r-maladziechanski,employed_persons,2013,64109.0,d
r-maladziechanski,employed_persons,2014,62724.0,d
r-maladziechanski,employed_persons,2015,60786.0,d
r-maladziechanski,employed_persons,2016,58293.0,d
r-maladziechanski,employed_persons,2017,56482.0,d
r-maladziechanski,employed_persons,2018,55456.0,d
r-maladziechanski,employed_persons,2019,55044.0,d
r-maladziechanski,employed_persons,2020,54789.0,d
r-maladziechanski,employed_persons,2021,54222.0,d
r-maladziechanski,employed_persons,2022,53247.0,d
r-maladziechanski,employed_persons,2023,52519.0,d
r-maladziechanski,employed_persons,2024,52892.0,d
r-maladziechanski,k_oblast_coverage_2019,2019,1.1262,m
r-maladziechanski,avg_pension_oblast_byn,2025,914.4,d
r-maladziechanski,min_minutes_to_minsk,2026,57.4,d
r-malarycki,wage_byn,2010,93.9874,d
r-malarycki,wage_byn,2011,140.3663,d
r-malarycki,wage_byn,2012,267.9469,d
r-malarycki,wage_byn,2013,373.4437,d
r-malarycki,wage_byn,2014,463.428,d
r-malarycki,wage_byn,2015,497.8521,d
r-malarycki,wage_byn,2016,532.1,d
r-malarycki,wage_byn,2017,602.7,d
r-malarycki,wage_byn,2018,707.2,d
r-malarycki,wage_byn,2019,789.7,d
r-malarycki,wage_byn,2020,917.0,d
r-malarycki,wage_byn,2021,1028.2,d
r-malarycki,wage_byn,2022,1185.2,d
r-malarycki,wage_byn,2023,1417.5,d
r-malarycki,wage_byn,2024,1704.0,d
r-malarycki,wage_byn,2025,2137.5,d
r-malarycki,employed_persons,2010,10657.0,d
r-malarycki,employed_persons,2011,10511.0,d
r-malarycki,employed_persons,2012,10261.0,d
r-malarycki,employed_persons,2013,10014.0,d
r-malarycki,employed_persons,2014,10055.0,d
r-malarycki,employed_persons,2015,9903.0,d
r-malarycki,employed_persons,2016,9622.0,d
r-malarycki,employed_persons,2017,9400.0,d
r-malarycki,employed_persons,2018,9287.0,d
r-malarycki,employed_persons,2019,9133.0,d
r-malarycki,employed_persons,2020,9179.0,d
r-malarycki,employed_persons,2021,9018.0,d
r-malarycki,employed_persons,2022,8766.0,d
r-malarycki,employed_persons,2023,8376.0,d
r-malarycki,employed_persons,2024,8367.0,d
r-malarycki,k_oblast_coverage_2019,2019,1.1786,m
r-malarycki,avg_pension_oblast_byn,2025,877.45,d
r-malarycki,min_minutes_to_minsk,2026,212.7,d
r-mastouski,wage_byn,2010,93.042,d
r-mastouski,wage_byn,2011,146.9664,d
r-mastouski,wage_byn,2012,288.021,d
r-mastouski,wage_byn,2013,392.7475,d
r-mastouski,wage_byn,2014,467.6005,d
r-mastouski,wage_byn,2015,483.9459,d
r-mastouski,wage_byn,2016,519.4,d
r-mastouski,wage_byn,2017,606.8,d
r-mastouski,wage_byn,2018,720.4,d
r-mastouski,wage_byn,2019,808.9,d
r-mastouski,wage_byn,2020,931.0,d
r-mastouski,wage_byn,2021,1092.0,d
r-mastouski,wage_byn,2022,1255.2,d
r-mastouski,wage_byn,2023,1464.8,d
r-mastouski,wage_byn,2024,1725.0,d
r-mastouski,wage_byn,2025,2034.8,d
r-mastouski,employed_persons,2010,14948.0,d
r-mastouski,employed_persons,2011,14546.0,d
r-mastouski,employed_persons,2012,14242.0,d
r-mastouski,employed_persons,2013,13919.0,d
r-mastouski,employed_persons,2014,13435.0,d
r-mastouski,employed_persons,2015,13472.0,d
r-mastouski,employed_persons,2016,12691.0,d
r-mastouski,employed_persons,2017,12359.0,d
r-mastouski,employed_persons,2018,12013.0,d
r-mastouski,employed_persons,2019,11644.0,d
r-mastouski,employed_persons,2020,11616.0,d
r-mastouski,employed_persons,2021,11514.0,d
r-mastouski,employed_persons,2022,11447.0,d
r-mastouski,employed_persons,2023,11017.0,d
r-mastouski,employed_persons,2024,10816.0,d
r-mastouski,k_oblast_coverage_2019,2019,1.1456,m
r-mastouski,avg_pension_oblast_byn,2025,905.8,d
r-mastouski,min_minutes_to_minsk,2026,169.6,d
r-mazyrski,wage_byn,2010,124.0068,d
r-mazyrski,wage_byn,2011,194.0536,d
r-mazyrski,wage_byn,2012,377.1317,d
r-mazyrski,wage_byn,2013,532.603,d
r-mazyrski,wage_byn,2014,637.685,d
r-mazyrski,wage_byn,2015,673.8191,d
r-mazyrski,wage_byn,2016,698.1,d
r-mazyrski,wage_byn,2017,796.1,d
r-mazyrski,wage_byn,2018,946.6,d
r-mazyrski,wage_byn,2019,1080.3,d
r-mazyrski,wage_byn,2020,1234.5,d
r-mazyrski,wage_byn,2021,1378.1,d
r-mazyrski,wage_byn,2022,1574.4,d
r-mazyrski,wage_byn,2023,1853.1,d
r-mazyrski,wage_byn,2024,2144.0,d
r-mazyrski,wage_byn,2025,2568.2,d
r-mazyrski,employed_persons,2010,64564.0,d
r-mazyrski,employed_persons,2011,63602.0,d
r-mazyrski,employed_persons,2012,61030.0,d
r-mazyrski,employed_persons,2013,60528.0,d
r-mazyrski,employed_persons,2014,60010.0,d
r-mazyrski,employed_persons,2015,59184.0,d
r-mazyrski,employed_persons,2016,57976.5,d
r-mazyrski,employed_persons,2017,57044.0,d
r-mazyrski,employed_persons,2018,56569.0,d
r-mazyrski,employed_persons,2019,56483.0,d
r-mazyrski,employed_persons,2020,56992.0,d
r-mazyrski,employed_persons,2021,56902.0,d
r-mazyrski,employed_persons,2022,55954.0,d
r-mazyrski,employed_persons,2023,55078.0,d
r-mazyrski,employed_persons,2024,54635.0,d
r-mazyrski,k_oblast_coverage_2019,2019,1.1803,m
r-mazyrski,avg_pension_oblast_byn,2025,918.07,d
r-mazyrski,min_minutes_to_minsk,2026,210.9,d
r-miadzielski,wage_byn,2010,96.6584,d
r-miadzielski,wage_byn,2011,144.9589,d
r-miadzielski,wage_byn,2012,289.1632,d
r-miadzielski,wage_byn,2013,396.1698,d
r-miadzielski,wage_byn,2014,496.8096,d
r-miadzielski,wage_byn,2015,548.4572,d
r-miadzielski,wage_byn,2016,579.0,d
r-miadzielski,wage_byn,2017,635.7,d
r-miadzielski,wage_byn,2018,744.3,d
r-miadzielski,wage_byn,2019,832.4,d
r-miadzielski,wage_byn,2020,925.6,d
r-miadzielski,wage_byn,2021,1098.8,d
r-miadzielski,wage_byn,2022,1295.9,d
r-miadzielski,wage_byn,2023,1545.2,d
r-miadzielski,wage_byn,2024,1836.5,d
r-miadzielski,wage_byn,2025,2215.0,d
r-miadzielski,employed_persons,2010,13637.0,d
r-miadzielski,employed_persons,2011,13446.0,d
r-miadzielski,employed_persons,2012,13238.0,d
r-miadzielski,employed_persons,2013,13059.0,d
r-miadzielski,employed_persons,2014,12783.0,d
r-miadzielski,employed_persons,2015,12508.0,d
r-miadzielski,employed_persons,2016,12219.0,d
r-miadzielski,employed_persons,2017,12153.0,d
r-miadzielski,employed_persons,2018,11976.0,d
r-miadzielski,employed_persons,2019,11523.0,d
r-miadzielski,employed_persons,2020,10936.0,d
r-miadzielski,employed_persons,2021,10717.0,d
r-miadzielski,employed_persons,2022,10598.0,d
r-miadzielski,employed_persons,2023,10552.0,d
r-miadzielski,employed_persons,2024,10411.0,d
r-miadzielski,k_oblast_coverage_2019,2019,1.1262,m
r-miadzielski,avg_pension_oblast_byn,2025,914.4,d
r-miadzielski,min_minutes_to_minsk,2026,103.1,d
r-mijorski,wage_byn,2010,88.0096,d
r-mijorski,wage_byn,2011,141.8986,d
r-mijorski,wage_byn,2012,275.8538,d
r-mijorski,wage_byn,2013,362.1174,d
r-mijorski,wage_byn,2014,422.6161,d
r-mijorski,wage_byn,2015,455.7736,d
r-mijorski,wage_byn,2016,489.0,d
r-mijorski,wage_byn,2017,549.1,d
r-mijorski,wage_byn,2018,643.9,d
r-mijorski,wage_byn,2019,735.3,d
r-mijorski,wage_byn,2020,866.6,d
r-mijorski,wage_byn,2021,970.0,d
r-mijorski,wage_byn,2022,1132.4,d
r-mijorski,wage_byn,2023,1342.7,d
r-mijorski,wage_byn,2024,1570.6,d
r-mijorski,wage_byn,2025,1869.8,d
r-mijorski,employed_persons,2010,10399.0,d
r-mijorski,employed_persons,2011,10146.0,d
r-mijorski,employed_persons,2012,9816.0,d
r-mijorski,employed_persons,2013,9632.0,d
r-mijorski,employed_persons,2014,9157.0,d
r-mijorski,employed_persons,2015,9041.0,d
r-mijorski,employed_persons,2016,8760.0,d
r-mijorski,employed_persons,2017,8579.0,d
r-mijorski,employed_persons,2018,8488.0,d
r-mijorski,employed_persons,2019,8198.0,d
r-mijorski,employed_persons,2020,8479.0,d
r-mijorski,employed_persons,2021,8401.0,d
r-mijorski,employed_persons,2022,8033.0,d
r-mijorski,employed_persons,2023,7814.0,d
r-mijorski,employed_persons,2024,7735.0,d
r-mijorski,k_oblast_coverage_2019,2019,1.1295,m
r-mijorski,avg_pension_oblast_byn,2025,907.08,d
r-mijorski,min_minutes_to_minsk,2026,175.5,d
r-minski,wage_byn,2010,130.7949,d
r-minski,wage_byn,2011,207.1302,d
r-minski,wage_byn,2012,405.4066,d
r-minski,wage_byn,2013,570.8343,d
r-minski,wage_byn,2014,723.5395,d
r-minski,wage_byn,2015,793.5206,d
r-minski,wage_byn,2016,825.0,d
r-minski,wage_byn,2017,964.1,d
r-minski,wage_byn,2018,1124.1,d
r-minski,wage_byn,2019,1238.6,d
r-minski,wage_byn,2020,1454.7,d
r-minski,wage_byn,2021,1678.2,d
r-minski,wage_byn,2022,1922.5,d
r-minski,wage_byn,2023,2304.3,d
r-minski,wage_byn,2024,2673.1,d
r-minski,wage_byn,2025,3309.5,d
r-minski,employed_persons,2010,103431.0,d
r-minski,employed_persons,2011,109837.0,d
r-minski,employed_persons,2012,115067.0,d
r-minski,employed_persons,2013,123782.0,d
r-minski,employed_persons,2014,132364.0,d
r-minski,employed_persons,2015,135642.0,d
r-minski,employed_persons,2016,140539.0,d
r-minski,employed_persons,2017,143133.0,d
r-minski,employed_persons,2018,148493.0,d
r-minski,employed_persons,2019,152087.0,d
r-minski,employed_persons,2020,157552.0,d
r-minski,employed_persons,2021,159803.0,d
r-minski,employed_persons,2022,162427.0,d
r-minski,employed_persons,2023,162674.0,d
r-minski,employed_persons,2024,166278.0,d
r-minski,k_oblast_coverage_2019,2019,1.1262,m
r-minski,avg_pension_oblast_byn,2025,914.4,d
r-minski,min_minutes_to_minsk,2026,0.0,d
r-mscislauski,wage_byn,2010,87.3046,d
r-mscislauski,wage_byn,2011,136.1865,d
r-mscislauski,wage_byn,2012,260.8156,d
r-mscislauski,wage_byn,2013,360.1984,d
r-mscislauski,wage_byn,2014,413.2547,d
r-mscislauski,wage_byn,2015,462.1487,d
r-mscislauski,wage_byn,2016,499.5,d
r-mscislauski,wage_byn,2017,553.2,d
r-mscislauski,wage_byn,2018,608.2,d
r-mscislauski,wage_byn,2019,688.8,d
r-mscislauski,wage_byn,2020,805.0,d
r-mscislauski,wage_byn,2021,916.8,d
r-mscislauski,wage_byn,2022,1071.1,d
r-mscislauski,wage_byn,2023,1278.8,d
r-mscislauski,wage_byn,2024,1535.7,d
r-mscislauski,wage_byn,2025,1913.1,d
r-mscislauski,employed_persons,2010,10190.0,d
r-mscislauski,employed_persons,2011,9885.0,d
r-mscislauski,employed_persons,2012,9598.0,d
r-mscislauski,employed_persons,2013,9441.0,d
r-mscislauski,employed_persons,2014,8947.0,d
r-mscislauski,employed_persons,2015,8802.0,d
r-mscislauski,employed_persons,2016,8546.0,d
r-mscislauski,employed_persons,2017,8165.0,d
r-mscislauski,employed_persons,2018,7782.0,d
r-mscislauski,employed_persons,2019,7536.0,d
r-mscislauski,employed_persons,2020,7276.0,d
r-mscislauski,employed_persons,2021,7259.0,d
r-mscislauski,employed_persons,2022,7223.0,d
r-mscislauski,employed_persons,2023,7002.0,d
r-mscislauski,employed_persons,2024,6762.0,d
r-mscislauski,k_oblast_coverage_2019,2019,1.181,m
r-mscislauski,avg_pension_oblast_byn,2025,904.51,d
r-mscislauski,min_minutes_to_minsk,2026,214.0,d
r-naraulanski,wage_byn,2010,94.9438,d
r-naraulanski,wage_byn,2011,145.5866,d
r-naraulanski,wage_byn,2012,291.4947,d
r-naraulanski,wage_byn,2013,390.5958,d
r-naraulanski,wage_byn,2014,465.0047,d
r-naraulanski,wage_byn,2015,509.1322,d
r-naraulanski,wage_byn,2016,526.0,d
r-naraulanski,wage_byn,2017,610.5,d
r-naraulanski,wage_byn,2018,732.2,d
r-naraulanski,wage_byn,2019,820.9,d
r-naraulanski,wage_byn,2020,953.7,d
r-naraulanski,wage_byn,2021,1095.1,d
r-naraulanski,wage_byn,2022,1241.1,d
r-naraulanski,wage_byn,2023,1437.8,d
r-naraulanski,wage_byn,2024,1684.1,d
r-naraulanski,wage_byn,2025,1982.9,d
r-naraulanski,employed_persons,2010,5002.0,d
r-naraulanski,employed_persons,2011,5011.0,d
r-naraulanski,employed_persons,2012,4739.0,d
r-naraulanski,employed_persons,2013,4714.0,d
r-naraulanski,employed_persons,2014,4580.0,d
r-naraulanski,employed_persons,2015,4350.0,d
r-naraulanski,employed_persons,2016,4198.0,d
r-naraulanski,employed_persons,2017,4163.0,d
r-naraulanski,employed_persons,2018,4147.0,d
r-naraulanski,employed_persons,2019,4342.0,d
r-naraulanski,employed_persons,2020,4349.0,d
r-naraulanski,employed_persons,2021,4340.0,d
r-naraulanski,employed_persons,2022,4110.0,d
r-naraulanski,employed_persons,2023,3959.0,d
r-naraulanski,employed_persons,2024,3887.0,d
r-naraulanski,k_oblast_coverage_2019,2019,1.1803,m
r-naraulanski,avg_pension_oblast_byn,2025,918.07,d
r-naraulanski,min_minutes_to_minsk,2026,236.5,d
r-navahrudski,wage_byn,2010,92.8631,d
r-navahrudski,wage_byn,2011,145.5465,d
r-navahrudski,wage_byn,2012,286.3098,d
r-navahrudski,wage_byn,2013,405.0173,d
r-navahrudski,wage_byn,2014,488.3118,d
r-navahrudski,wage_byn,2015,532.8159,d
r-navahrudski,wage_byn,2016,527.9,d
r-navahrudski,wage_byn,2017,603.1,d
r-navahrudski,wage_byn,2018,729.7,d
r-navahrudski,wage_byn,2019,810.8,d
r-navahrudski,wage_byn,2020,955.1,d
r-navahrudski,wage_byn,2021,1089.2,d
r-navahrudski,wage_byn,2022,1258.4,d
r-navahrudski,wage_byn,2023,1510.1,d
r-navahrudski,wage_byn,2024,1791.7,d
r-navahrudski,wage_byn,2025,2131.4,d
r-navahrudski,employed_persons,2010,22741.0,d
r-navahrudski,employed_persons,2011,22570.0,d
r-navahrudski,employed_persons,2012,22376.0,d
r-navahrudski,employed_persons,2013,22062.0,d
r-navahrudski,employed_persons,2014,21490.0,d
r-navahrudski,employed_persons,2015,21167.0,d
r-navahrudski,employed_persons,2016,20422.0,d
r-navahrudski,employed_persons,2017,19967.0,d
r-navahrudski,employed_persons,2018,19927.0,d
r-navahrudski,employed_persons,2019,19816.0,d
r-navahrudski,employed_persons,2020,19282.0,d
r-navahrudski,employed_persons,2021,19101.0,d
r-navahrudski,employed_persons,2022,19082.0,d
r-navahrudski,employed_persons,2023,19205.0,d
r-navahrudski,employed_persons,2024,18760.0,d
r-navahrudski,k_oblast_coverage_2019,2019,1.1456,m
r-navahrudski,avg_pension_oblast_byn,2025,905.8,d
r-navahrudski,min_minutes_to_minsk,2026,103.7,d
r-niasvizhski,wage_byn,2010,110.8038,d
r-niasvizhski,wage_byn,2011,169.2729,d
r-niasvizhski,wage_byn,2012,340.7759,d
r-niasvizhski,wage_byn,2013,483.2506,d
r-niasvizhski,wage_byn,2014,593.6508,d
r-niasvizhski,wage_byn,2015,632.8612,d
r-niasvizhski,wage_byn,2016,700.0,d
r-niasvizhski,wage_byn,2017,795.4,d
r-niasvizhski,wage_byn,2018,876.2,d
r-niasvizhski,wage_byn,2019,967.6,d
r-niasvizhski,wage_byn,2020,1102.5,d
r-niasvizhski,wage_byn,2021,1268.6,d
r-niasvizhski,wage_byn,2022,1478.5,d
r-niasvizhski,wage_byn,2023,1798.0,d
r-niasvizhski,wage_byn,2024,2181.0,d
r-niasvizhski,wage_byn,2025,2606.1,d
r-niasvizhski,employed_persons,2010,20688.0,d
r-niasvizhski,employed_persons,2011,20770.0,d
r-niasvizhski,employed_persons,2012,20463.0,d
r-niasvizhski,employed_persons,2013,20234.0,d
r-niasvizhski,employed_persons,2014,20181.0,d
r-niasvizhski,employed_persons,2015,19810.0,d
r-niasvizhski,employed_persons,2016,19334.0,d
r-niasvizhski,employed_persons,2017,18942.0,d
r-niasvizhski,employed_persons,2018,18664.0,d
r-niasvizhski,employed_persons,2019,18619.0,d
r-niasvizhski,employed_persons,2020,18361.0,d
r-niasvizhski,employed_persons,2021,18055.0,d
r-niasvizhski,employed_persons,2022,18043.0,d
r-niasvizhski,employed_persons,2023,17797.0,d
r-niasvizhski,employed_persons,2024,17876.0,d
r-niasvizhski,k_oblast_coverage_2019,2019,1.1262,m
r-niasvizhski,avg_pension_oblast_byn,2025,914.4,d
r-niasvizhski,min_minutes_to_minsk,2026,79.2,d
r-pastauski,wage_byn,2010,92.9253,d
r-pastauski,wage_byn,2011,148.68,d
r-pastauski,wage_byn,2012,285.1278,d
r-pastauski,wage_byn,2013,397.1862,d
r-pastauski,wage_byn,2014,468.1642,d
r-pastauski,wage_byn,2015,493.6049,d
r-pastauski,wage_byn,2016,525.2,d
r-pastauski,wage_byn,2017,601.5,d
r-pastauski,wage_byn,2018,693.4,d
r-pastauski,wage_byn,2019,788.4,d
r-pastauski,wage_byn,2020,914.8,d
r-pastauski,wage_byn,2021,1045.2,d
r-pastauski,wage_byn,2022,1221.3,d
r-pastauski,wage_byn,2023,1453.8,d
r-pastauski,wage_byn,2024,1744.5,d
r-pastauski,wage_byn,2025,2075.8,d
r-pastauski,employed_persons,2010,17027.0,d
r-pastauski,employed_persons,2011,16927.0,d
r-pastauski,employed_persons,2012,16486.0,d
r-pastauski,employed_persons,2013,15837.0,d
r-pastauski,employed_persons,2014,15289.0,d
r-pastauski,employed_persons,2015,14934.0,d
r-pastauski,employed_persons,2016,14415.0,d
r-pastauski,employed_persons,2017,14082.0,d
r-pastauski,employed_persons,2018,13630.0,d
r-pastauski,employed_persons,2019,13068.0,d
r-pastauski,employed_persons,2020,12996.0,d
r-pastauski,employed_persons,2021,12747.0,d
r-pastauski,employed_persons,2022,12436.0,d
r-pastauski,employed_persons,2023,12241.0,d
r-pastauski,employed_persons,2024,12129.0,d
r-pastauski,k_oblast_coverage_2019,2019,1.1295,m
r-pastauski,avg_pension_oblast_byn,2025,907.08,d
r-pastauski,min_minutes_to_minsk,2026,132.1,d
r-pietrykauski,wage_byn,2010,88.1278,d
r-pietrykauski,wage_byn,2011,140.7066,d
r-pietrykauski,wage_byn,2012,282.6456,d
r-pietrykauski,wage_byn,2013,374.7247,d
r-pietrykauski,wage_byn,2014,429.9105,d
r-pietrykauski,wage_byn,2015,470.7265,d
r-pietrykauski,wage_byn,2016,497.5,d
r-pietrykauski,wage_byn,2017,573.2,d
r-pietrykauski,wage_byn,2018,688.6,d
r-pietrykauski,wage_byn,2019,792.6,d
r-pietrykauski,wage_byn,2020,933.4,d
r-pietrykauski,wage_byn,2021,1131.1,d
r-pietrykauski,wage_byn,2022,1279.5,d
r-pietrykauski,wage_byn,2023,1493.9,d
r-pietrykauski,wage_byn,2024,1795.1,d
r-pietrykauski,wage_byn,2025,2236.7,d
r-pietrykauski,employed_persons,2010,14012.0,d
r-pietrykauski,employed_persons,2011,13811.0,d
r-pietrykauski,employed_persons,2012,13488.0,d
r-pietrykauski,employed_persons,2013,12992.0,d
r-pietrykauski,employed_persons,2014,12688.0,d
r-pietrykauski,employed_persons,2015,12250.0,d
r-pietrykauski,employed_persons,2016,11929.6,d
r-pietrykauski,employed_persons,2017,11823.0,d
r-pietrykauski,employed_persons,2018,11663.0,d
r-pietrykauski,employed_persons,2019,11327.0,d
r-pietrykauski,employed_persons,2020,11421.0,d
r-pietrykauski,employed_persons,2021,11366.0,d
r-pietrykauski,employed_persons,2022,11200.0,d
r-pietrykauski,employed_persons,2023,10952.0,d
r-pietrykauski,employed_persons,2024,10700.0,d
r-pietrykauski,k_oblast_coverage_2019,2019,1.1803,m
r-pietrykauski,avg_pension_oblast_byn,2025,918.07,d
r-pietrykauski,min_minutes_to_minsk,2026,199.7,d
r-pinski,wage_byn,2010,90.9509,d
r-pinski,wage_byn,2011,143.7555,d
r-pinski,wage_byn,2012,289.3439,d
r-pinski,wage_byn,2013,393.3964,d
r-pinski,wage_byn,2014,477.3614,d
r-pinski,wage_byn,2015,493.6317,d
r-pinski,wage_byn,2016,536.9,d
r-pinski,wage_byn,2017,612.7,d
r-pinski,wage_byn,2018,708.0,d
r-pinski,wage_byn,2019,821.4,d
r-pinski,wage_byn,2020,953.6,d
r-pinski,wage_byn,2021,1099.4,d
r-pinski,wage_byn,2022,1282.1,d
r-pinski,wage_byn,2023,1530.2,d
r-pinski,wage_byn,2024,1820.7,d
r-pinski,wage_byn,2025,2217.6,d
r-pinski,employed_persons,2010,18720.0,d
r-pinski,employed_persons,2011,18820.0,d
r-pinski,employed_persons,2012,18415.0,d
r-pinski,employed_persons,2013,17959.0,d
r-pinski,employed_persons,2014,17734.0,d
r-pinski,employed_persons,2015,17309.0,d
r-pinski,employed_persons,2016,17164.0,d
r-pinski,employed_persons,2017,16874.0,d
r-pinski,employed_persons,2018,16901.0,d
r-pinski,employed_persons,2019,17562.0,d
r-pinski,employed_persons,2020,17504.0,d
r-pinski,employed_persons,2021,17307.0,d
r-pinski,employed_persons,2022,17369.0,d
r-pinski,employed_persons,2023,16942.0,d
r-pinski,employed_persons,2024,16835.0,d
r-pinski,k_oblast_coverage_2019,2019,1.1786,m
r-pinski,avg_pension_oblast_byn,2025,877.45,d
r-pinski,min_minutes_to_minsk,2026,198.2,d
r-polacki,wage_byn,2010,107.597,d
r-polacki,wage_byn,2011,173.0216,d
r-polacki,wage_byn,2012,331.7417,d
r-polacki,wage_byn,2013,454.7334,d
r-polacki,wage_byn,2014,546.648,d
r-polacki,wage_byn,2015,596.2545,d
r-polacki,wage_byn,2016,617.7,d
r-polacki,wage_byn,2017,699.0,d
r-polacki,wage_byn,2018,829.3,d
r-polacki,wage_byn,2019,903.8,d
r-polacki,wage_byn,2020,1029.4,d
r-polacki,wage_byn,2021,1209.2,d
r-polacki,wage_byn,2022,1400.7,d
r-polacki,wage_byn,2023,1591.1,d
r-polacki,wage_byn,2024,1853.6,d
r-polacki,wage_byn,2025,2228.3,d
r-polacki,employed_persons,2010,50897.0,d
r-polacki,employed_persons,2011,50636.0,d
r-polacki,employed_persons,2012,49425.0,d
r-polacki,employed_persons,2013,48713.0,d
r-polacki,employed_persons,2014,49977.0,d
r-polacki,employed_persons,2015,48091.0,d
r-polacki,employed_persons,2016,46199.0,d
r-polacki,employed_persons,2017,44862.0,d
r-polacki,employed_persons,2018,44500.0,d
r-polacki,employed_persons,2019,44202.0,d
r-polacki,employed_persons,2020,44249.0,d
r-polacki,employed_persons,2021,43693.0,d
r-polacki,employed_persons,2022,43202.0,d
r-polacki,employed_persons,2023,42521.0,d
r-polacki,employed_persons,2024,42159.0,d
r-polacki,k_oblast_coverage_2019,2019,1.1295,m
r-polacki,avg_pension_oblast_byn,2025,907.08,d
r-polacki,min_minutes_to_minsk,2026,169.2,d
r-pruzhanski,wage_byn,2010,100.3266,d
r-pruzhanski,wage_byn,2011,152.8451,d
r-pruzhanski,wage_byn,2012,295.626,d
r-pruzhanski,wage_byn,2013,406.7428,d
r-pruzhanski,wage_byn,2014,499.1608,d
r-pruzhanski,wage_byn,2015,570.0513,d
r-pruzhanski,wage_byn,2016,605.7,d
r-pruzhanski,wage_byn,2017,693.7,d
r-pruzhanski,wage_byn,2018,786.0,d
r-pruzhanski,wage_byn,2019,881.8,d
r-pruzhanski,wage_byn,2020,1017.4,d
r-pruzhanski,wage_byn,2021,1135.8,d
r-pruzhanski,wage_byn,2022,1321.1,d
r-pruzhanski,wage_byn,2023,1591.5,d
r-pruzhanski,wage_byn,2024,1902.2,d
r-pruzhanski,wage_byn,2025,2293.5,d
r-pruzhanski,employed_persons,2010,22358.0,d
r-pruzhanski,employed_persons,2011,21948.0,d
r-pruzhanski,employed_persons,2012,21547.0,d
r-pruzhanski,employed_persons,2013,21056.0,d
r-pruzhanski,employed_persons,2014,20950.0,d
r-pruzhanski,employed_persons,2015,20409.0,d
r-pruzhanski,employed_persons,2016,20075.0,d
r-pruzhanski,employed_persons,2017,19798.0,d
r-pruzhanski,employed_persons,2018,19538.0,d
r-pruzhanski,employed_persons,2019,19187.0,d
r-pruzhanski,employed_persons,2020,19321.0,d
r-pruzhanski,employed_persons,2021,18994.0,d
r-pruzhanski,employed_persons,2022,18807.0,d
r-pruzhanski,employed_persons,2023,18310.0,d
r-pruzhanski,employed_persons,2024,17841.0,d
r-pruzhanski,k_oblast_coverage_2019,2019,1.1786,m
r-pruzhanski,avg_pension_oblast_byn,2025,877.45,d
r-pruzhanski,min_minutes_to_minsk,2026,179.4,d
r-puchavicki,wage_byn,2010,105.8838,d
r-puchavicki,wage_byn,2011,162.782,d
r-puchavicki,wage_byn,2012,321.6954,d
r-puchavicki,wage_byn,2013,455.1609,d
r-puchavicki,wage_byn,2014,558.3264,d
r-puchavicki,wage_byn,2015,609.3976,d
r-puchavicki,wage_byn,2016,641.9,d
r-puchavicki,wage_byn,2017,708.2,d
r-puchavicki,wage_byn,2018,849.8,d
r-puchavicki,wage_byn,2019,946.1,d
r-puchavicki,wage_byn,2020,1123.5,d
r-puchavicki,wage_byn,2021,1288.0,d
r-puchavicki,wage_byn,2022,1552.7,d
r-puchavicki,wage_byn,2023,1828.5,d
r-puchavicki,wage_byn,2024,2136.6,d
r-puchavicki,wage_byn,2025,2567.3,d
r-puchavicki,employed_persons,2010,27451.0,d
r-puchavicki,employed_persons,2011,27183.0,d
r-puchavicki,employed_persons,2012,27150.0,d
r-puchavicki,employed_persons,2013,27047.0,d
r-puchavicki,employed_persons,2014,27334.0,d
r-puchavicki,employed_persons,2015,27500.0,d
r-puchavicki,employed_persons,2016,27289.0,d
r-puchavicki,employed_persons,2017,25819.0,d
r-puchavicki,employed_persons,2018,26032.0,d
r-puchavicki,employed_persons,2019,26121.0,d
r-puchavicki,employed_persons,2020,25881.0,d
r-puchavicki,employed_persons,2021,26529.0,d
r-puchavicki,employed_persons,2022,26803.0,d
r-puchavicki,employed_persons,2023,26619.0,d
r-puchavicki,employed_persons,2024,26750.0,d
r-puchavicki,k_oblast_coverage_2019,2019,1.1262,m
r-puchavicki,avg_pension_oblast_byn,2025,914.4,d
r-puchavicki,min_minutes_to_minsk,2026,43.7,d
r-rahachouski,wage_byn,2010,91.917,d
r-rahachouski,wage_byn,2011,145.9926,d
r-rahachouski,wage_byn,2012,293.1264,d
r-rahachouski,wage_byn,2013,410.4941,d
r-rahachouski,wage_byn,2014,496.7759,d
r-rahachouski,wage_byn,2015,531.1394,d
r-rahachouski,wage_byn,2016,556.4,d
r-rahachouski,wage_byn,2017,622.9,d
r-rahachouski,wage_byn,2018,712.7,d
r-rahachouski,wage_byn,2019,795.7,d
r-rahachouski,wage_byn,2020,926.3,d
r-rahachouski,wage_byn,2021,1046.7,d
r-rahachouski,wage_byn,2022,1209.6,d
r-rahachouski,wage_byn,2023,1450.7,d
r-rahachouski,wage_byn,2024,1761.0,d
r-rahachouski,wage_byn,2025,2080.1,d
r-rahachouski,employed_persons,2010,26994.0,d
r-rahachouski,employed_persons,2011,26431.0,d
r-rahachouski,employed_persons,2012,25382.0,d
r-rahachouski,employed_persons,2013,24404.0,d
r-rahachouski,employed_persons,2014,24275.0,d
r-rahachouski,employed_persons,2015,23522.0,d
r-rahachouski,employed_persons,2016,22958.2,d
r-rahachouski,employed_persons,2017,22602.0,d
r-rahachouski,employed_persons,2018,22272.0,d
r-rahachouski,employed_persons,2019,21650.0,d
r-rahachouski,employed_persons,2020,21566.0,d
r-rahachouski,employed_persons,2021,20943.0,d
r-rahachouski,employed_persons,2022,20344.0,d
r-rahachouski,employed_persons,2023,19970.0,d
r-rahachouski,employed_persons,2024,19509.0,d
r-rahachouski,k_oblast_coverage_2019,2019,1.1803,m
r-rahachouski,avg_pension_oblast_byn,2025,918.07,d
r-rahachouski,min_minutes_to_minsk,2026,147.1,d
r-rasonski,wage_byn,2010,92.5117,d
r-rasonski,wage_byn,2011,145.5961,d
r-rasonski,wage_byn,2012,276.991,d
r-rasonski,wage_byn,2013,367.2829,d
r-rasonski,wage_byn,2014,460.6029,d
r-rasonski,wage_byn,2015,499.4001,d
r-rasonski,wage_byn,2016,531.3,d
r-rasonski,wage_byn,2017,589.6,d
r-rasonski,wage_byn,2018,682.7,d
r-rasonski,wage_byn,2019,743.7,d
r-rasonski,wage_byn,2020,860.1,d
r-rasonski,wage_byn,2021,1029.1,d
r-rasonski,wage_byn,2022,1165.5,d
r-rasonski,wage_byn,2023,1342.8,d
r-rasonski,wage_byn,2024,1564.7,d
r-rasonski,wage_byn,2025,1830.0,d
r-rasonski,employed_persons,2010,4957.0,d
r-rasonski,employed_persons,2011,4844.0,d
r-rasonski,employed_persons,2012,4559.0,d
r-rasonski,employed_persons,2013,4380.0,d
r-rasonski,employed_persons,2014,4188.0,d
r-rasonski,employed_persons,2015,4256.0,d
r-rasonski,employed_persons,2016,4157.0,d
r-rasonski,employed_persons,2017,4040.0,d
r-rasonski,employed_persons,2018,3873.0,d
r-rasonski,employed_persons,2019,3661.0,d
r-rasonski,employed_persons,2020,3526.0,d
r-rasonski,employed_persons,2021,3418.0,d
r-rasonski,employed_persons,2022,3267.0,d
r-rasonski,employed_persons,2023,3166.0,d
r-rasonski,employed_persons,2024,2978.0,d
r-rasonski,k_oblast_coverage_2019,2019,1.1295,m
r-rasonski,avg_pension_oblast_byn,2025,907.08,d
r-rasonski,min_minutes_to_minsk,2026,205.3,d
r-rechycki,wage_byn,2010,128.9834,d
r-rechycki,wage_byn,2011,203.2594,d
r-rechycki,wage_byn,2012,406.2137,d
r-rechycki,wage_byn,2013,531.0747,d
r-rechycki,wage_byn,2014,635.1113,d
r-rechycki,wage_byn,2015,702.1945,d
r-rechycki,wage_byn,2016,731.9,d
r-rechycki,wage_byn,2017,847.7,d
r-rechycki,wage_byn,2018,1018.7,d
r-rechycki,wage_byn,2019,1126.6,d
r-rechycki,wage_byn,2020,1294.0,d
r-rechycki,wage_byn,2021,1553.0,d
r-rechycki,wage_byn,2022,1789.0,d
r-rechycki,wage_byn,2023,2109.4,d
r-rechycki,wage_byn,2024,2501.5,d
r-rechycki,wage_byn,2025,2877.8,d
r-rechycki,employed_persons,2010,46629.0,d
r-rechycki,employed_persons,2011,46275.0,d
r-rechycki,employed_persons,2012,45115.0,d
r-rechycki,employed_persons,2013,44185.0,d
r-rechycki,employed_persons,2014,43820.0,d
r-rechycki,employed_persons,2015,43103.0,d
r-rechycki,employed_persons,2016,42355.2,d
r-rechycki,employed_persons,2017,42256.0,d
r-rechycki,employed_persons,2018,42130.0,d
r-rechycki,employed_persons,2019,41773.0,d
r-rechycki,employed_persons,2020,41753.0,d
r-rechycki,employed_persons,2021,41642.0,d
r-rechycki,employed_persons,2022,41240.0,d
r-rechycki,employed_persons,2023,40350.0,d
r-rechycki,employed_persons,2024,40244.0,d
r-rechycki,k_oblast_coverage_2019,2019,1.1803,m
r-rechycki,avg_pension_oblast_byn,2025,918.07,d
r-rechycki,min_minutes_to_minsk,2026,201.2,d
r-salihorski,wage_byn,2010,192.5843,d
r-salihorski,wage_byn,2011,306.6614,d
r-salihorski,wage_byn,2012,561.9962,d
r-salihorski,wage_byn,2013,694.025,d
r-salihorski,wage_byn,2014,877.4088,d
r-salihorski,wage_byn,2015,995.845,d
r-salihorski,wage_byn,2016,1074.0,d
r-salihorski,wage_byn,2017,1207.1,d
r-salihorski,wage_byn,2018,1413.6,d
r-salihorski,wage_byn,2019,1601.5,d
r-salihorski,wage_byn,2020,1771.7,d
r-salihorski,wage_byn,2021,2028.5,d
r-salihorski,wage_byn,2022,2009.8,d
r-salihorski,wage_byn,2023,2346.2,d
r-salihorski,wage_byn,2024,2705.5,d
r-salihorski,wage_byn,2025,3220.8,d
r-salihorski,employed_persons,2010,73268.0,d
r-salihorski,employed_persons,2011,73911.0,d
r-salihorski,employed_persons,2012,73608.0,d
r-salihorski,employed_persons,2013,72607.0,d
r-salihorski,employed_persons,2014,70887.0,d
r-salihorski,employed_persons,2015,70773.0,d
r-salihorski,employed_persons,2016,69923.0,d
r-salihorski,employed_persons,2017,69429.0,d
r-salihorski,employed_persons,2018,69429.0,d
r-salihorski,employed_persons,2019,68698.0,d
r-salihorski,employed_persons,2020,68137.0,d
r-salihorski,employed_persons,2021,66587.0,d
r-salihorski,employed_persons,2022,65110.0,d
r-salihorski,employed_persons,2023,64029.0,d
r-salihorski,employed_persons,2024,63967.0,d
r-salihorski,k_oblast_coverage_2019,2019,1.1262,m
r-salihorski,avg_pension_oblast_byn,2025,914.4,d
r-salihorski,min_minutes_to_minsk,2026,94.6,d
r-sharkoushchynski,wage_byn,2010,89.3912,d
r-sharkoushchynski,wage_byn,2011,136.4068,d
r-sharkoushchynski,wage_byn,2012,261.9931,d
r-sharkoushchynski,wage_byn,2013,351.0953,d
r-sharkoushchynski,wage_byn,2014,391.3991,d
r-sharkoushchynski,wage_byn,2015,433.1316,d
r-sharkoushchynski,wage_byn,2016,449.5,d
r-sharkoushchynski,wage_byn,2017,494.2,d
r-sharkoushchynski,wage_byn,2018,590.1,d
r-sharkoushchynski,wage_byn,2019,671.5,d
r-sharkoushchynski,wage_byn,2020,776.1,d
r-sharkoushchynski,wage_byn,2021,882.9,d
r-sharkoushchynski,wage_byn,2022,1033.9,d
r-sharkoushchynski,wage_byn,2023,1256.3,d
r-sharkoushchynski,wage_byn,2024,1477.1,d
r-sharkoushchynski,wage_byn,2025,1751.3,d
r-sharkoushchynski,employed_persons,2010,8039.0,d
r-sharkoushchynski,employed_persons,2011,7898.0,d
r-sharkoushchynski,employed_persons,2012,7612.0,d
r-sharkoushchynski,employed_persons,2013,7291.0,d
r-sharkoushchynski,employed_persons,2014,6926.0,d
r-sharkoushchynski,employed_persons,2015,6570.0,d
r-sharkoushchynski,employed_persons,2016,6285.0,d
r-sharkoushchynski,employed_persons,2017,6154.0,d
r-sharkoushchynski,employed_persons,2018,5940.0,d
r-sharkoushchynski,employed_persons,2019,5698.0,d
r-sharkoushchynski,employed_persons,2020,5666.0,d
r-sharkoushchynski,employed_persons,2021,5580.0,d
r-sharkoushchynski,employed_persons,2022,5361.0,d
r-sharkoushchynski,employed_persons,2023,5270.0,d
r-sharkoushchynski,employed_persons,2024,5116.0,d
r-sharkoushchynski,k_oblast_coverage_2019,2019,1.1295,m
r-sharkoushchynski,avg_pension_oblast_byn,2025,907.08,d
r-sharkoushchynski,min_minutes_to_minsk,2026,144.7,d
r-shchuchynski,wage_byn,2010,98.9047,d
r-shchuchynski,wage_byn,2011,153.0395,d
r-shchuchynski,wage_byn,2012,305.468,d
r-shchuchynski,wage_byn,2013,426.8492,d
r-shchuchynski,wage_byn,2014,503.7104,d
r-shchuchynski,wage_byn,2015,542.0442,d
r-shchuchynski,wage_byn,2016,560.6,d
r-shchuchynski,wage_byn,2017,646.2,d
r-shchuchynski,wage_byn,2018,736.3,d
r-shchuchynski,wage_byn,2019,825.6,d
r-shchuchynski,wage_byn,2020,977.1,d
r-shchuchynski,wage_byn,2021,1135.6,d
r-shchuchynski,wage_byn,2022,1317.5,d
r-shchuchynski,wage_byn,2023,1554.1,d
r-shchuchynski,wage_byn,2024,1877.5,d
r-shchuchynski,wage_byn,2025,2272.4,d
r-shchuchynski,employed_persons,2010,19669.0,d
r-shchuchynski,employed_persons,2011,19689.0,d
r-shchuchynski,employed_persons,2012,19252.0,d
r-shchuchynski,employed_persons,2013,18894.0,d
r-shchuchynski,employed_persons,2014,18036.0,d
r-shchuchynski,employed_persons,2015,17815.0,d
r-shchuchynski,employed_persons,2016,17152.0,d
r-shchuchynski,employed_persons,2017,16645.0,d
r-shchuchynski,employed_persons,2018,16288.0,d
r-shchuchynski,employed_persons,2019,15841.0,d
r-shchuchynski,employed_persons,2020,15857.0,d
r-shchuchynski,employed_persons,2021,15650.0,d
r-shchuchynski,employed_persons,2022,15359.0,d
r-shchuchynski,employed_persons,2023,15039.0,d
r-shchuchynski,employed_persons,2024,14676.0,d
r-shchuchynski,k_oblast_coverage_2019,2019,1.1456,m
r-shchuchynski,avg_pension_oblast_byn,2025,905.8,d
r-shchuchynski,min_minutes_to_minsk,2026,144.9,d
r-shklouski,wage_byn,2010,103.7644,d
r-shklouski,wage_byn,2011,162.9579,d
r-shklouski,wage_byn,2012,325.2465,d
r-shklouski,wage_byn,2013,426.7492,d
r-shklouski,wage_byn,2014,508.7603,d
r-shklouski,wage_byn,2015,584.1528,d
r-shklouski,wage_byn,2016,588.7,d
r-shklouski,wage_byn,2017,682.1,d
r-shklouski,wage_byn,2018,823.5,d
r-shklouski,wage_byn,2019,905.7,d
r-shklouski,wage_byn,2020,1023.1,d
r-shklouski,wage_byn,2021,1157.1,d
r-shklouski,wage_byn,2022,1393.2,d
r-shklouski,wage_byn,2023,1612.3,d
r-shklouski,wage_byn,2024,1911.5,d
r-shklouski,wage_byn,2025,2401.0,d
r-shklouski,employed_persons,2010,14620.0,d
r-shklouski,employed_persons,2011,14481.0,d
r-shklouski,employed_persons,2012,14416.0,d
r-shklouski,employed_persons,2013,14326.0,d
r-shklouski,employed_persons,2014,14418.0,d
r-shklouski,employed_persons,2015,14650.0,d
r-shklouski,employed_persons,2016,14702.0,d
r-shklouski,employed_persons,2017,14628.0,d
r-shklouski,employed_persons,2018,14319.0,d
r-shklouski,employed_persons,2019,14051.0,d
r-shklouski,employed_persons,2020,13924.0,d
r-shklouski,employed_persons,2021,13616.0,d
r-shklouski,employed_persons,2022,13319.0,d
r-shklouski,employed_persons,2023,13077.0,d
r-shklouski,employed_persons,2024,12905.0,d
r-shklouski,k_oblast_coverage_2019,2019,1.181,m
r-shklouski,avg_pension_oblast_byn,2025,904.51,d
r-shklouski,min_minutes_to_minsk,2026,149.4,d
r-shumilinski,wage_byn,2010,86.772,d
r-shumilinski,wage_byn,2011,138.0294,d
r-shumilinski,wage_byn,2012,258.9728,d
r-shumilinski,wage_byn,2013,358.048,d
r-shumilinski,wage_byn,2014,437.1556,d
r-shumilinski,wage_byn,2015,466.2553,d
r-shumilinski,wage_byn,2016,493.3,d
r-shumilinski,wage_byn,2017,551.8,d
r-shumilinski,wage_byn,2018,659.2,d
r-shumilinski,wage_byn,2019,741.0,d
r-shumilinski,wage_byn,2020,860.1,d
r-shumilinski,wage_byn,2021,990.9,d
r-shumilinski,wage_byn,2022,1157.6,d
r-shumilinski,wage_byn,2023,1357.5,d
r-shumilinski,wage_byn,2024,1620.3,d
r-shumilinski,wage_byn,2025,1927.0,d
r-shumilinski,employed_persons,2010,9658.0,d
r-shumilinski,employed_persons,2011,9359.0,d
r-shumilinski,employed_persons,2012,8912.0,d
r-shumilinski,employed_persons,2013,8764.0,d
r-shumilinski,employed_persons,2014,8784.0,d
r-shumilinski,employed_persons,2015,8424.0,d
r-shumilinski,employed_persons,2016,7958.0,d
r-shumilinski,employed_persons,2017,7684.0,d
r-shumilinski,employed_persons,2018,7489.0,d
r-shumilinski,employed_persons,2019,7215.0,d
r-shumilinski,employed_persons,2020,7089.0,d
r-shumilinski,employed_persons,2021,6869.0,d
r-shumilinski,employed_persons,2022,6565.0,d
r-shumilinski,employed_persons,2023,6406.0,d
r-shumilinski,employed_persons,2024,6165.0,d
r-shumilinski,k_oblast_coverage_2019,2019,1.1295,m
r-shumilinski,avg_pension_oblast_byn,2025,907.08,d
r-shumilinski,min_minutes_to_minsk,2026,170.6,d
r-siennienski,wage_byn,2010,94.504,d
r-siennienski,wage_byn,2011,147.7856,d
r-siennienski,wage_byn,2012,280.4183,d
r-siennienski,wage_byn,2013,362.5333,d
r-siennienski,wage_byn,2014,436.2159,d
r-siennienski,wage_byn,2015,469.9605,d
r-siennienski,wage_byn,2016,494.8,d
r-siennienski,wage_byn,2017,558.1,d
r-siennienski,wage_byn,2018,660.2,d
r-siennienski,wage_byn,2019,741.4,d
r-siennienski,wage_byn,2020,851.1,d
r-siennienski,wage_byn,2021,962.9,d
r-siennienski,wage_byn,2022,1121.1,d
r-siennienski,wage_byn,2023,1360.0,d
r-siennienski,wage_byn,2024,1653.2,d
r-siennienski,wage_byn,2025,2002.5,d
r-siennienski,employed_persons,2010,11270.0,d
r-siennienski,employed_persons,2011,11032.0,d
r-siennienski,employed_persons,2012,10644.0,d
r-siennienski,employed_persons,2013,10352.0,d
r-siennienski,employed_persons,2014,9639.0,d
r-siennienski,employed_persons,2015,9466.0,d
r-siennienski,employed_persons,2016,9262.0,d
r-siennienski,employed_persons,2017,8879.0,d
r-siennienski,employed_persons,2018,8664.0,d
r-siennienski,employed_persons,2019,8193.0,d
r-siennienski,employed_persons,2020,7999.0,d
r-siennienski,employed_persons,2021,7740.0,d
r-siennienski,employed_persons,2022,7371.0,d
r-siennienski,employed_persons,2023,7004.0,d
r-siennienski,employed_persons,2024,6882.0,d
r-siennienski,k_oblast_coverage_2019,2019,1.1295,m
r-siennienski,avg_pension_oblast_byn,2025,907.08,d
r-siennienski,min_minutes_to_minsk,2026,136.1,d
r-slauharadski,wage_byn,2010,87.4292,d
r-slauharadski,wage_byn,2011,137.4747,d
r-slauharadski,wage_byn,2012,262.3468,d
r-slauharadski,wage_byn,2013,360.5388,d
r-slauharadski,wage_byn,2014,439.299,d
r-slauharadski,wage_byn,2015,484.3858,d
r-slauharadski,wage_byn,2016,514.4,d
r-slauharadski,wage_byn,2017,570.2,d
r-slauharadski,wage_byn,2018,643.8,d
r-slauharadski,wage_byn,2019,718.4,d
r-slauharadski,wage_byn,2020,831.6,d
r-slauharadski,wage_byn,2021,941.9,d
r-slauharadski,wage_byn,2022,1065.6,d
r-slauharadski,wage_byn,2023,1282.2,d
r-slauharadski,wage_byn,2024,1541.1,d
r-slauharadski,wage_byn,2025,1862.2,d
r-slauharadski,employed_persons,2010,5903.0,d
r-slauharadski,employed_persons,2011,5784.0,d
r-slauharadski,employed_persons,2012,5579.0,d
r-slauharadski,employed_persons,2013,5355.0,d
r-slauharadski,employed_persons,2014,5174.0,d
r-slauharadski,employed_persons,2015,5061.0,d
r-slauharadski,employed_persons,2016,4915.0,d
r-slauharadski,employed_persons,2017,4730.0,d
r-slauharadski,employed_persons,2018,4642.0,d
r-slauharadski,employed_persons,2019,4622.0,d
r-slauharadski,employed_persons,2020,4654.0,d
r-slauharadski,employed_persons,2021,4695.0,d
r-slauharadski,employed_persons,2022,4552.0,d
r-slauharadski,employed_persons,2023,4412.0,d
r-slauharadski,employed_persons,2024,4260.0,d
r-slauharadski,k_oblast_coverage_2019,2019,1.181,m
r-slauharadski,avg_pension_oblast_byn,2025,904.51,d
r-slauharadski,min_minutes_to_minsk,2026,194.5,d
r-slonimski,wage_byn,2010,98.3298,d
r-slonimski,wage_byn,2011,155.2327,d
r-slonimski,wage_byn,2012,304.0764,d
r-slonimski,wage_byn,2013,409.9036,d
r-slonimski,wage_byn,2014,477.9925,d
r-slonimski,wage_byn,2015,525.9005,d
r-slonimski,wage_byn,2016,527.6,d
r-slonimski,wage_byn,2017,614.0,d
r-slonimski,wage_byn,2018,765.9,d
r-slonimski,wage_byn,2019,845.6,d
r-slonimski,wage_byn,2020,973.7,d
r-slonimski,wage_byn,2021,1115.5,d
r-slonimski,wage_byn,2022,1317.7,d
r-slonimski,wage_byn,2023,1558.7,d
r-slonimski,wage_byn,2024,1844.7,d
r-slonimski,wage_byn,2025,2182.8,d
r-slonimski,employed_persons,2010,29455.0,d
r-slonimski,employed_persons,2011,29445.0,d
r-slonimski,employed_persons,2012,28651.0,d
r-slonimski,employed_persons,2013,28206.0,d
r-slonimski,employed_persons,2014,28310.0,d
r-slonimski,employed_persons,2015,27620.0,d
r-slonimski,employed_persons,2016,26564.0,d
r-slonimski,employed_persons,2017,25829.0,d
r-slonimski,employed_persons,2018,25492.0,d
r-slonimski,employed_persons,2019,25015.0,d
r-slonimski,employed_persons,2020,24642.0,d
r-slonimski,employed_persons,2021,24488.0,d
r-slonimski,employed_persons,2022,24147.0,d
r-slonimski,employed_persons,2023,23645.0,d
r-slonimski,employed_persons,2024,23414.0,d
r-slonimski,k_oblast_coverage_2019,2019,1.1456,m
r-slonimski,avg_pension_oblast_byn,2025,905.8,d
r-slonimski,min_minutes_to_minsk,2026,124.8,d
r-slucki,wage_byn,2010,104.0863,d
r-slucki,wage_byn,2011,158.0502,d
r-slucki,wage_byn,2012,315.6641,d
r-slucki,wage_byn,2013,435.1695,d
r-slucki,wage_byn,2014,521.7165,d
r-slucki,wage_byn,2015,581.3065,d
r-slucki,wage_byn,2016,598.6,d
r-slucki,wage_byn,2017,686.5,d
r-slucki,wage_byn,2018,789.7,d
r-slucki,wage_byn,2019,884.9,d
r-slucki,wage_byn,2020,1025.5,d
r-slucki,wage_byn,2021,1176.9,d
r-slucki,wage_byn,2022,1388.2,d
r-slucki,wage_byn,2023,1675.2,d
r-slucki,wage_byn,2024,1993.2,d
r-slucki,wage_byn,2025,2401.7,d
r-slucki,employed_persons,2010,44298.0,d
r-slucki,employed_persons,2011,43990.0,d
r-slucki,employed_persons,2012,43121.0,d
r-slucki,employed_persons,2013,42747.0,d
r-slucki,employed_persons,2014,42039.0,d
r-slucki,employed_persons,2015,42226.0,d
r-slucki,employed_persons,2016,41419.0,d
r-slucki,employed_persons,2017,40386.0,d
r-slucki,employed_persons,2018,39588.0,d
r-slucki,employed_persons,2019,38850.0,d
r-slucki,employed_persons,2020,38399.0,d
r-slucki,employed_persons,2021,37973.0,d
r-slucki,employed_persons,2022,37219.0,d
r-slucki,employed_persons,2023,36562.0,d
r-slucki,employed_persons,2024,36536.0,d
r-slucki,k_oblast_coverage_2019,2019,1.1262,m
r-slucki,avg_pension_oblast_byn,2025,914.4,d
r-slucki,min_minutes_to_minsk,2026,72.4,d
r-smalavicki,wage_byn,2010,118.9408,d
r-smalavicki,wage_byn,2011,184.9986,d
r-smalavicki,wage_byn,2012,366.3222,d
r-smalavicki,wage_byn,2013,522.983,d
r-smalavicki,wage_byn,2014,649.1516,d
r-smalavicki,wage_byn,2015,672.5835,d
r-smalavicki,wage_byn,2016,740.0,d
r-smalavicki,wage_byn,2017,866.4,d
r-smalavicki,wage_byn,2018,1013.7,d
r-smalavicki,wage_byn,2019,1132.4,d
r-smalavicki,wage_byn,2020,1294.9,d
r-smalavicki,wage_byn,2021,1598.8,d
r-smalavicki,wage_byn,2022,1842.2,d
r-smalavicki,wage_byn,2023,2202.3,d
r-smalavicki,wage_byn,2024,2617.2,d
r-smalavicki,wage_byn,2025,3083.5,d
r-smalavicki,employed_persons,2010,21442.0,d
r-smalavicki,employed_persons,2011,21627.0,d
r-smalavicki,employed_persons,2012,21821.0,d
r-smalavicki,employed_persons,2013,22844.0,d
r-smalavicki,employed_persons,2014,22974.0,d
r-smalavicki,employed_persons,2015,23358.0,d
r-smalavicki,employed_persons,2016,23673.0,d
r-smalavicki,employed_persons,2017,24536.0,d
r-smalavicki,employed_persons,2018,24864.0,d
r-smalavicki,employed_persons,2019,25514.0,d
r-smalavicki,employed_persons,2020,26556.0,d
r-smalavicki,employed_persons,2021,27210.0,d
r-smalavicki,employed_persons,2022,27071.0,d
r-smalavicki,employed_persons,2023,27183.0,d
r-smalavicki,employed_persons,2024,28274.0,d
r-smalavicki,k_oblast_coverage_2019,2019,1.1262,m
r-smalavicki,avg_pension_oblast_byn,2025,914.4,d
r-smalavicki,min_minutes_to_minsk,2026,42.4,d
r-smarhonski,wage_byn,2010,96.674,d
r-smarhonski,wage_byn,2011,151.8657,d
r-smarhonski,wage_byn,2012,302.8624,d
r-smarhonski,wage_byn,2013,437.1675,d
r-smarhonski,wage_byn,2014,530.3318,d
r-smarhonski,wage_byn,2015,557.2554,d
r-smarhonski,wage_byn,2016,598.7,d
r-smarhonski,wage_byn,2017,703.0,d
r-smarhonski,wage_byn,2018,798.2,d
r-smarhonski,wage_byn,2019,904.8,d
r-smarhonski,wage_byn,2020,1052.6,d
r-smarhonski,wage_byn,2021,1234.9,d
r-smarhonski,wage_byn,2022,1416.8,d
r-smarhonski,wage_byn,2023,1694.8,d
r-smarhonski,wage_byn,2024,1995.8,d
r-smarhonski,wage_byn,2025,2405.6,d
r-smarhonski,employed_persons,2010,23363.0,d
r-smarhonski,employed_persons,2011,23401.0,d
r-smarhonski,employed_persons,2012,22585.0,d
r-smarhonski,employed_persons,2013,22280.0,d
r-smarhonski,employed_persons,2014,21763.0,d
r-smarhonski,employed_persons,2015,21756.0,d
r-smarhonski,employed_persons,2016,21024.0,d
r-smarhonski,employed_persons,2017,21069.0,d
r-smarhonski,employed_persons,2018,21143.0,d
r-smarhonski,employed_persons,2019,21758.0,d
r-smarhonski,employed_persons,2020,21976.0,d
r-smarhonski,employed_persons,2021,21805.0,d
r-smarhonski,employed_persons,2022,21660.0,d
r-smarhonski,employed_persons,2023,20962.0,d
r-smarhonski,employed_persons,2024,20984.0,d
r-smarhonski,k_oblast_coverage_2019,2019,1.1456,m
r-smarhonski,avg_pension_oblast_byn,2025,905.8,d
r-smarhonski,min_minutes_to_minsk,2026,89.1,d
r-staradarozhski,wage_byn,2010,96.9761,d
r-staradarozhski,wage_byn,2011,150.8098,d
r-staradarozhski,wage_byn,2012,301.1997,d
r-staradarozhski,wage_byn,2013,382.6983,d
r-staradarozhski,wage_byn,2014,439.1227,d
r-staradarozhski,wage_byn,2015,555.8748,d
r-staradarozhski,wage_byn,2016,503.6,d
r-staradarozhski,wage_byn,2017,581.8,d
r-staradarozhski,wage_byn,2018,807.9,d
r-staradarozhski,wage_byn,2019,887.2,d
r-staradarozhski,wage_byn,2020,1032.6,d
r-staradarozhski,wage_byn,2021,1195.0,d
r-staradarozhski,wage_byn,2022,1364.8,d
r-staradarozhski,wage_byn,2023,1588.8,d
r-staradarozhski,wage_byn,2024,1886.1,d
r-staradarozhski,wage_byn,2025,2257.6,d
r-staradarozhski,employed_persons,2010,10091.0,d
r-staradarozhski,employed_persons,2011,10039.0,d
r-staradarozhski,employed_persons,2012,9913.0,d
r-staradarozhski,employed_persons,2013,9772.0,d
r-staradarozhski,employed_persons,2014,9753.0,d
r-staradarozhski,employed_persons,2015,9781.0,d
r-staradarozhski,employed_persons,2016,9664.0,d
r-staradarozhski,employed_persons,2017,9617.0,d
r-staradarozhski,employed_persons,2018,9709.0,d
r-staradarozhski,employed_persons,2019,9578.0,d
r-staradarozhski,employed_persons,2020,9376.0,d
r-staradarozhski,employed_persons,2021,9227.0,d
r-staradarozhski,employed_persons,2022,8902.0,d
r-staradarozhski,employed_persons,2023,8545.0,d
r-staradarozhski,employed_persons,2024,8450.0,d
r-staradarozhski,k_oblast_coverage_2019,2019,1.1262,m
r-staradarozhski,avg_pension_oblast_byn,2025,914.4,d
r-staradarozhski,min_minutes_to_minsk,2026,99.4,d
r-staubcouski,wage_byn,2010,99.1265,d
r-staubcouski,wage_byn,2011,159.2717,d
r-staubcouski,wage_byn,2012,314.6337,d
r-staubcouski,wage_byn,2013,426.9014,d
r-staubcouski,wage_byn,2014,524.8687,d
r-staubcouski,wage_byn,2015,596.4785,d
r-staubcouski,wage_byn,2016,609.7,d
r-staubcouski,wage_byn,2017,689.4,d
r-staubcouski,wage_byn,2018,825.6,d
r-staubcouski,wage_byn,2019,931.9,d
r-staubcouski,wage_byn,2020,1077.1,d
r-staubcouski,wage_byn,2021,1249.6,d
r-staubcouski,wage_byn,2022,1441.8,d
r-staubcouski,wage_byn,2023,1681.6,d
r-staubcouski,wage_byn,2024,2021.5,d
r-staubcouski,wage_byn,2025,2361.6,d
r-staubcouski,employed_persons,2010,18804.0,d
r-staubcouski,employed_persons,2011,18701.0,d
r-staubcouski,employed_persons,2012,18786.0,d
r-staubcouski,employed_persons,2013,18463.0,d
r-staubcouski,employed_persons,2014,17906.0,d
r-staubcouski,employed_persons,2015,17960.0,d
r-staubcouski,employed_persons,2016,17987.0,d
r-staubcouski,employed_persons,2017,17210.0,d
r-staubcouski,employed_persons,2018,17329.0,d
r-staubcouski,employed_persons,2019,17121.0,d
r-staubcouski,employed_persons,2020,16939.0,d
r-staubcouski,employed_persons,2021,17194.0,d
r-staubcouski,employed_persons,2022,16904.0,d
r-staubcouski,employed_persons,2023,16714.0,d
r-staubcouski,employed_persons,2024,16808.0,d
r-staubcouski,k_oblast_coverage_2019,2019,1.1262,m
r-staubcouski,avg_pension_oblast_byn,2025,914.4,d
r-staubcouski,min_minutes_to_minsk,2026,51.0,d
r-stolinski,wage_byn,2010,83.007,d
r-stolinski,wage_byn,2011,130.2337,d
r-stolinski,wage_byn,2012,261.2238,d
r-stolinski,wage_byn,2013,360.3972,d
r-stolinski,wage_byn,2014,433.9899,d
r-stolinski,wage_byn,2015,472.5086,d
r-stolinski,wage_byn,2016,511.8,d
r-stolinski,wage_byn,2017,574.7,d
r-stolinski,wage_byn,2018,663.7,d
r-stolinski,wage_byn,2019,746.8,d
r-stolinski,wage_byn,2020,863.9,d
r-stolinski,wage_byn,2021,969.1,d
r-stolinski,wage_byn,2022,1156.2,d
r-stolinski,wage_byn,2023,1400.3,d
r-stolinski,wage_byn,2024,1636.1,d
r-stolinski,wage_byn,2025,2002.9,d
r-stolinski,employed_persons,2010,29433.0,d
r-stolinski,employed_persons,2011,29303.0,d
r-stolinski,employed_persons,2012,27870.0,d
r-stolinski,employed_persons,2013,25565.0,d
r-stolinski,employed_persons,2014,27733.0,d
r-stolinski,employed_persons,2015,27620.0,d
r-stolinski,employed_persons,2016,28631.0,d
r-stolinski,employed_persons,2017,28297.0,d
r-stolinski,employed_persons,2018,28170.0,d
r-stolinski,employed_persons,2019,26176.0,d
r-stolinski,employed_persons,2020,26434.0,d
r-stolinski,employed_persons,2021,26377.0,d
r-stolinski,employed_persons,2022,26769.0,d
r-stolinski,employed_persons,2023,26700.0,d
r-stolinski,employed_persons,2024,26753.0,d
r-stolinski,k_oblast_coverage_2019,2019,1.1786,m
r-stolinski,avg_pension_oblast_byn,2025,877.45,d
r-stolinski,min_minutes_to_minsk,2026,240.8,d
r-svietlahorski,wage_byn,2010,115.7125,d
r-svietlahorski,wage_byn,2011,188.3993,d
r-svietlahorski,wage_byn,2012,360.005,d
r-svietlahorski,wage_byn,2013,477.0314,d
r-svietlahorski,wage_byn,2014,570.2957,d
r-svietlahorski,wage_byn,2015,625.4043,d
r-svietlahorski,wage_byn,2016,649.9,d
r-svietlahorski,wage_byn,2017,751.7,d
r-svietlahorski,wage_byn,2018,890.9,d
r-svietlahorski,wage_byn,2019,1007.2,d
r-svietlahorski,wage_byn,2020,1200.2,d
r-svietlahorski,wage_byn,2021,1422.5,d
r-svietlahorski,wage_byn,2022,1650.6,d
r-svietlahorski,wage_byn,2023,1954.1,d
r-svietlahorski,wage_byn,2024,2290.5,d
r-svietlahorski,wage_byn,2025,2685.3,d
r-svietlahorski,employed_persons,2010,40926.0,d
r-svietlahorski,employed_persons,2011,40959.0,d
r-svietlahorski,employed_persons,2012,39801.0,d
r-svietlahorski,employed_persons,2013,38862.0,d
r-svietlahorski,employed_persons,2014,38235.0,d
r-svietlahorski,employed_persons,2015,37373.0,d
r-svietlahorski,employed_persons,2016,36071.6,d
r-svietlahorski,employed_persons,2017,35306.0,d
r-svietlahorski,employed_persons,2018,35338.0,d
r-svietlahorski,employed_persons,2019,34941.0,d
r-svietlahorski,employed_persons,2020,34705.0,d
r-svietlahorski,employed_persons,2021,34159.0,d
r-svietlahorski,employed_persons,2022,33947.0,d
r-svietlahorski,employed_persons,2023,33602.0,d
r-svietlahorski,employed_persons,2024,32983.0,d
r-svietlahorski,k_oblast_coverage_2019,2019,1.1803,m
r-svietlahorski,avg_pension_oblast_byn,2025,918.07,d
r-svietlahorski,min_minutes_to_minsk,2026,155.8,d
r-svislacki,wage_byn,2010,87.6576,d
r-svislacki,wage_byn,2011,136.5837,d
r-svislacki,wage_byn,2012,266.7349,d
r-svislacki,wage_byn,2013,361.4834,d
r-svislacki,wage_byn,2014,441.9899,d
r-svislacki,wage_byn,2015,492.1379,d
r-svislacki,wage_byn,2016,503.6,d
r-svislacki,wage_byn,2017,558.6,d
r-svislacki,wage_byn,2018,679.9,d
r-svislacki,wage_byn,2019,767.5,d
r-svislacki,wage_byn,2020,892.4,d
r-svislacki,wage_byn,2021,1030.2,d
r-svislacki,wage_byn,2022,1204.9,d
r-svislacki,wage_byn,2023,1442.9,d
r-svislacki,wage_byn,2024,1759.0,d
r-svislacki,wage_byn,2025,2125.2,d
r-svislacki,employed_persons,2010,8345.0,d
r-svislacki,employed_persons,2011,8191.0,d
r-svislacki,employed_persons,2012,8077.0,d
r-svislacki,employed_persons,2013,7900.0,d
r-svislacki,employed_persons,2014,7543.0,d
r-svislacki,employed_persons,2015,7512.0,d
r-svislacki,employed_persons,2016,7150.0,d
r-svislacki,employed_persons,2017,6849.0,d
r-svislacki,employed_persons,2018,6623.0,d
r-svislacki,employed_persons,2019,6237.0,d
r-svislacki,employed_persons,2020,6056.0,d
r-svislacki,employed_persons,2021,5900.0,d
r-svislacki,employed_persons,2022,5868.0,d
r-svislacki,employed_persons,2023,5801.0,d
r-svislacki,employed_persons,2024,5635.0,d
r-svislacki,k_oblast_coverage_2019,2019,1.1456,m
r-svislacki,avg_pension_oblast_byn,2025,905.8,d
r-svislacki,min_minutes_to_minsk,2026,203.4,d
r-talachynski,wage_byn,2010,100.0516,d
r-talachynski,wage_byn,2011,159.0421,d
r-talachynski,wage_byn,2012,307.0174,d
r-talachynski,wage_byn,2013,402.7443,d
r-talachynski,wage_byn,2014,472.6473,d
r-talachynski,wage_byn,2015,524.723,d
r-talachynski,wage_byn,2016,591.5,d
r-talachynski,wage_byn,2017,681.6,d
r-talachynski,wage_byn,2018,776.4,d
r-talachynski,wage_byn,2019,825.7,d
r-talachynski,wage_byn,2020,965.0,d
r-talachynski,wage_byn,2021,1093.6,d
r-talachynski,wage_byn,2022,1258.8,d
r-talachynski,wage_byn,2023,1494.5,d
r-talachynski,wage_byn,2024,1767.5,d
r-talachynski,wage_byn,2025,2038.7,d
r-talachynski,employed_persons,2010,12694.0,d
r-talachynski,employed_persons,2011,12419.0,d
r-talachynski,employed_persons,2012,11707.0,d
r-talachynski,employed_persons,2013,11390.0,d
r-talachynski,employed_persons,2014,11186.0,d
r-talachynski,employed_persons,2015,10809.0,d
r-talachynski,employed_persons,2016,10612.0,d
r-talachynski,employed_persons,2017,10465.0,d
r-talachynski,employed_persons,2018,10118.0,d
r-talachynski,employed_persons,2019,9619.0,d
r-talachynski,employed_persons,2020,9706.0,d
r-talachynski,employed_persons,2021,9531.0,d
r-talachynski,employed_persons,2022,9138.0,d
r-talachynski,employed_persons,2023,8898.0,d
r-talachynski,employed_persons,2024,8644.0,d
r-talachynski,k_oblast_coverage_2019,2019,1.1295,m
r-talachynski,avg_pension_oblast_byn,2025,907.08,d
r-talachynski,min_minutes_to_minsk,2026,103.5,d
r-ushacki,wage_byn,2010,88.4846,d
r-ushacki,wage_byn,2011,137.5768,d
r-ushacki,wage_byn,2012,260.6021,d
r-ushacki,wage_byn,2013,349.1062,d
r-ushacki,wage_byn,2014,409.8799,d
r-ushacki,wage_byn,2015,438.2121,d
r-ushacki,wage_byn,2016,474.5,d
r-ushacki,wage_byn,2017,531.5,d
r-ushacki,wage_byn,2018,636.5,d
r-ushacki,wage_byn,2019,713.5,d
r-ushacki,wage_byn,2020,844.8,d
r-ushacki,wage_byn,2021,976.6,d
r-ushacki,wage_byn,2022,1118.0,d
r-ushacki,wage_byn,2023,1302.8,d
r-ushacki,wage_byn,2024,1534.2,d
r-ushacki,wage_byn,2025,1852.9,d
r-ushacki,employed_persons,2010,6946.0,d
r-ushacki,employed_persons,2011,6857.0,d
r-ushacki,employed_persons,2012,6378.0,d
r-ushacki,employed_persons,2013,6145.0,d
r-ushacki,employed_persons,2014,6081.0,d
r-ushacki,employed_persons,2015,5701.0,d
r-ushacki,employed_persons,2016,5575.0,d
r-ushacki,employed_persons,2017,5491.0,d
r-ushacki,employed_persons,2018,5469.0,d
r-ushacki,employed_persons,2019,5109.0,d
r-ushacki,employed_persons,2020,5037.0,d
r-ushacki,employed_persons,2021,4960.0,d
r-ushacki,employed_persons,2022,4667.0,d
r-ushacki,employed_persons,2023,4519.0,d
r-ushacki,employed_persons,2024,4386.0,d
r-ushacki,k_oblast_coverage_2019,2019,1.1295,m
r-ushacki,avg_pension_oblast_byn,2025,907.08,d
r-ushacki,min_minutes_to_minsk,2026,139.5,d
r-uzdzienski,wage_byn,2010,92.8688,d
r-uzdzienski,wage_byn,2011,148.0022,d
r-uzdzienski,wage_byn,2012,292.9263,d
r-uzdzienski,wage_byn,2013,414.4313,d
r-uzdzienski,wage_byn,2014,528.1581,d
r-uzdzienski,wage_byn,2015,562.3673,d
r-uzdzienski,wage_byn,2016,585.5,d
r-uzdzienski,wage_byn,2017,669.6,d
r-uzdzienski,wage_byn,2018,774.3,d
r-uzdzienski,wage_byn,2019,847.1,d
r-uzdzienski,wage_byn,2020,1014.6,d
r-uzdzienski,wage_byn,2021,1182.5,d
r-uzdzienski,wage_byn,2022,1378.8,d
r-uzdzienski,wage_byn,2023,1670.2,d
r-uzdzienski,wage_byn,2024,1965.9,d
r-uzdzienski,wage_byn,2025,2384.7,d
r-uzdzienski,employed_persons,2010,10837.0,d
r-uzdzienski,employed_persons,2011,10805.0,d
r-uzdzienski,employed_persons,2012,10726.0,d
r-uzdzienski,employed_persons,2013,10374.0,d
r-uzdzienski,employed_persons,2014,10144.0,d
r-uzdzienski,employed_persons,2015,10179.0,d
r-uzdzienski,employed_persons,2016,10121.0,d
r-uzdzienski,employed_persons,2017,10023.0,d
r-uzdzienski,employed_persons,2018,9731.0,d
r-uzdzienski,employed_persons,2019,9654.0,d
r-uzdzienski,employed_persons,2020,9488.0,d
r-uzdzienski,employed_persons,2021,9386.0,d
r-uzdzienski,employed_persons,2022,9231.0,d
r-uzdzienski,employed_persons,2023,9088.0,d
r-uzdzienski,employed_persons,2024,9157.0,d
r-uzdzienski,k_oblast_coverage_2019,2019,1.1262,m
r-uzdzienski,avg_pension_oblast_byn,2025,914.4,d
r-uzdzienski,min_minutes_to_minsk,2026,51.1,d
r-valozhynski,wage_byn,2010,89.3373,d
r-valozhynski,wage_byn,2011,141.8759,d
r-valozhynski,wage_byn,2012,283.0609,d
r-valozhynski,wage_byn,2013,391.7747,d
r-valozhynski,wage_byn,2014,482.3369,d
r-valozhynski,wage_byn,2015,560.6295,d
r-valozhynski,wage_byn,2016,554.2,d
r-valozhynski,wage_byn,2017,617.5,d
r-valozhynski,wage_byn,2018,754.1,d
r-valozhynski,wage_byn,2019,841.2,d
r-valozhynski,wage_byn,2020,978.9,d
r-valozhynski,wage_byn,2021,1149.3,d
r-valozhynski,wage_byn,2022,1338.6,d
r-valozhynski,wage_byn,2023,1599.9,d
r-valozhynski,wage_byn,2024,1884.6,d
r-valozhynski,wage_byn,2025,2254.1,d
r-valozhynski,employed_persons,2010,15509.0,d
r-valozhynski,employed_persons,2011,15300.0,d
r-valozhynski,employed_persons,2012,15379.0,d
r-valozhynski,employed_persons,2013,15023.0,d
r-valozhynski,employed_persons,2014,14548.0,d
r-valozhynski,employed_persons,2015,14602.0,d
r-valozhynski,employed_persons,2016,14150.0,d
r-valozhynski,employed_persons,2017,13679.0,d
r-valozhynski,employed_persons,2018,13707.0,d
r-valozhynski,employed_persons,2019,13523.0,d
r-valozhynski,employed_persons,2020,13143.0,d
r-valozhynski,employed_persons,2021,13486.0,d
r-valozhynski,employed_persons,2022,13342.0,d
r-valozhynski,employed_persons,2023,13056.0,d
r-valozhynski,employed_persons,2024,12788.0,d
r-valozhynski,k_oblast_coverage_2019,2019,1.1262,m
r-valozhynski,avg_pension_oblast_byn,2025,914.4,d
r-valozhynski,min_minutes_to_minsk,2026,54.7,d
r-vaukavyski,wage_byn,2010,114.262,d
r-vaukavyski,wage_byn,2011,173.2545,d
r-vaukavyski,wage_byn,2012,348.6522,d
r-vaukavyski,wage_byn,2013,463.9655,d
r-vaukavyski,wage_byn,2014,543.6268,d
r-vaukavyski,wage_byn,2015,591.8809,d
r-vaukavyski,wage_byn,2016,581.8,d
r-vaukavyski,wage_byn,2017,670.1,d
r-vaukavyski,wage_byn,2018,792.2,d
r-vaukavyski,wage_byn,2019,878.9,d
r-vaukavyski,wage_byn,2020,992.8,d
r-vaukavyski,wage_byn,2021,1105.1,d
r-vaukavyski,wage_byn,2022,1328.9,d
r-vaukavyski,wage_byn,2023,1597.7,d
r-vaukavyski,wage_byn,2024,1928.8,d
r-vaukavyski,wage_byn,2025,2311.5,d
r-vaukavyski,employed_persons,2010,37723.0,d
r-vaukavyski,employed_persons,2011,37351.0,d
r-vaukavyski,employed_persons,2012,36392.0,d
r-vaukavyski,employed_persons,2013,35728.0,d
r-vaukavyski,employed_persons,2014,34631.0,d
r-vaukavyski,employed_persons,2015,34218.0,d
r-vaukavyski,employed_persons,2016,33266.0,d
r-vaukavyski,employed_persons,2017,32365.0,d
r-vaukavyski,employed_persons,2018,31860.0,d
r-vaukavyski,employed_persons,2019,30519.0,d
r-vaukavyski,employed_persons,2020,30127.0,d
r-vaukavyski,employed_persons,2021,29844.0,d
r-vaukavyski,employed_persons,2022,29167.0,d
r-vaukavyski,employed_persons,2023,28652.0,d
r-vaukavyski,employed_persons,2024,28257.0,d
r-vaukavyski,k_oblast_coverage_2019,2019,1.1456,m
r-vaukavyski,avg_pension_oblast_byn,2025,905.8,d
r-vaukavyski,min_minutes_to_minsk,2026,174.7,d
r-viciebski,wage_byn,2010,102.2686,d
r-viciebski,wage_byn,2011,162.6112,d
r-viciebski,wage_byn,2012,318.4906,d
r-viciebski,wage_byn,2013,430.8363,d
r-viciebski,wage_byn,2014,522.3941,d
r-viciebski,wage_byn,2015,557.8412,d
r-viciebski,wage_byn,2016,570.5,d
r-viciebski,wage_byn,2017,677.6,d
r-viciebski,wage_byn,2018,775.9,d
r-viciebski,wage_byn,2019,865.2,d
r-viciebski,wage_byn,2020,1002.9,d
r-viciebski,wage_byn,2021,1139.9,d
r-viciebski,wage_byn,2022,1280.1,d
r-viciebski,wage_byn,2023,1558.1,d
r-viciebski,wage_byn,2024,1886.5,d
r-viciebski,wage_byn,2025,2234.3,d
r-viciebski,employed_persons,2010,18958.0,d
r-viciebski,employed_persons,2011,18108.0,d
r-viciebski,employed_persons,2012,17730.0,d
r-viciebski,employed_persons,2013,17834.0,d
r-viciebski,employed_persons,2014,16917.0,d
r-viciebski,employed_persons,2015,17587.0,d
r-viciebski,employed_persons,2016,17746.0,d
r-viciebski,employed_persons,2017,18008.0,d
r-viciebski,employed_persons,2018,18404.0,d
r-viciebski,employed_persons,2019,18032.0,d
r-viciebski,employed_persons,2020,18050.0,d
r-viciebski,employed_persons,2021,17838.0,d
r-viciebski,employed_persons,2022,17789.0,d
r-viciebski,employed_persons,2023,17782.0,d
r-viciebski,employed_persons,2024,17684.0,d
r-viciebski,k_oblast_coverage_2019,2019,1.1295,m
r-viciebski,avg_pension_oblast_byn,2025,907.08,d
r-viciebski,min_minutes_to_minsk,2026,179.8,d
r-vierchniadzvinski,wage_byn,2010,99.1411,d
r-vierchniadzvinski,wage_byn,2011,157.6831,d
r-vierchniadzvinski,wage_byn,2012,313.3414,d
r-vierchniadzvinski,wage_byn,2013,419.0041,d
r-vierchniadzvinski,wage_byn,2014,495.0609,d
r-vierchniadzvinski,wage_byn,2015,552.133,d
r-vierchniadzvinski,wage_byn,2016,602.8,d
r-vierchniadzvinski,wage_byn,2017,676.0,d
r-vierchniadzvinski,wage_byn,2018,746.5,d
r-vierchniadzvinski,wage_byn,2019,829.3,d
r-vierchniadzvinski,wage_byn,2020,976.2,d
r-vierchniadzvinski,wage_byn,2021,1130.8,d
r-vierchniadzvinski,wage_byn,2022,1325.2,d
r-vierchniadzvinski,wage_byn,2023,1521.8,d
r-vierchniadzvinski,wage_byn,2024,1841.5,d
r-vierchniadzvinski,wage_byn,2025,2215.6,d
r-vierchniadzvinski,employed_persons,2010,11667.0,d
r-vierchniadzvinski,employed_persons,2011,11366.0,d
r-vierchniadzvinski,employed_persons,2012,10919.0,d
r-vierchniadzvinski,employed_persons,2013,10713.0,d
r-vierchniadzvinski,employed_persons,2014,10419.0,d
r-vierchniadzvinski,employed_persons,2015,10502.0,d
r-vierchniadzvinski,employed_persons,2016,10056.0,d
r-vierchniadzvinski,employed_persons,2017,9872.0,d
r-vierchniadzvinski,employed_persons,2018,9683.0,d
r-vierchniadzvinski,employed_persons,2019,9406.0,d
r-vierchniadzvinski,employed_persons,2020,9216.0,d
r-vierchniadzvinski,employed_persons,2021,9034.0,d
r-vierchniadzvinski,employed_persons,2022,8872.0,d
r-vierchniadzvinski,employed_persons,2023,8659.0,d
r-vierchniadzvinski,employed_persons,2024,8428.0,d
r-vierchniadzvinski,k_oblast_coverage_2019,2019,1.1295,m
r-vierchniadzvinski,avg_pension_oblast_byn,2025,907.08,d
r-vierchniadzvinski,min_minutes_to_minsk,2026,200.7,d
r-vietkauski,wage_byn,2010,91.7653,d
r-vietkauski,wage_byn,2011,147.0754,d
r-vietkauski,wage_byn,2012,299.0081,d
r-vietkauski,wage_byn,2013,415.8275,d
r-vietkauski,wage_byn,2014,476.1706,d
r-vietkauski,wage_byn,2015,516.4246,d
r-vietkauski,wage_byn,2016,517.4,d
r-vietkauski,wage_byn,2017,602.3,d
r-vietkauski,wage_byn,2018,693.4,d
r-vietkauski,wage_byn,2019,754.4,d
r-vietkauski,wage_byn,2020,854.5,d
r-vietkauski,wage_byn,2021,957.4,d
r-vietkauski,wage_byn,2022,1114.1,d
r-vietkauski,wage_byn,2023,1337.3,d
r-vietkauski,wage_byn,2024,1607.0,d
r-vietkauski,wage_byn,2025,1961.6,d
r-vietkauski,employed_persons,2010,7195.0,d
r-vietkauski,employed_persons,2011,7207.0,d
r-vietkauski,employed_persons,2012,7106.0,d
r-vietkauski,employed_persons,2013,6739.0,d
r-vietkauski,employed_persons,2014,6653.0,d
r-vietkauski,employed_persons,2015,6438.0,d
r-vietkauski,employed_persons,2016,6340.6,d
r-vietkauski,employed_persons,2017,6455.0,d
r-vietkauski,employed_persons,2018,6443.0,d
r-vietkauski,employed_persons,2019,6408.0,d
r-vietkauski,employed_persons,2020,6444.0,d
r-vietkauski,employed_persons,2021,6374.0,d
r-vietkauski,employed_persons,2022,6186.0,d
r-vietkauski,employed_persons,2023,6003.0,d
r-vietkauski,employed_persons,2024,5963.0,d
r-vietkauski,k_oblast_coverage_2019,2019,1.1803,m
r-vietkauski,avg_pension_oblast_byn,2025,918.07,d
r-vietkauski,min_minutes_to_minsk,2026,219.1,d
r-vilejski,wage_byn,2010,93.0325,d
r-vilejski,wage_byn,2011,145.3316,d
r-vilejski,wage_byn,2012,285.2878,d
r-vilejski,wage_byn,2013,403.8216,d
r-vilejski,wage_byn,2014,494.8657,d
r-vilejski,wage_byn,2015,539.3891,d
r-vilejski,wage_byn,2016,572.7,d
r-vilejski,wage_byn,2017,653.1,d
r-vilejski,wage_byn,2018,741.3,d
r-vilejski,wage_byn,2019,810.9,d
r-vilejski,wage_byn,2020,962.3,d
r-vilejski,wage_byn,2021,1117.3,d
r-vilejski,wage_byn,2022,1262.4,d
r-vilejski,wage_byn,2023,1488.0,d
r-vilejski,wage_byn,2024,1786.2,d
r-vilejski,wage_byn,2025,2149.9,d
r-vilejski,employed_persons,2010,21354.0,d
r-vilejski,employed_persons,2011,20767.0,d
r-vilejski,employed_persons,2012,20387.0,d
r-vilejski,employed_persons,2013,20025.0,d
r-vilejski,employed_persons,2014,19614.0,d
r-vilejski,employed_persons,2015,19210.0,d
r-vilejski,employed_persons,2016,18638.0,d
r-vilejski,employed_persons,2017,17798.0,d
r-vilejski,employed_persons,2018,17876.0,d
r-vilejski,employed_persons,2019,16867.0,d
r-vilejski,employed_persons,2020,16204.0,d
r-vilejski,employed_persons,2021,15991.0,d
r-vilejski,employed_persons,2022,15470.0,d
r-vilejski,employed_persons,2023,15021.0,d
r-vilejski,employed_persons,2024,14807.0,d
r-vilejski,k_oblast_coverage_2019,2019,1.1262,m
r-vilejski,avg_pension_oblast_byn,2025,914.4,d
r-vilejski,min_minutes_to_minsk,2026,74.0,d
r-voranauski,wage_byn,2010,86.3965,d
r-voranauski,wage_byn,2011,135.8463,d
r-voranauski,wage_byn,2012,270.4462,d
r-voranauski,wage_byn,2013,366.2281,d
r-voranauski,wage_byn,2014,440.2623,d
r-voranauski,wage_byn,2015,491.6235,d
r-voranauski,wage_byn,2016,501.5,d
r-voranauski,wage_byn,2017,576.4,d
r-voranauski,wage_byn,2018,692.3,d
r-voranauski,wage_byn,2019,776.9,d
r-voranauski,wage_byn,2020,902.8,d
r-voranauski,wage_byn,2021,1013.0,d
r-voranauski,wage_byn,2022,1201.7,d
r-voranauski,wage_byn,2023,1472.6,d
r-voranauski,wage_byn,2024,1689.5,d
r-voranauski,wage_byn,2025,2020.3,d
r-voranauski,employed_persons,2010,12449.0,d
r-voranauski,employed_persons,2011,12514.0,d
r-voranauski,employed_persons,2012,12398.0,d
r-voranauski,employed_persons,2013,12072.0,d
r-voranauski,employed_persons,2014,11249.0,d
r-voranauski,employed_persons,2015,11152.0,d
r-voranauski,employed_persons,2016,10789.0,d
r-voranauski,employed_persons,2017,10438.0,d
r-voranauski,employed_persons,2018,9957.0,d
r-voranauski,employed_persons,2019,9593.0,d
r-voranauski,employed_persons,2020,9601.0,d
r-voranauski,employed_persons,2021,9411.0,d
r-voranauski,employed_persons,2022,9278.0,d
r-voranauski,employed_persons,2023,9146.0,d
r-voranauski,employed_persons,2024,9189.0,d
r-voranauski,k_oblast_coverage_2019,2019,1.1456,m
r-voranauski,avg_pension_oblast_byn,2025,905.8,d
r-voranauski,min_minutes_to_minsk,2026,127.5,d
r-zelvienski,wage_byn,2010,89.8315,d
r-zelvienski,wage_byn,2011,140.2886,d
r-zelvienski,wage_byn,2012,282.6423,d
r-zelvienski,wage_byn,2013,384.5388,d
r-zelvienski,wage_byn,2014,466.6141,d
r-zelvienski,wage_byn,2015,491.5553,d
r-zelvienski,wage_byn,2016,513.9,d
r-zelvienski,wage_byn,2017,583.4,d
r-zelvienski,wage_byn,2018,687.8,d
r-zelvienski,wage_byn,2019,787.5,d
r-zelvienski,wage_byn,2020,922.7,d
r-zelvienski,wage_byn,2021,1036.7,d
r-zelvienski,wage_byn,2022,1234.5,d
r-zelvienski,wage_byn,2023,1501.1,d
r-zelvienski,wage_byn,2024,1750.2,d
r-zelvienski,wage_byn,2025,2110.2,d
r-zelvienski,employed_persons,2010,8217.0,d
r-zelvienski,employed_persons,2011,8055.0,d
r-zelvienski,employed_persons,2012,7901.0,d
r-zelvienski,employed_persons,2013,7524.0,d
r-zelvienski,employed_persons,2014,7204.0,d
r-zelvienski,employed_persons,2015,7151.0,d
r-zelvienski,employed_persons,2016,6806.0,d
r-zelvienski,employed_persons,2017,6521.0,d
r-zelvienski,employed_persons,2018,6223.0,d
r-zelvienski,employed_persons,2019,6060.0,d
r-zelvienski,employed_persons,2020,6072.0,d
r-zelvienski,employed_persons,2021,5943.0,d
r-zelvienski,employed_persons,2022,5840.0,d
r-zelvienski,employed_persons,2023,5572.0,d
r-zelvienski,employed_persons,2024,5398.0,d
r-zelvienski,k_oblast_coverage_2019,2019,1.1456,m
r-zelvienski,avg_pension_oblast_byn,2025,905.8,d
r-zelvienski,min_minutes_to_minsk,2026,154.4,d
r-zhabinkauski,wage_byn,2010,111.433,d
r-zhabinkauski,wage_byn,2011,163.5783,d
r-zhabinkauski,wage_byn,2012,318.4563,d
r-zhabinkauski,wage_byn,2013,434.9553,d
r-zhabinkauski,wage_byn,2014,536.778,d
r-zhabinkauski,wage_byn,2015,576.8363,d
r-zhabinkauski,wage_byn,2016,627.8,d
r-zhabinkauski,wage_byn,2017,718.9,d
r-zhabinkauski,wage_byn,2018,807.8,d
r-zhabinkauski,wage_byn,2019,868.8,d
r-zhabinkauski,wage_byn,2020,977.1,d
r-zhabinkauski,wage_byn,2021,1129.2,d
r-zhabinkauski,wage_byn,2022,1338.0,d
r-zhabinkauski,wage_byn,2023,1660.9,d
r-zhabinkauski,wage_byn,2024,2024.9,d
r-zhabinkauski,wage_byn,2025,2443.0,d
r-zhabinkauski,employed_persons,2010,10628.0,d
r-zhabinkauski,employed_persons,2011,10564.0,d
r-zhabinkauski,employed_persons,2012,10559.0,d
r-zhabinkauski,employed_persons,2013,10245.0,d
r-zhabinkauski,employed_persons,2014,9973.0,d
r-zhabinkauski,employed_persons,2015,9986.0,d
r-zhabinkauski,employed_persons,2016,9923.0,d
r-zhabinkauski,employed_persons,2017,9962.0,d
r-zhabinkauski,employed_persons,2018,10192.0,d
r-zhabinkauski,employed_persons,2019,9873.0,d
r-zhabinkauski,employed_persons,2020,9815.0,d
r-zhabinkauski,employed_persons,2021,9806.0,d
r-zhabinkauski,employed_persons,2022,9390.0,d
r-zhabinkauski,employed_persons,2023,9400.0,d
r-zhabinkauski,employed_persons,2024,9336.0,d
r-zhabinkauski,k_oblast_coverage_2019,2019,1.1786,m
r-zhabinkauski,avg_pension_oblast_byn,2025,877.45,d
r-zhabinkauski,min_minutes_to_minsk,2026,197.0,d
r-zhlobinski,wage_byn,2010,133.9073,d
r-zhlobinski,wage_byn,2011,224.8701,d
r-zhlobinski,wage_byn,2012,417.89,d
r-zhlobinski,wage_byn,2013,521.5417,d
r-zhlobinski,wage_byn,2014,611.9698,d
r-zhlobinski,wage_byn,2015,637.2415,d
r-zhlobinski,wage_byn,2016,629.8,d
r-zhlobinski,wage_byn,2017,769.8,d
r-zhlobinski,wage_byn,2018,958.2,d
r-zhlobinski,wage_byn,2019,1044.9,d
r-zhlobinski,wage_byn,2020,1099.0,d
r-zhlobinski,wage_byn,2021,1316.6,d
r-zhlobinski,wage_byn,2022,1478.2,d
r-zhlobinski,wage_byn,2023,1768.3,d
r-zhlobinski,wage_byn,2024,2088.2,d
r-zhlobinski,wage_byn,2025,2302.5,d
r-zhlobinski,employed_persons,2010,52888.0,d
r-zhlobinski,employed_persons,2011,52459.0,d
r-zhlobinski,employed_persons,2012,51835.0,d
r-zhlobinski,employed_persons,2013,51450.0,d
r-zhlobinski,employed_persons,2014,51156.0,d
r-zhlobinski,employed_persons,2015,51493.0,d
r-zhlobinski,employed_persons,2016,49901.3,d
r-zhlobinski,employed_persons,2017,48793.0,d
r-zhlobinski,employed_persons,2018,48541.0,d
r-zhlobinski,employed_persons,2019,47973.0,d
r-zhlobinski,employed_persons,2020,47470.0,d
r-zhlobinski,employed_persons,2021,46989.0,d
r-zhlobinski,employed_persons,2022,46269.0,d
r-zhlobinski,employed_persons,2023,45593.0,d
r-zhlobinski,employed_persons,2024,44747.0,d
r-zhlobinski,k_oblast_coverage_2019,2019,1.1803,m
r-zhlobinski,avg_pension_oblast_byn,2025,918.07,d
r-zhlobinski,min_minutes_to_minsk,2026,145.9,d
r-zhytkavicki,wage_byn,2010,90.7146,d
r-zhytkavicki,wage_byn,2011,145.2081,d
r-zhytkavicki,wage_byn,2012,290.2806,d
r-zhytkavicki,wage_byn,2013,385.9515,d
r-zhytkavicki,wage_byn,2014,458.1549,d
r-zhytkavicki,wage_byn,2015,505.9446,d
r-zhytkavicki,wage_byn,2016,534.5,d
r-zhytkavicki,wage_byn,2017,610.5,d
r-zhytkavicki,wage_byn,2018,712.9,d
r-zhytkavicki,wage_byn,2019,797.3,d
r-zhytkavicki,wage_byn,2020,914.9,d
r-zhytkavicki,wage_byn,2021,1049.9,d
r-zhytkavicki,wage_byn,2022,1212.8,d
r-zhytkavicki,wage_byn,2023,1446.5,d
r-zhytkavicki,wage_byn,2024,1749.6,d
r-zhytkavicki,wage_byn,2025,2115.0,d
r-zhytkavicki,employed_persons,2010,15534.0,d
r-zhytkavicki,employed_persons,2011,15518.0,d
r-zhytkavicki,employed_persons,2012,15043.0,d
r-zhytkavicki,employed_persons,2013,14199.0,d
r-zhytkavicki,employed_persons,2014,14148.0,d
r-zhytkavicki,employed_persons,2015,13680.0,d
r-zhytkavicki,employed_persons,2016,13439.4,d
r-zhytkavicki,employed_persons,2017,13566.0,d
r-zhytkavicki,employed_persons,2018,13669.0,d
r-zhytkavicki,employed_persons,2019,13248.0,d
r-zhytkavicki,employed_persons,2020,13178.0,d
r-zhytkavicki,employed_persons,2021,13074.0,d
r-zhytkavicki,employed_persons,2022,12993.0,d
r-zhytkavicki,employed_persons,2023,12869.0,d
r-zhytkavicki,employed_persons,2024,12671.0,d
r-zhytkavicki,k_oblast_coverage_2019,2019,1.1803,m
r-zhytkavicki,avg_pension_oblast_byn,2025,918.07,d
r-zhytkavicki,min_minutes_to_minsk,2026,162.6,d
