territory_id,year,kind,scenario,sex_ratio_25_39,sex_ratio_70plus,marriage_gap,marriage_gap_rel,h3_mortality_gap,h3_migration_gap,h3_dominant,onset_year,min_minsk
r-akciabrski,2009,census,,97.39,42.66,-38,-2.61,21.3,146.5,migration,2026,148.0
r-akciabrski,2019,census,,110.57,41.73,124,10.57,21.3,146.5,migration,2026,148.0
r-akciabrski,2026,forecast,base:adjusted,118.23,47.16,158.5,18.23,21.3,146.5,migration,2026,148.0
r-akciabrski,2031,forecast,base:adjusted,120.44,50.95,154.5,20.44,21.3,146.5,migration,2026,148.0
r-akciabrski,2036,forecast,base:adjusted,113.48,52.01,102.1,13.48,21.3,146.5,migration,2026,148.0
r-akciabrski,2041,forecast,base:adjusted,108.81,51.86,72.2,8.81,21.3,146.5,migration,2026,148.0
r-akciabrski,2046,forecast,base:adjusted,108.06,50.93,63.9,8.06,21.3,146.5,migration,2026,148.0
r-akciabrski,2051,forecast,base:adjusted,105.8,50.92,39.4,5.8,21.3,146.5,migration,2026,148.0
r-akciabrski,2056,forecast,base:adjusted,104.08,53.98,21.7,4.08,21.3,146.5,migration,2026,148.0
r-akciabrski,2026,forecast,base:official,118.96,47.16,173.5,18.96,21.3,146.5,migration,2026,148.0
r-akciabrski,2031,forecast,base:official,121.01,50.96,166.9,21.01,21.3,146.5,migration,2026,148.0
r-akciabrski,2036,forecast,base:official,113.79,52.04,107.9,13.79,21.3,146.5,migration,2026,148.0
r-akciabrski,2041,forecast,base:official,108.9,51.93,74.4,8.9,21.3,146.5,migration,2026,148.0
r-akciabrski,2046,forecast,base:official,108.1,51.04,65.2,8.1,21.3,146.5,migration,2026,148.0
r-akciabrski,2051,forecast,base:official,105.92,51.08,41.0,5.92,21.3,146.5,migration,2026,148.0
r-akciabrski,2056,forecast,base:official,104.18,54.28,22.9,4.18,21.3,146.5,migration,2026,148.0
r-akciabrski,2026,forecast,negative:adjusted,118.23,47.16,158.5,18.23,21.3,146.5,migration,2026,148.0
r-akciabrski,2031,forecast,negative:adjusted,120.44,49.49,151.9,20.44,21.3,146.5,migration,2026,148.0
r-akciabrski,2036,forecast,negative:adjusted,113.54,48.91,99.1,13.54,21.3,146.5,migration,2026,148.0
r-akciabrski,2041,forecast,negative:adjusted,108.89,47.13,70.1,8.89,21.3,146.5,migration,2026,148.0
r-akciabrski,2046,forecast,negative:adjusted,108.1,44.61,61.7,8.1,21.3,146.5,migration,2026,148.0
r-akciabrski,2051,forecast,negative:adjusted,105.79,43.08,37.5,5.79,21.3,146.5,migration,2026,148.0
r-akciabrski,2056,forecast,negative:adjusted,104.48,44.92,21.0,4.48,21.3,146.5,migration,2026,148.0
r-akciabrski,2026,forecast,negative:official,118.96,47.16,173.5,18.96,21.3,146.5,migration,2026,148.0
r-akciabrski,2031,forecast,negative:official,121.01,49.49,164.2,21.01,21.3,146.5,migration,2026,148.0
r-akciabrski,2036,forecast,negative:official,113.83,48.95,104.7,13.83,21.3,146.5,migration,2026,148.0
r-akciabrski,2041,forecast,negative:official,108.95,47.19,72.1,8.95,21.3,146.5,migration,2026,148.0
r-akciabrski,2046,forecast,negative:official,108.14,44.74,63.0,8.14,21.3,146.5,migration,2026,148.0
r-akciabrski,2051,forecast,negative:official,105.93,43.27,39.2,5.93,21.3,146.5,migration,2026,148.0
r-akciabrski,2056,forecast,negative:official,104.55,45.22,22.0,4.55,21.3,146.5,migration,2026,148.0
r-akciabrski,2026,forecast,optimistic:adjusted,118.23,47.16,158.5,18.23,21.3,146.5,migration,2026,148.0
r-akciabrski,2031,forecast,optimistic:adjusted,120.42,51.09,155.0,20.42,21.3,146.5,migration,2026,148.0
r-akciabrski,2036,forecast,optimistic:adjusted,113.46,52.36,102.8,13.46,21.3,146.5,migration,2026,148.0
r-akciabrski,2041,forecast,optimistic:adjusted,108.75,52.5,72.7,8.75,21.3,146.5,migration,2026,148.0
r-akciabrski,2046,forecast,optimistic:adjusted,107.96,51.79,64.3,7.96,21.3,146.5,migration,2026,148.0
r-akciabrski,2051,forecast,optimistic:adjusted,105.68,51.88,39.5,5.68,21.3,146.5,migration,2026,148.0
r-akciabrski,2056,forecast,optimistic:adjusted,103.9,54.83,21.7,3.9,21.3,146.5,migration,2026,148.0
r-akciabrski,2026,forecast,optimistic:official,118.96,47.16,173.5,18.96,21.3,146.5,migration,2026,148.0
r-akciabrski,2031,forecast,optimistic:official,120.96,51.09,167.3,20.96,21.3,146.5,migration,2026,148.0
r-akciabrski,2036,forecast,optimistic:official,113.72,52.4,108.3,13.72,21.3,146.5,migration,2026,148.0
r-akciabrski,2041,forecast,optimistic:official,108.83,52.57,74.9,8.83,21.3,146.5,migration,2026,148.0
r-akciabrski,2046,forecast,optimistic:official,108.01,51.89,65.7,8.01,21.3,146.5,migration,2026,148.0
r-akciabrski,2051,forecast,optimistic:official,105.81,52.04,41.2,5.81,21.3,146.5,migration,2026,148.0
r-akciabrski,2056,forecast,optimistic:official,103.98,55.09,22.8,3.98,21.3,146.5,migration,2026,148.0
r-arshanski,2009,census,,111.45,38.76,297,11.45,46.5,489.7,migration,,133.2
r-arshanski,2019,census,,102.51,39.3,379,2.51,46.5,489.7,migration,,133.2
r-arshanski,2026,forecast,base:adjusted,103.81,42.18,421.2,3.81,46.5,489.7,migration,,133.2
r-arshanski,2031,forecast,base:adjusted,106.19,45.86,546.2,6.19,46.5,489.7,migration,,133.2
r-arshanski,2036,forecast,base:adjusted,105.99,47.79,502.4,5.99,46.5,489.7,migration,,133.2
r-arshanski,2041,forecast,base:adjusted,103.95,49.48,346.6,3.95,46.5,489.7,migration,,133.2
r-arshanski,2046,forecast,base:adjusted,102.9,51.03,246.9,2.9,46.5,489.7,migration,,133.2
r-arshanski,2051,forecast,base:adjusted,103.94,53.25,279.5,3.94,46.5,489.7,migration,,133.2
r-arshanski,2056,forecast,base:adjusted,104.45,55.81,235.6,4.45,46.5,489.7,migration,,133.2
r-arshanski,2026,forecast,base:official,104.26,42.18,495.8,4.26,46.5,489.7,migration,,133.2
r-arshanski,2031,forecast,base:official,106.37,45.86,591.8,6.37,46.5,489.7,migration,,133.2
r-arshanski,2036,forecast,base:official,106.08,47.81,526.7,6.08,46.5,489.7,migration,,133.2
r-arshanski,2041,forecast,base:official,104.09,49.53,365.8,4.09,46.5,489.7,migration,,133.2
r-arshanski,2046,forecast,base:official,103.02,51.12,261.1,3.02,46.5,489.7,migration,,133.2
r-arshanski,2051,forecast,base:official,104.08,53.4,295.4,4.08,46.5,489.7,migration,,133.2
r-arshanski,2056,forecast,base:official,104.58,56.03,250.1,4.58,46.5,489.7,migration,,133.2
r-arshanski,2026,forecast,negative:adjusted,103.81,42.18,421.2,3.81,46.5,489.7,migration,,133.2
r-arshanski,2031,forecast,negative:adjusted,106.27,44.61,543.0,6.27,46.5,489.7,migration,,133.2
r-arshanski,2036,forecast,negative:adjusted,106.17,45.11,498.4,6.17,46.5,489.7,migration,,133.2
r-arshanski,2041,forecast,negative:adjusted,103.99,45.32,336.6,3.99,46.5,489.7,migration,,133.2
r-arshanski,2046,forecast,negative:adjusted,102.87,45.38,233.9,2.87,46.5,489.7,migration,,133.2
r-arshanski,2051,forecast,negative:adjusted,103.93,46.1,263.8,3.93,46.5,489.7,migration,,133.2
r-arshanski,2056,forecast,negative:adjusted,104.2,47.33,195.4,4.2,46.5,489.7,migration,,133.2
r-arshanski,2026,forecast,negative:official,104.26,42.18,495.8,4.26,46.5,489.7,migration,,133.2
r-arshanski,2031,forecast,negative:official,106.44,44.61,588.2,6.44,46.5,489.7,migration,,133.2
r-arshanski,2036,forecast,negative:official,106.25,45.14,522.1,6.25,46.5,489.7,migration,,133.2
r-arshanski,2041,forecast,negative:official,104.14,45.37,355.5,4.14,46.5,489.7,migration,,133.2
r-arshanski,2046,forecast,negative:official,103.0,45.47,248.0,3.0,46.5,489.7,migration,,133.2
r-arshanski,2051,forecast,negative:official,104.07,46.25,279.3,4.07,46.5,489.7,migration,,133.2
r-arshanski,2056,forecast,negative:official,104.34,47.57,208.5,4.34,46.5,489.7,migration,,133.2
r-arshanski,2026,forecast,optimistic:adjusted,103.81,42.18,421.2,3.81,46.5,489.7,migration,,133.2
r-arshanski,2031,forecast,optimistic:adjusted,106.16,45.95,546.4,6.16,46.5,489.7,migration,,133.2
r-arshanski,2036,forecast,optimistic:adjusted,105.94,48.02,502.9,5.94,46.5,489.7,migration,,133.2
r-arshanski,2041,forecast,optimistic:adjusted,103.9,49.91,347.4,3.9,46.5,489.7,migration,,133.2
r-arshanski,2046,forecast,optimistic:adjusted,102.85,51.62,247.5,2.85,46.5,489.7,migration,,133.2
r-arshanski,2051,forecast,optimistic:adjusted,103.85,53.91,280.6,3.85,46.5,489.7,migration,,133.2
r-arshanski,2056,forecast,optimistic:adjusted,104.32,56.36,240.1,4.32,46.5,489.7,migration,,133.2
r-arshanski,2026,forecast,optimistic:official,104.26,42.18,495.8,4.26,46.5,489.7,migration,,133.2
r-arshanski,2031,forecast,optimistic:official,106.34,45.95,592.1,6.34,46.5,489.7,migration,,133.2
r-arshanski,2036,forecast,optimistic:official,106.03,48.04,526.9,6.03,46.5,489.7,migration,,133.2
r-arshanski,2041,forecast,optimistic:official,104.04,49.96,366.6,4.04,46.5,489.7,migration,,133.2
r-arshanski,2046,forecast,optimistic:official,102.97,51.71,261.8,2.97,46.5,489.7,migration,,133.2
r-arshanski,2051,forecast,optimistic:official,103.98,54.04,296.6,3.98,46.5,489.7,migration,,133.2
r-arshanski,2056,forecast,optimistic:official,104.45,56.58,255.0,4.45,46.5,489.7,migration,,133.2
r-ashmianski,2009,census,,101.97,42.71,67,1.97,44.4,67.2,migration,,88.4
r-ashmianski,2019,census,,103.41,40.25,102,3.41,44.4,67.2,migration,,88.4
r-ashmianski,2026,forecast,base:adjusted,109.33,44.03,216.7,9.33,44.4,67.2,migration,,88.4
r-ashmianski,2031,forecast,base:adjusted,111.54,49.12,237.8,11.54,44.4,67.2,migration,,88.4
r-ashmianski,2036,forecast,base:adjusted,109.94,52.74,206.2,9.94,44.4,67.2,migration,,88.4
r-ashmianski,2041,forecast,base:adjusted,108.43,53.92,183.1,8.43,44.4,67.2,migration,,88.4
r-ashmianski,2046,forecast,base:adjusted,109.93,53.75,203.8,9.93,44.4,67.2,migration,,88.4
r-ashmianski,2051,forecast,base:adjusted,112.88,54.47,220.4,12.88,44.4,67.2,migration,,88.4
r-ashmianski,2056,forecast,base:adjusted,112.35,56.65,166.4,12.35,44.4,67.2,migration,,88.4
r-ashmianski,2026,forecast,base:official,109.79,44.03,239.4,9.79,44.4,67.2,migration,,88.4
r-ashmianski,2031,forecast,base:official,111.91,49.12,257.5,11.91,44.4,67.2,migration,,88.4
r-ashmianski,2036,forecast,base:official,110.18,52.76,217.5,10.18,44.4,67.2,migration,,88.4
r-ashmianski,2041,forecast,base:official,108.61,53.98,190.4,8.61,44.4,67.2,migration,,88.4
r-ashmianski,2046,forecast,base:official,110.05,53.85,209.0,10.05,44.4,67.2,migration,,88.4
r-ashmianski,2051,forecast,base:official,113.02,54.63,226.8,13.02,44.4,67.2,migration,,88.4
r-ashmianski,2056,forecast,base:official,112.45,56.9,172.4,12.45,44.4,67.2,migration,,88.4
r-ashmianski,2026,forecast,negative:adjusted,109.33,44.03,216.7,9.33,44.4,67.2,migration,,88.4
r-ashmianski,2031,forecast,negative:adjusted,111.57,47.71,234.1,11.57,44.4,67.2,migration,,88.4
r-ashmianski,2036,forecast,negative:adjusted,109.94,49.73,199.3,9.94,44.4,67.2,migration,,88.4
r-ashmianski,2041,forecast,negative:adjusted,108.29,49.31,173.8,8.29,44.4,67.2,migration,,88.4
r-ashmianski,2046,forecast,negative:adjusted,109.78,47.56,193.1,9.78,44.4,67.2,migration,,88.4
r-ashmianski,2051,forecast,negative:adjusted,112.77,46.69,208.7,12.77,44.4,67.2,migration,,88.4
r-ashmianski,2056,forecast,negative:adjusted,112.52,47.63,149.5,12.52,44.4,67.2,migration,,88.4
r-ashmianski,2026,forecast,negative:official,109.79,44.03,239.4,9.79,44.4,67.2,migration,,88.4
r-ashmianski,2031,forecast,negative:official,111.93,47.7,253.6,11.93,44.4,67.2,migration,,88.4
r-ashmianski,2036,forecast,negative:official,110.2,49.76,210.7,10.2,44.4,67.2,migration,,88.4
r-ashmianski,2041,forecast,negative:official,108.48,49.37,181.0,8.48,44.4,67.2,migration,,88.4
r-ashmianski,2046,forecast,negative:official,109.9,47.66,198.2,9.9,44.4,67.2,migration,,88.4
r-ashmianski,2051,forecast,negative:official,112.93,46.86,215.2,12.93,44.4,67.2,migration,,88.4
r-ashmianski,2056,forecast,negative:official,112.62,47.91,155.1,12.62,44.4,67.2,migration,,88.4
r-ashmianski,2026,forecast,optimistic:adjusted,109.33,44.03,216.7,9.33,44.4,67.2,migration,,88.4
r-ashmianski,2031,forecast,optimistic:adjusted,111.54,49.21,238.6,11.54,44.4,67.2,migration,,88.4
r-ashmianski,2036,forecast,optimistic:adjusted,109.92,52.98,207.2,9.92,44.4,67.2,migration,,88.4
r-ashmianski,2041,forecast,optimistic:adjusted,108.44,54.42,185.5,8.44,44.4,67.2,migration,,88.4
r-ashmianski,2046,forecast,optimistic:adjusted,109.93,54.46,207.2,9.93,44.4,67.2,migration,,88.4
r-ashmianski,2051,forecast,optimistic:adjusted,112.82,55.27,224.2,12.82,44.4,67.2,migration,,88.4
r-ashmianski,2056,forecast,optimistic:adjusted,112.23,57.3,171.5,12.23,44.4,67.2,migration,,88.4
r-ashmianski,2026,forecast,optimistic:official,109.79,44.03,239.4,9.79,44.4,67.2,migration,,88.4
r-ashmianski,2031,forecast,optimistic:official,111.89,49.2,258.1,11.89,44.4,67.2,migration,,88.4
r-ashmianski,2036,forecast,optimistic:official,110.17,53.01,218.7,10.17,44.4,67.2,migration,,88.4
r-ashmianski,2041,forecast,optimistic:official,108.62,54.48,192.8,8.62,44.4,67.2,migration,,88.4
r-ashmianski,2046,forecast,optimistic:official,110.06,54.56,212.4,10.06,44.4,67.2,migration,,88.4
r-ashmianski,2051,forecast,optimistic:official,112.98,55.43,230.9,12.98,44.4,67.2,migration,,88.4
r-ashmianski,2056,forecast,optimistic:official,112.32,57.55,177.6,12.32,44.4,67.2,migration,,88.4
r-asipovicki,2009,census,,100.0,41.11,0,0.0,92.7,959.3,migration,,73.9
r-asipovicki,2019,census,,105.62,41.96,257,5.62,92.7,959.3,migration,,73.9
r-asipovicki,2026,forecast,base:adjusted,107.24,44.95,238.9,7.24,92.7,959.3,migration,,73.9
r-asipovicki,2031,forecast,base:adjusted,109.1,46.18,233.2,9.1,92.7,959.3,migration,,73.9
r-asipovicki,2036,forecast,base:adjusted,107.69,46.13,192.5,7.69,92.7,959.3,migration,,73.9
r-asipovicki,2041,forecast,base:adjusted,105.32,45.27,140.9,5.32,92.7,959.3,migration,,73.9
r-asipovicki,2046,forecast,base:adjusted,102.0,46.15,53.4,2.0,92.7,959.3,migration,,73.9
r-asipovicki,2051,forecast,base:adjusted,101.2,48.85,27.8,1.2,92.7,959.3,migration,,73.9
r-asipovicki,2056,forecast,base:adjusted,101.41,53.24,25.2,1.41,92.7,959.3,migration,,73.9
r-asipovicki,2026,forecast,base:official,107.73,44.95,268.5,7.73,92.7,959.3,migration,,73.9
r-asipovicki,2031,forecast,base:official,109.38,46.18,253.5,9.38,92.7,959.3,migration,,73.9
r-asipovicki,2036,forecast,base:official,107.76,46.16,200.7,7.76,92.7,959.3,migration,,73.9
r-asipovicki,2041,forecast,base:official,105.42,45.34,146.3,5.42,92.7,959.3,migration,,73.9
r-asipovicki,2046,forecast,base:official,102.1,46.26,57.0,2.1,92.7,959.3,migration,,73.9
r-asipovicki,2051,forecast,base:official,101.33,49.03,31.3,1.33,92.7,959.3,migration,,73.9
r-asipovicki,2056,forecast,base:official,101.56,53.53,28.7,1.56,92.7,959.3,migration,,73.9
r-asipovicki,2026,forecast,negative:adjusted,107.24,44.95,238.9,7.24,92.7,959.3,migration,,73.9
r-asipovicki,2031,forecast,negative:adjusted,109.21,44.67,230.6,9.21,92.7,959.3,migration,,73.9
r-asipovicki,2036,forecast,negative:adjusted,107.98,43.03,191.1,7.98,92.7,959.3,migration,,73.9
r-asipovicki,2041,forecast,negative:adjusted,105.55,40.53,140.3,5.55,92.7,959.3,migration,,73.9
r-asipovicki,2046,forecast,negative:adjusted,102.0,39.75,51.0,2.0,92.7,959.3,migration,,73.9
r-asipovicki,2051,forecast,negative:adjusted,101.12,40.91,24.5,1.12,92.7,959.3,migration,,73.9
r-asipovicki,2056,forecast,negative:adjusted,101.02,43.93,15.9,1.02,92.7,959.3,migration,,73.9
r-asipovicki,2026,forecast,negative:official,107.73,44.95,268.5,7.73,92.7,959.3,migration,,73.9
r-asipovicki,2031,forecast,negative:official,109.49,44.67,251.1,9.49,92.7,959.3,migration,,73.9
r-asipovicki,2036,forecast,negative:official,108.03,43.06,199.0,8.03,92.7,959.3,migration,,73.9
r-asipovicki,2041,forecast,negative:official,105.65,40.6,145.7,5.65,92.7,959.3,migration,,73.9
r-asipovicki,2046,forecast,negative:official,102.11,39.87,54.4,2.11,92.7,959.3,migration,,73.9
r-asipovicki,2051,forecast,negative:official,101.25,41.1,27.9,1.25,92.7,959.3,migration,,73.9
r-asipovicki,2056,forecast,negative:official,101.19,44.26,19.1,1.19,92.7,959.3,migration,,73.9
r-asipovicki,2026,forecast,optimistic:adjusted,107.24,44.95,238.9,7.24,92.7,959.3,migration,,73.9
r-asipovicki,2031,forecast,optimistic:adjusted,109.08,46.37,233.4,9.08,92.7,959.3,migration,,73.9
r-asipovicki,2036,forecast,optimistic:adjusted,107.65,46.55,192.8,7.65,92.7,959.3,migration,,73.9
r-asipovicki,2041,forecast,optimistic:adjusted,105.24,46.03,140.6,5.24,92.7,959.3,migration,,73.9
r-asipovicki,2046,forecast,optimistic:adjusted,101.95,47.15,53.0,1.95,92.7,959.3,migration,,73.9
r-asipovicki,2051,forecast,optimistic:adjusted,101.16,49.95,27.5,1.16,92.7,959.3,migration,,73.9
r-asipovicki,2056,forecast,optimistic:adjusted,101.35,54.23,25.2,1.35,92.7,959.3,migration,,73.9
r-asipovicki,2026,forecast,optimistic:official,107.73,44.95,268.5,7.73,92.7,959.3,migration,,73.9
r-asipovicki,2031,forecast,optimistic:official,109.37,46.37,254.0,9.37,92.7,959.3,migration,,73.9
r-asipovicki,2036,forecast,optimistic:official,107.72,46.58,200.9,7.72,92.7,959.3,migration,,73.9
r-asipovicki,2041,forecast,optimistic:official,105.34,46.08,146.1,5.34,92.7,959.3,migration,,73.9
r-asipovicki,2046,forecast,optimistic:official,102.05,47.26,56.6,2.05,92.7,959.3,migration,,73.9
r-asipovicki,2051,forecast,optimistic:official,101.28,50.11,31.0,1.28,92.7,959.3,migration,,73.9
r-asipovicki,2056,forecast,optimistic:official,101.5,54.5,28.8,1.5,92.7,959.3,migration,,73.9
r-astraviecki,2009,census,,100.29,38.03,7,0.29,32.5,234.5,migration,2026,105.3
r-astraviecki,2019,census,,114.47,37.88,431,14.47,32.5,234.5,migration,2026,105.3
r-astraviecki,2026,forecast,base:adjusted,114.85,42.19,409.8,14.85,32.5,234.5,migration,2026,105.3
r-astraviecki,2031,forecast,base:adjusted,113.09,47.92,331.8,13.09,32.5,234.5,migration,2026,105.3
r-astraviecki,2036,forecast,base:adjusted,110.45,52.45,255.7,10.45,32.5,234.5,migration,2026,105.3
r-astraviecki,2041,forecast,base:adjusted,107.58,54.41,196.9,7.58,32.5,234.5,migration,2026,105.3
r-astraviecki,2046,forecast,base:adjusted,109.03,55.22,245.7,9.03,32.5,234.5,migration,2026,105.3
r-astraviecki,2051,forecast,base:adjusted,112.07,57.62,296.0,12.07,32.5,234.5,migration,2026,105.3
r-astraviecki,2056,forecast,base:adjusted,111.83,62.75,242.3,11.83,32.5,234.5,migration,2026,105.3
r-astraviecki,2026,forecast,base:official,115.36,42.19,445.4,15.36,32.5,234.5,migration,2026,105.3
r-astraviecki,2031,forecast,base:official,113.59,47.91,361.2,13.59,32.5,234.5,migration,2026,105.3
r-astraviecki,2036,forecast,base:official,110.74,52.48,270.0,10.74,32.5,234.5,migration,2026,105.3
r-astraviecki,2041,forecast,base:official,107.7,54.46,203.2,7.7,32.5,234.5,migration,2026,105.3
r-astraviecki,2046,forecast,base:official,109.16,55.33,251.7,9.16,32.5,234.5,migration,2026,105.3
r-astraviecki,2051,forecast,base:official,112.19,57.81,303.8,12.19,32.5,234.5,migration,2026,105.3
r-astraviecki,2056,forecast,base:official,111.92,63.06,250.4,11.92,32.5,234.5,migration,2026,105.3
r-astraviecki,2026,forecast,negative:adjusted,114.85,42.19,409.8,14.85,32.5,234.5,migration,2026,105.3
r-astraviecki,2031,forecast,negative:adjusted,113.1,46.54,326.1,13.1,32.5,234.5,migration,2026,105.3
r-astraviecki,2036,forecast,negative:adjusted,110.45,49.49,247.0,10.45,32.5,234.5,migration,2026,105.3
r-astraviecki,2041,forecast,negative:adjusted,107.47,49.8,187.2,7.47,32.5,234.5,migration,2026,105.3
r-astraviecki,2046,forecast,negative:adjusted,108.88,48.92,232.4,8.88,32.5,234.5,migration,2026,105.3
r-astraviecki,2051,forecast,negative:adjusted,111.95,49.53,280.0,11.95,32.5,234.5,migration,2026,105.3
r-astraviecki,2056,forecast,negative:adjusted,112.11,53.2,219.7,12.11,32.5,234.5,migration,2026,105.3
r-astraviecki,2026,forecast,negative:official,115.36,42.19,445.4,15.36,32.5,234.5,migration,2026,105.3
r-astraviecki,2031,forecast,negative:official,113.6,46.54,355.3,13.6,32.5,234.5,migration,2026,105.3
r-astraviecki,2036,forecast,negative:official,110.74,49.52,261.2,10.74,32.5,234.5,migration,2026,105.3
r-astraviecki,2041,forecast,negative:official,107.6,49.86,193.5,7.6,32.5,234.5,migration,2026,105.3
r-astraviecki,2046,forecast,negative:official,109.0,49.03,238.2,9.0,32.5,234.5,migration,2026,105.3
r-astraviecki,2051,forecast,negative:official,112.09,49.74,288.0,12.09,32.5,234.5,migration,2026,105.3
r-astraviecki,2056,forecast,negative:official,112.2,53.54,227.4,12.2,32.5,234.5,migration,2026,105.3
r-astraviecki,2026,forecast,optimistic:adjusted,114.85,42.19,409.8,14.85,32.5,234.5,migration,2026,105.3
r-astraviecki,2031,forecast,optimistic:adjusted,113.08,48.0,332.9,13.08,32.5,234.5,migration,2026,105.3
r-astraviecki,2036,forecast,optimistic:adjusted,110.45,52.69,257.3,10.45,32.5,234.5,migration,2026,105.3
r-astraviecki,2041,forecast,optimistic:adjusted,107.58,54.9,199.3,7.58,32.5,234.5,migration,2026,105.3
r-astraviecki,2046,forecast,optimistic:adjusted,109.04,55.92,249.8,9.04,32.5,234.5,migration,2026,105.3
r-astraviecki,2051,forecast,optimistic:adjusted,112.01,58.42,301.1,12.01,32.5,234.5,migration,2026,105.3
r-astraviecki,2056,forecast,optimistic:adjusted,111.67,63.41,248.9,11.67,32.5,234.5,migration,2026,105.3
r-astraviecki,2026,forecast,optimistic:official,115.36,42.19,445.4,15.36,32.5,234.5,migration,2026,105.3
r-astraviecki,2031,forecast,optimistic:official,113.57,48.0,362.0,13.57,32.5,234.5,migration,2026,105.3
r-astraviecki,2036,forecast,optimistic:official,110.74,52.72,271.8,10.74,32.5,234.5,migration,2026,105.3
r-astraviecki,2041,forecast,optimistic:official,107.71,54.96,205.7,7.71,32.5,234.5,migration,2026,105.3
r-astraviecki,2046,forecast,optimistic:official,109.15,56.02,255.7,9.15,32.5,234.5,migration,2026,105.3
r-astraviecki,2051,forecast,optimistic:official,112.15,58.6,309.3,12.15,32.5,234.5,migration,2026,105.3
r-astraviecki,2056,forecast,optimistic:official,111.76,63.72,257.2,11.76,32.5,234.5,migration,2026,105.3
r-babrujski,2009,census,,99.01,44.95,-264,-0.99,415.8,2355.2,migration,,99.7
r-babrujski,2019,census,,102.55,44.35,668,2.55,415.8,2355.2,migration,,99.7
r-babrujski,2026,forecast,base:adjusted,103.73,44.25,719.5,3.73,415.8,2355.2,migration,,99.7
r-babrujski,2031,forecast,base:adjusted,106.36,44.66,976.6,6.36,415.8,2355.2,migration,,99.7
r-babrujski,2036,forecast,base:adjusted,107.13,44.67,1072.3,7.13,415.8,2355.2,migration,,99.7
r-babrujski,2041,forecast,base:adjusted,106.25,44.33,1008.2,6.25,415.8,2355.2,migration,,99.7
r-babrujski,2046,forecast,base:adjusted,102.97,46.13,498.6,2.97,415.8,2355.2,migration,,99.7
r-babrujski,2051,forecast,base:adjusted,101.45,49.55,217.7,1.45,415.8,2355.2,migration,,99.7
r-babrujski,2056,forecast,base:adjusted,100.83,54.29,98.2,0.83,415.8,2355.2,migration,,99.7
r-babrujski,2026,forecast,base:official,104.24,44.25,859.7,4.24,415.8,2355.2,migration,,99.7
r-babrujski,2031,forecast,base:official,106.63,44.66,1072.9,6.63,415.8,2355.2,migration,,99.7
r-babrujski,2036,forecast,base:official,107.23,44.7,1123.4,7.23,415.8,2355.2,migration,,99.7
r-babrujski,2041,forecast,base:official,106.27,44.39,1029.9,6.27,415.8,2355.2,migration,,99.7
r-babrujski,2046,forecast,base:official,103.06,46.24,520.6,3.06,415.8,2355.2,migration,,99.7
r-babrujski,2051,forecast,base:official,101.62,49.73,246.3,1.62,415.8,2355.2,migration,,99.7
r-babrujski,2056,forecast,base:official,100.97,54.59,118.2,0.97,415.8,2355.2,migration,,99.7
r-babrujski,2026,forecast,negative:adjusted,103.73,44.25,719.5,3.73,415.8,2355.2,migration,,99.7
r-babrujski,2031,forecast,negative:adjusted,106.45,43.13,967.9,6.45,415.8,2355.2,migration,,99.7
r-babrujski,2036,forecast,negative:adjusted,107.41,41.56,1065.3,7.41,415.8,2355.2,migration,,99.7
r-babrujski,2041,forecast,negative:adjusted,106.5,39.59,999.0,6.5,415.8,2355.2,migration,,99.7
r-babrujski,2046,forecast,negative:adjusted,103.0,39.66,479.4,3.0,415.8,2355.2,migration,,99.7
r-babrujski,2051,forecast,negative:adjusted,101.39,41.42,196.4,1.39,415.8,2355.2,migration,,99.7
r-babrujski,2056,forecast,negative:adjusted,100.8,44.71,83.2,0.8,415.8,2355.2,migration,,99.7
r-babrujski,2026,forecast,negative:official,104.24,44.25,859.7,4.24,415.8,2355.2,migration,,99.7
r-babrujski,2031,forecast,negative:official,106.71,43.13,1063.5,6.71,415.8,2355.2,migration,,99.7
r-babrujski,2036,forecast,negative:official,107.5,41.59,1115.9,7.5,415.8,2355.2,migration,,99.7
r-babrujski,2041,forecast,negative:official,106.51,39.65,1020.0,6.51,415.8,2355.2,migration,,99.7
r-babrujski,2046,forecast,negative:official,103.09,39.78,500.8,3.09,415.8,2355.2,migration,,99.7
r-babrujski,2051,forecast,negative:official,101.55,41.63,223.8,1.55,415.8,2355.2,migration,,99.7
r-babrujski,2056,forecast,negative:official,100.95,45.04,102.3,0.95,415.8,2355.2,migration,,99.7
r-babrujski,2026,forecast,optimistic:adjusted,103.73,44.25,719.5,3.73,415.8,2355.2,migration,,99.7
r-babrujski,2031,forecast,optimistic:adjusted,106.34,44.87,977.6,6.34,415.8,2355.2,migration,,99.7
r-babrujski,2036,forecast,optimistic:adjusted,107.09,45.09,1073.3,7.09,415.8,2355.2,migration,,99.7
r-babrujski,2041,forecast,optimistic:adjusted,106.17,45.07,1008.5,6.17,415.8,2355.2,migration,,99.7
r-babrujski,2046,forecast,optimistic:adjusted,102.91,47.13,498.4,2.91,415.8,2355.2,migration,,99.7
r-babrujski,2051,forecast,optimistic:adjusted,101.4,50.64,215.7,1.4,415.8,2355.2,migration,,99.7
r-babrujski,2056,forecast,optimistic:adjusted,100.74,55.32,91.7,0.74,415.8,2355.2,migration,,99.7
r-babrujski,2026,forecast,optimistic:official,104.24,44.25,859.7,4.24,415.8,2355.2,migration,,99.7
r-babrujski,2031,forecast,optimistic:official,106.61,44.87,1073.8,6.61,415.8,2355.2,migration,,99.7
r-babrujski,2036,forecast,optimistic:official,107.19,45.12,1124.8,7.19,415.8,2355.2,migration,,99.7
r-babrujski,2041,forecast,optimistic:official,106.19,45.13,1030.1,6.19,415.8,2355.2,migration,,99.7
r-babrujski,2046,forecast,optimistic:official,103.0,47.24,520.4,3.0,415.8,2355.2,migration,,99.7
r-babrujski,2051,forecast,optimistic:official,101.56,50.82,244.2,1.56,415.8,2355.2,migration,,99.7
r-babrujski,2056,forecast,optimistic:official,100.87,55.6,111.7,0.87,415.8,2355.2,migration,,99.7
r-baranavicki,2009,census,,97.42,41.92,-594,-2.58,316.2,1580.6,migration,2041,89.0
r-baranavicki,2019,census,,92.63,41.5,-1638,-7.37,316.2,1580.6,migration,2041,89.0
r-baranavicki,2026,forecast,base:adjusted,98.53,43.63,-241.6,-1.47,316.2,1580.6,migration,2041,89.0
r-baranavicki,2031,forecast,base:adjusted,106.58,46.9,884.3,6.58,316.2,1580.6,migration,2041,89.0
r-baranavicki,2036,forecast,base:adjusted,113.6,48.68,1762.5,13.6,316.2,1580.6,migration,2041,89.0
r-baranavicki,2041,forecast,base:adjusted,115.41,50.18,2148.3,15.41,316.2,1580.6,migration,2041,89.0
r-baranavicki,2046,forecast,base:adjusted,113.3,51.26,1941.1,13.3,316.2,1580.6,migration,2041,89.0
r-baranavicki,2051,forecast,base:adjusted,112.29,52.8,1624.0,12.29,316.2,1580.6,migration,2041,89.0
r-baranavicki,2056,forecast,base:adjusted,112.0,54.93,1273.9,12.0,316.2,1580.6,migration,2041,89.0
r-baranavicki,2026,forecast,base:official,99.05,43.63,-162.6,-0.95,316.2,1580.6,migration,2041,89.0
r-baranavicki,2031,forecast,base:official,106.8,46.9,953.1,6.8,316.2,1580.6,migration,2041,89.0
r-baranavicki,2036,forecast,base:official,113.57,48.7,1805.9,13.57,316.2,1580.6,migration,2041,89.0
r-baranavicki,2041,forecast,base:official,115.45,50.23,2185.7,15.45,316.2,1580.6,migration,2041,89.0
r-baranavicki,2046,forecast,base:official,113.37,51.34,1971.8,13.37,316.2,1580.6,migration,2041,89.0
r-baranavicki,2051,forecast,base:official,112.38,52.92,1659.2,12.38,316.2,1580.6,migration,2041,89.0
r-baranavicki,2056,forecast,base:official,112.09,55.13,1312.6,12.09,316.2,1580.6,migration,2041,89.0
r-baranavicki,2026,forecast,negative:adjusted,98.53,43.63,-241.6,-1.47,316.2,1580.6,migration,2041,89.0
r-baranavicki,2031,forecast,negative:adjusted,106.6,45.66,872.7,6.6,316.2,1580.6,migration,2041,89.0
r-baranavicki,2036,forecast,negative:adjusted,113.84,46.04,1733.4,13.84,316.2,1580.6,migration,2041,89.0
r-baranavicki,2041,forecast,negative:adjusted,115.59,46.11,2093.0,15.59,316.2,1580.6,migration,2041,89.0
r-baranavicki,2046,forecast,negative:adjusted,113.32,45.73,1869.0,13.32,316.2,1580.6,migration,2041,89.0
r-baranavicki,2051,forecast,negative:adjusted,112.22,45.85,1543.8,12.22,316.2,1580.6,migration,2041,89.0
r-baranavicki,2056,forecast,negative:adjusted,111.73,46.78,1108.9,11.73,316.2,1580.6,migration,2041,89.0
r-baranavicki,2026,forecast,negative:official,99.05,43.63,-162.6,-0.95,316.2,1580.6,migration,2041,89.0
r-baranavicki,2031,forecast,negative:official,106.83,45.66,941.2,6.83,316.2,1580.6,migration,2041,89.0
r-baranavicki,2036,forecast,negative:official,113.81,46.06,1776.3,13.81,316.2,1580.6,migration,2041,89.0
r-baranavicki,2041,forecast,negative:official,115.63,46.16,2130.0,15.63,316.2,1580.6,migration,2041,89.0
r-baranavicki,2046,forecast,negative:official,113.38,45.81,1899.4,13.38,316.2,1580.6,migration,2041,89.0
r-baranavicki,2051,forecast,negative:official,112.31,45.98,1578.2,12.31,316.2,1580.6,migration,2041,89.0
r-baranavicki,2056,forecast,negative:official,111.82,46.98,1143.7,11.82,316.2,1580.6,migration,2041,89.0
r-baranavicki,2026,forecast,optimistic:adjusted,98.53,43.63,-241.6,-1.47,316.2,1580.6,migration,2041,89.0
r-baranavicki,2031,forecast,optimistic:adjusted,106.57,46.95,886.0,6.57,316.2,1580.6,migration,2041,89.0
r-baranavicki,2036,forecast,optimistic:adjusted,113.54,48.85,1768.6,13.54,316.2,1580.6,migration,2041,89.0
r-baranavicki,2041,forecast,optimistic:adjusted,115.32,50.54,2164.9,15.32,316.2,1580.6,migration,2041,89.0
r-baranavicki,2046,forecast,optimistic:adjusted,113.22,51.77,1965.6,13.22,316.2,1580.6,migration,2041,89.0
r-baranavicki,2051,forecast,optimistic:adjusted,112.2,53.38,1652.4,12.2,316.2,1580.6,migration,2041,89.0
r-baranavicki,2056,forecast,optimistic:adjusted,111.89,55.45,1316.7,11.89,316.2,1580.6,migration,2041,89.0
r-baranavicki,2026,forecast,optimistic:official,99.05,43.63,-162.6,-0.95,316.2,1580.6,migration,2041,89.0
r-baranavicki,2031,forecast,optimistic:official,106.79,46.95,954.8,6.79,316.2,1580.6,migration,2041,89.0
r-baranavicki,2036,forecast,optimistic:official,113.52,48.87,1812.3,13.52,316.2,1580.6,migration,2041,89.0
r-baranavicki,2041,forecast,optimistic:official,115.36,50.59,2202.6,15.36,316.2,1580.6,migration,2041,89.0
r-baranavicki,2046,forecast,optimistic:official,113.28,51.85,1996.4,13.28,316.2,1580.6,migration,2041,89.0
r-baranavicki,2051,forecast,optimistic:official,112.29,53.5,1687.7,12.29,316.2,1580.6,migration,2041,89.0
r-baranavicki,2056,forecast,optimistic:official,111.98,55.64,1356.2,11.98,316.2,1580.6,migration,2041,89.0
r-barysauski,2009,census,,108.6,40.44,1693,8.6,372.1,4093.9,migration,,57.4
r-barysauski,2019,census,,105.43,40.01,1034,5.43,372.1,4093.9,migration,,57.4
r-barysauski,2026,forecast,base:adjusted,107.54,42.51,1160.3,7.54,372.1,4093.9,migration,,57.4
r-barysauski,2031,forecast,base:adjusted,108.37,44.8,967.7,8.37,372.1,4093.9,migration,,57.4
r-barysauski,2036,forecast,base:adjusted,110.44,46.05,1017.8,10.44,372.1,4093.9,migration,,57.4
r-barysauski,2041,forecast,base:adjusted,109.47,45.95,905.3,9.47,372.1,4093.9,migration,,57.4
r-barysauski,2046,forecast,base:adjusted,110.51,46.29,937.7,10.51,372.1,4093.9,migration,,57.4
r-barysauski,2051,forecast,base:adjusted,109.61,48.11,712.7,9.61,372.1,4093.9,migration,,57.4
r-barysauski,2056,forecast,base:adjusted,110.23,51.55,575.8,10.23,372.1,4093.9,migration,,57.4
r-barysauski,2026,forecast,base:official,107.68,42.51,1200.4,7.68,372.1,4093.9,migration,,57.4
r-barysauski,2031,forecast,base:official,108.47,44.8,994.5,8.47,372.1,4093.9,migration,,57.4
r-barysauski,2036,forecast,base:official,110.48,46.06,1032.7,10.48,372.1,4093.9,migration,,57.4
r-barysauski,2041,forecast,base:official,109.48,45.98,912.4,9.48,372.1,4093.9,migration,,57.4
r-barysauski,2046,forecast,base:official,110.54,46.32,944.2,10.54,372.1,4093.9,migration,,57.4
r-barysauski,2051,forecast,base:official,109.66,48.17,720.0,9.66,372.1,4093.9,migration,,57.4
r-barysauski,2056,forecast,base:official,110.26,51.64,582.9,10.26,372.1,4093.9,migration,,57.4
r-barysauski,2026,forecast,negative:adjusted,107.54,42.51,1160.3,7.54,372.1,4093.9,migration,,57.4
r-barysauski,2031,forecast,negative:adjusted,108.39,43.09,952.6,8.39,372.1,4093.9,migration,,57.4
r-barysauski,2036,forecast,negative:adjusted,110.57,42.59,993.4,10.57,372.1,4093.9,migration,,57.4
r-barysauski,2041,forecast,negative:adjusted,109.53,40.61,877.1,9.53,372.1,4093.9,migration,,57.4
r-barysauski,2046,forecast,negative:adjusted,110.54,38.93,905.3,10.54,372.1,4093.9,migration,,57.4
r-barysauski,2051,forecast,negative:adjusted,109.53,38.88,679.3,9.53,372.1,4093.9,migration,,57.4
r-barysauski,2056,forecast,negative:adjusted,109.9,41.08,505.2,9.9,372.1,4093.9,migration,,57.4
r-barysauski,2026,forecast,negative:official,107.68,42.51,1200.4,7.68,372.1,4093.9,migration,,57.4
r-barysauski,2031,forecast,negative:official,108.49,43.09,979.2,8.49,372.1,4093.9,migration,,57.4
r-barysauski,2036,forecast,negative:official,110.61,42.6,1008.0,10.61,372.1,4093.9,migration,,57.4
r-barysauski,2041,forecast,negative:official,109.55,40.63,884.3,9.55,372.1,4093.9,migration,,57.4
r-barysauski,2046,forecast,negative:official,110.56,38.98,911.5,10.56,372.1,4093.9,migration,,57.4
r-barysauski,2051,forecast,negative:official,109.57,38.95,686.5,9.57,372.1,4093.9,migration,,57.4
r-barysauski,2056,forecast,negative:official,109.94,41.2,511.3,9.94,372.1,4093.9,migration,,57.4
r-barysauski,2026,forecast,optimistic:adjusted,107.54,42.51,1160.3,7.54,372.1,4093.9,migration,,57.4
r-barysauski,2031,forecast,optimistic:adjusted,108.38,45.1,968.3,8.38,372.1,4093.9,migration,,57.4
r-barysauski,2036,forecast,optimistic:adjusted,110.46,46.64,1019.6,10.46,372.1,4093.9,migration,,57.4
r-barysauski,2041,forecast,optimistic:adjusted,109.47,46.95,910.2,9.47,372.1,4093.9,migration,,57.4
r-barysauski,2046,forecast,optimistic:adjusted,110.5,47.65,944.5,10.5,372.1,4093.9,migration,,57.4
r-barysauski,2051,forecast,optimistic:adjusted,109.61,49.66,719.4,9.61,372.1,4093.9,migration,,57.4
r-barysauski,2056,forecast,optimistic:adjusted,110.24,53.0,589.3,10.24,372.1,4093.9,migration,,57.4
r-barysauski,2026,forecast,optimistic:official,107.68,42.51,1200.4,7.68,372.1,4093.9,migration,,57.4
r-barysauski,2031,forecast,optimistic:official,108.48,45.1,995.1,8.48,372.1,4093.9,migration,,57.4
r-barysauski,2036,forecast,optimistic:official,110.51,46.65,1034.3,10.51,372.1,4093.9,migration,,57.4
r-barysauski,2041,forecast,optimistic:official,109.49,46.97,917.4,9.49,372.1,4093.9,migration,,57.4
r-barysauski,2046,forecast,optimistic:official,110.53,47.69,951.1,10.53,372.1,4093.9,migration,,57.4
r-barysauski,2051,forecast,optimistic:official,109.65,49.72,726.8,9.65,372.1,4093.9,migration,,57.4
r-barysauski,2056,forecast,optimistic:official,110.27,53.09,596.5,10.27,372.1,4093.9,migration,,57.4
r-bialynicki,2009,census,,104.08,40.8,78,4.08,29.6,126.8,migration,2036,106.6
r-bialynicki,2019,census,,111.89,39.63,196,11.89,29.6,126.8,migration,2036,106.6
r-bialynicki,2026,forecast,base:adjusted,111.14,48.75,130.4,11.14,29.6,126.8,migration,2036,106.6
r-bialynicki,2031,forecast,base:adjusted,112.41,52.08,114.1,12.41,29.6,126.8,migration,2036,106.6
r-bialynicki,2036,forecast,base:adjusted,115.03,51.87,134.0,15.03,29.6,126.8,migration,2036,106.6
r-bialynicki,2041,forecast,base:adjusted,114.9,50.07,141.3,14.9,29.6,126.8,migration,2036,106.6
r-bialynicki,2046,forecast,base:adjusted,111.42,48.76,111.3,11.42,29.6,126.8,migration,2036,106.6
r-bialynicki,2051,forecast,base:adjusted,110.99,49.73,94.0,10.99,29.6,126.8,migration,2036,106.6
r-bialynicki,2056,forecast,base:adjusted,111.24,53.79,74.3,11.24,29.6,126.8,migration,2036,106.6
r-bialynicki,2026,forecast,base:official,111.64,48.75,143.7,11.64,29.6,126.8,migration,2036,106.6
r-bialynicki,2031,forecast,base:official,112.74,52.07,123.7,12.74,29.6,126.8,migration,2036,106.6
r-bialynicki,2036,forecast,base:official,115.06,51.91,138.9,15.06,29.6,126.8,migration,2036,106.6
r-bialynicki,2041,forecast,base:official,114.96,50.14,144.8,14.96,29.6,126.8,migration,2036,106.6
r-bialynicki,2046,forecast,base:official,111.53,48.87,114.2,11.53,29.6,126.8,migration,2036,106.6
r-bialynicki,2051,forecast,base:official,111.11,49.9,97.0,11.11,29.6,126.8,migration,2036,106.6
r-bialynicki,2056,forecast,base:official,111.4,54.08,77.8,11.4,29.6,126.8,migration,2036,106.6
r-bialynicki,2026,forecast,negative:adjusted,111.14,48.75,130.4,11.14,29.6,126.8,migration,2036,106.6
r-bialynicki,2031,forecast,negative:adjusted,112.52,50.42,112.5,12.52,29.6,126.8,migration,2036,106.6
r-bialynicki,2036,forecast,negative:adjusted,115.35,48.4,131.0,15.35,29.6,126.8,migration,2036,106.6
r-bialynicki,2041,forecast,negative:adjusted,115.18,44.79,137.4,15.18,29.6,126.8,migration,2036,106.6
r-bialynicki,2046,forecast,negative:adjusted,111.42,41.85,106.0,11.42,29.6,126.8,migration,2036,106.6
r-bialynicki,2051,forecast,negative:adjusted,110.87,41.35,87.8,10.87,29.6,126.8,migration,2036,106.6
r-bialynicki,2056,forecast,negative:adjusted,110.81,44.22,62.5,10.81,29.6,126.8,migration,2036,106.6
r-bialynicki,2026,forecast,negative:official,111.64,48.75,143.7,11.64,29.6,126.8,migration,2036,106.6
r-bialynicki,2031,forecast,negative:official,112.83,50.41,122.0,12.83,29.6,126.8,migration,2036,106.6
r-bialynicki,2036,forecast,negative:official,115.36,48.44,135.8,15.36,29.6,126.8,migration,2036,106.6
r-bialynicki,2041,forecast,negative:official,115.24,44.87,140.9,15.24,29.6,126.8,migration,2036,106.6
r-bialynicki,2046,forecast,negative:official,111.53,41.97,108.8,11.53,29.6,126.8,migration,2036,106.6
r-bialynicki,2051,forecast,negative:official,111.0,41.55,90.8,11.0,29.6,126.8,migration,2036,106.6
r-bialynicki,2056,forecast,negative:official,110.99,44.55,65.7,10.99,29.6,126.8,migration,2036,106.6
r-bialynicki,2026,forecast,optimistic:adjusted,111.14,48.75,130.4,11.14,29.6,126.8,migration,2036,106.6
r-bialynicki,2031,forecast,optimistic:adjusted,112.38,52.28,114.2,12.38,29.6,126.8,migration,2036,106.6
r-bialynicki,2036,forecast,optimistic:adjusted,114.98,52.33,134.5,14.98,29.6,126.8,migration,2036,106.6
r-bialynicki,2041,forecast,optimistic:adjusted,114.79,50.9,142.2,14.79,29.6,126.8,migration,2036,106.6
r-bialynicki,2046,forecast,optimistic:adjusted,111.38,49.86,113.0,11.38,29.6,126.8,migration,2036,106.6
r-bialynicki,2051,forecast,optimistic:adjusted,110.92,50.9,95.9,10.92,29.6,126.8,migration,2036,106.6
r-bialynicki,2056,forecast,optimistic:adjusted,111.16,54.8,77.3,11.16,29.6,126.8,migration,2036,106.6
r-bialynicki,2026,forecast,optimistic:official,111.64,48.75,143.7,11.64,29.6,126.8,migration,2036,106.6
r-bialynicki,2031,forecast,optimistic:official,112.72,52.27,124.0,12.72,29.6,126.8,migration,2036,106.6
r-bialynicki,2036,forecast,optimistic:official,115.01,52.36,139.4,15.01,29.6,126.8,migration,2036,106.6
r-bialynicki,2041,forecast,optimistic:official,114.86,50.97,145.7,14.86,29.6,126.8,migration,2036,106.6
r-bialynicki,2046,forecast,optimistic:official,111.49,49.96,115.9,11.49,29.6,126.8,migration,2036,106.6
r-bialynicki,2051,forecast,optimistic:official,111.05,51.06,99.0,11.05,29.6,126.8,migration,2036,106.6
r-bialynicki,2056,forecast,optimistic:official,111.33,55.08,80.9,11.33,29.6,126.8,migration,2036,106.6
r-biarezinski,2009,census,,100.22,40.04,5,0.22,28.6,206.6,migration,2046,70.6
r-biarezinski,2019,census,,114.38,37.99,295,14.38,28.6,206.6,migration,2046,70.6
r-biarezinski,2026,forecast,base:adjusted,114.3,44.42,246.7,14.3,28.6,206.6,migration,2046,70.6
r-biarezinski,2031,forecast,base:adjusted,112.88,49.16,176.6,12.88,28.6,206.6,migration,2046,70.6
r-biarezinski,2036,forecast,base:adjusted,113.88,51.17,161.1,13.88,28.6,206.6,migration,2046,70.6
r-biarezinski,2041,forecast,base:adjusted,114.12,50.86,160.6,14.12,28.6,206.6,migration,2046,70.6
r-biarezinski,2046,forecast,base:adjusted,117.46,50.77,185.8,17.46,28.6,206.6,migration,2046,70.6
r-biarezinski,2051,forecast,base:adjusted,120.49,52.71,184.5,20.49,28.6,206.6,migration,2046,70.6
r-biarezinski,2056,forecast,base:adjusted,122.5,57.19,155.8,22.5,28.6,206.6,migration,2046,70.6
r-biarezinski,2026,forecast,base:official,114.45,44.42,253.2,14.45,28.6,206.6,migration,2046,70.6
r-biarezinski,2031,forecast,base:official,113.02,49.15,181.4,13.02,28.6,206.6,migration,2046,70.6
r-biarezinski,2036,forecast,base:official,113.93,51.18,163.4,13.93,28.6,206.6,migration,2046,70.6
r-biarezinski,2041,forecast,base:official,114.14,50.89,161.9,14.14,28.6,206.6,migration,2046,70.6
r-biarezinski,2046,forecast,base:official,117.51,50.81,187.2,17.51,28.6,206.6,migration,2046,70.6
r-biarezinski,2051,forecast,base:official,120.53,52.78,186.0,20.53,28.6,206.6,migration,2046,70.6
r-biarezinski,2056,forecast,base:official,122.56,57.32,157.6,22.56,28.6,206.6,migration,2046,70.6
r-biarezinski,2026,forecast,negative:adjusted,114.3,44.42,246.7,14.3,28.6,206.6,migration,2046,70.6
r-biarezinski,2031,forecast,negative:adjusted,112.9,47.33,173.8,12.9,28.6,206.6,migration,2046,70.6
r-biarezinski,2036,forecast,negative:adjusted,114.04,47.39,157.0,14.04,28.6,206.6,migration,2046,70.6
r-biarezinski,2041,forecast,negative:adjusted,114.25,45.01,155.8,14.25,28.6,206.6,migration,2046,70.6
r-biarezinski,2046,forecast,negative:adjusted,117.44,42.74,178.7,17.44,28.6,206.6,migration,2046,70.6
r-biarezinski,2051,forecast,negative:adjusted,120.36,42.62,176.3,20.36,28.6,206.6,migration,2046,70.6
r-biarezinski,2056,forecast,negative:adjusted,122.02,45.82,138.3,22.02,28.6,206.6,migration,2046,70.6
r-biarezinski,2026,forecast,negative:official,114.45,44.42,253.2,14.45,28.6,206.6,migration,2046,70.6
r-biarezinski,2031,forecast,negative:official,113.05,47.33,178.7,13.05,28.6,206.6,migration,2046,70.6
r-biarezinski,2036,forecast,negative:official,114.07,47.41,159.1,14.07,28.6,206.6,migration,2046,70.6
r-biarezinski,2041,forecast,negative:official,114.26,45.04,157.0,14.26,28.6,206.6,migration,2046,70.6
r-biarezinski,2046,forecast,negative:official,117.48,42.79,180.0,17.48,28.6,206.6,migration,2046,70.6
r-biarezinski,2051,forecast,negative:official,120.38,42.71,177.6,20.38,28.6,206.6,migration,2046,70.6
r-biarezinski,2056,forecast,negative:official,122.06,45.95,139.8,22.06,28.6,206.6,migration,2046,70.6
r-biarezinski,2026,forecast,optimistic:adjusted,114.3,44.42,246.7,14.3,28.6,206.6,migration,2046,70.6
r-biarezinski,2031,forecast,optimistic:adjusted,112.88,49.46,176.6,12.88,28.6,206.6,migration,2046,70.6
r-biarezinski,2036,forecast,optimistic:adjusted,113.92,51.78,161.4,13.92,28.6,206.6,migration,2046,70.6
r-biarezinski,2041,forecast,optimistic:adjusted,114.12,51.93,161.3,14.12,28.6,206.6,migration,2046,70.6
r-biarezinski,2046,forecast,optimistic:adjusted,117.47,52.23,187.4,17.47,28.6,206.6,migration,2046,70.6
r-biarezinski,2051,forecast,optimistic:adjusted,120.49,54.34,186.4,20.49,28.6,206.6,migration,2046,70.6
r-biarezinski,2056,forecast,optimistic:adjusted,122.53,58.62,159.5,22.53,28.6,206.6,migration,2046,70.6
r-biarezinski,2026,forecast,optimistic:official,114.45,44.42,253.2,14.45,28.6,206.6,migration,2046,70.6
r-biarezinski,2031,forecast,optimistic:official,113.02,49.47,181.4,13.02,28.6,206.6,migration,2046,70.6
r-biarezinski,2036,forecast,optimistic:official,113.94,51.79,163.4,13.94,28.6,206.6,migration,2046,70.6
r-biarezinski,2041,forecast,optimistic:official,114.14,51.96,162.6,14.14,28.6,206.6,migration,2046,70.6
r-biarezinski,2046,forecast,optimistic:official,117.5,52.26,188.6,17.5,28.6,206.6,migration,2046,70.6
r-biarezinski,2051,forecast,optimistic:official,120.54,54.4,187.9,20.54,28.6,206.6,migration,2046,70.6
r-biarezinski,2056,forecast,optimistic:official,122.6,58.73,161.4,22.6,28.6,206.6,migration,2046,70.6
r-biarozauski,2009,census,,100.86,45.26,60,0.86,102.9,1064.1,migration,,146.3
r-biarozauski,2019,census,,102.66,42.33,149,2.66,102.9,1064.1,migration,,146.3
r-biarozauski,2026,forecast,base:adjusted,102.64,44.86,110.4,2.64,102.9,1064.1,migration,,146.3
r-biarozauski,2031,forecast,base:adjusted,104.65,48.31,156.9,4.65,102.9,1064.1,migration,,146.3
r-biarozauski,2036,forecast,base:adjusted,107.78,49.6,252.0,7.78,102.9,1064.1,migration,,146.3
r-biarozauski,2041,forecast,base:adjusted,107.33,50.28,250.1,7.33,102.9,1064.1,migration,,146.3
r-biarozauski,2046,forecast,base:adjusted,104.9,49.78,168.7,4.9,102.9,1064.1,migration,,146.3
r-biarozauski,2051,forecast,base:adjusted,102.94,50.35,89.3,2.94,102.9,1064.1,migration,,146.3
r-biarozauski,2056,forecast,base:adjusted,102.25,52.71,52.5,2.25,102.9,1064.1,migration,,146.3
r-biarozauski,2026,forecast,base:official,103.17,44.85,138.3,3.17,102.9,1064.1,migration,,146.3
r-biarozauski,2031,forecast,base:official,104.95,48.3,174.0,4.95,102.9,1064.1,migration,,146.3
r-biarozauski,2036,forecast,base:official,107.8,49.62,259.5,7.8,102.9,1064.1,migration,,146.3
r-biarozauski,2041,forecast,base:official,107.31,50.32,253.8,7.31,102.9,1064.1,migration,,146.3
r-biarozauski,2046,forecast,base:official,104.96,49.85,172.9,4.96,102.9,1064.1,migration,,146.3
r-biarozauski,2051,forecast,base:official,103.03,50.46,93.5,3.03,102.9,1064.1,migration,,146.3
r-biarozauski,2056,forecast,base:official,102.32,52.9,55.6,2.32,102.9,1064.1,migration,,146.3
r-biarozauski,2026,forecast,negative:adjusted,102.64,44.86,110.4,2.64,102.9,1064.1,migration,,146.3
r-biarozauski,2031,forecast,negative:adjusted,104.67,47.01,154.9,4.67,102.9,1064.1,migration,,146.3
r-biarozauski,2036,forecast,negative:adjusted,107.99,46.86,250.1,7.99,102.9,1064.1,migration,,146.3
r-biarozauski,2041,forecast,negative:adjusted,107.51,46.12,246.9,7.51,102.9,1064.1,migration,,146.3
r-biarozauski,2046,forecast,negative:adjusted,104.94,44.25,163.4,4.94,102.9,1064.1,migration,,146.3
r-biarozauski,2051,forecast,negative:adjusted,102.88,43.47,83.7,2.88,102.9,1064.1,migration,,146.3
r-biarozauski,2056,forecast,negative:adjusted,101.98,44.62,41.1,1.98,102.9,1064.1,migration,,146.3
r-biarozauski,2026,forecast,negative:official,103.17,44.85,138.3,3.17,102.9,1064.1,migration,,146.3
r-biarozauski,2031,forecast,negative:official,104.97,47.0,171.9,4.97,102.9,1064.1,migration,,146.3
r-biarozauski,2036,forecast,negative:official,107.99,46.88,257.2,7.99,102.9,1064.1,migration,,146.3
r-biarozauski,2041,forecast,negative:official,107.49,46.16,250.5,7.49,102.9,1064.1,migration,,146.3
r-biarozauski,2046,forecast,negative:official,105.0,44.33,167.6,5.0,102.9,1064.1,migration,,146.3
r-biarozauski,2051,forecast,negative:official,102.97,43.58,87.8,2.97,102.9,1064.1,migration,,146.3
r-biarozauski,2056,forecast,negative:official,102.07,44.82,44.1,2.07,102.9,1064.1,migration,,146.3
r-biarozauski,2026,forecast,optimistic:adjusted,102.64,44.86,110.4,2.64,102.9,1064.1,migration,,146.3
r-biarozauski,2031,forecast,optimistic:adjusted,104.64,48.35,157.0,4.64,102.9,1064.1,migration,,146.3
r-biarozauski,2036,forecast,optimistic:adjusted,107.73,49.75,252.2,7.73,102.9,1064.1,migration,,146.3
r-biarozauski,2041,forecast,optimistic:adjusted,107.23,50.62,250.4,7.23,102.9,1064.1,migration,,146.3
r-biarozauski,2046,forecast,optimistic:adjusted,104.81,50.25,168.9,4.81,102.9,1064.1,migration,,146.3
r-biarozauski,2051,forecast,optimistic:adjusted,102.86,50.86,89.0,2.86,102.9,1064.1,migration,,146.3
r-biarozauski,2056,forecast,optimistic:adjusted,102.16,53.07,52.6,2.16,102.9,1064.1,migration,,146.3
r-biarozauski,2026,forecast,optimistic:official,103.17,44.85,138.3,3.17,102.9,1064.1,migration,,146.3
r-biarozauski,2031,forecast,optimistic:official,104.93,48.35,174.1,4.93,102.9,1064.1,migration,,146.3
r-biarozauski,2036,forecast,optimistic:official,107.75,49.78,259.8,7.75,102.9,1064.1,migration,,146.3
r-biarozauski,2041,forecast,optimistic:official,107.22,50.66,254.2,7.22,102.9,1064.1,migration,,146.3
r-biarozauski,2046,forecast,optimistic:official,104.87,50.32,173.1,4.87,102.9,1064.1,migration,,146.3
r-biarozauski,2051,forecast,optimistic:official,102.95,50.96,93.3,2.95,102.9,1064.1,migration,,146.3
r-biarozauski,2056,forecast,optimistic:official,102.24,53.26,56.0,2.24,102.9,1064.1,migration,,146.3
r-bierastavicki,2009,census,,99.35,42.24,-11,-0.65,24.0,272.2,migration,,205.5
r-bierastavicki,2019,census,,100.77,39.15,10,0.77,24.0,272.2,migration,,205.5
r-bierastavicki,2026,forecast,base:adjusted,104.86,44.67,51.5,4.86,24.0,272.2,migration,,205.5
r-bierastavicki,2031,forecast,base:adjusted,106.45,50.17,60.1,6.45,24.0,272.2,migration,,205.5
r-bierastavicki,2036,forecast,base:adjusted,106.51,52.23,56.9,6.51,24.0,272.2,migration,,205.5
r-bierastavicki,2041,forecast,base:adjusted,105.48,52.95,47.4,5.48,24.0,272.2,migration,,205.5
r-bierastavicki,2046,forecast,base:adjusted,105.99,53.3,47.5,5.99,24.0,272.2,migration,,205.5
r-bierastavicki,2051,forecast,base:adjusted,108.59,54.01,55.1,8.59,24.0,272.2,migration,,205.5
r-bierastavicki,2056,forecast,base:adjusted,108.81,55.54,42.7,8.81,24.0,272.2,migration,,205.5
r-bierastavicki,2026,forecast,base:official,105.27,44.67,58.9,5.27,24.0,272.2,migration,,205.5
r-bierastavicki,2031,forecast,base:official,106.8,50.17,66.6,6.8,24.0,272.2,migration,,205.5
r-bierastavicki,2036,forecast,base:official,106.72,52.26,60.6,6.72,24.0,272.2,migration,,205.5
r-bierastavicki,2041,forecast,base:official,105.67,53.01,50.0,5.67,24.0,272.2,migration,,205.5
r-bierastavicki,2046,forecast,base:official,106.08,53.39,48.9,6.08,24.0,272.2,migration,,205.5
r-bierastavicki,2051,forecast,base:official,108.74,54.15,57.1,8.74,24.0,272.2,migration,,205.5
r-bierastavicki,2056,forecast,base:official,108.96,55.77,44.7,8.96,24.0,272.2,migration,,205.5
r-bierastavicki,2026,forecast,negative:adjusted,104.86,44.67,51.5,4.86,24.0,272.2,migration,,205.5
r-bierastavicki,2031,forecast,negative:adjusted,106.47,48.74,59.2,6.47,24.0,272.2,migration,,205.5
r-bierastavicki,2036,forecast,negative:adjusted,106.58,49.23,55.5,6.58,24.0,272.2,migration,,205.5
r-bierastavicki,2041,forecast,negative:adjusted,105.37,48.38,44.8,5.37,24.0,272.2,migration,,205.5
r-bierastavicki,2046,forecast,negative:adjusted,105.81,47.1,44.3,5.81,24.0,272.2,migration,,205.5
r-bierastavicki,2051,forecast,negative:adjusted,108.48,46.17,51.9,8.48,24.0,272.2,migration,,205.5
r-bierastavicki,2056,forecast,negative:adjusted,108.74,46.41,37.7,8.74,24.0,272.2,migration,,205.5
r-bierastavicki,2026,forecast,negative:official,105.27,44.67,58.9,5.27,24.0,272.2,migration,,205.5
r-bierastavicki,2031,forecast,negative:official,106.83,48.73,65.8,6.83,24.0,272.2,migration,,205.5
r-bierastavicki,2036,forecast,negative:official,106.75,49.26,58.9,6.75,24.0,272.2,migration,,205.5
r-bierastavicki,2041,forecast,negative:official,105.58,48.43,47.4,5.58,24.0,272.2,migration,,205.5
r-bierastavicki,2046,forecast,negative:official,105.93,47.19,45.9,5.93,24.0,272.2,migration,,205.5
r-bierastavicki,2051,forecast,negative:official,108.61,46.33,53.8,8.61,24.0,272.2,migration,,205.5
r-bierastavicki,2056,forecast,negative:official,108.89,46.66,39.5,8.89,24.0,272.2,migration,,205.5
r-bierastavicki,2026,forecast,optimistic:adjusted,104.86,44.67,51.5,4.86,24.0,272.2,migration,,205.5
r-bierastavicki,2031,forecast,optimistic:adjusted,106.45,50.26,60.3,6.45,24.0,272.2,migration,,205.5
r-bierastavicki,2036,forecast,optimistic:adjusted,106.5,52.47,57.2,6.5,24.0,272.2,migration,,205.5
r-bierastavicki,2041,forecast,optimistic:adjusted,105.47,53.45,47.9,5.47,24.0,272.2,migration,,205.5
r-bierastavicki,2046,forecast,optimistic:adjusted,105.98,53.98,48.2,5.98,24.0,272.2,migration,,205.5
r-bierastavicki,2051,forecast,optimistic:adjusted,108.56,54.75,56.1,8.56,24.0,272.2,migration,,205.5
r-bierastavicki,2056,forecast,optimistic:adjusted,108.74,56.15,44.1,8.74,24.0,272.2,migration,,205.5
r-bierastavicki,2026,forecast,optimistic:official,105.27,44.67,58.9,5.27,24.0,272.2,migration,,205.5
r-bierastavicki,2031,forecast,optimistic:official,106.78,50.26,66.7,6.78,24.0,272.2,migration,,205.5
r-bierastavicki,2036,forecast,optimistic:official,106.7,52.5,60.8,6.7,24.0,272.2,migration,,205.5
r-bierastavicki,2041,forecast,optimistic:official,105.66,53.49,50.5,5.66,24.0,272.2,migration,,205.5
r-bierastavicki,2046,forecast,optimistic:official,106.12,54.07,50.0,6.12,24.0,272.2,migration,,205.5
r-bierastavicki,2051,forecast,optimistic:official,108.67,54.9,57.9,8.67,24.0,272.2,migration,,205.5
r-bierastavicki,2056,forecast,optimistic:official,108.82,56.38,45.8,8.82,24.0,272.2,migration,,205.5
r-bieshankovicki,2009,census,,106.68,43.33,99,6.68,24.5,339.5,migration,,145.9
r-bieshankovicki,2019,census,,100.84,43.96,10,0.84,24.5,339.5,migration,,145.9
r-bieshankovicki,2026,forecast,base:adjusted,102.02,46.7,17.6,2.02,24.5,339.5,migration,,145.9
r-bieshankovicki,2031,forecast,base:adjusted,105.33,50.87,37.5,5.33,24.5,339.5,migration,,145.9
r-bieshankovicki,2036,forecast,base:adjusted,106.56,52.89,44.4,6.56,24.5,339.5,migration,,145.9
r-bieshankovicki,2041,forecast,base:adjusted,104.33,54.34,31.3,4.33,24.5,339.5,migration,,145.9
r-bieshankovicki,2046,forecast,base:adjusted,99.31,54.48,-5.0,-0.69,24.5,339.5,migration,,145.9
r-bieshankovicki,2051,forecast,base:adjusted,97.8,55.37,-13.5,-2.2,24.5,339.5,migration,,145.9
r-bieshankovicki,2056,forecast,base:adjusted,97.84,58.21,-9.9,-2.16,24.5,339.5,migration,,145.9
r-bieshankovicki,2026,forecast,base:official,102.46,46.7,22.6,2.46,24.5,339.5,migration,,145.9
r-bieshankovicki,2031,forecast,base:official,105.47,50.86,40.6,5.47,24.5,339.5,migration,,145.9
r-bieshankovicki,2036,forecast,base:official,106.76,52.91,47.3,6.76,24.5,339.5,migration,,145.9
r-bieshankovicki,2041,forecast,base:official,104.49,54.4,33.1,4.49,24.5,339.5,migration,,145.9
r-bieshankovicki,2046,forecast,base:official,99.41,54.57,-4.3,-0.59,24.5,339.5,migration,,145.9
r-bieshankovicki,2051,forecast,base:official,97.92,55.5,-13.0,-2.08,24.5,339.5,migration,,145.9
r-bieshankovicki,2056,forecast,base:official,97.95,58.43,-9.7,-2.05,24.5,339.5,migration,,145.9
r-bieshankovicki,2026,forecast,negative:adjusted,102.02,46.7,17.6,2.02,24.5,339.5,migration,,145.9
r-bieshankovicki,2031,forecast,negative:adjusted,105.43,49.46,37.5,5.43,24.5,339.5,migration,,145.9
r-bieshankovicki,2036,forecast,negative:adjusted,106.71,49.88,43.7,6.71,24.5,339.5,migration,,145.9
r-bieshankovicki,2041,forecast,negative:adjusted,104.31,49.68,29.9,4.31,24.5,339.5,migration,,145.9
r-bieshankovicki,2046,forecast,negative:adjusted,99.26,48.19,-5.1,-0.74,24.5,339.5,migration,,145.9
r-bieshankovicki,2051,forecast,negative:adjusted,97.78,47.46,-12.9,-2.22,24.5,339.5,migration,,145.9
r-bieshankovicki,2056,forecast,negative:adjusted,97.83,49.0,-8.7,-2.17,24.5,339.5,migration,,145.9
r-bieshankovicki,2026,forecast,negative:official,102.46,46.7,22.6,2.46,24.5,339.5,migration,,145.9
r-bieshankovicki,2031,forecast,negative:official,105.55,49.46,40.5,5.55,24.5,339.5,migration,,145.9
r-bieshankovicki,2036,forecast,negative:official,106.86,49.92,46.3,6.86,24.5,339.5,migration,,145.9
r-bieshankovicki,2041,forecast,negative:official,104.47,49.74,31.7,4.47,24.5,339.5,migration,,145.9
r-bieshankovicki,2046,forecast,negative:official,99.36,48.28,-4.5,-0.64,24.5,339.5,migration,,145.9
r-bieshankovicki,2051,forecast,negative:official,97.93,47.61,-12.3,-2.07,24.5,339.5,migration,,145.9
r-bieshankovicki,2056,forecast,negative:official,97.95,49.23,-8.5,-2.05,24.5,339.5,migration,,145.9
r-bieshankovicki,2026,forecast,optimistic:adjusted,102.02,46.7,17.6,2.02,24.5,339.5,migration,,145.9
r-bieshankovicki,2031,forecast,optimistic:adjusted,105.3,50.98,37.5,5.3,24.5,339.5,migration,,145.9
r-bieshankovicki,2036,forecast,optimistic:adjusted,106.53,53.16,44.6,6.53,24.5,339.5,migration,,145.9
r-bieshankovicki,2041,forecast,optimistic:adjusted,104.3,54.84,31.5,4.3,24.5,339.5,migration,,145.9
r-bieshankovicki,2046,forecast,optimistic:adjusted,99.24,55.15,-5.6,-0.76,24.5,339.5,migration,,145.9
r-bieshankovicki,2051,forecast,optimistic:adjusted,97.71,56.09,-14.4,-2.29,24.5,339.5,migration,,145.9
r-bieshankovicki,2056,forecast,optimistic:adjusted,97.71,58.83,-11.0,-2.29,24.5,339.5,migration,,145.9
r-bieshankovicki,2026,forecast,optimistic:official,102.46,46.7,22.6,2.46,24.5,339.5,migration,,145.9
r-bieshankovicki,2031,forecast,optimistic:official,105.46,50.96,40.7,5.46,24.5,339.5,migration,,145.9
r-bieshankovicki,2036,forecast,optimistic:official,106.71,53.18,47.4,6.71,24.5,339.5,migration,,145.9
r-bieshankovicki,2041,forecast,optimistic:official,104.46,54.9,33.4,4.46,24.5,339.5,migration,,145.9
r-bieshankovicki,2046,forecast,optimistic:official,99.34,55.23,-4.9,-0.66,24.5,339.5,migration,,145.9
r-bieshankovicki,2051,forecast,optimistic:official,97.83,56.23,-14.0,-2.17,24.5,339.5,migration,,145.9
r-bieshankovicki,2056,forecast,optimistic:official,97.82,59.04,-10.8,-2.18,24.5,339.5,migration,,145.9
r-brahinski,2009,census,,100.2,41.99,3,0.2,16.7,28.7,migration,,264.4
r-brahinski,2019,census,,97.92,39.78,-25,-2.08,16.7,28.7,migration,,264.4
r-brahinski,2026,forecast,base:adjusted,108.28,49.12,82.2,8.28,16.7,28.7,migration,,264.4
r-brahinski,2031,forecast,base:adjusted,114.22,56.14,125.5,14.22,16.7,28.7,migration,,264.4
r-brahinski,2036,forecast,base:adjusted,113.43,58.33,111.9,13.43,16.7,28.7,migration,,264.4
r-brahinski,2041,forecast,base:adjusted,111.94,58.42,103.1,11.94,16.7,28.7,migration,,264.4
r-brahinski,2046,forecast,base:adjusted,110.26,56.79,85.1,10.26,16.7,28.7,migration,,264.4
r-brahinski,2051,forecast,base:adjusted,108.62,55.71,60.3,8.62,16.7,28.7,migration,,264.4
r-brahinski,2056,forecast,base:adjusted,107.98,55.72,43.8,7.98,16.7,28.7,migration,,264.4
r-brahinski,2026,forecast,base:official,108.95,49.11,93.3,8.95,16.7,28.7,migration,,264.4
r-brahinski,2031,forecast,base:official,114.67,56.14,135.8,14.67,16.7,28.7,migration,,264.4
r-brahinski,2036,forecast,base:official,113.62,58.37,117.0,13.62,16.7,28.7,migration,,264.4
r-brahinski,2041,forecast,base:official,112.05,58.51,105.8,12.05,16.7,28.7,migration,,264.4
r-brahinski,2046,forecast,base:official,110.31,56.91,86.6,10.31,16.7,28.7,migration,,264.4
r-brahinski,2051,forecast,base:official,108.72,55.88,62.1,8.72,16.7,28.7,migration,,264.4
r-brahinski,2056,forecast,base:official,108.06,55.97,45.5,8.06,16.7,28.7,migration,,264.4
r-brahinski,2026,forecast,negative:adjusted,108.28,49.12,82.2,8.28,16.7,28.7,migration,,264.4
r-brahinski,2031,forecast,negative:adjusted,114.22,54.52,123.3,14.22,16.7,28.7,migration,,264.4
r-brahinski,2036,forecast,negative:adjusted,113.55,54.9,109.0,13.55,16.7,28.7,migration,,264.4
r-brahinski,2041,forecast,negative:adjusted,112.03,53.19,100.0,12.03,16.7,28.7,migration,,264.4
r-brahinski,2046,forecast,negative:adjusted,110.29,50.01,82.0,10.29,16.7,28.7,migration,,264.4
r-brahinski,2051,forecast,negative:adjusted,108.62,47.45,57.5,8.62,16.7,28.7,migration,,264.4
r-brahinski,2056,forecast,negative:adjusted,108.12,46.3,39.3,8.12,16.7,28.7,migration,,264.4
r-brahinski,2026,forecast,negative:official,108.95,49.11,93.3,8.95,16.7,28.7,migration,,264.4
r-brahinski,2031,forecast,negative:official,114.7,54.53,133.8,14.7,16.7,28.7,migration,,264.4
r-brahinski,2036,forecast,negative:official,113.73,54.94,114.0,13.73,16.7,28.7,migration,,264.4
r-brahinski,2041,forecast,negative:official,112.15,53.27,102.8,12.15,16.7,28.7,migration,,264.4
r-brahinski,2046,forecast,negative:official,110.35,50.13,83.6,10.35,16.7,28.7,migration,,264.4
r-brahinski,2051,forecast,negative:official,108.73,47.64,59.3,8.73,16.7,28.7,migration,,264.4
r-brahinski,2056,forecast,negative:official,108.21,46.58,40.9,8.21,16.7,28.7,migration,,264.4
r-brahinski,2026,forecast,optimistic:adjusted,108.28,49.12,82.2,8.28,16.7,28.7,migration,,264.4
r-brahinski,2031,forecast,optimistic:adjusted,114.2,56.29,125.9,14.2,16.7,28.7,migration,,264.4
r-brahinski,2036,forecast,optimistic:adjusted,113.39,58.72,112.5,13.39,16.7,28.7,migration,,264.4
r-brahinski,2041,forecast,optimistic:adjusted,111.87,59.17,103.9,11.87,16.7,28.7,migration,,264.4
r-brahinski,2046,forecast,optimistic:adjusted,110.19,57.84,86.1,10.19,16.7,28.7,migration,,264.4
r-brahinski,2051,forecast,optimistic:adjusted,108.54,56.92,61.2,8.54,16.7,28.7,migration,,264.4
r-brahinski,2056,forecast,optimistic:adjusted,107.8,56.84,44.8,7.8,16.7,28.7,migration,,264.4
r-brahinski,2026,forecast,optimistic:official,108.95,49.11,93.3,8.95,16.7,28.7,migration,,264.4
r-brahinski,2031,forecast,optimistic:official,114.65,56.29,136.2,14.65,16.7,28.7,migration,,264.4
r-brahinski,2036,forecast,optimistic:official,113.59,58.76,117.7,13.59,16.7,28.7,migration,,264.4
r-brahinski,2041,forecast,optimistic:official,111.98,59.24,106.7,11.98,16.7,28.7,migration,,264.4
r-brahinski,2046,forecast,optimistic:official,110.24,57.93,87.6,10.24,16.7,28.7,migration,,264.4
r-brahinski,2051,forecast,optimistic:official,108.62,57.09,62.9,8.62,16.7,28.7,migration,,264.4
r-brahinski,2056,forecast,optimistic:official,107.88,57.07,46.5,7.88,16.7,28.7,migration,,264.4
r-braslauski,2009,census,,101.99,42.88,55,1.99,37.2,197.6,migration,,183.5
r-braslauski,2019,census,,110.42,44.19,219,10.42,37.2,197.6,migration,,183.5
r-braslauski,2026,forecast,base:adjusted,113.09,47.59,218.2,13.09,37.2,197.6,migration,,183.5
r-braslauski,2031,forecast,base:adjusted,113.63,52.56,190.2,13.63,37.2,197.6,migration,,183.5
r-braslauski,2036,forecast,base:adjusted,108.57,55.03,111.9,8.57,37.2,197.6,migration,,183.5
r-braslauski,2041,forecast,base:adjusted,103.14,56.35,42.5,3.14,37.2,197.6,migration,,183.5
r-braslauski,2046,forecast,base:adjusted,101.59,55.93,20.8,1.59,37.2,197.6,migration,,183.5
r-braslauski,2051,forecast,base:adjusted,102.33,57.13,25.5,2.33,37.2,197.6,migration,,183.5
r-braslauski,2056,forecast,base:adjusted,101.89,60.86,15.5,1.89,37.2,197.6,migration,,183.5
r-braslauski,2026,forecast,base:official,113.6,47.59,238.4,13.6,37.2,197.6,migration,,183.5
r-braslauski,2031,forecast,base:official,113.95,52.56,205.0,13.95,37.2,197.6,migration,,183.5
r-braslauski,2036,forecast,base:official,108.81,55.05,118.9,8.81,37.2,197.6,migration,,183.5
r-braslauski,2041,forecast,base:official,103.26,56.41,45.0,3.26,37.2,197.6,migration,,183.5
r-braslauski,2046,forecast,base:official,101.69,56.01,22.4,1.69,37.2,197.6,migration,,183.5
r-braslauski,2051,forecast,base:official,102.46,57.26,27.5,2.46,37.2,197.6,migration,,183.5
r-braslauski,2056,forecast,base:official,101.99,61.08,16.8,1.99,37.2,197.6,migration,,183.5
r-braslauski,2026,forecast,negative:adjusted,113.09,47.59,218.2,13.09,37.2,197.6,migration,,183.5
r-braslauski,2031,forecast,negative:adjusted,113.68,51.05,187.4,13.68,37.2,197.6,migration,,183.5
r-braslauski,2036,forecast,negative:adjusted,108.68,51.88,109.1,8.68,37.2,197.6,migration,,183.5
r-braslauski,2041,forecast,negative:adjusted,103.15,51.56,40.9,3.15,37.2,197.6,migration,,183.5
r-braslauski,2046,forecast,negative:adjusted,101.55,49.48,19.4,1.55,37.2,197.6,migration,,183.5
r-braslauski,2051,forecast,negative:adjusted,102.31,48.98,23.9,2.31,37.2,197.6,migration,,183.5
r-braslauski,2056,forecast,negative:adjusted,102.22,51.12,15.9,2.22,37.2,197.6,migration,,183.5
r-braslauski,2026,forecast,negative:official,113.6,47.59,238.4,13.6,37.2,197.6,migration,,183.5
r-braslauski,2031,forecast,negative:official,114.01,51.04,202.2,14.01,37.2,197.6,migration,,183.5
r-braslauski,2036,forecast,negative:official,108.94,51.9,116.2,8.94,37.2,197.6,migration,,183.5
r-braslauski,2041,forecast,negative:official,103.26,51.61,43.3,3.26,37.2,197.6,migration,,183.5
r-braslauski,2046,forecast,negative:official,101.65,49.57,21.0,1.65,37.2,197.6,migration,,183.5
r-braslauski,2051,forecast,negative:official,102.45,49.12,26.0,2.45,37.2,197.6,migration,,183.5
r-braslauski,2056,forecast,negative:official,102.31,51.37,17.1,2.31,37.2,197.6,migration,,183.5
r-braslauski,2026,forecast,optimistic:adjusted,113.09,47.59,218.2,13.09,37.2,197.6,migration,,183.5
r-braslauski,2031,forecast,optimistic:adjusted,113.61,52.66,190.8,13.61,37.2,197.6,migration,,183.5
r-braslauski,2036,forecast,optimistic:adjusted,108.54,55.3,112.5,8.54,37.2,197.6,migration,,183.5
r-braslauski,2041,forecast,optimistic:adjusted,103.12,56.88,42.8,3.12,37.2,197.6,migration,,183.5
r-braslauski,2046,forecast,optimistic:adjusted,101.55,56.65,20.7,1.55,37.2,197.6,migration,,183.5
r-braslauski,2051,forecast,optimistic:adjusted,102.23,57.95,25.1,2.23,37.2,197.6,migration,,183.5
r-braslauski,2056,forecast,optimistic:adjusted,101.72,61.51,14.8,1.72,37.2,197.6,migration,,183.5
r-braslauski,2026,forecast,optimistic:official,113.6,47.59,238.4,13.6,37.2,197.6,migration,,183.5
r-braslauski,2031,forecast,optimistic:official,113.92,52.67,205.6,13.92,37.2,197.6,migration,,183.5
r-braslauski,2036,forecast,optimistic:official,108.77,55.32,119.4,8.77,37.2,197.6,migration,,183.5
r-braslauski,2041,forecast,optimistic:official,103.22,56.93,45.1,3.22,37.2,197.6,migration,,183.5
r-braslauski,2046,forecast,optimistic:official,101.65,56.74,22.4,1.65,37.2,197.6,migration,,183.5
r-braslauski,2051,forecast,optimistic:official,102.39,58.08,27.4,2.39,37.2,197.6,migration,,183.5
r-braslauski,2056,forecast,optimistic:official,101.82,61.72,16.2,1.82,37.2,197.6,migration,,183.5
r-brescki,2009,census,,91.12,43.73,-3840,-8.88,629.9,5644.1,migration,,211.8
r-brescki,2019,census,,87.9,45.26,-6372,-12.1,629.9,5644.1,migration,,211.8
r-brescki,2026,forecast,base:adjusted,90.83,43.34,-3634.4,-9.17,629.9,5644.1,migration,,211.8
r-brescki,2031,forecast,base:adjusted,96.1,44.76,-1236.6,-3.9,629.9,5644.1,migration,,211.8
r-brescki,2036,forecast,base:adjusted,101.75,45.07,558.1,1.75,629.9,5644.1,migration,,211.8
r-brescki,2041,forecast,base:adjusted,101.73,45.57,690.4,1.73,629.9,5644.1,migration,,211.8
r-brescki,2046,forecast,base:adjusted,100.79,46.67,347.1,0.79,629.9,5644.1,migration,,211.8
r-brescki,2051,forecast,base:adjusted,101.21,49.52,501.1,1.21,629.9,5644.1,migration,,211.8
r-brescki,2056,forecast,base:adjusted,102.16,52.7,754.3,2.16,629.9,5644.1,migration,,211.8
r-brescki,2026,forecast,base:official,91.29,43.34,-3590.3,-8.71,629.9,5644.1,migration,,211.8
r-brescki,2031,forecast,base:official,96.34,44.76,-1208.0,-3.66,629.9,5644.1,migration,,211.8
r-brescki,2036,forecast,base:official,101.8,45.09,588.8,1.8,629.9,5644.1,migration,,211.8
r-brescki,2041,forecast,base:official,101.78,45.61,717.6,1.78,629.9,5644.1,migration,,211.8
r-brescki,2046,forecast,base:official,100.84,46.74,373.7,0.84,629.9,5644.1,migration,,211.8
r-brescki,2051,forecast,base:official,101.29,49.64,540.5,1.29,629.9,5644.1,migration,,211.8
r-brescki,2056,forecast,base:official,102.23,52.89,793.1,2.23,629.9,5644.1,migration,,211.8
r-brescki,2026,forecast,negative:adjusted,90.83,43.34,-3634.4,-9.17,629.9,5644.1,migration,,211.8
r-brescki,2031,forecast,negative:adjusted,96.13,43.55,-1208.5,-3.87,629.9,5644.1,migration,,211.8
r-brescki,2036,forecast,negative:adjusted,101.93,42.55,595.7,1.93,629.9,5644.1,migration,,211.8
r-brescki,2041,forecast,negative:adjusted,101.87,41.75,716.1,1.87,629.9,5644.1,migration,,211.8
r-brescki,2046,forecast,negative:adjusted,100.8,41.54,339.8,0.8,629.9,5644.1,migration,,211.8
r-brescki,2051,forecast,negative:adjusted,101.15,43.05,455.3,1.15,629.9,5644.1,migration,,211.8
r-brescki,2056,forecast,negative:adjusted,102.13,45.0,659.5,2.13,629.9,5644.1,migration,,211.8
r-brescki,2026,forecast,negative:official,91.29,43.34,-3590.3,-8.71,629.9,5644.1,migration,,211.8
r-brescki,2031,forecast,negative:official,96.36,43.55,-1180.8,-3.64,629.9,5644.1,migration,,211.8
r-brescki,2036,forecast,negative:official,101.98,42.57,625.4,1.98,629.9,5644.1,migration,,211.8
r-brescki,2041,forecast,negative:official,101.91,41.79,741.8,1.91,629.9,5644.1,migration,,211.8
r-brescki,2046,forecast,negative:official,100.85,41.61,365.8,0.85,629.9,5644.1,migration,,211.8
r-brescki,2051,forecast,negative:official,101.23,43.18,493.2,1.23,629.9,5644.1,migration,,211.8
r-brescki,2056,forecast,negative:official,102.2,45.2,695.0,2.2,629.9,5644.1,migration,,211.8
r-brescki,2026,forecast,optimistic:adjusted,90.83,43.34,-3634.4,-9.17,629.9,5644.1,migration,,211.8
r-brescki,2031,forecast,optimistic:adjusted,96.09,44.81,-1245.1,-3.91,629.9,5644.1,migration,,211.8
r-brescki,2036,forecast,optimistic:adjusted,101.7,45.23,546.3,1.7,629.9,5644.1,migration,,211.8
r-brescki,2041,forecast,optimistic:adjusted,101.65,45.88,667.8,1.65,629.9,5644.1,migration,,211.8
r-brescki,2046,forecast,optimistic:adjusted,100.71,47.12,320.9,0.71,629.9,5644.1,migration,,211.8
r-brescki,2051,forecast,optimistic:adjusted,101.13,50.03,481.0,1.13,629.9,5644.1,migration,,211.8
r-brescki,2056,forecast,optimistic:adjusted,102.04,53.19,741.4,2.04,629.9,5644.1,migration,,211.8
r-brescki,2026,forecast,optimistic:official,91.29,43.34,-3590.3,-8.71,629.9,5644.1,migration,,211.8
r-brescki,2031,forecast,optimistic:official,96.33,44.81,-1216.3,-3.67,629.9,5644.1,migration,,211.8
r-brescki,2036,forecast,optimistic:official,101.75,45.25,577.4,1.75,629.9,5644.1,migration,,211.8
r-brescki,2041,forecast,optimistic:official,101.7,45.92,695.3,1.7,629.9,5644.1,migration,,211.8
r-brescki,2046,forecast,optimistic:official,100.77,47.19,347.9,0.77,629.9,5644.1,migration,,211.8
r-brescki,2051,forecast,optimistic:official,101.21,50.15,520.5,1.21,629.9,5644.1,migration,,211.8
r-brescki,2056,forecast,optimistic:official,102.1,53.38,780.6,2.1,629.9,5644.1,migration,,211.8
r-buda-kashalouski,2009,census,,97.82,39.49,-76,-2.18,54.7,678.3,migration,,178.9
r-buda-kashalouski,2019,census,,107.14,35.28,210,7.14,54.7,678.3,migration,,178.9
r-buda-kashalouski,2026,forecast,base:adjusted,111.49,42.35,254.6,11.49,54.7,678.3,migration,,178.9
r-buda-kashalouski,2031,forecast,base:adjusted,114.39,47.8,266.8,14.39,54.7,678.3,migration,,178.9
r-buda-kashalouski,2036,forecast,base:adjusted,112.84,50.86,221.8,12.84,54.7,678.3,migration,,178.9
r-buda-kashalouski,2041,forecast,base:adjusted,110.68,51.96,191.6,10.68,54.7,678.3,migration,,178.9
r-buda-kashalouski,2046,forecast,base:adjusted,109.23,51.71,161.1,9.23,54.7,678.3,migration,,178.9
r-buda-kashalouski,2051,forecast,base:adjusted,106.87,52.29,102.3,6.87,54.7,678.3,migration,,178.9
r-buda-kashalouski,2056,forecast,base:adjusted,105.01,55.39,57.5,5.01,54.7,678.3,migration,,178.9
r-buda-kashalouski,2026,forecast,base:official,112.19,42.35,283.9,12.19,54.7,678.3,migration,,178.9
r-buda-kashalouski,2031,forecast,base:official,114.88,47.8,289.8,14.88,54.7,678.3,migration,,178.9
r-buda-kashalouski,2036,forecast,base:official,113.08,50.89,233.3,13.08,54.7,678.3,migration,,178.9
r-buda-kashalouski,2041,forecast,base:official,110.8,52.03,197.5,10.8,54.7,678.3,migration,,178.9
r-buda-kashalouski,2046,forecast,base:official,109.28,51.82,164.3,9.28,54.7,678.3,migration,,178.9
r-buda-kashalouski,2051,forecast,base:official,106.99,52.47,106.1,6.99,54.7,678.3,migration,,178.9
r-buda-kashalouski,2056,forecast,base:official,105.07,55.69,59.9,5.07,54.7,678.3,migration,,178.9
r-buda-kashalouski,2026,forecast,negative:adjusted,111.49,42.35,254.6,11.49,54.7,678.3,migration,,178.9
r-buda-kashalouski,2031,forecast,negative:adjusted,114.41,46.44,262.6,14.41,54.7,678.3,migration,,178.9
r-buda-kashalouski,2036,forecast,negative:adjusted,112.94,47.9,215.9,12.94,54.7,678.3,migration,,178.9
r-buda-kashalouski,2041,forecast,negative:adjusted,110.75,47.34,185.7,10.75,54.7,678.3,migration,,178.9
r-buda-kashalouski,2046,forecast,negative:adjusted,109.27,45.48,155.4,9.27,54.7,678.3,migration,,178.9
r-buda-kashalouski,2051,forecast,negative:adjusted,106.88,44.51,97.7,6.88,54.7,678.3,migration,,178.9
r-buda-kashalouski,2056,forecast,negative:adjusted,105.35,46.38,54.2,5.35,54.7,678.3,migration,,178.9
r-buda-kashalouski,2026,forecast,negative:official,112.19,42.35,283.9,12.19,54.7,678.3,migration,,178.9
r-buda-kashalouski,2031,forecast,negative:official,114.89,46.44,285.4,14.89,54.7,678.3,migration,,178.9
r-buda-kashalouski,2036,forecast,negative:official,113.18,47.93,227.3,13.18,54.7,678.3,migration,,178.9
r-buda-kashalouski,2041,forecast,negative:official,110.87,47.4,191.5,10.87,54.7,678.3,migration,,178.9
r-buda-kashalouski,2046,forecast,negative:official,109.31,45.59,158.4,9.31,54.7,678.3,migration,,178.9
r-buda-kashalouski,2051,forecast,negative:official,106.98,44.7,101.1,6.98,54.7,678.3,migration,,178.9
r-buda-kashalouski,2056,forecast,negative:official,105.42,46.71,56.6,5.42,54.7,678.3,migration,,178.9
r-buda-kashalouski,2026,forecast,optimistic:adjusted,111.49,42.35,254.6,11.49,54.7,678.3,migration,,178.9
r-buda-kashalouski,2031,forecast,optimistic:adjusted,114.39,47.92,268.0,14.39,54.7,678.3,migration,,178.9
r-buda-kashalouski,2036,forecast,optimistic:adjusted,112.8,51.18,223.1,12.8,54.7,678.3,migration,,178.9
r-buda-kashalouski,2041,forecast,optimistic:adjusted,110.62,52.58,193.2,10.62,54.7,678.3,migration,,178.9
r-buda-kashalouski,2046,forecast,optimistic:adjusted,109.15,52.56,162.7,9.15,54.7,678.3,migration,,178.9
r-buda-kashalouski,2051,forecast,optimistic:adjusted,106.78,53.28,103.4,6.78,54.7,678.3,migration,,178.9
r-buda-kashalouski,2056,forecast,optimistic:adjusted,104.82,56.25,57.9,4.82,54.7,678.3,migration,,178.9
r-buda-kashalouski,2026,forecast,optimistic:official,112.19,42.35,283.9,12.19,54.7,678.3,migration,,178.9
r-buda-kashalouski,2031,forecast,optimistic:official,114.85,47.92,290.6,14.85,54.7,678.3,migration,,178.9
r-buda-kashalouski,2036,forecast,optimistic:official,113.05,51.21,234.8,13.05,54.7,678.3,migration,,178.9
r-buda-kashalouski,2041,forecast,optimistic:official,110.74,52.64,199.0,10.74,54.7,678.3,migration,,178.9
r-buda-kashalouski,2046,forecast,optimistic:official,109.19,52.67,165.7,9.19,54.7,678.3,migration,,178.9
r-buda-kashalouski,2051,forecast,optimistic:official,106.88,53.45,107.0,6.88,54.7,678.3,migration,,178.9
r-buda-kashalouski,2056,forecast,optimistic:official,104.88,56.54,60.3,4.88,54.7,678.3,migration,,178.9
r-bychauski,2009,census,,101.45,39.51,49,1.45,46.9,32.1,mortality,,159.9
r-bychauski,2019,census,,103.96,36.59,115,3.96,46.9,32.1,mortality,,159.9
r-bychauski,2026,forecast,base:adjusted,103.22,44.88,67.7,3.22,46.9,32.1,mortality,,159.9
r-bychauski,2031,forecast,base:adjusted,104.79,47.8,78.9,4.79,46.9,32.1,mortality,,159.9
r-bychauski,2036,forecast,base:adjusted,108.04,47.05,121.9,8.04,46.9,32.1,mortality,,159.9
r-bychauski,2041,forecast,base:adjusted,108.53,45.5,132.7,8.53,46.9,32.1,mortality,,159.9
r-bychauski,2046,forecast,base:adjusted,106.02,45.61,95.2,6.02,46.9,32.1,mortality,,159.9
r-bychauski,2051,forecast,base:adjusted,105.73,47.53,78.7,5.73,46.9,32.1,mortality,,159.9
r-bychauski,2056,forecast,base:adjusted,105.9,50.91,62.2,5.9,46.9,32.1,mortality,,159.9
r-bychauski,2026,forecast,base:official,103.68,44.88,81.6,3.68,46.9,32.1,mortality,,159.9
r-bychauski,2031,forecast,base:official,105.07,47.8,88.1,5.07,46.9,32.1,mortality,,159.9
r-bychauski,2036,forecast,base:official,108.07,47.07,126.6,8.07,46.9,32.1,mortality,,159.9
r-bychauski,2041,forecast,base:official,108.6,45.56,136.5,8.6,46.9,32.1,mortality,,159.9
r-bychauski,2046,forecast,base:official,106.12,45.72,98.3,6.12,46.9,32.1,mortality,,159.9
r-bychauski,2051,forecast,base:official,105.86,47.69,82.2,5.86,46.9,32.1,mortality,,159.9
r-bychauski,2056,forecast,base:official,106.04,51.18,65.7,6.04,46.9,32.1,mortality,,159.9
r-bychauski,2026,forecast,negative:adjusted,103.22,44.88,67.7,3.22,46.9,32.1,mortality,,159.9
r-bychauski,2031,forecast,negative:adjusted,104.9,46.28,78.8,4.9,46.9,32.1,mortality,,159.9
r-bychauski,2036,forecast,negative:adjusted,108.36,43.9,121.2,8.36,46.9,32.1,mortality,,159.9
r-bychauski,2041,forecast,negative:adjusted,108.79,40.72,130.6,8.79,46.9,32.1,mortality,,159.9
r-bychauski,2046,forecast,negative:adjusted,106.03,39.27,90.8,6.03,46.9,32.1,mortality,,159.9
r-bychauski,2051,forecast,negative:adjusted,105.64,39.77,73.1,5.64,46.9,32.1,mortality,,159.9
r-bychauski,2056,forecast,negative:adjusted,105.52,41.96,51.1,5.52,46.9,32.1,mortality,,159.9
r-bychauski,2026,forecast,negative:official,103.68,44.88,81.6,3.68,46.9,32.1,mortality,,159.9
r-bychauski,2031,forecast,negative:official,105.18,46.27,88.0,5.18,46.9,32.1,mortality,,159.9
r-bychauski,2036,forecast,negative:official,108.37,43.93,125.8,8.37,46.9,32.1,mortality,,159.9
r-bychauski,2041,forecast,negative:official,108.85,40.78,134.1,8.85,46.9,32.1,mortality,,159.9
r-bychauski,2046,forecast,negative:official,106.13,39.38,93.8,6.13,46.9,32.1,mortality,,159.9
r-bychauski,2051,forecast,negative:official,105.77,39.96,76.4,5.77,46.9,32.1,mortality,,159.9
r-bychauski,2056,forecast,negative:official,105.7,42.27,54.4,5.7,46.9,32.1,mortality,,159.9
r-bychauski,2026,forecast,optimistic:adjusted,103.22,44.88,67.7,3.22,46.9,32.1,mortality,,159.9
r-bychauski,2031,forecast,optimistic:adjusted,104.76,47.98,78.7,4.76,46.9,32.1,mortality,,159.9
r-bychauski,2036,forecast,optimistic:adjusted,108.0,47.46,122.1,8.0,46.9,32.1,mortality,,159.9
r-bychauski,2041,forecast,optimistic:adjusted,108.44,46.25,133.2,8.44,46.9,32.1,mortality,,159.9
r-bychauski,2046,forecast,optimistic:adjusted,105.96,46.62,96.1,5.96,46.9,32.1,mortality,,159.9
r-bychauski,2051,forecast,optimistic:adjusted,105.67,48.61,80.0,5.67,46.9,32.1,mortality,,159.9
r-bychauski,2056,forecast,optimistic:adjusted,105.82,51.88,64.4,5.82,46.9,32.1,mortality,,159.9
r-bychauski,2026,forecast,optimistic:official,103.68,44.88,81.6,3.68,46.9,32.1,mortality,,159.9
r-bychauski,2031,forecast,optimistic:official,105.05,47.99,88.1,5.05,46.9,32.1,mortality,,159.9
r-bychauski,2036,forecast,optimistic:official,108.02,47.49,126.6,8.02,46.9,32.1,mortality,,159.9
r-bychauski,2041,forecast,optimistic:official,108.51,46.31,136.9,8.51,46.9,32.1,mortality,,159.9
r-bychauski,2046,forecast,optimistic:official,106.06,46.72,99.2,6.06,46.9,32.1,mortality,,159.9
r-bychauski,2051,forecast,optimistic:official,105.81,48.77,83.5,5.81,46.9,32.1,mortality,,159.9
r-bychauski,2056,forecast,optimistic:official,105.97,52.14,68.0,5.97,46.9,32.1,mortality,,159.9
r-chacherski,2009,census,,90.06,41.95,-171,-9.94,19.5,132.9,migration,2036,208.4
r-chacherski,2019,census,,98.61,34.18,-20,-1.39,19.5,132.9,migration,2036,208.4
r-chacherski,2026,forecast,base:adjusted,107.08,43.39,87.6,7.08,19.5,132.9,migration,2036,208.4
r-chacherski,2031,forecast,base:adjusted,113.97,50.66,152.0,13.97,19.5,132.9,migration,2036,208.4
r-chacherski,2036,forecast,base:adjusted,116.89,54.52,168.7,16.89,19.5,132.9,migration,2036,208.4
r-chacherski,2041,forecast,base:adjusted,115.5,55.02,162.4,15.5,19.5,132.9,migration,2036,208.4
r-chacherski,2046,forecast,base:adjusted,108.26,52.55,89.4,8.26,19.5,132.9,migration,2036,208.4
r-chacherski,2051,forecast,base:adjusted,103.97,51.28,37.7,3.97,19.5,132.9,migration,2036,208.4
r-chacherski,2056,forecast,base:adjusted,104.6,52.11,33.4,4.6,19.5,132.9,migration,2036,208.4
r-chacherski,2026,forecast,base:official,107.73,43.4,100.4,7.73,19.5,132.9,migration,2036,208.4
r-chacherski,2031,forecast,base:official,114.41,50.65,164.5,14.41,19.5,132.9,migration,2036,208.4
r-chacherski,2036,forecast,base:official,117.11,54.58,176.3,17.11,19.5,132.9,migration,2036,208.4
r-chacherski,2041,forecast,base:official,115.66,55.1,167.0,15.66,19.5,132.9,migration,2036,208.4
r-chacherski,2046,forecast,base:official,108.31,52.65,91.1,8.31,19.5,132.9,migration,2036,208.4
r-chacherski,2051,forecast,base:official,104.05,51.44,39.2,4.05,19.5,132.9,migration,2036,208.4
r-chacherski,2056,forecast,base:official,104.67,52.38,34.9,4.67,19.5,132.9,migration,2036,208.4
r-chacherski,2026,forecast,negative:adjusted,107.08,43.39,87.6,7.08,19.5,132.9,migration,2036,208.4
r-chacherski,2031,forecast,negative:adjusted,113.98,49.25,149.5,13.98,19.5,132.9,migration,2036,208.4
r-chacherski,2036,forecast,negative:adjusted,116.99,51.4,163.9,16.99,19.5,132.9,migration,2036,208.4
r-chacherski,2041,forecast,negative:adjusted,115.57,50.2,157.1,15.57,19.5,132.9,migration,2036,208.4
r-chacherski,2046,forecast,negative:adjusted,108.26,46.27,85.9,8.26,19.5,132.9,migration,2036,208.4
r-chacherski,2051,forecast,negative:adjusted,103.95,43.63,35.8,3.95,19.5,132.9,migration,2036,208.4
r-chacherski,2056,forecast,negative:adjusted,104.59,43.48,29.5,4.59,19.5,132.9,migration,2036,208.4
r-chacherski,2026,forecast,negative:official,107.73,43.4,100.4,7.73,19.5,132.9,migration,2036,208.4
r-chacherski,2031,forecast,negative:official,114.41,49.23,161.9,14.41,19.5,132.9,migration,2036,208.4
r-chacherski,2036,forecast,negative:official,117.22,51.45,171.5,17.22,19.5,132.9,migration,2036,208.4
r-chacherski,2041,forecast,negative:official,115.73,50.27,161.6,15.73,19.5,132.9,migration,2036,208.4
r-chacherski,2046,forecast,negative:official,108.32,46.38,87.7,8.32,19.5,132.9,migration,2036,208.4
r-chacherski,2051,forecast,negative:official,104.02,43.8,37.1,4.02,19.5,132.9,migration,2036,208.4
r-chacherski,2056,forecast,negative:official,104.69,43.77,31.0,4.69,19.5,132.9,migration,2036,208.4
r-chacherski,2026,forecast,optimistic:adjusted,107.08,43.39,87.6,7.08,19.5,132.9,migration,2036,208.4
r-chacherski,2031,forecast,optimistic:adjusted,113.94,50.78,152.4,13.94,19.5,132.9,migration,2036,208.4
r-chacherski,2036,forecast,optimistic:adjusted,116.85,54.87,169.8,16.85,19.5,132.9,migration,2036,208.4
r-chacherski,2041,forecast,optimistic:adjusted,115.44,55.68,164.1,15.44,19.5,132.9,migration,2036,208.4
r-chacherski,2046,forecast,optimistic:adjusted,108.18,53.46,90.2,8.18,19.5,132.9,migration,2036,208.4
r-chacherski,2051,forecast,optimistic:adjusted,103.87,52.35,37.7,3.87,19.5,132.9,migration,2036,208.4
r-chacherski,2056,forecast,optimistic:adjusted,104.4,53.02,33.4,4.4,19.5,132.9,migration,2036,208.4
r-chacherski,2026,forecast,optimistic:official,107.73,43.4,100.4,7.73,19.5,132.9,migration,2036,208.4
r-chacherski,2031,forecast,optimistic:official,114.39,50.78,165.0,14.39,19.5,132.9,migration,2036,208.4
r-chacherski,2036,forecast,optimistic:official,117.08,54.91,177.4,17.08,19.5,132.9,migration,2036,208.4
r-chacherski,2041,forecast,optimistic:official,115.59,55.75,168.6,15.59,19.5,132.9,migration,2036,208.4
r-chacherski,2046,forecast,optimistic:official,108.24,53.56,92.0,8.24,19.5,132.9,migration,2036,208.4
r-chacherski,2051,forecast,optimistic:official,103.93,52.51,39.0,3.93,19.5,132.9,migration,2036,208.4
r-chacherski,2056,forecast,optimistic:official,104.48,53.28,35.0,4.48,19.5,132.9,migration,2036,208.4
r-chashnicki,2009,census,,107.67,44.77,268,7.67,49.5,427.5,migration,,132.9
r-chashnicki,2019,census,,102.02,42.54,52,2.02,49.5,427.5,migration,,132.9
r-chashnicki,2026,forecast,base:adjusted,103.82,45.86,68.5,3.82,49.5,427.5,migration,,132.9
r-chashnicki,2031,forecast,base:adjusted,103.66,49.72,52.1,3.66,49.5,427.5,migration,,132.9
r-chashnicki,2036,forecast,base:adjusted,100.56,51.22,7.8,0.56,49.5,427.5,migration,,132.9
r-chashnicki,2041,forecast,base:adjusted,97.26,52.41,-40.6,-2.74,49.5,427.5,migration,,132.9
r-chashnicki,2046,forecast,base:adjusted,98.25,53.36,-24.5,-1.75,49.5,427.5,migration,,132.9
r-chashnicki,2051,forecast,base:adjusted,100.29,54.74,3.3,0.29,49.5,427.5,migration,,132.9
r-chashnicki,2056,forecast,base:adjusted,99.95,56.24,-0.4,-0.05,49.5,427.5,migration,,132.9
r-chashnicki,2026,forecast,base:official,104.25,45.85,80.2,4.25,49.5,427.5,migration,,132.9
r-chashnicki,2031,forecast,base:official,103.96,49.71,59.4,3.96,49.5,427.5,migration,,132.9
r-chashnicki,2036,forecast,base:official,100.7,51.25,10.2,0.7,49.5,427.5,migration,,132.9
r-chashnicki,2041,forecast,base:official,97.28,52.46,-41.0,-2.72,49.5,427.5,migration,,132.9
r-chashnicki,2046,forecast,base:official,98.36,53.44,-23.3,-1.64,49.5,427.5,migration,,132.9
r-chashnicki,2051,forecast,base:official,100.44,54.87,5.1,0.44,49.5,427.5,migration,,132.9
r-chashnicki,2056,forecast,base:official,100.05,56.45,0.4,0.05,49.5,427.5,migration,,132.9
r-chashnicki,2026,forecast,negative:adjusted,103.82,45.86,68.5,3.82,49.5,427.5,migration,,132.9
r-chashnicki,2031,forecast,negative:adjusted,103.71,48.35,51.9,3.71,49.5,427.5,migration,,132.9
r-chashnicki,2036,forecast,negative:adjusted,100.7,48.32,9.5,0.7,49.5,427.5,migration,,132.9
r-chashnicki,2041,forecast,negative:adjusted,97.33,47.93,-37.9,-2.67,49.5,427.5,migration,,132.9
r-chashnicki,2046,forecast,negative:adjusted,98.24,47.34,-23.5,-1.76,49.5,427.5,migration,,132.9
r-chashnicki,2051,forecast,negative:adjusted,100.26,47.19,2.8,0.26,49.5,427.5,migration,,132.9
r-chashnicki,2056,forecast,negative:adjusted,100.01,47.38,0.1,0.01,49.5,427.5,migration,,132.9
r-chashnicki,2026,forecast,negative:official,104.25,45.85,80.2,4.25,49.5,427.5,migration,,132.9
r-chashnicki,2031,forecast,negative:official,104.02,48.34,59.2,4.02,49.5,427.5,migration,,132.9
r-chashnicki,2036,forecast,negative:official,100.83,48.34,11.6,0.83,49.5,427.5,migration,,132.9
r-chashnicki,2041,forecast,negative:official,97.36,47.98,-38.3,-2.64,49.5,427.5,migration,,132.9
r-chashnicki,2046,forecast,negative:official,98.35,47.43,-22.4,-1.65,49.5,427.5,migration,,132.9
r-chashnicki,2051,forecast,negative:official,100.43,47.34,4.8,0.43,49.5,427.5,migration,,132.9
r-chashnicki,2056,forecast,negative:official,100.12,47.6,0.9,0.12,49.5,427.5,migration,,132.9
r-chashnicki,2026,forecast,optimistic:adjusted,103.82,45.86,68.5,3.82,49.5,427.5,migration,,132.9
r-chashnicki,2031,forecast,optimistic:adjusted,103.62,49.82,51.9,3.62,49.5,427.5,migration,,132.9
r-chashnicki,2036,forecast,optimistic:adjusted,100.52,51.47,7.3,0.52,49.5,427.5,migration,,132.9
r-chashnicki,2041,forecast,optimistic:adjusted,97.2,52.87,-42.0,-2.8,49.5,427.5,migration,,132.9
r-chashnicki,2046,forecast,optimistic:adjusted,98.2,53.99,-25.7,-1.8,49.5,427.5,migration,,132.9
r-chashnicki,2051,forecast,optimistic:adjusted,100.19,55.42,2.2,0.19,49.5,427.5,migration,,132.9
r-chashnicki,2056,forecast,optimistic:adjusted,99.8,56.83,-1.8,-0.2,49.5,427.5,migration,,132.9
r-chashnicki,2026,forecast,optimistic:official,104.25,45.85,80.2,4.25,49.5,427.5,migration,,132.9
r-chashnicki,2031,forecast,optimistic:official,103.93,49.82,59.3,3.93,49.5,427.5,migration,,132.9
r-chashnicki,2036,forecast,optimistic:official,100.66,51.49,9.7,0.66,49.5,427.5,migration,,132.9
r-chashnicki,2041,forecast,optimistic:official,97.24,52.92,-42.3,-2.76,49.5,427.5,migration,,132.9
r-chashnicki,2046,forecast,optimistic:official,98.3,54.08,-24.6,-1.7,49.5,427.5,migration,,132.9
r-chashnicki,2051,forecast,optimistic:official,100.34,55.56,4.1,0.34,49.5,427.5,migration,,132.9
r-chashnicki,2056,forecast,optimistic:official,99.92,57.03,-0.7,-0.08,49.5,427.5,migration,,132.9
r-chavuski,2009,census,,106.53,41.1,126,6.53,27.9,95.1,migration,,170.1
r-chavuski,2019,census,,102.92,44.33,48,2.92,27.9,95.1,migration,,170.1
r-chavuski,2026,forecast,base:adjusted,106.83,51.46,76.4,6.83,27.9,95.1,migration,,170.1
r-chavuski,2031,forecast,base:adjusted,111.85,53.74,100.7,11.85,27.9,95.1,migration,,170.1
r-chavuski,2036,forecast,base:adjusted,112.8,52.61,104.6,12.8,27.9,95.1,migration,,170.1
r-chavuski,2041,forecast,base:adjusted,111.53,51.48,99.7,11.53,27.9,95.1,migration,,170.1
r-chavuski,2046,forecast,base:adjusted,107.44,52.75,66.5,7.44,27.9,95.1,migration,,170.1
r-chavuski,2051,forecast,base:adjusted,105.76,55.23,45.5,5.76,27.9,95.1,migration,,170.1
r-chavuski,2056,forecast,base:adjusted,105.27,58.16,32.0,5.27,27.9,95.1,migration,,170.1
r-chavuski,2026,forecast,base:official,107.34,51.46,86.7,7.34,27.9,95.1,migration,,170.1
r-chavuski,2031,forecast,base:official,112.06,53.74,108.3,12.06,27.9,95.1,migration,,170.1
r-chavuski,2036,forecast,base:official,112.92,52.64,109.2,12.92,27.9,95.1,migration,,170.1
r-chavuski,2041,forecast,base:official,111.63,51.54,102.7,11.63,27.9,95.1,migration,,170.1
r-chavuski,2046,forecast,base:official,107.51,52.88,68.3,7.51,27.9,95.1,migration,,170.1
r-chavuski,2051,forecast,base:official,105.91,55.42,47.6,5.91,27.9,95.1,migration,,170.1
r-chavuski,2056,forecast,base:official,105.4,58.45,33.9,5.4,27.9,95.1,migration,,170.1
r-chavuski,2026,forecast,negative:adjusted,106.83,51.46,76.4,6.83,27.9,95.1,migration,,170.1
r-chavuski,2031,forecast,negative:adjusted,111.94,52.0,99.2,11.94,27.9,95.1,migration,,170.1
r-chavuski,2036,forecast,negative:adjusted,113.07,49.01,102.2,13.07,27.9,95.1,migration,,170.1
r-chavuski,2041,forecast,negative:adjusted,111.71,45.98,96.7,11.71,27.9,95.1,migration,,170.1
r-chavuski,2046,forecast,negative:adjusted,107.43,45.29,63.3,7.43,27.9,95.1,migration,,170.1
r-chavuski,2051,forecast,negative:adjusted,105.66,46.03,42.2,5.66,27.9,95.1,migration,,170.1
r-chavuski,2056,forecast,negative:adjusted,105.13,47.6,27.3,5.13,27.9,95.1,migration,,170.1
r-chavuski,2026,forecast,negative:official,107.34,51.46,86.7,7.34,27.9,95.1,migration,,170.1
r-chavuski,2031,forecast,negative:official,112.18,51.99,107.0,12.18,27.9,95.1,migration,,170.1
r-chavuski,2036,forecast,negative:official,113.17,49.04,106.7,13.17,27.9,95.1,migration,,170.1
r-chavuski,2041,forecast,negative:official,111.83,46.04,99.8,11.83,27.9,95.1,migration,,170.1
r-chavuski,2046,forecast,negative:official,107.54,45.43,65.3,7.54,27.9,95.1,migration,,170.1
r-chavuski,2051,forecast,negative:official,105.83,46.24,44.4,5.83,27.9,95.1,migration,,170.1
r-chavuski,2056,forecast,negative:official,105.28,47.94,29.0,5.28,27.9,95.1,migration,,170.1
r-chavuski,2026,forecast,optimistic:adjusted,106.83,51.46,76.4,6.83,27.9,95.1,migration,,170.1
r-chavuski,2031,forecast,optimistic:adjusted,111.83,53.96,100.9,11.83,27.9,95.1,migration,,170.1
r-chavuski,2036,forecast,optimistic:adjusted,112.75,53.11,104.9,12.75,27.9,95.1,migration,,170.1
r-chavuski,2041,forecast,optimistic:adjusted,111.43,52.36,100.2,11.43,27.9,95.1,migration,,170.1
r-chavuski,2046,forecast,optimistic:adjusted,107.38,53.95,67.3,7.38,27.9,95.1,migration,,170.1
r-chavuski,2051,forecast,optimistic:adjusted,105.7,56.53,46.2,5.7,27.9,95.1,migration,,170.1
r-chavuski,2056,forecast,optimistic:adjusted,105.15,59.39,32.8,5.15,27.9,95.1,migration,,170.1
r-chavuski,2026,forecast,optimistic:official,107.34,51.46,86.7,7.34,27.9,95.1,migration,,170.1
r-chavuski,2031,forecast,optimistic:official,112.05,53.96,108.6,12.05,27.9,95.1,migration,,170.1
r-chavuski,2036,forecast,optimistic:official,112.85,53.13,109.4,12.85,27.9,95.1,migration,,170.1
r-chavuski,2041,forecast,optimistic:official,111.54,52.42,103.3,11.54,27.9,95.1,migration,,170.1
r-chavuski,2046,forecast,optimistic:official,107.47,54.06,69.2,7.47,27.9,95.1,migration,,170.1
r-chavuski,2051,forecast,optimistic:official,105.85,56.71,48.4,5.85,27.9,95.1,migration,,170.1
r-chavuski,2056,forecast,optimistic:official,105.33,59.65,35.0,5.33,27.9,95.1,migration,,170.1
r-chervienski,2009,census,,105.66,41.11,172,5.66,50.5,168.5,migration,2036,46.4
r-chervienski,2019,census,,109.87,38.6,328,9.87,50.5,168.5,migration,2036,46.4
r-chervienski,2026,forecast,base:adjusted,110.51,43.98,323.5,10.51,50.5,168.5,migration,2036,46.4
r-chervienski,2031,forecast,base:adjusted,111.87,48.07,289.0,11.87,50.5,168.5,migration,2036,46.4
r-chervienski,2036,forecast,base:adjusted,120.32,50.59,402.1,20.32,50.5,168.5,migration,2036,46.4
r-chervienski,2041,forecast,base:adjusted,123.86,50.47,445.1,23.86,50.5,168.5,migration,2036,46.4
r-chervienski,2046,forecast,base:adjusted,122.77,50.38,398.5,22.77,50.5,168.5,migration,2036,46.4
r-chervienski,2051,forecast,base:adjusted,124.57,52.43,362.3,24.57,50.5,168.5,migration,2036,46.4
r-chervienski,2056,forecast,base:adjusted,127.8,56.8,319.4,27.8,50.5,168.5,migration,2036,46.4
r-chervienski,2026,forecast,base:official,110.64,43.98,332.5,10.64,50.5,168.5,migration,2036,46.4
r-chervienski,2031,forecast,base:official,111.97,48.07,296.2,11.97,50.5,168.5,migration,2036,46.4
r-chervienski,2036,forecast,base:official,120.33,50.61,406.7,20.33,50.5,168.5,migration,2036,46.4
r-chervienski,2041,forecast,base:official,123.92,50.49,449.1,23.92,50.5,168.5,migration,2036,46.4
r-chervienski,2046,forecast,base:official,122.8,50.42,400.9,22.8,50.5,168.5,migration,2036,46.4
r-chervienski,2051,forecast,base:official,124.61,52.51,365.0,24.61,50.5,168.5,migration,2036,46.4
r-chervienski,2056,forecast,base:official,127.87,56.9,322.9,27.87,50.5,168.5,migration,2036,46.4
r-chervienski,2026,forecast,negative:adjusted,110.51,43.98,323.5,10.51,50.5,168.5,migration,2036,46.4
r-chervienski,2031,forecast,negative:adjusted,111.89,46.28,284.5,11.89,50.5,168.5,migration,2036,46.4
r-chervienski,2036,forecast,negative:adjusted,120.5,46.86,390.9,20.5,50.5,168.5,migration,2036,46.4
r-chervienski,2041,forecast,negative:adjusted,123.98,44.66,429.8,23.98,50.5,168.5,migration,2036,46.4
r-chervienski,2046,forecast,negative:adjusted,122.72,42.44,382.9,22.72,50.5,168.5,migration,2036,46.4
r-chervienski,2051,forecast,negative:adjusted,124.42,42.48,346.3,24.42,50.5,168.5,migration,2036,46.4
r-chervienski,2056,forecast,negative:adjusted,126.88,45.59,280.9,26.88,50.5,168.5,migration,2036,46.4
r-chervienski,2026,forecast,negative:official,110.64,43.98,332.5,10.64,50.5,168.5,migration,2036,46.4
r-chervienski,2031,forecast,negative:official,112.01,46.27,292.0,12.01,50.5,168.5,migration,2036,46.4
r-chervienski,2036,forecast,negative:official,120.51,46.87,395.6,20.51,50.5,168.5,migration,2036,46.4
r-chervienski,2041,forecast,negative:official,124.03,44.69,433.7,24.03,50.5,168.5,migration,2036,46.4
r-chervienski,2046,forecast,negative:official,122.76,42.49,385.4,22.76,50.5,168.5,migration,2036,46.4
r-chervienski,2051,forecast,negative:official,124.45,42.57,348.9,24.45,50.5,168.5,migration,2036,46.4
r-chervienski,2056,forecast,negative:official,126.91,45.73,283.7,26.91,50.5,168.5,migration,2036,46.4
r-chervienski,2026,forecast,optimistic:adjusted,110.51,43.98,323.5,10.51,50.5,168.5,migration,2036,46.4
r-chervienski,2031,forecast,optimistic:adjusted,111.87,48.38,289.0,11.87,50.5,168.5,migration,2036,46.4
r-chervienski,2036,forecast,optimistic:adjusted,120.34,51.2,402.3,20.34,50.5,168.5,migration,2036,46.4
r-chervienski,2041,forecast,optimistic:adjusted,123.86,51.52,447.1,23.86,50.5,168.5,migration,2036,46.4
r-chervienski,2046,forecast,optimistic:adjusted,122.77,51.82,401.7,22.77,50.5,168.5,migration,2036,46.4
r-chervienski,2051,forecast,optimistic:adjusted,124.59,54.07,366.2,24.59,50.5,168.5,migration,2036,46.4
r-chervienski,2056,forecast,optimistic:adjusted,127.89,58.26,327.4,27.89,50.5,168.5,migration,2036,46.4
r-chervienski,2026,forecast,optimistic:official,110.64,43.98,332.5,10.64,50.5,168.5,migration,2036,46.4
r-chervienski,2031,forecast,optimistic:official,112.0,48.37,296.7,12.0,50.5,168.5,migration,2036,46.4
r-chervienski,2036,forecast,optimistic:official,120.36,51.21,407.1,20.36,50.5,168.5,migration,2036,46.4
r-chervienski,2041,forecast,optimistic:official,123.92,51.54,451.2,23.92,50.5,168.5,migration,2036,46.4
r-chervienski,2046,forecast,optimistic:official,122.81,51.86,404.2,22.81,50.5,168.5,migration,2036,46.4
r-chervienski,2051,forecast,optimistic:official,124.63,54.14,368.9,24.63,50.5,168.5,migration,2036,46.4
r-chervienski,2056,forecast,optimistic:official,127.95,58.36,330.9,27.95,50.5,168.5,migration,2036,46.4
r-cherykauski,2009,census,,102.93,45.96,47,2.93,21.5,71.5,migration,,201.8
r-cherykauski,2019,census,,100.6,41.11,8,0.6,21.5,71.5,migration,,201.8
r-cherykauski,2026,forecast,base:adjusted,95.85,47.53,-41.7,-4.15,21.5,71.5,migration,,201.8
r-cherykauski,2031,forecast,base:adjusted,94.82,50.59,-43.1,-5.18,21.5,71.5,migration,,201.8
r-cherykauski,2036,forecast,base:adjusted,96.52,51.39,-28.3,-3.48,21.5,71.5,migration,,201.8
r-cherykauski,2041,forecast,base:adjusted,100.06,50.96,0.5,0.06,21.5,71.5,migration,,201.8
r-cherykauski,2046,forecast,base:adjusted,104.8,51.92,39.8,4.8,21.5,71.5,migration,,201.8
r-cherykauski,2051,forecast,base:adjusted,108.29,54.08,58.7,8.29,21.5,71.5,migration,,201.8
r-cherykauski,2056,forecast,base:adjusted,105.95,56.15,32.8,5.95,21.5,71.5,migration,,201.8
r-cherykauski,2026,forecast,base:official,96.34,47.53,-38.7,-3.66,21.5,71.5,migration,,201.8
r-cherykauski,2031,forecast,base:official,95.11,50.59,-42.9,-4.89,21.5,71.5,migration,,201.8
r-cherykauski,2036,forecast,base:official,96.47,51.43,-29.6,-3.53,21.5,71.5,migration,,201.8
r-cherykauski,2041,forecast,base:official,99.97,51.02,-0.3,-0.03,21.5,71.5,migration,,201.8
r-cherykauski,2046,forecast,base:official,104.91,52.06,41.3,4.91,21.5,71.5,migration,,201.8
r-cherykauski,2051,forecast,base:official,108.45,54.28,61.0,8.45,21.5,71.5,migration,,201.8
r-cherykauski,2056,forecast,base:official,106.09,56.44,34.6,6.09,21.5,71.5,migration,,201.8
r-cherykauski,2026,forecast,negative:adjusted,95.85,47.53,-41.7,-4.15,21.5,71.5,migration,,201.8
r-cherykauski,2031,forecast,negative:adjusted,94.89,48.98,-41.6,-5.11,21.5,71.5,migration,,201.8
r-cherykauski,2036,forecast,negative:adjusted,96.84,47.97,-24.6,-3.16,21.5,71.5,migration,,201.8
r-cherykauski,2041,forecast,negative:adjusted,100.44,45.68,3.5,0.44,21.5,71.5,migration,,201.8
r-cherykauski,2046,forecast,negative:adjusted,104.87,44.85,38.4,4.87,21.5,71.5,migration,,201.8
r-cherykauski,2051,forecast,negative:adjusted,108.24,45.41,55.1,8.24,21.5,71.5,migration,,201.8
r-cherykauski,2056,forecast,negative:adjusted,105.89,46.21,28.4,5.89,21.5,71.5,migration,,201.8
r-cherykauski,2026,forecast,negative:official,96.34,47.53,-38.7,-3.66,21.5,71.5,migration,,201.8
r-cherykauski,2031,forecast,negative:official,95.16,48.97,-41.5,-4.84,21.5,71.5,migration,,201.8
r-cherykauski,2036,forecast,negative:official,96.79,48.01,-25.8,-3.21,21.5,71.5,migration,,201.8
r-cherykauski,2041,forecast,negative:official,100.34,45.75,2.8,0.34,21.5,71.5,migration,,201.8
r-cherykauski,2046,forecast,negative:official,104.97,44.97,39.8,4.97,21.5,71.5,migration,,201.8
r-cherykauski,2051,forecast,negative:official,108.4,45.62,57.3,8.4,21.5,71.5,migration,,201.8
r-cherykauski,2056,forecast,negative:official,106.03,46.53,30.0,6.03,21.5,71.5,migration,,201.8
r-cherykauski,2026,forecast,optimistic:adjusted,95.85,47.53,-41.7,-4.15,21.5,71.5,migration,,201.8
r-cherykauski,2031,forecast,optimistic:adjusted,94.79,50.8,-43.5,-5.21,21.5,71.5,migration,,201.8
r-cherykauski,2036,forecast,optimistic:adjusted,96.47,51.86,-28.9,-3.53,21.5,71.5,migration,,201.8
r-cherykauski,2041,forecast,optimistic:adjusted,99.95,51.79,-0.4,-0.05,21.5,71.5,migration,,201.8
r-cherykauski,2046,forecast,optimistic:adjusted,104.72,53.07,39.9,4.72,21.5,71.5,migration,,201.8
r-cherykauski,2051,forecast,optimistic:adjusted,108.23,55.36,59.8,8.23,21.5,71.5,migration,,201.8
r-cherykauski,2056,forecast,optimistic:adjusted,105.83,57.32,33.7,5.83,21.5,71.5,migration,,201.8
r-cherykauski,2026,forecast,optimistic:official,96.34,47.53,-38.7,-3.66,21.5,71.5,migration,,201.8
r-cherykauski,2031,forecast,optimistic:official,95.09,50.79,-43.2,-4.91,21.5,71.5,migration,,201.8
r-cherykauski,2036,forecast,optimistic:official,96.45,51.88,-30.0,-3.55,21.5,71.5,migration,,201.8
r-cherykauski,2041,forecast,optimistic:official,99.87,51.87,-1.1,-0.13,21.5,71.5,migration,,201.8
r-cherykauski,2046,forecast,optimistic:official,104.83,53.2,41.4,4.83,21.5,71.5,migration,,201.8
r-cherykauski,2051,forecast,optimistic:official,108.4,55.54,62.2,8.4,21.5,71.5,migration,,201.8
r-cherykauski,2056,forecast,optimistic:official,105.98,57.59,35.6,5.98,21.5,71.5,migration,,201.8
r-chocimski,2009,census,,104.19,39.26,53,4.19,17.2,63.8,migration,,276.2
r-chocimski,2019,census,,107.71,41.18,70,7.71,17.2,63.8,migration,,276.2
r-chocimski,2026,forecast,base:adjusted,111.5,49.97,72.1,11.5,17.2,63.8,migration,,276.2
r-chocimski,2031,forecast,base:adjusted,114.25,53.41,69.1,14.25,17.2,63.8,migration,,276.2
r-chocimski,2036,forecast,base:adjusted,111.21,53.64,53.1,11.21,17.2,63.8,migration,,276.2
r-chocimski,2041,forecast,base:adjusted,110.0,52.97,49.0,10.0,17.2,63.8,migration,,276.2
r-chocimski,2046,forecast,base:adjusted,110.98,53.74,51.9,10.98,17.2,63.8,migration,,276.2
r-chocimski,2051,forecast,base:adjusted,111.93,55.65,47.3,11.93,17.2,63.8,migration,,276.2
r-chocimski,2056,forecast,base:adjusted,110.1,57.81,30.2,10.1,17.2,63.8,migration,,276.2
r-chocimski,2026,forecast,base:official,111.99,49.97,79.3,11.99,17.2,63.8,migration,,276.2
r-chocimski,2031,forecast,base:official,114.59,53.41,74.7,14.59,17.2,63.8,migration,,276.2
r-chocimski,2036,forecast,base:official,111.33,53.67,55.6,11.33,17.2,63.8,migration,,276.2
r-chocimski,2041,forecast,base:official,110.02,53.04,50.2,10.02,17.2,63.8,migration,,276.2
r-chocimski,2046,forecast,base:official,111.09,53.86,53.3,11.09,17.2,63.8,migration,,276.2
r-chocimski,2051,forecast,base:official,112.13,55.85,49.1,12.13,17.2,63.8,migration,,276.2
r-chocimski,2056,forecast,base:official,110.2,58.12,31.5,10.2,17.2,63.8,migration,,276.2
r-chocimski,2026,forecast,negative:adjusted,111.5,49.97,72.1,11.5,17.2,63.8,migration,,276.2
r-chocimski,2031,forecast,negative:adjusted,114.32,51.73,67.9,14.32,17.2,63.8,migration,,276.2
r-chocimski,2036,forecast,negative:adjusted,111.45,50.07,51.9,11.45,17.2,63.8,migration,,276.2
r-chocimski,2041,forecast,negative:adjusted,110.25,47.44,47.9,10.25,17.2,63.8,migration,,276.2
r-chocimski,2046,forecast,negative:adjusted,111.0,46.33,49.5,11.0,17.2,63.8,migration,,276.2
r-chocimski,2051,forecast,negative:adjusted,111.86,46.55,44.4,11.86,17.2,63.8,migration,,276.2
r-chocimski,2056,forecast,negative:adjusted,110.14,47.29,26.6,10.14,17.2,63.8,migration,,276.2
r-chocimski,2026,forecast,negative:official,111.99,49.97,79.3,11.99,17.2,63.8,migration,,276.2
r-chocimski,2031,forecast,negative:official,114.7,51.73,73.7,14.7,17.2,63.8,migration,,276.2
r-chocimski,2036,forecast,negative:official,111.57,50.1,54.4,11.57,17.2,63.8,migration,,276.2
r-chocimski,2041,forecast,negative:official,110.27,47.52,49.1,10.27,17.2,63.8,migration,,276.2
r-chocimski,2046,forecast,negative:official,111.12,46.48,50.9,11.12,17.2,63.8,migration,,276.2
r-chocimski,2051,forecast,negative:official,112.02,46.77,46.0,12.02,17.2,63.8,migration,,276.2
r-chocimski,2056,forecast,negative:official,110.33,47.63,28.0,10.33,17.2,63.8,migration,,276.2
r-chocimski,2026,forecast,optimistic:adjusted,111.5,49.97,72.1,11.5,17.2,63.8,migration,,276.2
r-chocimski,2031,forecast,optimistic:adjusted,114.22,53.62,69.2,14.22,17.2,63.8,migration,,276.2
r-chocimski,2036,forecast,optimistic:adjusted,111.17,54.13,53.3,11.17,17.2,63.8,migration,,276.2
r-chocimski,2041,forecast,optimistic:adjusted,109.92,53.88,49.3,9.92,17.2,63.8,migration,,276.2
r-chocimski,2046,forecast,optimistic:adjusted,110.91,54.95,52.6,10.91,17.2,63.8,migration,,276.2
r-chocimski,2051,forecast,optimistic:adjusted,111.84,56.97,48.2,11.84,17.2,63.8,migration,,276.2
r-chocimski,2056,forecast,optimistic:adjusted,109.99,59.08,31.3,9.99,17.2,63.8,migration,,276.2
r-chocimski,2026,forecast,optimistic:official,111.99,49.97,79.3,11.99,17.2,63.8,migration,,276.2
r-chocimski,2031,forecast,optimistic:official,114.55,53.61,74.8,14.55,17.2,63.8,migration,,276.2
r-chocimski,2036,forecast,optimistic:official,111.27,54.15,55.7,11.27,17.2,63.8,migration,,276.2
r-chocimski,2041,forecast,optimistic:official,109.95,53.94,50.5,9.95,17.2,63.8,migration,,276.2
r-chocimski,2046,forecast,optimistic:official,111.03,55.09,54.0,11.03,17.2,63.8,migration,,276.2
r-chocimski,2051,forecast,optimistic:official,112.06,57.17,50.1,12.06,17.2,63.8,migration,,276.2
r-chocimski,2056,forecast,optimistic:official,110.12,59.35,32.7,10.12,17.2,63.8,migration,,276.2
r-chojnicki,2009,census,,92.77,40.35,-178,-7.23,29.5,141.7,migration,,245.2
r-chojnicki,2019,census,,101.19,36.81,22,1.19,29.5,141.7,migration,,245.2
r-chojnicki,2026,forecast,base:adjusted,98.6,41.27,-21.7,-1.4,29.5,141.7,migration,,245.2
r-chojnicki,2031,forecast,base:adjusted,99.24,46.05,-10.3,-0.76,29.5,141.7,migration,,245.2
r-chojnicki,2036,forecast,base:adjusted,103.42,49.09,41.9,3.42,29.5,141.7,migration,,245.2
r-chojnicki,2041,forecast,base:adjusted,106.64,49.85,82.1,6.64,29.5,141.7,migration,,245.2
r-chojnicki,2046,forecast,base:adjusted,108.49,48.67,100.4,8.49,29.5,141.7,migration,,245.2
r-chojnicki,2051,forecast,base:adjusted,109.42,49.03,92.8,9.42,29.5,141.7,migration,,245.2
r-chojnicki,2056,forecast,base:adjusted,108.11,52.54,60.8,8.11,29.5,141.7,migration,,245.2
r-chojnicki,2026,forecast,base:official,99.23,41.28,-12.5,-0.77,29.5,141.7,migration,,245.2
r-chojnicki,2031,forecast,base:official,99.63,46.05,-5.2,-0.37,29.5,141.7,migration,,245.2
r-chojnicki,2036,forecast,base:official,103.49,49.13,44.1,3.49,29.5,141.7,migration,,245.2
r-chojnicki,2041,forecast,base:official,106.7,49.91,84.4,6.7,29.5,141.7,migration,,245.2
r-chojnicki,2046,forecast,base:official,108.57,48.77,102.6,8.57,29.5,141.7,migration,,245.2
r-chojnicki,2051,forecast,base:official,109.5,49.19,95.3,9.5,29.5,141.7,migration,,245.2
r-chojnicki,2056,forecast,base:official,108.16,52.81,63.0,8.16,29.5,141.7,migration,,245.2
r-chojnicki,2026,forecast,negative:adjusted,98.6,41.27,-21.7,-1.4,29.5,141.7,migration,,245.2
r-chojnicki,2031,forecast,negative:adjusted,99.25,44.69,-9.9,-0.75,29.5,141.7,migration,,245.2
r-chojnicki,2036,forecast,negative:adjusted,103.57,46.2,42.2,3.57,29.5,141.7,migration,,245.2
r-chojnicki,2041,forecast,negative:adjusted,106.78,45.4,80.7,6.78,29.5,141.7,migration,,245.2
r-chojnicki,2046,forecast,negative:adjusted,108.53,42.77,96.9,8.53,29.5,141.7,migration,,245.2
r-chojnicki,2051,forecast,negative:adjusted,109.39,41.63,88.2,9.39,29.5,141.7,migration,,245.2
r-chojnicki,2056,forecast,negative:adjusted,108.27,43.76,54.8,8.27,29.5,141.7,migration,,245.2
r-chojnicki,2026,forecast,negative:official,99.23,41.28,-12.5,-0.77,29.5,141.7,migration,,245.2
r-chojnicki,2031,forecast,negative:official,99.64,44.7,-5.0,-0.36,29.5,141.7,migration,,245.2
r-chojnicki,2036,forecast,negative:official,103.63,46.23,44.4,3.63,29.5,141.7,migration,,245.2
r-chojnicki,2041,forecast,negative:official,106.84,45.46,83.0,6.84,29.5,141.7,migration,,245.2
r-chojnicki,2046,forecast,negative:official,108.59,42.88,98.9,8.59,29.5,141.7,migration,,245.2
r-chojnicki,2051,forecast,negative:official,109.48,41.8,90.8,9.48,29.5,141.7,migration,,245.2
r-chojnicki,2056,forecast,negative:official,108.35,44.05,57.0,8.35,29.5,141.7,migration,,245.2
r-chojnicki,2026,forecast,optimistic:adjusted,98.6,41.27,-21.7,-1.4,29.5,141.7,migration,,245.2
r-chojnicki,2031,forecast,optimistic:adjusted,99.22,46.17,-10.5,-0.78,29.5,141.7,migration,,245.2
r-chojnicki,2036,forecast,optimistic:adjusted,103.36,49.41,41.5,3.36,29.5,141.7,migration,,245.2
r-chojnicki,2041,forecast,optimistic:adjusted,106.54,50.45,82.0,6.54,29.5,141.7,migration,,245.2
r-chojnicki,2046,forecast,optimistic:adjusted,108.42,49.52,101.4,8.42,29.5,141.7,migration,,245.2
r-chojnicki,2051,forecast,optimistic:adjusted,109.31,50.01,94.0,9.31,29.5,141.7,migration,,245.2
r-chojnicki,2056,forecast,optimistic:adjusted,107.91,53.38,62.0,7.91,29.5,141.7,migration,,245.2
r-chojnicki,2026,forecast,optimistic:official,99.23,41.28,-12.5,-0.77,29.5,141.7,migration,,245.2
r-chojnicki,2031,forecast,optimistic:official,99.61,46.17,-5.6,-0.39,29.5,141.7,migration,,245.2
r-chojnicki,2036,forecast,optimistic:official,103.44,49.44,43.9,3.44,29.5,141.7,migration,,245.2
r-chojnicki,2041,forecast,optimistic:official,106.6,50.52,84.3,6.6,29.5,141.7,migration,,245.2
r-chojnicki,2046,forecast,optimistic:official,108.48,49.61,103.5,8.48,29.5,141.7,migration,,245.2
r-chojnicki,2051,forecast,optimistic:official,109.39,50.17,96.5,9.39,29.5,141.7,migration,,245.2
r-chojnicki,2056,forecast,optimistic:official,107.99,53.64,64.4,7.99,29.5,141.7,migration,,245.2
r-dobrushski,2009,census,,98.97,37.79,-41,-1.03,55.8,236.2,migration,,228.7
r-dobrushski,2019,census,,100.21,36.11,7,0.21,55.8,236.2,migration,,228.7
r-dobrushski,2026,forecast,base:adjusted,101.97,41.63,49.9,1.97,55.8,236.2,migration,,228.7
r-dobrushski,2031,forecast,base:adjusted,105.48,45.59,113.8,5.48,55.8,236.2,migration,,228.7
r-dobrushski,2036,forecast,base:adjusted,110.82,46.98,212.4,10.82,55.8,236.2,migration,,228.7
r-dobrushski,2041,forecast,base:adjusted,112.4,47.59,257.2,12.4,55.8,236.2,migration,,228.7
r-dobrushski,2046,forecast,base:adjusted,110.44,48.34,214.4,10.44,55.8,236.2,migration,,228.7
r-dobrushski,2051,forecast,base:adjusted,107.89,49.63,139.8,7.89,55.8,236.2,migration,,228.7
r-dobrushski,2056,forecast,base:adjusted,106.95,52.91,93.7,6.95,55.8,236.2,migration,,228.7
r-dobrushski,2026,forecast,base:official,102.64,41.63,70.4,2.64,55.8,236.2,migration,,228.7
r-dobrushski,2031,forecast,base:official,105.87,45.59,128.1,5.87,55.8,236.2,migration,,228.7
r-dobrushski,2036,forecast,base:official,110.94,47.01,221.9,10.94,55.8,236.2,migration,,228.7
r-dobrushski,2041,forecast,base:official,112.41,47.65,262.5,12.41,55.8,236.2,migration,,228.7
r-dobrushski,2046,forecast,base:official,110.51,48.45,219.1,10.51,55.8,236.2,migration,,228.7
r-dobrushski,2051,forecast,base:official,108.0,49.81,144.6,8.0,55.8,236.2,migration,,228.7
r-dobrushski,2056,forecast,base:official,107.03,53.2,97.6,7.03,55.8,236.2,migration,,228.7
r-dobrushski,2026,forecast,negative:adjusted,101.97,41.63,49.9,1.97,55.8,236.2,migration,,228.7
r-dobrushski,2031,forecast,negative:adjusted,105.49,44.28,112.0,5.49,55.8,236.2,migration,,228.7
r-dobrushski,2036,forecast,negative:adjusted,110.96,44.21,207.9,10.96,55.8,236.2,migration,,228.7
r-dobrushski,2041,forecast,negative:adjusted,112.54,43.3,250.5,12.54,55.8,236.2,migration,,228.7
r-dobrushski,2046,forecast,negative:adjusted,110.51,42.5,207.4,10.51,55.8,236.2,migration,,228.7
r-dobrushski,2051,forecast,negative:adjusted,107.89,42.28,133.3,7.89,55.8,236.2,migration,,228.7
r-dobrushski,2056,forecast,negative:adjusted,107.05,44.3,84.1,7.05,55.8,236.2,migration,,228.7
r-dobrushski,2026,forecast,negative:official,102.64,41.63,70.4,2.64,55.8,236.2,migration,,228.7
r-dobrushski,2031,forecast,negative:official,105.87,44.28,126.0,5.87,55.8,236.2,migration,,228.7
r-dobrushski,2036,forecast,negative:official,111.07,44.24,217.3,11.07,55.8,236.2,migration,,228.7
r-dobrushski,2041,forecast,negative:official,112.55,43.36,255.9,12.55,55.8,236.2,migration,,228.7
r-dobrushski,2046,forecast,negative:official,110.57,42.62,211.8,10.57,55.8,236.2,migration,,228.7
r-dobrushski,2051,forecast,negative:official,107.99,42.47,137.8,7.99,55.8,236.2,migration,,228.7
r-dobrushski,2056,forecast,negative:official,107.13,44.61,87.8,7.13,55.8,236.2,migration,,228.7
r-dobrushski,2026,forecast,optimistic:adjusted,101.97,41.63,49.9,1.97,55.8,236.2,migration,,228.7
r-dobrushski,2031,forecast,optimistic:adjusted,105.48,45.72,114.2,5.48,55.8,236.2,migration,,228.7
r-dobrushski,2036,forecast,optimistic:adjusted,110.76,47.28,213.2,10.76,55.8,236.2,migration,,228.7
r-dobrushski,2041,forecast,optimistic:adjusted,112.31,48.15,258.9,12.31,55.8,236.2,migration,,228.7
r-dobrushski,2046,forecast,optimistic:adjusted,110.34,49.13,216.4,10.34,55.8,236.2,migration,,228.7
r-dobrushski,2051,forecast,optimistic:adjusted,107.78,50.53,141.3,7.78,55.8,236.2,migration,,228.7
r-dobrushski,2056,forecast,optimistic:adjusted,106.77,53.7,95.4,6.77,55.8,236.2,migration,,228.7
r-dobrushski,2026,forecast,optimistic:official,102.64,41.63,70.4,2.64,55.8,236.2,migration,,228.7
r-dobrushski,2031,forecast,optimistic:official,105.86,45.71,128.5,5.86,55.8,236.2,migration,,228.7
r-dobrushski,2036,forecast,optimistic:official,110.88,47.32,222.7,10.88,55.8,236.2,migration,,228.7
r-dobrushski,2041,forecast,optimistic:official,112.33,48.21,264.4,12.33,55.8,236.2,migration,,228.7
r-dobrushski,2046,forecast,optimistic:official,110.4,49.23,221.0,10.4,55.8,236.2,migration,,228.7
r-dobrushski,2051,forecast,optimistic:official,107.9,50.7,146.2,7.9,55.8,236.2,migration,,228.7
r-dobrushski,2056,forecast,optimistic:official,106.85,53.98,99.4,6.85,55.8,236.2,migration,,228.7
r-dokshycki,2009,census,,104.96,40.24,117,4.96,31.5,111.1,migration,,94.7
r-dokshycki,2019,census,,105.8,41.46,109,5.8,31.5,111.1,migration,,94.7
r-dokshycki,2026,forecast,base:adjusted,106.39,47.54,88.0,6.39,31.5,111.1,migration,,94.7
r-dokshycki,2031,forecast,base:adjusted,107.23,52.99,82.1,7.23,31.5,111.1,migration,,94.7
r-dokshycki,2036,forecast,base:adjusted,104.54,54.0,50.9,4.54,31.5,111.1,migration,,94.7
r-dokshycki,2041,forecast,base:adjusted,101.49,55.27,18.0,1.49,31.5,111.1,migration,,94.7
r-dokshycki,2046,forecast,base:adjusted,100.24,56.06,2.8,0.24,31.5,111.1,migration,,94.7
r-dokshycki,2051,forecast,base:adjusted,101.46,57.68,14.6,1.46,31.5,111.1,migration,,94.7
r-dokshycki,2056,forecast,base:adjusted,102.31,60.38,17.4,2.31,31.5,111.1,migration,,94.7
r-dokshycki,2026,forecast,base:official,106.84,47.53,99.2,6.84,31.5,111.1,migration,,94.7
r-dokshycki,2031,forecast,base:official,107.49,52.99,89.6,7.49,31.5,111.1,migration,,94.7
r-dokshycki,2036,forecast,base:official,104.68,54.04,54.3,4.68,31.5,111.1,migration,,94.7
r-dokshycki,2041,forecast,base:official,101.64,55.32,20.2,1.64,31.5,111.1,migration,,94.7
r-dokshycki,2046,forecast,base:official,100.35,56.16,4.2,0.35,31.5,111.1,migration,,94.7
r-dokshycki,2051,forecast,base:official,101.58,57.82,16.1,1.58,31.5,111.1,migration,,94.7
r-dokshycki,2056,forecast,base:official,102.4,60.62,18.7,2.4,31.5,111.1,migration,,94.7
r-dokshycki,2026,forecast,negative:adjusted,106.39,47.54,88.0,6.39,31.5,111.1,migration,,94.7
r-dokshycki,2031,forecast,negative:adjusted,107.32,51.53,81.5,7.32,31.5,111.1,migration,,94.7
r-dokshycki,2036,forecast,negative:adjusted,104.68,50.94,50.6,4.68,31.5,111.1,migration,,94.7
r-dokshycki,2041,forecast,negative:adjusted,101.53,50.56,17.7,1.53,31.5,111.1,migration,,94.7
r-dokshycki,2046,forecast,negative:adjusted,100.19,49.66,2.2,0.19,31.5,111.1,migration,,94.7
r-dokshycki,2051,forecast,negative:adjusted,101.44,49.59,13.6,1.44,31.5,111.1,migration,,94.7
r-dokshycki,2056,forecast,negative:adjusted,102.12,50.89,14.0,2.12,31.5,111.1,migration,,94.7
r-dokshycki,2026,forecast,negative:official,106.84,47.53,99.2,6.84,31.5,111.1,migration,,94.7
r-dokshycki,2031,forecast,negative:official,107.57,51.52,88.9,7.57,31.5,111.1,migration,,94.7
r-dokshycki,2036,forecast,negative:official,104.81,50.97,53.8,4.81,31.5,111.1,migration,,94.7
r-dokshycki,2041,forecast,negative:official,101.69,50.6,20.0,1.69,31.5,111.1,migration,,94.7
r-dokshycki,2046,forecast,negative:official,100.32,49.76,3.7,0.32,31.5,111.1,migration,,94.7
r-dokshycki,2051,forecast,negative:official,101.56,49.75,15.1,1.56,31.5,111.1,migration,,94.7
r-dokshycki,2056,forecast,negative:official,102.22,51.13,15.2,2.22,31.5,111.1,migration,,94.7
r-dokshycki,2026,forecast,optimistic:adjusted,106.39,47.54,88.0,6.39,31.5,111.1,migration,,94.7
r-dokshycki,2031,forecast,optimistic:adjusted,107.19,53.09,82.0,7.19,31.5,111.1,migration,,94.7
r-dokshycki,2036,forecast,optimistic:adjusted,104.49,54.27,50.9,4.49,31.5,111.1,migration,,94.7
r-dokshycki,2041,forecast,optimistic:adjusted,101.45,55.79,17.7,1.45,31.5,111.1,migration,,94.7
r-dokshycki,2046,forecast,optimistic:adjusted,100.21,56.77,2.5,0.21,31.5,111.1,migration,,94.7
r-dokshycki,2051,forecast,optimistic:adjusted,101.38,58.45,14.2,1.38,31.5,111.1,migration,,94.7
r-dokshycki,2056,forecast,optimistic:adjusted,102.14,61.02,17.0,2.14,31.5,111.1,migration,,94.7
r-dokshycki,2026,forecast,optimistic:official,106.84,47.53,99.2,6.84,31.5,111.1,migration,,94.7
r-dokshycki,2031,forecast,optimistic:official,107.45,53.09,89.5,7.45,31.5,111.1,migration,,94.7
r-dokshycki,2036,forecast,optimistic:official,104.64,54.3,54.3,4.64,31.5,111.1,migration,,94.7
r-dokshycki,2041,forecast,optimistic:official,101.6,55.83,20.0,1.6,31.5,111.1,migration,,94.7
r-dokshycki,2046,forecast,optimistic:official,100.32,56.86,3.9,0.32,31.5,111.1,migration,,94.7
r-dokshycki,2051,forecast,optimistic:official,101.51,58.59,15.8,1.51,31.5,111.1,migration,,94.7
r-dokshycki,2056,forecast,optimistic:official,102.27,61.25,18.6,2.27,31.5,111.1,migration,,94.7
r-drahichynski,2009,census,,100.93,45.98,37,0.93,54.4,320.6,migration,2031,176.7
r-drahichynski,2019,census,,107.68,39.44,224,7.68,54.4,320.6,migration,2031,176.7
r-drahichynski,2026,forecast,base:adjusted,112.85,43.37,285.3,12.85,54.4,320.6,migration,2031,176.7
r-drahichynski,2031,forecast,base:adjusted,116.18,48.28,301.2,16.18,54.4,320.6,migration,2031,176.7
r-drahichynski,2036,forecast,base:adjusted,114.28,51.45,256.5,14.28,54.4,320.6,migration,2031,176.7
r-drahichynski,2041,forecast,base:adjusted,109.9,53.1,185.1,9.9,54.4,320.6,migration,2031,176.7
r-drahichynski,2046,forecast,base:adjusted,106.97,53.16,125.8,6.97,54.4,320.6,migration,2031,176.7
r-drahichynski,2051,forecast,base:adjusted,105.12,54.05,78.6,5.12,54.4,320.6,migration,2031,176.7
r-drahichynski,2056,forecast,base:adjusted,104.54,56.17,53.2,4.54,54.4,320.6,migration,2031,176.7
r-drahichynski,2026,forecast,base:official,113.42,43.37,311.0,13.42,54.4,320.6,migration,2031,176.7
r-drahichynski,2031,forecast,base:official,116.56,48.28,321.4,16.56,54.4,320.6,migration,2031,176.7
r-drahichynski,2036,forecast,base:official,114.39,51.47,265.5,14.39,54.4,320.6,migration,2031,176.7
r-drahichynski,2041,forecast,base:official,109.94,53.15,188.9,9.94,54.4,320.6,migration,2031,176.7
r-drahichynski,2046,forecast,base:official,107.01,53.24,128.2,7.01,54.4,320.6,migration,2031,176.7
r-drahichynski,2051,forecast,base:official,105.2,54.16,81.1,5.2,54.4,320.6,migration,2031,176.7
r-drahichynski,2056,forecast,base:official,104.6,56.37,55.3,4.6,54.4,320.6,migration,2031,176.7
r-drahichynski,2026,forecast,negative:adjusted,112.85,43.37,285.3,12.85,54.4,320.6,migration,2031,176.7
r-drahichynski,2031,forecast,negative:adjusted,116.21,46.98,296.6,16.21,54.4,320.6,migration,2031,176.7
r-drahichynski,2036,forecast,negative:adjusted,114.46,48.64,250.9,14.46,54.4,320.6,migration,2031,176.7
r-drahichynski,2041,forecast,negative:adjusted,110.04,48.77,180.7,10.04,54.4,320.6,migration,2031,176.7
r-drahichynski,2046,forecast,negative:adjusted,106.98,47.36,121.1,6.98,54.4,320.6,migration,2031,176.7
r-drahichynski,2051,forecast,negative:adjusted,105.06,46.79,74.3,5.06,54.4,320.6,migration,2031,176.7
r-drahichynski,2056,forecast,negative:adjusted,104.51,47.63,47.0,4.51,54.4,320.6,migration,2031,176.7
r-drahichynski,2026,forecast,negative:official,113.42,43.37,311.0,13.42,54.4,320.6,migration,2031,176.7
r-drahichynski,2031,forecast,negative:official,116.59,46.98,316.9,16.59,54.4,320.6,migration,2031,176.7
r-drahichynski,2036,forecast,negative:official,114.57,48.66,260.0,14.57,54.4,320.6,migration,2031,176.7
r-drahichynski,2041,forecast,negative:official,110.07,48.82,184.4,10.07,54.4,320.6,migration,2031,176.7
r-drahichynski,2046,forecast,negative:official,107.03,47.44,123.5,7.03,54.4,320.6,migration,2031,176.7
r-drahichynski,2051,forecast,negative:official,105.13,46.92,76.6,5.13,54.4,320.6,migration,2031,176.7
r-drahichynski,2056,forecast,negative:official,104.59,47.84,49.0,4.59,54.4,320.6,migration,2031,176.7
r-drahichynski,2026,forecast,optimistic:adjusted,112.85,43.37,285.3,12.85,54.4,320.6,migration,2031,176.7
r-drahichynski,2031,forecast,optimistic:adjusted,116.16,48.32,301.9,16.16,54.4,320.6,migration,2031,176.7
r-drahichynski,2036,forecast,optimistic:adjusted,114.23,51.6,257.5,14.23,54.4,320.6,migration,2031,176.7
r-drahichynski,2041,forecast,optimistic:adjusted,109.81,53.44,186.0,9.81,54.4,320.6,migration,2031,176.7
r-drahichynski,2046,forecast,optimistic:adjusted,106.87,53.65,126.5,6.87,54.4,320.6,migration,2031,176.7
r-drahichynski,2051,forecast,optimistic:adjusted,105.04,54.6,79.3,5.04,54.4,320.6,migration,2031,176.7
r-drahichynski,2056,forecast,optimistic:adjusted,104.41,56.57,54.0,4.41,54.4,320.6,migration,2031,176.7
r-drahichynski,2026,forecast,optimistic:official,113.42,43.37,311.0,13.42,54.4,320.6,migration,2031,176.7
r-drahichynski,2031,forecast,optimistic:official,116.55,48.32,322.4,16.55,54.4,320.6,migration,2031,176.7
r-drahichynski,2036,forecast,optimistic:official,114.33,51.62,266.5,14.33,54.4,320.6,migration,2031,176.7
r-drahichynski,2041,forecast,optimistic:official,109.84,53.49,189.7,9.84,54.4,320.6,migration,2031,176.7
r-drahichynski,2046,forecast,optimistic:official,106.94,53.73,129.2,6.94,54.4,320.6,migration,2031,176.7
r-drahichynski,2051,forecast,optimistic:official,105.12,54.72,81.8,5.12,54.4,320.6,migration,2031,176.7
r-drahichynski,2056,forecast,optimistic:official,104.49,56.77,56.2,4.49,54.4,320.6,migration,2031,176.7
r-drybinski,2009,census,,94.65,39.53,-64,-5.35,15.2,61.2,migration,2046,175.6
r-drybinski,2019,census,,115.97,41.39,146,15.97,15.2,61.2,migration,2046,175.6
r-drybinski,2026,forecast,base:adjusted,110.32,52.35,72.3,10.32,15.2,61.2,migration,2046,175.6
r-drybinski,2031,forecast,base:adjusted,109.28,57.68,53.9,9.28,15.2,61.2,migration,2046,175.6
r-drybinski,2036,forecast,base:adjusted,111.81,59.17,63.8,11.81,15.2,61.2,migration,2046,175.6
r-drybinski,2041,forecast,base:adjusted,114.86,57.25,81.3,14.86,15.2,61.2,migration,2046,175.6
r-drybinski,2046,forecast,base:adjusted,118.19,53.93,98.3,18.19,15.2,61.2,migration,2046,175.6
r-drybinski,2051,forecast,base:adjusted,120.3,54.2,94.3,20.3,15.2,61.2,migration,2046,175.6
r-drybinski,2056,forecast,base:adjusted,117.95,59.81,64.5,17.95,15.2,61.2,migration,2046,175.6
r-drybinski,2026,forecast,base:official,110.86,52.35,80.1,10.86,15.2,61.2,migration,2046,175.6
r-drybinski,2031,forecast,base:official,109.62,57.68,59.0,9.62,15.2,61.2,migration,2046,175.6
r-drybinski,2036,forecast,base:official,111.87,59.19,66.3,11.87,15.2,61.2,migration,2046,175.6
r-drybinski,2041,forecast,base:official,114.78,57.34,82.5,14.78,15.2,61.2,migration,2046,175.6
r-drybinski,2046,forecast,base:official,118.26,54.05,100.2,18.26,15.2,61.2,migration,2046,175.6
r-drybinski,2051,forecast,base:official,120.51,54.37,97.1,20.51,15.2,61.2,migration,2046,175.6
r-drybinski,2056,forecast,base:official,118.12,60.11,67.1,18.12,15.2,61.2,migration,2046,175.6
r-drybinski,2026,forecast,negative:adjusted,110.32,52.35,72.3,10.32,15.2,61.2,migration,2046,175.6
r-drybinski,2031,forecast,negative:adjusted,109.36,55.84,53.2,9.36,15.2,61.2,migration,2046,175.6
r-drybinski,2036,forecast,negative:adjusted,112.11,55.28,62.6,12.11,15.2,61.2,migration,2046,175.6
r-drybinski,2041,forecast,negative:adjusted,115.19,51.35,79.3,15.19,15.2,61.2,migration,2046,175.6
r-drybinski,2046,forecast,negative:adjusted,118.25,46.35,93.9,18.25,15.2,61.2,migration,2046,175.6
r-drybinski,2051,forecast,negative:adjusted,120.26,44.96,88.8,20.26,15.2,61.2,migration,2046,175.6
r-drybinski,2056,forecast,negative:adjusted,118.17,48.99,57.0,18.17,15.2,61.2,migration,2046,175.6
r-drybinski,2026,forecast,negative:official,110.86,52.35,80.1,10.86,15.2,61.2,migration,2046,175.6
r-drybinski,2031,forecast,negative:official,109.71,55.84,58.3,9.71,15.2,61.2,migration,2046,175.6
r-drybinski,2036,forecast,negative:official,112.16,55.31,65.1,12.16,15.2,61.2,migration,2046,175.6
r-drybinski,2041,forecast,negative:official,115.12,51.42,80.6,15.12,15.2,61.2,migration,2046,175.6
r-drybinski,2046,forecast,negative:official,118.35,46.47,95.9,18.35,15.2,61.2,migration,2046,175.6
r-drybinski,2051,forecast,negative:official,120.42,45.17,91.4,20.42,15.2,61.2,migration,2046,175.6
r-drybinski,2056,forecast,negative:official,118.31,49.35,59.3,18.31,15.2,61.2,migration,2046,175.6
r-drybinski,2026,forecast,optimistic:adjusted,110.32,52.35,72.3,10.32,15.2,61.2,migration,2046,175.6
r-drybinski,2031,forecast,optimistic:adjusted,109.26,57.93,54.0,9.26,15.2,61.2,migration,2046,175.6
r-drybinski,2036,forecast,optimistic:adjusted,111.76,59.68,64.0,11.76,15.2,61.2,migration,2046,175.6
r-drybinski,2041,forecast,optimistic:adjusted,114.75,58.25,81.8,14.75,15.2,61.2,migration,2046,175.6
r-drybinski,2046,forecast,optimistic:adjusted,118.09,55.24,99.7,18.09,15.2,61.2,migration,2046,175.6
r-drybinski,2051,forecast,optimistic:adjusted,120.27,55.64,96.6,20.27,15.2,61.2,migration,2046,175.6
r-drybinski,2056,forecast,optimistic:adjusted,117.87,61.06,67.3,17.87,15.2,61.2,migration,2046,175.6
r-drybinski,2026,forecast,optimistic:official,110.86,52.35,80.1,10.86,15.2,61.2,migration,2046,175.6
r-drybinski,2031,forecast,optimistic:official,109.64,57.9,59.3,9.64,15.2,61.2,migration,2046,175.6
r-drybinski,2036,forecast,optimistic:official,111.8,59.73,66.4,11.8,15.2,61.2,migration,2046,175.6
r-drybinski,2041,forecast,optimistic:official,114.67,58.31,83.0,14.67,15.2,61.2,migration,2046,175.6
r-drybinski,2046,forecast,optimistic:official,118.21,55.34,101.8,18.21,15.2,61.2,migration,2046,175.6
r-drybinski,2051,forecast,optimistic:official,120.42,55.8,99.2,20.42,15.2,61.2,migration,2046,175.6
r-drybinski,2056,forecast,optimistic:official,117.96,61.35,69.7,17.96,15.2,61.2,migration,2046,175.6
r-dubrovienski,2009,census,,104.04,37.76,65,4.04,23.2,111.8,migration,,149.0
r-dubrovienski,2019,census,,108.52,39.14,108,8.52,23.2,111.8,migration,,149.0
r-dubrovienski,2026,forecast,base:adjusted,108.47,46.14,80.8,8.47,23.2,111.8,migration,,149.0
r-dubrovienski,2031,forecast,base:adjusted,107.86,50.94,63.2,7.86,23.2,111.8,migration,,149.0
r-dubrovienski,2036,forecast,base:adjusted,103.88,52.36,30.3,3.88,23.2,111.8,migration,,149.0
r-dubrovienski,2041,forecast,base:adjusted,100.71,53.55,5.8,0.71,23.2,111.8,migration,,149.0
r-dubrovienski,2046,forecast,base:adjusted,101.34,54.79,10.0,1.34,23.2,111.8,migration,,149.0
r-dubrovienski,2051,forecast,base:adjusted,103.62,56.66,22.0,3.62,23.2,111.8,migration,,149.0
r-dubrovienski,2056,forecast,base:adjusted,103.53,59.16,16.4,3.53,23.2,111.8,migration,,149.0
r-dubrovienski,2026,forecast,base:official,108.91,46.14,89.4,8.91,23.2,111.8,migration,,149.0
r-dubrovienski,2031,forecast,base:official,108.15,50.95,69.0,8.15,23.2,111.8,migration,,149.0
r-dubrovienski,2036,forecast,base:official,104.06,52.38,32.8,4.06,23.2,111.8,migration,,149.0
r-dubrovienski,2041,forecast,base:official,100.85,53.6,7.1,0.85,23.2,111.8,migration,,149.0
r-dubrovienski,2046,forecast,base:official,101.43,54.88,10.9,1.43,23.2,111.8,migration,,149.0
r-dubrovienski,2051,forecast,base:official,103.74,56.81,23.2,3.74,23.2,111.8,migration,,149.0
r-dubrovienski,2056,forecast,base:official,103.63,59.41,17.4,3.63,23.2,111.8,migration,,149.0
r-dubrovienski,2026,forecast,negative:adjusted,108.47,46.14,80.8,8.47,23.2,111.8,migration,,149.0
r-dubrovienski,2031,forecast,negative:adjusted,107.96,49.58,62.8,7.96,23.2,111.8,migration,,149.0
r-dubrovienski,2036,forecast,negative:adjusted,103.99,49.4,30.0,3.99,23.2,111.8,migration,,149.0
r-dubrovienski,2041,forecast,negative:adjusted,100.73,48.95,5.7,0.73,23.2,111.8,migration,,149.0
r-dubrovienski,2046,forecast,negative:adjusted,101.3,48.59,9.3,1.3,23.2,111.8,migration,,149.0
r-dubrovienski,2051,forecast,negative:adjusted,103.6,48.87,20.7,3.6,23.2,111.8,migration,,149.0
r-dubrovienski,2056,forecast,negative:adjusted,103.72,49.98,15.1,3.72,23.2,111.8,migration,,149.0
r-dubrovienski,2026,forecast,negative:official,108.91,46.14,89.4,8.91,23.2,111.8,migration,,149.0
r-dubrovienski,2031,forecast,negative:official,108.26,49.56,68.6,8.26,23.2,111.8,migration,,149.0
r-dubrovienski,2036,forecast,negative:official,104.19,49.42,32.6,4.19,23.2,111.8,migration,,149.0
r-dubrovienski,2041,forecast,negative:official,100.86,49.01,6.9,0.86,23.2,111.8,migration,,149.0
r-dubrovienski,2046,forecast,negative:official,101.43,48.68,10.4,1.43,23.2,111.8,migration,,149.0
r-dubrovienski,2051,forecast,negative:official,103.76,49.03,22.1,3.76,23.2,111.8,migration,,149.0
r-dubrovienski,2056,forecast,negative:official,103.86,50.24,16.2,3.86,23.2,111.8,migration,,149.0
r-dubrovienski,2026,forecast,optimistic:adjusted,108.47,46.14,80.8,8.47,23.2,111.8,migration,,149.0
r-dubrovienski,2031,forecast,optimistic:adjusted,107.85,51.04,63.4,7.85,23.2,111.8,migration,,149.0
r-dubrovienski,2036,forecast,optimistic:adjusted,103.83,52.6,30.2,3.83,23.2,111.8,migration,,149.0
r-dubrovienski,2041,forecast,optimistic:adjusted,100.68,54.02,5.6,0.68,23.2,111.8,migration,,149.0
r-dubrovienski,2046,forecast,optimistic:adjusted,101.31,55.41,10.0,1.31,23.2,111.8,migration,,149.0
r-dubrovienski,2051,forecast,optimistic:adjusted,103.51,57.31,21.9,3.51,23.2,111.8,migration,,149.0
r-dubrovienski,2056,forecast,optimistic:adjusted,103.38,59.68,16.5,3.38,23.2,111.8,migration,,149.0
r-dubrovienski,2026,forecast,optimistic:official,108.91,46.14,89.4,8.91,23.2,111.8,migration,,149.0
r-dubrovienski,2031,forecast,optimistic:official,108.13,51.03,69.1,8.13,23.2,111.8,migration,,149.0
r-dubrovienski,2036,forecast,optimistic:official,104.04,52.62,32.9,4.04,23.2,111.8,migration,,149.0
r-dubrovienski,2041,forecast,optimistic:official,100.82,54.07,6.9,0.82,23.2,111.8,migration,,149.0
r-dubrovienski,2046,forecast,optimistic:official,101.4,55.51,10.9,1.4,23.2,111.8,migration,,149.0
r-dubrovienski,2051,forecast,optimistic:official,103.67,57.46,23.4,3.67,23.2,111.8,migration,,149.0
r-dubrovienski,2056,forecast,optimistic:official,103.47,59.92,17.5,3.47,23.2,111.8,migration,,149.0
r-dziarzhynski,2009,census,,102.63,43.13,177,2.63,111.4,669.4,migration,,28.6
r-dziarzhynski,2019,census,,99.43,38.55,-50,-0.57,111.4,669.4,migration,,28.6
r-dziarzhynski,2026,forecast,base:adjusted,98.66,38.73,-100.8,-1.34,111.4,669.4,migration,,28.6
r-dziarzhynski,2031,forecast,base:adjusted,98.05,39.91,-117.1,-1.95,111.4,669.4,migration,,28.6
r-dziarzhynski,2036,forecast,base:adjusted,102.12,40.21,114.8,2.12,111.4,669.4,migration,,28.6
r-dziarzhynski,2041,forecast,base:adjusted,103.33,39.83,191.8,3.33,111.4,669.4,migration,,28.6
r-dziarzhynski,2046,forecast,base:adjusted,105.98,41.19,351.2,5.98,111.4,669.4,migration,,28.6
r-dziarzhynski,2051,forecast,base:adjusted,107.13,43.99,382.4,7.13,111.4,669.4,migration,,28.6
r-dziarzhynski,2056,forecast,base:adjusted,107.95,48.0,353.4,7.95,111.4,669.4,migration,,28.6
r-dziarzhynski,2026,forecast,base:official,98.78,38.73,-93.1,-1.22,111.4,669.4,migration,,28.6
r-dziarzhynski,2031,forecast,base:official,98.16,39.92,-112.3,-1.84,111.4,669.4,migration,,28.6
r-dziarzhynski,2036,forecast,base:official,102.16,40.22,117.9,2.16,111.4,669.4,migration,,28.6
r-dziarzhynski,2041,forecast,base:official,103.36,39.84,194.5,3.36,111.4,669.4,migration,,28.6
r-dziarzhynski,2046,forecast,base:official,106.0,41.23,354.0,6.0,111.4,669.4,migration,,28.6
r-dziarzhynski,2051,forecast,base:official,107.16,44.06,386.3,7.16,111.4,669.4,migration,,28.6
r-dziarzhynski,2056,forecast,base:official,107.98,48.1,357.7,7.98,111.4,669.4,migration,,28.6
r-dziarzhynski,2026,forecast,negative:adjusted,98.66,38.73,-100.8,-1.34,111.4,669.4,migration,,28.6
r-dziarzhynski,2031,forecast,negative:adjusted,98.07,38.42,-114.0,-1.93,111.4,669.4,migration,,28.6
r-dziarzhynski,2036,forecast,negative:adjusted,102.25,37.22,117.4,2.25,111.4,669.4,migration,,28.6
r-dziarzhynski,2041,forecast,negative:adjusted,103.39,35.25,187.9,3.39,111.4,669.4,migration,,28.6
r-dziarzhynski,2046,forecast,negative:adjusted,105.97,34.89,337.7,5.97,111.4,669.4,migration,,28.6
r-dziarzhynski,2051,forecast,negative:adjusted,107.02,36.13,362.2,7.02,111.4,669.4,migration,,28.6
r-dziarzhynski,2056,forecast,negative:adjusted,107.71,39.12,310.8,7.71,111.4,669.4,migration,,28.6
r-dziarzhynski,2026,forecast,negative:official,98.78,38.73,-93.1,-1.22,111.4,669.4,migration,,28.6
r-dziarzhynski,2031,forecast,negative:official,98.18,38.42,-109.2,-1.82,111.4,669.4,migration,,28.6
r-dziarzhynski,2036,forecast,negative:official,102.28,37.23,120.3,2.28,111.4,669.4,migration,,28.6
r-dziarzhynski,2041,forecast,negative:official,103.42,35.27,190.6,3.42,111.4,669.4,migration,,28.6
r-dziarzhynski,2046,forecast,negative:official,105.99,34.94,340.4,5.99,111.4,669.4,migration,,28.6
r-dziarzhynski,2051,forecast,negative:official,107.05,36.21,365.9,7.05,111.4,669.4,migration,,28.6
r-dziarzhynski,2056,forecast,negative:official,107.75,39.24,314.7,7.75,111.4,669.4,migration,,28.6
r-dziarzhynski,2026,forecast,optimistic:adjusted,98.66,38.73,-100.8,-1.34,111.4,669.4,migration,,28.6
r-dziarzhynski,2031,forecast,optimistic:adjusted,98.06,40.17,-116.6,-1.94,111.4,669.4,migration,,28.6
r-dziarzhynski,2036,forecast,optimistic:adjusted,102.15,40.7,116.0,2.15,111.4,669.4,migration,,28.6
r-dziarzhynski,2041,forecast,optimistic:adjusted,103.33,40.65,192.9,3.33,111.4,669.4,migration,,28.6
r-dziarzhynski,2046,forecast,optimistic:adjusted,105.98,42.31,353.9,5.98,111.4,669.4,migration,,28.6
r-dziarzhynski,2051,forecast,optimistic:adjusted,107.13,45.22,386.4,7.13,111.4,669.4,migration,,28.6
r-dziarzhynski,2056,forecast,optimistic:adjusted,107.95,49.14,361.3,7.95,111.4,669.4,migration,,28.6
r-dziarzhynski,2026,forecast,optimistic:official,98.78,38.73,-93.1,-1.22,111.4,669.4,migration,,28.6
r-dziarzhynski,2031,forecast,optimistic:official,98.17,40.17,-111.8,-1.83,111.4,669.4,migration,,28.6
r-dziarzhynski,2036,forecast,optimistic:official,102.18,40.71,119.0,2.18,111.4,669.4,migration,,28.6
r-dziarzhynski,2041,forecast,optimistic:official,103.37,40.67,195.8,3.37,111.4,669.4,migration,,28.6
r-dziarzhynski,2046,forecast,optimistic:official,106.0,42.35,356.7,6.0,111.4,669.4,migration,,28.6
r-dziarzhynski,2051,forecast,optimistic:official,107.17,45.29,390.4,7.17,111.4,669.4,migration,,28.6
r-dziarzhynski,2056,forecast,optimistic:official,107.98,49.23,365.6,7.98,111.4,669.4,migration,,28.6
r-dziatlauski,2009,census,,102.03,38.43,53,2.03,34.4,149.4,migration,2026,132.8
r-dziatlauski,2019,census,,116.44,36.25,324,16.44,34.4,149.4,migration,2026,132.8
r-dziatlauski,2026,forecast,base:adjusted,118.9,42.73,272.7,18.9,34.4,149.4,migration,2026,132.8
r-dziatlauski,2031,forecast,base:adjusted,117.57,49.18,212.1,17.57,34.4,149.4,migration,2026,132.8
r-dziatlauski,2036,forecast,base:adjusted,111.57,52.5,135.0,11.57,34.4,149.4,migration,2026,132.8
r-dziatlauski,2041,forecast,base:adjusted,105.87,53.79,69.1,5.87,34.4,149.4,migration,2026,132.8
r-dziatlauski,2046,forecast,base:adjusted,104.71,54.03,51.3,4.71,34.4,149.4,migration,2026,132.8
r-dziatlauski,2051,forecast,base:adjusted,106.15,55.47,54.4,6.15,34.4,149.4,migration,2026,132.8
r-dziatlauski,2056,forecast,base:adjusted,107.03,59.58,46.5,7.03,34.4,149.4,migration,2026,132.8
r-dziatlauski,2026,forecast,base:official,119.47,42.73,296.3,19.47,34.4,149.4,migration,2026,132.8
r-dziatlauski,2031,forecast,base:official,118.0,49.18,228.9,18.0,34.4,149.4,migration,2026,132.8
r-dziatlauski,2036,forecast,base:official,111.84,52.52,142.8,11.84,34.4,149.4,migration,2026,132.8
r-dziatlauski,2041,forecast,base:official,106.06,53.85,72.8,6.06,34.4,149.4,migration,2026,132.8
r-dziatlauski,2046,forecast,base:official,104.83,54.13,53.4,4.83,34.4,149.4,migration,2026,132.8
r-dziatlauski,2051,forecast,base:official,106.29,55.64,56.8,6.29,34.4,149.4,migration,2026,132.8
r-dziatlauski,2056,forecast,base:official,107.13,59.89,48.6,7.13,34.4,149.4,migration,2026,132.8
r-dziatlauski,2026,forecast,negative:adjusted,118.9,42.73,272.7,18.9,34.4,149.4,migration,2026,132.8
r-dziatlauski,2031,forecast,negative:adjusted,117.58,47.78,208.4,17.58,34.4,149.4,migration,2026,132.8
r-dziatlauski,2036,forecast,negative:adjusted,111.56,49.51,130.4,11.56,34.4,149.4,migration,2026,132.8
r-dziatlauski,2041,forecast,negative:adjusted,105.73,49.18,65.1,5.73,34.4,149.4,migration,2026,132.8
r-dziatlauski,2046,forecast,negative:adjusted,104.54,47.76,47.5,4.54,34.4,149.4,migration,2026,132.8
r-dziatlauski,2051,forecast,negative:adjusted,106.03,47.5,51.0,6.03,34.4,149.4,migration,2026,132.8
r-dziatlauski,2056,forecast,negative:adjusted,106.85,50.15,40.4,6.85,34.4,149.4,migration,2026,132.8
r-dziatlauski,2026,forecast,negative:official,119.47,42.73,296.3,19.47,34.4,149.4,migration,2026,132.8
r-dziatlauski,2031,forecast,negative:official,118.03,47.77,225.3,18.03,34.4,149.4,migration,2026,132.8
r-dziatlauski,2036,forecast,negative:official,111.85,49.54,138.2,11.85,34.4,149.4,migration,2026,132.8
r-dziatlauski,2041,forecast,negative:official,105.95,49.23,69.0,5.95,34.4,149.4,migration,2026,132.8
r-dziatlauski,2046,forecast,negative:official,104.68,47.88,49.8,4.68,34.4,149.4,migration,2026,132.8
r-dziatlauski,2051,forecast,negative:official,106.15,47.68,53.1,6.15,34.4,149.4,migration,2026,132.8
r-dziatlauski,2056,forecast,negative:official,106.99,50.49,42.5,6.99,34.4,149.4,migration,2026,132.8
r-dziatlauski,2026,forecast,optimistic:adjusted,118.9,42.73,272.7,18.9,34.4,149.4,migration,2026,132.8
r-dziatlauski,2031,forecast,optimistic:adjusted,117.55,49.26,212.6,17.55,34.4,149.4,migration,2026,132.8
r-dziatlauski,2036,forecast,optimistic:adjusted,111.56,52.74,135.8,11.56,34.4,149.4,migration,2026,132.8
r-dziatlauski,2041,forecast,optimistic:adjusted,105.87,54.27,70.0,5.87,34.4,149.4,migration,2026,132.8
r-dziatlauski,2046,forecast,optimistic:adjusted,104.73,54.7,52.3,4.73,34.4,149.4,migration,2026,132.8
r-dziatlauski,2051,forecast,optimistic:adjusted,106.11,56.21,55.3,6.11,34.4,149.4,migration,2026,132.8
r-dziatlauski,2056,forecast,optimistic:adjusted,106.93,60.12,47.7,6.93,34.4,149.4,migration,2026,132.8
r-dziatlauski,2026,forecast,optimistic:official,119.47,42.73,296.3,19.47,34.4,149.4,migration,2026,132.8
r-dziatlauski,2031,forecast,optimistic:official,117.98,49.27,229.5,17.98,34.4,149.4,migration,2026,132.8
r-dziatlauski,2036,forecast,optimistic:official,111.83,52.77,143.6,11.83,34.4,149.4,migration,2026,132.8
r-dziatlauski,2041,forecast,optimistic:official,106.08,54.33,73.9,6.08,34.4,149.4,migration,2026,132.8
r-dziatlauski,2046,forecast,optimistic:official,104.84,54.8,54.3,4.84,34.4,149.4,migration,2026,132.8
r-dziatlauski,2051,forecast,optimistic:official,106.23,56.37,57.5,6.23,34.4,149.4,migration,2026,132.8
r-dziatlauski,2056,forecast,optimistic:official,107.02,60.42,49.8,7.02,34.4,149.4,migration,2026,132.8
r-hancavicki,2009,census,,107.46,40.79,228,7.46,44.8,380.2,migration,2036,132.2
r-hancavicki,2019,census,,107.15,43.99,159,7.15,44.8,380.2,migration,2036,132.2
r-hancavicki,2026,forecast,base:adjusted,107.03,46.58,113.4,7.03,44.8,380.2,migration,2036,132.2
r-hancavicki,2031,forecast,base:adjusted,109.54,50.22,122.4,9.54,44.8,380.2,migration,2036,132.2
r-hancavicki,2036,forecast,base:adjusted,115.62,51.92,187.3,15.62,44.8,380.2,migration,2036,132.2
r-hancavicki,2041,forecast,base:adjusted,114.66,53.07,182.3,14.66,44.8,380.2,migration,2036,132.2
r-hancavicki,2046,forecast,base:adjusted,109.01,53.52,111.3,9.01,44.8,380.2,migration,2036,132.2
r-hancavicki,2051,forecast,base:adjusted,105.54,54.62,59.2,5.54,44.8,380.2,migration,2036,132.2
r-hancavicki,2056,forecast,base:adjusted,105.32,56.59,42.6,5.32,44.8,380.2,migration,2036,132.2
r-hancavicki,2026,forecast,base:official,107.56,46.58,127.2,7.56,44.8,380.2,migration,2036,132.2
r-hancavicki,2031,forecast,base:official,109.87,50.21,132.2,9.87,44.8,380.2,migration,2036,132.2
r-hancavicki,2036,forecast,base:official,115.66,51.94,193.0,15.66,44.8,380.2,migration,2036,132.2
r-hancavicki,2041,forecast,base:official,114.69,53.12,185.6,14.69,44.8,380.2,migration,2036,132.2
r-hancavicki,2046,forecast,base:official,109.06,53.6,113.4,9.06,44.8,380.2,migration,2036,132.2
r-hancavicki,2051,forecast,base:official,105.62,54.75,61.0,5.62,44.8,380.2,migration,2036,132.2
r-hancavicki,2056,forecast,base:official,105.4,56.8,44.3,5.4,44.8,380.2,migration,2036,132.2
r-hancavicki,2026,forecast,negative:adjusted,107.03,46.58,113.4,7.03,44.8,380.2,migration,2036,132.2
r-hancavicki,2031,forecast,negative:adjusted,109.58,48.88,120.9,9.58,44.8,380.2,migration,2036,132.2
r-hancavicki,2036,forecast,negative:adjusted,115.83,49.1,183.4,15.83,44.8,380.2,migration,2036,132.2
r-hancavicki,2041,forecast,negative:adjusted,114.81,48.76,177.4,14.81,44.8,380.2,migration,2036,132.2
r-hancavicki,2046,forecast,negative:adjusted,109.03,47.75,107.3,9.03,44.8,380.2,migration,2036,132.2
r-hancavicki,2051,forecast,negative:adjusted,105.47,47.42,55.8,5.47,44.8,380.2,migration,2036,132.2
r-hancavicki,2056,forecast,negative:adjusted,105.01,48.08,35.7,5.01,44.8,380.2,migration,2036,132.2
r-hancavicki,2026,forecast,negative:official,107.56,46.58,127.2,7.56,44.8,380.2,migration,2036,132.2
r-hancavicki,2031,forecast,negative:official,109.9,48.88,130.5,9.9,44.8,380.2,migration,2036,132.2
r-hancavicki,2036,forecast,negative:official,115.87,49.13,189.2,15.87,44.8,380.2,migration,2036,132.2
r-hancavicki,2041,forecast,negative:official,114.84,48.81,180.8,14.84,44.8,380.2,migration,2036,132.2
r-hancavicki,2046,forecast,negative:official,109.08,47.83,109.3,9.08,44.8,380.2,migration,2036,132.2
r-hancavicki,2051,forecast,negative:official,105.56,47.55,57.6,5.56,44.8,380.2,migration,2036,132.2
r-hancavicki,2056,forecast,negative:official,105.12,48.3,37.4,5.12,44.8,380.2,migration,2036,132.2
r-hancavicki,2026,forecast,optimistic:adjusted,107.03,46.58,113.4,7.03,44.8,380.2,migration,2036,132.2
r-hancavicki,2031,forecast,optimistic:adjusted,109.52,50.27,122.7,9.52,44.8,380.2,migration,2036,132.2
r-hancavicki,2036,forecast,optimistic:adjusted,115.55,52.09,188.0,15.55,44.8,380.2,migration,2036,132.2
r-hancavicki,2041,forecast,optimistic:adjusted,114.57,53.44,183.8,14.57,44.8,380.2,migration,2036,132.2
r-hancavicki,2046,forecast,optimistic:adjusted,108.92,54.05,112.3,8.92,44.8,380.2,migration,2036,132.2
r-hancavicki,2051,forecast,optimistic:adjusted,105.46,55.19,59.7,5.46,44.8,380.2,migration,2036,132.2
r-hancavicki,2056,forecast,optimistic:adjusted,105.22,57.03,43.6,5.22,44.8,380.2,migration,2036,132.2
r-hancavicki,2026,forecast,optimistic:official,107.56,46.58,127.2,7.56,44.8,380.2,migration,2036,132.2
r-hancavicki,2031,forecast,optimistic:official,109.85,50.26,132.4,9.85,44.8,380.2,migration,2036,132.2
r-hancavicki,2036,forecast,optimistic:official,115.6,52.12,193.8,15.6,44.8,380.2,migration,2036,132.2
r-hancavicki,2041,forecast,optimistic:official,114.6,53.48,187.1,14.6,44.8,380.2,migration,2036,132.2
r-hancavicki,2046,forecast,optimistic:official,108.97,54.13,114.4,8.97,44.8,380.2,migration,2036,132.2
r-hancavicki,2051,forecast,optimistic:official,105.54,55.32,61.5,5.54,44.8,380.2,migration,2036,132.2
r-hancavicki,2056,forecast,optimistic:official,105.31,57.23,45.4,5.31,44.8,380.2,migration,2036,132.2
r-haradocki,2009,census,,105.39,40.84,125,5.39,44.6,912.4,migration,2031,192.6
r-haradocki,2019,census,,108.59,40.28,154,8.59,44.6,912.4,migration,2031,192.6
r-haradocki,2026,forecast,base:adjusted,112.69,46.83,165.7,12.69,44.6,912.4,migration,2031,192.6
r-haradocki,2031,forecast,base:adjusted,115.72,51.52,169.3,15.72,44.6,912.4,migration,2031,192.6
r-haradocki,2036,forecast,base:adjusted,110.48,52.0,112.0,10.48,44.6,912.4,migration,2031,192.6
r-haradocki,2041,forecast,base:adjusted,105.97,52.54,67.6,5.97,44.6,912.4,migration,2031,192.6
r-haradocki,2046,forecast,base:adjusted,102.26,53.27,23.8,2.26,44.6,912.4,migration,2031,192.6
r-haradocki,2051,forecast,base:adjusted,101.76,54.93,15.1,1.76,44.6,912.4,migration,2031,192.6
r-haradocki,2056,forecast,base:adjusted,101.6,58.39,10.4,1.6,44.6,912.4,migration,2031,192.6
r-haradocki,2026,forecast,base:official,113.12,46.83,180.4,13.12,44.6,912.4,migration,2031,192.6
r-haradocki,2031,forecast,base:official,115.9,51.51,180.4,15.9,44.6,912.4,migration,2031,192.6
r-haradocki,2036,forecast,base:official,110.69,52.03,118.2,10.69,44.6,912.4,migration,2031,192.6
r-haradocki,2041,forecast,base:official,106.26,52.59,72.5,6.26,44.6,912.4,migration,2031,192.6
r-haradocki,2046,forecast,base:official,102.35,53.36,25.2,2.35,44.6,912.4,migration,2031,192.6
r-haradocki,2051,forecast,base:official,101.9,55.07,16.7,1.9,44.6,912.4,migration,2031,192.6
r-haradocki,2056,forecast,base:official,101.71,58.63,11.5,1.71,44.6,912.4,migration,2031,192.6
r-haradocki,2026,forecast,negative:adjusted,112.69,46.83,165.7,12.69,44.6,912.4,migration,2031,192.6
r-haradocki,2031,forecast,negative:adjusted,115.84,50.11,167.4,15.84,44.6,912.4,migration,2031,192.6
r-haradocki,2036,forecast,negative:adjusted,110.61,49.03,109.2,10.61,44.6,912.4,migration,2031,192.6
r-haradocki,2041,forecast,negative:adjusted,105.93,47.98,64.5,5.93,44.6,912.4,migration,2031,192.6
r-haradocki,2046,forecast,negative:adjusted,102.2,47.14,22.2,2.2,44.6,912.4,migration,2031,192.6
r-haradocki,2051,forecast,negative:adjusted,101.73,47.25,14.1,1.73,44.6,912.4,migration,2031,192.6
r-haradocki,2056,forecast,negative:adjusted,101.57,49.25,8.9,1.57,44.6,912.4,migration,2031,192.6
r-haradocki,2026,forecast,negative:official,113.12,46.83,180.4,13.12,44.6,912.4,migration,2031,192.6
r-haradocki,2031,forecast,negative:official,116.03,50.1,178.6,16.03,44.6,912.4,migration,2031,192.6
r-haradocki,2036,forecast,negative:official,110.82,49.06,115.3,10.82,44.6,912.4,migration,2031,192.6
r-haradocki,2041,forecast,negative:official,106.22,48.02,69.1,6.22,44.6,912.4,migration,2031,192.6
r-haradocki,2046,forecast,negative:official,102.29,47.24,23.5,2.29,44.6,912.4,migration,2031,192.6
r-haradocki,2051,forecast,negative:official,101.89,47.41,15.7,1.89,44.6,912.4,migration,2031,192.6
r-haradocki,2056,forecast,negative:official,101.69,49.5,9.9,1.69,44.6,912.4,migration,2031,192.6
r-haradocki,2026,forecast,optimistic:adjusted,112.69,46.83,165.7,12.69,44.6,912.4,migration,2031,192.6
r-haradocki,2031,forecast,optimistic:adjusted,115.68,51.62,169.7,15.68,44.6,912.4,migration,2031,192.6
r-haradocki,2036,forecast,optimistic:adjusted,110.45,52.26,112.7,10.45,44.6,912.4,migration,2031,192.6
r-haradocki,2041,forecast,optimistic:adjusted,105.95,53.03,68.4,5.95,44.6,912.4,migration,2031,192.6
r-haradocki,2046,forecast,optimistic:adjusted,102.24,53.9,24.1,2.24,44.6,912.4,migration,2031,192.6
r-haradocki,2051,forecast,optimistic:adjusted,101.64,55.6,14.5,1.64,44.6,912.4,migration,2031,192.6
r-haradocki,2056,forecast,optimistic:adjusted,101.47,58.94,10.0,1.47,44.6,912.4,migration,2031,192.6
r-haradocki,2026,forecast,optimistic:official,113.12,46.83,180.4,13.12,44.6,912.4,migration,2031,192.6
r-haradocki,2031,forecast,optimistic:official,115.87,51.61,180.9,15.87,44.6,912.4,migration,2031,192.6
r-haradocki,2036,forecast,optimistic:official,110.66,52.29,118.9,10.66,44.6,912.4,migration,2031,192.6
r-haradocki,2041,forecast,optimistic:official,106.22,53.07,73.1,6.22,44.6,912.4,migration,2031,192.6
r-haradocki,2046,forecast,optimistic:official,102.33,53.99,25.5,2.33,44.6,912.4,migration,2031,192.6
r-haradocki,2051,forecast,optimistic:official,101.81,55.73,16.3,1.81,44.6,912.4,migration,2031,192.6
r-haradocki,2056,forecast,optimistic:official,101.58,59.17,11.1,1.58,44.6,912.4,migration,2031,192.6
r-hluski,2009,census,,99.3,40.45,-10,-0.7,19.4,55.0,migration,2031,118.1
r-hluski,2019,census,,112.84,37.57,132,12.84,19.4,55.0,migration,2031,118.1
r-hluski,2026,forecast,base:adjusted,113.49,46.75,103.1,13.49,19.4,55.0,migration,2031,118.1
r-hluski,2031,forecast,base:adjusted,115.03,50.76,93.8,15.03,19.4,55.0,migration,2031,118.1
r-hluski,2036,forecast,base:adjusted,114.43,50.5,88.2,14.43,19.4,55.0,migration,2031,118.1
r-hluski,2041,forecast,base:adjusted,113.98,48.67,89.1,13.98,19.4,55.0,migration,2031,118.1
r-hluski,2046,forecast,base:adjusted,112.48,46.81,78.3,12.48,19.4,55.0,migration,2031,118.1
r-hluski,2051,forecast,base:adjusted,112.49,47.04,66.7,12.49,19.4,55.0,migration,2031,118.1
r-hluski,2056,forecast,base:adjusted,111.75,50.51,47.6,11.75,19.4,55.0,migration,2031,118.1
r-hluski,2026,forecast,base:official,114.01,46.74,113.0,14.01,19.4,55.0,migration,2031,118.1
r-hluski,2031,forecast,base:official,115.38,50.76,101.4,15.38,19.4,55.0,migration,2031,118.1
r-hluski,2036,forecast,base:official,114.5,50.53,91.8,14.5,19.4,55.0,migration,2031,118.1
r-hluski,2041,forecast,base:official,113.99,48.74,91.1,13.99,19.4,55.0,migration,2031,118.1
r-hluski,2046,forecast,base:official,112.58,46.94,80.2,12.58,19.4,55.0,migration,2031,118.1
r-hluski,2051,forecast,base:official,112.61,47.2,68.8,12.61,19.4,55.0,migration,2031,118.1
r-hluski,2056,forecast,base:official,111.88,50.78,49.7,11.88,19.4,55.0,migration,2031,118.1
r-hluski,2026,forecast,negative:adjusted,113.49,46.75,103.1,13.49,19.4,55.0,migration,2031,118.1
r-hluski,2031,forecast,negative:adjusted,115.1,49.13,92.2,15.1,19.4,55.0,migration,2031,118.1
r-hluski,2036,forecast,negative:adjusted,114.7,47.13,86.0,14.7,19.4,55.0,migration,2031,118.1
r-hluski,2041,forecast,negative:adjusted,114.3,43.58,86.9,14.3,19.4,55.0,migration,2031,118.1
r-hluski,2046,forecast,negative:adjusted,112.51,40.14,74.7,12.51,19.4,55.0,migration,2031,118.1
r-hluski,2051,forecast,negative:adjusted,112.38,38.89,62.4,12.38,19.4,55.0,migration,2031,118.1
r-hluski,2056,forecast,negative:adjusted,111.6,41.18,41.1,11.6,19.4,55.0,migration,2031,118.1
r-hluski,2026,forecast,negative:official,114.01,46.74,113.0,14.01,19.4,55.0,migration,2031,118.1
r-hluski,2031,forecast,negative:official,115.49,49.13,100.0,15.49,19.4,55.0,migration,2031,118.1
r-hluski,2036,forecast,negative:official,114.83,47.17,89.9,14.83,19.4,55.0,migration,2031,118.1
r-hluski,2041,forecast,negative:official,114.28,43.65,88.8,14.28,19.4,55.0,migration,2031,118.1
r-hluski,2046,forecast,negative:official,112.59,40.27,76.5,12.59,19.4,55.0,migration,2031,118.1
r-hluski,2051,forecast,negative:official,112.58,39.06,64.8,12.58,19.4,55.0,migration,2031,118.1
r-hluski,2056,forecast,negative:official,111.79,41.49,43.2,11.79,19.4,55.0,migration,2031,118.1
r-hluski,2026,forecast,optimistic:adjusted,113.49,46.75,103.1,13.49,19.4,55.0,migration,2031,118.1
r-hluski,2031,forecast,optimistic:adjusted,115.0,50.96,94.0,15.0,19.4,55.0,migration,2031,118.1
r-hluski,2036,forecast,optimistic:adjusted,114.38,50.95,88.5,14.38,19.4,55.0,migration,2031,118.1
r-hluski,2041,forecast,optimistic:adjusted,113.9,49.49,89.8,13.9,19.4,55.0,migration,2031,118.1
r-hluski,2046,forecast,optimistic:adjusted,112.42,47.89,79.4,12.42,19.4,55.0,migration,2031,118.1
r-hluski,2051,forecast,optimistic:adjusted,112.41,48.2,68.0,12.41,19.4,55.0,migration,2031,118.1
r-hluski,2056,forecast,optimistic:adjusted,111.66,51.5,49.5,11.66,19.4,55.0,migration,2031,118.1
r-hluski,2026,forecast,optimistic:official,114.01,46.74,113.0,14.01,19.4,55.0,migration,2031,118.1
r-hluski,2031,forecast,optimistic:official,115.35,50.96,101.6,15.35,19.4,55.0,migration,2031,118.1
r-hluski,2036,forecast,optimistic:official,114.48,50.98,92.3,14.48,19.4,55.0,migration,2031,118.1
r-hluski,2041,forecast,optimistic:official,113.89,49.55,91.7,13.89,19.4,55.0,migration,2031,118.1
r-hluski,2046,forecast,optimistic:official,112.53,48.0,81.4,12.53,19.4,55.0,migration,2031,118.1
r-hluski,2051,forecast,optimistic:official,112.57,48.35,70.3,12.57,19.4,55.0,migration,2031,118.1
r-hluski,2056,forecast,optimistic:official,111.78,51.76,51.6,11.78,19.4,55.0,migration,2031,118.1
r-hlybocki,2009,census,,111.59,40.82,459,11.59,59.0,333.2,migration,,119.5
r-hlybocki,2019,census,,115.71,40.02,484,15.71,59.0,333.2,migration,,119.5
r-hlybocki,2026,forecast,base:adjusted,112.98,43.33,291.7,12.98,59.0,333.2,migration,,119.5
r-hlybocki,2031,forecast,base:adjusted,109.63,48.43,173.5,9.63,59.0,333.2,migration,,119.5
r-hlybocki,2036,forecast,base:adjusted,106.31,52.13,113.4,6.31,59.0,333.2,migration,,119.5
r-hlybocki,2041,forecast,base:adjusted,104.3,55.12,83.1,4.3,59.0,333.2,migration,,119.5
r-hlybocki,2046,forecast,base:adjusted,106.36,56.76,118.9,6.36,59.0,333.2,migration,,119.5
r-hlybocki,2051,forecast,base:adjusted,109.9,59.23,154.6,9.9,59.0,333.2,migration,,119.5
r-hlybocki,2056,forecast,base:adjusted,109.96,62.76,116.1,9.96,59.0,333.2,migration,,119.5
r-hlybocki,2026,forecast,base:official,113.42,43.32,317.2,13.42,59.0,333.2,migration,,119.5
r-hlybocki,2031,forecast,base:official,109.95,48.43,188.8,9.95,59.0,333.2,migration,,119.5
r-hlybocki,2036,forecast,base:official,106.49,52.17,120.4,6.49,59.0,333.2,migration,,119.5
r-hlybocki,2041,forecast,base:official,104.45,55.17,87.5,4.45,59.0,333.2,migration,,119.5
r-hlybocki,2046,forecast,base:official,106.48,56.86,123.0,6.48,59.0,333.2,migration,,119.5
r-hlybocki,2051,forecast,base:official,110.03,59.39,160.1,10.03,59.0,333.2,migration,,119.5
r-hlybocki,2056,forecast,base:official,110.07,63.01,121.2,10.07,59.0,333.2,migration,,119.5
r-hlybocki,2026,forecast,negative:adjusted,112.98,43.33,291.7,12.98,59.0,333.2,migration,,119.5
r-hlybocki,2031,forecast,negative:adjusted,109.73,47.08,172.0,9.73,59.0,333.2,migration,,119.5
r-hlybocki,2036,forecast,negative:adjusted,106.45,49.21,111.6,6.45,59.0,333.2,migration,,119.5
r-hlybocki,2041,forecast,negative:adjusted,104.33,50.52,80.3,4.33,59.0,333.2,migration,,119.5
r-hlybocki,2046,forecast,negative:adjusted,106.31,50.46,112.8,6.31,59.0,333.2,migration,,119.5
r-hlybocki,2051,forecast,negative:adjusted,109.87,51.18,145.9,9.87,59.0,333.2,migration,,119.5
r-hlybocki,2056,forecast,negative:adjusted,110.16,53.09,103.7,10.16,59.0,333.2,migration,,119.5
r-hlybocki,2026,forecast,negative:official,113.42,43.32,317.2,13.42,59.0,333.2,migration,,119.5
r-hlybocki,2031,forecast,negative:official,110.05,47.08,187.2,10.05,59.0,333.2,migration,,119.5
r-hlybocki,2036,forecast,negative:official,106.63,49.24,118.6,6.63,59.0,333.2,migration,,119.5
r-hlybocki,2041,forecast,negative:official,104.48,50.58,84.8,4.48,59.0,333.2,migration,,119.5
r-hlybocki,2046,forecast,negative:official,106.42,50.57,116.6,6.42,59.0,333.2,migration,,119.5
r-hlybocki,2051,forecast,negative:official,110.01,51.35,151.4,10.01,59.0,333.2,migration,,119.5
r-hlybocki,2056,forecast,negative:official,110.27,53.35,108.5,10.27,59.0,333.2,migration,,119.5
r-hlybocki,2026,forecast,optimistic:adjusted,112.98,43.33,291.7,12.98,59.0,333.2,migration,,119.5
r-hlybocki,2031,forecast,optimistic:adjusted,109.6,48.52,173.8,9.6,59.0,333.2,migration,,119.5
r-hlybocki,2036,forecast,optimistic:adjusted,106.26,52.37,113.5,6.26,59.0,333.2,migration,,119.5
r-hlybocki,2041,forecast,optimistic:adjusted,104.25,55.57,83.2,4.25,59.0,333.2,migration,,119.5
r-hlybocki,2046,forecast,optimistic:adjusted,106.32,57.41,120.6,6.32,59.0,333.2,migration,,119.5
r-hlybocki,2051,forecast,optimistic:adjusted,109.8,59.97,157.4,9.8,59.0,333.2,migration,,119.5
r-hlybocki,2056,forecast,optimistic:adjusted,109.77,63.39,119.7,9.77,59.0,333.2,migration,,119.5
r-hlybocki,2026,forecast,optimistic:official,113.42,43.32,317.2,13.42,59.0,333.2,migration,,119.5
r-hlybocki,2031,forecast,optimistic:official,109.91,48.52,188.9,9.91,59.0,333.2,migration,,119.5
r-hlybocki,2036,forecast,optimistic:official,106.45,52.4,120.8,6.45,59.0,333.2,migration,,119.5
r-hlybocki,2041,forecast,optimistic:official,104.41,55.63,88.0,4.41,59.0,333.2,migration,,119.5
r-hlybocki,2046,forecast,optimistic:official,106.43,57.51,124.5,6.43,59.0,333.2,migration,,119.5
r-hlybocki,2051,forecast,optimistic:official,109.93,60.13,162.9,9.93,59.0,333.2,migration,,119.5
r-hlybocki,2056,forecast,optimistic:official,109.87,63.63,124.7,9.87,59.0,333.2,migration,,119.5
r-homielski,2009,census,,93.34,42.25,-4422,-6.66,978.7,3543.3,migration,,204.4
r-homielski,2019,census,,91.15,41.23,-6341,-8.85,978.7,3543.3,migration,,204.4
r-homielski,2026,forecast,base:adjusted,94.85,42.66,-2707.5,-5.15,978.7,3543.3,migration,,204.4
r-homielski,2031,forecast,base:adjusted,102.76,44.08,1131.7,2.76,978.7,3543.3,migration,,204.4
r-homielski,2036,forecast,base:adjusted,108.35,44.61,3270.2,8.35,978.7,3543.3,migration,,204.4
r-homielski,2041,forecast,base:adjusted,109.75,45.51,4460.5,9.75,978.7,3543.3,migration,,204.4
r-homielski,2046,forecast,base:adjusted,108.97,47.28,4296.5,8.97,978.7,3543.3,migration,,204.4
r-homielski,2051,forecast,base:adjusted,108.67,49.53,3663.3,8.67,978.7,3543.3,migration,,204.4
r-homielski,2056,forecast,base:adjusted,109.31,52.83,3131.1,9.31,978.7,3543.3,migration,,204.4
r-homielski,2026,forecast,base:official,95.46,42.66,-2502.9,-4.54,978.7,3543.3,migration,,204.4
r-homielski,2031,forecast,base:official,103.1,44.08,1333.8,3.1,978.7,3543.3,migration,,204.4
r-homielski,2036,forecast,base:official,108.47,44.64,3421.0,8.47,978.7,3543.3,migration,,204.4
r-homielski,2041,forecast,base:official,109.84,45.57,4580.3,9.84,978.7,3543.3,migration,,204.4
r-homielski,2046,forecast,base:official,109.04,47.39,4387.0,9.04,978.7,3543.3,migration,,204.4
r-homielski,2051,forecast,base:official,108.77,49.71,3773.8,8.77,978.7,3543.3,migration,,204.4
r-homielski,2056,forecast,base:official,109.38,53.11,3247.3,9.38,978.7,3543.3,migration,,204.4
r-homielski,2026,forecast,negative:adjusted,94.85,42.66,-2707.5,-5.15,978.7,3543.3,migration,,204.4
r-homielski,2031,forecast,negative:adjusted,102.77,42.76,1116.5,2.77,978.7,3543.3,migration,,204.4
r-homielski,2036,forecast,negative:adjusted,108.48,41.87,3211.5,8.48,978.7,3543.3,migration,,204.4
r-homielski,2041,forecast,negative:adjusted,109.86,41.3,4348.3,9.86,978.7,3543.3,migration,,204.4
r-homielski,2046,forecast,negative:adjusted,109.03,41.49,4153.5,9.03,978.7,3543.3,migration,,204.4
r-homielski,2051,forecast,negative:adjusted,108.65,42.18,3487.9,8.65,978.7,3543.3,migration,,204.4
r-homielski,2056,forecast,negative:adjusted,109.38,44.18,2785.4,9.38,978.7,3543.3,migration,,204.4
r-homielski,2026,forecast,negative:official,95.46,42.66,-2502.9,-4.54,978.7,3543.3,migration,,204.4
r-homielski,2031,forecast,negative:official,103.11,42.76,1317.3,3.11,978.7,3543.3,migration,,204.4
r-homielski,2036,forecast,negative:official,108.6,41.9,3360.5,8.6,978.7,3543.3,migration,,204.4
r-homielski,2041,forecast,negative:official,109.95,41.36,4466.1,9.95,978.7,3543.3,migration,,204.4
r-homielski,2046,forecast,negative:official,109.09,41.6,4242.6,9.09,978.7,3543.3,migration,,204.4
r-homielski,2051,forecast,negative:official,108.75,42.37,3595.9,8.75,978.7,3543.3,migration,,204.4
r-homielski,2056,forecast,negative:official,109.45,44.48,2891.7,9.45,978.7,3543.3,migration,,204.4
r-homielski,2026,forecast,optimistic:adjusted,94.85,42.66,-2707.5,-5.15,978.7,3543.3,migration,,204.4
r-homielski,2031,forecast,optimistic:adjusted,102.75,44.21,1131.3,2.75,978.7,3543.3,migration,,204.4
r-homielski,2036,forecast,optimistic:adjusted,108.3,44.91,3280.6,8.3,978.7,3543.3,migration,,204.4
r-homielski,2041,forecast,optimistic:adjusted,109.67,46.05,4487.5,9.67,978.7,3543.3,migration,,204.4
r-homielski,2046,forecast,optimistic:adjusted,108.88,48.03,4331.8,8.88,978.7,3543.3,migration,,204.4
r-homielski,2051,forecast,optimistic:adjusted,108.56,50.41,3709.3,8.56,978.7,3543.3,migration,,204.4
r-homielski,2056,forecast,optimistic:adjusted,109.12,53.68,3210.8,9.12,978.7,3543.3,migration,,204.4
r-homielski,2026,forecast,optimistic:official,95.46,42.66,-2502.9,-4.54,978.7,3543.3,migration,,204.4
r-homielski,2031,forecast,optimistic:official,103.09,44.21,1333.7,3.09,978.7,3543.3,migration,,204.4
r-homielski,2036,forecast,optimistic:official,108.43,44.94,3431.6,8.43,978.7,3543.3,migration,,204.4
r-homielski,2041,forecast,optimistic:official,109.76,46.11,4607.6,9.76,978.7,3543.3,migration,,204.4
r-homielski,2046,forecast,optimistic:official,108.95,48.13,4422.5,8.95,978.7,3543.3,migration,,204.4
r-homielski,2051,forecast,optimistic:official,108.66,50.59,3820.1,8.66,978.7,3543.3,migration,,204.4
r-homielski,2056,forecast,optimistic:official,109.2,53.94,3328.7,9.2,978.7,3543.3,migration,,204.4
r-horacki,2009,census,,124.07,41.77,1084,24.07,99.6,744.6,migration,2031,169.9
r-horacki,2019,census,,107.1,42.57,288,7.1,99.6,744.6,migration,2031,169.9
r-horacki,2026,forecast,base:adjusted,113.04,47.93,375.5,13.04,99.6,744.6,migration,2031,169.9
r-horacki,2031,forecast,base:adjusted,121.9,49.79,473.2,21.9,99.6,744.6,migration,2031,169.9
r-horacki,2036,forecast,base:adjusted,125.12,49.2,487.9,25.12,99.6,744.6,migration,2031,169.9
r-horacki,2041,forecast,base:adjusted,126.96,48.57,509.5,26.96,99.6,744.6,migration,2031,169.9
r-horacki,2046,forecast,base:adjusted,121.8,50.39,399.7,21.8,99.6,744.6,migration,2031,169.9
r-horacki,2051,forecast,base:adjusted,119.39,52.88,299.2,19.39,99.6,744.6,migration,2031,169.9
r-horacki,2056,forecast,base:adjusted,119.1,54.64,225.4,19.1,99.6,744.6,migration,2031,169.9
r-horacki,2026,forecast,base:official,113.64,47.93,413.4,13.64,99.6,744.6,migration,2031,169.9
r-horacki,2031,forecast,base:official,122.02,49.79,501.9,22.02,99.6,744.6,migration,2031,169.9
r-horacki,2036,forecast,base:official,125.1,49.23,504.1,25.1,99.6,744.6,migration,2031,169.9
r-horacki,2041,forecast,base:official,126.94,48.63,519.5,26.94,99.6,744.6,migration,2031,169.9
r-horacki,2046,forecast,base:official,121.93,50.51,407.6,21.93,99.6,744.6,migration,2031,169.9
r-horacki,2051,forecast,base:official,119.58,53.07,307.8,19.58,99.6,744.6,migration,2031,169.9
r-horacki,2056,forecast,base:official,119.31,54.91,234.6,19.31,99.6,744.6,migration,2031,169.9
r-horacki,2026,forecast,negative:adjusted,113.04,47.93,375.5,13.04,99.6,744.6,migration,2031,169.9
r-horacki,2031,forecast,negative:adjusted,121.99,48.17,464.6,21.99,99.6,744.6,migration,2031,169.9
r-horacki,2036,forecast,negative:adjusted,125.51,45.85,473.7,25.51,99.6,744.6,migration,2031,169.9
r-horacki,2041,forecast,negative:adjusted,127.34,43.41,492.1,27.34,99.6,744.6,migration,2031,169.9
r-horacki,2046,forecast,negative:adjusted,121.87,43.37,381.6,21.87,99.6,744.6,migration,2031,169.9
r-horacki,2051,forecast,negative:adjusted,119.32,44.22,281.4,19.32,99.6,744.6,migration,2031,169.9
r-horacki,2056,forecast,negative:adjusted,118.53,44.71,191.9,18.53,99.6,744.6,migration,2031,169.9
r-horacki,2026,forecast,negative:official,113.64,47.93,413.4,13.64,99.6,744.6,migration,2031,169.9
r-horacki,2031,forecast,negative:official,122.11,48.17,493.3,22.11,99.6,744.6,migration,2031,169.9
r-horacki,2036,forecast,negative:official,125.47,45.88,489.8,25.47,99.6,744.6,migration,2031,169.9
r-horacki,2041,forecast,negative:official,127.31,43.48,502.2,27.31,99.6,744.6,migration,2031,169.9
r-horacki,2046,forecast,negative:official,122.01,43.5,389.6,22.01,99.6,744.6,migration,2031,169.9
r-horacki,2051,forecast,negative:official,119.52,44.43,290.0,19.52,99.6,744.6,migration,2031,169.9
r-horacki,2056,forecast,negative:official,118.76,45.02,200.3,18.76,99.6,744.6,migration,2031,169.9
r-horacki,2026,forecast,optimistic:adjusted,113.04,47.93,375.5,13.04,99.6,744.6,migration,2031,169.9
r-horacki,2031,forecast,optimistic:adjusted,121.87,49.99,474.5,21.87,99.6,744.6,migration,2031,169.9
r-horacki,2036,forecast,optimistic:adjusted,125.05,49.67,490.1,25.05,99.6,744.6,migration,2031,169.9
r-horacki,2041,forecast,optimistic:adjusted,126.83,49.39,514.2,26.83,99.6,744.6,migration,2031,169.9
r-horacki,2046,forecast,optimistic:adjusted,121.72,51.51,406.0,21.72,99.6,744.6,migration,2031,169.9
r-horacki,2051,forecast,optimistic:adjusted,119.33,54.12,306.0,19.33,99.6,744.6,migration,2031,169.9
r-horacki,2056,forecast,optimistic:adjusted,119.08,55.85,235.9,19.08,99.6,744.6,migration,2031,169.9
r-horacki,2026,forecast,optimistic:official,113.64,47.93,413.4,13.64,99.6,744.6,migration,2031,169.9
r-horacki,2031,forecast,optimistic:official,122.01,49.99,503.3,22.01,99.6,744.6,migration,2031,169.9
r-horacki,2036,forecast,optimistic:official,125.03,49.69,506.3,25.03,99.6,744.6,migration,2031,169.9
r-horacki,2041,forecast,optimistic:official,126.81,49.45,524.3,26.81,99.6,744.6,migration,2031,169.9
r-horacki,2046,forecast,optimistic:official,121.85,51.63,414.0,21.85,99.6,744.6,migration,2031,169.9
r-horacki,2051,forecast,optimistic:official,119.52,54.3,314.7,19.52,99.6,744.6,migration,2031,169.9
r-horacki,2056,forecast,optimistic:official,119.27,56.09,245.1,19.27,99.6,744.6,migration,2031,169.9
r-hrodzienski,2009,census,,95.36,44.0,-2096,-4.64,684.8,877.4,migration,,186.8
r-hrodzienski,2019,census,,95.18,43.04,-2423,-4.82,684.8,877.4,migration,,186.8
r-hrodzienski,2026,forecast,base:adjusted,98.25,42.91,-674.3,-1.75,684.8,877.4,migration,,186.8
r-hrodzienski,2031,forecast,base:adjusted,101.07,44.99,349.7,1.07,684.8,877.4,migration,,186.8
r-hrodzienski,2036,forecast,base:adjusted,102.12,45.81,734.9,2.12,684.8,877.4,migration,,186.8
r-hrodzienski,2041,forecast,base:adjusted,101.22,46.14,510.4,1.22,684.8,877.4,migration,,186.8
r-hrodzienski,2046,forecast,base:adjusted,101.82,47.62,787.5,1.82,684.8,877.4,migration,,186.8
r-hrodzienski,2051,forecast,base:adjusted,104.28,50.28,1629.4,4.28,684.8,877.4,migration,,186.8
r-hrodzienski,2056,forecast,base:adjusted,105.19,54.27,1616.6,5.19,684.8,877.4,migration,,186.8
r-hrodzienski,2026,forecast,base:official,98.68,42.91,-534.9,-1.32,684.8,877.4,migration,,186.8
r-hrodzienski,2031,forecast,base:official,101.39,44.99,475.2,1.39,684.8,877.4,migration,,186.8
r-hrodzienski,2036,forecast,base:official,102.34,45.83,833.1,2.34,684.8,877.4,migration,,186.8
r-hrodzienski,2041,forecast,base:official,101.39,46.18,587.4,1.39,684.8,877.4,migration,,186.8
r-hrodzienski,2046,forecast,base:official,101.94,47.71,848.7,1.94,684.8,877.4,migration,,186.8
r-hrodzienski,2051,forecast,base:official,104.41,50.45,1705.4,4.41,684.8,877.4,migration,,186.8
r-hrodzienski,2056,forecast,base:official,105.28,54.53,1690.0,5.28,684.8,877.4,migration,,186.8
r-hrodzienski,2026,forecast,negative:adjusted,98.25,42.91,-674.3,-1.75,684.8,877.4,migration,,186.8
r-hrodzienski,2031,forecast,negative:adjusted,101.09,43.68,349.5,1.09,684.8,877.4,migration,,186.8
r-hrodzienski,2036,forecast,negative:adjusted,102.12,43.09,711.5,2.12,684.8,877.4,migration,,186.8
r-hrodzienski,2041,forecast,negative:adjusted,101.12,42.01,451.2,1.12,684.8,877.4,migration,,186.8
r-hrodzienski,2046,forecast,negative:adjusted,101.68,42.01,699.5,1.68,684.8,877.4,migration,,186.8
r-hrodzienski,2051,forecast,negative:adjusted,104.18,43.15,1519.3,4.18,684.8,877.4,migration,,186.8
r-hrodzienski,2056,forecast,negative:adjusted,105.17,45.81,1429.4,5.17,684.8,877.4,migration,,186.8
r-hrodzienski,2026,forecast,negative:official,98.68,42.91,-534.9,-1.32,684.8,877.4,migration,,186.8
r-hrodzienski,2031,forecast,negative:official,101.41,43.67,473.9,1.41,684.8,877.4,migration,,186.8
r-hrodzienski,2036,forecast,negative:official,102.34,43.12,808.5,2.34,684.8,877.4,migration,,186.8
r-hrodzienski,2041,forecast,negative:official,101.29,42.06,526.6,1.29,684.8,877.4,migration,,186.8
r-hrodzienski,2046,forecast,negative:official,101.8,42.1,759.6,1.8,684.8,877.4,migration,,186.8
r-hrodzienski,2051,forecast,negative:official,104.31,43.32,1593.3,4.31,684.8,877.4,migration,,186.8
r-hrodzienski,2056,forecast,negative:official,105.27,46.08,1497.2,5.27,684.8,877.4,migration,,186.8
r-hrodzienski,2026,forecast,optimistic:adjusted,98.25,42.91,-674.3,-1.75,684.8,877.4,migration,,186.8
r-hrodzienski,2031,forecast,optimistic:adjusted,101.06,45.07,348.0,1.06,684.8,877.4,migration,,186.8
r-hrodzienski,2036,forecast,optimistic:adjusted,102.11,46.03,738.0,2.11,684.8,877.4,migration,,186.8
r-hrodzienski,2041,forecast,optimistic:adjusted,101.23,46.55,520.0,1.23,684.8,877.4,migration,,186.8
r-hrodzienski,2046,forecast,optimistic:adjusted,101.82,48.2,801.6,1.82,684.8,877.4,migration,,186.8
r-hrodzienski,2051,forecast,optimistic:adjusted,104.24,50.95,1647.6,4.24,684.8,877.4,migration,,186.8
r-hrodzienski,2056,forecast,optimistic:adjusted,105.07,54.89,1646.4,5.07,684.8,877.4,migration,,186.8
r-hrodzienski,2026,forecast,optimistic:official,98.68,42.91,-534.9,-1.32,684.8,877.4,migration,,186.8
r-hrodzienski,2031,forecast,optimistic:official,101.38,45.07,473.5,1.38,684.8,877.4,migration,,186.8
r-hrodzienski,2036,forecast,optimistic:official,102.33,46.05,836.5,2.33,684.8,877.4,migration,,186.8
r-hrodzienski,2041,forecast,optimistic:official,101.39,46.6,597.3,1.39,684.8,877.4,migration,,186.8
r-hrodzienski,2046,forecast,optimistic:official,101.94,48.29,863.1,1.94,684.8,877.4,migration,,186.8
r-hrodzienski,2051,forecast,optimistic:official,104.36,51.11,1723.8,4.36,684.8,877.4,migration,,186.8
r-hrodzienski,2056,forecast,optimistic:official,105.16,55.14,1720.8,5.16,684.8,877.4,migration,,186.8
r-iujeuski,2009,census,,104.39,39.92,117,4.39,34.4,223.6,migration,2026,90.5
r-iujeuski,2019,census,,115.1,35.64,226,15.1,34.4,223.6,migration,2026,90.5
r-iujeuski,2026,forecast,base:adjusted,128.13,39.87,302.6,28.13,34.4,223.6,migration,2026,90.5
r-iujeuski,2031,forecast,base:adjusted,134.14,46.84,303.8,34.14,34.4,223.6,migration,2026,90.5
r-iujeuski,2036,forecast,base:adjusted,127.19,53.48,236.4,27.19,34.4,223.6,migration,2026,90.5
r-iujeuski,2041,forecast,base:adjusted,119.29,56.23,168.0,19.29,34.4,223.6,migration,2026,90.5
r-iujeuski,2046,forecast,base:adjusted,112.05,55.59,94.4,12.05,34.4,223.6,migration,2026,90.5
r-iujeuski,2051,forecast,base:adjusted,109.11,55.94,56.4,9.11,34.4,223.6,migration,2026,90.5
r-iujeuski,2056,forecast,base:adjusted,110.13,57.72,44.5,10.13,34.4,223.6,migration,2026,90.5
r-iujeuski,2026,forecast,base:official,128.65,39.86,325.4,28.65,34.4,223.6,migration,2026,90.5
r-iujeuski,2031,forecast,base:official,134.52,46.83,323.8,34.52,34.4,223.6,migration,2026,90.5
r-iujeuski,2036,forecast,base:official,127.57,53.52,247.6,27.57,34.4,223.6,migration,2026,90.5
r-iujeuski,2041,forecast,base:official,119.62,56.29,174.2,19.62,34.4,223.6,migration,2026,90.5
r-iujeuski,2046,forecast,base:official,112.17,55.7,96.9,12.17,34.4,223.6,migration,2026,90.5
r-iujeuski,2051,forecast,base:official,109.22,56.09,58.3,9.22,34.4,223.6,migration,2026,90.5
r-iujeuski,2056,forecast,base:official,110.24,57.97,46.4,10.24,34.4,223.6,migration,2026,90.5
r-iujeuski,2026,forecast,negative:adjusted,128.13,39.87,302.6,28.13,34.4,223.6,migration,2026,90.5
r-iujeuski,2031,forecast,negative:adjusted,134.18,45.47,298.7,34.18,34.4,223.6,migration,2026,90.5
r-iujeuski,2036,forecast,negative:adjusted,127.15,50.48,228.1,27.15,34.4,223.6,migration,2026,90.5
r-iujeuski,2041,forecast,negative:adjusted,119.1,51.49,160.4,19.1,34.4,223.6,migration,2026,90.5
r-iujeuski,2046,forecast,negative:adjusted,111.86,49.2,89.4,11.86,34.4,223.6,migration,2026,90.5
r-iujeuski,2051,forecast,negative:adjusted,108.98,47.81,53.1,8.98,34.4,223.6,migration,2026,90.5
r-iujeuski,2056,forecast,negative:adjusted,109.83,48.14,38.5,9.83,34.4,223.6,migration,2026,90.5
r-iujeuski,2026,forecast,negative:official,128.65,39.86,325.4,28.65,34.4,223.6,migration,2026,90.5
r-iujeuski,2031,forecast,negative:official,134.59,45.48,318.8,34.59,34.4,223.6,migration,2026,90.5
r-iujeuski,2036,forecast,negative:official,127.54,50.5,239.3,27.54,34.4,223.6,migration,2026,90.5
r-iujeuski,2041,forecast,negative:official,119.41,51.55,166.4,19.41,34.4,223.6,migration,2026,90.5
r-iujeuski,2046,forecast,negative:official,111.97,49.31,91.7,11.97,34.4,223.6,migration,2026,90.5
r-iujeuski,2051,forecast,negative:official,109.12,47.98,55.1,9.12,34.4,223.6,migration,2026,90.5
r-iujeuski,2056,forecast,negative:official,110.0,48.4,40.4,10.0,34.4,223.6,migration,2026,90.5
r-iujeuski,2026,forecast,optimistic:adjusted,128.13,39.87,302.6,28.13,34.4,223.6,migration,2026,90.5
r-iujeuski,2031,forecast,optimistic:adjusted,134.14,46.91,304.9,34.14,34.4,223.6,migration,2026,90.5
r-iujeuski,2036,forecast,optimistic:adjusted,127.18,53.73,237.9,27.18,34.4,223.6,migration,2026,90.5
r-iujeuski,2041,forecast,optimistic:adjusted,119.36,56.74,170.5,19.36,34.4,223.6,migration,2026,90.5
r-iujeuski,2046,forecast,optimistic:adjusted,112.05,56.34,96.0,12.05,34.4,223.6,migration,2026,90.5
r-iujeuski,2051,forecast,optimistic:adjusted,109.05,56.82,57.3,9.05,34.4,223.6,migration,2026,90.5
r-iujeuski,2056,forecast,optimistic:adjusted,110.01,58.41,45.8,10.01,34.4,223.6,migration,2026,90.5
r-iujeuski,2026,forecast,optimistic:official,128.65,39.86,325.4,28.65,34.4,223.6,migration,2026,90.5
r-iujeuski,2031,forecast,optimistic:official,134.51,46.91,324.8,34.51,34.4,223.6,migration,2026,90.5
r-iujeuski,2036,forecast,optimistic:official,127.56,53.76,249.1,27.56,34.4,223.6,migration,2026,90.5
r-iujeuski,2041,forecast,optimistic:official,119.65,56.79,176.5,19.65,34.4,223.6,migration,2026,90.5
r-iujeuski,2046,forecast,optimistic:official,112.18,56.44,98.5,12.18,34.4,223.6,migration,2026,90.5
r-iujeuski,2051,forecast,optimistic:official,109.2,56.96,59.4,9.2,34.4,223.6,migration,2026,90.5
r-iujeuski,2056,forecast,optimistic:official,110.19,58.65,48.0,10.19,34.4,223.6,migration,2026,90.5
r-ivacevicki,2009,census,,134.06,41.9,1902,34.06,106.6,418.6,migration,2026,126.4
r-ivacevicki,2019,census,,137.46,38.18,1688,37.46,106.6,418.6,migration,2026,126.4
r-ivacevicki,2026,forecast,base:adjusted,144.51,43.91,1442.3,44.51,106.6,418.6,migration,2026,126.4
r-ivacevicki,2031,forecast,base:adjusted,147.26,48.71,1215.1,47.26,106.6,418.6,migration,2026,126.4
r-ivacevicki,2036,forecast,base:adjusted,140.37,50.53,984.8,40.37,106.6,418.6,migration,2026,126.4
r-ivacevicki,2041,forecast,base:adjusted,131.26,51.83,793.7,31.26,106.6,418.6,migration,2026,126.4
r-ivacevicki,2046,forecast,base:adjusted,127.9,52.64,696.4,27.9,106.6,418.6,migration,2026,126.4
r-ivacevicki,2051,forecast,base:adjusted,125.53,54.18,549.3,25.53,106.6,418.6,migration,2026,126.4
r-ivacevicki,2056,forecast,base:adjusted,124.47,56.78,401.4,24.47,106.6,418.6,migration,2026,126.4
r-ivacevicki,2026,forecast,base:official,145.23,43.91,1529.0,45.23,106.6,418.6,migration,2026,126.4
r-ivacevicki,2031,forecast,base:official,147.78,48.7,1280.9,47.78,106.6,418.6,migration,2026,126.4
r-ivacevicki,2036,forecast,base:official,140.54,50.56,1015.6,40.54,106.6,418.6,migration,2026,126.4
r-ivacevicki,2041,forecast,base:official,131.35,51.88,808.5,31.35,106.6,418.6,migration,2026,126.4
r-ivacevicki,2046,forecast,base:official,127.96,52.73,706.0,27.96,106.6,418.6,migration,2026,126.4
r-ivacevicki,2051,forecast,base:official,125.64,54.32,559.9,25.64,106.6,418.6,migration,2026,126.4
r-ivacevicki,2056,forecast,base:official,124.56,57.01,412.3,24.56,106.6,418.6,migration,2026,126.4
r-ivacevicki,2026,forecast,negative:adjusted,144.51,43.91,1442.3,44.51,106.6,418.6,migration,2026,126.4
r-ivacevicki,2031,forecast,negative:adjusted,147.29,47.43,1195.3,47.29,106.6,418.6,migration,2026,126.4
r-ivacevicki,2036,forecast,negative:adjusted,140.58,47.81,956.5,40.58,106.6,418.6,migration,2026,126.4
r-ivacevicki,2041,forecast,negative:adjusted,131.38,47.63,767.6,31.38,106.6,418.6,migration,2026,126.4
r-ivacevicki,2046,forecast,negative:adjusted,127.9,46.99,669.6,27.9,106.6,418.6,migration,2026,126.4
r-ivacevicki,2051,forecast,negative:adjusted,125.47,47.07,523.6,25.47,106.6,418.6,migration,2026,126.4
r-ivacevicki,2056,forecast,negative:adjusted,124.5,48.38,357.7,24.5,106.6,418.6,migration,2026,126.4
r-ivacevicki,2026,forecast,negative:official,145.23,43.91,1529.0,45.23,106.6,418.6,migration,2026,126.4
r-ivacevicki,2031,forecast,negative:official,147.81,47.42,1260.9,47.81,106.6,418.6,migration,2026,126.4
r-ivacevicki,2036,forecast,negative:official,140.76,47.83,987.2,40.76,106.6,418.6,migration,2026,126.4
r-ivacevicki,2041,forecast,negative:official,131.48,47.68,782.4,31.48,106.6,418.6,migration,2026,126.4
r-ivacevicki,2046,forecast,negative:official,127.97,47.07,679.2,27.97,106.6,418.6,migration,2026,126.4
r-ivacevicki,2051,forecast,negative:official,125.58,47.22,534.0,25.58,106.6,418.6,migration,2026,126.4
r-ivacevicki,2056,forecast,negative:official,124.6,48.62,367.7,24.6,106.6,418.6,migration,2026,126.4
r-ivacevicki,2026,forecast,optimistic:adjusted,144.51,43.91,1442.3,44.51,106.6,418.6,migration,2026,126.4
r-ivacevicki,2031,forecast,optimistic:adjusted,147.24,48.75,1219.2,47.24,106.6,418.6,migration,2026,126.4
r-ivacevicki,2036,forecast,optimistic:adjusted,140.3,50.68,990.9,40.3,106.6,418.6,migration,2026,126.4
r-ivacevicki,2041,forecast,optimistic:adjusted,131.16,52.15,802.4,31.16,106.6,418.6,migration,2026,126.4
r-ivacevicki,2046,forecast,optimistic:adjusted,127.81,53.08,707.4,27.81,106.6,418.6,migration,2026,126.4
r-ivacevicki,2051,forecast,optimistic:adjusted,125.43,54.62,560.6,25.43,106.6,418.6,migration,2026,126.4
r-ivacevicki,2056,forecast,optimistic:adjusted,124.33,57.08,416.3,24.33,106.6,418.6,migration,2026,126.4
r-ivacevicki,2026,forecast,optimistic:official,145.23,43.91,1529.0,45.23,106.6,418.6,migration,2026,126.4
r-ivacevicki,2031,forecast,optimistic:official,147.75,48.75,1285.0,47.75,106.6,418.6,migration,2026,126.4
r-ivacevicki,2036,forecast,optimistic:official,140.49,50.71,1021.9,40.49,106.6,418.6,migration,2026,126.4
r-ivacevicki,2041,forecast,optimistic:official,131.25,52.2,817.2,31.25,106.6,418.6,migration,2026,126.4
r-ivacevicki,2046,forecast,optimistic:official,127.87,53.17,717.0,27.87,106.6,418.6,migration,2026,126.4
r-ivacevicki,2051,forecast,optimistic:official,125.54,54.76,571.2,25.54,106.6,418.6,migration,2026,126.4
r-ivacevicki,2056,forecast,optimistic:official,124.4,57.3,427.2,24.4,106.6,418.6,migration,2026,126.4
r-ivanauski,2009,census,,101.12,41.19,48,1.12,54.6,269.4,migration,,191.2
r-ivanauski,2019,census,,103.3,40.94,107,3.3,54.6,269.4,migration,,191.2
r-ivanauski,2026,forecast,base:adjusted,106.78,44.68,172.6,6.78,54.6,269.4,migration,,191.2
r-ivanauski,2031,forecast,base:adjusted,111.63,49.14,254.1,11.63,54.6,269.4,migration,,191.2
r-ivanauski,2036,forecast,base:adjusted,114.8,51.38,313.1,14.8,54.6,269.4,migration,,191.2
r-ivanauski,2041,forecast,base:adjusted,114.17,52.76,314.8,14.17,54.6,269.4,migration,,191.2
r-ivanauski,2046,forecast,base:adjusted,111.92,52.93,260.1,11.92,54.6,269.4,migration,,191.2
r-ivanauski,2051,forecast,base:adjusted,110.24,53.86,193.8,10.24,54.6,269.4,migration,,191.2
r-ivanauski,2056,forecast,base:adjusted,109.26,56.14,136.6,9.26,54.6,269.4,migration,,191.2
r-ivanauski,2026,forecast,base:official,107.32,44.68,194.4,7.32,54.6,269.4,migration,,191.2
r-ivanauski,2031,forecast,base:official,111.93,49.13,271.5,11.93,54.6,269.4,migration,,191.2
r-ivanauski,2036,forecast,base:official,114.87,51.4,322.9,14.87,54.6,269.4,migration,,191.2
r-ivanauski,2041,forecast,base:official,114.2,52.81,320.6,14.2,54.6,269.4,migration,,191.2
r-ivanauski,2046,forecast,base:official,111.98,53.0,264.3,11.98,54.6,269.4,migration,,191.2
r-ivanauski,2051,forecast,base:official,110.33,53.97,198.5,10.33,54.6,269.4,migration,,191.2
r-ivanauski,2056,forecast,base:official,109.32,56.32,140.8,9.32,54.6,269.4,migration,,191.2
r-ivanauski,2026,forecast,negative:adjusted,106.78,44.68,172.6,6.78,54.6,269.4,migration,,191.2
r-ivanauski,2031,forecast,negative:adjusted,111.68,47.8,250.7,11.68,54.6,269.4,migration,,191.2
r-ivanauski,2036,forecast,negative:adjusted,115.01,48.56,306.7,15.01,54.6,269.4,migration,,191.2
r-ivanauski,2041,forecast,negative:adjusted,114.32,48.43,306.3,14.32,54.6,269.4,migration,,191.2
r-ivanauski,2046,forecast,negative:adjusted,111.95,47.12,250.5,11.95,54.6,269.4,migration,,191.2
r-ivanauski,2051,forecast,negative:adjusted,110.18,46.6,184.1,10.18,54.6,269.4,migration,,191.2
r-ivanauski,2056,forecast,negative:adjusted,109.28,47.53,121.3,9.28,54.6,269.4,migration,,191.2
r-ivanauski,2026,forecast,negative:official,107.32,44.68,194.4,7.32,54.6,269.4,migration,,191.2
r-ivanauski,2031,forecast,negative:official,111.96,47.8,267.9,11.96,54.6,269.4,migration,,191.2
r-ivanauski,2036,forecast,negative:official,115.06,48.58,316.3,15.06,54.6,269.4,migration,,191.2
r-ivanauski,2041,forecast,negative:official,114.34,48.47,312.0,14.34,54.6,269.4,migration,,191.2
r-ivanauski,2046,forecast,negative:official,112.0,47.2,254.6,12.0,54.6,269.4,migration,,191.2
r-ivanauski,2051,forecast,negative:official,110.27,46.72,188.7,10.27,54.6,269.4,migration,,191.2
r-ivanauski,2056,forecast,negative:official,109.36,47.73,125.3,9.36,54.6,269.4,migration,,191.2
r-ivanauski,2026,forecast,optimistic:adjusted,106.78,44.68,172.6,6.78,54.6,269.4,migration,,191.2
r-ivanauski,2031,forecast,optimistic:adjusted,111.62,49.18,254.9,11.62,54.6,269.4,migration,,191.2
r-ivanauski,2036,forecast,optimistic:adjusted,114.75,51.55,314.5,14.75,54.6,269.4,migration,,191.2
r-ivanauski,2041,forecast,optimistic:adjusted,114.08,53.14,317.2,14.08,54.6,269.4,migration,,191.2
r-ivanauski,2046,forecast,optimistic:adjusted,111.84,53.47,263.1,11.84,54.6,269.4,migration,,191.2
r-ivanauski,2051,forecast,optimistic:adjusted,110.16,54.48,197.0,10.16,54.6,269.4,migration,,191.2
r-ivanauski,2056,forecast,optimistic:adjusted,109.12,56.63,140.4,9.12,54.6,269.4,migration,,191.2
r-ivanauski,2026,forecast,optimistic:official,107.32,44.68,194.4,7.32,54.6,269.4,migration,,191.2
r-ivanauski,2031,forecast,optimistic:official,111.91,49.18,272.1,11.91,54.6,269.4,migration,,191.2
r-ivanauski,2036,forecast,optimistic:official,114.81,51.57,324.1,14.81,54.6,269.4,migration,,191.2
r-ivanauski,2041,forecast,optimistic:official,114.11,53.18,323.0,14.11,54.6,269.4,migration,,191.2
r-ivanauski,2046,forecast,optimistic:official,111.89,53.55,267.4,11.89,54.6,269.4,migration,,191.2
r-ivanauski,2051,forecast,optimistic:official,110.25,54.6,201.7,10.25,54.6,269.4,migration,,191.2
r-ivanauski,2056,forecast,optimistic:official,109.19,56.82,144.8,9.19,54.6,269.4,migration,,191.2
r-jelski,2009,census,,96.56,49.64,-63,-3.44,22.6,99.4,migration,,231.4
r-jelski,2019,census,,100.48,40.64,7,0.48,22.6,99.4,migration,,231.4
r-jelski,2026,forecast,base:adjusted,104.64,45.27,49.2,4.64,22.6,99.4,migration,,231.4
r-jelski,2031,forecast,base:adjusted,107.65,49.03,67.7,7.65,22.6,99.4,migration,,231.4
r-jelski,2036,forecast,base:adjusted,108.39,49.91,70.6,8.39,22.6,99.4,migration,,231.4
r-jelski,2041,forecast,base:adjusted,109.16,50.01,80.7,9.16,22.6,99.4,migration,,231.4
r-jelski,2046,forecast,base:adjusted,111.83,50.15,100.4,11.83,22.6,99.4,migration,,231.4
r-jelski,2051,forecast,base:adjusted,112.21,50.59,87.9,12.21,22.6,99.4,migration,,231.4
r-jelski,2056,forecast,base:adjusted,110.46,52.55,58.4,10.46,22.6,99.4,migration,,231.4
r-jelski,2026,forecast,base:official,105.31,45.27,59.2,5.31,22.6,99.4,migration,,231.4
r-jelski,2031,forecast,base:official,108.14,49.02,75.7,8.14,22.6,99.4,migration,,231.4
r-jelski,2036,forecast,base:official,108.54,49.94,74.2,8.54,22.6,99.4,migration,,231.4
r-jelski,2041,forecast,base:official,109.22,50.07,82.7,9.22,22.6,99.4,migration,,231.4
r-jelski,2046,forecast,base:official,111.89,50.26,102.4,11.89,22.6,99.4,migration,,231.4
r-jelski,2051,forecast,base:official,112.31,50.75,90.4,12.31,22.6,99.4,migration,,231.4
r-jelski,2056,forecast,base:official,110.54,52.83,60.6,10.54,22.6,99.4,migration,,231.4
r-jelski,2026,forecast,negative:adjusted,104.64,45.27,49.2,4.64,22.6,99.4,migration,,231.4
r-jelski,2031,forecast,negative:adjusted,107.65,47.62,66.5,7.65,22.6,99.4,migration,,231.4
r-jelski,2036,forecast,negative:adjusted,108.53,46.94,69.3,8.53,22.6,99.4,migration,,231.4
r-jelski,2041,forecast,negative:adjusted,109.3,45.47,78.9,9.3,22.6,99.4,migration,,231.4
r-jelski,2046,forecast,negative:adjusted,111.88,44.08,96.9,11.88,22.6,99.4,migration,,231.4
r-jelski,2051,forecast,negative:adjusted,112.2,43.02,83.8,12.2,22.6,99.4,migration,,231.4
r-jelski,2056,forecast,negative:adjusted,110.73,43.75,52.9,10.73,22.6,99.4,migration,,231.4
r-jelski,2026,forecast,negative:official,105.31,45.27,59.2,5.31,22.6,99.4,migration,,231.4
r-jelski,2031,forecast,negative:official,108.13,47.6,74.4,8.13,22.6,99.4,migration,,231.4
r-jelski,2036,forecast,negative:official,108.67,46.97,72.8,8.67,22.6,99.4,migration,,231.4
r-jelski,2041,forecast,negative:official,109.34,45.53,80.8,9.34,22.6,99.4,migration,,231.4
r-jelski,2046,forecast,negative:official,111.95,44.18,98.9,11.95,22.6,99.4,migration,,231.4
r-jelski,2051,forecast,negative:official,112.3,43.2,86.2,12.3,22.6,99.4,migration,,231.4
r-jelski,2056,forecast,negative:official,110.84,44.05,55.1,10.84,22.6,99.4,migration,,231.4
r-jelski,2026,forecast,optimistic:adjusted,104.64,45.27,49.2,4.64,22.6,99.4,migration,,231.4
r-jelski,2031,forecast,optimistic:adjusted,107.64,49.16,67.9,7.64,22.6,99.4,migration,,231.4
r-jelski,2036,forecast,optimistic:adjusted,108.36,50.23,70.9,8.36,22.6,99.4,migration,,231.4
r-jelski,2041,forecast,optimistic:adjusted,109.08,50.62,81.1,9.08,22.6,99.4,migration,,231.4
r-jelski,2046,forecast,optimistic:adjusted,111.75,51.0,101.6,11.75,22.6,99.4,migration,,231.4
r-jelski,2051,forecast,optimistic:adjusted,112.1,51.55,89.3,12.1,22.6,99.4,migration,,231.4
r-jelski,2056,forecast,optimistic:adjusted,110.28,53.43,60.0,10.28,22.6,99.4,migration,,231.4
r-jelski,2026,forecast,optimistic:official,105.31,45.27,59.2,5.31,22.6,99.4,migration,,231.4
r-jelski,2031,forecast,optimistic:official,108.11,49.16,75.8,8.11,22.6,99.4,migration,,231.4
r-jelski,2036,forecast,optimistic:official,108.5,50.26,74.5,8.5,22.6,99.4,migration,,231.4
r-jelski,2041,forecast,optimistic:official,109.13,50.68,83.1,9.13,22.6,99.4,migration,,231.4
r-jelski,2046,forecast,optimistic:official,111.8,51.1,103.5,11.8,22.6,99.4,migration,,231.4
r-jelski,2051,forecast,optimistic:official,112.21,51.72,91.8,12.21,22.6,99.4,migration,,231.4
r-jelski,2056,forecast,optimistic:official,110.33,53.67,62.1,10.33,22.6,99.4,migration,,231.4
r-kalinkavicki,2009,census,,99.61,41.43,-27,-0.39,94.9,555.1,migration,,197.0
r-kalinkavicki,2019,census,,99.72,40.49,-17,-0.28,94.9,555.1,migration,,197.0
r-kalinkavicki,2026,forecast,base:adjusted,106.14,45.42,279.8,6.14,94.9,555.1,migration,,197.0
r-kalinkavicki,2031,forecast,base:adjusted,111.11,49.55,420.9,11.11,94.9,555.1,migration,,197.0
r-kalinkavicki,2036,forecast,base:adjusted,111.42,51.06,410.6,11.42,94.9,555.1,migration,,197.0
r-kalinkavicki,2041,forecast,base:adjusted,110.47,51.42,398.5,10.47,94.9,555.1,migration,,197.0
r-kalinkavicki,2046,forecast,base:adjusted,108.57,51.1,325.7,8.57,94.9,555.1,migration,,197.0
r-kalinkavicki,2051,forecast,base:adjusted,106.92,51.38,227.7,6.92,94.9,555.1,migration,,197.0
r-kalinkavicki,2056,forecast,base:adjusted,106.99,53.91,178.4,6.99,94.9,555.1,migration,,197.0
r-kalinkavicki,2026,forecast,base:official,106.8,45.42,325.8,6.8,94.9,555.1,migration,,197.0
r-kalinkavicki,2031,forecast,base:official,111.51,49.55,457.9,11.51,94.9,555.1,migration,,197.0
r-kalinkavicki,2036,forecast,base:official,111.56,51.1,428.7,11.56,94.9,555.1,migration,,197.0
r-kalinkavicki,2041,forecast,base:official,110.62,51.48,411.5,10.62,94.9,555.1,migration,,197.0
r-kalinkavicki,2046,forecast,base:official,108.64,51.2,332.7,8.64,94.9,555.1,migration,,197.0
r-kalinkavicki,2051,forecast,base:official,107.01,51.55,234.9,7.01,94.9,555.1,migration,,197.0
r-kalinkavicki,2056,forecast,base:official,107.06,54.18,185.6,7.06,94.9,555.1,migration,,197.0
r-kalinkavicki,2026,forecast,negative:adjusted,106.14,45.42,279.8,6.14,94.9,555.1,migration,,197.0
r-kalinkavicki,2031,forecast,negative:adjusted,111.13,48.11,414.2,11.13,94.9,555.1,migration,,197.0
r-kalinkavicki,2036,forecast,negative:adjusted,111.56,48.03,401.4,11.56,94.9,555.1,migration,,197.0
r-kalinkavicki,2041,forecast,negative:adjusted,110.57,46.76,387.5,10.57,94.9,555.1,migration,,197.0
r-kalinkavicki,2046,forecast,negative:adjusted,108.59,44.9,314.0,8.59,94.9,555.1,migration,,197.0
r-kalinkavicki,2051,forecast,negative:adjusted,106.9,43.71,216.6,6.9,94.9,555.1,migration,,197.0
r-kalinkavicki,2056,forecast,negative:adjusted,106.91,44.98,156.0,6.91,94.9,555.1,migration,,197.0
r-kalinkavicki,2026,forecast,negative:official,106.8,45.42,325.8,6.8,94.9,555.1,migration,,197.0
r-kalinkavicki,2031,forecast,negative:official,111.52,48.11,450.9,11.52,94.9,555.1,migration,,197.0
r-kalinkavicki,2036,forecast,negative:official,111.69,48.06,419.2,11.69,94.9,555.1,migration,,197.0
r-kalinkavicki,2041,forecast,negative:official,110.72,46.83,400.3,10.72,94.9,555.1,migration,,197.0
r-kalinkavicki,2046,forecast,negative:official,108.66,45.02,320.8,8.66,94.9,555.1,migration,,197.0
r-kalinkavicki,2051,forecast,negative:official,106.99,43.89,223.7,6.99,94.9,555.1,migration,,197.0
r-kalinkavicki,2056,forecast,negative:official,106.99,45.27,162.6,6.99,94.9,555.1,migration,,197.0
r-kalinkavicki,2026,forecast,optimistic:adjusted,106.14,45.42,279.8,6.14,94.9,555.1,migration,,197.0
r-kalinkavicki,2031,forecast,optimistic:adjusted,111.1,49.69,422.2,11.1,94.9,555.1,migration,,197.0
r-kalinkavicki,2036,forecast,optimistic:adjusted,111.38,51.41,412.5,11.38,94.9,555.1,migration,,197.0
r-kalinkavicki,2041,forecast,optimistic:adjusted,110.4,52.06,401.5,10.4,94.9,555.1,migration,,197.0
r-kalinkavicki,2046,forecast,optimistic:adjusted,108.49,51.99,328.8,8.49,94.9,555.1,migration,,197.0
r-kalinkavicki,2051,forecast,optimistic:adjusted,106.82,52.42,230.0,6.82,94.9,555.1,migration,,197.0
r-kalinkavicki,2056,forecast,optimistic:adjusted,106.82,54.88,182.0,6.82,94.9,555.1,migration,,197.0
r-kalinkavicki,2026,forecast,optimistic:official,106.8,45.42,325.8,6.8,94.9,555.1,migration,,197.0
r-kalinkavicki,2031,forecast,optimistic:official,111.49,49.69,459.2,11.49,94.9,555.1,migration,,197.0
r-kalinkavicki,2036,forecast,optimistic:official,111.52,51.44,430.7,11.52,94.9,555.1,migration,,197.0
r-kalinkavicki,2041,forecast,optimistic:official,110.55,52.12,414.3,10.55,94.9,555.1,migration,,197.0
r-kalinkavicki,2046,forecast,optimistic:official,108.55,52.09,335.6,8.55,94.9,555.1,migration,,197.0
r-kalinkavicki,2051,forecast,optimistic:official,106.91,52.59,237.3,6.91,94.9,555.1,migration,,197.0
r-kalinkavicki,2056,forecast,optimistic:official,106.9,55.13,189.4,6.9,94.9,555.1,migration,,197.0
r-kamianiecki,2009,census,,101.14,42.47,42,1.14,60.5,393.5,migration,2031,215.5
r-kamianiecki,2019,census,,107.12,41.39,219,7.12,60.5,393.5,migration,2031,215.5
r-kamianiecki,2026,forecast,base:adjusted,110.69,44.61,240.6,10.69,60.5,393.5,migration,2031,215.5
r-kamianiecki,2031,forecast,base:adjusted,115.73,48.71,286.4,15.73,60.5,393.5,migration,2031,215.5
r-kamianiecki,2036,forecast,base:adjusted,119.67,50.42,340.8,19.67,60.5,393.5,migration,2031,215.5
r-kamianiecki,2041,forecast,base:adjusted,118.33,51.76,333.9,18.33,60.5,393.5,migration,2031,215.5
r-kamianiecki,2046,forecast,base:adjusted,114.47,52.13,265.0,14.47,60.5,393.5,migration,2031,215.5
r-kamianiecki,2051,forecast,base:adjusted,112.38,53.87,198.3,12.38,60.5,393.5,migration,2031,215.5
r-kamianiecki,2056,forecast,base:adjusted,111.84,58.25,146.9,11.84,60.5,393.5,migration,2031,215.5
r-kamianiecki,2026,forecast,base:official,111.26,44.61,264.2,11.26,60.5,393.5,migration,2031,215.5
r-kamianiecki,2031,forecast,base:official,116.03,48.71,304.3,16.03,60.5,393.5,migration,2031,215.5
r-kamianiecki,2036,forecast,base:official,119.74,50.44,351.0,19.74,60.5,393.5,migration,2031,215.5
r-kamianiecki,2041,forecast,base:official,118.39,51.8,340.3,18.39,60.5,393.5,migration,2031,215.5
r-kamianiecki,2046,forecast,base:official,114.52,52.2,269.1,14.52,60.5,393.5,migration,2031,215.5
r-kamianiecki,2051,forecast,base:official,112.46,53.98,202.6,12.46,60.5,393.5,migration,2031,215.5
r-kamianiecki,2056,forecast,base:official,111.92,58.46,151.4,11.92,60.5,393.5,migration,2031,215.5
r-kamianiecki,2026,forecast,negative:adjusted,110.69,44.61,240.6,10.69,60.5,393.5,migration,2031,215.5
r-kamianiecki,2031,forecast,negative:adjusted,115.76,47.41,282.1,15.76,60.5,393.5,migration,2031,215.5
r-kamianiecki,2036,forecast,negative:adjusted,119.88,47.67,332.9,19.88,60.5,393.5,migration,2031,215.5
r-kamianiecki,2041,forecast,negative:adjusted,118.46,47.52,324.1,18.46,60.5,393.5,migration,2031,215.5
r-kamianiecki,2046,forecast,negative:adjusted,114.47,46.38,254.9,14.47,60.5,393.5,migration,2031,215.5
r-kamianiecki,2051,forecast,negative:adjusted,112.31,46.57,188.5,12.31,60.5,393.5,migration,2031,215.5
r-kamianiecki,2056,forecast,negative:adjusted,111.8,49.52,130.0,11.8,60.5,393.5,migration,2031,215.5
r-kamianiecki,2026,forecast,negative:official,111.26,44.61,264.2,11.26,60.5,393.5,migration,2031,215.5
r-kamianiecki,2031,forecast,negative:official,116.07,47.4,300.1,16.07,60.5,393.5,migration,2031,215.5
r-kamianiecki,2036,forecast,negative:official,119.95,47.69,343.1,19.95,60.5,393.5,migration,2031,215.5
r-kamianiecki,2041,forecast,negative:official,118.53,47.57,330.5,18.53,60.5,393.5,migration,2031,215.5
r-kamianiecki,2046,forecast,negative:official,114.53,46.45,258.9,14.53,60.5,393.5,migration,2031,215.5
r-kamianiecki,2051,forecast,negative:official,112.39,46.69,192.7,12.39,60.5,393.5,migration,2031,215.5
r-kamianiecki,2056,forecast,negative:official,111.88,49.74,134.0,11.88,60.5,393.5,migration,2031,215.5
r-kamianiecki,2026,forecast,optimistic:adjusted,110.69,44.61,240.6,10.69,60.5,393.5,migration,2031,215.5
r-kamianiecki,2031,forecast,optimistic:adjusted,115.72,48.76,287.3,15.72,60.5,393.5,migration,2031,215.5
r-kamianiecki,2036,forecast,optimistic:adjusted,119.61,50.6,342.4,19.61,60.5,393.5,migration,2031,215.5
r-kamianiecki,2041,forecast,optimistic:adjusted,118.24,52.15,337.0,18.24,60.5,393.5,migration,2031,215.5
r-kamianiecki,2046,forecast,optimistic:adjusted,114.39,52.67,268.6,14.39,60.5,393.5,migration,2031,215.5
r-kamianiecki,2051,forecast,optimistic:adjusted,112.3,54.46,201.8,12.3,60.5,393.5,migration,2031,215.5
r-kamianiecki,2056,forecast,optimistic:adjusted,111.71,58.75,151.6,11.71,60.5,393.5,migration,2031,215.5
r-kamianiecki,2026,forecast,optimistic:official,111.26,44.61,264.2,11.26,60.5,393.5,migration,2031,215.5
r-kamianiecki,2031,forecast,optimistic:official,116.03,48.75,305.4,16.03,60.5,393.5,migration,2031,215.5
r-kamianiecki,2036,forecast,optimistic:official,119.68,50.62,352.6,19.68,60.5,393.5,migration,2031,215.5
r-kamianiecki,2041,forecast,optimistic:official,118.31,52.18,343.4,18.31,60.5,393.5,migration,2031,215.5
r-kamianiecki,2046,forecast,optimistic:official,114.45,52.74,272.8,14.45,60.5,393.5,migration,2031,215.5
r-kamianiecki,2051,forecast,optimistic:official,112.39,54.58,206.3,12.39,60.5,393.5,migration,2031,215.5
r-kamianiecki,2056,forecast,optimistic:official,111.78,58.96,156.1,11.78,60.5,393.5,migration,2031,215.5
r-kapylski,2009,census,,99.01,44.59,-27,-0.99,38.8,233.0,migration,2026,82.6
r-kapylski,2019,census,,115.62,35.17,352,15.62,38.8,233.0,migration,2026,82.6
r-kapylski,2026,forecast,base:adjusted,121.29,41.52,408.7,21.29,38.8,233.0,migration,2026,82.6
r-kapylski,2031,forecast,base:adjusted,122.87,46.85,354.3,22.87,38.8,233.0,migration,2026,82.6
r-kapylski,2036,forecast,base:adjusted,123.9,49.43,320.9,23.9,38.8,233.0,migration,2026,82.6
r-kapylski,2041,forecast,base:adjusted,120.86,48.61,271.4,20.86,38.8,233.0,migration,2026,82.6
r-kapylski,2046,forecast,base:adjusted,120.69,46.63,237.5,20.69,38.8,233.0,migration,2026,82.6
r-kapylski,2051,forecast,base:adjusted,120.15,47.19,188.2,20.15,38.8,233.0,migration,2026,82.6
r-kapylski,2056,forecast,base:adjusted,120.84,51.42,148.6,20.84,38.8,233.0,migration,2026,82.6
r-kapylski,2026,forecast,base:official,121.42,41.53,418.0,21.42,38.8,233.0,migration,2026,82.6
r-kapylski,2031,forecast,base:official,123.02,46.84,362.3,23.02,38.8,233.0,migration,2026,82.6
r-kapylski,2036,forecast,base:official,123.97,49.44,325.4,23.97,38.8,233.0,migration,2026,82.6
r-kapylski,2041,forecast,base:official,120.93,48.64,274.2,20.93,38.8,233.0,migration,2026,82.6
r-kapylski,2046,forecast,base:official,120.73,46.67,239.2,20.73,38.8,233.0,migration,2026,82.6
r-kapylski,2051,forecast,base:official,120.21,47.25,189.9,20.21,38.8,233.0,migration,2026,82.6
r-kapylski,2056,forecast,base:official,120.88,51.51,150.3,20.88,38.8,233.0,migration,2026,82.6
r-kapylski,2026,forecast,negative:adjusted,121.29,41.52,408.7,21.29,38.8,233.0,migration,2026,82.6
r-kapylski,2031,forecast,negative:adjusted,122.9,45.09,348.6,22.9,38.8,233.0,migration,2026,82.6
r-kapylski,2036,forecast,negative:adjusted,124.02,45.78,310.9,24.02,38.8,233.0,migration,2026,82.6
r-kapylski,2041,forecast,negative:adjusted,120.88,43.02,261.1,20.88,38.8,233.0,migration,2026,82.6
r-kapylski,2046,forecast,negative:adjusted,120.67,39.17,228.4,20.67,38.8,233.0,migration,2026,82.6
r-kapylski,2051,forecast,negative:adjusted,120.04,37.96,179.9,20.04,38.8,233.0,migration,2026,82.6
r-kapylski,2056,forecast,negative:adjusted,120.67,41.09,133.4,20.67,38.8,233.0,migration,2026,82.6
r-kapylski,2026,forecast,negative:official,121.42,41.53,418.0,21.42,38.8,233.0,migration,2026,82.6
r-kapylski,2031,forecast,negative:official,123.04,45.09,356.4,23.04,38.8,233.0,migration,2026,82.6
r-kapylski,2036,forecast,negative:official,124.09,45.79,315.4,24.09,38.8,233.0,migration,2026,82.6
r-kapylski,2041,forecast,negative:official,120.93,43.05,263.7,20.93,38.8,233.0,migration,2026,82.6
r-kapylski,2046,forecast,negative:official,120.7,39.22,229.9,20.7,38.8,233.0,migration,2026,82.6
r-kapylski,2051,forecast,negative:official,120.07,38.03,181.4,20.07,38.8,233.0,migration,2026,82.6
r-kapylski,2056,forecast,negative:official,120.71,41.2,134.9,20.71,38.8,233.0,migration,2026,82.6
r-kapylski,2026,forecast,optimistic:adjusted,121.29,41.52,408.7,21.29,38.8,233.0,migration,2026,82.6
r-kapylski,2031,forecast,optimistic:adjusted,122.89,47.14,354.5,22.89,38.8,233.0,migration,2026,82.6
r-kapylski,2036,forecast,optimistic:adjusted,123.92,50.01,321.0,23.92,38.8,233.0,migration,2026,82.6
r-kapylski,2041,forecast,optimistic:adjusted,120.87,49.63,272.8,20.87,38.8,233.0,migration,2026,82.6
r-kapylski,2046,forecast,optimistic:adjusted,120.71,48.0,239.6,20.71,38.8,233.0,migration,2026,82.6
r-kapylski,2051,forecast,optimistic:adjusted,120.17,48.74,190.2,20.17,38.8,233.0,migration,2026,82.6
r-kapylski,2056,forecast,optimistic:adjusted,120.84,52.72,151.9,20.84,38.8,233.0,migration,2026,82.6
r-kapylski,2026,forecast,optimistic:official,121.42,41.53,418.0,21.42,38.8,233.0,migration,2026,82.6
r-kapylski,2031,forecast,optimistic:official,123.02,47.14,362.3,23.02,38.8,233.0,migration,2026,82.6
r-kapylski,2036,forecast,optimistic:official,123.99,50.03,325.5,23.99,38.8,233.0,migration,2026,82.6
r-kapylski,2041,forecast,optimistic:official,120.94,49.65,275.6,20.94,38.8,233.0,migration,2026,82.6
r-kapylski,2046,forecast,optimistic:official,120.72,48.04,241.0,20.72,38.8,233.0,migration,2026,82.6
r-kapylski,2051,forecast,optimistic:official,120.18,48.79,191.6,20.18,38.8,233.0,migration,2026,82.6
r-kapylski,2056,forecast,optimistic:official,120.88,52.81,153.6,20.88,38.8,233.0,migration,2026,82.6
r-karelicki,2009,census,,95.65,44.29,-87,-4.35,24.8,206.0,migration,,84.2
r-karelicki,2019,census,,108.46,37.22,119,8.46,24.8,206.0,migration,,84.2
r-karelicki,2026,forecast,base:adjusted,114.14,41.24,155.1,14.14,24.8,206.0,migration,,84.2
r-karelicki,2031,forecast,base:adjusted,113.84,47.06,129.4,13.84,24.8,206.0,migration,,84.2
r-karelicki,2036,forecast,base:adjusted,107.16,51.22,62.9,7.16,24.8,206.0,migration,,84.2
r-karelicki,2041,forecast,base:adjusted,101.44,52.76,12.5,1.44,24.8,206.0,migration,,84.2
r-karelicki,2046,forecast,base:adjusted,99.91,52.39,-0.7,-0.09,24.8,206.0,migration,,84.2
r-karelicki,2051,forecast,base:adjusted,101.26,52.71,8.1,1.26,24.8,206.0,migration,,84.2
r-karelicki,2056,forecast,base:adjusted,101.52,54.55,7.3,1.52,24.8,206.0,migration,,84.2
r-karelicki,2026,forecast,base:official,114.55,41.24,168.7,14.55,24.8,206.0,migration,,84.2
r-karelicki,2031,forecast,base:official,114.3,47.06,140.9,14.3,24.8,206.0,migration,,84.2
r-karelicki,2036,forecast,base:official,107.52,51.25,68.3,7.52,24.8,206.0,migration,,84.2
r-karelicki,2041,forecast,base:official,101.75,52.81,15.5,1.75,24.8,206.0,migration,,84.2
r-karelicki,2046,forecast,base:official,100.04,52.47,0.3,0.04,24.8,206.0,migration,,84.2
r-karelicki,2051,forecast,base:official,101.37,52.85,9.0,1.37,24.8,206.0,migration,,84.2
r-karelicki,2056,forecast,base:official,101.6,54.79,7.9,1.6,24.8,206.0,migration,,84.2
r-karelicki,2026,forecast,negative:adjusted,114.14,41.24,155.1,14.14,24.8,206.0,migration,,84.2
r-karelicki,2031,forecast,negative:adjusted,113.9,45.68,127.6,13.9,24.8,206.0,migration,,84.2
r-karelicki,2036,forecast,negative:adjusted,107.11,48.27,60.4,7.11,24.8,206.0,migration,,84.2
r-karelicki,2041,forecast,negative:adjusted,101.27,48.21,10.6,1.27,24.8,206.0,migration,,84.2
r-karelicki,2046,forecast,negative:adjusted,99.74,46.21,-2.0,-0.26,24.8,206.0,migration,,84.2
r-karelicki,2051,forecast,negative:adjusted,101.14,44.88,7.0,1.14,24.8,206.0,migration,,84.2
r-karelicki,2056,forecast,negative:adjusted,101.67,45.45,7.1,1.67,24.8,206.0,migration,,84.2
r-karelicki,2026,forecast,negative:official,114.55,41.24,168.7,14.55,24.8,206.0,migration,,84.2
r-karelicki,2031,forecast,negative:official,114.35,45.67,139.0,14.35,24.8,206.0,migration,,84.2
r-karelicki,2036,forecast,negative:official,107.49,48.3,65.8,7.49,24.8,206.0,migration,,84.2
r-karelicki,2041,forecast,negative:official,101.57,48.27,13.4,1.57,24.8,206.0,migration,,84.2
r-karelicki,2046,forecast,negative:official,99.83,46.31,-1.3,-0.17,24.8,206.0,migration,,84.2
r-karelicki,2051,forecast,negative:official,101.27,45.03,8.0,1.27,24.8,206.0,migration,,84.2
r-karelicki,2056,forecast,negative:official,101.77,45.7,7.8,1.77,24.8,206.0,migration,,84.2
r-karelicki,2026,forecast,optimistic:adjusted,114.14,41.24,155.1,14.14,24.8,206.0,migration,,84.2
r-karelicki,2031,forecast,optimistic:adjusted,113.82,47.14,129.7,13.82,24.8,206.0,migration,,84.2
r-karelicki,2036,forecast,optimistic:adjusted,107.16,51.45,63.3,7.16,24.8,206.0,migration,,84.2
r-karelicki,2041,forecast,optimistic:adjusted,101.46,53.23,12.8,1.46,24.8,206.0,migration,,84.2
r-karelicki,2046,forecast,optimistic:adjusted,99.95,53.05,-0.4,-0.05,24.8,206.0,migration,,84.2
r-karelicki,2051,forecast,optimistic:adjusted,101.21,53.43,8.0,1.21,24.8,206.0,migration,,84.2
r-karelicki,2056,forecast,optimistic:adjusted,101.38,55.11,6.9,1.38,24.8,206.0,migration,,84.2
r-karelicki,2026,forecast,optimistic:official,114.55,41.24,168.7,14.55,24.8,206.0,migration,,84.2
r-karelicki,2031,forecast,optimistic:official,114.29,47.13,141.3,14.29,24.8,206.0,migration,,84.2
r-karelicki,2036,forecast,optimistic:official,107.51,51.48,68.7,7.51,24.8,206.0,migration,,84.2
r-karelicki,2041,forecast,optimistic:official,101.77,53.28,15.9,1.77,24.8,206.0,migration,,84.2
r-karelicki,2046,forecast,optimistic:official,100.06,53.14,0.5,0.06,24.8,206.0,migration,,84.2
r-karelicki,2051,forecast,optimistic:official,101.34,53.57,9.0,1.34,24.8,206.0,migration,,84.2
r-karelicki,2056,forecast,optimistic:official,101.5,55.35,7.7,1.5,24.8,206.0,migration,,84.2
r-karmianski,2009,census,,95.93,42.69,-69,-4.07,22.8,61.0,migration,,189.3
r-karmianski,2019,census,,105.73,37.1,84,5.73,22.8,61.0,migration,,189.3
r-karmianski,2026,forecast,base:adjusted,107.75,47.39,84.1,7.75,22.8,61.0,migration,,189.3
r-karmianski,2031,forecast,base:adjusted,110.22,53.89,94.2,10.22,22.8,61.0,migration,,189.3
r-karmianski,2036,forecast,base:adjusted,113.06,56.2,115.7,13.06,22.8,61.0,migration,,189.3
r-karmianski,2041,forecast,base:adjusted,112.73,56.11,120.3,12.73,22.8,61.0,migration,,189.3
r-karmianski,2046,forecast,base:adjusted,109.13,54.06,86.0,9.13,22.8,61.0,migration,,189.3
r-karmianski,2051,forecast,base:adjusted,106.31,53.61,51.3,6.31,22.8,61.0,migration,,189.3
r-karmianski,2056,forecast,base:adjusted,106.38,56.67,39.8,6.38,22.8,61.0,migration,,189.3
r-karmianski,2026,forecast,base:official,108.45,47.38,96.3,8.45,22.8,61.0,migration,,189.3
r-karmianski,2031,forecast,base:official,110.7,53.88,103.5,10.7,22.8,61.0,migration,,189.3
r-karmianski,2036,forecast,base:official,113.24,56.23,120.9,13.24,22.8,61.0,migration,,189.3
r-karmianski,2041,forecast,base:official,112.73,56.18,122.4,12.73,22.8,61.0,migration,,189.3
r-karmianski,2046,forecast,base:official,109.21,54.19,87.8,9.21,22.8,61.0,migration,,189.3
r-karmianski,2051,forecast,base:official,106.39,53.8,52.9,6.39,22.8,61.0,migration,,189.3
r-karmianski,2056,forecast,base:official,106.45,56.98,41.4,6.45,22.8,61.0,migration,,189.3
r-karmianski,2026,forecast,negative:adjusted,107.75,47.39,84.1,7.75,22.8,61.0,migration,,189.3
r-karmianski,2031,forecast,negative:adjusted,110.19,52.39,92.4,10.19,22.8,61.0,migration,,189.3
r-karmianski,2036,forecast,negative:adjusted,113.17,52.96,112.7,13.17,22.8,61.0,migration,,189.3
r-karmianski,2041,forecast,negative:adjusted,112.88,51.15,117.2,12.88,22.8,61.0,migration,,189.3
r-karmianski,2046,forecast,negative:adjusted,109.17,47.64,83.0,9.17,22.8,61.0,migration,,189.3
r-karmianski,2051,forecast,negative:adjusted,106.29,45.74,48.8,6.29,22.8,61.0,migration,,189.3
r-karmianski,2056,forecast,negative:adjusted,106.41,47.59,35.3,6.41,22.8,61.0,migration,,189.3
r-karmianski,2026,forecast,negative:official,108.45,47.38,96.3,8.45,22.8,61.0,migration,,189.3
r-karmianski,2031,forecast,negative:official,110.71,52.4,101.9,10.71,22.8,61.0,migration,,189.3
r-karmianski,2036,forecast,negative:official,113.37,53.0,118.0,13.37,22.8,61.0,migration,,189.3
r-karmianski,2041,forecast,negative:official,112.87,51.23,119.3,12.87,22.8,61.0,migration,,189.3
r-karmianski,2046,forecast,negative:official,109.25,47.76,84.8,9.25,22.8,61.0,migration,,189.3
r-karmianski,2051,forecast,negative:official,106.35,45.95,50.2,6.35,22.8,61.0,migration,,189.3
r-karmianski,2056,forecast,negative:official,106.51,47.93,36.9,6.51,22.8,61.0,migration,,189.3
r-karmianski,2026,forecast,optimistic:adjusted,107.75,47.39,84.1,7.75,22.8,61.0,migration,,189.3
r-karmianski,2031,forecast,optimistic:adjusted,110.19,54.02,94.4,10.19,22.8,61.0,migration,,189.3
r-karmianski,2036,forecast,optimistic:adjusted,113.01,56.55,116.2,13.01,22.8,61.0,migration,,189.3
r-karmianski,2041,forecast,optimistic:adjusted,112.65,56.79,121.2,12.65,22.8,61.0,migration,,189.3
r-karmianski,2046,forecast,optimistic:adjusted,109.05,55.0,86.8,9.05,22.8,61.0,migration,,189.3
r-karmianski,2051,forecast,optimistic:adjusted,106.2,54.66,51.7,6.2,22.8,61.0,migration,,189.3
r-karmianski,2056,forecast,optimistic:adjusted,106.21,57.58,40.5,6.21,22.8,61.0,migration,,189.3
r-karmianski,2026,forecast,optimistic:official,108.45,47.38,96.3,8.45,22.8,61.0,migration,,189.3
r-karmianski,2031,forecast,optimistic:official,110.69,54.03,103.9,10.69,22.8,61.0,migration,,189.3
r-karmianski,2036,forecast,optimistic:official,113.17,56.6,121.3,13.17,22.8,61.0,migration,,189.3
r-karmianski,2041,forecast,optimistic:official,112.65,56.84,123.3,12.65,22.8,61.0,migration,,189.3
r-karmianski,2046,forecast,optimistic:official,109.11,55.1,88.5,9.11,22.8,61.0,migration,,189.3
r-karmianski,2051,forecast,optimistic:official,106.3,54.86,53.4,6.3,22.8,61.0,migration,,189.3
r-karmianski,2056,forecast,optimistic:official,106.3,57.89,42.2,6.3,22.8,61.0,migration,,189.3
r-kasciukovicki,2009,census,,100.17,41.18,5,0.17,36.9,148.9,migration,,249.3
r-kasciukovicki,2019,census,,104.35,37.78,100,4.35,36.9,148.9,migration,,249.3
r-kasciukovicki,2026,forecast,base:adjusted,106.58,45.04,113.3,6.58,36.9,148.9,migration,,249.3
r-kasciukovicki,2031,forecast,base:adjusted,109.52,48.72,132.3,9.52,36.9,148.9,migration,,249.3
r-kasciukovicki,2036,forecast,base:adjusted,109.66,49.73,127.0,9.66,36.9,148.9,migration,,249.3
r-kasciukovicki,2041,forecast,base:adjusted,108.82,48.97,119.5,8.82,36.9,148.9,migration,,249.3
r-kasciukovicki,2046,forecast,base:adjusted,105.99,48.9,81.6,5.99,36.9,148.9,migration,,249.3
r-kasciukovicki,2051,forecast,base:adjusted,105.52,50.31,64.7,5.52,36.9,148.9,migration,,249.3
r-kasciukovicki,2056,forecast,base:adjusted,105.97,52.53,53.1,5.97,36.9,148.9,migration,,249.3
r-kasciukovicki,2026,forecast,base:official,107.02,45.04,127.1,7.02,36.9,148.9,migration,,249.3
r-kasciukovicki,2031,forecast,base:official,109.83,48.72,143.9,9.83,36.9,148.9,migration,,249.3
r-kasciukovicki,2036,forecast,base:official,109.71,49.77,131.8,9.71,36.9,148.9,migration,,249.3
r-kasciukovicki,2041,forecast,base:official,108.92,49.03,123.1,8.92,36.9,148.9,migration,,249.3
r-kasciukovicki,2046,forecast,base:official,106.11,49.02,84.4,6.11,36.9,148.9,migration,,249.3
r-kasciukovicki,2051,forecast,base:official,105.66,50.48,67.6,5.66,36.9,148.9,migration,,249.3
r-kasciukovicki,2056,forecast,base:official,106.16,52.8,56.4,6.16,36.9,148.9,migration,,249.3
r-kasciukovicki,2026,forecast,negative:adjusted,106.58,45.04,113.3,6.58,36.9,148.9,migration,,249.3
r-kasciukovicki,2031,forecast,negative:adjusted,109.67,47.18,131.3,9.67,36.9,148.9,migration,,249.3
r-kasciukovicki,2036,forecast,negative:adjusted,109.96,46.49,125.2,9.96,36.9,148.9,migration,,249.3
r-kasciukovicki,2041,forecast,negative:adjusted,109.1,43.98,117.5,9.1,36.9,148.9,migration,,249.3
r-kasciukovicki,2046,forecast,negative:adjusted,106.01,42.24,77.9,6.01,36.9,148.9,migration,,249.3
r-kasciukovicki,2051,forecast,negative:adjusted,105.45,42.09,60.3,5.45,36.9,148.9,migration,,249.3
r-kasciukovicki,2056,forecast,negative:adjusted,105.48,43.15,42.7,5.48,36.9,148.9,migration,,249.3
r-kasciukovicki,2026,forecast,negative:official,107.02,45.04,127.1,7.02,36.9,148.9,migration,,249.3
r-kasciukovicki,2031,forecast,negative:official,109.95,47.17,142.7,9.95,36.9,148.9,migration,,249.3
r-kasciukovicki,2036,forecast,negative:official,109.99,46.52,130.0,9.99,36.9,148.9,migration,,249.3
r-kasciukovicki,2041,forecast,negative:official,109.18,44.05,121.0,9.18,36.9,148.9,migration,,249.3
r-kasciukovicki,2046,forecast,negative:official,106.14,42.37,80.7,6.14,36.9,148.9,migration,,249.3
r-kasciukovicki,2051,forecast,negative:official,105.58,42.29,63.0,5.58,36.9,148.9,migration,,249.3
r-kasciukovicki,2056,forecast,negative:official,105.67,43.46,45.5,5.67,36.9,148.9,migration,,249.3
r-kasciukovicki,2026,forecast,optimistic:adjusted,106.58,45.04,113.3,6.58,36.9,148.9,migration,,249.3
r-kasciukovicki,2031,forecast,optimistic:adjusted,109.51,48.91,132.6,9.51,36.9,148.9,migration,,249.3
r-kasciukovicki,2036,forecast,optimistic:adjusted,109.61,50.16,127.2,9.61,36.9,148.9,migration,,249.3
r-kasciukovicki,2041,forecast,optimistic:adjusted,108.73,49.78,119.9,8.73,36.9,148.9,migration,,249.3
r-kasciukovicki,2046,forecast,optimistic:adjusted,105.94,50.01,82.5,5.94,36.9,148.9,migration,,249.3
r-kasciukovicki,2051,forecast,optimistic:adjusted,105.47,51.52,65.8,5.47,36.9,148.9,migration,,249.3
r-kasciukovicki,2056,forecast,optimistic:adjusted,105.93,53.62,55.3,5.93,36.9,148.9,migration,,249.3
r-kasciukovicki,2026,forecast,optimistic:official,107.02,45.04,127.1,7.02,36.9,148.9,migration,,249.3
r-kasciukovicki,2031,forecast,optimistic:official,109.8,48.9,144.1,9.8,36.9,148.9,migration,,249.3
r-kasciukovicki,2036,forecast,optimistic:official,109.66,50.2,132.1,9.66,36.9,148.9,migration,,249.3
r-kasciukovicki,2041,forecast,optimistic:official,108.82,49.85,123.4,8.82,36.9,148.9,migration,,249.3
r-kasciukovicki,2046,forecast,optimistic:official,106.05,50.13,85.1,6.05,36.9,148.9,migration,,249.3
r-kasciukovicki,2051,forecast,optimistic:official,105.62,51.68,68.8,5.62,36.9,148.9,migration,,249.3
r-kasciukovicki,2056,forecast,optimistic:official,106.09,53.88,58.4,6.09,36.9,148.9,migration,,249.3
r-kirauski,2009,census,,101.24,41.17,25,1.24,30.2,131.4,migration,2031,115.7
r-kirauski,2019,census,,105.41,43.37,90,5.41,30.2,131.4,migration,2031,115.7
r-kirauski,2026,forecast,base:adjusted,110.48,49.9,116.4,10.48,30.2,131.4,migration,2031,115.7
r-kirauski,2031,forecast,base:adjusted,115.41,52.48,128.0,15.41,30.2,131.4,migration,2031,115.7
r-kirauski,2036,forecast,base:adjusted,114.04,52.45,110.5,14.04,30.2,131.4,migration,2031,115.7
r-kirauski,2041,forecast,base:adjusted,110.73,51.36,87.4,10.73,30.2,131.4,migration,2031,115.7
r-kirauski,2046,forecast,base:adjusted,104.3,51.32,35.5,4.3,30.2,131.4,migration,2031,115.7
r-kirauski,2051,forecast,base:adjusted,101.51,52.96,10.7,1.51,30.2,131.4,migration,2031,115.7
r-kirauski,2056,forecast,base:adjusted,102.08,56.12,11.1,2.08,30.2,131.4,migration,2031,115.7
r-kirauski,2026,forecast,base:official,110.97,49.91,128.5,10.97,30.2,131.4,migration,2031,115.7
r-kirauski,2031,forecast,base:official,115.7,52.48,137.8,15.7,30.2,131.4,migration,2031,115.7
r-kirauski,2036,forecast,base:official,114.18,52.47,115.6,14.18,30.2,131.4,migration,2031,115.7
r-kirauski,2041,forecast,base:official,110.89,51.44,90.6,10.89,30.2,131.4,migration,2031,115.7
r-kirauski,2046,forecast,base:official,104.41,51.44,37.0,4.41,30.2,131.4,migration,2031,115.7
r-kirauski,2051,forecast,base:official,101.66,53.14,12.0,1.66,30.2,131.4,migration,2031,115.7
r-kirauski,2056,forecast,base:official,102.22,56.39,12.2,2.22,30.2,131.4,migration,2031,115.7
r-kirauski,2026,forecast,negative:adjusted,110.48,49.9,116.4,10.48,30.2,131.4,migration,2031,115.7
r-kirauski,2031,forecast,negative:adjusted,115.53,50.79,126.1,15.53,30.2,131.4,migration,2031,115.7
r-kirauski,2036,forecast,negative:adjusted,114.32,48.93,107.8,14.32,30.2,131.4,migration,2031,115.7
r-kirauski,2041,forecast,negative:adjusted,110.92,46.0,84.8,10.92,30.2,131.4,migration,2031,115.7
r-kirauski,2046,forecast,negative:adjusted,104.32,44.12,33.9,4.32,30.2,131.4,migration,2031,115.7
r-kirauski,2051,forecast,negative:adjusted,101.45,44.13,9.7,1.45,30.2,131.4,migration,2031,115.7
r-kirauski,2056,forecast,negative:adjusted,101.73,46.0,8.1,1.73,30.2,131.4,migration,2031,115.7
r-kirauski,2026,forecast,negative:official,110.97,49.91,128.5,10.97,30.2,131.4,migration,2031,115.7
r-kirauski,2031,forecast,negative:official,115.8,50.79,135.7,15.8,30.2,131.4,migration,2031,115.7
r-kirauski,2036,forecast,negative:official,114.46,48.96,112.9,14.46,30.2,131.4,migration,2031,115.7
r-kirauski,2041,forecast,negative:official,111.07,46.06,87.9,11.07,30.2,131.4,migration,2031,115.7
r-kirauski,2046,forecast,negative:official,104.41,44.25,35.2,4.41,30.2,131.4,migration,2031,115.7
r-kirauski,2051,forecast,negative:official,101.61,44.33,11.0,1.61,30.2,131.4,migration,2031,115.7
r-kirauski,2056,forecast,negative:official,101.9,46.32,9.2,1.9,30.2,131.4,migration,2031,115.7
r-kirauski,2026,forecast,optimistic:adjusted,110.48,49.9,116.4,10.48,30.2,131.4,migration,2031,115.7
r-kirauski,2031,forecast,optimistic:adjusted,115.4,52.7,128.4,15.4,30.2,131.4,migration,2031,115.7
r-kirauski,2036,forecast,optimistic:adjusted,114.0,52.93,111.0,14.0,30.2,131.4,migration,2031,115.7
r-kirauski,2041,forecast,optimistic:adjusted,110.63,52.25,87.8,10.63,30.2,131.4,migration,2031,115.7
r-kirauski,2046,forecast,optimistic:adjusted,104.27,52.5,35.9,4.27,30.2,131.4,migration,2031,115.7
r-kirauski,2051,forecast,optimistic:adjusted,101.5,54.25,10.9,1.5,30.2,131.4,migration,2031,115.7
r-kirauski,2056,forecast,optimistic:adjusted,102.01,57.33,11.2,2.01,30.2,131.4,migration,2031,115.7
r-kirauski,2026,forecast,optimistic:official,110.97,49.91,128.5,10.97,30.2,131.4,migration,2031,115.7
r-kirauski,2031,forecast,optimistic:official,115.67,52.69,138.0,15.67,30.2,131.4,migration,2031,115.7
r-kirauski,2036,forecast,optimistic:official,114.14,52.95,116.1,14.14,30.2,131.4,migration,2031,115.7
r-kirauski,2041,forecast,optimistic:official,110.8,52.31,91.1,10.8,30.2,131.4,migration,2031,115.7
r-kirauski,2046,forecast,optimistic:official,104.38,52.62,37.4,4.38,30.2,131.4,migration,2031,115.7
r-kirauski,2051,forecast,optimistic:official,101.63,54.42,12.1,1.63,30.2,131.4,migration,2031,115.7
r-kirauski,2056,forecast,optimistic:official,102.16,57.59,12.4,2.16,30.2,131.4,migration,2031,115.7
r-klecki,2009,census,,96.11,42.25,-123,-3.89,37.3,95.9,migration,2031,93.1
r-klecki,2019,census,,104.11,39.26,96,4.11,37.3,95.9,migration,2031,93.1
r-klecki,2026,forecast,base:adjusted,110.9,43.24,204.0,10.9,37.3,95.9,migration,2031,93.1
r-klecki,2031,forecast,base:adjusted,115.64,47.31,218.7,15.64,37.3,95.9,migration,2031,93.1
r-klecki,2036,forecast,base:adjusted,122.17,50.63,253.5,22.17,37.3,95.9,migration,2031,93.1
r-klecki,2041,forecast,base:adjusted,122.95,50.0,251.6,22.95,37.3,95.9,migration,2031,93.1
r-klecki,2046,forecast,base:adjusted,120.16,47.72,206.4,20.16,37.3,95.9,migration,2031,93.1
r-klecki,2051,forecast,base:adjusted,119.87,47.52,167.9,19.87,37.3,95.9,migration,2031,93.1
r-klecki,2056,forecast,base:adjusted,122.55,49.54,137.7,22.55,37.3,95.9,migration,2031,93.1
r-klecki,2026,forecast,base:official,111.03,43.24,209.8,11.03,37.3,95.9,migration,2031,93.1
r-klecki,2031,forecast,base:official,115.77,47.31,224.1,15.77,37.3,95.9,migration,2031,93.1
r-klecki,2036,forecast,base:official,122.2,50.64,256.6,22.2,37.3,95.9,migration,2031,93.1
r-klecki,2041,forecast,base:official,122.99,50.02,253.8,22.99,37.3,95.9,migration,2031,93.1
r-klecki,2046,forecast,base:official,120.2,47.77,207.9,20.2,37.3,95.9,migration,2031,93.1
r-klecki,2051,forecast,base:official,119.91,47.57,169.3,19.91,37.3,95.9,migration,2031,93.1
r-klecki,2056,forecast,base:official,122.6,49.64,139.3,22.6,37.3,95.9,migration,2031,93.1
r-klecki,2026,forecast,negative:adjusted,110.9,43.24,204.0,10.9,37.3,95.9,migration,2031,93.1
r-klecki,2031,forecast,negative:adjusted,115.67,45.55,215.3,15.67,37.3,95.9,migration,2031,93.1
r-klecki,2036,forecast,negative:adjusted,122.34,46.96,246.2,22.34,37.3,95.9,migration,2031,93.1
r-klecki,2041,forecast,negative:adjusted,123.02,44.35,242.8,23.02,37.3,95.9,migration,2031,93.1
r-klecki,2046,forecast,negative:adjusted,120.11,40.22,198.3,20.11,37.3,95.9,migration,2031,93.1
r-klecki,2051,forecast,negative:adjusted,119.74,38.33,160.3,19.74,37.3,95.9,migration,2031,93.1
r-klecki,2056,forecast,negative:adjusted,121.75,39.41,120.8,21.75,37.3,95.9,migration,2031,93.1
r-klecki,2026,forecast,negative:official,111.03,43.24,209.8,11.03,37.3,95.9,migration,2031,93.1
r-klecki,2031,forecast,negative:official,115.79,45.55,220.6,15.79,37.3,95.9,migration,2031,93.1
r-klecki,2036,forecast,negative:official,122.37,46.97,249.3,22.37,37.3,95.9,migration,2031,93.1
r-klecki,2041,forecast,negative:official,123.06,44.38,245.0,23.06,37.3,95.9,migration,2031,93.1
r-klecki,2046,forecast,negative:official,120.14,40.27,199.7,20.14,37.3,95.9,migration,2031,93.1
r-klecki,2051,forecast,negative:official,119.79,38.4,161.8,19.79,37.3,95.9,migration,2031,93.1
r-klecki,2056,forecast,negative:official,121.79,39.52,122.2,21.79,37.3,95.9,migration,2031,93.1
r-klecki,2026,forecast,optimistic:adjusted,110.9,43.24,204.0,10.9,37.3,95.9,migration,2031,93.1
r-klecki,2031,forecast,optimistic:adjusted,115.64,47.61,218.7,15.64,37.3,95.9,migration,2031,93.1
r-klecki,2036,forecast,optimistic:adjusted,122.19,51.22,253.5,22.19,37.3,95.9,migration,2031,93.1
r-klecki,2041,forecast,optimistic:adjusted,122.94,51.03,252.7,22.94,37.3,95.9,migration,2031,93.1
r-klecki,2046,forecast,optimistic:adjusted,120.16,49.13,208.1,20.16,37.3,95.9,migration,2031,93.1
r-klecki,2051,forecast,optimistic:adjusted,119.88,49.07,169.6,19.88,37.3,95.9,migration,2031,93.1
r-klecki,2056,forecast,optimistic:adjusted,122.65,50.88,141.3,22.65,37.3,95.9,migration,2031,93.1
r-klecki,2026,forecast,optimistic:official,111.03,43.24,209.8,11.03,37.3,95.9,migration,2031,93.1
r-klecki,2031,forecast,optimistic:official,115.78,47.61,224.2,15.78,37.3,95.9,migration,2031,93.1
r-klecki,2036,forecast,optimistic:official,122.23,51.23,256.8,22.23,37.3,95.9,migration,2031,93.1
r-klecki,2041,forecast,optimistic:official,123.0,51.06,255.1,23.0,37.3,95.9,migration,2031,93.1
r-klecki,2046,forecast,optimistic:official,120.19,49.16,209.5,20.19,37.3,95.9,migration,2031,93.1
r-klecki,2051,forecast,optimistic:official,119.92,49.13,171.1,19.92,37.3,95.9,migration,2031,93.1
r-klecki,2056,forecast,optimistic:official,122.67,50.97,142.8,22.67,37.3,95.9,migration,2031,93.1
r-klichauski,2009,census,,100.2,38.76,3,0.2,28.4,673.6,migration,2026,112.1
r-klichauski,2019,census,,110.07,36.3,122,10.07,28.4,673.6,migration,2026,112.1
r-klichauski,2026,forecast,base:adjusted,121.09,48.99,190.6,21.09,28.4,673.6,migration,2026,112.1
r-klichauski,2031,forecast,base:adjusted,128.42,53.95,206.6,28.42,28.4,673.6,migration,2026,112.1
r-klichauski,2036,forecast,base:adjusted,121.31,54.74,148.5,21.31,28.4,673.6,migration,2026,112.1
r-klichauski,2041,forecast,base:adjusted,112.17,53.06,88.5,12.17,28.4,673.6,migration,2026,112.1
r-klichauski,2046,forecast,base:adjusted,99.54,50.79,-3.4,-0.46,28.4,673.6,migration,2026,112.1
r-klichauski,2051,forecast,base:adjusted,92.92,50.59,-45.8,-7.08,28.4,673.6,migration,2026,112.1
r-klichauski,2056,forecast,base:adjusted,93.2,53.21,-33.5,-6.8,28.4,673.6,migration,2026,112.1
r-klichauski,2026,forecast,base:official,121.61,48.99,205.9,21.61,28.4,673.6,migration,2026,112.1
r-klichauski,2031,forecast,base:official,128.7,53.94,220.3,28.7,28.4,673.6,migration,2026,112.1
r-klichauski,2036,forecast,base:official,121.66,54.78,156.2,21.66,28.4,673.6,migration,2026,112.1
r-klichauski,2041,forecast,base:official,112.48,53.13,92.7,12.48,28.4,673.6,migration,2026,112.1
r-klichauski,2046,forecast,base:official,99.62,50.9,-2.9,-0.38,28.4,673.6,migration,2026,112.1
r-klichauski,2051,forecast,base:official,93.04,50.75,-46.0,-6.96,28.4,673.6,migration,2026,112.1
r-klichauski,2056,forecast,base:official,93.33,53.49,-33.9,-6.67,28.4,673.6,migration,2026,112.1
r-klichauski,2026,forecast,negative:adjusted,121.09,48.99,190.6,21.09,28.4,673.6,migration,2026,112.1
r-klichauski,2031,forecast,negative:adjusted,128.56,52.28,203.0,28.56,28.4,673.6,migration,2026,112.1
r-klichauski,2036,forecast,negative:adjusted,121.49,51.16,143.3,21.49,28.4,673.6,migration,2026,112.1
r-klichauski,2041,forecast,negative:adjusted,112.18,47.55,84.5,12.18,28.4,673.6,migration,2026,112.1
r-klichauski,2046,forecast,negative:adjusted,99.46,43.61,-3.8,-0.54,28.4,673.6,migration,2026,112.1
r-klichauski,2051,forecast,negative:adjusted,92.83,41.94,-43.8,-7.17,28.4,673.6,migration,2026,112.1
r-klichauski,2056,forecast,negative:adjusted,93.08,43.49,-29.9,-6.92,28.4,673.6,migration,2026,112.1
r-klichauski,2026,forecast,negative:official,121.61,48.99,205.9,21.61,28.4,673.6,migration,2026,112.1
r-klichauski,2031,forecast,negative:official,128.84,52.28,216.7,28.84,28.4,673.6,migration,2026,112.1
r-klichauski,2036,forecast,negative:official,121.82,51.19,150.8,21.82,28.4,673.6,migration,2026,112.1
r-klichauski,2041,forecast,negative:official,112.48,47.63,88.5,12.48,28.4,673.6,migration,2026,112.1
r-klichauski,2046,forecast,negative:official,99.56,43.74,-3.2,-0.44,28.4,673.6,migration,2026,112.1
r-klichauski,2051,forecast,negative:official,92.97,42.14,-43.9,-7.03,28.4,673.6,migration,2026,112.1
r-klichauski,2056,forecast,negative:official,93.21,43.81,-30.3,-6.79,28.4,673.6,migration,2026,112.1
r-klichauski,2026,forecast,optimistic:adjusted,121.09,48.99,190.6,21.09,28.4,673.6,migration,2026,112.1
r-klichauski,2031,forecast,optimistic:adjusted,128.36,54.15,207.0,28.36,28.4,673.6,migration,2026,112.1
r-klichauski,2036,forecast,optimistic:adjusted,121.28,55.21,149.4,21.28,28.4,673.6,migration,2026,112.1
r-klichauski,2041,forecast,optimistic:adjusted,112.11,53.92,89.3,12.11,28.4,673.6,migration,2026,112.1
r-klichauski,2046,forecast,optimistic:adjusted,99.5,51.93,-3.8,-0.5,28.4,673.6,migration,2026,112.1
r-klichauski,2051,forecast,optimistic:adjusted,92.86,51.82,-47.4,-7.14,28.4,673.6,migration,2026,112.1
r-klichauski,2056,forecast,optimistic:adjusted,93.13,54.27,-35.5,-6.87,28.4,673.6,migration,2026,112.1
r-klichauski,2026,forecast,optimistic:official,121.61,48.99,205.9,21.61,28.4,673.6,migration,2026,112.1
r-klichauski,2031,forecast,optimistic:official,128.65,54.14,220.7,28.65,28.4,673.6,migration,2026,112.1
r-klichauski,2036,forecast,optimistic:official,121.6,55.24,156.9,21.6,28.4,673.6,migration,2026,112.1
r-klichauski,2041,forecast,optimistic:official,112.42,54.0,93.5,12.42,28.4,673.6,migration,2026,112.1
r-klichauski,2046,forecast,optimistic:official,99.58,52.05,-3.2,-0.42,28.4,673.6,migration,2026,112.1
r-klichauski,2051,forecast,optimistic:official,92.99,51.98,-47.5,-7.01,28.4,673.6,migration,2026,112.1
r-klichauski,2056,forecast,optimistic:official,93.27,54.54,-35.8,-6.73,28.4,673.6,migration,2026,112.1
r-klimavicki,2009,census,,97.34,43.49,-81,-2.66,44.3,477.7,migration,,243.8
r-klimavicki,2019,census,,101.63,40.41,37,1.63,44.3,477.7,migration,,243.8
r-klimavicki,2026,forecast,base:adjusted,103.31,45.24,52.7,3.31,44.3,477.7,migration,,243.8
r-klimavicki,2031,forecast,base:adjusted,104.64,48.05,57.6,4.64,44.3,477.7,migration,,243.8
r-klimavicki,2036,forecast,base:adjusted,101.47,49.85,17.8,1.47,44.3,477.7,migration,,243.8
r-klimavicki,2041,forecast,base:adjusted,97.17,49.1,-35.9,-2.83,44.3,477.7,migration,,243.8
r-klimavicki,2046,forecast,base:adjusted,90.36,48.12,-121.0,-9.64,44.3,477.7,migration,,243.8
r-klimavicki,2051,forecast,base:adjusted,86.43,49.21,-144.8,-13.57,44.3,477.7,migration,,243.8
r-klimavicki,2056,forecast,base:adjusted,86.32,51.93,-109.8,-13.68,44.3,477.7,migration,,243.8
r-klimavicki,2026,forecast,base:official,103.78,45.24,63.4,3.78,44.3,477.7,migration,,243.8
r-klimavicki,2031,forecast,base:official,104.95,48.04,64.8,4.95,44.3,477.7,migration,,243.8
r-klimavicki,2036,forecast,base:official,101.66,49.88,20.9,1.66,44.3,477.7,migration,,243.8
r-klimavicki,2041,forecast,base:official,97.21,49.16,-36.2,-2.79,44.3,477.7,migration,,243.8
r-klimavicki,2046,forecast,base:official,90.44,48.24,-121.9,-9.56,44.3,477.7,migration,,243.8
r-klimavicki,2051,forecast,base:official,86.56,49.36,-146.2,-13.44,44.3,477.7,migration,,243.8
r-klimavicki,2056,forecast,base:official,86.45,52.19,-112.2,-13.55,44.3,477.7,migration,,243.8
r-klimavicki,2026,forecast,negative:adjusted,103.31,45.24,52.7,3.31,44.3,477.7,migration,,243.8
r-klimavicki,2031,forecast,negative:adjusted,104.74,46.5,57.5,4.74,44.3,477.7,migration,,243.8
r-klimavicki,2036,forecast,negative:adjusted,101.67,46.56,19.4,1.67,44.3,477.7,migration,,243.8
r-klimavicki,2041,forecast,negative:adjusted,97.37,44.04,-31.8,-2.63,44.3,477.7,migration,,243.8
r-klimavicki,2046,forecast,negative:adjusted,90.39,41.48,-114.9,-9.61,44.3,477.7,migration,,243.8
r-klimavicki,2051,forecast,negative:adjusted,86.39,41.07,-137.1,-13.61,44.3,477.7,migration,,243.8
r-klimavicki,2056,forecast,negative:adjusted,86.2,42.64,-97.2,-13.8,44.3,477.7,migration,,243.8
r-klimavicki,2026,forecast,negative:official,103.78,45.24,63.4,3.78,44.3,477.7,migration,,243.8
r-klimavicki,2031,forecast,negative:official,105.03,46.5,64.5,5.03,44.3,477.7,migration,,243.8
r-klimavicki,2036,forecast,negative:official,101.86,46.6,22.4,1.86,44.3,477.7,migration,,243.8
r-klimavicki,2041,forecast,negative:official,97.4,44.12,-32.2,-2.6,44.3,477.7,migration,,243.8
r-klimavicki,2046,forecast,negative:official,90.46,41.6,-115.8,-9.54,44.3,477.7,migration,,243.8
r-klimavicki,2051,forecast,negative:official,86.51,41.27,-138.7,-13.49,44.3,477.7,migration,,243.8
r-klimavicki,2056,forecast,negative:official,86.34,42.94,-99.3,-13.66,44.3,477.7,migration,,243.8
r-klimavicki,2026,forecast,optimistic:adjusted,103.31,45.24,52.7,3.31,44.3,477.7,migration,,243.8
r-klimavicki,2031,forecast,optimistic:adjusted,104.62,48.25,57.6,4.62,44.3,477.7,migration,,243.8
r-klimavicki,2036,forecast,optimistic:adjusted,101.45,50.29,17.7,1.45,44.3,477.7,migration,,243.8
r-klimavicki,2041,forecast,optimistic:adjusted,97.12,49.9,-37.1,-2.88,44.3,477.7,migration,,243.8
r-klimavicki,2046,forecast,optimistic:adjusted,90.32,49.23,-123.9,-9.68,44.3,477.7,migration,,243.8
r-klimavicki,2051,forecast,optimistic:adjusted,86.39,50.43,-149.0,-13.61,44.3,477.7,migration,,243.8
r-klimavicki,2056,forecast,optimistic:adjusted,86.26,53.01,-115.6,-13.74,44.3,477.7,migration,,243.8
r-klimavicki,2026,forecast,optimistic:official,103.78,45.24,63.4,3.78,44.3,477.7,migration,,243.8
r-klimavicki,2031,forecast,optimistic:official,104.93,48.24,64.8,4.93,44.3,477.7,migration,,243.8
r-klimavicki,2036,forecast,optimistic:official,101.63,50.32,20.6,1.63,44.3,477.7,migration,,243.8
r-klimavicki,2041,forecast,optimistic:official,97.16,49.97,-37.3,-2.84,44.3,477.7,migration,,243.8
r-klimavicki,2046,forecast,optimistic:official,90.39,49.34,-124.8,-9.61,44.3,477.7,migration,,243.8
r-klimavicki,2051,forecast,optimistic:official,86.52,50.58,-150.5,-13.48,44.3,477.7,migration,,243.8
r-klimavicki,2056,forecast,optimistic:official,86.38,53.26,-118.0,-13.62,44.3,477.7,migration,,243.8
r-kobrynski,2009,census,,97.34,46.46,-253,-2.66,130.2,647.8,migration,,176.6
r-kobrynski,2019,census,,97.04,44.53,-261,-2.96,130.2,647.8,migration,,176.6
r-kobrynski,2026,forecast,base:adjusted,99.37,46.55,-42.8,-0.63,130.2,647.8,migration,,176.6
r-kobrynski,2031,forecast,base:adjusted,102.87,49.57,162.1,2.87,130.2,647.8,migration,,176.6
r-kobrynski,2036,forecast,base:adjusted,105.71,50.24,316.5,5.71,130.2,647.8,migration,,176.6
r-kobrynski,2041,forecast,base:adjusted,104.31,51.17,260.0,4.31,130.2,647.8,migration,,176.6
r-kobrynski,2046,forecast,base:adjusted,101.18,52.2,74.0,1.18,130.2,647.8,migration,,176.6
r-kobrynski,2051,forecast,base:adjusted,99.67,53.89,-19.0,-0.33,130.2,647.8,migration,,176.6
r-kobrynski,2056,forecast,base:adjusted,99.53,56.75,-21.3,-0.47,130.2,647.8,migration,,176.6
r-kobrynski,2026,forecast,base:official,99.88,46.55,-8.8,-0.12,130.2,647.8,migration,,176.6
r-kobrynski,2031,forecast,base:official,103.16,49.57,186.0,3.16,130.2,647.8,migration,,176.6
r-kobrynski,2036,forecast,base:official,105.77,50.26,327.9,5.77,130.2,647.8,migration,,176.6
r-kobrynski,2041,forecast,base:official,104.37,51.21,267.3,4.37,130.2,647.8,migration,,176.6
r-kobrynski,2046,forecast,base:official,101.23,52.27,78.0,1.23,130.2,647.8,migration,,176.6
r-kobrynski,2051,forecast,base:official,99.74,54.01,-15.1,-0.26,130.2,647.8,migration,,176.6
r-kobrynski,2056,forecast,base:official,99.6,56.96,-18.6,-0.4,130.2,647.8,migration,,176.6
r-kobrynski,2026,forecast,negative:adjusted,99.37,46.55,-42.8,-0.63,130.2,647.8,migration,,176.6
r-kobrynski,2031,forecast,negative:adjusted,102.9,48.24,161.0,2.9,130.2,647.8,migration,,176.6
r-kobrynski,2036,forecast,negative:adjusted,105.9,47.47,316.2,5.9,130.2,647.8,migration,,176.6
r-kobrynski,2041,forecast,negative:adjusted,104.44,46.94,257.9,4.44,130.2,647.8,migration,,176.6
r-kobrynski,2046,forecast,negative:adjusted,101.18,46.48,71.2,1.18,130.2,647.8,migration,,176.6
r-kobrynski,2051,forecast,negative:adjusted,99.6,46.7,-21.7,-0.4,130.2,647.8,migration,,176.6
r-kobrynski,2056,forecast,negative:adjusted,99.4,48.21,-24.0,-0.6,130.2,647.8,migration,,176.6
r-kobrynski,2026,forecast,negative:official,99.88,46.55,-8.8,-0.12,130.2,647.8,migration,,176.6
r-kobrynski,2031,forecast,negative:official,103.19,48.23,184.6,3.19,130.2,647.8,migration,,176.6
r-kobrynski,2036,forecast,negative:official,105.95,47.49,327.3,5.95,130.2,647.8,migration,,176.6
r-kobrynski,2041,forecast,negative:official,104.49,46.98,265.1,4.49,130.2,647.8,migration,,176.6
r-kobrynski,2046,forecast,negative:official,101.23,46.55,75.2,1.23,130.2,647.8,migration,,176.6
r-kobrynski,2051,forecast,negative:official,99.67,46.83,-18.2,-0.33,130.2,647.8,migration,,176.6
r-kobrynski,2056,forecast,negative:official,99.47,48.43,-21.8,-0.53,130.2,647.8,migration,,176.6
r-kobrynski,2026,forecast,optimistic:adjusted,99.37,46.55,-42.8,-0.63,130.2,647.8,migration,,176.6
r-kobrynski,2031,forecast,optimistic:adjusted,102.86,49.62,161.9,2.86,130.2,647.8,migration,,176.6
r-kobrynski,2036,forecast,optimistic:adjusted,105.66,50.42,316.0,5.66,130.2,647.8,migration,,176.6
r-kobrynski,2041,forecast,optimistic:adjusted,104.23,51.54,258.6,4.23,130.2,647.8,migration,,176.6
r-kobrynski,2046,forecast,optimistic:adjusted,101.11,52.7,70.9,1.11,130.2,647.8,migration,,176.6
r-kobrynski,2051,forecast,optimistic:adjusted,99.59,54.44,-23.8,-0.41,130.2,647.8,migration,,176.6
r-kobrynski,2056,forecast,optimistic:adjusted,99.42,57.23,-27.5,-0.58,130.2,647.8,migration,,176.6
r-kobrynski,2026,forecast,optimistic:official,99.88,46.55,-8.8,-0.12,130.2,647.8,migration,,176.6
r-kobrynski,2031,forecast,optimistic:official,103.15,49.62,185.6,3.15,130.2,647.8,migration,,176.6
r-kobrynski,2036,forecast,optimistic:official,105.71,50.44,327.4,5.71,130.2,647.8,migration,,176.6
r-kobrynski,2041,forecast,optimistic:official,104.28,51.58,265.9,4.28,130.2,647.8,migration,,176.6
r-kobrynski,2046,forecast,optimistic:official,101.16,52.77,74.9,1.16,130.2,647.8,migration,,176.6
r-kobrynski,2051,forecast,optimistic:official,99.66,54.56,-20.0,-0.34,130.2,647.8,migration,,176.6
r-kobrynski,2056,forecast,optimistic:official,99.48,57.43,-25.0,-0.52,130.2,647.8,migration,,176.6
r-krasnapolski,2009,census,,103.12,40.88,38,3.12,15.1,59.9,migration,2031,224.5
r-krasnapolski,2019,census,,103.67,37.57,32,3.67,15.1,59.9,migration,2031,224.5
r-krasnapolski,2026,forecast,base:adjusted,113.77,47.35,87.0,13.77,15.1,59.9,migration,2031,224.5
r-krasnapolski,2031,forecast,base:adjusted,121.92,52.47,113.7,21.92,15.1,59.9,migration,2031,224.5
r-krasnapolski,2036,forecast,base:adjusted,117.6,53.82,91.4,17.6,15.1,59.9,migration,2031,224.5
r-krasnapolski,2041,forecast,base:adjusted,114.99,52.9,81.3,14.99,15.1,59.9,migration,2031,224.5
r-krasnapolski,2046,forecast,base:adjusted,114.04,52.04,72.2,14.04,15.1,59.9,migration,2031,224.5
r-krasnapolski,2051,forecast,base:adjusted,114.14,52.94,60.4,14.14,15.1,59.9,migration,2031,224.5
r-krasnapolski,2056,forecast,base:adjusted,112.24,54.94,40.1,12.24,15.1,59.9,migration,2031,224.5
r-krasnapolski,2026,forecast,base:official,114.43,47.33,95.9,14.43,15.1,59.9,migration,2031,224.5
r-krasnapolski,2031,forecast,base:official,122.15,52.5,121.1,22.15,15.1,59.9,migration,2031,224.5
r-krasnapolski,2036,forecast,base:official,117.69,53.86,94.9,17.69,15.1,59.9,migration,2031,224.5
r-krasnapolski,2041,forecast,base:official,115.0,52.96,83.0,15.0,15.1,59.9,migration,2031,224.5
r-krasnapolski,2046,forecast,base:official,114.15,52.17,73.8,14.15,15.1,59.9,migration,2031,224.5
r-krasnapolski,2051,forecast,base:official,114.33,53.11,62.4,14.33,15.1,59.9,migration,2031,224.5
r-krasnapolski,2056,forecast,base:official,112.38,55.22,41.8,12.38,15.1,59.9,migration,2031,224.5
r-krasnapolski,2026,forecast,negative:adjusted,113.77,47.35,87.0,13.77,15.1,59.9,migration,2031,224.5
r-krasnapolski,2031,forecast,negative:adjusted,121.98,50.81,111.5,21.98,15.1,59.9,migration,2031,224.5
r-krasnapolski,2036,forecast,negative:adjusted,117.96,50.26,89.2,17.96,15.1,59.9,migration,2031,224.5
r-krasnapolski,2041,forecast,negative:adjusted,115.24,47.45,78.8,15.24,15.1,59.9,migration,2031,224.5
r-krasnapolski,2046,forecast,negative:adjusted,114.05,44.9,68.8,14.05,15.1,59.9,migration,2031,224.5
r-krasnapolski,2051,forecast,negative:adjusted,114.08,44.19,56.8,14.08,15.1,59.9,migration,2031,224.5
r-krasnapolski,2056,forecast,negative:adjusted,112.17,44.86,34.9,12.17,15.1,59.9,migration,2031,224.5
r-krasnapolski,2026,forecast,negative:official,114.43,47.33,95.9,14.43,15.1,59.9,migration,2031,224.5
r-krasnapolski,2031,forecast,negative:official,122.23,50.83,119.0,22.23,15.1,59.9,migration,2031,224.5
r-krasnapolski,2036,forecast,negative:official,118.01,50.3,92.6,18.01,15.1,59.9,migration,2031,224.5
r-krasnapolski,2041,forecast,negative:official,115.29,47.53,80.7,15.29,15.1,59.9,migration,2031,224.5
r-krasnapolski,2046,forecast,negative:official,114.19,45.0,70.5,14.19,15.1,59.9,migration,2031,224.5
r-krasnapolski,2051,forecast,negative:official,114.22,44.36,58.5,14.22,15.1,59.9,migration,2031,224.5
r-krasnapolski,2056,forecast,negative:official,112.3,45.16,36.4,12.3,15.1,59.9,migration,2031,224.5
r-krasnapolski,2026,forecast,optimistic:adjusted,113.77,47.35,87.0,13.77,15.1,59.9,migration,2031,224.5
r-krasnapolski,2031,forecast,optimistic:adjusted,121.89,52.67,114.0,21.89,15.1,59.9,migration,2031,224.5
r-krasnapolski,2036,forecast,optimistic:adjusted,117.55,54.29,91.8,17.55,15.1,59.9,migration,2031,224.5
r-krasnapolski,2041,forecast,optimistic:adjusted,114.85,53.79,81.7,14.85,15.1,59.9,migration,2031,224.5
r-krasnapolski,2046,forecast,optimistic:adjusted,113.98,53.26,73.3,13.98,15.1,59.9,migration,2031,224.5
r-krasnapolski,2051,forecast,optimistic:adjusted,114.07,54.31,61.7,14.07,15.1,59.9,migration,2031,224.5
r-krasnapolski,2056,forecast,optimistic:adjusted,112.17,56.19,41.8,12.17,15.1,59.9,migration,2031,224.5
r-krasnapolski,2026,forecast,optimistic:official,114.43,47.33,95.9,14.43,15.1,59.9,migration,2031,224.5
r-krasnapolski,2031,forecast,optimistic:official,122.14,52.71,121.5,22.14,15.1,59.9,migration,2031,224.5
r-krasnapolski,2036,forecast,optimistic:official,117.64,54.34,95.3,17.64,15.1,59.9,migration,2031,224.5
r-krasnapolski,2041,forecast,optimistic:official,114.91,53.84,83.6,14.91,15.1,59.9,migration,2031,224.5
r-krasnapolski,2046,forecast,optimistic:official,114.09,53.37,74.9,14.09,15.1,59.9,migration,2031,224.5
r-krasnapolski,2051,forecast,optimistic:official,114.24,54.47,63.6,14.24,15.1,59.9,migration,2031,224.5
r-krasnapolski,2056,forecast,optimistic:official,112.27,56.43,43.4,12.27,15.1,59.9,migration,2031,224.5
r-kruhlanski,2009,census,,107.34,39.46,111,7.34,23.1,58.9,migration,2031,120.8
r-kruhlanski,2019,census,,111.76,40.29,149,11.76,23.1,58.9,migration,2031,120.8
r-kruhlanski,2026,forecast,base:adjusted,113.41,48.23,114.0,13.41,23.1,58.9,migration,2031,120.8
r-kruhlanski,2031,forecast,base:adjusted,114.81,50.44,96.9,14.81,23.1,58.9,migration,2031,120.8
r-kruhlanski,2036,forecast,base:adjusted,114.86,49.17,96.1,14.86,23.1,58.9,migration,2031,120.8
r-kruhlanski,2041,forecast,base:adjusted,112.02,47.25,84.1,12.02,23.1,58.9,migration,2031,120.8
r-kruhlanski,2046,forecast,base:adjusted,106.94,47.12,50.2,6.94,23.1,58.9,migration,2031,120.8
r-kruhlanski,2051,forecast,base:adjusted,104.5,48.67,28.7,4.5,23.1,58.9,migration,2031,120.8
r-kruhlanski,2056,forecast,base:adjusted,104.29,51.65,21.0,4.29,23.1,58.9,migration,2031,120.8
r-kruhlanski,2026,forecast,base:official,113.92,48.23,124.7,13.92,23.1,58.9,migration,2031,120.8
r-kruhlanski,2031,forecast,base:official,115.21,50.43,105.1,15.21,23.1,58.9,migration,2031,120.8
r-kruhlanski,2036,forecast,base:official,115.01,49.2,100.3,15.01,23.1,58.9,migration,2031,120.8
r-kruhlanski,2041,forecast,base:official,112.03,47.31,85.8,12.03,23.1,58.9,migration,2031,120.8
r-kruhlanski,2046,forecast,base:official,107.04,47.24,51.7,7.04,23.1,58.9,migration,2031,120.8
r-kruhlanski,2051,forecast,base:official,104.64,48.85,30.2,4.64,23.1,58.9,migration,2031,120.8
r-kruhlanski,2056,forecast,base:official,104.43,51.93,22.4,4.43,23.1,58.9,migration,2031,120.8
r-kruhlanski,2026,forecast,negative:adjusted,113.41,48.23,114.0,13.41,23.1,58.9,migration,2031,120.8
r-kruhlanski,2031,forecast,negative:adjusted,114.88,48.84,95.2,14.88,23.1,58.9,migration,2031,120.8
r-kruhlanski,2036,forecast,negative:adjusted,115.13,45.91,93.6,15.13,23.1,58.9,migration,2031,120.8
r-kruhlanski,2041,forecast,negative:adjusted,112.26,42.35,81.9,12.26,23.1,58.9,migration,2031,120.8
r-kruhlanski,2046,forecast,negative:adjusted,106.99,40.62,48.1,6.99,23.1,58.9,migration,2031,120.8
r-kruhlanski,2051,forecast,negative:adjusted,104.41,40.73,26.6,4.41,23.1,58.9,migration,2031,120.8
r-kruhlanski,2056,forecast,negative:adjusted,104.03,42.58,17.3,4.03,23.1,58.9,migration,2031,120.8
r-kruhlanski,2026,forecast,negative:official,113.92,48.23,124.7,13.92,23.1,58.9,migration,2031,120.8
r-kruhlanski,2031,forecast,negative:official,115.29,48.84,103.4,15.29,23.1,58.9,migration,2031,120.8
r-kruhlanski,2036,forecast,negative:official,115.25,45.95,97.7,15.25,23.1,58.9,migration,2031,120.8
r-kruhlanski,2041,forecast,negative:official,112.26,42.43,83.6,12.26,23.1,58.9,migration,2031,120.8
r-kruhlanski,2046,forecast,negative:official,107.09,40.75,49.6,7.09,23.1,58.9,migration,2031,120.8
r-kruhlanski,2051,forecast,negative:official,104.58,40.93,28.2,4.58,23.1,58.9,migration,2031,120.8
r-kruhlanski,2056,forecast,negative:official,104.22,42.9,18.7,4.22,23.1,58.9,migration,2031,120.8
r-kruhlanski,2026,forecast,optimistic:adjusted,113.41,48.23,114.0,13.41,23.1,58.9,migration,2031,120.8
r-kruhlanski,2031,forecast,optimistic:adjusted,114.78,50.63,97.1,14.78,23.1,58.9,migration,2031,120.8
r-kruhlanski,2036,forecast,optimistic:adjusted,114.82,49.59,96.5,14.82,23.1,58.9,migration,2031,120.8
r-kruhlanski,2041,forecast,optimistic:adjusted,111.93,48.05,84.6,11.93,23.1,58.9,migration,2031,120.8
r-kruhlanski,2046,forecast,optimistic:adjusted,106.88,48.16,50.7,6.88,23.1,58.9,migration,2031,120.8
r-kruhlanski,2051,forecast,optimistic:adjusted,104.43,49.77,29.0,4.43,23.1,58.9,migration,2031,120.8
r-kruhlanski,2056,forecast,optimistic:adjusted,104.21,52.6,21.6,4.21,23.1,58.9,migration,2031,120.8
r-kruhlanski,2026,forecast,optimistic:official,113.92,48.23,124.7,13.92,23.1,58.9,migration,2031,120.8
r-kruhlanski,2031,forecast,optimistic:official,115.18,50.63,105.3,15.18,23.1,58.9,migration,2031,120.8
r-kruhlanski,2036,forecast,optimistic:official,114.97,49.62,100.7,14.97,23.1,58.9,migration,2031,120.8
r-kruhlanski,2041,forecast,optimistic:official,111.96,48.1,86.4,11.96,23.1,58.9,migration,2031,120.8
r-kruhlanski,2046,forecast,optimistic:official,106.98,48.27,52.2,6.98,23.1,58.9,migration,2031,120.8
r-kruhlanski,2051,forecast,optimistic:official,104.58,49.93,30.6,4.58,23.1,58.9,migration,2031,120.8
r-kruhlanski,2056,forecast,optimistic:official,104.35,52.87,23.0,4.35,23.1,58.9,migration,2031,120.8
r-krupski,2009,census,,108.09,40.82,191,8.09,32.0,100.0,migration,2036,79.7
r-krupski,2019,census,,112.19,36.95,238,12.19,32.0,100.0,migration,2036,79.7
r-krupski,2026,forecast,base:adjusted,111.97,42.62,198.1,11.97,32.0,100.0,migration,2036,79.7
r-krupski,2031,forecast,base:adjusted,112.75,47.66,167.5,12.75,32.0,100.0,migration,2036,79.7
r-krupski,2036,forecast,base:adjusted,117.46,50.72,195.4,17.46,32.0,100.0,migration,2036,79.7
r-krupski,2041,forecast,base:adjusted,118.83,50.8,205.2,18.83,32.0,100.0,migration,2036,79.7
r-krupski,2046,forecast,base:adjusted,120.7,50.35,206.7,20.7,32.0,100.0,migration,2036,79.7
r-krupski,2051,forecast,base:adjusted,120.64,51.63,171.2,20.64,32.0,100.0,migration,2036,79.7
r-krupski,2056,forecast,base:adjusted,121.52,54.79,136.0,21.52,32.0,100.0,migration,2036,79.7
r-krupski,2026,forecast,base:official,112.12,42.61,203.8,12.12,32.0,100.0,migration,2036,79.7
r-krupski,2031,forecast,base:official,112.87,47.67,171.8,12.87,32.0,100.0,migration,2036,79.7
r-krupski,2036,forecast,base:official,117.51,50.74,198.0,17.51,32.0,100.0,migration,2036,79.7
r-krupski,2041,forecast,base:official,118.83,50.82,206.6,18.83,32.0,100.0,migration,2036,79.7
r-krupski,2046,forecast,base:official,120.73,50.39,208.0,20.73,32.0,100.0,migration,2036,79.7
r-krupski,2051,forecast,base:official,120.67,51.7,172.5,20.67,32.0,100.0,migration,2036,79.7
r-krupski,2056,forecast,base:official,121.55,54.9,137.5,21.55,32.0,100.0,migration,2036,79.7
r-krupski,2026,forecast,negative:adjusted,111.97,42.62,198.1,11.97,32.0,100.0,migration,2036,79.7
r-krupski,2031,forecast,negative:adjusted,112.78,45.87,164.9,12.78,32.0,100.0,migration,2036,79.7
r-krupski,2036,forecast,negative:adjusted,117.6,46.97,189.8,17.6,32.0,100.0,migration,2036,79.7
r-krupski,2041,forecast,negative:adjusted,118.92,44.95,198.3,18.92,32.0,100.0,migration,2036,79.7
r-krupski,2046,forecast,negative:adjusted,120.72,42.37,199.2,20.72,32.0,100.0,migration,2036,79.7
r-krupski,2051,forecast,negative:adjusted,120.53,41.62,163.7,20.53,32.0,100.0,migration,2036,79.7
r-krupski,2056,forecast,negative:adjusted,121.18,43.55,121.4,21.18,32.0,100.0,migration,2036,79.7
r-krupski,2026,forecast,negative:official,112.12,42.61,203.8,12.12,32.0,100.0,migration,2036,79.7
r-krupski,2031,forecast,negative:official,112.89,45.88,169.1,12.89,32.0,100.0,migration,2036,79.7
r-krupski,2036,forecast,negative:official,117.66,46.98,192.6,17.66,32.0,100.0,migration,2036,79.7
r-krupski,2041,forecast,negative:official,118.94,44.98,199.9,18.94,32.0,100.0,migration,2036,79.7
r-krupski,2046,forecast,negative:official,120.73,42.42,200.4,20.73,32.0,100.0,migration,2036,79.7
r-krupski,2051,forecast,negative:official,120.57,41.7,165.1,20.57,32.0,100.0,migration,2036,79.7
r-krupski,2056,forecast,negative:official,121.21,43.67,122.7,21.21,32.0,100.0,migration,2036,79.7
r-krupski,2026,forecast,optimistic:adjusted,111.97,42.62,198.1,11.97,32.0,100.0,migration,2036,79.7
r-krupski,2031,forecast,optimistic:adjusted,112.75,47.97,167.5,12.75,32.0,100.0,migration,2036,79.7
r-krupski,2036,forecast,optimistic:adjusted,117.49,51.33,195.6,17.49,32.0,100.0,migration,2036,79.7
r-krupski,2041,forecast,optimistic:adjusted,118.83,51.86,206.2,18.83,32.0,100.0,migration,2036,79.7
r-krupski,2046,forecast,optimistic:adjusted,120.68,51.82,208.2,20.68,32.0,100.0,migration,2036,79.7
r-krupski,2051,forecast,optimistic:adjusted,120.65,53.3,173.0,20.65,32.0,100.0,migration,2036,79.7
r-krupski,2056,forecast,optimistic:adjusted,121.53,56.29,139.1,21.53,32.0,100.0,migration,2036,79.7
r-krupski,2026,forecast,optimistic:official,112.12,42.61,203.8,12.12,32.0,100.0,migration,2036,79.7
r-krupski,2031,forecast,optimistic:official,112.87,47.96,171.8,12.87,32.0,100.0,migration,2036,79.7
r-krupski,2036,forecast,optimistic:official,117.53,51.35,198.2,17.53,32.0,100.0,migration,2036,79.7
r-krupski,2041,forecast,optimistic:official,118.83,51.88,207.6,18.83,32.0,100.0,migration,2036,79.7
r-krupski,2046,forecast,optimistic:official,120.69,51.86,209.4,20.69,32.0,100.0,migration,2036,79.7
r-krupski,2051,forecast,optimistic:official,120.7,53.37,174.5,20.7,32.0,100.0,migration,2036,79.7
r-krupski,2056,forecast,optimistic:official,121.6,56.39,140.8,21.6,32.0,100.0,migration,2036,79.7
r-krychauski,2009,census,,102.95,43.41,109,2.95,50.4,394.6,migration,,223.3
r-krychauski,2019,census,,96.5,40.66,-103,-3.5,50.4,394.6,migration,,223.3
r-krychauski,2026,forecast,base:adjusted,96.45,44.55,-77.4,-3.55,50.4,394.6,migration,,223.3
r-krychauski,2031,forecast,base:adjusted,100.25,46.48,4.3,0.25,50.4,394.6,migration,,223.3
r-krychauski,2036,forecast,base:adjusted,106.69,46.71,108.3,6.69,50.4,394.6,migration,,223.3
r-krychauski,2041,forecast,base:adjusted,109.38,45.99,155.4,9.38,50.4,394.6,migration,,223.3
r-krychauski,2046,forecast,base:adjusted,105.32,46.61,86.6,5.32,50.4,394.6,migration,,223.3
r-krychauski,2051,forecast,base:adjusted,103.9,48.26,53.7,3.9,50.4,394.6,migration,,223.3
r-krychauski,2056,forecast,base:adjusted,103.92,50.01,41.0,3.92,50.4,394.6,migration,,223.3
r-krychauski,2026,forecast,base:official,96.88,44.55,-71.6,-3.12,50.4,394.6,migration,,223.3
r-krychauski,2031,forecast,base:official,100.45,46.48,8.2,0.45,50.4,394.6,migration,,223.3
r-krychauski,2036,forecast,base:official,106.68,46.75,111.8,6.68,50.4,394.6,migration,,223.3
r-krychauski,2041,forecast,base:official,109.39,46.05,158.7,9.39,50.4,394.6,migration,,223.3
r-krychauski,2046,forecast,base:official,105.42,46.72,89.6,5.42,50.4,394.6,migration,,223.3
r-krychauski,2051,forecast,base:official,104.03,48.42,56.6,4.03,50.4,394.6,migration,,223.3
r-krychauski,2056,forecast,base:official,104.07,50.27,43.9,4.07,50.4,394.6,migration,,223.3
r-krychauski,2026,forecast,negative:adjusted,96.45,44.55,-77.4,-3.55,50.4,394.6,migration,,223.3
r-krychauski,2031,forecast,negative:adjusted,100.36,44.96,6.0,0.36,50.4,394.6,migration,,223.3
r-krychauski,2036,forecast,negative:adjusted,107.01,43.57,108.6,7.01,50.4,394.6,migration,,223.3
r-krychauski,2041,forecast,negative:adjusted,109.68,41.19,152.9,9.68,50.4,394.6,migration,,223.3
r-krychauski,2046,forecast,negative:adjusted,105.35,40.16,82.9,5.35,50.4,394.6,migration,,223.3
r-krychauski,2051,forecast,negative:adjusted,103.82,40.35,49.7,3.82,50.4,394.6,migration,,223.3
r-krychauski,2056,forecast,negative:adjusted,103.48,41.01,32.0,3.48,50.4,394.6,migration,,223.3
r-krychauski,2026,forecast,negative:official,96.88,44.55,-71.6,-3.12,50.4,394.6,migration,,223.3
r-krychauski,2031,forecast,negative:official,100.55,44.96,9.7,0.55,50.4,394.6,migration,,223.3
r-krychauski,2036,forecast,negative:official,106.99,43.6,112.2,6.99,50.4,394.6,migration,,223.3
r-krychauski,2041,forecast,negative:official,109.67,41.25,156.0,9.67,50.4,394.6,migration,,223.3
r-krychauski,2046,forecast,negative:official,105.45,40.28,85.8,5.45,50.4,394.6,migration,,223.3
r-krychauski,2051,forecast,negative:official,103.96,40.53,52.6,3.96,50.4,394.6,migration,,223.3
r-krychauski,2056,forecast,negative:official,103.67,41.31,34.8,3.67,50.4,394.6,migration,,223.3
r-krychauski,2026,forecast,optimistic:adjusted,96.45,44.55,-77.4,-3.55,50.4,394.6,migration,,223.3
r-krychauski,2031,forecast,optimistic:adjusted,100.23,46.67,4.0,0.23,50.4,394.6,migration,,223.3
r-krychauski,2036,forecast,optimistic:adjusted,106.63,47.13,108.1,6.63,50.4,394.6,migration,,223.3
r-krychauski,2041,forecast,optimistic:adjusted,109.29,46.76,156.0,9.29,50.4,394.6,migration,,223.3
r-krychauski,2046,forecast,optimistic:adjusted,105.26,47.65,87.3,5.26,50.4,394.6,migration,,223.3
r-krychauski,2051,forecast,optimistic:adjusted,103.84,49.4,54.2,3.84,50.4,394.6,migration,,223.3
r-krychauski,2056,forecast,optimistic:adjusted,103.86,51.07,42.3,3.86,50.4,394.6,migration,,223.3
r-krychauski,2026,forecast,optimistic:official,96.88,44.55,-71.6,-3.12,50.4,394.6,migration,,223.3
r-krychauski,2031,forecast,optimistic:official,100.43,46.67,7.8,0.43,50.4,394.6,migration,,223.3
r-krychauski,2036,forecast,optimistic:official,106.62,47.16,111.7,6.62,50.4,394.6,migration,,223.3
r-krychauski,2041,forecast,optimistic:official,109.29,46.81,159.2,9.29,50.4,394.6,migration,,223.3
r-krychauski,2046,forecast,optimistic:official,105.36,47.75,90.3,5.36,50.4,394.6,migration,,223.3
r-krychauski,2051,forecast,optimistic:official,103.98,49.56,57.3,3.98,50.4,394.6,migration,,223.3
r-krychauski,2056,forecast,optimistic:official,104.0,51.3,45.2,4.0,50.4,394.6,migration,,223.3
r-lachavicki,2009,census,,109.12,38.13,241,9.12,43.2,285.8,migration,,100.1
r-lachavicki,2019,census,,101.77,37.66,34,1.77,43.2,285.8,migration,,100.1
r-lachavicki,2026,forecast,base:adjusted,105.37,44.39,73.3,5.37,43.2,285.8,migration,,100.1
r-lachavicki,2031,forecast,base:adjusted,108.47,49.72,91.5,8.47,43.2,285.8,migration,,100.1
r-lachavicki,2036,forecast,base:adjusted,107.4,51.45,76.6,7.4,43.2,285.8,migration,,100.1
r-lachavicki,2041,forecast,base:adjusted,104.23,52.68,45.1,4.23,43.2,285.8,migration,,100.1
r-lachavicki,2046,forecast,base:adjusted,102.82,53.25,28.6,2.82,43.2,285.8,migration,,100.1
r-lachavicki,2051,forecast,base:adjusted,101.29,54.17,11.0,1.29,43.2,285.8,migration,,100.1
r-lachavicki,2056,forecast,base:adjusted,100.09,55.51,0.6,0.09,43.2,285.8,migration,,100.1
r-lachavicki,2026,forecast,base:official,105.94,44.38,84.7,5.94,43.2,285.8,migration,,100.1
r-lachavicki,2031,forecast,base:official,108.78,49.71,99.0,8.78,43.2,285.8,migration,,100.1
r-lachavicki,2036,forecast,base:official,107.5,51.47,79.9,7.5,43.2,285.8,migration,,100.1
r-lachavicki,2041,forecast,base:official,104.24,52.72,46.0,4.24,43.2,285.8,migration,,100.1
r-lachavicki,2046,forecast,base:official,102.85,53.33,29.3,2.85,43.2,285.8,migration,,100.1
r-lachavicki,2051,forecast,base:official,101.39,54.29,12.0,1.39,43.2,285.8,migration,,100.1
r-lachavicki,2056,forecast,base:official,100.15,55.71,1.0,0.15,43.2,285.8,migration,,100.1
r-lachavicki,2026,forecast,negative:adjusted,105.37,44.39,73.3,5.37,43.2,285.8,migration,,100.1
r-lachavicki,2031,forecast,negative:adjusted,108.48,48.41,90.1,8.48,43.2,285.8,migration,,100.1
r-lachavicki,2036,forecast,negative:adjusted,107.57,48.68,75.7,7.57,43.2,285.8,migration,,100.1
r-lachavicki,2041,forecast,negative:adjusted,104.39,48.39,45.0,4.39,43.2,285.8,migration,,100.1
r-lachavicki,2046,forecast,negative:adjusted,102.83,47.47,27.6,2.83,43.2,285.8,migration,,100.1
r-lachavicki,2051,forecast,negative:adjusted,101.26,46.93,10.2,1.26,43.2,285.8,migration,,100.1
r-lachavicki,2056,forecast,negative:adjusted,100.35,47.09,2.0,0.35,43.2,285.8,migration,,100.1
r-lachavicki,2026,forecast,negative:official,105.94,44.38,84.7,5.94,43.2,285.8,migration,,100.1
r-lachavicki,2031,forecast,negative:official,108.8,48.4,97.7,8.8,43.2,285.8,migration,,100.1
r-lachavicki,2036,forecast,negative:official,107.68,48.7,79.1,7.68,43.2,285.8,migration,,100.1
r-lachavicki,2041,forecast,negative:official,104.37,48.43,45.7,4.37,43.2,285.8,migration,,100.1
r-lachavicki,2046,forecast,negative:official,102.88,47.54,28.4,2.88,43.2,285.8,migration,,100.1
r-lachavicki,2051,forecast,negative:official,101.36,47.06,11.2,1.36,43.2,285.8,migration,,100.1
r-lachavicki,2056,forecast,negative:official,100.41,47.29,2.4,0.41,43.2,285.8,migration,,100.1
r-lachavicki,2026,forecast,optimistic:adjusted,105.37,44.39,73.3,5.37,43.2,285.8,migration,,100.1
r-lachavicki,2031,forecast,optimistic:adjusted,108.44,49.76,91.6,8.44,43.2,285.8,migration,,100.1
r-lachavicki,2036,forecast,optimistic:adjusted,107.36,51.63,76.8,7.36,43.2,285.8,migration,,100.1
r-lachavicki,2041,forecast,optimistic:adjusted,104.17,53.05,45.1,4.17,43.2,285.8,migration,,100.1
r-lachavicki,2046,forecast,optimistic:adjusted,102.74,53.77,28.3,2.74,43.2,285.8,migration,,100.1
r-lachavicki,2051,forecast,optimistic:adjusted,101.23,54.72,10.7,1.23,43.2,285.8,migration,,100.1
r-lachavicki,2056,forecast,optimistic:adjusted,99.94,55.97,-0.4,-0.06,43.2,285.8,migration,,100.1
r-lachavicki,2026,forecast,optimistic:official,105.94,44.38,84.7,5.94,43.2,285.8,migration,,100.1
r-lachavicki,2031,forecast,optimistic:official,108.77,49.76,99.3,8.77,43.2,285.8,migration,,100.1
r-lachavicki,2036,forecast,optimistic:official,107.46,51.65,80.0,7.46,43.2,285.8,migration,,100.1
r-lachavicki,2041,forecast,optimistic:official,104.17,53.08,45.9,4.17,43.2,285.8,migration,,100.1
r-lachavicki,2046,forecast,optimistic:official,102.79,53.84,29.2,2.79,43.2,285.8,migration,,100.1
r-lachavicki,2051,forecast,optimistic:official,101.32,54.84,11.7,1.32,43.2,285.8,migration,,100.1
r-lachavicki,2056,forecast,optimistic:official,100.0,56.16,-0.0,-0.0,43.2,285.8,migration,,100.1
r-lahojski,2009,census,,101.23,41.03,40,1.23,52.7,258.1,migration,,28.5
r-lahojski,2019,census,,107.66,37.18,317,7.66,52.7,258.1,migration,,28.5
r-lahojski,2026,forecast,base:adjusted,109.78,41.97,353.8,9.78,52.7,258.1,migration,,28.5
r-lahojski,2031,forecast,base:adjusted,109.73,46.2,283.1,9.73,52.7,258.1,migration,,28.5
r-lahojski,2036,forecast,base:adjusted,111.94,49.46,301.1,11.94,52.7,258.1,migration,,28.5
r-lahojski,2041,forecast,base:adjusted,109.17,48.89,240.8,9.17,52.7,258.1,migration,,28.5
r-lahojski,2046,forecast,base:adjusted,108.27,47.58,222.1,8.27,52.7,258.1,migration,,28.5
r-lahojski,2051,forecast,base:adjusted,108.44,49.12,204.0,8.44,52.7,258.1,migration,,28.5
r-lahojski,2056,forecast,base:adjusted,109.63,53.9,190.2,9.63,52.7,258.1,migration,,28.5
r-lahojski,2026,forecast,base:official,109.91,41.97,364.3,9.91,52.7,258.1,migration,,28.5
r-lahojski,2031,forecast,base:official,109.86,46.2,291.2,9.86,52.7,258.1,migration,,28.5
r-lahojski,2036,forecast,base:official,112.01,49.48,305.9,12.01,52.7,258.1,migration,,28.5
r-lahojski,2041,forecast,base:official,109.23,48.92,243.6,9.23,52.7,258.1,migration,,28.5
r-lahojski,2046,forecast,base:official,108.3,47.63,223.7,8.3,52.7,258.1,migration,,28.5
r-lahojski,2051,forecast,base:official,108.47,49.2,205.9,8.47,52.7,258.1,migration,,28.5
r-lahojski,2056,forecast,base:official,109.65,54.01,192.3,9.65,52.7,258.1,migration,,28.5
r-lahojski,2026,forecast,negative:adjusted,109.78,41.97,353.8,9.78,52.7,258.1,migration,,28.5
r-lahojski,2031,forecast,negative:adjusted,109.75,44.48,278.7,9.75,52.7,258.1,migration,,28.5
r-lahojski,2036,forecast,negative:adjusted,112.05,45.88,293.0,12.05,52.7,258.1,migration,,28.5
r-lahojski,2041,forecast,negative:adjusted,109.17,43.36,231.6,9.17,52.7,258.1,migration,,28.5
r-lahojski,2046,forecast,negative:adjusted,108.22,40.13,212.7,8.22,52.7,258.1,migration,,28.5
r-lahojski,2051,forecast,negative:adjusted,108.32,39.9,193.3,8.32,52.7,258.1,migration,,28.5
r-lahojski,2056,forecast,negative:adjusted,109.44,43.67,168.9,9.44,52.7,258.1,migration,,28.5
r-lahojski,2026,forecast,negative:official,109.91,41.97,364.3,9.91,52.7,258.1,migration,,28.5
r-lahojski,2031,forecast,negative:official,109.88,44.48,286.9,9.88,52.7,258.1,migration,,28.5
r-lahojski,2036,forecast,negative:official,112.13,45.89,297.9,12.13,52.7,258.1,migration,,28.5
r-lahojski,2041,forecast,negative:official,109.23,43.38,234.5,9.23,52.7,258.1,migration,,28.5
r-lahojski,2046,forecast,negative:official,108.25,40.18,214.3,8.25,52.7,258.1,migration,,28.5
r-lahojski,2051,forecast,negative:official,108.35,39.99,195.3,8.35,52.7,258.1,migration,,28.5
r-lahojski,2056,forecast,negative:official,109.47,43.81,171.0,9.47,52.7,258.1,migration,,28.5
r-lahojski,2026,forecast,optimistic:adjusted,109.78,41.97,353.8,9.78,52.7,258.1,migration,,28.5
r-lahojski,2031,forecast,optimistic:adjusted,109.73,46.49,283.1,9.73,52.7,258.1,migration,,28.5
r-lahojski,2036,forecast,optimistic:adjusted,111.96,50.03,301.5,11.96,52.7,258.1,migration,,28.5
r-lahojski,2041,forecast,optimistic:adjusted,109.18,49.89,242.1,9.18,52.7,258.1,migration,,28.5
r-lahojski,2046,forecast,optimistic:adjusted,108.28,48.93,224.0,8.28,52.7,258.1,migration,,28.5
r-lahojski,2051,forecast,optimistic:adjusted,108.45,50.61,206.2,8.45,52.7,258.1,migration,,28.5
r-lahojski,2056,forecast,optimistic:adjusted,109.63,55.18,194.4,9.63,52.7,258.1,migration,,28.5
r-lahojski,2026,forecast,optimistic:official,109.91,41.97,364.3,9.91,52.7,258.1,migration,,28.5
r-lahojski,2031,forecast,optimistic:official,109.87,46.48,291.4,9.87,52.7,258.1,migration,,28.5
r-lahojski,2036,forecast,optimistic:official,112.03,50.05,306.2,12.03,52.7,258.1,migration,,28.5
r-lahojski,2041,forecast,optimistic:official,109.24,49.91,245.1,9.24,52.7,258.1,migration,,28.5
r-lahojski,2046,forecast,optimistic:official,108.3,48.96,225.7,8.3,52.7,258.1,migration,,28.5
r-lahojski,2051,forecast,optimistic:official,108.48,50.68,208.2,8.48,52.7,258.1,migration,,28.5
r-lahojski,2056,forecast,optimistic:official,109.66,55.28,196.7,9.66,52.7,258.1,migration,,28.5
r-lelchycki,2009,census,,103.96,46.92,107,3.96,38.7,291.3,migration,,222.1
r-lelchycki,2019,census,,100.68,41.0,16,0.68,38.7,291.3,migration,,222.1
r-lelchycki,2026,forecast,base:adjusted,101.76,47.28,31.1,1.76,38.7,291.3,migration,,222.1
r-lelchycki,2031,forecast,base:adjusted,103.24,52.32,48.3,3.24,38.7,291.3,migration,,222.1
r-lelchycki,2036,forecast,base:adjusted,104.59,54.5,66.5,4.59,38.7,291.3,migration,,222.1
r-lelchycki,2041,forecast,base:adjusted,104.12,55.09,64.1,4.12,38.7,291.3,migration,,222.1
r-lelchycki,2046,forecast,base:adjusted,103.01,54.85,46.5,3.01,38.7,291.3,migration,,222.1
r-lelchycki,2051,forecast,base:adjusted,100.98,54.89,13.2,0.98,38.7,291.3,migration,,222.1
r-lelchycki,2056,forecast,base:adjusted,99.99,56.52,-0.1,-0.01,38.7,291.3,migration,,222.1
r-lelchycki,2026,forecast,base:official,102.42,47.28,45.0,2.42,38.7,291.3,migration,,222.1
r-lelchycki,2031,forecast,base:official,103.65,52.32,57.2,3.65,38.7,291.3,migration,,222.1
r-lelchycki,2036,forecast,base:official,104.75,54.54,71.1,4.75,38.7,291.3,migration,,222.1
r-lelchycki,2041,forecast,base:official,104.16,55.17,66.0,4.16,38.7,291.3,migration,,222.1
r-lelchycki,2046,forecast,base:official,103.06,54.97,48.1,3.06,38.7,291.3,migration,,222.1
r-lelchycki,2051,forecast,base:official,101.09,55.08,15.0,1.09,38.7,291.3,migration,,222.1
r-lelchycki,2056,forecast,base:official,100.05,56.82,0.5,0.05,38.7,291.3,migration,,222.1
r-lelchycki,2026,forecast,negative:adjusted,101.76,47.28,31.1,1.76,38.7,291.3,migration,,222.1
r-lelchycki,2031,forecast,negative:adjusted,103.24,50.82,47.4,3.24,38.7,291.3,migration,,222.1
r-lelchycki,2036,forecast,negative:adjusted,104.72,51.31,66.0,4.72,38.7,291.3,migration,,222.1
r-lelchycki,2041,forecast,negative:adjusted,104.22,50.18,63.4,4.22,38.7,291.3,migration,,222.1
r-lelchycki,2046,forecast,negative:adjusted,103.06,48.26,45.5,3.06,38.7,291.3,migration,,222.1
r-lelchycki,2051,forecast,negative:adjusted,100.98,46.74,12.6,0.98,38.7,291.3,migration,,222.1
r-lelchycki,2056,forecast,negative:adjusted,100.16,47.23,1.5,0.16,38.7,291.3,migration,,222.1
r-lelchycki,2026,forecast,negative:official,102.42,47.28,45.0,2.42,38.7,291.3,migration,,222.1
r-lelchycki,2031,forecast,negative:official,103.66,50.82,56.3,3.66,38.7,291.3,migration,,222.1
r-lelchycki,2036,forecast,negative:official,104.86,51.35,70.3,4.86,38.7,291.3,migration,,222.1
r-lelchycki,2041,forecast,negative:official,104.26,50.25,65.2,4.26,38.7,291.3,migration,,222.1
r-lelchycki,2046,forecast,negative:official,103.11,48.39,47.0,3.11,38.7,291.3,migration,,222.1
r-lelchycki,2051,forecast,negative:official,101.09,46.95,14.3,1.09,38.7,291.3,migration,,222.1
r-lelchycki,2056,forecast,negative:official,100.23,47.55,2.2,0.23,38.7,291.3,migration,,222.1
r-lelchycki,2026,forecast,optimistic:adjusted,101.76,47.28,31.1,1.76,38.7,291.3,migration,,222.1
r-lelchycki,2031,forecast,optimistic:adjusted,103.23,52.46,48.3,3.23,38.7,291.3,migration,,222.1
r-lelchycki,2036,forecast,optimistic:adjusted,104.56,54.85,66.6,4.56,38.7,291.3,migration,,222.1
r-lelchycki,2041,forecast,optimistic:adjusted,104.05,55.75,63.9,4.05,38.7,291.3,migration,,222.1
r-lelchycki,2046,forecast,optimistic:adjusted,102.91,55.76,45.9,2.91,38.7,291.3,migration,,222.1
r-lelchycki,2051,forecast,optimistic:adjusted,100.9,55.94,12.4,0.9,38.7,291.3,migration,,222.1
r-lelchycki,2056,forecast,optimistic:adjusted,99.83,57.45,-1.9,-0.17,38.7,291.3,migration,,222.1
r-lelchycki,2026,forecast,optimistic:official,102.42,47.28,45.0,2.42,38.7,291.3,migration,,222.1
r-lelchycki,2031,forecast,optimistic:official,103.65,52.45,57.4,3.65,38.7,291.3,migration,,222.1
r-lelchycki,2036,forecast,optimistic:official,104.71,54.89,71.0,4.71,38.7,291.3,migration,,222.1
r-lelchycki,2041,forecast,optimistic:official,104.09,55.82,65.8,4.09,38.7,291.3,migration,,222.1
r-lelchycki,2046,forecast,optimistic:official,102.97,55.88,47.5,2.97,38.7,291.3,migration,,222.1
r-lelchycki,2051,forecast,optimistic:official,101.0,56.13,14.1,1.0,38.7,291.3,migration,,222.1
r-lelchycki,2056,forecast,optimistic:official,99.9,57.74,-1.1,-0.1,38.7,291.3,migration,,222.1
r-lepielski,2009,census,,103.82,41.47,132,3.82,66.7,1069.3,migration,2026,107.4
r-lepielski,2019,census,,107.3,39.69,219,7.3,66.7,1069.3,migration,2026,107.4
r-lepielski,2026,forecast,base:adjusted,121.41,43.91,453.1,21.41,66.7,1069.3,migration,2026,107.4
r-lepielski,2031,forecast,base:adjusted,130.17,48.13,514.2,30.17,66.7,1069.3,migration,2026,107.4
r-lepielski,2036,forecast,base:adjusted,122.74,49.89,386.1,22.74,66.7,1069.3,migration,2026,107.4
r-lepielski,2041,forecast,base:adjusted,115.53,50.98,286.2,15.53,66.7,1069.3,migration,2026,107.4
r-lepielski,2046,forecast,base:adjusted,112.3,51.19,223.5,12.3,66.7,1069.3,migration,2026,107.4
r-lepielski,2051,forecast,base:adjusted,112.06,52.68,186.3,12.06,66.7,1069.3,migration,2026,107.4
r-lepielski,2056,forecast,base:adjusted,111.63,55.92,136.9,11.63,66.7,1069.3,migration,2026,107.4
r-lepielski,2026,forecast,base:official,122.01,43.9,489.4,22.01,66.7,1069.3,migration,2026,107.4
r-lepielski,2031,forecast,base:official,130.44,48.12,545.9,30.44,66.7,1069.3,migration,2026,107.4
r-lepielski,2036,forecast,base:official,123.0,49.91,403.0,23.0,66.7,1069.3,migration,2026,107.4
r-lepielski,2041,forecast,base:official,115.72,51.03,295.2,15.72,66.7,1069.3,migration,2026,107.4
r-lepielski,2046,forecast,base:official,112.41,51.28,228.9,12.41,66.7,1069.3,migration,2026,107.4
r-lepielski,2051,forecast,base:official,112.23,52.82,192.8,12.23,66.7,1069.3,migration,2026,107.4
r-lepielski,2056,forecast,base:official,111.74,56.15,142.6,11.74,66.7,1069.3,migration,2026,107.4
r-lepielski,2026,forecast,negative:adjusted,121.41,43.91,453.1,21.41,66.7,1069.3,migration,2026,107.4
r-lepielski,2031,forecast,negative:adjusted,130.22,46.81,505.4,30.22,66.7,1069.3,migration,2026,107.4
r-lepielski,2036,forecast,negative:adjusted,122.86,47.08,373.9,22.86,66.7,1069.3,migration,2026,107.4
r-lepielski,2041,forecast,negative:adjusted,115.51,46.66,274.5,15.51,66.7,1069.3,migration,2026,107.4
r-lepielski,2046,forecast,negative:adjusted,112.25,45.4,212.9,12.25,66.7,1069.3,migration,2026,107.4
r-lepielski,2051,forecast,negative:adjusted,112.05,45.41,176.2,12.05,66.7,1069.3,migration,2026,107.4
r-lepielski,2056,forecast,negative:adjusted,111.86,47.34,122.0,11.86,66.7,1069.3,migration,2026,107.4
r-lepielski,2026,forecast,negative:official,122.01,43.9,489.4,22.01,66.7,1069.3,migration,2026,107.4
r-lepielski,2031,forecast,negative:official,130.48,46.8,536.9,30.48,66.7,1069.3,migration,2026,107.4
r-lepielski,2036,forecast,negative:official,123.13,47.11,390.7,23.13,66.7,1069.3,migration,2026,107.4
r-lepielski,2041,forecast,negative:official,115.69,46.71,283.3,15.69,66.7,1069.3,migration,2026,107.4
r-lepielski,2046,forecast,negative:official,112.35,45.5,218.0,12.35,66.7,1069.3,migration,2026,107.4
r-lepielski,2051,forecast,negative:official,112.23,45.56,182.7,12.23,66.7,1069.3,migration,2026,107.4
r-lepielski,2056,forecast,negative:official,111.98,47.58,127.3,11.98,66.7,1069.3,migration,2026,107.4
r-lepielski,2026,forecast,optimistic:adjusted,121.41,43.91,453.1,21.41,66.7,1069.3,migration,2026,107.4
r-lepielski,2031,forecast,optimistic:adjusted,130.16,48.22,516.4,30.16,66.7,1069.3,migration,2026,107.4
r-lepielski,2036,forecast,optimistic:adjusted,122.7,50.12,388.9,22.7,66.7,1069.3,migration,2026,107.4
r-lepielski,2041,forecast,optimistic:adjusted,115.5,51.41,290.0,15.5,66.7,1069.3,migration,2026,107.4
r-lepielski,2046,forecast,optimistic:adjusted,112.25,51.77,227.2,12.25,66.7,1069.3,migration,2026,107.4
r-lepielski,2051,forecast,optimistic:adjusted,111.97,53.3,190.1,11.97,66.7,1069.3,migration,2026,107.4
r-lepielski,2056,forecast,optimistic:adjusted,111.45,56.4,141.6,11.45,66.7,1069.3,migration,2026,107.4
r-lepielski,2026,forecast,optimistic:official,122.01,43.9,489.4,22.01,66.7,1069.3,migration,2026,107.4
r-lepielski,2031,forecast,optimistic:official,130.41,48.21,547.8,30.41,66.7,1069.3,migration,2026,107.4
r-lepielski,2036,forecast,optimistic:official,122.96,50.15,405.8,22.96,66.7,1069.3,migration,2026,107.4
r-lepielski,2041,forecast,optimistic:official,115.69,51.46,299.0,15.69,66.7,1069.3,migration,2026,107.4
r-lepielski,2046,forecast,optimistic:official,112.35,51.86,232.5,12.35,66.7,1069.3,migration,2026,107.4
r-lepielski,2051,forecast,optimistic:official,112.14,53.43,196.6,12.14,66.7,1069.3,migration,2026,107.4
r-lepielski,2056,forecast,optimistic:official,111.56,56.63,147.5,11.56,66.7,1069.3,migration,2026,107.4
r-lidski,2009,census,,96.19,42.77,-569,-3.81,217.0,1190.0,migration,,114.7
r-lidski,2019,census,,102.29,38.99,326,2.29,217.0,1190.0,migration,,114.7
r-lidski,2026,forecast,base:adjusted,102.2,41.14,249.5,2.2,217.0,1190.0,migration,,114.7
r-lidski,2031,forecast,base:adjusted,101.11,44.59,111.2,1.11,217.0,1190.0,migration,,114.7
r-lidski,2036,forecast,base:adjusted,100.14,47.23,13.5,0.14,217.0,1190.0,migration,,114.7
r-lidski,2041,forecast,base:adjusted,98.84,48.45,-122.6,-1.16,217.0,1190.0,migration,,114.7
r-lidski,2046,forecast,base:adjusted,99.55,49.4,-47.7,-0.45,217.0,1190.0,migration,,114.7
r-lidski,2051,forecast,base:adjusted,101.66,51.41,151.2,1.66,217.0,1190.0,migration,,114.7
r-lidski,2056,forecast,base:adjusted,102.0,55.37,143.6,2.0,217.0,1190.0,migration,,114.7
r-lidski,2026,forecast,base:official,102.64,41.14,314.5,2.64,217.0,1190.0,migration,,114.7
r-lidski,2031,forecast,base:official,101.47,44.59,153.9,1.47,217.0,1190.0,migration,,114.7
r-lidski,2036,forecast,base:official,100.34,47.26,34.3,0.34,217.0,1190.0,migration,,114.7
r-lidski,2041,forecast,base:official,98.98,48.5,-109.8,-1.02,217.0,1190.0,migration,,114.7
r-lidski,2046,forecast,base:official,99.67,49.49,-35.0,-0.33,217.0,1190.0,migration,,114.7
r-lidski,2051,forecast,base:official,101.8,51.57,166.5,1.8,217.0,1190.0,migration,,114.7
r-lidski,2056,forecast,base:official,102.1,55.65,155.1,2.1,217.0,1190.0,migration,,114.7
r-lidski,2026,forecast,negative:adjusted,102.2,41.14,249.5,2.2,217.0,1190.0,migration,,114.7
r-lidski,2031,forecast,negative:adjusted,101.14,43.33,111.6,1.14,217.0,1190.0,migration,,114.7
r-lidski,2036,forecast,negative:adjusted,100.15,44.55,14.8,0.15,217.0,1190.0,migration,,114.7
r-lidski,2041,forecast,negative:adjusted,98.76,44.32,-126.7,-1.24,217.0,1190.0,migration,,114.7
r-lidski,2046,forecast,negative:adjusted,99.42,43.74,-58.5,-0.58,217.0,1190.0,migration,,114.7
r-lidski,2051,forecast,negative:adjusted,101.57,44.17,136.3,1.57,217.0,1190.0,migration,,114.7
r-lidski,2056,forecast,negative:adjusted,101.9,46.83,121.2,1.9,217.0,1190.0,migration,,114.7
r-lidski,2026,forecast,negative:official,102.64,41.14,314.5,2.64,217.0,1190.0,migration,,114.7
r-lidski,2031,forecast,negative:official,101.5,43.33,153.9,1.5,217.0,1190.0,migration,,114.7
r-lidski,2036,forecast,negative:official,100.36,44.58,35.3,0.36,217.0,1190.0,migration,,114.7
r-lidski,2041,forecast,negative:official,98.9,44.37,-114.1,-1.1,217.0,1190.0,migration,,114.7
r-lidski,2046,forecast,negative:official,99.55,43.84,-46.2,-0.45,217.0,1190.0,migration,,114.7
r-lidski,2051,forecast,negative:official,101.71,44.35,151.0,1.71,217.0,1190.0,migration,,114.7
r-lidski,2056,forecast,negative:official,102.0,47.12,131.7,2.0,217.0,1190.0,migration,,114.7
r-lidski,2026,forecast,optimistic:adjusted,102.2,41.14,249.5,2.2,217.0,1190.0,migration,,114.7
r-lidski,2031,forecast,optimistic:adjusted,101.1,44.68,110.5,1.1,217.0,1190.0,migration,,114.7
r-lidski,2036,forecast,optimistic:adjusted,100.13,47.46,12.8,0.13,217.0,1190.0,migration,,114.7
r-lidski,2041,forecast,optimistic:adjusted,98.84,48.9,-123.9,-1.16,217.0,1190.0,migration,,114.7
r-lidski,2046,forecast,optimistic:adjusted,99.55,50.02,-48.4,-0.45,217.0,1190.0,migration,,114.7
r-lidski,2051,forecast,optimistic:adjusted,101.62,52.1,150.3,1.62,217.0,1190.0,migration,,114.7
r-lidski,2056,forecast,optimistic:adjusted,101.9,55.95,142.2,1.9,217.0,1190.0,migration,,114.7
r-lidski,2026,forecast,optimistic:official,102.64,41.14,314.5,2.64,217.0,1190.0,migration,,114.7
r-lidski,2031,forecast,optimistic:official,101.46,44.67,153.3,1.46,217.0,1190.0,migration,,114.7
r-lidski,2036,forecast,optimistic:official,100.33,47.49,33.7,0.33,217.0,1190.0,migration,,114.7
r-lidski,2041,forecast,optimistic:official,98.98,48.95,-110.7,-1.02,217.0,1190.0,migration,,114.7
r-lidski,2046,forecast,optimistic:official,99.67,50.12,-35.8,-0.33,217.0,1190.0,migration,,114.7
r-lidski,2051,forecast,optimistic:official,101.75,52.26,165.5,1.75,217.0,1190.0,migration,,114.7
r-lidski,2056,forecast,optimistic:official,102.0,56.21,153.9,2.0,217.0,1190.0,migration,,114.7
r-lojeuski,2009,census,,107.9,44.88,97,7.9,17.1,335.1,migration,2051,249.0
r-lojeuski,2019,census,,109.48,41.01,89,9.48,17.1,335.1,migration,2051,249.0
r-lojeuski,2026,forecast,base:adjusted,101.98,47.26,15.3,1.98,17.1,335.1,migration,2051,249.0
r-lojeuski,2031,forecast,base:adjusted,98.5,51.64,-10.4,-1.5,17.1,335.1,migration,2051,249.0
r-lojeuski,2036,forecast,base:adjusted,101.82,52.21,11.9,1.82,17.1,335.1,migration,2051,249.0
r-lojeuski,2041,forecast,base:adjusted,105.81,52.36,38.3,5.81,17.1,335.1,migration,2051,249.0
r-lojeuski,2046,forecast,base:adjusted,111.73,52.95,68.9,11.73,17.1,335.1,migration,2051,249.0
r-lojeuski,2051,forecast,base:adjusted,114.98,53.77,70.6,14.98,17.1,335.1,migration,2051,249.0
r-lojeuski,2056,forecast,base:adjusted,114.41,56.87,52.5,14.41,17.1,335.1,migration,2051,249.0
r-lojeuski,2026,forecast,base:official,102.67,47.26,21.7,2.67,17.1,335.1,migration,2051,249.0
r-lojeuski,2031,forecast,base:official,99.0,51.62,-7.3,-1.0,17.1,335.1,migration,2051,249.0
r-lojeuski,2036,forecast,base:official,101.87,52.24,12.7,1.87,17.1,335.1,migration,2051,249.0
r-lojeuski,2041,forecast,base:official,105.63,52.43,38.0,5.63,17.1,335.1,migration,2051,249.0
r-lojeuski,2046,forecast,base:official,111.82,53.08,70.5,11.82,17.1,335.1,migration,2051,249.0
r-lojeuski,2051,forecast,base:official,115.09,53.97,72.6,15.09,17.1,335.1,migration,2051,249.0
r-lojeuski,2056,forecast,base:official,114.53,57.18,54.6,14.53,17.1,335.1,migration,2051,249.0
r-lojeuski,2026,forecast,negative:adjusted,101.98,47.26,15.3,1.98,17.1,335.1,migration,2051,249.0
r-lojeuski,2031,forecast,negative:adjusted,98.47,50.13,-10.4,-1.53,17.1,335.1,migration,2051,249.0
r-lojeuski,2036,forecast,negative:adjusted,102.01,49.07,12.7,2.01,17.1,335.1,migration,2051,249.0
r-lojeuski,2041,forecast,negative:adjusted,106.11,47.53,38.7,6.11,17.1,335.1,migration,2051,249.0
r-lojeuski,2046,forecast,negative:adjusted,111.86,46.46,66.9,11.86,17.1,335.1,migration,2051,249.0
r-lojeuski,2051,forecast,negative:adjusted,115.0,45.68,67.4,15.0,17.1,335.1,migration,2051,249.0
r-lojeuski,2056,forecast,negative:adjusted,114.43,47.36,46.5,14.43,17.1,335.1,migration,2051,249.0
r-lojeuski,2026,forecast,negative:official,102.67,47.26,21.7,2.67,17.1,335.1,migration,2051,249.0
r-lojeuski,2031,forecast,negative:official,98.97,50.12,-7.4,-1.03,17.1,335.1,migration,2051,249.0
r-lojeuski,2036,forecast,negative:official,102.03,49.1,13.3,2.03,17.1,335.1,migration,2051,249.0
r-lojeuski,2041,forecast,negative:official,105.93,47.59,38.5,5.93,17.1,335.1,migration,2051,249.0
r-lojeuski,2046,forecast,negative:official,111.93,46.59,68.4,11.93,17.1,335.1,migration,2051,249.0
r-lojeuski,2051,forecast,negative:official,115.07,45.91,69.2,15.07,17.1,335.1,migration,2051,249.0
r-lojeuski,2056,forecast,negative:official,114.52,47.7,48.3,14.52,17.1,335.1,migration,2051,249.0
r-lojeuski,2026,forecast,optimistic:adjusted,101.98,47.26,15.3,1.98,17.1,335.1,migration,2051,249.0
r-lojeuski,2031,forecast,optimistic:adjusted,98.54,51.76,-10.2,-1.46,17.1,335.1,migration,2051,249.0
r-lojeuski,2036,forecast,optimistic:adjusted,101.76,52.57,11.6,1.76,17.1,335.1,migration,2051,249.0
r-lojeuski,2041,forecast,optimistic:adjusted,105.69,52.99,38.1,5.69,17.1,335.1,migration,2051,249.0
r-lojeuski,2046,forecast,optimistic:adjusted,111.59,53.81,69.4,11.59,17.1,335.1,migration,2051,249.0
r-lojeuski,2051,forecast,optimistic:adjusted,114.87,54.71,71.8,14.87,17.1,335.1,migration,2051,249.0
r-lojeuski,2056,forecast,optimistic:adjusted,114.28,57.7,54.4,14.28,17.1,335.1,migration,2051,249.0
r-lojeuski,2026,forecast,optimistic:official,102.67,47.26,21.7,2.67,17.1,335.1,migration,2051,249.0
r-lojeuski,2031,forecast,optimistic:official,99.02,51.76,-7.2,-0.98,17.1,335.1,migration,2051,249.0
r-lojeuski,2036,forecast,optimistic:official,101.8,52.6,12.3,1.8,17.1,335.1,migration,2051,249.0
r-lojeuski,2041,forecast,optimistic:official,105.51,53.06,37.7,5.51,17.1,335.1,migration,2051,249.0
r-lojeuski,2046,forecast,optimistic:official,111.68,53.92,71.0,11.68,17.1,335.1,migration,2051,249.0
r-lojeuski,2051,forecast,optimistic:official,114.96,54.9,73.7,14.96,17.1,335.1,migration,2051,249.0
r-lojeuski,2056,forecast,optimistic:official,114.31,58.01,56.2,14.31,17.1,335.1,migration,2051,249.0
r-loznienski,2009,census,,101.89,38.37,31,1.89,25.1,83.1,migration,2026,176.2
r-loznienski,2019,census,,116.38,38.62,232,16.38,25.1,83.1,migration,2026,176.2
r-loznienski,2026,forecast,base:adjusted,119.01,44.45,187.5,19.01,25.1,83.1,migration,2026,176.2
r-loznienski,2031,forecast,base:adjusted,118.23,49.23,145.5,18.23,25.1,83.1,migration,2026,176.2
r-loznienski,2036,forecast,base:adjusted,112.53,50.59,97.6,12.53,25.1,83.1,migration,2026,176.2
r-loznienski,2041,forecast,base:adjusted,107.46,51.7,61.8,7.46,25.1,83.1,migration,2026,176.2
r-loznienski,2046,forecast,base:adjusted,106.75,52.56,54.4,6.75,25.1,83.1,migration,2026,176.2
r-loznienski,2051,forecast,base:adjusted,108.66,54.94,58.7,8.66,25.1,83.1,migration,2026,176.2
r-loznienski,2056,forecast,base:adjusted,109.65,59.19,49.5,9.65,25.1,83.1,migration,2026,176.2
r-loznienski,2026,forecast,base:official,119.49,44.44,202.2,19.49,25.1,83.1,migration,2026,176.2
r-loznienski,2031,forecast,base:official,118.62,49.22,156.6,18.62,25.1,83.1,migration,2026,176.2
r-loznienski,2036,forecast,base:official,112.73,50.61,102.5,12.73,25.1,83.1,migration,2026,176.2
r-loznienski,2041,forecast,base:official,107.56,51.74,63.9,7.56,25.1,83.1,migration,2026,176.2
r-loznienski,2046,forecast,base:official,106.9,52.64,56.5,6.9,25.1,83.1,migration,2026,176.2
r-loznienski,2051,forecast,base:official,108.78,55.08,60.8,8.78,25.1,83.1,migration,2026,176.2
r-loznienski,2056,forecast,base:official,109.78,59.44,51.8,9.78,25.1,83.1,migration,2026,176.2
r-loznienski,2026,forecast,negative:adjusted,119.01,44.45,187.5,19.01,25.1,83.1,migration,2026,176.2
r-loznienski,2031,forecast,negative:adjusted,118.33,47.88,143.5,18.33,25.1,83.1,migration,2026,176.2
r-loznienski,2036,forecast,negative:adjusted,112.67,47.72,95.0,12.67,25.1,83.1,migration,2026,176.2
r-loznienski,2041,forecast,negative:adjusted,107.54,47.26,60.0,7.54,25.1,83.1,migration,2026,176.2
r-loznienski,2046,forecast,negative:adjusted,106.73,46.57,51.9,6.73,25.1,83.1,migration,2026,176.2
r-loznienski,2051,forecast,negative:adjusted,108.64,47.34,55.4,8.64,25.1,83.1,migration,2026,176.2
r-loznienski,2056,forecast,negative:adjusted,109.56,50.1,42.9,9.56,25.1,83.1,migration,2026,176.2
r-loznienski,2026,forecast,negative:official,119.49,44.44,202.2,19.49,25.1,83.1,migration,2026,176.2
r-loznienski,2031,forecast,negative:official,118.7,47.88,154.4,18.7,25.1,83.1,migration,2026,176.2
r-loznienski,2036,forecast,negative:official,112.88,47.74,99.9,12.88,25.1,83.1,migration,2026,176.2
r-loznienski,2041,forecast,negative:official,107.63,47.31,62.0,7.63,25.1,83.1,migration,2026,176.2
r-loznienski,2046,forecast,negative:official,106.87,46.66,53.8,6.87,25.1,83.1,migration,2026,176.2
r-loznienski,2051,forecast,negative:official,108.75,47.49,57.4,8.75,25.1,83.1,migration,2026,176.2
r-loznienski,2056,forecast,negative:official,109.69,50.35,45.0,9.69,25.1,83.1,migration,2026,176.2
r-loznienski,2026,forecast,optimistic:adjusted,119.01,44.45,187.5,19.01,25.1,83.1,migration,2026,176.2
r-loznienski,2031,forecast,optimistic:adjusted,118.21,49.32,146.0,18.21,25.1,83.1,migration,2026,176.2
r-loznienski,2036,forecast,optimistic:adjusted,112.49,50.83,98.2,12.49,25.1,83.1,migration,2026,176.2
r-loznienski,2041,forecast,optimistic:adjusted,107.43,52.14,62.5,7.43,25.1,83.1,migration,2026,176.2
r-loznienski,2046,forecast,optimistic:adjusted,106.74,53.15,55.4,6.74,25.1,83.1,migration,2026,176.2
r-loznienski,2051,forecast,optimistic:adjusted,108.56,55.56,59.6,8.56,25.1,83.1,migration,2026,176.2
r-loznienski,2056,forecast,optimistic:adjusted,109.48,59.66,51.1,9.48,25.1,83.1,migration,2026,176.2
r-loznienski,2026,forecast,optimistic:official,119.49,44.44,202.2,19.49,25.1,83.1,migration,2026,176.2
r-loznienski,2031,forecast,optimistic:official,118.59,49.31,157.0,18.59,25.1,83.1,migration,2026,176.2
r-loznienski,2036,forecast,optimistic:official,112.7,50.85,103.1,12.7,25.1,83.1,migration,2026,176.2
r-loznienski,2041,forecast,optimistic:official,107.53,52.2,64.6,7.53,25.1,83.1,migration,2026,176.2
r-loznienski,2046,forecast,optimistic:official,106.84,53.24,57.1,6.84,25.1,83.1,migration,2026,176.2
r-loznienski,2051,forecast,optimistic:official,108.69,55.7,61.8,8.69,25.1,83.1,migration,2026,176.2
r-loznienski,2056,forecast,optimistic:official,109.6,59.9,53.4,9.6,25.1,83.1,migration,2026,176.2
r-lubanski,2009,census,,101.38,39.15,47,1.38,45.7,90.5,migration,2056,110.9
r-lubanski,2019,census,,105.85,36.39,151,5.85,45.7,90.5,migration,2056,110.9
r-lubanski,2026,forecast,base:adjusted,108.47,42.41,187.3,8.47,45.7,90.5,migration,2056,110.9
r-lubanski,2031,forecast,base:adjusted,109.23,46.21,159.2,9.23,45.7,90.5,migration,2056,110.9
r-lubanski,2036,forecast,base:adjusted,112.2,47.62,176.6,12.2,45.7,90.5,migration,2056,110.9
r-lubanski,2041,forecast,base:adjusted,111.92,46.75,165.5,11.92,45.7,90.5,migration,2056,110.9
r-lubanski,2046,forecast,base:adjusted,113.65,45.85,169.7,13.65,45.7,90.5,migration,2056,110.9
r-lubanski,2051,forecast,base:adjusted,114.37,46.69,145.1,14.37,45.7,90.5,migration,2056,110.9
r-lubanski,2056,forecast,base:adjusted,115.45,49.3,115.9,15.45,45.7,90.5,migration,2056,110.9
r-lubanski,2026,forecast,base:official,108.6,42.41,193.2,8.6,45.7,90.5,migration,2056,110.9
r-lubanski,2031,forecast,base:official,109.34,46.21,163.7,9.34,45.7,90.5,migration,2056,110.9
r-lubanski,2036,forecast,base:official,112.25,47.63,179.2,12.25,45.7,90.5,migration,2056,110.9
r-lubanski,2041,forecast,base:official,111.94,46.78,167.0,11.94,45.7,90.5,migration,2056,110.9
r-lubanski,2046,forecast,base:official,113.68,45.89,170.9,13.68,45.7,90.5,migration,2056,110.9
r-lubanski,2051,forecast,base:official,114.4,46.75,146.3,14.4,45.7,90.5,migration,2056,110.9
r-lubanski,2056,forecast,base:official,115.46,49.39,117.1,15.46,45.7,90.5,migration,2056,110.9
r-lubanski,2026,forecast,negative:adjusted,108.47,42.41,187.3,8.47,45.7,90.5,migration,2056,110.9
r-lubanski,2031,forecast,negative:adjusted,109.27,44.52,157.0,9.27,45.7,90.5,migration,2056,110.9
r-lubanski,2036,forecast,negative:adjusted,112.33,44.11,172.0,12.33,45.7,90.5,migration,2056,110.9
r-lubanski,2041,forecast,negative:adjusted,111.96,41.38,159.8,11.96,45.7,90.5,migration,2056,110.9
r-lubanski,2046,forecast,negative:adjusted,113.65,38.67,163.3,13.65,45.7,90.5,migration,2056,110.9
r-lubanski,2051,forecast,negative:adjusted,114.26,37.84,138.5,14.26,45.7,90.5,migration,2056,110.9
r-lubanski,2056,forecast,negative:adjusted,115.15,39.31,103.0,15.15,45.7,90.5,migration,2056,110.9
r-lubanski,2026,forecast,negative:official,108.6,42.41,193.2,8.6,45.7,90.5,migration,2056,110.9
r-lubanski,2031,forecast,negative:official,109.38,44.52,161.5,9.38,45.7,90.5,migration,2056,110.9
r-lubanski,2036,forecast,negative:official,112.38,44.12,174.7,12.38,45.7,90.5,migration,2056,110.9
r-lubanski,2041,forecast,negative:official,112.0,41.4,161.5,12.0,45.7,90.5,migration,2056,110.9
r-lubanski,2046,forecast,negative:official,113.67,38.71,164.5,13.67,45.7,90.5,migration,2056,110.9
r-lubanski,2051,forecast,negative:official,114.29,37.92,139.7,14.29,45.7,90.5,migration,2056,110.9
r-lubanski,2056,forecast,negative:official,115.17,39.42,104.1,15.17,45.7,90.5,migration,2056,110.9
r-lubanski,2026,forecast,optimistic:adjusted,108.47,42.41,187.3,8.47,45.7,90.5,migration,2056,110.9
r-lubanski,2031,forecast,optimistic:adjusted,109.24,46.5,159.3,9.24,45.7,90.5,migration,2056,110.9
r-lubanski,2036,forecast,optimistic:adjusted,112.22,48.19,176.8,12.22,45.7,90.5,migration,2056,110.9
r-lubanski,2041,forecast,optimistic:adjusted,111.93,47.74,166.4,11.93,45.7,90.5,migration,2056,110.9
r-lubanski,2046,forecast,optimistic:adjusted,113.66,47.19,171.1,13.66,45.7,90.5,migration,2056,110.9
r-lubanski,2051,forecast,optimistic:adjusted,114.39,48.18,146.7,14.39,45.7,90.5,migration,2056,110.9
r-lubanski,2056,forecast,optimistic:adjusted,115.45,50.62,118.5,15.45,45.7,90.5,migration,2056,110.9
r-lubanski,2026,forecast,optimistic:official,108.6,42.41,193.2,8.6,45.7,90.5,migration,2056,110.9
r-lubanski,2031,forecast,optimistic:official,109.36,46.49,163.9,9.36,45.7,90.5,migration,2056,110.9
r-lubanski,2036,forecast,optimistic:official,112.27,48.2,179.4,12.27,45.7,90.5,migration,2056,110.9
r-lubanski,2041,forecast,optimistic:official,111.95,47.76,167.9,11.95,45.7,90.5,migration,2056,110.9
r-lubanski,2046,forecast,optimistic:official,113.68,47.22,172.3,13.68,45.7,90.5,migration,2056,110.9
r-lubanski,2051,forecast,optimistic:official,114.42,48.24,148.0,14.42,45.7,90.5,migration,2056,110.9
r-lubanski,2056,forecast,optimistic:official,115.47,50.7,119.8,15.47,45.7,90.5,migration,2056,110.9
r-luniniecki,2009,census,,105.65,43.76,449,5.65,107.6,504.4,migration,2031,172.4
r-luniniecki,2019,census,,102.44,46.8,149,2.44,107.6,504.4,migration,2031,172.4
r-luniniecki,2026,forecast,base:adjusted,110.04,50.81,424.7,10.04,107.6,504.4,migration,2031,172.4
r-luniniecki,2031,forecast,base:adjusted,117.77,54.19,584.6,17.77,107.6,504.4,migration,2031,172.4
r-luniniecki,2036,forecast,base:adjusted,120.94,54.4,656.5,20.94,107.6,504.4,migration,2031,172.4
r-luniniecki,2041,forecast,base:adjusted,119.69,55.1,638.0,19.69,107.6,504.4,migration,2031,172.4
r-luniniecki,2046,forecast,base:adjusted,116.42,56.39,515.0,16.42,107.6,504.4,migration,2031,172.4
r-luniniecki,2051,forecast,base:adjusted,114.54,57.84,386.4,14.54,107.6,504.4,migration,2031,172.4
r-luniniecki,2056,forecast,base:adjusted,114.15,59.38,281.8,14.15,107.6,504.4,migration,2031,172.4
r-luniniecki,2026,forecast,base:official,110.61,50.81,468.4,10.61,107.6,504.4,migration,2031,172.4
r-luniniecki,2031,forecast,base:official,118.08,54.18,620.4,18.08,107.6,504.4,migration,2031,172.4
r-luniniecki,2036,forecast,base:official,120.99,54.42,676.0,20.99,107.6,504.4,migration,2031,172.4
r-luniniecki,2041,forecast,base:official,119.73,55.15,649.5,19.73,107.6,504.4,migration,2031,172.4
r-luniniecki,2046,forecast,base:official,116.47,56.47,523.0,16.47,107.6,504.4,migration,2031,172.4
r-luniniecki,2051,forecast,base:official,114.63,57.96,394.8,14.63,107.6,504.4,migration,2031,172.4
r-luniniecki,2056,forecast,base:official,114.23,59.58,290.2,14.23,107.6,504.4,migration,2031,172.4
r-luniniecki,2026,forecast,negative:adjusted,110.04,50.81,424.7,10.04,107.6,504.4,migration,2031,172.4
r-luniniecki,2031,forecast,negative:adjusted,117.79,52.74,575.5,17.79,107.6,504.4,migration,2031,172.4
r-luniniecki,2036,forecast,negative:adjusted,121.17,51.39,641.2,21.17,107.6,504.4,migration,2031,172.4
r-luniniecki,2041,forecast,negative:adjusted,119.86,50.52,619.6,19.86,107.6,504.4,migration,2031,172.4
r-luniniecki,2046,forecast,negative:adjusted,116.43,50.22,495.6,16.43,107.6,504.4,migration,2031,172.4
r-luniniecki,2051,forecast,negative:adjusted,114.47,50.12,367.5,14.47,107.6,504.4,migration,2031,172.4
r-luniniecki,2056,forecast,negative:adjusted,113.97,50.25,247.9,13.97,107.6,504.4,migration,2031,172.4
r-luniniecki,2026,forecast,negative:official,110.61,50.81,468.4,10.61,107.6,504.4,migration,2031,172.4
r-luniniecki,2031,forecast,negative:official,118.11,52.74,611.2,18.11,107.6,504.4,migration,2031,172.4
r-luniniecki,2036,forecast,negative:official,121.21,51.41,660.5,21.21,107.6,504.4,migration,2031,172.4
r-luniniecki,2041,forecast,negative:official,119.89,50.56,631.1,19.89,107.6,504.4,migration,2031,172.4
r-luniniecki,2046,forecast,negative:official,116.5,50.3,503.6,16.5,107.6,504.4,migration,2031,172.4
r-luniniecki,2051,forecast,negative:official,114.57,50.25,375.8,14.57,107.6,504.4,migration,2031,172.4
r-luniniecki,2056,forecast,negative:official,114.06,50.46,255.6,14.06,107.6,504.4,migration,2031,172.4
r-luniniecki,2026,forecast,optimistic:adjusted,110.04,50.81,424.7,10.04,107.6,504.4,migration,2031,172.4
r-luniniecki,2031,forecast,optimistic:adjusted,117.76,54.24,586.5,17.76,107.6,504.4,migration,2031,172.4
r-luniniecki,2036,forecast,optimistic:adjusted,120.89,54.59,659.8,20.89,107.6,504.4,migration,2031,172.4
r-luniniecki,2041,forecast,optimistic:adjusted,119.59,55.5,643.8,19.59,107.6,504.4,migration,2031,172.4
r-luniniecki,2046,forecast,optimistic:adjusted,116.33,56.95,522.1,16.33,107.6,504.4,migration,2031,172.4
r-luniniecki,2051,forecast,optimistic:adjusted,114.46,58.45,393.6,14.46,107.6,504.4,migration,2031,172.4
r-luniniecki,2056,forecast,optimistic:adjusted,114.03,59.9,291.4,14.03,107.6,504.4,migration,2031,172.4
r-luniniecki,2026,forecast,optimistic:official,110.61,50.81,468.4,10.61,107.6,504.4,migration,2031,172.4
r-luniniecki,2031,forecast,optimistic:official,118.06,54.24,622.1,18.06,107.6,504.4,migration,2031,172.4
r-luniniecki,2036,forecast,optimistic:official,120.93,54.61,679.3,20.93,107.6,504.4,migration,2031,172.4
r-luniniecki,2041,forecast,optimistic:official,119.63,55.54,655.5,19.63,107.6,504.4,migration,2031,172.4
r-luniniecki,2046,forecast,optimistic:official,116.39,57.03,530.2,16.39,107.6,504.4,migration,2031,172.4
r-luniniecki,2051,forecast,optimistic:official,114.54,58.58,401.9,14.54,107.6,504.4,migration,2031,172.4
r-luniniecki,2056,forecast,optimistic:official,114.12,60.09,300.1,14.12,107.6,504.4,migration,2031,172.4
r-mahilouski,2009,census,,97.14,43.0,-1371,-2.86,717.1,2178.9,migration,,134.3
r-mahilouski,2019,census,,95.22,43.81,-2309,-4.78,717.1,2178.9,migration,,134.3
r-mahilouski,2026,forecast,base:adjusted,98.63,46.2,-485.9,-1.37,717.1,2178.9,migration,,134.3
r-mahilouski,2031,forecast,base:adjusted,105.06,46.86,1414.4,5.06,717.1,2178.9,migration,,134.3
r-mahilouski,2036,forecast,base:adjusted,108.1,46.47,2276.6,8.1,717.1,2178.9,migration,,134.3
r-mahilouski,2041,forecast,base:adjusted,108.54,45.3,2796.0,8.54,717.1,2178.9,migration,,134.3
r-mahilouski,2046,forecast,base:adjusted,104.94,46.9,1713.7,4.94,717.1,2178.9,migration,,134.3
r-mahilouski,2051,forecast,base:adjusted,104.22,50.64,1304.2,4.22,717.1,2178.9,migration,,134.3
r-mahilouski,2056,forecast,base:adjusted,104.44,53.99,1108.8,4.44,717.1,2178.9,migration,,134.3
r-mahilouski,2026,forecast,base:official,99.08,46.2,-342.8,-0.92,717.1,2178.9,migration,,134.3
r-mahilouski,2031,forecast,base:official,105.25,46.86,1544.2,5.25,717.1,2178.9,migration,,134.3
r-mahilouski,2036,forecast,base:official,108.18,46.5,2370.7,8.18,717.1,2178.9,migration,,134.3
r-mahilouski,2041,forecast,base:official,108.61,45.36,2870.9,8.61,717.1,2178.9,migration,,134.3
r-mahilouski,2046,forecast,base:official,105.04,47.01,1769.2,5.04,717.1,2178.9,migration,,134.3
r-mahilouski,2051,forecast,base:official,104.36,50.82,1373.9,4.36,717.1,2178.9,migration,,134.3
r-mahilouski,2056,forecast,base:official,104.58,54.27,1176.8,4.58,717.1,2178.9,migration,,134.3
r-mahilouski,2026,forecast,negative:adjusted,98.63,46.2,-485.9,-1.37,717.1,2178.9,migration,,134.3
r-mahilouski,2031,forecast,negative:adjusted,105.17,45.32,1413.9,5.17,717.1,2178.9,migration,,134.3
r-mahilouski,2036,forecast,negative:adjusted,108.38,43.29,2254.8,8.38,717.1,2178.9,migration,,134.3
r-mahilouski,2041,forecast,negative:adjusted,108.77,40.45,2738.8,8.77,717.1,2178.9,migration,,134.3
r-mahilouski,2046,forecast,negative:adjusted,104.95,40.32,1635.5,4.95,717.1,2178.9,migration,,134.3
r-mahilouski,2051,forecast,negative:adjusted,104.14,42.49,1208.8,4.14,717.1,2178.9,migration,,134.3
r-mahilouski,2056,forecast,negative:adjusted,104.35,44.53,948.6,4.35,717.1,2178.9,migration,,134.3
r-mahilouski,2026,forecast,negative:official,99.08,46.2,-342.8,-0.92,717.1,2178.9,migration,,134.3
r-mahilouski,2031,forecast,negative:official,105.35,45.32,1542.8,5.35,717.1,2178.9,migration,,134.3
r-mahilouski,2036,forecast,negative:official,108.45,43.31,2347.5,8.45,717.1,2178.9,migration,,134.3
r-mahilouski,2041,forecast,negative:official,108.83,40.51,2812.3,8.83,717.1,2178.9,migration,,134.3
r-mahilouski,2046,forecast,negative:official,105.05,40.44,1690.1,5.05,717.1,2178.9,migration,,134.3
r-mahilouski,2051,forecast,negative:official,104.29,42.7,1276.8,4.29,717.1,2178.9,migration,,134.3
r-mahilouski,2056,forecast,negative:official,104.5,44.84,1011.4,4.5,717.1,2178.9,migration,,134.3
r-mahilouski,2026,forecast,optimistic:adjusted,98.63,46.2,-485.9,-1.37,717.1,2178.9,migration,,134.3
r-mahilouski,2031,forecast,optimistic:adjusted,105.03,47.06,1413.4,5.03,717.1,2178.9,migration,,134.3
r-mahilouski,2036,forecast,optimistic:adjusted,108.05,46.91,2280.1,8.05,717.1,2178.9,migration,,134.3
r-mahilouski,2041,forecast,optimistic:adjusted,108.46,46.08,2807.2,8.46,717.1,2178.9,migration,,134.3
r-mahilouski,2046,forecast,optimistic:adjusted,104.89,47.94,1728.2,4.89,717.1,2178.9,migration,,134.3
r-mahilouski,2051,forecast,optimistic:adjusted,104.16,51.8,1322.1,4.16,717.1,2178.9,migration,,134.3
r-mahilouski,2056,forecast,optimistic:adjusted,104.35,55.12,1137.9,4.35,717.1,2178.9,migration,,134.3
r-mahilouski,2026,forecast,optimistic:official,99.08,46.2,-342.8,-0.92,717.1,2178.9,migration,,134.3
r-mahilouski,2031,forecast,optimistic:official,105.22,47.06,1543.1,5.22,717.1,2178.9,migration,,134.3
r-mahilouski,2036,forecast,optimistic:official,108.14,46.93,2374.5,8.14,717.1,2178.9,migration,,134.3
r-mahilouski,2041,forecast,optimistic:official,108.53,46.13,2882.2,8.53,717.1,2178.9,migration,,134.3
r-mahilouski,2046,forecast,optimistic:official,104.98,48.05,1784.2,4.98,717.1,2178.9,migration,,134.3
r-mahilouski,2051,forecast,optimistic:official,104.31,51.97,1392.0,4.31,717.1,2178.9,migration,,134.3
r-mahilouski,2056,forecast,optimistic:official,104.48,55.38,1206.7,4.48,717.1,2178.9,migration,,134.3
r-maladziechanski,2009,census,,98.76,41.16,-186,-1.24,219.5,467.9,migration,2036,57.4
r-maladziechanski,2019,census,,101.08,41.14,158,1.08,219.5,467.9,migration,2036,57.4
r-maladziechanski,2026,forecast,base:adjusted,108.14,42.68,963.7,8.14,219.5,467.9,migration,2036,57.4
r-maladziechanski,2031,forecast,base:adjusted,113.09,44.53,1153.6,13.09,219.5,467.9,migration,2036,57.4
r-maladziechanski,2036,forecast,base:adjusted,118.86,45.67,1377.7,18.86,219.5,467.9,migration,2036,57.4
r-maladziechanski,2041,forecast,base:adjusted,120.73,45.59,1472.4,20.73,219.5,467.9,migration,2036,57.4
r-maladziechanski,2046,forecast,base:adjusted,122.29,46.46,1495.5,22.29,219.5,467.9,migration,2036,57.4
r-maladziechanski,2051,forecast,base:adjusted,123.09,48.82,1298.1,23.09,219.5,467.9,migration,2036,57.4
r-maladziechanski,2056,forecast,base:adjusted,124.53,52.83,1038.5,24.53,219.5,467.9,migration,2036,57.4
r-maladziechanski,2026,forecast,base:official,108.28,42.68,995.0,8.28,219.5,467.9,migration,2036,57.4
r-maladziechanski,2031,forecast,base:official,113.2,44.53,1181.1,13.2,219.5,467.9,migration,2036,57.4
r-maladziechanski,2036,forecast,base:official,118.89,45.68,1394.3,18.89,219.5,467.9,migration,2036,57.4
r-maladziechanski,2041,forecast,base:official,120.77,45.61,1483.6,20.77,219.5,467.9,migration,2036,57.4
r-maladziechanski,2046,forecast,base:official,122.32,46.5,1504.2,22.32,219.5,467.9,migration,2036,57.4
r-maladziechanski,2051,forecast,base:official,123.13,48.89,1308.0,23.13,219.5,467.9,migration,2036,57.4
r-maladziechanski,2056,forecast,base:official,124.57,52.93,1049.2,24.57,219.5,467.9,migration,2036,57.4
r-maladziechanski,2026,forecast,negative:adjusted,108.14,42.68,963.7,8.14,219.5,467.9,migration,2036,57.4
r-maladziechanski,2031,forecast,negative:adjusted,113.11,42.81,1135.1,13.11,219.5,467.9,migration,2036,57.4
r-maladziechanski,2036,forecast,negative:adjusted,119.02,42.2,1339.4,19.02,219.5,467.9,migration,2036,57.4
r-maladziechanski,2041,forecast,negative:adjusted,120.82,40.26,1422.3,20.82,219.5,467.9,migration,2036,57.4
r-maladziechanski,2046,forecast,negative:adjusted,122.29,39.12,1440.2,22.29,219.5,467.9,migration,2036,57.4
r-maladziechanski,2051,forecast,negative:adjusted,122.98,39.56,1242.3,22.98,219.5,467.9,migration,2036,57.4
r-maladziechanski,2056,forecast,negative:adjusted,124.03,42.24,923.7,24.03,219.5,467.9,migration,2036,57.4
r-maladziechanski,2026,forecast,negative:official,108.28,42.68,995.0,8.28,219.5,467.9,migration,2036,57.4
r-maladziechanski,2031,forecast,negative:official,113.22,42.81,1162.4,13.22,219.5,467.9,migration,2036,57.4
r-maladziechanski,2036,forecast,negative:official,119.05,42.21,1355.6,19.05,219.5,467.9,migration,2036,57.4
r-maladziechanski,2041,forecast,negative:official,120.85,40.28,1433.6,20.85,219.5,467.9,migration,2036,57.4
r-maladziechanski,2046,forecast,negative:official,122.32,39.16,1448.8,22.32,219.5,467.9,migration,2036,57.4
r-maladziechanski,2051,forecast,negative:official,123.02,39.64,1251.8,23.02,219.5,467.9,migration,2036,57.4
r-maladziechanski,2056,forecast,negative:official,124.07,42.36,933.4,24.07,219.5,467.9,migration,2036,57.4
r-maladziechanski,2026,forecast,optimistic:adjusted,108.14,42.68,963.7,8.14,219.5,467.9,migration,2036,57.4
r-maladziechanski,2031,forecast,optimistic:adjusted,113.1,44.83,1154.1,13.1,219.5,467.9,migration,2036,57.4
r-maladziechanski,2036,forecast,optimistic:adjusted,118.89,46.25,1378.9,18.89,219.5,467.9,migration,2036,57.4
r-maladziechanski,2041,forecast,optimistic:adjusted,120.74,46.58,1479.4,20.74,219.5,467.9,migration,2036,57.4
r-maladziechanski,2046,forecast,optimistic:adjusted,122.28,47.82,1507.0,22.28,219.5,467.9,migration,2036,57.4
r-maladziechanski,2051,forecast,optimistic:adjusted,123.09,50.37,1311.2,23.09,219.5,467.9,migration,2036,57.4
r-maladziechanski,2056,forecast,optimistic:adjusted,124.56,54.27,1062.8,24.56,219.5,467.9,migration,2036,57.4
r-maladziechanski,2026,forecast,optimistic:official,108.28,42.68,995.0,8.28,219.5,467.9,migration,2036,57.4
r-maladziechanski,2031,forecast,optimistic:official,113.21,44.83,1181.6,13.21,219.5,467.9,migration,2036,57.4
r-maladziechanski,2036,forecast,optimistic:official,118.92,46.26,1395.2,18.92,219.5,467.9,migration,2036,57.4
r-maladziechanski,2041,forecast,optimistic:official,120.77,46.6,1490.9,20.77,219.5,467.9,migration,2036,57.4
r-maladziechanski,2046,forecast,optimistic:official,122.31,47.85,1515.8,22.31,219.5,467.9,migration,2036,57.4
r-maladziechanski,2051,forecast,optimistic:official,123.14,50.43,1321.1,23.14,219.5,467.9,migration,2036,57.4
r-maladziechanski,2056,forecast,optimistic:official,124.6,54.36,1073.6,24.6,219.5,467.9,migration,2036,57.4
r-malarycki,2009,census,,97.25,43.64,-70,-2.75,37.5,399.5,migration,2031,212.7
r-malarycki,2019,census,,96.73,43.02,-77,-3.27,37.5,399.5,migration,2031,212.7
r-malarycki,2026,forecast,base:adjusted,107.61,48.2,133.0,7.61,37.5,399.5,migration,2031,212.7
r-malarycki,2031,forecast,base:adjusted,118.88,52.95,268.8,18.88,37.5,399.5,migration,2031,212.7
r-malarycki,2036,forecast,base:adjusted,124.53,54.49,330.0,24.53,37.5,399.5,migration,2031,212.7
r-malarycki,2041,forecast,base:adjusted,123.51,55.5,335.6,23.51,37.5,399.5,migration,2031,212.7
r-malarycki,2046,forecast,base:adjusted,117.81,55.03,264.4,17.81,37.5,399.5,migration,2031,212.7
r-malarycki,2051,forecast,base:adjusted,114.73,55.32,196.7,14.73,37.5,399.5,migration,2031,212.7
r-malarycki,2056,forecast,base:adjusted,114.19,57.32,149.2,14.19,37.5,399.5,migration,2031,212.7
r-malarycki,2026,forecast,base:official,108.16,48.19,148.8,8.16,37.5,399.5,migration,2031,212.7
r-malarycki,2031,forecast,base:official,119.11,52.95,283.7,19.11,37.5,399.5,migration,2031,212.7
r-malarycki,2036,forecast,base:official,124.57,54.52,339.2,24.57,37.5,399.5,migration,2031,212.7
r-malarycki,2041,forecast,base:official,123.62,55.55,342.3,23.62,37.5,399.5,migration,2031,212.7
r-malarycki,2046,forecast,base:official,117.87,55.1,268.3,17.87,37.5,399.5,migration,2031,212.7
r-malarycki,2051,forecast,base:official,114.82,55.43,200.7,14.82,37.5,399.5,migration,2031,212.7
r-malarycki,2056,forecast,base:official,114.28,57.51,153.6,14.28,37.5,399.5,migration,2031,212.7
r-malarycki,2026,forecast,negative:adjusted,107.61,48.2,133.0,7.61,37.5,399.5,migration,2031,212.7
r-malarycki,2031,forecast,negative:adjusted,118.91,51.54,264.7,18.91,37.5,399.5,migration,2031,212.7
r-malarycki,2036,forecast,negative:adjusted,124.78,51.51,322.0,24.78,37.5,399.5,migration,2031,212.7
r-malarycki,2041,forecast,negative:adjusted,123.63,50.94,324.9,23.63,37.5,399.5,migration,2031,212.7
r-malarycki,2046,forecast,negative:adjusted,117.8,48.94,254.1,17.8,37.5,399.5,migration,2031,212.7
r-malarycki,2051,forecast,negative:adjusted,114.66,47.8,187.0,14.66,37.5,399.5,migration,2031,212.7
r-malarycki,2056,forecast,negative:adjusted,114.02,48.55,131.0,14.02,37.5,399.5,migration,2031,212.7
r-malarycki,2026,forecast,negative:official,108.16,48.19,148.8,8.16,37.5,399.5,migration,2031,212.7
r-malarycki,2031,forecast,negative:official,119.14,51.54,279.6,19.14,37.5,399.5,migration,2031,212.7
r-malarycki,2036,forecast,negative:official,124.82,51.54,331.3,24.82,37.5,399.5,migration,2031,212.7
r-malarycki,2041,forecast,negative:official,123.74,50.98,331.5,23.74,37.5,399.5,migration,2031,212.7
r-malarycki,2046,forecast,negative:official,117.87,49.02,258.1,17.87,37.5,399.5,migration,2031,212.7
r-malarycki,2051,forecast,negative:official,114.74,47.92,190.9,14.74,37.5,399.5,migration,2031,212.7
r-malarycki,2056,forecast,negative:official,114.1,48.75,134.9,14.1,37.5,399.5,migration,2031,212.7
r-malarycki,2026,forecast,optimistic:adjusted,107.61,48.2,133.0,7.61,37.5,399.5,migration,2031,212.7
r-malarycki,2031,forecast,optimistic:adjusted,118.86,53.01,269.6,18.86,37.5,399.5,migration,2031,212.7
r-malarycki,2036,forecast,optimistic:adjusted,124.48,54.69,331.8,24.48,37.5,399.5,migration,2031,212.7
r-malarycki,2041,forecast,optimistic:adjusted,123.42,55.93,339.0,23.42,37.5,399.5,migration,2031,212.7
r-malarycki,2046,forecast,optimistic:adjusted,117.74,55.61,268.4,17.74,37.5,399.5,migration,2031,212.7
r-malarycki,2051,forecast,optimistic:adjusted,114.65,55.99,200.4,14.65,37.5,399.5,migration,2031,212.7
r-malarycki,2056,forecast,optimistic:adjusted,114.09,57.92,154.5,14.09,37.5,399.5,migration,2031,212.7
r-malarycki,2026,forecast,optimistic:official,108.16,48.19,148.8,8.16,37.5,399.5,migration,2031,212.7
r-malarycki,2031,forecast,optimistic:official,119.09,53.0,284.5,19.09,37.5,399.5,migration,2031,212.7
r-malarycki,2036,forecast,optimistic:official,124.51,54.71,341.0,24.51,37.5,399.5,migration,2031,212.7
r-malarycki,2041,forecast,optimistic:official,123.52,55.96,345.6,23.52,37.5,399.5,migration,2031,212.7
r-malarycki,2046,forecast,optimistic:official,117.78,55.69,272.0,17.78,37.5,399.5,migration,2031,212.7
r-malarycki,2051,forecast,optimistic:official,114.74,56.1,204.5,14.74,37.5,399.5,migration,2031,212.7
r-malarycki,2056,forecast,optimistic:official,114.16,58.1,158.8,14.16,37.5,399.5,migration,2031,212.7
r-mastouski,2009,census,,99.29,40.27,-23,-0.71,37.9,137.1,migration,,169.6
r-mastouski,2019,census,,102.04,37.42,43,2.04,37.9,137.1,migration,,169.6
r-mastouski,2026,forecast,base:adjusted,102.28,41.9,35.4,2.28,37.9,137.1,migration,,169.6
r-mastouski,2031,forecast,base:adjusted,99.5,47.03,-6.5,-0.5,37.9,137.1,migration,,169.6
r-mastouski,2036,forecast,base:adjusted,95.79,49.97,-54.2,-4.21,37.9,137.1,migration,,169.6
r-mastouski,2041,forecast,base:adjusted,92.39,50.85,-99.9,-7.61,37.9,137.1,migration,,169.6
r-mastouski,2046,forecast,base:adjusted,93.3,50.24,-80.2,-6.7,37.9,137.1,migration,,169.6
r-mastouski,2051,forecast,base:adjusted,95.46,50.3,-43.4,-4.54,37.9,137.1,migration,,169.6
r-mastouski,2056,forecast,base:adjusted,96.25,51.79,-26.0,-3.75,37.9,137.1,migration,,169.6
r-mastouski,2026,forecast,base:official,102.74,41.9,45.0,2.74,37.9,137.1,migration,,169.6
r-mastouski,2031,forecast,base:official,99.9,47.02,-1.3,-0.1,37.9,137.1,migration,,169.6
r-mastouski,2036,forecast,base:official,96.01,49.99,-53.1,-3.99,37.9,137.1,migration,,169.6
r-mastouski,2041,forecast,base:official,92.49,50.9,-100.6,-7.51,37.9,137.1,migration,,169.6
r-mastouski,2046,forecast,base:official,93.4,50.33,-80.3,-6.6,37.9,137.1,migration,,169.6
r-mastouski,2051,forecast,base:official,95.6,50.44,-43.0,-4.4,37.9,137.1,migration,,169.6
r-mastouski,2056,forecast,base:official,96.34,52.02,-26.2,-3.66,37.9,137.1,migration,,169.6
r-mastouski,2026,forecast,negative:adjusted,102.28,41.9,35.4,2.28,37.9,137.1,migration,,169.6
r-mastouski,2031,forecast,negative:adjusted,99.51,45.66,-6.3,-0.49,37.9,137.1,migration,,169.6
r-mastouski,2036,forecast,negative:adjusted,95.8,47.08,-52.2,-4.2,37.9,137.1,migration,,169.6
r-mastouski,2041,forecast,negative:adjusted,92.3,46.43,-97.5,-7.7,37.9,137.1,migration,,169.6
r-mastouski,2046,forecast,negative:adjusted,93.18,44.33,-78.6,-6.82,37.9,137.1,migration,,169.6
r-mastouski,2051,forecast,negative:adjusted,95.37,42.89,-42.3,-4.63,37.9,137.1,migration,,169.6
r-mastouski,2056,forecast,negative:adjusted,96.11,43.16,-24.0,-3.89,37.9,137.1,migration,,169.6
r-mastouski,2026,forecast,negative:official,102.74,41.9,45.0,2.74,37.9,137.1,migration,,169.6
r-mastouski,2031,forecast,negative:official,99.93,45.66,-1.0,-0.07,37.9,137.1,migration,,169.6
r-mastouski,2036,forecast,negative:official,96.03,47.11,-51.1,-3.97,37.9,137.1,migration,,169.6
r-mastouski,2041,forecast,negative:official,92.4,46.49,-98.2,-7.6,37.9,137.1,migration,,169.6
r-mastouski,2046,forecast,negative:official,93.28,44.43,-78.7,-6.72,37.9,137.1,migration,,169.6
r-mastouski,2051,forecast,negative:official,95.49,43.04,-42.1,-4.51,37.9,137.1,migration,,169.6
r-mastouski,2056,forecast,negative:official,96.22,43.4,-24.1,-3.78,37.9,137.1,migration,,169.6
r-mastouski,2026,forecast,optimistic:adjusted,102.28,41.9,35.4,2.28,37.9,137.1,migration,,169.6
r-mastouski,2031,forecast,optimistic:adjusted,99.49,47.11,-6.7,-0.51,37.9,137.1,migration,,169.6
r-mastouski,2036,forecast,optimistic:adjusted,95.79,50.19,-54.5,-4.21,37.9,137.1,migration,,169.6
r-mastouski,2041,forecast,optimistic:adjusted,92.37,51.31,-101.3,-7.63,37.9,137.1,migration,,169.6
r-mastouski,2046,forecast,optimistic:adjusted,93.29,50.88,-81.6,-6.71,37.9,137.1,migration,,169.6
r-mastouski,2051,forecast,optimistic:adjusted,95.44,51.02,-44.5,-4.56,37.9,137.1,migration,,169.6
r-mastouski,2056,forecast,optimistic:adjusted,96.16,52.35,-27.7,-3.84,37.9,137.1,migration,,169.6
r-mastouski,2026,forecast,optimistic:official,102.74,41.9,45.0,2.74,37.9,137.1,migration,,169.6
r-mastouski,2031,forecast,optimistic:official,99.91,47.1,-1.3,-0.09,37.9,137.1,migration,,169.6
r-mastouski,2036,forecast,optimistic:official,96.01,50.22,-53.4,-3.99,37.9,137.1,migration,,169.6
r-mastouski,2041,forecast,optimistic:official,92.48,51.36,-101.9,-7.52,37.9,137.1,migration,,169.6
r-mastouski,2046,forecast,optimistic:official,93.4,50.97,-81.6,-6.6,37.9,137.1,migration,,169.6
r-mastouski,2051,forecast,optimistic:official,95.55,51.15,-44.4,-4.45,37.9,137.1,migration,,169.6
r-mastouski,2056,forecast,optimistic:official,96.25,52.56,-27.9,-3.75,37.9,137.1,migration,,169.6
r-mazyrski,2009,census,,104.33,46.4,657,4.33,227.7,555.5,migration,,210.9
r-mazyrski,2019,census,,100.91,45.66,137,0.91,227.7,555.5,migration,,210.9
r-mazyrski,2026,forecast,base:adjusted,102.2,46.39,262.2,2.2,227.7,555.5,migration,,210.9
r-mazyrski,2031,forecast,base:adjusted,103.93,48.85,397.0,3.93,227.7,555.5,migration,,210.9
r-mazyrski,2036,forecast,base:adjusted,106.1,50.38,592.6,6.1,227.7,555.5,migration,,210.9
r-mazyrski,2041,forecast,base:adjusted,106.92,51.44,727.4,6.92,227.7,555.5,migration,,210.9
r-mazyrski,2046,forecast,base:adjusted,107.62,53.04,820.7,7.62,227.7,555.5,migration,,210.9
r-mazyrski,2051,forecast,base:adjusted,106.78,54.67,651.1,6.78,227.7,555.5,migration,,210.9
r-mazyrski,2056,forecast,base:adjusted,105.78,57.61,448.6,5.78,227.7,555.5,migration,,210.9
r-mazyrski,2026,forecast,base:official,102.87,46.39,359.2,2.87,227.7,555.5,migration,,210.9
r-mazyrski,2031,forecast,base:official,104.34,48.84,459.8,4.34,227.7,555.5,migration,,210.9
r-mazyrski,2036,forecast,base:official,106.23,50.41,622.7,6.23,227.7,555.5,migration,,210.9
r-mazyrski,2041,forecast,base:official,106.94,51.5,741.8,6.94,227.7,555.5,migration,,210.9
r-mazyrski,2046,forecast,base:official,107.68,53.15,837.5,7.68,227.7,555.5,migration,,210.9
r-mazyrski,2051,forecast,base:official,106.89,54.86,672.8,6.89,227.7,555.5,migration,,210.9
r-mazyrski,2056,forecast,base:official,105.85,57.9,466.9,5.85,227.7,555.5,migration,,210.9
r-mazyrski,2026,forecast,negative:adjusted,102.2,46.39,262.2,2.2,227.7,555.5,migration,,210.9
r-mazyrski,2031,forecast,negative:adjusted,103.92,47.41,389.4,3.92,227.7,555.5,migration,,210.9
r-mazyrski,2036,forecast,negative:adjusted,106.24,47.37,585.4,6.24,227.7,555.5,migration,,210.9
r-mazyrski,2041,forecast,negative:adjusted,107.07,46.78,715.0,7.07,227.7,555.5,migration,,210.9
r-mazyrski,2046,forecast,negative:adjusted,107.68,46.63,795.0,7.68,227.7,555.5,migration,,210.9
r-mazyrski,2051,forecast,negative:adjusted,106.77,46.56,620.4,6.77,227.7,555.5,migration,,210.9
r-mazyrski,2056,forecast,negative:adjusted,105.96,48.08,408.3,5.96,227.7,555.5,migration,,210.9
r-mazyrski,2026,forecast,negative:official,102.87,46.39,359.2,2.87,227.7,555.5,migration,,210.9
r-mazyrski,2031,forecast,negative:official,104.33,47.4,451.7,4.33,227.7,555.5,migration,,210.9
r-mazyrski,2036,forecast,negative:official,106.36,47.4,614.8,6.36,227.7,555.5,migration,,210.9
r-mazyrski,2041,forecast,negative:official,107.08,46.84,729.1,7.08,227.7,555.5,migration,,210.9
r-mazyrski,2046,forecast,negative:official,107.74,46.75,811.4,7.74,227.7,555.5,migration,,210.9
r-mazyrski,2051,forecast,negative:official,106.88,46.77,641.9,6.88,227.7,555.5,migration,,210.9
r-mazyrski,2056,forecast,negative:official,106.03,48.39,425.2,6.03,227.7,555.5,migration,,210.9
r-mazyrski,2026,forecast,optimistic:adjusted,102.2,46.39,262.2,2.2,227.7,555.5,migration,,210.9
r-mazyrski,2031,forecast,optimistic:adjusted,103.92,48.99,398.0,3.92,227.7,555.5,migration,,210.9
r-mazyrski,2036,forecast,optimistic:adjusted,106.06,50.73,593.3,6.06,227.7,555.5,migration,,210.9
r-mazyrski,2041,forecast,optimistic:adjusted,106.84,52.09,728.8,6.84,227.7,555.5,migration,,210.9
r-mazyrski,2046,forecast,optimistic:adjusted,107.52,53.94,825.6,7.52,227.7,555.5,migration,,210.9
r-mazyrski,2051,forecast,optimistic:adjusted,106.67,55.73,656.7,6.67,227.7,555.5,migration,,210.9
r-mazyrski,2056,forecast,optimistic:adjusted,105.6,58.64,454.8,5.6,227.7,555.5,migration,,210.9
r-mazyrski,2026,forecast,optimistic:official,102.87,46.39,359.2,2.87,227.7,555.5,migration,,210.9
r-mazyrski,2031,forecast,optimistic:official,104.33,48.99,460.9,4.33,227.7,555.5,migration,,210.9
r-mazyrski,2036,forecast,optimistic:official,106.18,50.76,623.3,6.18,227.7,555.5,migration,,210.9
r-mazyrski,2041,forecast,optimistic:official,106.86,52.14,743.1,6.86,227.7,555.5,migration,,210.9
r-mazyrski,2046,forecast,optimistic:official,107.59,54.05,842.4,7.59,227.7,555.5,migration,,210.9
r-mazyrski,2051,forecast,optimistic:official,106.78,55.92,678.8,6.78,227.7,555.5,migration,,210.9
r-mazyrski,2056,forecast,optimistic:official,105.67,58.92,473.2,5.67,227.7,555.5,migration,,210.9
r-miadzielski,2009,census,,96.01,37.92,-110,-3.99,33.6,126.0,migration,,103.1
r-miadzielski,2019,census,,104.76,38.33,109,4.76,33.6,126.0,migration,,103.1
r-miadzielski,2026,forecast,base:adjusted,106.85,42.79,134.2,6.85,33.6,126.0,migration,,103.1
r-miadzielski,2031,forecast,base:adjusted,106.2,47.12,95.7,6.2,33.6,126.0,migration,,103.1
r-miadzielski,2036,forecast,base:adjusted,106.59,50.23,84.1,6.59,33.6,126.0,migration,,103.1
r-miadzielski,2041,forecast,base:adjusted,103.44,49.93,42.5,3.44,33.6,126.0,migration,,103.1
r-miadzielski,2046,forecast,base:adjusted,103.22,48.45,37.1,3.22,33.6,126.0,migration,,103.1
r-miadzielski,2051,forecast,base:adjusted,102.86,48.84,27.7,2.86,33.6,126.0,migration,,103.1
r-miadzielski,2056,forecast,base:adjusted,104.3,51.69,31.5,4.3,33.6,126.0,migration,,103.1
r-miadzielski,2026,forecast,base:official,106.98,42.78,138.9,6.98,33.6,126.0,migration,,103.1
r-miadzielski,2031,forecast,base:official,106.35,47.12,99.5,6.35,33.6,126.0,migration,,103.1
r-miadzielski,2036,forecast,base:official,106.66,50.24,85.9,6.66,33.6,126.0,migration,,103.1
r-miadzielski,2041,forecast,base:official,103.46,49.95,43.0,3.46,33.6,126.0,migration,,103.1
r-miadzielski,2046,forecast,base:official,103.25,48.48,37.6,3.25,33.6,126.0,migration,,103.1
r-miadzielski,2051,forecast,base:official,102.9,48.9,28.2,2.9,33.6,126.0,migration,,103.1
r-miadzielski,2056,forecast,base:official,104.35,51.78,32.2,4.35,33.6,126.0,migration,,103.1
r-miadzielski,2026,forecast,negative:adjusted,106.85,42.79,134.2,6.85,33.6,126.0,migration,,103.1
r-miadzielski,2031,forecast,negative:adjusted,106.24,45.31,94.5,6.24,33.6,126.0,migration,,103.1
r-miadzielski,2036,forecast,negative:adjusted,106.7,46.47,82.4,6.7,33.6,126.0,migration,,103.1
r-miadzielski,2041,forecast,negative:adjusted,103.48,44.15,41.4,3.48,33.6,126.0,migration,,103.1
r-miadzielski,2046,forecast,negative:adjusted,103.21,40.71,35.6,3.21,33.6,126.0,migration,,103.1
r-miadzielski,2051,forecast,negative:adjusted,102.74,39.27,25.5,2.74,33.6,126.0,migration,,103.1
r-miadzielski,2056,forecast,negative:adjusted,104.02,40.94,26.7,4.02,33.6,126.0,migration,,103.1
r-miadzielski,2026,forecast,negative:official,106.98,42.78,138.9,6.98,33.6,126.0,migration,,103.1
r-miadzielski,2031,forecast,negative:official,106.37,45.3,98.1,6.37,33.6,126.0,migration,,103.1
r-miadzielski,2036,forecast,negative:official,106.76,46.48,84.1,6.76,33.6,126.0,migration,,103.1
r-miadzielski,2041,forecast,negative:official,103.51,44.17,42.0,3.51,33.6,126.0,migration,,103.1
r-miadzielski,2046,forecast,negative:official,103.24,40.75,36.1,3.24,33.6,126.0,migration,,103.1
r-miadzielski,2051,forecast,negative:official,102.78,39.34,26.0,2.78,33.6,126.0,migration,,103.1
r-miadzielski,2056,forecast,negative:official,104.07,41.07,27.3,4.07,33.6,126.0,migration,,103.1
r-miadzielski,2026,forecast,optimistic:adjusted,106.85,42.79,134.2,6.85,33.6,126.0,migration,,103.1
r-miadzielski,2031,forecast,optimistic:adjusted,106.23,47.43,96.0,6.23,33.6,126.0,migration,,103.1
r-miadzielski,2036,forecast,optimistic:adjusted,106.62,50.84,84.4,6.62,33.6,126.0,migration,,103.1
r-miadzielski,2041,forecast,optimistic:adjusted,103.44,50.99,42.7,3.44,33.6,126.0,migration,,103.1
r-miadzielski,2046,forecast,optimistic:adjusted,103.22,49.89,37.4,3.22,33.6,126.0,migration,,103.1
r-miadzielski,2051,forecast,optimistic:adjusted,102.86,50.47,27.9,2.86,33.6,126.0,migration,,103.1
r-miadzielski,2056,forecast,optimistic:adjusted,104.31,53.14,32.3,4.31,33.6,126.0,migration,,103.1
r-miadzielski,2026,forecast,optimistic:official,106.98,42.78,138.9,6.98,33.6,126.0,migration,,103.1
r-miadzielski,2031,forecast,optimistic:official,106.36,47.43,99.6,6.36,33.6,126.0,migration,,103.1
r-miadzielski,2036,forecast,optimistic:official,106.69,50.85,86.2,6.69,33.6,126.0,migration,,103.1
r-miadzielski,2041,forecast,optimistic:official,103.49,51.01,43.6,3.49,33.6,126.0,migration,,103.1
r-miadzielski,2046,forecast,optimistic:official,103.24,49.92,37.8,3.24,33.6,126.0,migration,,103.1
r-miadzielski,2051,forecast,optimistic:official,102.91,50.53,28.6,2.91,33.6,126.0,migration,,103.1
r-miadzielski,2056,forecast,optimistic:official,104.37,53.23,33.0,4.37,33.6,126.0,migration,,103.1
r-mijorski,2009,census,,102.73,38.12,61,2.73,27.4,67.4,migration,2026,175.5
r-mijorski,2019,census,,112.31,41.81,187,12.31,27.4,67.4,migration,2026,175.5
r-mijorski,2026,forecast,base:adjusted,119.31,46.34,209.1,19.31,27.4,67.4,migration,2026,175.5
r-mijorski,2031,forecast,base:adjusted,123.52,51.82,201.8,23.52,27.4,67.4,migration,2026,175.5
r-mijorski,2036,forecast,base:adjusted,115.85,54.58,131.0,15.85,27.4,67.4,migration,2026,175.5
r-mijorski,2041,forecast,base:adjusted,110.07,56.46,86.7,10.07,27.4,67.4,migration,2026,175.5
r-mijorski,2046,forecast,base:adjusted,109.17,56.84,74.7,9.17,27.4,67.4,migration,2026,175.5
r-mijorski,2051,forecast,base:adjusted,110.73,58.33,71.6,10.73,27.4,67.4,migration,2026,175.5
r-mijorski,2056,forecast,base:adjusted,111.05,61.51,53.6,11.05,27.4,67.4,migration,2026,175.5
r-mijorski,2026,forecast,base:official,119.82,46.34,226.0,19.82,27.4,67.4,migration,2026,175.5
r-mijorski,2031,forecast,base:official,123.79,51.81,215.3,23.79,27.4,67.4,migration,2026,175.5
r-mijorski,2036,forecast,base:official,116.1,54.61,137.6,16.1,27.4,67.4,migration,2026,175.5
r-mijorski,2041,forecast,base:official,110.3,56.52,90.5,10.3,27.4,67.4,migration,2026,175.5
r-mijorski,2046,forecast,base:official,109.29,56.93,77.0,9.29,27.4,67.4,migration,2026,175.5
r-mijorski,2051,forecast,base:official,110.87,58.47,74.2,10.87,27.4,67.4,migration,2026,175.5
r-mijorski,2056,forecast,base:official,111.13,61.73,55.8,11.13,27.4,67.4,migration,2026,175.5
r-mijorski,2026,forecast,negative:adjusted,119.31,46.34,209.1,19.31,27.4,67.4,migration,2026,175.5
r-mijorski,2031,forecast,negative:adjusted,123.62,50.35,198.8,23.62,27.4,67.4,migration,2026,175.5
r-mijorski,2036,forecast,negative:adjusted,115.99,51.49,127.2,15.99,27.4,67.4,migration,2026,175.5
r-mijorski,2041,forecast,negative:adjusted,110.06,51.69,83.2,10.06,27.4,67.4,migration,2026,175.5
r-mijorski,2046,forecast,negative:adjusted,109.11,50.36,71.0,9.11,27.4,67.4,migration,2026,175.5
r-mijorski,2051,forecast,negative:adjusted,110.72,50.09,67.7,10.72,27.4,67.4,migration,2026,175.5
r-mijorski,2056,forecast,negative:adjusted,111.08,51.68,47.1,11.08,27.4,67.4,migration,2026,175.5
r-mijorski,2026,forecast,negative:official,119.82,46.34,226.0,19.82,27.4,67.4,migration,2026,175.5
r-mijorski,2031,forecast,negative:official,123.91,50.34,212.4,23.91,27.4,67.4,migration,2026,175.5
r-mijorski,2036,forecast,negative:official,116.22,51.53,133.6,16.22,27.4,67.4,migration,2026,175.5
r-mijorski,2041,forecast,negative:official,110.29,51.75,86.9,10.29,27.4,67.4,migration,2026,175.5
r-mijorski,2046,forecast,negative:official,109.23,50.45,73.2,9.23,27.4,67.4,migration,2026,175.5
r-mijorski,2051,forecast,negative:official,110.86,50.24,70.2,10.86,27.4,67.4,migration,2026,175.5
r-mijorski,2056,forecast,negative:official,111.2,51.93,49.3,11.2,27.4,67.4,migration,2026,175.5
r-mijorski,2026,forecast,optimistic:adjusted,119.31,46.34,209.1,19.31,27.4,67.4,migration,2026,175.5
r-mijorski,2031,forecast,optimistic:adjusted,123.47,51.92,202.3,23.47,27.4,67.4,migration,2026,175.5
r-mijorski,2036,forecast,optimistic:adjusted,115.83,54.85,132.0,15.83,27.4,67.4,migration,2026,175.5
r-mijorski,2041,forecast,optimistic:adjusted,110.03,56.99,87.7,10.03,27.4,67.4,migration,2026,175.5
r-mijorski,2046,forecast,optimistic:adjusted,109.13,57.57,75.9,9.13,27.4,67.4,migration,2026,175.5
r-mijorski,2051,forecast,optimistic:adjusted,110.64,59.17,73.0,10.64,27.4,67.4,migration,2026,175.5
r-mijorski,2056,forecast,optimistic:adjusted,110.85,62.17,55.3,10.85,27.4,67.4,migration,2026,175.5
r-mijorski,2026,forecast,optimistic:official,119.82,46.34,226.0,19.82,27.4,67.4,migration,2026,175.5
r-mijorski,2031,forecast,optimistic:official,123.75,51.91,215.9,23.75,27.4,67.4,migration,2026,175.5
r-mijorski,2036,forecast,optimistic:official,116.04,54.87,138.3,16.04,27.4,67.4,migration,2026,175.5
r-mijorski,2041,forecast,optimistic:official,110.27,57.03,91.6,10.27,27.4,67.4,migration,2026,175.5
r-mijorski,2046,forecast,optimistic:official,109.25,57.65,78.2,9.25,27.4,67.4,migration,2026,175.5
r-mijorski,2051,forecast,optimistic:official,110.77,59.29,75.5,10.77,27.4,67.4,migration,2026,175.5
r-mijorski,2056,forecast,optimistic:official,110.96,62.4,57.7,10.96,27.4,67.4,migration,2026,175.5
r-minski,2009,census,,97.09,43.8,-595,-2.91,308.9,3586.1,migration,,0.0
r-minski,2019,census,,91.28,46.42,-3150,-8.72,308.9,3586.1,migration,,0.0
r-minski,2026,forecast,base:adjusted,90.51,47.67,-2996.6,-9.49,308.9,3586.1,migration,,0.0
r-minski,2031,forecast,base:adjusted,89.69,49.73,-3079.1,-10.31,308.9,3586.1,migration,,0.0
r-minski,2036,forecast,base:adjusted,91.68,51.43,-2759.9,-8.32,308.9,3586.1,migration,,0.0
r-minski,2041,forecast,base:adjusted,91.48,52.27,-3636.4,-8.52,308.9,3586.1,migration,,0.0
r-minski,2046,forecast,base:adjusted,93.32,54.55,-3387.8,-6.68,308.9,3586.1,migration,,0.0
r-minski,2051,forecast,base:adjusted,93.95,57.37,-3222.3,-6.05,308.9,3586.1,migration,,0.0
r-minski,2056,forecast,base:adjusted,94.33,60.53,-2927.4,-5.67,308.9,3586.1,migration,,0.0
r-minski,2026,forecast,base:official,90.62,47.67,-3004.7,-9.38,308.9,3586.1,migration,,0.0
r-minski,2031,forecast,base:official,89.8,49.73,-3093.0,-10.2,308.9,3586.1,migration,,0.0
r-minski,2036,forecast,base:official,91.73,51.44,-2767.6,-8.27,308.9,3586.1,migration,,0.0
r-minski,2041,forecast,base:official,91.51,52.29,-3644.4,-8.49,308.9,3586.1,migration,,0.0
r-minski,2046,forecast,base:official,93.34,54.6,-3391.7,-6.66,308.9,3586.1,migration,,0.0
r-minski,2051,forecast,base:official,93.98,57.45,-3222.2,-6.02,308.9,3586.1,migration,,0.0
r-minski,2056,forecast,base:official,94.35,60.63,-2939.1,-5.65,308.9,3586.1,migration,,0.0
r-minski,2026,forecast,negative:adjusted,90.51,47.67,-2996.6,-9.49,308.9,3586.1,migration,,0.0
r-minski,2031,forecast,negative:adjusted,89.71,47.83,-3021.3,-10.29,308.9,3586.1,migration,,0.0
r-minski,2036,forecast,negative:adjusted,91.78,47.56,-2631.4,-8.22,308.9,3586.1,migration,,0.0
r-minski,2041,forecast,negative:adjusted,91.5,46.27,-3491.3,-8.5,308.9,3586.1,migration,,0.0
r-minski,2046,forecast,negative:adjusted,93.3,46.32,-3274.5,-6.7,308.9,3586.1,migration,,0.0
r-minski,2051,forecast,negative:adjusted,93.85,47.21,-3152.6,-6.15,308.9,3586.1,migration,,0.0
r-minski,2056,forecast,negative:adjusted,94.32,49.16,-2650.2,-5.68,308.9,3586.1,migration,,0.0
r-minski,2026,forecast,negative:official,90.62,47.67,-3004.7,-9.38,308.9,3586.1,migration,,0.0
r-minski,2031,forecast,negative:official,89.81,47.84,-3035.6,-10.19,308.9,3586.1,migration,,0.0
r-minski,2036,forecast,negative:official,91.83,47.57,-2639.7,-8.17,308.9,3586.1,migration,,0.0
r-minski,2041,forecast,negative:official,91.53,46.29,-3499.8,-8.47,308.9,3586.1,migration,,0.0
r-minski,2046,forecast,negative:official,93.31,46.37,-3278.8,-6.69,308.9,3586.1,migration,,0.0
r-minski,2051,forecast,negative:official,93.88,47.29,-3153.4,-6.12,308.9,3586.1,migration,,0.0
r-minski,2056,forecast,negative:official,94.35,49.28,-2659.7,-5.65,308.9,3586.1,migration,,0.0
r-minski,2026,forecast,optimistic:adjusted,90.51,47.67,-2996.6,-9.49,308.9,3586.1,migration,,0.0
r-minski,2031,forecast,optimistic:adjusted,89.7,50.06,-3077.2,-10.3,308.9,3586.1,migration,,0.0
r-minski,2036,forecast,optimistic:adjusted,91.7,52.08,-2751.3,-8.3,308.9,3586.1,migration,,0.0
r-minski,2041,forecast,optimistic:adjusted,91.49,53.39,-3649.3,-8.51,308.9,3586.1,migration,,0.0
r-minski,2046,forecast,optimistic:adjusted,93.32,56.11,-3413.7,-6.68,308.9,3586.1,migration,,0.0
r-minski,2051,forecast,optimistic:adjusted,93.96,59.17,-3249.6,-6.04,308.9,3586.1,migration,,0.0
r-minski,2056,forecast,optimistic:adjusted,94.31,62.29,-3004.2,-5.69,308.9,3586.1,migration,,0.0
r-minski,2026,forecast,optimistic:official,90.62,47.67,-3004.7,-9.38,308.9,3586.1,migration,,0.0
r-minski,2031,forecast,optimistic:official,89.8,50.06,-3091.2,-10.2,308.9,3586.1,migration,,0.0
r-minski,2036,forecast,optimistic:official,91.75,52.1,-2759.3,-8.25,308.9,3586.1,migration,,0.0
r-minski,2041,forecast,optimistic:official,91.52,53.41,-3657.5,-8.48,308.9,3586.1,migration,,0.0
r-minski,2046,forecast,optimistic:official,93.34,56.16,-3417.5,-6.66,308.9,3586.1,migration,,0.0
r-minski,2051,forecast,optimistic:official,93.99,59.24,-3249.4,-6.01,308.9,3586.1,migration,,0.0
r-minski,2056,forecast,optimistic:official,94.33,62.38,-3016.3,-5.67,308.9,3586.1,migration,,0.0
r-mscislauski,2009,census,,98.03,43.88,-48,-1.97,35.3,233.7,migration,,214.0
r-mscislauski,2019,census,,107.31,42.22,130,7.31,35.3,233.7,migration,,214.0
r-mscislauski,2026,forecast,base:adjusted,108.76,48.89,109.5,8.76,35.3,233.7,migration,,214.0
r-mscislauski,2031,forecast,base:adjusted,112.35,51.91,118.2,12.35,35.3,233.7,migration,,214.0
r-mscislauski,2036,forecast,base:adjusted,114.16,52.25,124.7,14.16,35.3,233.7,migration,,214.0
r-mscislauski,2041,forecast,base:adjusted,110.95,50.94,97.4,10.95,35.3,233.7,migration,,214.0
r-mscislauski,2046,forecast,base:adjusted,100.87,49.85,7.6,0.87,35.3,233.7,migration,,214.0
r-mscislauski,2051,forecast,base:adjusted,95.18,50.97,-35.5,-4.82,35.3,233.7,migration,,214.0
r-mscislauski,2056,forecast,base:adjusted,95.53,54.76,-24.5,-4.47,35.3,233.7,migration,,214.0
r-mscislauski,2026,forecast,base:official,109.25,48.9,121.9,9.25,35.3,233.7,migration,,214.0
r-mscislauski,2031,forecast,base:official,112.6,51.91,127.4,12.6,35.3,233.7,migration,,214.0
r-mscislauski,2036,forecast,base:official,114.33,52.28,130.7,14.33,35.3,233.7,migration,,214.0
r-mscislauski,2041,forecast,base:official,111.09,51.01,100.7,11.09,35.3,233.7,migration,,214.0
r-mscislauski,2046,forecast,base:official,100.94,49.97,8.3,0.94,35.3,233.7,migration,,214.0
r-mscislauski,2051,forecast,base:official,95.31,51.14,-35.2,-4.69,35.3,233.7,migration,,214.0
r-mscislauski,2056,forecast,base:official,95.67,55.05,-24.5,-4.33,35.3,233.7,migration,,214.0
r-mscislauski,2026,forecast,negative:adjusted,108.76,48.89,109.5,8.76,35.3,233.7,migration,,214.0
r-mscislauski,2031,forecast,negative:adjusted,112.46,50.25,116.6,12.46,35.3,233.7,migration,,214.0
r-mscislauski,2036,forecast,negative:adjusted,114.4,48.78,121.3,14.4,35.3,233.7,migration,,214.0
r-mscislauski,2041,forecast,negative:adjusted,111.08,45.64,94.0,11.08,35.3,233.7,migration,,214.0
r-mscislauski,2046,forecast,negative:adjusted,100.87,42.85,7.2,0.87,35.3,233.7,migration,,214.0
r-mscislauski,2051,forecast,negative:adjusted,95.11,42.37,-34.0,-4.89,35.3,233.7,migration,,214.0
r-mscislauski,2056,forecast,negative:adjusted,95.31,44.9,-22.6,-4.69,35.3,233.7,migration,,214.0
r-mscislauski,2026,forecast,negative:official,109.25,48.9,121.9,9.25,35.3,233.7,migration,,214.0
r-mscislauski,2031,forecast,negative:official,112.71,50.24,125.8,12.71,35.3,233.7,migration,,214.0
r-mscislauski,2036,forecast,negative:official,114.59,48.81,127.4,14.59,35.3,233.7,migration,,214.0
r-mscislauski,2041,forecast,negative:official,111.23,45.71,97.3,11.23,35.3,233.7,migration,,214.0
r-mscislauski,2046,forecast,negative:official,100.93,42.98,7.9,0.93,35.3,233.7,migration,,214.0
r-mscislauski,2051,forecast,negative:official,95.25,42.56,-33.7,-4.75,35.3,233.7,migration,,214.0
r-mscislauski,2056,forecast,negative:official,95.46,45.22,-22.6,-4.54,35.3,233.7,migration,,214.0
r-mscislauski,2026,forecast,optimistic:adjusted,108.76,48.89,109.5,8.76,35.3,233.7,migration,,214.0
r-mscislauski,2031,forecast,optimistic:adjusted,112.32,52.12,118.4,12.32,35.3,233.7,migration,,214.0
r-mscislauski,2036,forecast,optimistic:adjusted,114.1,52.73,125.1,14.1,35.3,233.7,migration,,214.0
r-mscislauski,2041,forecast,optimistic:adjusted,110.89,51.81,98.2,10.89,35.3,233.7,migration,,214.0
r-mscislauski,2046,forecast,optimistic:adjusted,100.81,51.03,7.2,0.81,35.3,233.7,migration,,214.0
r-mscislauski,2051,forecast,optimistic:adjusted,95.15,52.25,-36.6,-4.85,35.3,233.7,migration,,214.0
r-mscislauski,2056,forecast,optimistic:adjusted,95.47,55.9,-26.0,-4.53,35.3,233.7,migration,,214.0
r-mscislauski,2026,forecast,optimistic:official,109.25,48.9,121.9,9.25,35.3,233.7,migration,,214.0
r-mscislauski,2031,forecast,optimistic:official,112.56,52.12,127.5,12.56,35.3,233.7,migration,,214.0
r-mscislauski,2036,forecast,optimistic:official,114.28,52.76,131.2,14.28,35.3,233.7,migration,,214.0
r-mscislauski,2041,forecast,optimistic:official,111.03,51.87,101.5,11.03,35.3,233.7,migration,,214.0
r-mscislauski,2046,forecast,optimistic:official,100.91,51.14,8.2,0.91,35.3,233.7,migration,,214.0
r-mscislauski,2051,forecast,optimistic:official,95.28,52.41,-36.4,-4.72,35.3,233.7,migration,,214.0
r-mscislauski,2056,forecast,optimistic:official,95.61,56.18,-26.0,-4.39,35.3,233.7,migration,,214.0
r-naraulanski,2009,census,,88.21,42.3,-163,-11.79,13.6,103.2,migration,,236.5
r-naraulanski,2019,census,,93.95,38.3,-67,-6.05,13.6,103.2,migration,,236.5
r-naraulanski,2026,forecast,base:adjusted,101.81,42.87,17.2,1.81,13.6,103.2,migration,,236.5
r-naraulanski,2031,forecast,base:adjusted,109.18,47.33,76.8,9.18,13.6,103.2,migration,,236.5
r-naraulanski,2036,forecast,base:adjusted,112.96,49.86,100.9,12.96,13.6,103.2,migration,,236.5
r-naraulanski,2041,forecast,base:adjusted,113.95,49.79,113.1,13.95,13.6,103.2,migration,,236.5
r-naraulanski,2046,forecast,base:adjusted,111.53,47.96,92.4,11.53,13.6,103.2,migration,,236.5
r-naraulanski,2051,forecast,base:adjusted,109.42,47.52,64.9,9.42,13.6,103.2,migration,,236.5
r-naraulanski,2056,forecast,base:adjusted,109.56,49.15,51.0,9.56,13.6,103.2,migration,,236.5
r-naraulanski,2026,forecast,base:official,102.43,42.87,24.3,2.43,13.6,103.2,migration,,236.5
r-naraulanski,2031,forecast,base:official,109.51,47.34,83.5,9.51,13.6,103.2,migration,,236.5
r-naraulanski,2036,forecast,base:official,113.11,49.89,105.2,13.11,13.6,103.2,migration,,236.5
r-naraulanski,2041,forecast,base:official,114.13,49.86,116.5,14.13,13.6,103.2,migration,,236.5
r-naraulanski,2046,forecast,base:official,111.59,48.05,94.0,11.59,13.6,103.2,migration,,236.5
r-naraulanski,2051,forecast,base:official,109.52,47.68,66.7,9.52,13.6,103.2,migration,,236.5
r-naraulanski,2056,forecast,base:official,109.65,49.38,52.9,9.65,13.6,103.2,migration,,236.5
r-naraulanski,2026,forecast,negative:adjusted,101.81,42.87,17.2,1.81,13.6,103.2,migration,,236.5
r-naraulanski,2031,forecast,negative:adjusted,109.2,45.94,75.6,9.2,13.6,103.2,migration,,236.5
r-naraulanski,2036,forecast,negative:adjusted,113.08,46.95,98.3,13.08,13.6,103.2,migration,,236.5
r-naraulanski,2041,forecast,negative:adjusted,113.99,45.39,109.3,13.99,13.6,103.2,migration,,236.5
r-naraulanski,2046,forecast,negative:adjusted,111.54,42.2,88.9,11.54,13.6,103.2,migration,,236.5
r-naraulanski,2051,forecast,negative:adjusted,109.37,40.46,61.6,9.37,13.6,103.2,migration,,236.5
r-naraulanski,2056,forecast,negative:adjusted,109.67,40.98,45.5,9.67,13.6,103.2,migration,,236.5
r-naraulanski,2026,forecast,negative:official,102.43,42.87,24.3,2.43,13.6,103.2,migration,,236.5
r-naraulanski,2031,forecast,negative:official,109.56,45.95,82.5,9.56,13.6,103.2,migration,,236.5
r-naraulanski,2036,forecast,negative:official,113.24,46.98,102.7,13.24,13.6,103.2,migration,,236.5
r-naraulanski,2041,forecast,negative:official,114.18,45.47,112.7,14.18,13.6,103.2,migration,,236.5
r-naraulanski,2046,forecast,negative:official,111.59,42.32,90.4,11.59,13.6,103.2,migration,,236.5
r-naraulanski,2051,forecast,negative:official,109.47,40.63,63.4,9.47,13.6,103.2,migration,,236.5
r-naraulanski,2056,forecast,negative:official,109.77,41.24,47.3,9.77,13.6,103.2,migration,,236.5
r-naraulanski,2026,forecast,optimistic:adjusted,101.81,42.87,17.2,1.81,13.6,103.2,migration,,236.5
r-naraulanski,2031,forecast,optimistic:adjusted,109.15,47.46,76.9,9.15,13.6,103.2,migration,,236.5
r-naraulanski,2036,forecast,optimistic:adjusted,112.91,50.19,101.4,12.91,13.6,103.2,migration,,236.5
r-naraulanski,2041,forecast,optimistic:adjusted,113.88,50.4,114.2,13.88,13.6,103.2,migration,,236.5
r-naraulanski,2046,forecast,optimistic:adjusted,111.47,48.79,93.6,11.47,13.6,103.2,migration,,236.5
r-naraulanski,2051,forecast,optimistic:adjusted,109.3,48.53,65.7,9.3,13.6,103.2,migration,,236.5
r-naraulanski,2056,forecast,optimistic:adjusted,109.35,49.98,52.2,9.35,13.6,103.2,migration,,236.5
r-naraulanski,2026,forecast,optimistic:official,102.43,42.87,24.3,2.43,13.6,103.2,migration,,236.5
r-naraulanski,2031,forecast,optimistic:official,109.5,47.47,83.8,9.5,13.6,103.2,migration,,236.5
r-naraulanski,2036,forecast,optimistic:official,113.09,50.2,105.9,13.09,13.6,103.2,migration,,236.5
r-naraulanski,2041,forecast,optimistic:official,114.08,50.47,117.7,14.08,13.6,103.2,migration,,236.5
r-naraulanski,2046,forecast,optimistic:official,111.48,48.89,94.9,11.48,13.6,103.2,migration,,236.5
r-naraulanski,2051,forecast,optimistic:official,109.42,48.67,67.6,9.42,13.6,103.2,migration,,236.5
r-naraulanski,2056,forecast,optimistic:official,109.46,50.23,54.2,9.46,13.6,103.2,migration,,236.5
r-navahrudski,2009,census,,111.83,40.59,524,11.83,68.0,586.0,migration,2026,103.7
r-navahrudski,2019,census,,119.07,39.88,695,19.07,68.0,586.0,migration,2026,103.7
r-navahrudski,2026,forecast,base:adjusted,118.11,43.99,490.9,18.11,68.0,586.0,migration,2026,103.7
r-navahrudski,2031,forecast,base:adjusted,113.55,49.1,305.2,13.55,68.0,586.0,migration,2026,103.7
r-navahrudski,2036,forecast,base:adjusted,110.37,52.12,225.2,10.37,68.0,586.0,migration,2026,103.7
r-navahrudski,2041,forecast,base:adjusted,107.47,53.6,164.1,7.47,68.0,586.0,migration,2026,103.7
r-navahrudski,2046,forecast,base:adjusted,110.54,54.55,211.3,10.54,68.0,586.0,migration,2026,103.7
r-navahrudski,2051,forecast,base:adjusted,114.79,56.34,239.7,14.79,68.0,586.0,migration,2026,103.7
r-navahrudski,2056,forecast,base:adjusted,114.85,59.81,181.0,14.85,68.0,586.0,migration,2026,103.7
r-navahrudski,2026,forecast,base:official,118.6,43.99,531.7,18.6,68.0,586.0,migration,2026,103.7
r-navahrudski,2031,forecast,base:official,114.07,49.1,333.4,14.07,68.0,586.0,migration,2026,103.7
r-navahrudski,2036,forecast,base:official,110.62,52.14,238.2,10.62,68.0,586.0,migration,2026,103.7
r-navahrudski,2041,forecast,base:official,107.63,53.65,170.9,7.63,68.0,586.0,migration,2026,103.7
r-navahrudski,2046,forecast,base:official,110.67,54.64,217.1,10.67,68.0,586.0,migration,2026,103.7
r-navahrudski,2051,forecast,base:official,114.95,56.51,247.0,14.95,68.0,586.0,migration,2026,103.7
r-navahrudski,2056,forecast,base:official,114.97,60.09,187.9,14.97,68.0,586.0,migration,2026,103.7
r-navahrudski,2026,forecast,negative:adjusted,118.11,43.99,490.9,18.11,68.0,586.0,migration,2026,103.7
r-navahrudski,2031,forecast,negative:adjusted,113.56,47.68,300.0,13.56,68.0,586.0,migration,2026,103.7
r-navahrudski,2036,forecast,negative:adjusted,110.37,49.11,217.6,10.37,68.0,586.0,migration,2026,103.7
r-navahrudski,2041,forecast,negative:adjusted,107.38,48.95,156.3,7.38,68.0,586.0,migration,2026,103.7
r-navahrudski,2046,forecast,negative:adjusted,110.38,48.17,200.3,10.38,68.0,586.0,migration,2026,103.7
r-navahrudski,2051,forecast,negative:adjusted,114.68,48.2,227.2,14.68,68.0,586.0,migration,2026,103.7
r-navahrudski,2056,forecast,negative:adjusted,114.98,50.17,162.6,14.98,68.0,586.0,migration,2026,103.7
r-navahrudski,2026,forecast,negative:official,118.6,43.99,531.7,18.6,68.0,586.0,migration,2026,103.7
r-navahrudski,2031,forecast,negative:official,114.08,47.67,328.0,14.08,68.0,586.0,migration,2026,103.7
r-navahrudski,2036,forecast,negative:official,110.64,49.13,230.9,10.64,68.0,586.0,migration,2026,103.7
r-navahrudski,2041,forecast,negative:official,107.54,49.0,162.9,7.54,68.0,586.0,migration,2026,103.7
r-navahrudski,2046,forecast,negative:official,110.52,48.28,206.0,10.52,68.0,586.0,migration,2026,103.7
r-navahrudski,2051,forecast,negative:official,114.83,48.37,234.2,14.83,68.0,586.0,migration,2026,103.7
r-navahrudski,2056,forecast,negative:official,115.1,50.46,169.0,15.1,68.0,586.0,migration,2026,103.7
r-navahrudski,2026,forecast,optimistic:adjusted,118.11,43.99,490.9,18.11,68.0,586.0,migration,2026,103.7
r-navahrudski,2031,forecast,optimistic:adjusted,113.54,49.19,306.1,13.54,68.0,586.0,migration,2026,103.7
r-navahrudski,2036,forecast,optimistic:adjusted,110.35,52.37,226.4,10.35,68.0,586.0,migration,2026,103.7
r-navahrudski,2041,forecast,optimistic:adjusted,107.48,54.09,166.3,7.48,68.0,586.0,migration,2026,103.7
r-navahrudski,2046,forecast,optimistic:adjusted,110.53,55.23,214.7,10.53,68.0,586.0,migration,2026,103.7
r-navahrudski,2051,forecast,optimistic:adjusted,114.75,57.11,244.2,14.75,68.0,586.0,migration,2026,103.7
r-navahrudski,2056,forecast,optimistic:adjusted,114.72,60.45,186.7,14.72,68.0,586.0,migration,2026,103.7
r-navahrudski,2026,forecast,optimistic:official,118.6,43.99,531.7,18.6,68.0,586.0,migration,2026,103.7
r-navahrudski,2031,forecast,optimistic:official,114.06,49.18,334.2,14.06,68.0,586.0,migration,2026,103.7
r-navahrudski,2036,forecast,optimistic:official,110.62,52.39,239.7,10.62,68.0,586.0,migration,2026,103.7
r-navahrudski,2041,forecast,optimistic:official,107.63,54.14,172.9,7.63,68.0,586.0,migration,2026,103.7
r-navahrudski,2046,forecast,optimistic:official,110.67,55.33,220.6,10.67,68.0,586.0,migration,2026,103.7
r-navahrudski,2051,forecast,optimistic:official,114.9,57.27,251.5,14.9,68.0,586.0,migration,2026,103.7
r-navahrudski,2056,forecast,optimistic:official,114.81,60.71,193.4,14.81,68.0,586.0,migration,2026,103.7
r-niasvizhski,2009,census,,99.18,42.14,-34,-0.82,54.6,116.4,migration,2046,79.2
r-niasvizhski,2019,census,,100.2,37.9,8,0.2,54.6,116.4,migration,2046,79.2
r-niasvizhski,2026,forecast,base:adjusted,102.27,42.09,78.6,2.27,54.6,116.4,migration,2046,79.2
r-niasvizhski,2031,forecast,base:adjusted,104.04,45.52,109.0,4.04,54.6,116.4,migration,2046,79.2
r-niasvizhski,2036,forecast,base:adjusted,109.17,46.89,210.3,9.17,54.6,116.4,migration,2046,79.2
r-niasvizhski,2041,forecast,base:adjusted,113.06,45.89,295.3,13.06,54.6,116.4,migration,2046,79.2
r-niasvizhski,2046,forecast,base:adjusted,115.75,44.93,342.1,15.75,54.6,116.4,migration,2046,79.2
r-niasvizhski,2051,forecast,base:adjusted,118.98,45.86,349.0,18.98,54.6,116.4,migration,2046,79.2
r-niasvizhski,2056,forecast,base:adjusted,121.65,48.87,304.4,21.65,54.6,116.4,migration,2046,79.2
r-niasvizhski,2026,forecast,base:official,102.41,42.09,84.6,2.41,54.6,116.4,migration,2046,79.2
r-niasvizhski,2031,forecast,base:official,104.14,45.52,113.6,4.14,54.6,116.4,migration,2046,79.2
r-niasvizhski,2036,forecast,base:official,109.18,46.9,212.7,9.18,54.6,116.4,migration,2046,79.2
r-niasvizhski,2041,forecast,base:official,113.09,45.91,297.8,13.09,54.6,116.4,migration,2046,79.2
r-niasvizhski,2046,forecast,base:official,115.79,44.97,344.6,15.79,54.6,116.4,migration,2046,79.2
r-niasvizhski,2051,forecast,base:official,119.01,45.92,351.6,19.01,54.6,116.4,migration,2046,79.2
r-niasvizhski,2056,forecast,base:official,121.68,48.97,307.6,21.68,54.6,116.4,migration,2046,79.2
r-niasvizhski,2026,forecast,negative:adjusted,102.27,42.09,78.6,2.27,54.6,116.4,migration,2046,79.2
r-niasvizhski,2031,forecast,negative:adjusted,104.06,43.81,107.6,4.06,54.6,116.4,migration,2046,79.2
r-niasvizhski,2036,forecast,negative:adjusted,109.34,43.41,206.4,9.34,54.6,116.4,migration,2046,79.2
r-niasvizhski,2041,forecast,negative:adjusted,113.22,40.62,287.5,13.22,54.6,116.4,migration,2046,79.2
r-niasvizhski,2046,forecast,negative:adjusted,115.74,37.88,329.3,15.74,54.6,116.4,migration,2046,79.2
r-niasvizhski,2051,forecast,negative:adjusted,118.84,37.19,333.2,18.84,54.6,116.4,migration,2046,79.2
r-niasvizhski,2056,forecast,negative:adjusted,120.8,39.23,266.0,20.8,54.6,116.4,migration,2046,79.2
r-niasvizhski,2026,forecast,negative:official,102.41,42.09,84.6,2.41,54.6,116.4,migration,2046,79.2
r-niasvizhski,2031,forecast,negative:official,104.17,43.81,112.4,4.17,54.6,116.4,migration,2046,79.2
r-niasvizhski,2036,forecast,negative:official,109.35,43.42,208.8,9.35,54.6,116.4,migration,2046,79.2
r-niasvizhski,2041,forecast,negative:official,113.25,40.64,289.9,13.25,54.6,116.4,migration,2046,79.2
r-niasvizhski,2046,forecast,negative:official,115.78,37.92,331.6,15.78,54.6,116.4,migration,2046,79.2
r-niasvizhski,2051,forecast,negative:official,118.87,37.26,335.8,18.87,54.6,116.4,migration,2046,79.2
r-niasvizhski,2056,forecast,negative:official,120.86,39.34,269.2,20.86,54.6,116.4,migration,2046,79.2
r-niasvizhski,2026,forecast,optimistic:adjusted,102.27,42.09,78.6,2.27,54.6,116.4,migration,2046,79.2
r-niasvizhski,2031,forecast,optimistic:adjusted,104.04,45.81,109.2,4.04,54.6,116.4,migration,2046,79.2
r-niasvizhski,2036,forecast,optimistic:adjusted,109.2,47.45,210.7,9.2,54.6,116.4,migration,2046,79.2
r-niasvizhski,2041,forecast,optimistic:adjusted,113.07,46.86,296.8,13.07,54.6,116.4,migration,2046,79.2
r-niasvizhski,2046,forecast,optimistic:adjusted,115.75,46.23,344.9,15.75,54.6,116.4,migration,2046,79.2
r-niasvizhski,2051,forecast,optimistic:adjusted,118.98,47.31,352.5,18.98,54.6,116.4,migration,2046,79.2
r-niasvizhski,2056,forecast,optimistic:adjusted,121.71,50.17,312.0,21.71,54.6,116.4,migration,2046,79.2
r-niasvizhski,2026,forecast,optimistic:official,102.41,42.09,84.6,2.41,54.6,116.4,migration,2046,79.2
r-niasvizhski,2031,forecast,optimistic:official,104.15,45.81,113.8,4.15,54.6,116.4,migration,2046,79.2
r-niasvizhski,2036,forecast,optimistic:official,109.2,47.46,213.1,9.2,54.6,116.4,migration,2046,79.2
r-niasvizhski,2041,forecast,optimistic:official,113.09,46.88,299.1,13.09,54.6,116.4,migration,2046,79.2
r-niasvizhski,2046,forecast,optimistic:official,115.79,46.27,347.2,15.79,54.6,116.4,migration,2046,79.2
r-niasvizhski,2051,forecast,optimistic:official,119.01,47.37,355.2,19.01,54.6,116.4,migration,2046,79.2
r-niasvizhski,2056,forecast,optimistic:official,121.75,50.25,315.3,21.75,54.6,116.4,migration,2046,79.2
r-pastauski,2009,census,,99.7,40.99,-11,-0.3,53.6,183.4,migration,2031,132.1
r-pastauski,2019,census,,106.15,39.74,196,6.15,53.6,183.4,migration,2031,132.1
r-pastauski,2026,forecast,base:adjusted,112.32,44.05,265.6,12.32,53.6,183.4,migration,2031,132.1
r-pastauski,2031,forecast,base:adjusted,119.38,48.67,326.8,19.38,53.6,183.4,migration,2031,132.1
r-pastauski,2036,forecast,base:adjusted,119.53,50.82,324.8,19.53,53.6,183.4,migration,2031,132.1
r-pastauski,2041,forecast,base:adjusted,117.13,52.06,309.1,17.13,53.6,183.4,migration,2031,132.1
r-pastauski,2046,forecast,base:adjusted,114.07,52.55,256.0,14.07,53.6,183.4,migration,2031,132.1
r-pastauski,2051,forecast,base:adjusted,114.21,54.39,222.6,14.21,53.6,183.4,migration,2031,132.1
r-pastauski,2056,forecast,base:adjusted,114.69,58.28,173.6,14.69,53.6,183.4,migration,2031,132.1
r-pastauski,2026,forecast,base:official,112.86,44.05,291.6,12.86,53.6,183.4,migration,2031,132.1
r-pastauski,2031,forecast,base:official,119.58,48.66,348.0,19.58,53.6,183.4,migration,2031,132.1
r-pastauski,2036,forecast,base:official,119.69,50.84,338.1,19.69,53.6,183.4,migration,2031,132.1
r-pastauski,2041,forecast,base:official,117.32,52.12,318.5,17.32,53.6,183.4,migration,2031,132.1
r-pastauski,2046,forecast,base:official,114.19,52.64,262.3,14.19,53.6,183.4,migration,2031,132.1
r-pastauski,2051,forecast,base:official,114.36,54.55,229.7,14.36,53.6,183.4,migration,2031,132.1
r-pastauski,2056,forecast,base:official,114.81,58.54,180.8,14.81,53.6,183.4,migration,2031,132.1
r-pastauski,2026,forecast,negative:adjusted,112.32,44.05,265.6,12.32,53.6,183.4,migration,2031,132.1
r-pastauski,2031,forecast,negative:adjusted,119.46,47.33,322.0,19.46,53.6,183.4,migration,2031,132.1
r-pastauski,2036,forecast,negative:adjusted,119.71,47.99,315.6,19.71,53.6,183.4,migration,2031,132.1
r-pastauski,2041,forecast,negative:adjusted,117.15,47.72,297.1,17.15,53.6,183.4,migration,2031,132.1
r-pastauski,2046,forecast,negative:adjusted,114.02,46.67,244.1,14.02,53.6,183.4,migration,2031,132.1
r-pastauski,2051,forecast,negative:adjusted,114.2,47.0,210.6,14.2,53.6,183.4,migration,2031,132.1
r-pastauski,2056,forecast,negative:adjusted,114.54,49.59,150.9,14.54,53.6,183.4,migration,2031,132.1
r-pastauski,2026,forecast,negative:official,112.86,44.05,291.6,12.86,53.6,183.4,migration,2031,132.1
r-pastauski,2031,forecast,negative:official,119.66,47.32,343.1,19.66,53.6,183.4,migration,2031,132.1
r-pastauski,2036,forecast,negative:official,119.85,48.01,328.6,19.85,53.6,183.4,migration,2031,132.1
r-pastauski,2041,forecast,negative:official,117.33,47.77,306.3,17.33,53.6,183.4,migration,2031,132.1
r-pastauski,2046,forecast,negative:official,114.15,46.77,250.4,14.15,53.6,183.4,migration,2031,132.1
r-pastauski,2051,forecast,negative:official,114.35,47.15,217.6,14.35,53.6,183.4,migration,2031,132.1
r-pastauski,2056,forecast,negative:official,114.69,49.86,157.6,14.69,53.6,183.4,migration,2031,132.1
r-pastauski,2026,forecast,optimistic:adjusted,112.32,44.05,265.6,12.32,53.6,183.4,migration,2031,132.1
r-pastauski,2031,forecast,optimistic:adjusted,119.35,48.75,327.8,19.35,53.6,183.4,migration,2031,132.1
r-pastauski,2036,forecast,optimistic:adjusted,119.48,51.05,326.9,19.48,53.6,183.4,migration,2031,132.1
r-pastauski,2041,forecast,optimistic:adjusted,117.09,52.51,312.9,17.09,53.6,183.4,migration,2031,132.1
r-pastauski,2046,forecast,optimistic:adjusted,114.02,53.14,260.3,14.02,53.6,183.4,migration,2031,132.1
r-pastauski,2051,forecast,optimistic:adjusted,114.11,55.03,227.2,14.11,53.6,183.4,migration,2031,132.1
r-pastauski,2056,forecast,optimistic:adjusted,114.52,58.76,180.4,14.52,53.6,183.4,migration,2031,132.1
r-pastauski,2026,forecast,optimistic:official,112.86,44.05,291.6,12.86,53.6,183.4,migration,2031,132.1
r-pastauski,2031,forecast,optimistic:official,119.55,48.74,349.0,19.55,53.6,183.4,migration,2031,132.1
r-pastauski,2036,forecast,optimistic:official,119.64,51.07,340.2,19.64,53.6,183.4,migration,2031,132.1
r-pastauski,2041,forecast,optimistic:official,117.27,52.56,322.2,17.27,53.6,183.4,migration,2031,132.1
r-pastauski,2046,forecast,optimistic:official,114.15,53.23,266.8,14.15,53.6,183.4,migration,2031,132.1
r-pastauski,2051,forecast,optimistic:official,114.27,55.17,234.5,14.27,53.6,183.4,migration,2031,132.1
r-pastauski,2056,forecast,optimistic:official,114.65,59.01,187.7,14.65,53.6,183.4,migration,2031,132.1
r-pietrykauski,2009,census,,95.67,45.83,-133,-4.33,38.5,99.3,migration,,199.7
r-pietrykauski,2019,census,,103.43,41.56,77,3.43,38.5,99.3,migration,,199.7
r-pietrykauski,2026,forecast,base:adjusted,105.14,49.43,83.0,5.14,38.5,99.3,migration,,199.7
r-pietrykauski,2031,forecast,base:adjusted,105.79,54.44,76.3,5.79,38.5,99.3,migration,,199.7
r-pietrykauski,2036,forecast,base:adjusted,104.73,54.48,60.6,4.73,38.5,99.3,migration,,199.7
r-pietrykauski,2041,forecast,base:adjusted,103.37,53.94,45.8,3.37,38.5,99.3,migration,,199.7
r-pietrykauski,2046,forecast,base:adjusted,102.58,53.21,33.8,2.58,38.5,99.3,migration,,199.7
r-pietrykauski,2051,forecast,base:adjusted,101.58,53.06,17.4,1.58,38.5,99.3,migration,,199.7
r-pietrykauski,2056,forecast,base:adjusted,101.73,55.49,14.4,1.73,38.5,99.3,migration,,199.7
r-pietrykauski,2026,forecast,base:official,105.8,49.42,98.6,5.8,38.5,99.3,migration,,199.7
r-pietrykauski,2031,forecast,base:official,106.28,54.44,87.2,6.28,38.5,99.3,migration,,199.7
r-pietrykauski,2036,forecast,base:official,104.89,54.51,64.9,4.89,38.5,99.3,migration,,199.7
r-pietrykauski,2041,forecast,base:official,103.45,54.0,47.9,3.45,38.5,99.3,migration,,199.7
r-pietrykauski,2046,forecast,base:official,102.63,53.33,35.0,2.63,38.5,99.3,migration,,199.7
r-pietrykauski,2051,forecast,base:official,101.66,53.23,18.7,1.66,38.5,99.3,migration,,199.7
r-pietrykauski,2056,forecast,base:official,101.79,55.76,15.4,1.79,38.5,99.3,migration,,199.7
r-pietrykauski,2026,forecast,negative:adjusted,105.14,49.43,83.0,5.14,38.5,99.3,migration,,199.7
r-pietrykauski,2031,forecast,negative:adjusted,105.79,52.88,75.0,5.79,38.5,99.3,migration,,199.7
r-pietrykauski,2036,forecast,negative:adjusted,104.84,51.23,59.9,4.84,38.5,99.3,migration,,199.7
r-pietrykauski,2041,forecast,negative:adjusted,103.51,48.99,45.9,3.51,38.5,99.3,migration,,199.7
r-pietrykauski,2046,forecast,negative:adjusted,102.6,46.62,32.8,2.6,38.5,99.3,migration,,199.7
r-pietrykauski,2051,forecast,negative:adjusted,101.55,44.9,16.3,1.55,38.5,99.3,migration,,199.7
r-pietrykauski,2056,forecast,negative:adjusted,101.72,46.04,12.7,1.72,38.5,99.3,migration,,199.7
r-pietrykauski,2026,forecast,negative:official,105.8,49.42,98.6,5.8,38.5,99.3,migration,,199.7
r-pietrykauski,2031,forecast,negative:official,106.3,52.87,86.0,6.3,38.5,99.3,migration,,199.7
r-pietrykauski,2036,forecast,negative:official,105.01,51.27,64.2,5.01,38.5,99.3,migration,,199.7
r-pietrykauski,2041,forecast,negative:official,103.57,49.06,47.8,3.57,38.5,99.3,migration,,199.7
r-pietrykauski,2046,forecast,negative:official,102.66,46.73,34.0,2.66,38.5,99.3,migration,,199.7
r-pietrykauski,2051,forecast,negative:official,101.64,45.08,17.7,1.64,38.5,99.3,migration,,199.7
r-pietrykauski,2056,forecast,negative:official,101.8,46.34,13.7,1.8,38.5,99.3,migration,,199.7
r-pietrykauski,2026,forecast,optimistic:adjusted,105.14,49.43,83.0,5.14,38.5,99.3,migration,,199.7
r-pietrykauski,2031,forecast,optimistic:adjusted,105.78,54.59,76.5,5.78,38.5,99.3,migration,,199.7
r-pietrykauski,2036,forecast,optimistic:adjusted,104.69,54.85,60.6,4.69,38.5,99.3,migration,,199.7
r-pietrykauski,2041,forecast,optimistic:adjusted,103.31,54.63,45.6,3.31,38.5,99.3,migration,,199.7
r-pietrykauski,2046,forecast,optimistic:adjusted,102.48,54.15,33.1,2.48,38.5,99.3,migration,,199.7
r-pietrykauski,2051,forecast,optimistic:adjusted,101.48,54.12,16.8,1.48,38.5,99.3,migration,,199.7
r-pietrykauski,2056,forecast,optimistic:adjusted,101.55,56.43,13.5,1.55,38.5,99.3,migration,,199.7
r-pietrykauski,2026,forecast,optimistic:official,105.8,49.42,98.6,5.8,38.5,99.3,migration,,199.7
r-pietrykauski,2031,forecast,optimistic:official,106.27,54.58,87.4,6.27,38.5,99.3,migration,,199.7
r-pietrykauski,2036,forecast,optimistic:official,104.85,54.89,64.9,4.85,38.5,99.3,migration,,199.7
r-pietrykauski,2041,forecast,optimistic:official,103.37,54.69,47.4,3.37,38.5,99.3,migration,,199.7
r-pietrykauski,2046,forecast,optimistic:official,102.54,54.26,34.5,2.54,38.5,99.3,migration,,199.7
r-pietrykauski,2051,forecast,optimistic:official,101.58,54.28,18.2,1.58,38.5,99.3,migration,,199.7
r-pietrykauski,2056,forecast,optimistic:official,101.61,56.69,14.5,1.61,38.5,99.3,migration,,199.7
r-pinski,2009,census,,96.64,43.98,-673,-3.36,277.8,716.2,migration,,198.2
r-pinski,2019,census,,95.9,46.99,-733,-4.1,277.8,716.2,migration,,198.2
r-pinski,2026,forecast,base:adjusted,98.01,47.62,-290.8,-1.99,277.8,716.2,migration,,198.2
r-pinski,2031,forecast,base:adjusted,101.62,50.35,203.0,1.62,277.8,716.2,migration,,198.2
r-pinski,2036,forecast,base:adjusted,104.16,51.8,502.9,4.16,277.8,716.2,migration,,198.2
r-pinski,2041,forecast,base:adjusted,103.31,52.99,425.5,3.31,277.8,716.2,migration,,198.2
r-pinski,2046,forecast,base:adjusted,101.87,53.92,244.0,1.87,277.8,716.2,migration,,198.2
r-pinski,2051,forecast,base:adjusted,100.49,55.48,57.5,0.49,277.8,716.2,migration,,198.2
r-pinski,2056,forecast,base:adjusted,99.25,58.14,-70.2,-0.75,277.8,716.2,migration,,198.2
r-pinski,2026,forecast,base:official,98.53,47.62,-223.2,-1.47,277.8,716.2,migration,,198.2
r-pinski,2031,forecast,base:official,101.91,50.35,248.4,1.91,277.8,716.2,migration,,198.2
r-pinski,2036,forecast,base:official,104.23,51.83,524.4,4.23,277.8,716.2,migration,,198.2
r-pinski,2041,forecast,base:official,103.3,53.04,431.2,3.3,277.8,716.2,migration,,198.2
r-pinski,2046,forecast,base:official,101.92,54.01,253.1,1.92,277.8,716.2,migration,,198.2
r-pinski,2051,forecast,base:official,100.59,55.6,69.8,0.59,277.8,716.2,migration,,198.2
r-pinski,2056,forecast,base:official,99.31,58.35,-66.1,-0.69,277.8,716.2,migration,,198.2
r-pinski,2026,forecast,negative:adjusted,98.01,47.62,-290.8,-1.99,277.8,716.2,migration,,198.2
r-pinski,2031,forecast,negative:adjusted,101.65,48.99,202.3,1.65,277.8,716.2,migration,,198.2
r-pinski,2036,forecast,negative:adjusted,104.35,48.96,507.6,4.35,277.8,716.2,migration,,198.2
r-pinski,2041,forecast,negative:adjusted,103.45,48.63,427.4,3.45,277.8,716.2,migration,,198.2
r-pinski,2046,forecast,negative:adjusted,101.89,48.05,237.9,1.89,277.8,716.2,migration,,198.2
r-pinski,2051,forecast,negative:adjusted,100.45,48.12,49.9,0.45,277.8,716.2,migration,,198.2
r-pinski,2056,forecast,negative:adjusted,99.43,49.41,-47.4,-0.57,277.8,716.2,migration,,198.2
r-pinski,2026,forecast,negative:official,98.53,47.62,-223.2,-1.47,277.8,716.2,migration,,198.2
r-pinski,2031,forecast,negative:official,101.93,48.99,247.1,1.93,277.8,716.2,migration,,198.2
r-pinski,2036,forecast,negative:official,104.41,48.98,528.6,4.41,277.8,716.2,migration,,198.2
r-pinski,2041,forecast,negative:official,103.44,48.68,432.9,3.44,277.8,716.2,migration,,198.2
r-pinski,2046,forecast,negative:official,101.94,48.14,246.7,1.94,277.8,716.2,migration,,198.2
r-pinski,2051,forecast,negative:official,100.55,48.25,61.7,0.55,277.8,716.2,migration,,198.2
r-pinski,2056,forecast,negative:official,99.49,49.62,-43.1,-0.51,277.8,716.2,migration,,198.2
r-pinski,2026,forecast,optimistic:adjusted,98.01,47.62,-290.8,-1.99,277.8,716.2,migration,,198.2
r-pinski,2031,forecast,optimistic:adjusted,101.61,50.4,202.2,1.61,277.8,716.2,migration,,198.2
r-pinski,2036,forecast,optimistic:adjusted,104.11,51.99,500.8,4.11,277.8,716.2,migration,,198.2
r-pinski,2041,forecast,optimistic:adjusted,103.23,53.38,420.8,3.23,277.8,716.2,migration,,198.2
r-pinski,2046,forecast,optimistic:adjusted,101.79,54.48,238.5,1.79,277.8,716.2,migration,,198.2
r-pinski,2051,forecast,optimistic:adjusted,100.41,56.11,49.3,0.41,277.8,716.2,migration,,198.2
r-pinski,2056,forecast,optimistic:adjusted,99.11,58.69,-86.8,-0.89,277.8,716.2,migration,,198.2
r-pinski,2026,forecast,optimistic:official,98.53,47.62,-223.2,-1.47,277.8,716.2,migration,,198.2
r-pinski,2031,forecast,optimistic:official,101.89,50.4,247.4,1.89,277.8,716.2,migration,,198.2
r-pinski,2036,forecast,optimistic:official,104.18,52.01,522.4,4.18,277.8,716.2,migration,,198.2
r-pinski,2041,forecast,optimistic:official,103.23,53.42,426.8,3.23,277.8,716.2,migration,,198.2
r-pinski,2046,forecast,optimistic:official,101.84,54.56,247.7,1.84,277.8,716.2,migration,,198.2
r-pinski,2051,forecast,optimistic:official,100.51,56.24,61.9,0.51,277.8,716.2,migration,,198.2
r-pinski,2056,forecast,optimistic:official,99.17,58.9,-82.7,-0.83,277.8,716.2,migration,,198.2
r-polacki,2009,census,,105.59,44.67,803,5.59,259.0,3255.0,migration,,169.2
r-polacki,2019,census,,97.47,39.77,-589,-2.53,259.0,3255.0,migration,,169.2
r-polacki,2026,forecast,base:adjusted,99.58,41.5,-72.0,-0.42,259.0,3255.0,migration,,169.2
r-polacki,2031,forecast,base:adjusted,101.69,44.51,232.7,1.69,259.0,3255.0,migration,,169.2
r-polacki,2036,forecast,base:adjusted,101.83,45.66,246.6,1.83,259.0,3255.0,migration,,169.2
r-polacki,2041,forecast,base:adjusted,99.97,46.69,-4.4,-0.03,259.0,3255.0,migration,,169.2
r-polacki,2046,forecast,base:adjusted,99.02,47.92,-139.7,-0.98,259.0,3255.0,migration,,169.2
r-polacki,2051,forecast,base:adjusted,100.01,49.93,0.7,0.01,259.0,3255.0,migration,,169.2
r-polacki,2056,forecast,base:adjusted,100.07,52.57,6.3,0.07,259.0,3255.0,migration,,169.2
r-polacki,2026,forecast,base:official,100.01,41.5,2.5,0.01,259.0,3255.0,migration,,169.2
r-polacki,2031,forecast,base:official,101.91,44.51,277.4,1.91,259.0,3255.0,migration,,169.2
r-polacki,2036,forecast,base:official,101.94,45.68,269.4,1.94,259.0,3255.0,migration,,169.2
r-polacki,2041,forecast,base:official,100.04,46.74,6.2,0.04,259.0,3255.0,migration,,169.2
r-polacki,2046,forecast,base:official,99.14,48.0,-124.3,-0.86,259.0,3255.0,migration,,169.2
r-polacki,2051,forecast,base:official,100.15,50.07,18.4,0.15,259.0,3255.0,migration,,169.2
r-polacki,2056,forecast,base:official,100.18,52.79,18.1,0.18,259.0,3255.0,migration,,169.2
r-polacki,2026,forecast,negative:adjusted,99.58,41.5,-72.0,-0.42,259.0,3255.0,migration,,169.2
r-polacki,2031,forecast,negative:adjusted,101.75,43.26,236.5,1.75,259.0,3255.0,migration,,169.2
r-polacki,2036,forecast,negative:adjusted,101.99,43.05,258.1,1.99,259.0,3255.0,migration,,169.2
r-polacki,2041,forecast,negative:adjusted,100.03,42.71,4.7,0.03,259.0,3255.0,migration,,169.2
r-polacki,2046,forecast,negative:adjusted,99.01,42.52,-135.9,-0.99,259.0,3255.0,migration,,169.2
r-polacki,2051,forecast,negative:adjusted,99.99,43.13,-0.6,-0.01,259.0,3255.0,migration,,169.2
r-polacki,2056,forecast,negative:adjusted,99.99,44.58,-1.1,-0.01,259.0,3255.0,migration,,169.2
r-polacki,2026,forecast,negative:official,100.01,41.5,2.5,0.01,259.0,3255.0,migration,,169.2
r-polacki,2031,forecast,negative:official,101.97,43.26,280.8,1.97,259.0,3255.0,migration,,169.2
r-polacki,2036,forecast,negative:official,102.1,43.07,280.6,2.1,259.0,3255.0,migration,,169.2
r-polacki,2041,forecast,negative:official,100.1,42.75,14.7,0.1,259.0,3255.0,migration,,169.2
r-polacki,2046,forecast,negative:official,99.13,42.61,-121.0,-0.87,259.0,3255.0,migration,,169.2
r-polacki,2051,forecast,negative:official,100.14,43.28,16.3,0.14,259.0,3255.0,migration,,169.2
r-polacki,2056,forecast,negative:official,100.11,44.82,9.4,0.11,259.0,3255.0,migration,,169.2
r-polacki,2026,forecast,optimistic:adjusted,99.58,41.5,-72.0,-0.42,259.0,3255.0,migration,,169.2
r-polacki,2031,forecast,optimistic:adjusted,101.66,44.6,230.5,1.66,259.0,3255.0,migration,,169.2
r-polacki,2036,forecast,optimistic:adjusted,101.79,45.87,242.6,1.79,259.0,3255.0,migration,,169.2
r-polacki,2041,forecast,optimistic:adjusted,99.92,47.08,-11.9,-0.08,259.0,3255.0,migration,,169.2
r-polacki,2046,forecast,optimistic:adjusted,98.97,48.43,-150.1,-1.03,259.0,3255.0,migration,,169.2
r-polacki,2051,forecast,optimistic:adjusted,99.91,50.46,-10.8,-0.09,259.0,3255.0,migration,,169.2
r-polacki,2056,forecast,optimistic:adjusted,99.93,52.99,-7.1,-0.07,259.0,3255.0,migration,,169.2
r-polacki,2026,forecast,optimistic:official,100.01,41.5,2.5,0.01,259.0,3255.0,migration,,169.2
r-polacki,2031,forecast,optimistic:official,101.89,44.6,275.2,1.89,259.0,3255.0,migration,,169.2
r-polacki,2036,forecast,optimistic:official,101.9,45.9,265.7,1.9,259.0,3255.0,migration,,169.2
r-polacki,2041,forecast,optimistic:official,99.99,47.12,-1.3,-0.01,259.0,3255.0,migration,,169.2
r-polacki,2046,forecast,optimistic:official,99.09,48.51,-134.6,-0.91,259.0,3255.0,migration,,169.2
r-polacki,2051,forecast,optimistic:official,100.06,50.6,7.3,0.06,259.0,3255.0,migration,,169.2
r-polacki,2056,forecast,optimistic:official,100.05,53.21,4.8,0.05,259.0,3255.0,migration,,169.2
r-pruzhanski,2009,census,,100.84,40.54,40,0.84,73.7,1002.3,migration,2036,179.4
r-pruzhanski,2019,census,,103.21,38.13,124,3.21,73.7,1002.3,migration,2036,179.4
r-pruzhanski,2026,forecast,base:adjusted,107.85,42.5,218.0,7.85,73.7,1002.3,migration,2036,179.4
r-pruzhanski,2031,forecast,base:adjusted,114.07,46.75,307.4,14.07,73.7,1002.3,migration,2036,179.4
r-pruzhanski,2036,forecast,base:adjusted,118.21,48.37,369.7,18.21,73.7,1002.3,migration,2036,179.4
r-pruzhanski,2041,forecast,base:adjusted,115.54,49.55,329.8,15.54,73.7,1002.3,migration,2036,179.4
r-pruzhanski,2046,forecast,base:adjusted,109.02,50.08,195.7,9.02,73.7,1002.3,migration,2036,179.4
r-pruzhanski,2051,forecast,base:adjusted,105.06,51.5,97.0,5.06,73.7,1002.3,migration,2036,179.4
r-pruzhanski,2056,forecast,base:adjusted,104.55,54.71,66.4,4.55,73.7,1002.3,migration,2036,179.4
r-pruzhanski,2026,forecast,base:official,108.37,42.5,242.9,8.37,73.7,1002.3,migration,2036,179.4
r-pruzhanski,2031,forecast,base:official,114.31,46.74,326.6,14.31,73.7,1002.3,migration,2036,179.4
r-pruzhanski,2036,forecast,base:official,118.29,48.39,381.7,18.29,73.7,1002.3,migration,2036,179.4
r-pruzhanski,2041,forecast,base:official,115.71,49.58,338.7,15.71,73.7,1002.3,migration,2036,179.4
r-pruzhanski,2046,forecast,base:official,109.06,50.16,199.2,9.06,73.7,1002.3,migration,2036,179.4
r-pruzhanski,2051,forecast,base:official,105.15,51.62,100.4,5.15,73.7,1002.3,migration,2036,179.4
r-pruzhanski,2056,forecast,base:official,104.62,54.91,69.1,4.62,73.7,1002.3,migration,2036,179.4
r-pruzhanski,2026,forecast,negative:adjusted,107.85,42.5,218.0,7.85,73.7,1002.3,migration,2036,179.4
r-pruzhanski,2031,forecast,negative:adjusted,114.1,45.5,303.0,14.1,73.7,1002.3,migration,2036,179.4
r-pruzhanski,2036,forecast,negative:adjusted,118.41,45.74,361.2,18.41,73.7,1002.3,migration,2036,179.4
r-pruzhanski,2041,forecast,negative:adjusted,115.61,45.49,319.1,15.61,73.7,1002.3,migration,2036,179.4
r-pruzhanski,2046,forecast,negative:adjusted,109.01,44.61,187.9,9.01,73.7,1002.3,migration,2036,179.4
r-pruzhanski,2051,forecast,negative:adjusted,105.0,44.62,91.7,5.0,73.7,1002.3,migration,2036,179.4
r-pruzhanski,2056,forecast,negative:adjusted,104.42,46.52,57.5,4.42,73.7,1002.3,migration,2036,179.4
r-pruzhanski,2026,forecast,negative:official,108.37,42.5,242.9,8.37,73.7,1002.3,migration,2036,179.4
r-pruzhanski,2031,forecast,negative:official,114.34,45.5,322.0,14.34,73.7,1002.3,migration,2036,179.4
r-pruzhanski,2036,forecast,negative:official,118.49,45.76,373.1,18.49,73.7,1002.3,migration,2036,179.4
r-pruzhanski,2041,forecast,negative:official,115.77,45.54,327.8,15.77,73.7,1002.3,migration,2036,179.4
r-pruzhanski,2046,forecast,negative:official,109.05,44.69,191.3,9.05,73.7,1002.3,migration,2036,179.4
r-pruzhanski,2051,forecast,negative:official,105.09,44.74,94.8,5.09,73.7,1002.3,migration,2036,179.4
r-pruzhanski,2056,forecast,negative:official,104.5,46.74,60.0,4.5,73.7,1002.3,migration,2036,179.4
r-pruzhanski,2026,forecast,optimistic:adjusted,107.85,42.5,218.0,7.85,73.7,1002.3,migration,2036,179.4
r-pruzhanski,2031,forecast,optimistic:adjusted,114.05,46.79,308.2,14.05,73.7,1002.3,migration,2036,179.4
r-pruzhanski,2036,forecast,optimistic:adjusted,118.15,48.53,371.5,18.15,73.7,1002.3,migration,2036,179.4
r-pruzhanski,2041,forecast,optimistic:adjusted,115.47,49.89,332.8,15.47,73.7,1002.3,migration,2036,179.4
r-pruzhanski,2046,forecast,optimistic:adjusted,108.94,50.55,197.8,8.94,73.7,1002.3,migration,2036,179.4
r-pruzhanski,2051,forecast,optimistic:adjusted,104.99,52.0,98.0,4.99,73.7,1002.3,migration,2036,179.4
r-pruzhanski,2056,forecast,optimistic:adjusted,104.44,55.09,67.7,4.44,73.7,1002.3,migration,2036,179.4
r-pruzhanski,2026,forecast,optimistic:official,108.37,42.5,242.9,8.37,73.7,1002.3,migration,2036,179.4
r-pruzhanski,2031,forecast,optimistic:official,114.29,46.79,327.3,14.29,73.7,1002.3,migration,2036,179.4
r-pruzhanski,2036,forecast,optimistic:official,118.23,48.55,383.4,18.23,73.7,1002.3,migration,2036,179.4
r-pruzhanski,2041,forecast,optimistic:official,115.62,49.93,341.6,15.62,73.7,1002.3,migration,2036,179.4
r-pruzhanski,2046,forecast,optimistic:official,108.99,50.62,201.3,8.99,73.7,1002.3,migration,2036,179.4
r-pruzhanski,2051,forecast,optimistic:official,105.06,52.12,101.1,5.06,73.7,1002.3,migration,2036,179.4
r-pruzhanski,2056,forecast,optimistic:official,104.52,55.29,70.5,4.52,73.7,1002.3,migration,2036,179.4
r-puchavicki,2009,census,,107.54,40.49,497,7.54,135.7,1542.5,migration,,43.7
r-puchavicki,2019,census,,107.61,40.39,557,7.61,135.7,1542.5,migration,,43.7
r-puchavicki,2026,forecast,base:adjusted,111.89,46.03,675.4,11.89,135.7,1542.5,migration,,43.7
r-puchavicki,2031,forecast,base:adjusted,111.89,49.23,504.5,11.89,135.7,1542.5,migration,,43.7
r-puchavicki,2036,forecast,base:adjusted,111.77,49.37,437.4,11.77,135.7,1542.5,migration,,43.7
r-puchavicki,2041,forecast,base:adjusted,108.94,48.71,338.8,8.94,135.7,1542.5,migration,,43.7
r-puchavicki,2046,forecast,base:adjusted,109.36,49.3,344.5,9.36,135.7,1542.5,migration,,43.7
r-puchavicki,2051,forecast,base:adjusted,110.15,51.57,320.7,10.15,135.7,1542.5,migration,,43.7
r-puchavicki,2056,forecast,base:adjusted,111.27,55.95,278.0,11.27,135.7,1542.5,migration,,43.7
r-puchavicki,2026,forecast,base:official,112.03,46.03,693.7,12.03,135.7,1542.5,migration,,43.7
r-puchavicki,2031,forecast,base:official,112.02,49.23,518.0,12.02,135.7,1542.5,migration,,43.7
r-puchavicki,2036,forecast,base:official,111.83,49.38,444.1,11.83,135.7,1542.5,migration,,43.7
r-puchavicki,2041,forecast,base:official,108.99,48.73,342.8,8.99,135.7,1542.5,migration,,43.7
r-puchavicki,2046,forecast,base:official,109.39,49.34,347.3,9.39,135.7,1542.5,migration,,43.7
r-puchavicki,2051,forecast,base:official,110.19,51.64,323.8,10.19,135.7,1542.5,migration,,43.7
r-puchavicki,2056,forecast,base:official,111.31,56.06,281.5,11.31,135.7,1542.5,migration,,43.7
r-puchavicki,2026,forecast,negative:adjusted,111.89,46.03,675.4,11.89,135.7,1542.5,migration,,43.7
r-puchavicki,2031,forecast,negative:adjusted,111.91,47.38,496.6,11.91,135.7,1542.5,migration,,43.7
r-puchavicki,2036,forecast,negative:adjusted,111.9,45.6,426.3,11.9,135.7,1542.5,migration,,43.7
r-puchavicki,2041,forecast,negative:adjusted,108.97,42.95,326.9,8.97,135.7,1542.5,migration,,43.7
r-puchavicki,2046,forecast,negative:adjusted,109.32,41.42,330.6,9.32,135.7,1542.5,migration,,43.7
r-puchavicki,2051,forecast,negative:adjusted,110.03,41.74,304.8,10.03,135.7,1542.5,migration,,43.7
r-puchavicki,2056,forecast,negative:adjusted,110.96,44.84,245.4,10.96,135.7,1542.5,migration,,43.7
r-puchavicki,2026,forecast,negative:official,112.03,46.03,693.7,12.03,135.7,1542.5,migration,,43.7
r-puchavicki,2031,forecast,negative:official,112.03,47.38,509.9,12.03,135.7,1542.5,migration,,43.7
r-puchavicki,2036,forecast,negative:official,111.95,45.62,432.8,11.95,135.7,1542.5,migration,,43.7
r-puchavicki,2041,forecast,negative:official,109.02,42.97,331.1,9.02,135.7,1542.5,migration,,43.7
r-puchavicki,2046,forecast,negative:official,109.35,41.47,333.2,9.35,135.7,1542.5,migration,,43.7
r-puchavicki,2051,forecast,negative:official,110.07,41.82,307.8,10.07,135.7,1542.5,migration,,43.7
r-puchavicki,2056,forecast,negative:official,110.99,44.97,248.4,10.99,135.7,1542.5,migration,,43.7
r-puchavicki,2026,forecast,optimistic:adjusted,111.89,46.03,675.4,11.89,135.7,1542.5,migration,,43.7
r-puchavicki,2031,forecast,optimistic:adjusted,111.9,49.55,504.8,11.9,135.7,1542.5,migration,,43.7
r-puchavicki,2036,forecast,optimistic:adjusted,111.79,50.0,438.0,11.79,135.7,1542.5,migration,,43.7
r-puchavicki,2041,forecast,optimistic:adjusted,108.95,49.77,340.6,8.95,135.7,1542.5,migration,,43.7
r-puchavicki,2046,forecast,optimistic:adjusted,109.36,50.73,347.4,9.36,135.7,1542.5,migration,,43.7
r-puchavicki,2051,forecast,optimistic:adjusted,110.16,53.16,324.2,10.16,135.7,1542.5,migration,,43.7
r-puchavicki,2056,forecast,optimistic:adjusted,111.28,57.44,284.5,11.28,135.7,1542.5,migration,,43.7
r-puchavicki,2026,forecast,optimistic:official,112.03,46.03,693.7,12.03,135.7,1542.5,migration,,43.7
r-puchavicki,2031,forecast,optimistic:official,112.02,49.55,518.1,12.02,135.7,1542.5,migration,,43.7
r-puchavicki,2036,forecast,optimistic:official,111.85,50.01,444.7,11.85,135.7,1542.5,migration,,43.7
r-puchavicki,2041,forecast,optimistic:official,109.0,49.8,344.6,9.0,135.7,1542.5,migration,,43.7
r-puchavicki,2046,forecast,optimistic:official,109.39,50.77,349.9,9.39,135.7,1542.5,migration,,43.7
r-puchavicki,2051,forecast,optimistic:official,110.2,53.23,327.2,10.2,135.7,1542.5,migration,,43.7
r-puchavicki,2056,forecast,optimistic:official,111.31,57.54,287.8,11.31,135.7,1542.5,migration,,43.7
r-rahachouski,2009,census,,100.79,45.01,48,0.79,90.1,229.9,migration,,147.1
r-rahachouski,2019,census,,99.72,43.74,-14,-0.28,90.1,229.9,migration,,147.1
r-rahachouski,2026,forecast,base:adjusted,100.43,47.97,14.3,0.43,90.1,229.9,migration,,147.1
r-rahachouski,2031,forecast,base:adjusted,101.73,50.46,44.3,1.73,90.1,229.9,migration,,147.1
r-rahachouski,2036,forecast,base:adjusted,103.59,49.21,90.1,3.59,90.1,229.9,migration,,147.1
r-rahachouski,2041,forecast,base:adjusted,103.74,48.32,100.7,3.74,90.1,229.9,migration,,147.1
r-rahachouski,2046,forecast,base:adjusted,102.65,48.49,68.9,2.65,90.1,229.9,migration,,147.1
r-rahachouski,2051,forecast,base:adjusted,100.89,48.92,19.7,0.89,90.1,229.9,migration,,147.1
r-rahachouski,2056,forecast,base:adjusted,100.15,51.42,2.6,0.15,90.1,229.9,migration,,147.1
r-rahachouski,2026,forecast,base:official,101.06,47.97,37.4,1.06,90.1,229.9,migration,,147.1
r-rahachouski,2031,forecast,base:official,102.14,50.46,57.8,2.14,90.1,229.9,migration,,147.1
r-rahachouski,2036,forecast,base:official,103.75,49.24,97.6,3.75,90.1,229.9,migration,,147.1
r-rahachouski,2041,forecast,base:official,103.79,48.37,104.3,3.79,90.1,229.9,migration,,147.1
r-rahachouski,2046,forecast,base:official,102.7,48.59,71.5,2.7,90.1,229.9,migration,,147.1
r-rahachouski,2051,forecast,base:official,100.99,49.09,22.2,0.99,90.1,229.9,migration,,147.1
r-rahachouski,2056,forecast,base:official,100.21,51.7,3.7,0.21,90.1,229.9,migration,,147.1
r-rahachouski,2026,forecast,negative:adjusted,100.43,47.97,14.3,0.43,90.1,229.9,migration,,147.1
r-rahachouski,2031,forecast,negative:adjusted,101.74,49.0,43.7,1.74,90.1,229.9,migration,,147.1
r-rahachouski,2036,forecast,negative:adjusted,103.69,46.21,89.6,3.69,90.1,229.9,migration,,147.1
r-rahachouski,2041,forecast,negative:adjusted,103.83,43.79,99.4,3.83,90.1,229.9,migration,,147.1
r-rahachouski,2046,forecast,negative:adjusted,102.69,42.42,67.3,2.69,90.1,229.9,migration,,147.1
r-rahachouski,2051,forecast,negative:adjusted,100.89,41.41,18.6,0.89,90.1,229.9,migration,,147.1
r-rahachouski,2056,forecast,negative:adjusted,100.36,42.74,5.4,0.36,90.1,229.9,migration,,147.1
r-rahachouski,2026,forecast,negative:official,101.06,47.97,37.4,1.06,90.1,229.9,migration,,147.1
r-rahachouski,2031,forecast,negative:official,102.15,49.0,57.1,2.15,90.1,229.9,migration,,147.1
r-rahachouski,2036,forecast,negative:official,103.86,46.24,97.1,3.86,90.1,229.9,migration,,147.1
r-rahachouski,2041,forecast,negative:official,103.89,43.85,103.1,3.89,90.1,229.9,migration,,147.1
r-rahachouski,2046,forecast,negative:official,102.74,42.53,69.6,2.74,90.1,229.9,migration,,147.1
r-rahachouski,2051,forecast,negative:official,100.98,41.59,21.0,0.98,90.1,229.9,migration,,147.1
r-rahachouski,2056,forecast,negative:official,100.42,43.03,6.5,0.42,90.1,229.9,migration,,147.1
r-rahachouski,2026,forecast,optimistic:adjusted,100.43,47.97,14.3,0.43,90.1,229.9,migration,,147.1
r-rahachouski,2031,forecast,optimistic:adjusted,101.72,50.6,44.3,1.72,90.1,229.9,migration,,147.1
r-rahachouski,2036,forecast,optimistic:adjusted,103.55,49.54,90.0,3.55,90.1,229.9,migration,,147.1
r-rahachouski,2041,forecast,optimistic:adjusted,103.66,48.92,100.0,3.66,90.1,229.9,migration,,147.1
r-rahachouski,2046,forecast,optimistic:adjusted,102.56,49.27,68.0,2.56,90.1,229.9,migration,,147.1
r-rahachouski,2051,forecast,optimistic:adjusted,100.8,49.76,18.0,0.8,90.1,229.9,migration,,147.1
r-rahachouski,2056,forecast,optimistic:adjusted,99.97,52.19,-0.5,-0.03,90.1,229.9,migration,,147.1
r-rahachouski,2026,forecast,optimistic:official,101.06,47.97,37.4,1.06,90.1,229.9,migration,,147.1
r-rahachouski,2031,forecast,optimistic:official,102.13,50.6,57.6,2.13,90.1,229.9,migration,,147.1
r-rahachouski,2036,forecast,optimistic:official,103.73,49.57,97.7,3.73,90.1,229.9,migration,,147.1
r-rahachouski,2041,forecast,optimistic:official,103.73,48.97,104.0,3.73,90.1,229.9,migration,,147.1
r-rahachouski,2046,forecast,optimistic:official,102.62,49.37,70.5,2.62,90.1,229.9,migration,,147.1
r-rahachouski,2051,forecast,optimistic:official,100.89,49.93,20.6,0.89,90.1,229.9,migration,,147.1
r-rahachouski,2056,forecast,optimistic:official,100.03,52.45,0.6,0.03,90.1,229.9,migration,,147.1
r-rasonski,2009,census,,115.18,42.26,145,15.18,16.4,76.2,migration,,205.3
r-rasonski,2019,census,,111.1,41.68,87,11.1,16.4,76.2,migration,,205.3
r-rasonski,2026,forecast,base:adjusted,109.34,47.18,47.6,9.34,16.4,76.2,migration,,205.3
r-rasonski,2031,forecast,base:adjusted,109.59,51.68,37.7,9.59,16.4,76.2,migration,,205.3
r-rasonski,2036,forecast,base:adjusted,108.69,52.64,34.9,8.69,16.4,76.2,migration,,205.3
r-rasonski,2041,forecast,base:adjusted,105.94,53.88,26.3,5.94,16.4,76.2,migration,,205.3
r-rasonski,2046,forecast,base:adjusted,101.28,55.34,5.8,1.28,16.4,76.2,migration,,205.3
r-rasonski,2051,forecast,base:adjusted,100.54,57.67,2.1,0.54,16.4,76.2,migration,,205.3
r-rasonski,2056,forecast,base:adjusted,102.11,61.56,6.2,2.11,16.4,76.2,migration,,205.3
r-rasonski,2026,forecast,base:official,109.79,47.19,52.5,9.79,16.4,76.2,migration,,205.3
r-rasonski,2031,forecast,base:official,109.78,51.67,40.6,9.78,16.4,76.2,migration,,205.3
r-rasonski,2036,forecast,base:official,108.89,52.66,36.9,8.89,16.4,76.2,migration,,205.3
r-rasonski,2041,forecast,base:official,106.11,53.92,27.6,6.11,16.4,76.2,migration,,205.3
r-rasonski,2046,forecast,base:official,101.41,55.43,6.5,1.41,16.4,76.2,migration,,205.3
r-rasonski,2051,forecast,base:official,100.67,57.83,2.7,0.67,16.4,76.2,migration,,205.3
r-rasonski,2056,forecast,base:official,102.28,61.8,6.9,2.28,16.4,76.2,migration,,205.3
r-rasonski,2026,forecast,negative:adjusted,109.34,47.18,47.6,9.34,16.4,76.2,migration,,205.3
r-rasonski,2031,forecast,negative:adjusted,109.72,50.27,37.5,9.72,16.4,76.2,migration,,205.3
r-rasonski,2036,forecast,negative:adjusted,108.87,49.66,34.3,8.87,16.4,76.2,migration,,205.3
r-rasonski,2041,forecast,negative:adjusted,105.91,49.25,25.2,5.91,16.4,76.2,migration,,205.3
r-rasonski,2046,forecast,negative:adjusted,101.25,48.99,5.4,1.25,16.4,76.2,migration,,205.3
r-rasonski,2051,forecast,negative:adjusted,100.51,49.58,1.9,0.51,16.4,76.2,migration,,205.3
r-rasonski,2056,forecast,negative:adjusted,101.75,51.92,4.5,1.75,16.4,76.2,migration,,205.3
r-rasonski,2026,forecast,negative:official,109.79,47.19,52.5,9.79,16.4,76.2,migration,,205.3
r-rasonski,2031,forecast,negative:official,109.91,50.28,40.4,9.91,16.4,76.2,migration,,205.3
r-rasonski,2036,forecast,negative:official,109.02,49.69,36.1,9.02,16.4,76.2,migration,,205.3
r-rasonski,2041,forecast,negative:official,106.14,49.29,26.7,6.14,16.4,76.2,migration,,205.3
r-rasonski,2046,forecast,negative:official,101.38,49.08,6.1,1.38,16.4,76.2,migration,,205.3
r-rasonski,2051,forecast,negative:official,100.66,49.76,2.5,0.66,16.4,76.2,migration,,205.3
r-rasonski,2056,forecast,negative:official,101.84,52.18,4.9,1.84,16.4,76.2,migration,,205.3
r-rasonski,2026,forecast,optimistic:adjusted,109.34,47.18,47.6,9.34,16.4,76.2,migration,,205.3
r-rasonski,2031,forecast,optimistic:adjusted,109.57,51.79,37.8,9.57,16.4,76.2,migration,,205.3
r-rasonski,2036,forecast,optimistic:adjusted,108.71,52.91,35.3,8.71,16.4,76.2,migration,,205.3
r-rasonski,2041,forecast,optimistic:adjusted,105.89,54.39,26.5,5.89,16.4,76.2,migration,,205.3
r-rasonski,2046,forecast,optimistic:adjusted,101.23,56.0,5.7,1.23,16.4,76.2,migration,,205.3
r-rasonski,2051,forecast,optimistic:adjusted,100.45,58.38,1.8,0.45,16.4,76.2,migration,,205.3
r-rasonski,2056,forecast,optimistic:adjusted,102.08,62.17,6.4,2.08,16.4,76.2,migration,,205.3
r-rasonski,2026,forecast,optimistic:official,109.79,47.19,52.5,9.79,16.4,76.2,migration,,205.3
r-rasonski,2031,forecast,optimistic:official,109.76,51.77,40.7,9.76,16.4,76.2,migration,,205.3
r-rasonski,2036,forecast,optimistic:official,108.86,52.94,37.1,8.86,16.4,76.2,migration,,205.3
r-rasonski,2041,forecast,optimistic:official,106.11,54.42,28.0,6.11,16.4,76.2,migration,,205.3
r-rasonski,2046,forecast,optimistic:official,101.36,56.09,6.4,1.36,16.4,76.2,migration,,205.3
r-rasonski,2051,forecast,optimistic:official,100.58,58.52,2.4,0.58,16.4,76.2,migration,,205.3
r-rasonski,2056,forecast,optimistic:official,102.17,62.4,6.9,2.17,16.4,76.2,migration,,205.3
r-rechycki,2009,census,,94.82,43.22,-619,-5.18,155.9,400.3,migration,,201.2
r-rechycki,2019,census,,97.97,38.48,-220,-2.03,155.9,400.3,migration,,201.2
r-rechycki,2026,forecast,base:adjusted,97.0,42.71,-250.8,-3.0,155.9,400.3,migration,,201.2
r-rechycki,2031,forecast,base:adjusted,96.57,46.07,-241.4,-3.43,155.9,400.3,migration,,201.2
r-rechycki,2036,forecast,base:adjusted,97.39,46.73,-175.7,-2.61,155.9,400.3,migration,,201.2
r-rechycki,2041,forecast,base:adjusted,97.3,46.88,-195.0,-2.7,155.9,400.3,migration,,201.2
r-rechycki,2046,forecast,base:adjusted,97.63,47.46,-170.3,-2.37,155.9,400.3,migration,,201.2
r-rechycki,2051,forecast,base:adjusted,96.36,48.68,-229.4,-3.64,155.9,400.3,migration,,201.2
r-rechycki,2056,forecast,base:adjusted,95.36,52.17,-232.1,-4.64,155.9,400.3,migration,,201.2
r-rechycki,2026,forecast,base:official,97.63,42.71,-207.6,-2.37,155.9,400.3,migration,,201.2
r-rechycki,2031,forecast,base:official,97.0,46.07,-221.6,-3.0,155.9,400.3,migration,,201.2
r-rechycki,2036,forecast,base:official,97.54,46.77,-171.0,-2.46,155.9,400.3,migration,,201.2
r-rechycki,2041,forecast,base:official,97.27,46.94,-200.6,-2.73,155.9,400.3,migration,,201.2
r-rechycki,2046,forecast,base:official,97.68,47.57,-168.8,-2.32,155.9,400.3,migration,,201.2
r-rechycki,2051,forecast,base:official,96.46,48.86,-227.3,-3.54,155.9,400.3,migration,,201.2
r-rechycki,2056,forecast,base:official,95.42,52.47,-235.7,-4.58,155.9,400.3,migration,,201.2
r-rechycki,2026,forecast,negative:adjusted,97.0,42.71,-250.8,-3.0,155.9,400.3,migration,,201.2
r-rechycki,2031,forecast,negative:adjusted,96.55,44.75,-238.5,-3.45,155.9,400.3,migration,,201.2
r-rechycki,2036,forecast,negative:adjusted,97.5,43.99,-162.7,-2.5,155.9,400.3,migration,,201.2
r-rechycki,2041,forecast,negative:adjusted,97.44,42.69,-177.7,-2.56,155.9,400.3,migration,,201.2
r-rechycki,2046,forecast,negative:adjusted,97.69,41.84,-159.2,-2.31,155.9,400.3,migration,,201.2
r-rechycki,2051,forecast,negative:adjusted,96.35,41.64,-219.4,-3.65,155.9,400.3,migration,,201.2
r-rechycki,2056,forecast,negative:adjusted,95.56,43.88,-195.9,-4.44,155.9,400.3,migration,,201.2
r-rechycki,2026,forecast,negative:official,97.63,42.71,-207.6,-2.37,155.9,400.3,migration,,201.2
r-rechycki,2031,forecast,negative:official,96.99,44.75,-218.9,-3.01,155.9,400.3,migration,,201.2
r-rechycki,2036,forecast,negative:official,97.65,44.02,-158.1,-2.35,155.9,400.3,migration,,201.2
r-rechycki,2041,forecast,negative:official,97.41,42.76,-183.6,-2.59,155.9,400.3,migration,,201.2
r-rechycki,2046,forecast,negative:official,97.75,41.95,-157.7,-2.25,155.9,400.3,migration,,201.2
r-rechycki,2051,forecast,negative:official,96.45,41.84,-217.5,-3.55,155.9,400.3,migration,,201.2
r-rechycki,2056,forecast,negative:official,95.62,44.19,-199.1,-4.38,155.9,400.3,migration,,201.2
r-rechycki,2026,forecast,optimistic:adjusted,97.0,42.71,-250.8,-3.0,155.9,400.3,migration,,201.2
r-rechycki,2031,forecast,optimistic:adjusted,96.56,46.19,-242.8,-3.44,155.9,400.3,migration,,201.2
r-rechycki,2036,forecast,optimistic:adjusted,97.35,47.04,-179.8,-2.65,155.9,400.3,migration,,201.2
r-rechycki,2041,forecast,optimistic:adjusted,97.22,47.44,-203.6,-2.78,155.9,400.3,migration,,201.2
r-rechycki,2046,forecast,optimistic:adjusted,97.54,48.23,-180.4,-2.46,155.9,400.3,migration,,201.2
r-rechycki,2051,forecast,optimistic:adjusted,96.26,49.55,-241.4,-3.74,155.9,400.3,migration,,201.2
r-rechycki,2056,forecast,optimistic:adjusted,95.19,52.95,-251.4,-4.81,155.9,400.3,migration,,201.2
r-rechycki,2026,forecast,optimistic:official,97.63,42.71,-207.6,-2.37,155.9,400.3,migration,,201.2
r-rechycki,2031,forecast,optimistic:official,96.99,46.19,-223.0,-3.01,155.9,400.3,migration,,201.2
r-rechycki,2036,forecast,optimistic:official,97.5,47.07,-174.9,-2.5,155.9,400.3,migration,,201.2
r-rechycki,2041,forecast,optimistic:official,97.2,47.5,-209.0,-2.8,155.9,400.3,migration,,201.2
r-rechycki,2046,forecast,optimistic:official,97.59,48.34,-178.7,-2.41,155.9,400.3,migration,,201.2
r-rechycki,2051,forecast,optimistic:official,96.36,49.73,-239.2,-3.64,155.9,400.3,migration,,201.2
r-rechycki,2056,forecast,optimistic:official,95.26,53.23,-255.1,-4.74,155.9,400.3,migration,,201.2
r-salihorski,2009,census,,99.95,51.36,-8,-0.05,218.5,958.5,migration,2036,94.6
r-salihorski,2019,census,,100.3,43.5,45,0.3,218.5,958.5,migration,2036,94.6
r-salihorski,2026,forecast,base:adjusted,105.86,44.18,734.2,5.86,218.5,958.5,migration,2036,94.6
r-salihorski,2031,forecast,base:adjusted,110.22,46.08,990.9,10.22,218.5,958.5,migration,2036,94.6
r-salihorski,2036,forecast,base:adjusted,115.8,47.73,1306.1,15.8,218.5,958.5,migration,2036,94.6
r-salihorski,2041,forecast,base:adjusted,116.84,47.59,1392.1,16.84,218.5,958.5,migration,2036,94.6
r-salihorski,2046,forecast,base:adjusted,116.99,47.74,1338.9,16.99,218.5,958.5,migration,2036,94.6
r-salihorski,2051,forecast,base:adjusted,116.66,49.49,1116.1,16.66,218.5,958.5,migration,2036,94.6
r-salihorski,2056,forecast,base:adjusted,117.92,52.92,924.8,17.92,218.5,958.5,migration,2036,94.6
r-salihorski,2026,forecast,base:official,105.99,44.18,762.2,5.99,218.5,958.5,migration,2036,94.6
r-salihorski,2031,forecast,base:official,110.32,46.08,1015.3,10.32,218.5,958.5,migration,2036,94.6
r-salihorski,2036,forecast,base:official,115.84,47.74,1322.0,15.84,218.5,958.5,migration,2036,94.6
r-salihorski,2041,forecast,base:official,116.88,47.62,1403.4,16.88,218.5,958.5,migration,2036,94.6
r-salihorski,2046,forecast,base:official,117.02,47.78,1346.9,17.02,218.5,958.5,migration,2036,94.6
r-salihorski,2051,forecast,base:official,116.71,49.56,1125.0,16.71,218.5,958.5,migration,2036,94.6
r-salihorski,2056,forecast,base:official,117.96,53.01,934.7,17.96,218.5,958.5,migration,2036,94.6
r-salihorski,2026,forecast,negative:adjusted,105.86,44.18,734.2,5.86,218.5,958.5,migration,2036,94.6
r-salihorski,2031,forecast,negative:adjusted,110.25,44.3,975.9,10.25,218.5,958.5,migration,2036,94.6
r-salihorski,2036,forecast,negative:adjusted,115.95,44.13,1271.1,15.95,218.5,958.5,migration,2036,94.6
r-salihorski,2041,forecast,negative:adjusted,116.89,42.08,1344.1,16.89,218.5,958.5,migration,2036,94.6
r-salihorski,2046,forecast,negative:adjusted,116.98,40.23,1289.3,16.98,218.5,958.5,migration,2036,94.6
r-salihorski,2051,forecast,negative:adjusted,116.55,40.12,1066.5,16.55,218.5,958.5,migration,2036,94.6
r-salihorski,2056,forecast,negative:adjusted,117.48,42.29,816.8,17.48,218.5,958.5,migration,2036,94.6
r-salihorski,2026,forecast,negative:official,105.99,44.18,762.2,5.99,218.5,958.5,migration,2036,94.6
r-salihorski,2031,forecast,negative:official,110.34,44.3,1000.3,10.34,218.5,958.5,migration,2036,94.6
r-salihorski,2036,forecast,negative:official,115.99,44.14,1286.8,15.99,218.5,958.5,migration,2036,94.6
r-salihorski,2041,forecast,negative:official,116.93,42.1,1355.1,16.93,218.5,958.5,migration,2036,94.6
r-salihorski,2046,forecast,negative:official,117.02,40.27,1297.3,17.02,218.5,958.5,migration,2036,94.6
r-salihorski,2051,forecast,negative:official,116.6,40.2,1075.2,16.6,218.5,958.5,migration,2036,94.6
r-salihorski,2056,forecast,negative:official,117.52,42.41,825.5,17.52,218.5,958.5,migration,2036,94.6
r-salihorski,2026,forecast,optimistic:adjusted,105.86,44.18,734.2,5.86,218.5,958.5,migration,2036,94.6
r-salihorski,2031,forecast,optimistic:adjusted,110.23,46.39,991.3,10.23,218.5,958.5,migration,2036,94.6
r-salihorski,2036,forecast,optimistic:adjusted,115.83,48.33,1307.4,15.83,218.5,958.5,migration,2036,94.6
r-salihorski,2041,forecast,optimistic:adjusted,116.85,48.62,1399.1,16.85,218.5,958.5,migration,2036,94.6
r-salihorski,2046,forecast,optimistic:adjusted,116.98,49.15,1349.2,16.98,218.5,958.5,migration,2036,94.6
r-salihorski,2051,forecast,optimistic:adjusted,116.66,51.1,1127.2,16.66,218.5,958.5,migration,2036,94.6
r-salihorski,2056,forecast,optimistic:adjusted,117.95,54.41,946.9,17.95,218.5,958.5,migration,2036,94.6
r-salihorski,2026,forecast,optimistic:official,105.99,44.18,762.2,5.99,218.5,958.5,migration,2036,94.6
r-salihorski,2031,forecast,optimistic:official,110.33,46.39,1016.0,10.33,218.5,958.5,migration,2036,94.6
r-salihorski,2036,forecast,optimistic:official,115.87,48.34,1323.4,15.87,218.5,958.5,migration,2036,94.6
r-salihorski,2041,forecast,optimistic:official,116.89,48.64,1410.4,16.89,218.5,958.5,migration,2036,94.6
r-salihorski,2046,forecast,optimistic:official,117.01,49.18,1357.2,17.01,218.5,958.5,migration,2036,94.6
r-salihorski,2051,forecast,optimistic:official,116.71,51.16,1136.1,16.71,218.5,958.5,migration,2036,94.6
r-salihorski,2056,forecast,optimistic:official,117.99,54.5,956.9,17.99,218.5,958.5,migration,2036,94.6
r-sharkoushchynski,2009,census,,104.33,42.06,75,4.33,23.8,89.8,migration,,144.7
r-sharkoushchynski,2019,census,,113.71,45.44,157,13.71,23.8,89.8,migration,,144.7
r-sharkoushchynski,2026,forecast,base:adjusted,108.42,49.37,68.9,8.42,23.8,89.8,migration,,144.7
r-sharkoushchynski,2031,forecast,base:adjusted,104.57,53.83,30.8,4.57,23.8,89.8,migration,,144.7
r-sharkoushchynski,2036,forecast,base:adjusted,105.18,55.71,32.7,5.18,23.8,89.8,migration,,144.7
r-sharkoushchynski,2041,forecast,base:adjusted,104.82,56.42,30.9,4.82,23.8,89.8,migration,,144.7
r-sharkoushchynski,2046,forecast,base:adjusted,107.85,55.38,45.8,7.85,23.8,89.8,migration,,144.7
r-sharkoushchynski,2051,forecast,base:adjusted,111.5,56.1,53.6,11.5,23.8,89.8,migration,,144.7
r-sharkoushchynski,2056,forecast,base:adjusted,110.11,59.49,34.5,10.11,23.8,89.8,migration,,144.7
r-sharkoushchynski,2026,forecast,base:official,108.86,49.37,76.4,8.86,23.8,89.8,migration,,144.7
r-sharkoushchynski,2031,forecast,base:official,104.9,53.82,34.8,4.9,23.8,89.8,migration,,144.7
r-sharkoushchynski,2036,forecast,base:official,105.31,55.74,34.7,5.31,23.8,89.8,migration,,144.7
r-sharkoushchynski,2041,forecast,base:official,104.77,56.47,31.3,4.77,23.8,89.8,migration,,144.7
r-sharkoushchynski,2046,forecast,base:official,107.97,55.47,47.3,7.97,23.8,89.8,migration,,144.7
r-sharkoushchynski,2051,forecast,base:official,111.69,56.24,55.7,11.69,23.8,89.8,migration,,144.7
r-sharkoushchynski,2056,forecast,base:official,110.24,59.75,36.1,10.24,23.8,89.8,migration,,144.7
r-sharkoushchynski,2026,forecast,negative:adjusted,108.42,49.37,68.9,8.42,23.8,89.8,migration,,144.7
r-sharkoushchynski,2031,forecast,negative:adjusted,104.63,52.32,30.6,4.63,23.8,89.8,migration,,144.7
r-sharkoushchynski,2036,forecast,negative:adjusted,105.33,52.58,32.4,5.33,23.8,89.8,migration,,144.7
r-sharkoushchynski,2041,forecast,negative:adjusted,104.91,51.68,30.2,4.91,23.8,89.8,migration,,144.7
r-sharkoushchynski,2046,forecast,negative:adjusted,107.81,49.09,43.6,7.81,23.8,89.8,migration,,144.7
r-sharkoushchynski,2051,forecast,negative:adjusted,111.49,48.2,50.7,11.49,23.8,89.8,migration,,144.7
r-sharkoushchynski,2056,forecast,negative:adjusted,110.42,50.2,31.1,10.42,23.8,89.8,migration,,144.7
r-sharkoushchynski,2026,forecast,negative:official,108.86,49.37,76.4,8.86,23.8,89.8,migration,,144.7
r-sharkoushchynski,2031,forecast,negative:official,104.96,52.32,34.6,4.96,23.8,89.8,migration,,144.7
r-sharkoushchynski,2036,forecast,negative:official,105.48,52.61,34.5,5.48,23.8,89.8,migration,,144.7
r-sharkoushchynski,2041,forecast,negative:official,104.88,51.72,30.7,4.88,23.8,89.8,migration,,144.7
r-sharkoushchynski,2046,forecast,negative:official,107.98,49.18,45.3,7.98,23.8,89.8,migration,,144.7
r-sharkoushchynski,2051,forecast,negative:official,111.69,48.35,52.8,11.69,23.8,89.8,migration,,144.7
r-sharkoushchynski,2056,forecast,negative:official,110.54,50.47,32.6,10.54,23.8,89.8,migration,,144.7
r-sharkoushchynski,2026,forecast,optimistic:adjusted,108.42,49.37,68.9,8.42,23.8,89.8,migration,,144.7
r-sharkoushchynski,2031,forecast,optimistic:adjusted,104.55,53.92,30.8,4.55,23.8,89.8,migration,,144.7
r-sharkoushchynski,2036,forecast,optimistic:adjusted,105.13,55.97,32.7,5.13,23.8,89.8,migration,,144.7
r-sharkoushchynski,2041,forecast,optimistic:adjusted,104.73,56.9,30.8,4.73,23.8,89.8,migration,,144.7
r-sharkoushchynski,2046,forecast,optimistic:adjusted,107.79,56.05,46.4,7.79,23.8,89.8,migration,,144.7
r-sharkoushchynski,2051,forecast,optimistic:adjusted,111.44,56.82,54.8,11.44,23.8,89.8,migration,,144.7
r-sharkoushchynski,2056,forecast,optimistic:adjusted,109.93,59.99,35.6,9.93,23.8,89.8,migration,,144.7
r-sharkoushchynski,2026,forecast,optimistic:official,108.86,49.37,76.4,8.86,23.8,89.8,migration,,144.7
r-sharkoushchynski,2031,forecast,optimistic:official,104.87,53.92,34.7,4.87,23.8,89.8,migration,,144.7
r-sharkoushchynski,2036,forecast,optimistic:official,105.28,56.01,34.8,5.28,23.8,89.8,migration,,144.7
r-sharkoushchynski,2041,forecast,optimistic:official,104.72,56.95,31.4,4.72,23.8,89.8,migration,,144.7
r-sharkoushchynski,2046,forecast,optimistic:official,107.91,56.14,47.9,7.91,23.8,89.8,migration,,144.7
r-sharkoushchynski,2051,forecast,optimistic:official,111.62,56.95,56.9,11.62,23.8,89.8,migration,,144.7
r-sharkoushchynski,2056,forecast,optimistic:official,110.02,60.22,37.1,10.02,23.8,89.8,migration,,144.7
r-shchuchynski,2009,census,,104.57,41.08,190,4.57,49.9,303.1,migration,,144.9
r-shchuchynski,2019,census,,101.63,39.92,45,1.63,49.9,303.1,migration,,144.9
r-shchuchynski,2026,forecast,base:adjusted,106.07,43.99,121.0,6.07,49.9,303.1,migration,,144.9
r-shchuchynski,2031,forecast,base:adjusted,107.84,50.08,124.9,7.84,49.9,303.1,migration,,144.9
r-shchuchynski,2036,forecast,base:adjusted,105.85,54.4,86.1,5.85,49.9,303.1,migration,,144.9
r-shchuchynski,2041,forecast,base:adjusted,102.7,56.9,38.3,2.7,49.9,303.1,migration,,144.9
r-shchuchynski,2046,forecast,base:adjusted,100.1,57.98,1.3,0.1,49.9,303.1,migration,,144.9
r-shchuchynski,2051,forecast,base:adjusted,100.45,59.03,4.5,0.45,49.9,303.1,migration,,144.9
r-shchuchynski,2056,forecast,base:adjusted,101.37,60.14,9.8,1.37,49.9,303.1,migration,,144.9
r-shchuchynski,2026,forecast,base:official,106.51,44.0,136.9,6.51,49.9,303.1,migration,,144.9
r-shchuchynski,2031,forecast,base:official,108.2,50.07,137.7,8.2,49.9,303.1,migration,,144.9
r-shchuchynski,2036,forecast,base:official,106.11,54.43,92.9,6.11,49.9,303.1,migration,,144.9
r-shchuchynski,2041,forecast,base:official,102.94,56.96,42.6,2.94,49.9,303.1,migration,,144.9
r-shchuchynski,2046,forecast,base:official,100.22,58.09,2.8,0.22,49.9,303.1,migration,,144.9
r-shchuchynski,2051,forecast,base:official,100.57,59.19,5.8,0.57,49.9,303.1,migration,,144.9
r-shchuchynski,2056,forecast,base:official,101.47,60.38,10.9,1.47,49.9,303.1,migration,,144.9
r-shchuchynski,2026,forecast,negative:adjusted,106.07,43.99,121.0,6.07,49.9,303.1,migration,,144.9
r-shchuchynski,2031,forecast,negative:adjusted,107.88,48.61,123.3,7.88,49.9,303.1,migration,,144.9
r-shchuchynski,2036,forecast,negative:adjusted,105.86,51.26,83.3,5.86,49.9,303.1,migration,,144.9
r-shchuchynski,2041,forecast,negative:adjusted,102.55,51.99,34.9,2.55,49.9,303.1,migration,,144.9
r-shchuchynski,2046,forecast,negative:adjusted,99.93,51.26,-0.8,-0.07,49.9,303.1,migration,,144.9
r-shchuchynski,2051,forecast,negative:adjusted,100.35,50.5,3.3,0.35,49.9,303.1,migration,,144.9
r-shchuchynski,2056,forecast,negative:adjusted,101.16,50.21,7.4,1.16,49.9,303.1,migration,,144.9
r-shchuchynski,2026,forecast,negative:official,106.51,44.0,136.9,6.51,49.9,303.1,migration,,144.9
r-shchuchynski,2031,forecast,negative:official,108.24,48.61,136.0,8.24,49.9,303.1,migration,,144.9
r-shchuchynski,2036,forecast,negative:official,106.13,51.29,90.1,6.13,49.9,303.1,migration,,144.9
r-shchuchynski,2041,forecast,negative:official,102.81,52.05,39.3,2.81,49.9,303.1,migration,,144.9
r-shchuchynski,2046,forecast,negative:official,100.06,51.38,0.7,0.06,49.9,303.1,migration,,144.9
r-shchuchynski,2051,forecast,negative:official,100.45,50.68,4.4,0.45,49.9,303.1,migration,,144.9
r-shchuchynski,2056,forecast,negative:official,101.27,50.47,8.4,1.27,49.9,303.1,migration,,144.9
r-shchuchynski,2026,forecast,optimistic:adjusted,106.07,43.99,121.0,6.07,49.9,303.1,migration,,144.9
r-shchuchynski,2031,forecast,optimistic:adjusted,107.83,50.16,125.2,7.83,49.9,303.1,migration,,144.9
r-shchuchynski,2036,forecast,optimistic:adjusted,105.85,54.65,86.6,5.85,49.9,303.1,migration,,144.9
r-shchuchynski,2041,forecast,optimistic:adjusted,102.71,57.43,38.9,2.71,49.9,303.1,migration,,144.9
r-shchuchynski,2046,forecast,optimistic:adjusted,100.11,58.76,1.4,0.11,49.9,303.1,migration,,144.9
r-shchuchynski,2051,forecast,optimistic:adjusted,100.41,59.94,4.2,0.41,49.9,303.1,migration,,144.9
r-shchuchynski,2056,forecast,optimistic:adjusted,101.26,60.93,9.4,1.26,49.9,303.1,migration,,144.9
r-shchuchynski,2026,forecast,optimistic:official,106.51,44.0,136.9,6.51,49.9,303.1,migration,,144.9
r-shchuchynski,2031,forecast,optimistic:official,108.18,50.16,137.9,8.18,49.9,303.1,migration,,144.9
r-shchuchynski,2036,forecast,optimistic:official,106.11,54.68,93.5,6.11,49.9,303.1,migration,,144.9
r-shchuchynski,2041,forecast,optimistic:official,102.96,57.48,43.4,2.96,49.9,303.1,migration,,144.9
r-shchuchynski,2046,forecast,optimistic:official,100.23,58.86,3.0,0.23,49.9,303.1,migration,,144.9
r-shchuchynski,2051,forecast,optimistic:official,100.54,60.1,5.6,0.54,49.9,303.1,migration,,144.9
r-shchuchynski,2056,forecast,optimistic:official,101.36,61.16,10.5,1.36,49.9,303.1,migration,,144.9
r-shklouski,2009,census,,131.89,39.8,885,31.89,63.2,715.4,migration,2026,149.4
r-shklouski,2019,census,,128.84,41.74,729,28.84,63.2,715.4,migration,2026,149.4
r-shklouski,2026,forecast,base:adjusted,124.36,48.6,449.6,24.36,63.2,715.4,migration,2026,149.4
r-shklouski,2031,forecast,base:adjusted,120.57,51.4,297.7,20.57,63.2,715.4,migration,2026,149.4
r-shklouski,2036,forecast,base:adjusted,116.34,51.68,220.9,16.34,63.2,715.4,migration,2026,149.4
r-shklouski,2041,forecast,base:adjusted,111.01,50.85,157.0,11.01,63.2,715.4,migration,2026,149.4
r-shklouski,2046,forecast,base:adjusted,107.91,51.56,118.8,7.91,63.2,715.4,migration,2026,149.4
r-shklouski,2051,forecast,base:adjusted,106.52,54.24,87.2,6.52,63.2,715.4,migration,2026,149.4
r-shklouski,2056,forecast,base:adjusted,106.49,58.5,67.5,6.49,63.2,715.4,migration,2026,149.4
r-shklouski,2026,forecast,base:official,124.89,48.6,483.6,24.89,63.2,715.4,migration,2026,149.4
r-shklouski,2031,forecast,base:official,120.94,51.4,319.5,20.94,63.2,715.4,migration,2026,149.4
r-shklouski,2036,forecast,base:official,116.4,51.72,228.9,16.4,63.2,715.4,migration,2026,149.4
r-shklouski,2041,forecast,base:official,111.08,50.91,160.7,11.08,63.2,715.4,migration,2026,149.4
r-shklouski,2046,forecast,base:official,108.03,51.68,122.3,8.03,63.2,715.4,migration,2026,149.4
r-shklouski,2051,forecast,base:official,106.69,54.43,91.1,6.69,63.2,715.4,migration,2026,149.4
r-shklouski,2056,forecast,base:official,106.68,58.81,71.5,6.68,63.2,715.4,migration,2026,149.4
r-shklouski,2026,forecast,negative:adjusted,124.36,48.6,449.6,24.36,63.2,715.4,migration,2026,149.4
r-shklouski,2031,forecast,negative:adjusted,120.68,49.77,292.6,20.68,63.2,715.4,migration,2026,149.4
r-shklouski,2036,forecast,negative:adjusted,116.66,48.28,215.6,16.66,63.2,715.4,migration,2026,149.4
r-shklouski,2041,forecast,negative:adjusted,111.31,45.6,153.9,11.31,63.2,715.4,migration,2026,149.4
r-shklouski,2046,forecast,negative:adjusted,107.97,44.54,114.0,7.97,63.2,715.4,migration,2026,149.4
r-shklouski,2051,forecast,negative:adjusted,106.46,45.6,81.6,6.46,63.2,715.4,migration,2026,149.4
r-shklouski,2056,forecast,negative:adjusted,105.8,48.53,52.8,5.8,63.2,715.4,migration,2026,149.4
r-shklouski,2026,forecast,negative:official,124.89,48.6,483.6,24.89,63.2,715.4,migration,2026,149.4
r-shklouski,2031,forecast,negative:official,121.06,49.77,314.5,21.06,63.2,715.4,migration,2026,149.4
r-shklouski,2036,forecast,negative:official,116.69,48.31,223.3,16.69,63.2,715.4,migration,2026,149.4
r-shklouski,2041,forecast,negative:official,111.36,45.68,157.4,11.36,63.2,715.4,migration,2026,149.4
r-shklouski,2046,forecast,negative:official,108.11,44.67,117.6,8.11,63.2,715.4,migration,2026,149.4
r-shklouski,2051,forecast,negative:official,106.65,45.82,85.6,6.65,63.2,715.4,migration,2026,149.4
r-shklouski,2056,forecast,negative:official,106.01,48.87,56.4,6.01,63.2,715.4,migration,2026,149.4
r-shklouski,2026,forecast,optimistic:adjusted,124.36,48.6,449.6,24.36,63.2,715.4,migration,2026,149.4
r-shklouski,2031,forecast,optimistic:adjusted,120.55,51.61,298.6,20.55,63.2,715.4,migration,2026,149.4
r-shklouski,2036,forecast,optimistic:adjusted,116.29,52.15,221.8,16.29,63.2,715.4,migration,2026,149.4
r-shklouski,2041,forecast,optimistic:adjusted,110.92,51.7,157.8,10.92,63.2,715.4,migration,2026,149.4
r-shklouski,2046,forecast,optimistic:adjusted,107.85,52.71,120.1,7.85,63.2,715.4,migration,2026,149.4
r-shklouski,2051,forecast,optimistic:adjusted,106.47,55.5,88.8,6.47,63.2,715.4,migration,2026,149.4
r-shklouski,2056,forecast,optimistic:adjusted,106.47,59.69,70.5,6.47,63.2,715.4,migration,2026,149.4
r-shklouski,2026,forecast,optimistic:official,124.89,48.6,483.6,24.89,63.2,715.4,migration,2026,149.4
r-shklouski,2031,forecast,optimistic:official,120.91,51.61,320.3,20.91,63.2,715.4,migration,2026,149.4
r-shklouski,2036,forecast,optimistic:official,116.34,52.18,229.7,16.34,63.2,715.4,migration,2026,149.4
r-shklouski,2041,forecast,optimistic:official,110.99,51.76,161.5,10.99,63.2,715.4,migration,2026,149.4
r-shklouski,2046,forecast,optimistic:official,107.97,52.84,123.6,7.97,63.2,715.4,migration,2026,149.4
r-shklouski,2051,forecast,optimistic:official,106.64,55.69,92.8,6.64,63.2,715.4,migration,2026,149.4
r-shklouski,2056,forecast,optimistic:official,106.66,59.98,74.6,6.66,63.2,715.4,migration,2026,149.4
r-shumilinski,2009,census,,103.88,39.19,76,3.88,29.1,94.9,migration,,170.6
r-shumilinski,2019,census,,107.63,40.25,125,7.63,29.1,94.9,migration,,170.6
r-shumilinski,2026,forecast,base:adjusted,109.83,46.56,107.9,9.83,29.1,94.9,migration,,170.6
r-shumilinski,2031,forecast,base:adjusted,111.02,51.05,96.1,11.02,29.1,94.9,migration,,170.6
r-shumilinski,2036,forecast,base:adjusted,108.68,51.57,76.1,8.68,29.1,94.9,migration,,170.6
r-shumilinski,2041,forecast,base:adjusted,105.61,52.73,53.8,5.61,29.1,94.9,migration,,170.6
r-shumilinski,2046,forecast,base:adjusted,103.65,54.79,35.0,3.65,29.1,94.9,migration,,170.6
r-shumilinski,2051,forecast,base:adjusted,104.66,57.61,38.3,4.66,29.1,94.9,migration,,170.6
r-shumilinski,2056,forecast,base:adjusted,105.87,61.3,36.4,5.87,29.1,94.9,migration,,170.6
r-shumilinski,2026,forecast,base:official,110.25,46.56,118.4,10.25,29.1,94.9,migration,,170.6
r-shumilinski,2031,forecast,base:official,111.31,51.04,103.9,11.31,29.1,94.9,migration,,170.6
r-shumilinski,2036,forecast,base:official,108.79,51.59,79.6,8.79,29.1,94.9,migration,,170.6
r-shumilinski,2041,forecast,base:official,105.75,52.77,56.2,5.75,29.1,94.9,migration,,170.6
r-shumilinski,2046,forecast,base:official,103.8,54.88,37.0,3.8,29.1,94.9,migration,,170.6
r-shumilinski,2051,forecast,base:official,104.79,57.76,40.2,4.79,29.1,94.9,migration,,170.6
r-shumilinski,2056,forecast,base:official,106.02,61.53,38.5,6.02,29.1,94.9,migration,,170.6
r-shumilinski,2026,forecast,negative:adjusted,109.83,46.56,107.9,9.83,29.1,94.9,migration,,170.6
r-shumilinski,2031,forecast,negative:adjusted,111.11,49.65,95.1,11.11,29.1,94.9,migration,,170.6
r-shumilinski,2036,forecast,negative:adjusted,108.84,48.62,74.6,8.84,29.1,94.9,migration,,170.6
r-shumilinski,2041,forecast,negative:adjusted,105.69,48.15,52.4,5.69,29.1,94.9,migration,,170.6
r-shumilinski,2046,forecast,negative:adjusted,103.63,48.51,33.3,3.63,29.1,94.9,migration,,170.6
r-shumilinski,2051,forecast,negative:adjusted,104.63,49.61,36.0,4.63,29.1,94.9,migration,,170.6
r-shumilinski,2056,forecast,negative:adjusted,105.5,51.72,29.9,5.5,29.1,94.9,migration,,170.6
r-shumilinski,2026,forecast,negative:official,110.25,46.56,118.4,10.25,29.1,94.9,migration,,170.6
r-shumilinski,2031,forecast,negative:official,111.4,49.65,102.8,11.4,29.1,94.9,migration,,170.6
r-shumilinski,2036,forecast,negative:official,108.94,48.64,78.0,8.94,29.1,94.9,migration,,170.6
r-shumilinski,2041,forecast,negative:official,105.82,48.2,54.7,5.82,29.1,94.9,migration,,170.6
r-shumilinski,2046,forecast,negative:official,103.74,48.59,34.9,3.74,29.1,94.9,migration,,170.6
r-shumilinski,2051,forecast,negative:official,104.76,49.76,37.9,4.76,29.1,94.9,migration,,170.6
r-shumilinski,2056,forecast,negative:official,105.64,51.97,31.7,5.64,29.1,94.9,migration,,170.6
r-shumilinski,2026,forecast,optimistic:adjusted,109.83,46.56,107.9,9.83,29.1,94.9,migration,,170.6
r-shumilinski,2031,forecast,optimistic:adjusted,110.99,51.15,96.3,10.99,29.1,94.9,migration,,170.6
r-shumilinski,2036,forecast,optimistic:adjusted,108.62,51.84,76.2,8.62,29.1,94.9,migration,,170.6
r-shumilinski,2041,forecast,optimistic:adjusted,105.56,53.24,54.1,5.56,29.1,94.9,migration,,170.6
r-shumilinski,2046,forecast,optimistic:adjusted,103.61,55.47,35.3,3.61,29.1,94.9,migration,,170.6
r-shumilinski,2051,forecast,optimistic:adjusted,104.58,58.34,38.7,4.58,29.1,94.9,migration,,170.6
r-shumilinski,2056,forecast,optimistic:adjusted,105.74,61.97,37.4,5.74,29.1,94.9,migration,,170.6
r-shumilinski,2026,forecast,optimistic:official,110.25,46.56,118.4,10.25,29.1,94.9,migration,,170.6
r-shumilinski,2031,forecast,optimistic:official,111.28,51.15,104.1,11.28,29.1,94.9,migration,,170.6
r-shumilinski,2036,forecast,optimistic:official,108.74,51.87,79.8,8.74,29.1,94.9,migration,,170.6
r-shumilinski,2041,forecast,optimistic:official,105.7,53.29,56.5,5.7,29.1,94.9,migration,,170.6
r-shumilinski,2046,forecast,optimistic:official,103.74,55.55,37.2,3.74,29.1,94.9,migration,,170.6
r-shumilinski,2051,forecast,optimistic:official,104.71,58.48,40.6,4.71,29.1,94.9,migration,,170.6
r-shumilinski,2056,forecast,optimistic:official,105.88,62.19,39.5,5.88,29.1,94.9,migration,,170.6
r-siennienski,2009,census,,105.84,40.75,132,5.84,36.0,152.0,migration,2031,136.1
r-siennienski,2019,census,,115.53,38.38,249,15.53,36.0,152.0,migration,2031,136.1
r-siennienski,2026,forecast,base:adjusted,114.08,43.83,164.0,14.08,36.0,152.0,migration,2031,136.1
r-siennienski,2031,forecast,base:adjusted,115.44,48.52,147.7,15.44,36.0,152.0,migration,2031,136.1
r-siennienski,2036,forecast,base:adjusted,118.88,50.09,166.6,18.88,36.0,152.0,migration,2031,136.1
r-siennienski,2041,forecast,base:adjusted,120.1,51.08,177.5,20.1,36.0,152.0,migration,2031,136.1
r-siennienski,2046,forecast,base:adjusted,120.54,51.47,163.0,20.54,36.0,152.0,migration,2031,136.1
r-siennienski,2051,forecast,base:adjusted,123.91,52.99,149.6,23.91,36.0,152.0,migration,2031,136.1
r-siennienski,2056,forecast,base:adjusted,124.44,56.73,112.7,24.44,36.0,152.0,migration,2031,136.1
r-siennienski,2026,forecast,base:official,114.52,43.83,178.2,14.52,36.0,152.0,migration,2031,136.1
r-siennienski,2031,forecast,base:official,115.67,48.51,158.0,15.67,36.0,152.0,migration,2031,136.1
r-siennienski,2036,forecast,base:official,118.94,50.11,173.0,18.94,36.0,152.0,migration,2031,136.1
r-siennienski,2041,forecast,base:official,120.25,51.14,182.7,20.25,36.0,152.0,migration,2031,136.1
r-siennienski,2046,forecast,base:official,120.7,51.55,167.0,20.7,36.0,152.0,migration,2031,136.1
r-siennienski,2051,forecast,base:official,124.0,53.13,153.6,24.0,36.0,152.0,migration,2031,136.1
r-siennienski,2056,forecast,base:official,124.56,56.97,117.1,24.56,36.0,152.0,migration,2031,136.1
r-siennienski,2026,forecast,negative:adjusted,114.08,43.83,164.0,14.08,36.0,152.0,migration,2031,136.1
r-siennienski,2031,forecast,negative:adjusted,115.57,47.19,146.1,15.57,36.0,152.0,migration,2031,136.1
r-siennienski,2036,forecast,negative:adjusted,119.1,47.24,162.1,19.1,36.0,152.0,migration,2031,136.1
r-siennienski,2041,forecast,negative:adjusted,120.2,46.68,171.1,20.2,36.0,152.0,migration,2031,136.1
r-siennienski,2046,forecast,negative:adjusted,120.49,45.55,155.4,20.49,36.0,152.0,migration,2031,136.1
r-siennienski,2051,forecast,negative:adjusted,123.81,45.52,141.1,23.81,36.0,152.0,migration,2031,136.1
r-siennienski,2056,forecast,negative:adjusted,124.16,47.8,97.6,24.16,36.0,152.0,migration,2031,136.1
r-siennienski,2026,forecast,negative:official,114.52,43.83,178.2,14.52,36.0,152.0,migration,2031,136.1
r-siennienski,2031,forecast,negative:official,115.79,47.18,156.3,15.79,36.0,152.0,migration,2031,136.1
r-siennienski,2036,forecast,negative:official,119.17,47.26,168.7,19.17,36.0,152.0,migration,2031,136.1
r-siennienski,2041,forecast,negative:official,120.37,46.73,176.4,20.37,36.0,152.0,migration,2031,136.1
r-siennienski,2046,forecast,negative:official,120.62,45.64,159.2,20.62,36.0,152.0,migration,2031,136.1
r-siennienski,2051,forecast,negative:official,123.97,45.66,145.4,23.97,36.0,152.0,migration,2031,136.1
r-siennienski,2056,forecast,negative:official,124.31,48.05,101.7,24.31,36.0,152.0,migration,2031,136.1
r-siennienski,2026,forecast,optimistic:adjusted,114.08,43.83,164.0,14.08,36.0,152.0,migration,2031,136.1
r-siennienski,2031,forecast,optimistic:adjusted,115.4,48.61,148.0,15.4,36.0,152.0,migration,2031,136.1
r-siennienski,2036,forecast,optimistic:adjusted,118.83,50.33,167.6,18.83,36.0,152.0,migration,2031,136.1
r-siennienski,2041,forecast,optimistic:adjusted,120.01,51.52,179.4,20.01,36.0,152.0,migration,2031,136.1
r-siennienski,2046,forecast,optimistic:adjusted,120.5,52.05,166.0,20.5,36.0,152.0,migration,2031,136.1
r-siennienski,2051,forecast,optimistic:adjusted,123.8,53.59,153.1,23.8,36.0,152.0,migration,2031,136.1
r-siennienski,2056,forecast,optimistic:adjusted,124.27,57.18,117.6,24.27,36.0,152.0,migration,2031,136.1
r-siennienski,2026,forecast,optimistic:official,114.52,43.83,178.2,14.52,36.0,152.0,migration,2031,136.1
r-siennienski,2031,forecast,optimistic:official,115.65,48.61,158.5,15.65,36.0,152.0,migration,2031,136.1
r-siennienski,2036,forecast,optimistic:official,118.89,50.35,174.1,18.89,36.0,152.0,migration,2031,136.1
r-siennienski,2041,forecast,optimistic:official,120.19,51.57,184.9,20.19,36.0,152.0,migration,2031,136.1
r-siennienski,2046,forecast,optimistic:official,120.64,52.14,169.9,20.64,36.0,152.0,migration,2031,136.1
r-siennienski,2051,forecast,optimistic:official,123.92,53.73,157.3,23.92,36.0,152.0,migration,2031,136.1
r-siennienski,2056,forecast,optimistic:official,124.42,57.4,122.2,24.42,36.0,152.0,migration,2031,136.1
r-slauharadski,2009,census,,93.49,39.99,-102,-6.51,19.2,116.4,migration,,194.5
r-slauharadski,2019,census,,96.16,41.45,-47,-3.84,19.2,116.4,migration,,194.5
r-slauharadski,2026,forecast,base:adjusted,99.93,46.8,-0.6,-0.07,19.2,116.4,migration,,194.5
r-slauharadski,2031,forecast,base:adjusted,104.09,49.72,30.8,4.09,19.2,116.4,migration,,194.5
r-slauharadski,2036,forecast,base:adjusted,104.39,51.4,33.2,4.39,19.2,116.4,migration,,194.5
r-slauharadski,2041,forecast,base:adjusted,102.76,50.32,22.4,2.76,19.2,116.4,migration,,194.5
r-slauharadski,2046,forecast,base:adjusted,99.01,48.82,-8.0,-0.99,19.2,116.4,migration,,194.5
r-slauharadski,2051,forecast,base:adjusted,98.69,49.15,-9.0,-1.31,19.2,116.4,migration,,194.5
r-slauharadski,2056,forecast,base:adjusted,100.27,50.7,1.4,0.27,19.2,116.4,migration,,194.5
r-slauharadski,2026,forecast,base:official,100.4,46.79,3.8,0.4,19.2,116.4,migration,,194.5
r-slauharadski,2031,forecast,base:official,104.31,49.72,34.2,4.31,19.2,116.4,migration,,194.5
r-slauharadski,2036,forecast,base:official,104.37,51.43,34.2,4.37,19.2,116.4,migration,,194.5
r-slauharadski,2041,forecast,base:official,102.87,50.38,23.7,2.87,19.2,116.4,migration,,194.5
r-slauharadski,2046,forecast,base:official,99.12,48.93,-7.2,-0.88,19.2,116.4,migration,,194.5
r-slauharadski,2051,forecast,base:official,98.82,49.32,-8.3,-1.18,19.2,116.4,migration,,194.5
r-slauharadski,2056,forecast,base:official,100.43,50.93,2.3,0.43,19.2,116.4,migration,,194.5
r-slauharadski,2026,forecast,negative:adjusted,99.93,46.8,-0.6,-0.07,19.2,116.4,migration,,194.5
r-slauharadski,2031,forecast,negative:adjusted,104.19,48.09,30.8,4.19,19.2,116.4,migration,,194.5
r-slauharadski,2036,forecast,negative:adjusted,104.7,47.98,34.0,4.7,19.2,116.4,migration,,194.5
r-slauharadski,2041,forecast,negative:adjusted,102.98,45.1,23.1,2.98,19.2,116.4,migration,,194.5
r-slauharadski,2046,forecast,negative:adjusted,99.01,41.97,-7.6,-0.99,19.2,116.4,migration,,194.5
r-slauharadski,2051,forecast,negative:adjusted,98.61,40.86,-9.0,-1.39,19.2,116.4,migration,,194.5
r-slauharadski,2056,forecast,negative:adjusted,99.78,41.36,-1.0,-0.22,19.2,116.4,migration,,194.5
r-slauharadski,2026,forecast,negative:official,100.4,46.79,3.8,0.4,19.2,116.4,migration,,194.5
r-slauharadski,2031,forecast,negative:official,104.43,48.08,34.4,4.43,19.2,116.4,migration,,194.5
r-slauharadski,2036,forecast,negative:official,104.69,48.01,35.1,4.69,19.2,116.4,migration,,194.5
r-slauharadski,2041,forecast,negative:official,103.1,45.17,24.5,3.1,19.2,116.4,migration,,194.5
r-slauharadski,2046,forecast,negative:official,99.14,42.1,-6.7,-0.86,19.2,116.4,migration,,194.5
r-slauharadski,2051,forecast,negative:official,98.73,41.03,-8.4,-1.27,19.2,116.4,migration,,194.5
r-slauharadski,2056,forecast,negative:official,99.94,41.65,-0.3,-0.06,19.2,116.4,migration,,194.5
r-slauharadski,2026,forecast,optimistic:adjusted,99.93,46.8,-0.6,-0.07,19.2,116.4,migration,,194.5
r-slauharadski,2031,forecast,optimistic:adjusted,104.05,49.92,30.6,4.05,19.2,116.4,migration,,194.5
r-slauharadski,2036,forecast,optimistic:adjusted,104.32,51.86,32.9,4.32,19.2,116.4,migration,,194.5
r-slauharadski,2041,forecast,optimistic:adjusted,102.66,51.14,21.9,2.66,19.2,116.4,migration,,194.5
r-slauharadski,2046,forecast,optimistic:adjusted,98.97,49.96,-8.5,-1.03,19.2,116.4,migration,,194.5
r-slauharadski,2051,forecast,optimistic:adjusted,98.64,50.42,-9.6,-1.36,19.2,116.4,migration,,194.5
r-slauharadski,2056,forecast,optimistic:adjusted,100.22,51.81,1.2,0.22,19.2,116.4,migration,,194.5
r-slauharadski,2026,forecast,optimistic:official,100.4,46.79,3.8,0.4,19.2,116.4,migration,,194.5
r-slauharadski,2031,forecast,optimistic:official,104.29,49.91,34.2,4.29,19.2,116.4,migration,,194.5
r-slauharadski,2036,forecast,optimistic:official,104.34,51.89,34.2,4.34,19.2,116.4,migration,,194.5
r-slauharadski,2041,forecast,optimistic:official,102.78,51.22,23.3,2.78,19.2,116.4,migration,,194.5
r-slauharadski,2046,forecast,optimistic:official,99.08,50.06,-7.7,-0.92,19.2,116.4,migration,,194.5
r-slauharadski,2051,forecast,optimistic:official,98.75,50.56,-9.0,-1.25,19.2,116.4,migration,,194.5
r-slauharadski,2056,forecast,optimistic:official,100.37,52.05,2.1,0.37,19.2,116.4,migration,,194.5
r-slonimski,2009,census,,99.64,41.33,-24,-0.36,122.1,1999.9,migration,,124.8
r-slonimski,2019,census,,102.68,41.12,163,2.68,122.1,1999.9,migration,,124.8
r-slonimski,2026,forecast,base:adjusted,108.23,45.6,382.5,8.23,122.1,1999.9,migration,,124.8
r-slonimski,2031,forecast,base:adjusted,109.25,49.72,374.2,9.25,122.1,1999.9,migration,,124.8
r-slonimski,2036,forecast,base:adjusted,104.49,51.16,183.9,4.49,122.1,1999.9,migration,,124.8
r-slonimski,2041,forecast,base:adjusted,100.03,51.85,1.3,0.03,122.1,1999.9,migration,,124.8
r-slonimski,2046,forecast,base:adjusted,98.0,52.67,-84.3,-2.0,122.1,1999.9,migration,,124.8
r-slonimski,2051,forecast,base:adjusted,98.58,54.3,-50.6,-1.42,122.1,1999.9,migration,,124.8
r-slonimski,2056,forecast,base:adjusted,99.68,57.66,-8.9,-0.32,122.1,1999.9,migration,,124.8
r-slonimski,2026,forecast,base:official,108.69,45.6,425.2,8.69,122.1,1999.9,migration,,124.8
r-slonimski,2031,forecast,base:official,109.6,49.71,407.9,9.6,122.1,1999.9,migration,,124.8
r-slonimski,2036,forecast,base:official,104.71,51.19,199.0,4.71,122.1,1999.9,migration,,124.8
r-slonimski,2041,forecast,base:official,100.23,51.9,10.1,0.23,122.1,1999.9,migration,,124.8
r-slonimski,2046,forecast,base:official,98.12,52.77,-80.2,-1.88,122.1,1999.9,migration,,124.8
r-slonimski,2051,forecast,base:official,98.71,54.47,-47.0,-1.29,122.1,1999.9,migration,,124.8
r-slonimski,2056,forecast,base:official,99.79,57.92,-6.1,-0.21,122.1,1999.9,migration,,124.8
r-slonimski,2026,forecast,negative:adjusted,108.23,45.6,382.5,8.23,122.1,1999.9,migration,,124.8
r-slonimski,2031,forecast,negative:adjusted,109.28,48.3,368.6,9.28,122.1,1999.9,migration,,124.8
r-slonimski,2036,forecast,negative:adjusted,104.5,48.22,178.1,4.5,122.1,1999.9,migration,,124.8
r-slonimski,2041,forecast,negative:adjusted,99.92,47.35,-3.4,-0.08,122.1,1999.9,migration,,124.8
r-slonimski,2046,forecast,negative:adjusted,97.86,46.55,-86.8,-2.14,122.1,1999.9,migration,,124.8
r-slonimski,2051,forecast,negative:adjusted,98.48,46.52,-51.6,-1.52,122.1,1999.9,migration,,124.8
r-slonimski,2056,forecast,negative:adjusted,99.36,48.48,-16.0,-0.64,122.1,1999.9,migration,,124.8
r-slonimski,2026,forecast,negative:official,108.69,45.6,425.2,8.69,122.1,1999.9,migration,,124.8
r-slonimski,2031,forecast,negative:official,109.62,48.3,402.0,9.62,122.1,1999.9,migration,,124.8
r-slonimski,2036,forecast,negative:official,104.73,48.24,193.1,4.73,122.1,1999.9,migration,,124.8
r-slonimski,2041,forecast,negative:official,100.12,47.4,5.2,0.12,122.1,1999.9,migration,,124.8
r-slonimski,2046,forecast,negative:official,97.99,46.65,-82.6,-2.01,122.1,1999.9,migration,,124.8
r-slonimski,2051,forecast,negative:official,98.61,46.7,-48.3,-1.39,122.1,1999.9,migration,,124.8
r-slonimski,2056,forecast,negative:official,99.47,48.77,-13.6,-0.53,122.1,1999.9,migration,,124.8
r-slonimski,2026,forecast,optimistic:adjusted,108.23,45.6,382.5,8.23,122.1,1999.9,migration,,124.8
r-slonimski,2031,forecast,optimistic:adjusted,109.24,49.81,375.3,9.24,122.1,1999.9,migration,,124.8
r-slonimski,2036,forecast,optimistic:adjusted,104.48,51.42,184.8,4.48,122.1,1999.9,migration,,124.8
r-slonimski,2041,forecast,optimistic:adjusted,100.04,52.35,1.8,0.04,122.1,1999.9,migration,,124.8
r-slonimski,2046,forecast,optimistic:adjusted,98.0,53.35,-85.6,-2.0,122.1,1999.9,migration,,124.8
r-slonimski,2051,forecast,optimistic:adjusted,98.54,55.06,-53.2,-1.46,122.1,1999.9,migration,,124.8
r-slonimski,2056,forecast,optimistic:adjusted,99.6,58.31,-11.6,-0.4,122.1,1999.9,migration,,124.8
r-slonimski,2026,forecast,optimistic:official,108.69,45.6,425.2,8.69,122.1,1999.9,migration,,124.8
r-slonimski,2031,forecast,optimistic:official,109.59,49.81,409.0,9.59,122.1,1999.9,migration,,124.8
r-slonimski,2036,forecast,optimistic:official,104.71,51.44,200.0,4.71,122.1,1999.9,migration,,124.8
r-slonimski,2041,forecast,optimistic:official,100.24,52.39,10.6,0.24,122.1,1999.9,migration,,124.8
r-slonimski,2046,forecast,optimistic:official,98.12,53.45,-81.4,-1.88,122.1,1999.9,migration,,124.8
r-slonimski,2051,forecast,optimistic:official,98.66,55.22,-49.6,-1.34,122.1,1999.9,migration,,124.8
r-slonimski,2056,forecast,optimistic:official,99.71,58.57,-8.7,-0.29,122.1,1999.9,migration,,124.8
r-slucki,2009,census,,98.13,44.35,-184,-1.87,140.5,842.7,migration,2031,72.4
r-slucki,2019,census,,102.03,38.22,179,2.03,140.5,842.7,migration,2031,72.4
r-slucki,2026,forecast,base:adjusted,110.04,40.81,747.3,10.04,140.5,842.7,migration,2031,72.4
r-slucki,2031,forecast,base:adjusted,115.2,43.15,871.0,15.2,140.5,842.7,migration,2031,72.4
r-slucki,2036,forecast,base:adjusted,119.53,43.78,933.6,19.53,140.5,842.7,migration,2031,72.4
r-slucki,2041,forecast,base:adjusted,121.29,43.14,977.8,21.29,140.5,842.7,migration,2031,72.4
r-slucki,2046,forecast,base:adjusted,123.74,42.97,997.8,23.74,140.5,842.7,migration,2031,72.4
r-slucki,2051,forecast,base:adjusted,125.23,44.19,875.6,25.23,140.5,842.7,migration,2031,72.4
r-slucki,2056,forecast,base:adjusted,126.99,46.99,706.5,26.99,140.5,842.7,migration,2031,72.4
r-slucki,2026,forecast,base:official,110.17,40.82,769.4,10.17,140.5,842.7,migration,2031,72.4
r-slucki,2031,forecast,base:official,115.31,43.15,890.8,15.31,140.5,842.7,migration,2031,72.4
r-slucki,2036,forecast,base:official,119.56,43.79,944.7,19.56,140.5,842.7,migration,2031,72.4
r-slucki,2041,forecast,base:official,121.33,43.16,986.0,21.33,140.5,842.7,migration,2031,72.4
r-slucki,2046,forecast,base:official,123.77,43.01,1004.0,23.77,140.5,842.7,migration,2031,72.4
r-slucki,2051,forecast,base:official,125.27,44.24,882.3,25.27,140.5,842.7,migration,2031,72.4
r-slucki,2056,forecast,base:official,127.03,47.08,714.0,27.03,140.5,842.7,migration,2031,72.4
r-slucki,2026,forecast,negative:adjusted,110.04,40.81,747.3,10.04,140.5,842.7,migration,2031,72.4
r-slucki,2031,forecast,negative:adjusted,115.22,41.49,857.1,15.22,140.5,842.7,migration,2031,72.4
r-slucki,2036,forecast,negative:adjusted,119.71,40.48,908.0,19.71,140.5,842.7,migration,2031,72.4
r-slucki,2041,forecast,negative:adjusted,121.39,38.14,945.1,21.39,140.5,842.7,migration,2031,72.4
r-slucki,2046,forecast,negative:adjusted,123.74,36.16,961.1,23.74,140.5,842.7,migration,2031,72.4
r-slucki,2051,forecast,negative:adjusted,125.11,35.7,838.1,25.11,140.5,842.7,migration,2031,72.4
r-slucki,2056,forecast,negative:adjusted,126.36,37.42,625.8,26.36,140.5,842.7,migration,2031,72.4
r-slucki,2026,forecast,negative:official,110.17,40.82,769.4,10.17,140.5,842.7,migration,2031,72.4
r-slucki,2031,forecast,negative:official,115.33,41.49,876.9,15.33,140.5,842.7,migration,2031,72.4
r-slucki,2036,forecast,negative:official,119.73,40.49,918.7,19.73,140.5,842.7,migration,2031,72.4
r-slucki,2041,forecast,negative:official,121.44,38.16,953.2,21.44,140.5,842.7,migration,2031,72.4
r-slucki,2046,forecast,negative:official,123.78,36.2,967.3,23.78,140.5,842.7,migration,2031,72.4
r-slucki,2051,forecast,negative:official,125.16,35.77,844.8,25.16,140.5,842.7,migration,2031,72.4
r-slucki,2056,forecast,negative:official,126.41,37.53,632.6,26.41,140.5,842.7,migration,2031,72.4
r-slucki,2026,forecast,optimistic:adjusted,110.04,40.81,747.3,10.04,140.5,842.7,migration,2031,72.4
r-slucki,2031,forecast,optimistic:adjusted,115.21,43.43,871.3,15.21,140.5,842.7,migration,2031,72.4
r-slucki,2036,forecast,optimistic:adjusted,119.56,44.33,934.5,19.56,140.5,842.7,migration,2031,72.4
r-slucki,2041,forecast,optimistic:adjusted,121.29,44.08,982.6,21.29,140.5,842.7,migration,2031,72.4
r-slucki,2046,forecast,optimistic:adjusted,123.73,44.24,1005.6,23.73,140.5,842.7,migration,2031,72.4
r-slucki,2051,forecast,optimistic:adjusted,125.23,45.61,884.4,25.23,140.5,842.7,migration,2031,72.4
r-slucki,2056,forecast,optimistic:adjusted,127.03,48.27,723.5,27.03,140.5,842.7,migration,2031,72.4
r-slucki,2026,forecast,optimistic:official,110.17,40.82,769.4,10.17,140.5,842.7,migration,2031,72.4
r-slucki,2031,forecast,optimistic:official,115.32,43.43,891.2,15.32,140.5,842.7,migration,2031,72.4
r-slucki,2036,forecast,optimistic:official,119.58,44.34,945.3,19.58,140.5,842.7,migration,2031,72.4
r-slucki,2041,forecast,optimistic:official,121.33,44.1,990.8,21.33,140.5,842.7,migration,2031,72.4
r-slucki,2046,forecast,optimistic:official,123.76,44.27,1011.6,23.76,140.5,842.7,migration,2031,72.4
r-slucki,2051,forecast,optimistic:official,125.27,45.67,891.1,25.27,140.5,842.7,migration,2031,72.4
r-slucki,2056,forecast,optimistic:official,127.08,48.36,731.0,27.08,140.5,842.7,migration,2031,72.4
r-smalavicki,2009,census,,105.19,44.98,595,5.19,204.8,1200.2,migration,,42.4
r-smalavicki,2019,census,,101.42,41.69,205,1.42,204.8,1200.2,migration,,42.4
r-smalavicki,2026,forecast,base:adjusted,105.58,43.81,662.1,5.58,204.8,1200.2,migration,,42.4
r-smalavicki,2031,forecast,base:adjusted,108.1,45.53,746.3,8.1,204.8,1200.2,migration,,42.4
r-smalavicki,2036,forecast,base:adjusted,111.79,45.87,974.9,11.79,204.8,1200.2,migration,,42.4
r-smalavicki,2041,forecast,base:adjusted,111.12,45.41,982.1,11.12,204.8,1200.2,migration,,42.4
r-smalavicki,2046,forecast,base:adjusted,110.17,46.13,918.9,10.17,204.8,1200.2,migration,,42.4
r-smalavicki,2051,forecast,base:adjusted,109.68,48.66,788.2,9.68,204.8,1200.2,migration,,42.4
r-smalavicki,2056,forecast,base:adjusted,111.24,53.14,746.7,11.24,204.8,1200.2,migration,,42.4
r-smalavicki,2026,forecast,base:official,105.71,43.81,688.1,5.71,204.8,1200.2,migration,,42.4
r-smalavicki,2031,forecast,base:official,108.21,45.53,767.3,8.21,204.8,1200.2,migration,,42.4
r-smalavicki,2036,forecast,base:official,111.83,45.88,987.8,11.83,204.8,1200.2,migration,,42.4
r-smalavicki,2041,forecast,base:official,111.16,45.43,991.2,11.16,204.8,1200.2,migration,,42.4
r-smalavicki,2046,forecast,base:official,110.19,46.17,925.2,10.19,204.8,1200.2,migration,,42.4
r-smalavicki,2051,forecast,base:official,109.72,48.74,795.6,9.72,204.8,1200.2,migration,,42.4
r-smalavicki,2056,forecast,base:official,111.28,53.25,755.7,11.28,204.8,1200.2,migration,,42.4
r-smalavicki,2026,forecast,negative:adjusted,105.58,43.81,662.1,5.58,204.8,1200.2,migration,,42.4
r-smalavicki,2031,forecast,negative:adjusted,108.12,43.84,735.2,8.12,204.8,1200.2,migration,,42.4
r-smalavicki,2036,forecast,negative:adjusted,111.93,42.47,950.9,11.93,204.8,1200.2,migration,,42.4
r-smalavicki,2041,forecast,negative:adjusted,111.17,40.18,949.6,11.17,204.8,1200.2,migration,,42.4
r-smalavicki,2046,forecast,negative:adjusted,110.15,38.92,884.2,10.15,204.8,1200.2,migration,,42.4
r-smalavicki,2051,forecast,negative:adjusted,109.57,39.67,749.8,9.57,204.8,1200.2,migration,,42.4
r-smalavicki,2056,forecast,negative:adjusted,110.76,43.04,647.3,10.76,204.8,1200.2,migration,,42.4
r-smalavicki,2026,forecast,negative:official,105.71,43.81,688.1,5.71,204.8,1200.2,migration,,42.4
r-smalavicki,2031,forecast,negative:official,108.22,43.84,755.9,8.22,204.8,1200.2,migration,,42.4
r-smalavicki,2036,forecast,negative:official,111.97,42.48,963.7,11.97,204.8,1200.2,migration,,42.4
r-smalavicki,2041,forecast,negative:official,111.22,40.2,958.8,11.22,204.8,1200.2,migration,,42.4
r-smalavicki,2046,forecast,negative:official,110.18,38.96,890.7,10.18,204.8,1200.2,migration,,42.4
r-smalavicki,2051,forecast,negative:official,109.61,39.75,757.1,9.61,204.8,1200.2,migration,,42.4
r-smalavicki,2056,forecast,negative:official,110.8,43.17,655.2,10.8,204.8,1200.2,migration,,42.4
r-smalavicki,2026,forecast,optimistic:adjusted,105.58,43.81,662.1,5.58,204.8,1200.2,migration,,42.4
r-smalavicki,2031,forecast,optimistic:adjusted,108.11,45.82,747.1,8.11,204.8,1200.2,migration,,42.4
r-smalavicki,2036,forecast,optimistic:adjusted,111.82,46.44,976.4,11.82,204.8,1200.2,migration,,42.4
r-smalavicki,2041,forecast,optimistic:adjusted,111.13,46.38,987.0,11.13,204.8,1200.2,migration,,42.4
r-smalavicki,2046,forecast,optimistic:adjusted,110.16,47.44,925.7,10.16,204.8,1200.2,migration,,42.4
r-smalavicki,2051,forecast,optimistic:adjusted,109.68,50.12,796.2,9.68,204.8,1200.2,migration,,42.4
r-smalavicki,2056,forecast,optimistic:adjusted,111.28,54.46,765.7,11.28,204.8,1200.2,migration,,42.4
r-smalavicki,2026,forecast,optimistic:official,105.71,43.81,688.1,5.71,204.8,1200.2,migration,,42.4
r-smalavicki,2031,forecast,optimistic:official,108.21,45.82,768.0,8.21,204.8,1200.2,migration,,42.4
r-smalavicki,2036,forecast,optimistic:official,111.86,46.45,989.3,11.86,204.8,1200.2,migration,,42.4
r-smalavicki,2041,forecast,optimistic:official,111.17,46.4,996.4,11.17,204.8,1200.2,migration,,42.4
r-smalavicki,2046,forecast,optimistic:official,110.19,47.48,932.1,10.19,204.8,1200.2,migration,,42.4
r-smalavicki,2051,forecast,optimistic:official,109.72,50.18,803.5,9.72,204.8,1200.2,migration,,42.4
r-smalavicki,2056,forecast,optimistic:official,111.32,54.56,774.7,11.32,204.8,1200.2,migration,,42.4
r-smarhonski,2009,census,,101.66,42.95,94,1.66,88.7,512.3,migration,,89.1
r-smarhonski,2019,census,,104.71,41.12,251,4.71,88.7,512.3,migration,,89.1
r-smarhonski,2026,forecast,base:adjusted,105.97,45.69,220.8,5.97,88.7,512.3,migration,,89.1
r-smarhonski,2031,forecast,base:adjusted,104.73,49.51,139.4,4.73,88.7,512.3,migration,,89.1
r-smarhonski,2036,forecast,base:adjusted,102.05,50.41,60.9,2.05,88.7,512.3,migration,,89.1
r-smarhonski,2041,forecast,base:adjusted,99.48,50.89,-16.5,-0.52,88.7,512.3,migration,,89.1
r-smarhonski,2046,forecast,base:adjusted,100.43,51.88,13.6,0.43,88.7,512.3,migration,,89.1
r-smarhonski,2051,forecast,base:adjusted,102.55,53.75,68.0,2.55,88.7,512.3,migration,,89.1
r-smarhonski,2056,forecast,base:adjusted,102.18,57.67,45.0,2.18,88.7,512.3,migration,,89.1
r-smarhonski,2026,forecast,base:official,106.48,45.69,252.2,6.48,88.7,512.3,migration,,89.1
r-smarhonski,2031,forecast,base:official,105.11,49.5,158.5,5.11,88.7,512.3,migration,,89.1
r-smarhonski,2036,forecast,base:official,102.29,50.44,70.1,2.29,88.7,512.3,migration,,89.1
r-smarhonski,2041,forecast,base:official,99.61,50.93,-12.6,-0.39,88.7,512.3,migration,,89.1
r-smarhonski,2046,forecast,base:official,100.55,51.97,17.4,0.55,88.7,512.3,migration,,89.1
r-smarhonski,2051,forecast,base:official,102.69,53.92,73.2,2.69,88.7,512.3,migration,,89.1
r-smarhonski,2056,forecast,base:official,102.28,57.95,48.5,2.28,88.7,512.3,migration,,89.1
r-smarhonski,2026,forecast,negative:adjusted,105.97,45.69,220.8,5.97,88.7,512.3,migration,,89.1
r-smarhonski,2031,forecast,negative:adjusted,104.72,48.1,136.8,4.72,88.7,512.3,migration,,89.1
r-smarhonski,2036,forecast,negative:adjusted,102.05,47.53,59.0,2.05,88.7,512.3,migration,,89.1
r-smarhonski,2041,forecast,negative:adjusted,99.38,46.49,-18.9,-0.62,88.7,512.3,migration,,89.1
r-smarhonski,2046,forecast,negative:adjusted,100.31,45.84,9.2,0.31,88.7,512.3,migration,,89.1
r-smarhonski,2051,forecast,negative:adjusted,102.46,46.06,62.7,2.46,88.7,512.3,migration,,89.1
r-smarhonski,2056,forecast,negative:adjusted,102.26,48.65,41.4,2.26,88.7,512.3,migration,,89.1
r-smarhonski,2026,forecast,negative:official,106.48,45.69,252.2,6.48,88.7,512.3,migration,,89.1
r-smarhonski,2031,forecast,negative:official,105.11,48.1,155.9,5.11,88.7,512.3,migration,,89.1
r-smarhonski,2036,forecast,negative:official,102.29,47.56,68.0,2.29,88.7,512.3,migration,,89.1
r-smarhonski,2041,forecast,negative:official,99.52,46.54,-15.0,-0.48,88.7,512.3,migration,,89.1
r-smarhonski,2046,forecast,negative:official,100.43,45.94,13.1,0.43,88.7,512.3,migration,,89.1
r-smarhonski,2051,forecast,negative:official,102.6,46.24,67.5,2.6,88.7,512.3,migration,,89.1
r-smarhonski,2056,forecast,negative:official,102.36,48.96,44.5,2.36,88.7,512.3,migration,,89.1
r-smarhonski,2026,forecast,optimistic:adjusted,105.97,45.69,220.8,5.97,88.7,512.3,migration,,89.1
r-smarhonski,2031,forecast,optimistic:adjusted,104.72,49.6,139.7,4.72,88.7,512.3,migration,,89.1
r-smarhonski,2036,forecast,optimistic:adjusted,102.05,50.67,61.4,2.05,88.7,512.3,migration,,89.1
r-smarhonski,2041,forecast,optimistic:adjusted,99.49,51.38,-16.4,-0.51,88.7,512.3,migration,,89.1
r-smarhonski,2046,forecast,optimistic:adjusted,100.43,52.53,13.6,0.43,88.7,512.3,migration,,89.1
r-smarhonski,2051,forecast,optimistic:adjusted,102.51,54.45,68.3,2.51,88.7,512.3,migration,,89.1
r-smarhonski,2056,forecast,optimistic:adjusted,102.08,58.26,44.7,2.08,88.7,512.3,migration,,89.1
r-smarhonski,2026,forecast,optimistic:official,106.48,45.69,252.2,6.48,88.7,512.3,migration,,89.1
r-smarhonski,2031,forecast,optimistic:official,105.1,49.59,158.8,5.1,88.7,512.3,migration,,89.1
r-smarhonski,2036,forecast,optimistic:official,102.29,50.69,70.5,2.29,88.7,512.3,migration,,89.1
r-smarhonski,2041,forecast,optimistic:official,99.61,51.43,-12.6,-0.39,88.7,512.3,migration,,89.1
r-smarhonski,2046,forecast,optimistic:official,100.55,52.63,17.6,0.55,88.7,512.3,migration,,89.1
r-smarhonski,2051,forecast,optimistic:official,102.65,54.61,73.4,2.65,88.7,512.3,migration,,89.1
r-smarhonski,2056,forecast,optimistic:official,102.17,58.54,48.0,2.17,88.7,512.3,migration,,89.1
r-staradarozhski,2009,census,,104.53,35.67,97,4.53,31.6,187.0,migration,2026,99.4
r-staradarozhski,2019,census,,115.99,33.28,290,15.99,31.6,187.0,migration,2026,99.4
r-staradarozhski,2026,forecast,base:adjusted,125.36,42.06,356.0,25.36,31.6,187.0,migration,2026,99.4
r-staradarozhski,2031,forecast,base:adjusted,126.37,46.58,290.3,26.37,31.6,187.0,migration,2026,99.4
r-staradarozhski,2036,forecast,base:adjusted,120.75,47.06,206.6,20.75,31.6,187.0,migration,2026,99.4
r-staradarozhski,2041,forecast,base:adjusted,114.54,45.95,149.7,14.54,31.6,187.0,migration,2026,99.4
r-staradarozhski,2046,forecast,base:adjusted,111.58,45.39,114.0,11.58,31.6,187.0,migration,2026,99.4
r-staradarozhski,2051,forecast,base:adjusted,111.62,46.75,97.0,11.62,31.6,187.0,migration,2026,99.4
r-staradarozhski,2056,forecast,base:adjusted,114.83,50.04,94.2,14.83,31.6,187.0,migration,2026,99.4
r-staradarozhski,2026,forecast,base:official,125.5,42.06,363.7,25.5,31.6,187.0,migration,2026,99.4
r-staradarozhski,2031,forecast,base:official,126.54,46.58,296.7,26.54,31.6,187.0,migration,2026,99.4
r-staradarozhski,2036,forecast,base:official,120.8,47.07,209.3,20.8,31.6,187.0,migration,2026,99.4
r-staradarozhski,2041,forecast,base:official,114.6,45.96,151.2,14.6,31.6,187.0,migration,2026,99.4
r-staradarozhski,2046,forecast,base:official,111.62,45.43,114.9,11.62,31.6,187.0,migration,2026,99.4
r-staradarozhski,2051,forecast,base:official,111.66,46.82,97.9,11.66,31.6,187.0,migration,2026,99.4
r-staradarozhski,2056,forecast,base:official,114.9,50.14,95.5,14.9,31.6,187.0,migration,2026,99.4
r-staradarozhski,2026,forecast,negative:adjusted,125.36,42.06,356.0,25.36,31.6,187.0,migration,2026,99.4
r-staradarozhski,2031,forecast,negative:adjusted,126.42,44.89,285.7,26.42,31.6,187.0,migration,2026,99.4
r-staradarozhski,2036,forecast,negative:adjusted,120.89,43.62,200.5,20.89,31.6,187.0,migration,2026,99.4
r-staradarozhski,2041,forecast,negative:adjusted,114.62,40.68,144.8,14.62,31.6,187.0,migration,2026,99.4
r-staradarozhski,2046,forecast,negative:adjusted,111.56,38.29,109.6,11.56,31.6,187.0,migration,2026,99.4
r-staradarozhski,2051,forecast,negative:adjusted,111.49,37.94,92.2,11.49,31.6,187.0,migration,2026,99.4
r-staradarozhski,2056,forecast,negative:adjusted,114.04,40.09,80.9,14.04,31.6,187.0,migration,2026,99.4
r-staradarozhski,2026,forecast,negative:official,125.5,42.06,363.7,25.5,31.6,187.0,migration,2026,99.4
r-staradarozhski,2031,forecast,negative:official,126.58,44.9,292.0,26.58,31.6,187.0,migration,2026,99.4
r-staradarozhski,2036,forecast,negative:official,120.95,43.63,203.3,20.95,31.6,187.0,migration,2026,99.4
r-staradarozhski,2041,forecast,negative:official,114.68,40.7,146.4,14.68,31.6,187.0,migration,2026,99.4
r-staradarozhski,2046,forecast,negative:official,111.59,38.32,110.4,11.59,31.6,187.0,migration,2026,99.4
r-staradarozhski,2051,forecast,negative:official,111.54,38.01,93.2,11.54,31.6,187.0,migration,2026,99.4
r-staradarozhski,2056,forecast,negative:official,114.06,40.21,81.8,14.06,31.6,187.0,migration,2026,99.4
r-staradarozhski,2026,forecast,optimistic:adjusted,125.36,42.06,356.0,25.36,31.6,187.0,migration,2026,99.4
r-staradarozhski,2031,forecast,optimistic:adjusted,126.4,46.86,290.5,26.4,31.6,187.0,migration,2026,99.4
r-staradarozhski,2036,forecast,optimistic:adjusted,120.77,47.63,206.7,20.77,31.6,187.0,migration,2026,99.4
r-staradarozhski,2041,forecast,optimistic:adjusted,114.56,46.93,150.5,14.56,31.6,187.0,migration,2026,99.4
r-staradarozhski,2046,forecast,optimistic:adjusted,111.58,46.7,114.9,11.58,31.6,187.0,migration,2026,99.4
r-staradarozhski,2051,forecast,optimistic:adjusted,111.64,48.22,98.1,11.64,31.6,187.0,migration,2026,99.4
r-staradarozhski,2056,forecast,optimistic:adjusted,114.93,51.34,96.9,14.93,31.6,187.0,migration,2026,99.4
r-staradarozhski,2026,forecast,optimistic:official,125.5,42.06,363.7,25.5,31.6,187.0,migration,2026,99.4
r-staradarozhski,2031,forecast,optimistic:official,126.55,46.86,296.8,26.55,31.6,187.0,migration,2026,99.4
r-staradarozhski,2036,forecast,optimistic:official,120.85,47.63,209.6,20.85,31.6,187.0,migration,2026,99.4
r-staradarozhski,2041,forecast,optimistic:official,114.61,46.94,152.0,14.61,31.6,187.0,migration,2026,99.4
r-staradarozhski,2046,forecast,optimistic:official,111.63,46.74,115.9,11.63,31.6,187.0,migration,2026,99.4
r-staradarozhski,2051,forecast,optimistic:official,111.66,48.28,98.9,11.66,31.6,187.0,migration,2026,99.4
r-staradarozhski,2056,forecast,optimistic:official,114.98,51.42,98.1,14.98,31.6,187.0,migration,2026,99.4
r-staubcouski,2009,census,,104.3,41.17,172,4.3,56.4,195.6,migration,2051,51.0
r-staubcouski,2019,census,,104.43,41.53,158,4.43,56.4,195.6,migration,2051,51.0
r-staubcouski,2026,forecast,base:adjusted,106.8,45.56,214.2,6.8,56.4,195.6,migration,2051,51.0
r-staubcouski,2031,forecast,base:adjusted,108.15,49.26,201.6,8.15,56.4,195.6,migration,2051,51.0
r-staubcouski,2036,forecast,base:adjusted,111.31,51.08,234.1,11.31,56.4,195.6,migration,2051,51.0
r-staubcouski,2041,forecast,base:adjusted,112.03,50.57,243.8,12.03,56.4,195.6,migration,2051,51.0
r-staubcouski,2046,forecast,base:adjusted,114.61,49.82,276.7,14.61,56.4,195.6,migration,2051,51.0
r-staubcouski,2051,forecast,base:adjusted,115.34,50.67,245.2,15.34,56.4,195.6,migration,2051,51.0
r-staubcouski,2056,forecast,base:adjusted,116.5,53.41,202.1,16.5,56.4,195.6,migration,2051,51.0
r-staubcouski,2026,forecast,base:official,106.94,45.56,222.1,6.94,56.4,195.6,migration,2051,51.0
r-staubcouski,2031,forecast,base:official,108.25,49.26,207.5,8.25,56.4,195.6,migration,2051,51.0
r-staubcouski,2036,forecast,base:official,111.34,51.09,237.2,11.34,56.4,195.6,migration,2051,51.0
r-staubcouski,2041,forecast,base:official,112.04,50.6,245.7,12.04,56.4,195.6,migration,2051,51.0
r-staubcouski,2046,forecast,base:official,114.63,49.86,278.6,14.63,56.4,195.6,migration,2051,51.0
r-staubcouski,2051,forecast,base:official,115.38,50.74,247.4,15.38,56.4,195.6,migration,2051,51.0
r-staubcouski,2056,forecast,base:official,116.54,53.52,204.4,16.54,56.4,195.6,migration,2051,51.0
r-staubcouski,2026,forecast,negative:adjusted,106.8,45.56,214.2,6.8,56.4,195.6,migration,2051,51.0
r-staubcouski,2031,forecast,negative:adjusted,108.16,47.36,198.5,8.16,56.4,195.6,migration,2051,51.0
r-staubcouski,2036,forecast,negative:adjusted,111.44,47.27,228.4,11.44,56.4,195.6,migration,2051,51.0
r-staubcouski,2041,forecast,negative:adjusted,112.13,44.75,236.5,12.13,56.4,195.6,migration,2051,51.0
r-staubcouski,2046,forecast,negative:adjusted,114.64,41.92,267.0,14.64,56.4,195.6,migration,2051,51.0
r-staubcouski,2051,forecast,negative:adjusted,115.23,40.83,234.1,15.23,56.4,195.6,migration,2051,51.0
r-staubcouski,2056,forecast,negative:adjusted,116.07,42.39,178.1,16.07,56.4,195.6,migration,2051,51.0
r-staubcouski,2026,forecast,negative:official,106.94,45.56,222.1,6.94,56.4,195.6,migration,2051,51.0
r-staubcouski,2031,forecast,negative:official,108.27,47.36,204.3,8.27,56.4,195.6,migration,2051,51.0
r-staubcouski,2036,forecast,negative:official,111.48,47.28,231.6,11.48,56.4,195.6,migration,2051,51.0
r-staubcouski,2041,forecast,negative:official,112.14,44.77,238.4,12.14,56.4,195.6,migration,2051,51.0
r-staubcouski,2046,forecast,negative:official,114.66,41.96,268.8,14.66,56.4,195.6,migration,2051,51.0
r-staubcouski,2051,forecast,negative:official,115.27,40.9,236.3,15.27,56.4,195.6,migration,2051,51.0
r-staubcouski,2056,forecast,negative:official,116.11,42.51,180.2,16.11,56.4,195.6,migration,2051,51.0
r-staubcouski,2026,forecast,optimistic:adjusted,106.8,45.56,214.2,6.8,56.4,195.6,migration,2051,51.0
r-staubcouski,2031,forecast,optimistic:adjusted,108.15,49.58,201.6,8.15,56.4,195.6,migration,2051,51.0
r-staubcouski,2036,forecast,optimistic:adjusted,111.33,51.72,234.4,11.33,56.4,195.6,migration,2051,51.0
r-staubcouski,2041,forecast,optimistic:adjusted,112.03,51.67,244.9,12.03,56.4,195.6,migration,2051,51.0
r-staubcouski,2046,forecast,optimistic:adjusted,114.6,51.31,278.8,14.6,56.4,195.6,migration,2051,51.0
r-staubcouski,2051,forecast,optimistic:adjusted,115.34,52.37,247.7,15.34,56.4,195.6,migration,2051,51.0
r-staubcouski,2056,forecast,optimistic:adjusted,116.51,54.94,206.7,16.51,56.4,195.6,migration,2051,51.0
r-staubcouski,2026,forecast,optimistic:official,106.94,45.56,222.1,6.94,56.4,195.6,migration,2051,51.0
r-staubcouski,2031,forecast,optimistic:official,108.26,49.58,207.6,8.26,56.4,195.6,migration,2051,51.0
r-staubcouski,2036,forecast,optimistic:official,111.36,51.73,237.5,11.36,56.4,195.6,migration,2051,51.0
r-staubcouski,2041,forecast,optimistic:official,112.04,51.69,246.8,12.04,56.4,195.6,migration,2051,51.0
r-staubcouski,2046,forecast,optimistic:official,114.63,51.35,280.8,14.63,56.4,195.6,migration,2051,51.0
r-staubcouski,2051,forecast,optimistic:official,115.38,52.42,249.8,15.38,56.4,195.6,migration,2051,51.0
r-staubcouski,2056,forecast,optimistic:official,116.56,55.03,209.2,16.56,56.4,195.6,migration,2051,51.0
r-stolinski,2009,census,,106.46,52.76,521,6.46,108.0,442.2,migration,2031,240.8
r-stolinski,2019,census,,104.78,51.15,303,4.78,108.0,442.2,migration,2031,240.8
r-stolinski,2026,forecast,base:adjusted,114.15,51.91,726.3,14.15,108.0,442.2,migration,2031,240.8
r-stolinski,2031,forecast,base:adjusted,123.61,55.86,1023.4,23.61,108.0,442.2,migration,2031,240.8
r-stolinski,2036,forecast,base:adjusted,129.47,58.88,1186.1,29.47,108.0,442.2,migration,2031,240.8
r-stolinski,2041,forecast,base:adjusted,130.57,61.04,1249.9,30.57,108.0,442.2,migration,2031,240.8
r-stolinski,2046,forecast,base:adjusted,129.11,62.1,1151.2,29.11,108.0,442.2,migration,2031,240.8
r-stolinski,2051,forecast,base:adjusted,128.63,63.31,962.5,28.63,108.0,442.2,migration,2031,240.8
r-stolinski,2056,forecast,base:adjusted,127.79,64.67,720.5,27.79,108.0,442.2,migration,2031,240.8
r-stolinski,2026,forecast,base:official,114.72,51.91,787.2,14.72,108.0,442.2,migration,2031,240.8
r-stolinski,2031,forecast,base:official,123.9,55.86,1079.2,23.9,108.0,442.2,migration,2031,240.8
r-stolinski,2036,forecast,base:official,129.51,58.9,1219.1,29.51,108.0,442.2,migration,2031,240.8
r-stolinski,2041,forecast,base:official,130.64,61.09,1271.9,30.64,108.0,442.2,migration,2031,240.8
r-stolinski,2046,forecast,base:official,129.17,62.19,1166.1,29.17,108.0,442.2,migration,2031,240.8
r-stolinski,2051,forecast,base:official,128.73,63.45,979.8,28.73,108.0,442.2,migration,2031,240.8
r-stolinski,2056,forecast,base:official,127.87,64.89,739.1,27.87,108.0,442.2,migration,2031,240.8
r-stolinski,2026,forecast,negative:adjusted,114.15,51.91,726.3,14.15,108.0,442.2,migration,2031,240.8
r-stolinski,2031,forecast,negative:adjusted,123.65,54.33,1008.0,23.65,108.0,442.2,migration,2031,240.8
r-stolinski,2036,forecast,negative:adjusted,129.71,55.63,1155.4,29.71,108.0,442.2,migration,2031,240.8
r-stolinski,2041,forecast,negative:adjusted,130.74,56.05,1210.0,30.74,108.0,442.2,migration,2031,240.8
r-stolinski,2046,forecast,negative:adjusted,129.12,55.4,1106.9,29.12,108.0,442.2,migration,2031,240.8
r-stolinski,2051,forecast,negative:adjusted,128.55,54.96,917.4,28.55,108.0,442.2,migration,2031,240.8
r-stolinski,2056,forecast,negative:adjusted,127.82,54.82,641.2,27.82,108.0,442.2,migration,2031,240.8
r-stolinski,2026,forecast,negative:official,114.72,51.91,787.2,14.72,108.0,442.2,migration,2031,240.8
r-stolinski,2031,forecast,negative:official,123.95,54.33,1063.7,23.95,108.0,442.2,migration,2031,240.8
r-stolinski,2036,forecast,negative:official,129.75,55.65,1188.3,29.75,108.0,442.2,migration,2031,240.8
r-stolinski,2041,forecast,negative:official,130.81,56.1,1232.0,30.81,108.0,442.2,migration,2031,240.8
r-stolinski,2046,forecast,negative:official,129.17,55.49,1121.5,29.17,108.0,442.2,migration,2031,240.8
r-stolinski,2051,forecast,negative:official,128.66,55.11,934.5,28.66,108.0,442.2,migration,2031,240.8
r-stolinski,2056,forecast,negative:official,127.91,55.05,658.4,27.91,108.0,442.2,migration,2031,240.8
r-stolinski,2026,forecast,optimistic:adjusted,114.15,51.91,726.3,14.15,108.0,442.2,migration,2031,240.8
r-stolinski,2031,forecast,optimistic:adjusted,123.59,55.91,1026.6,23.59,108.0,442.2,migration,2031,240.8
r-stolinski,2036,forecast,optimistic:adjusted,129.4,59.06,1192.7,29.4,108.0,442.2,migration,2031,240.8
r-stolinski,2041,forecast,optimistic:adjusted,130.46,61.45,1263.4,30.46,108.0,442.2,migration,2031,240.8
r-stolinski,2046,forecast,optimistic:adjusted,129.02,62.72,1169.6,29.02,108.0,442.2,migration,2031,240.8
r-stolinski,2051,forecast,optimistic:adjusted,128.54,64.04,982.9,28.54,108.0,442.2,migration,2031,240.8
r-stolinski,2056,forecast,optimistic:adjusted,127.62,65.28,747.4,27.62,108.0,442.2,migration,2031,240.8
r-stolinski,2026,forecast,optimistic:official,114.72,51.91,787.2,14.72,108.0,442.2,migration,2031,240.8
r-stolinski,2031,forecast,optimistic:official,123.88,55.91,1082.5,23.88,108.0,442.2,migration,2031,240.8
r-stolinski,2036,forecast,optimistic:official,129.44,59.09,1225.8,29.44,108.0,442.2,migration,2031,240.8
r-stolinski,2041,forecast,optimistic:official,130.54,61.5,1285.6,30.54,108.0,442.2,migration,2031,240.8
r-stolinski,2046,forecast,optimistic:official,129.08,62.81,1184.5,29.08,108.0,442.2,migration,2031,240.8
r-stolinski,2051,forecast,optimistic:official,128.64,64.18,1000.1,28.64,108.0,442.2,migration,2031,240.8
r-stolinski,2056,forecast,optimistic:official,127.7,65.49,766.2,27.7,108.0,442.2,migration,2031,240.8
r-svietlahorski,2009,census,,103.8,44.55,364,3.8,137.8,419.2,migration,2036,155.8
r-svietlahorski,2019,census,,107.98,39.03,662,7.98,137.8,419.2,migration,2036,155.8
r-svietlahorski,2026,forecast,base:adjusted,111.03,41.06,649.1,11.03,137.8,419.2,migration,2036,155.8
r-svietlahorski,2031,forecast,base:adjusted,114.22,44.19,645.3,14.22,137.8,419.2,migration,2036,155.8
r-svietlahorski,2036,forecast,base:adjusted,115.5,45.82,642.6,15.5,137.8,419.2,migration,2036,155.8
r-svietlahorski,2041,forecast,base:adjusted,114.88,46.44,641.0,14.88,137.8,419.2,migration,2036,155.8
r-svietlahorski,2046,forecast,base:adjusted,112.93,46.74,559.2,12.93,137.8,419.2,migration,2036,155.8
r-svietlahorski,2051,forecast,base:adjusted,111.0,47.63,411.8,11.0,137.8,419.2,migration,2036,155.8
r-svietlahorski,2056,forecast,base:adjusted,110.73,50.39,303.3,10.73,137.8,419.2,migration,2036,155.8
r-svietlahorski,2026,forecast,base:official,111.71,41.06,724.4,11.71,137.8,419.2,migration,2036,155.8
r-svietlahorski,2031,forecast,base:official,114.7,44.19,701.7,14.7,137.8,419.2,migration,2036,155.8
r-svietlahorski,2036,forecast,base:official,115.69,45.85,671.5,15.69,137.8,419.2,migration,2036,155.8
r-svietlahorski,2041,forecast,base:official,115.02,46.5,658.7,15.02,137.8,419.2,migration,2036,155.8
r-svietlahorski,2046,forecast,base:official,112.99,46.85,569.9,12.99,137.8,419.2,migration,2036,155.8
r-svietlahorski,2051,forecast,base:official,111.1,47.79,423.4,11.1,137.8,419.2,migration,2036,155.8
r-svietlahorski,2056,forecast,base:official,110.81,50.66,314.7,10.81,137.8,419.2,migration,2036,155.8
r-svietlahorski,2026,forecast,negative:adjusted,111.03,41.06,649.1,11.03,137.8,419.2,migration,2036,155.8
r-svietlahorski,2031,forecast,negative:adjusted,114.24,42.87,634.9,14.24,137.8,419.2,migration,2036,155.8
r-svietlahorski,2036,forecast,negative:adjusted,115.62,43.09,625.5,15.62,137.8,419.2,migration,2036,155.8
r-svietlahorski,2041,forecast,negative:adjusted,114.97,42.25,621.4,14.97,137.8,419.2,migration,2036,155.8
r-svietlahorski,2046,forecast,negative:adjusted,112.96,41.04,538.7,12.96,137.8,419.2,migration,2036,155.8
r-svietlahorski,2051,forecast,negative:adjusted,110.98,40.43,392.2,10.98,137.8,419.2,migration,2036,155.8
r-svietlahorski,2056,forecast,negative:adjusted,110.77,42.01,269.8,10.77,137.8,419.2,migration,2036,155.8
r-svietlahorski,2026,forecast,negative:official,111.71,41.06,724.4,11.71,137.8,419.2,migration,2036,155.8
r-svietlahorski,2031,forecast,negative:official,114.72,42.87,691.2,14.72,137.8,419.2,migration,2036,155.8
r-svietlahorski,2036,forecast,negative:official,115.81,43.12,654.3,15.81,137.8,419.2,migration,2036,155.8
r-svietlahorski,2041,forecast,negative:official,115.1,42.32,638.9,15.1,137.8,419.2,migration,2036,155.8
r-svietlahorski,2046,forecast,negative:official,113.01,41.15,549.2,13.01,137.8,419.2,migration,2036,155.8
r-svietlahorski,2051,forecast,negative:official,111.07,40.61,403.4,11.07,137.8,419.2,migration,2036,155.8
r-svietlahorski,2056,forecast,negative:official,110.85,42.3,280.2,10.85,137.8,419.2,migration,2036,155.8
r-svietlahorski,2026,forecast,optimistic:adjusted,111.03,41.06,649.1,11.03,137.8,419.2,migration,2036,155.8
r-svietlahorski,2031,forecast,optimistic:adjusted,114.21,44.31,647.5,14.21,137.8,419.2,migration,2036,155.8
r-svietlahorski,2036,forecast,optimistic:adjusted,115.46,46.12,646.5,15.46,137.8,419.2,migration,2036,155.8
r-svietlahorski,2041,forecast,optimistic:adjusted,114.81,47.0,646.8,14.81,137.8,419.2,migration,2036,155.8
r-svietlahorski,2046,forecast,optimistic:adjusted,112.84,47.5,565.8,12.84,137.8,419.2,migration,2036,155.8
r-svietlahorski,2051,forecast,optimistic:adjusted,110.9,48.49,418.2,10.9,137.8,419.2,migration,2036,155.8
r-svietlahorski,2056,forecast,optimistic:adjusted,110.55,51.16,311.8,10.55,137.8,419.2,migration,2036,155.8
r-svietlahorski,2026,forecast,optimistic:official,111.71,41.06,724.4,11.71,137.8,419.2,migration,2036,155.8
r-svietlahorski,2031,forecast,optimistic:official,114.69,44.31,704.0,14.69,137.8,419.2,migration,2036,155.8
r-svietlahorski,2036,forecast,optimistic:official,115.65,46.15,675.4,15.65,137.8,419.2,migration,2036,155.8
r-svietlahorski,2041,forecast,optimistic:official,114.94,47.05,664.5,14.94,137.8,419.2,migration,2036,155.8
r-svietlahorski,2046,forecast,optimistic:official,112.9,47.6,576.6,12.9,137.8,419.2,migration,2036,155.8
r-svietlahorski,2051,forecast,optimistic:official,110.99,48.65,429.7,10.99,137.8,419.2,migration,2036,155.8
r-svietlahorski,2056,forecast,optimistic:official,110.63,51.42,323.2,10.63,137.8,419.2,migration,2036,155.8
r-svislacki,2009,census,,105.35,38.5,88,5.35,22.3,180.7,migration,,203.4
r-svislacki,2019,census,,104.77,36.02,47,4.77,22.3,180.7,migration,,203.4
r-svislacki,2026,forecast,base:adjusted,106.79,40.39,44.3,6.79,22.3,180.7,migration,,203.4
r-svislacki,2031,forecast,base:adjusted,106.47,45.26,34.4,6.47,22.3,180.7,migration,,203.4
r-svislacki,2036,forecast,base:adjusted,104.89,47.86,25.5,4.89,22.3,180.7,migration,,203.4
r-svislacki,2041,forecast,base:adjusted,102.98,49.01,15.6,2.98,22.3,180.7,migration,,203.4
r-svislacki,2046,forecast,base:adjusted,102.26,49.74,10.6,2.26,22.3,180.7,migration,,203.4
r-svislacki,2051,forecast,base:adjusted,104.17,50.62,15.4,4.17,22.3,180.7,migration,,203.4
r-svislacki,2056,forecast,base:adjusted,105.46,51.78,14.5,5.46,22.3,180.7,migration,,203.4
r-svislacki,2026,forecast,base:official,107.2,40.39,49.7,7.2,22.3,180.7,migration,,203.4
r-svislacki,2031,forecast,base:official,106.83,45.26,38.3,6.83,22.3,180.7,migration,,203.4
r-svislacki,2036,forecast,base:official,105.08,47.89,27.4,5.08,22.3,180.7,migration,,203.4
r-svislacki,2041,forecast,base:official,103.18,49.06,17.0,3.18,22.3,180.7,migration,,203.4
r-svislacki,2046,forecast,base:official,102.37,49.83,11.3,2.37,22.3,180.7,migration,,203.4
r-svislacki,2051,forecast,base:official,104.26,50.77,16.1,4.26,22.3,180.7,migration,,203.4
r-svislacki,2056,forecast,base:official,105.58,52.02,15.3,5.58,22.3,180.7,migration,,203.4
r-svislacki,2026,forecast,negative:adjusted,106.79,40.39,44.3,6.79,22.3,180.7,migration,,203.4
r-svislacki,2031,forecast,negative:adjusted,106.53,43.95,34.1,6.53,22.3,180.7,migration,,203.4
r-svislacki,2036,forecast,negative:adjusted,104.92,45.1,24.8,4.92,22.3,180.7,migration,,203.4
r-svislacki,2041,forecast,negative:adjusted,102.87,44.75,14.5,2.87,22.3,180.7,migration,,203.4
r-svislacki,2046,forecast,negative:adjusted,102.08,43.93,9.4,2.08,22.3,180.7,migration,,203.4
r-svislacki,2051,forecast,negative:adjusted,104.05,43.25,14.3,4.05,22.3,180.7,migration,,203.4
r-svislacki,2056,forecast,negative:adjusted,105.15,43.16,12.2,5.15,22.3,180.7,migration,,203.4
r-svislacki,2026,forecast,negative:official,107.2,40.39,49.7,7.2,22.3,180.7,migration,,203.4
r-svislacki,2031,forecast,negative:official,106.89,43.95,38.0,6.89,22.3,180.7,migration,,203.4
r-svislacki,2036,forecast,negative:official,105.1,45.12,26.6,5.1,22.3,180.7,migration,,203.4
r-svislacki,2041,forecast,negative:official,103.06,44.8,15.8,3.06,22.3,180.7,migration,,203.4
r-svislacki,2046,forecast,negative:official,102.22,44.03,10.2,2.22,22.3,180.7,migration,,203.4
r-svislacki,2051,forecast,negative:official,104.15,43.4,15.0,4.15,22.3,180.7,migration,,203.4
r-svislacki,2056,forecast,negative:official,105.23,43.41,12.8,5.23,22.3,180.7,migration,,203.4
r-svislacki,2026,forecast,optimistic:adjusted,106.79,40.39,44.3,6.79,22.3,180.7,migration,,203.4
r-svislacki,2031,forecast,optimistic:adjusted,106.47,45.34,34.5,6.47,22.3,180.7,migration,,203.4
r-svislacki,2036,forecast,optimistic:adjusted,104.92,48.07,25.8,4.92,22.3,180.7,migration,,203.4
r-svislacki,2041,forecast,optimistic:adjusted,102.98,49.45,15.8,2.98,22.3,180.7,migration,,203.4
r-svislacki,2046,forecast,optimistic:adjusted,102.25,50.35,10.7,2.25,22.3,180.7,migration,,203.4
r-svislacki,2051,forecast,optimistic:adjusted,104.13,51.28,15.6,4.13,22.3,180.7,migration,,203.4
r-svislacki,2056,forecast,optimistic:adjusted,105.39,52.3,14.9,5.39,22.3,180.7,migration,,203.4
r-svislacki,2026,forecast,optimistic:official,107.2,40.39,49.7,7.2,22.3,180.7,migration,,203.4
r-svislacki,2031,forecast,optimistic:official,106.82,45.34,38.4,6.82,22.3,180.7,migration,,203.4
r-svislacki,2036,forecast,optimistic:official,105.08,48.11,27.6,5.08,22.3,180.7,migration,,203.4
r-svislacki,2041,forecast,optimistic:official,103.18,49.5,17.2,3.18,22.3,180.7,migration,,203.4
r-svislacki,2046,forecast,optimistic:official,102.37,50.44,11.5,2.37,22.3,180.7,migration,,203.4
r-svislacki,2051,forecast,optimistic:official,104.25,51.42,16.4,4.25,22.3,180.7,migration,,203.4
r-svislacki,2056,forecast,optimistic:official,105.54,52.52,15.8,5.54,22.3,180.7,migration,,203.4
r-talachynski,2009,census,,104.58,39.12,121,4.58,39.3,183.7,migration,2051,103.5
r-talachynski,2019,census,,106.18,42.17,132,6.18,39.3,183.7,migration,2051,103.5
r-talachynski,2026,forecast,base:adjusted,108.5,47.75,124.6,8.5,39.3,183.7,migration,2051,103.5
r-talachynski,2031,forecast,base:adjusted,111.42,52.24,133.8,11.42,39.3,183.7,migration,2051,103.5
r-talachynski,2036,forecast,base:adjusted,110.85,52.44,125.2,10.85,39.3,183.7,migration,2051,103.5
r-talachynski,2041,forecast,base:adjusted,110.34,53.3,126.5,10.34,39.3,183.7,migration,2051,103.5
r-talachynski,2046,forecast,base:adjusted,112.05,54.23,141.0,12.05,39.3,183.7,migration,2051,103.5
r-talachynski,2051,forecast,base:adjusted,115.14,56.04,147.0,15.14,39.3,183.7,migration,2051,103.5
r-talachynski,2056,forecast,base:adjusted,115.1,58.98,110.0,15.1,39.3,183.7,migration,2051,103.5
r-talachynski,2026,forecast,base:official,108.91,47.74,137.4,8.91,39.3,183.7,migration,2051,103.5
r-talachynski,2031,forecast,base:official,111.64,52.24,143.7,11.64,39.3,183.7,migration,2051,103.5
r-talachynski,2036,forecast,base:official,110.96,52.47,130.7,10.96,39.3,183.7,migration,2051,103.5
r-talachynski,2041,forecast,base:official,110.5,53.35,130.9,10.5,39.3,183.7,migration,2051,103.5
r-talachynski,2046,forecast,base:official,112.18,54.32,144.7,12.18,39.3,183.7,migration,2051,103.5
r-talachynski,2051,forecast,base:official,115.28,56.17,151.6,15.28,39.3,183.7,migration,2051,103.5
r-talachynski,2056,forecast,base:official,115.23,59.21,114.6,15.23,39.3,183.7,migration,2051,103.5
r-talachynski,2026,forecast,negative:adjusted,108.5,47.75,124.6,8.5,39.3,183.7,migration,2051,103.5
r-talachynski,2031,forecast,negative:adjusted,111.52,50.84,132.4,11.52,39.3,183.7,migration,2051,103.5
r-talachynski,2036,forecast,negative:adjusted,111.01,49.48,122.4,11.01,39.3,183.7,migration,2051,103.5
r-talachynski,2041,forecast,negative:adjusted,110.4,48.73,122.1,10.4,39.3,183.7,migration,2051,103.5
r-talachynski,2046,forecast,negative:adjusted,112.0,48.06,134.3,12.0,39.3,183.7,migration,2051,103.5
r-talachynski,2051,forecast,negative:adjusted,115.12,48.29,139.0,15.12,39.3,183.7,migration,2051,103.5
r-talachynski,2056,forecast,negative:adjusted,115.01,49.84,95.9,15.01,39.3,183.7,migration,2051,103.5
r-talachynski,2026,forecast,negative:official,108.91,47.74,137.4,8.91,39.3,183.7,migration,2051,103.5
r-talachynski,2031,forecast,negative:official,111.75,50.83,142.4,11.75,39.3,183.7,migration,2051,103.5
r-talachynski,2036,forecast,negative:official,111.13,49.51,128.0,11.13,39.3,183.7,migration,2051,103.5
r-talachynski,2041,forecast,negative:official,110.55,48.78,126.4,10.55,39.3,183.7,migration,2051,103.5
r-talachynski,2046,forecast,negative:official,112.14,48.16,138.1,12.14,39.3,183.7,migration,2051,103.5
r-talachynski,2051,forecast,negative:official,115.29,48.43,143.7,15.29,39.3,183.7,migration,2051,103.5
r-talachynski,2056,forecast,negative:official,115.16,50.08,100.2,15.16,39.3,183.7,migration,2051,103.5
r-talachynski,2026,forecast,optimistic:adjusted,108.5,47.75,124.6,8.5,39.3,183.7,migration,2051,103.5
r-talachynski,2031,forecast,optimistic:adjusted,111.39,52.35,134.1,11.39,39.3,183.7,migration,2051,103.5
r-talachynski,2036,forecast,optimistic:adjusted,110.8,52.71,125.8,10.8,39.3,183.7,migration,2051,103.5
r-talachynski,2041,forecast,optimistic:adjusted,110.29,53.81,127.7,10.29,39.3,183.7,migration,2051,103.5
r-talachynski,2046,forecast,optimistic:adjusted,112.0,54.91,143.2,12.0,39.3,183.7,migration,2051,103.5
r-talachynski,2051,forecast,optimistic:adjusted,115.03,56.78,150.0,15.03,39.3,183.7,migration,2051,103.5
r-talachynski,2056,forecast,optimistic:adjusted,114.91,59.65,114.1,14.91,39.3,183.7,migration,2051,103.5
r-talachynski,2026,forecast,optimistic:official,108.91,47.74,137.4,8.91,39.3,183.7,migration,2051,103.5
r-talachynski,2031,forecast,optimistic:official,111.6,52.34,143.9,11.6,39.3,183.7,migration,2051,103.5
r-talachynski,2036,forecast,optimistic:official,110.9,52.74,131.2,10.9,39.3,183.7,migration,2051,103.5
r-talachynski,2041,forecast,optimistic:official,110.44,53.85,132.1,10.44,39.3,183.7,migration,2051,103.5
r-talachynski,2046,forecast,optimistic:official,112.12,55.0,146.9,12.12,39.3,183.7,migration,2051,103.5
r-talachynski,2051,forecast,optimistic:official,115.2,56.91,154.9,15.2,39.3,183.7,migration,2051,103.5
r-talachynski,2056,forecast,optimistic:official,115.04,59.86,118.8,15.04,39.3,183.7,migration,2051,103.5
r-ushacki,2009,census,,108.78,43.28,112,8.78,19.5,39.5,migration,2026,139.5
r-ushacki,2019,census,,113.56,38.41,137,13.56,19.5,39.5,migration,2026,139.5
r-ushacki,2026,forecast,base:adjusted,116.18,46.28,109.2,16.18,19.5,39.5,migration,2026,139.5
r-ushacki,2031,forecast,base:adjusted,117.51,51.41,93.0,17.51,19.5,39.5,migration,2026,139.5
r-ushacki,2036,forecast,base:adjusted,113.41,51.84,73.0,13.41,19.5,39.5,migration,2026,139.5
r-ushacki,2041,forecast,base:adjusted,108.43,52.06,50.3,8.43,19.5,39.5,migration,2026,139.5
r-ushacki,2046,forecast,base:adjusted,104.4,52.43,25.7,4.4,19.5,39.5,migration,2026,139.5
r-ushacki,2051,forecast,base:adjusted,103.94,54.05,19.4,3.94,19.5,39.5,migration,2026,139.5
r-ushacki,2056,forecast,base:adjusted,104.77,57.96,17.6,4.77,19.5,39.5,migration,2026,139.5
r-ushacki,2026,forecast,base:official,116.7,46.27,118.7,16.7,19.5,39.5,migration,2026,139.5
r-ushacki,2031,forecast,base:official,117.79,51.39,99.7,17.79,19.5,39.5,migration,2026,139.5
r-ushacki,2036,forecast,base:official,113.63,51.86,76.7,13.63,19.5,39.5,migration,2026,139.5
r-ushacki,2041,forecast,base:official,108.57,52.1,52.2,8.57,19.5,39.5,migration,2026,139.5
r-ushacki,2046,forecast,base:official,104.51,52.51,26.8,4.51,19.5,39.5,migration,2026,139.5
r-ushacki,2051,forecast,base:official,104.05,54.21,20.4,4.05,19.5,39.5,migration,2026,139.5
r-ushacki,2056,forecast,base:official,104.87,58.21,18.6,4.87,19.5,39.5,migration,2026,139.5
r-ushacki,2026,forecast,negative:adjusted,116.18,46.28,109.2,16.18,19.5,39.5,migration,2026,139.5
r-ushacki,2031,forecast,negative:adjusted,117.62,50.03,91.8,17.62,19.5,39.5,migration,2026,139.5
r-ushacki,2036,forecast,negative:adjusted,113.54,48.92,71.0,13.54,19.5,39.5,migration,2026,139.5
r-ushacki,2041,forecast,negative:adjusted,108.43,47.59,48.3,8.43,19.5,39.5,migration,2026,139.5
r-ushacki,2046,forecast,negative:adjusted,104.35,46.41,24.3,4.35,19.5,39.5,migration,2026,139.5
r-ushacki,2051,forecast,negative:adjusted,103.88,46.5,18.1,3.88,19.5,39.5,migration,2026,139.5
r-ushacki,2056,forecast,negative:adjusted,104.64,49.07,15.0,4.64,19.5,39.5,migration,2026,139.5
r-ushacki,2026,forecast,negative:official,116.7,46.27,118.7,16.7,19.5,39.5,migration,2026,139.5
r-ushacki,2031,forecast,negative:official,117.89,50.01,98.4,17.89,19.5,39.5,migration,2026,139.5
r-ushacki,2036,forecast,negative:official,113.74,48.94,74.6,13.74,19.5,39.5,migration,2026,139.5
r-ushacki,2041,forecast,negative:official,108.59,47.64,50.3,8.59,19.5,39.5,migration,2026,139.5
r-ushacki,2046,forecast,negative:official,104.45,46.5,25.3,4.45,19.5,39.5,migration,2026,139.5
r-ushacki,2051,forecast,negative:official,104.02,46.64,19.2,4.02,19.5,39.5,migration,2026,139.5
r-ushacki,2056,forecast,negative:official,104.81,49.32,16.1,4.81,19.5,39.5,migration,2026,139.5
r-ushacki,2026,forecast,optimistic:adjusted,116.18,46.28,109.2,16.18,19.5,39.5,migration,2026,139.5
r-ushacki,2031,forecast,optimistic:adjusted,117.51,51.5,93.4,17.51,19.5,39.5,migration,2026,139.5
r-ushacki,2036,forecast,optimistic:adjusted,113.38,52.09,73.5,13.38,19.5,39.5,migration,2026,139.5
r-ushacki,2041,forecast,optimistic:adjusted,108.37,52.54,50.7,8.37,19.5,39.5,migration,2026,139.5
r-ushacki,2046,forecast,optimistic:adjusted,104.34,53.04,25.9,4.34,19.5,39.5,migration,2026,139.5
r-ushacki,2051,forecast,optimistic:adjusted,103.83,54.65,19.4,3.83,19.5,39.5,migration,2026,139.5
r-ushacki,2056,forecast,optimistic:adjusted,104.64,58.42,18.0,4.64,19.5,39.5,migration,2026,139.5
r-ushacki,2026,forecast,optimistic:official,116.7,46.27,118.7,16.7,19.5,39.5,migration,2026,139.5
r-ushacki,2031,forecast,optimistic:official,117.79,51.49,100.1,17.79,19.5,39.5,migration,2026,139.5
r-ushacki,2036,forecast,optimistic:official,113.58,52.1,77.1,13.58,19.5,39.5,migration,2026,139.5
r-ushacki,2041,forecast,optimistic:official,108.53,52.58,52.7,8.53,19.5,39.5,migration,2026,139.5
r-ushacki,2046,forecast,optimistic:official,104.49,53.11,27.2,4.49,19.5,39.5,migration,2026,139.5
r-ushacki,2051,forecast,optimistic:official,103.96,54.8,20.5,3.96,19.5,39.5,migration,2026,139.5
r-ushacki,2056,forecast,optimistic:official,104.77,58.65,19.1,4.77,19.5,39.5,migration,2026,139.5
r-uzdzienski,2009,census,,99.0,41.5,-22,-1.0,33.7,116.9,migration,2036,51.1
r-uzdzienski,2019,census,,107.25,37.87,167,7.25,33.7,116.9,migration,2036,51.1
r-uzdzienski,2026,forecast,base:adjusted,107.5,43.54,153.3,7.5,33.7,116.9,migration,2036,51.1
r-uzdzienski,2031,forecast,base:adjusted,108.3,47.16,135.2,8.3,33.7,116.9,migration,2036,51.1
r-uzdzienski,2036,forecast,base:adjusted,116.34,48.22,227.7,16.34,33.7,116.9,migration,2036,51.1
r-uzdzienski,2041,forecast,base:adjusted,119.7,46.73,277.2,19.7,33.7,116.9,migration,2036,51.1
r-uzdzienski,2046,forecast,base:adjusted,120.38,45.0,282.4,20.38,33.7,116.9,migration,2036,51.1
r-uzdzienski,2051,forecast,base:adjusted,122.28,45.72,269.1,22.28,33.7,116.9,migration,2036,51.1
r-uzdzienski,2056,forecast,base:adjusted,124.28,49.71,231.1,24.28,33.7,116.9,migration,2036,51.1
r-uzdzienski,2026,forecast,base:official,107.61,43.55,158.1,7.61,33.7,116.9,migration,2036,51.1
r-uzdzienski,2031,forecast,base:official,108.42,47.16,139.3,8.42,33.7,116.9,migration,2036,51.1
r-uzdzienski,2036,forecast,base:official,116.36,48.24,230.4,16.36,33.7,116.9,migration,2036,51.1
r-uzdzienski,2041,forecast,base:official,119.74,46.75,279.6,19.74,33.7,116.9,migration,2036,51.1
r-uzdzienski,2046,forecast,base:official,120.42,45.04,284.3,20.42,33.7,116.9,migration,2036,51.1
r-uzdzienski,2051,forecast,base:official,122.31,45.78,271.1,22.31,33.7,116.9,migration,2036,51.1
r-uzdzienski,2056,forecast,base:official,124.32,49.81,233.5,24.32,33.7,116.9,migration,2036,51.1
r-uzdzienski,2026,forecast,negative:adjusted,107.5,43.54,153.3,7.5,33.7,116.9,migration,2036,51.1
r-uzdzienski,2031,forecast,negative:adjusted,108.33,45.42,133.3,8.33,33.7,116.9,migration,2036,51.1
r-uzdzienski,2036,forecast,negative:adjusted,116.51,44.65,221.8,16.51,33.7,116.9,migration,2036,51.1
r-uzdzienski,2041,forecast,negative:adjusted,119.78,41.32,267.8,19.78,33.7,116.9,migration,2036,51.1
r-uzdzienski,2046,forecast,negative:adjusted,120.35,37.82,271.6,20.35,33.7,116.9,migration,2036,51.1
r-uzdzienski,2051,forecast,negative:adjusted,122.14,36.93,257.2,22.14,33.7,116.9,migration,2036,51.1
r-uzdzienski,2056,forecast,negative:adjusted,123.66,39.91,204.3,23.66,33.7,116.9,migration,2036,51.1
r-uzdzienski,2026,forecast,negative:official,107.61,43.55,158.1,7.61,33.7,116.9,migration,2036,51.1
r-uzdzienski,2031,forecast,negative:official,108.45,45.42,137.5,8.45,33.7,116.9,migration,2036,51.1
r-uzdzienski,2036,forecast,negative:official,116.54,44.66,224.6,16.54,33.7,116.9,migration,2036,51.1
r-uzdzienski,2041,forecast,negative:official,119.83,41.34,270.2,19.83,33.7,116.9,migration,2036,51.1
r-uzdzienski,2046,forecast,negative:official,120.37,37.87,273.3,20.37,33.7,116.9,migration,2036,51.1
r-uzdzienski,2051,forecast,negative:official,122.16,37.0,259.1,22.16,33.7,116.9,migration,2036,51.1
r-uzdzienski,2056,forecast,negative:official,123.68,40.03,206.4,23.68,33.7,116.9,migration,2036,51.1
r-uzdzienski,2026,forecast,optimistic:adjusted,107.5,43.54,153.3,7.5,33.7,116.9,migration,2036,51.1
r-uzdzienski,2031,forecast,optimistic:adjusted,108.32,47.45,135.5,8.32,33.7,116.9,migration,2036,51.1
r-uzdzienski,2036,forecast,optimistic:adjusted,116.38,48.8,228.1,16.38,33.7,116.9,migration,2036,51.1
r-uzdzienski,2041,forecast,optimistic:adjusted,119.69,47.71,278.3,19.69,33.7,116.9,migration,2036,51.1
r-uzdzienski,2046,forecast,optimistic:adjusted,120.37,46.28,284.6,20.37,33.7,116.9,migration,2036,51.1
r-uzdzienski,2051,forecast,optimistic:adjusted,122.29,47.12,271.9,22.29,33.7,116.9,migration,2036,51.1
r-uzdzienski,2056,forecast,optimistic:adjusted,124.32,50.9,236.6,24.32,33.7,116.9,migration,2036,51.1
r-uzdzienski,2026,forecast,optimistic:official,107.61,43.55,158.1,7.61,33.7,116.9,migration,2036,51.1
r-uzdzienski,2031,forecast,optimistic:official,108.42,47.45,139.4,8.42,33.7,116.9,migration,2036,51.1
r-uzdzienski,2036,forecast,optimistic:official,116.39,48.81,230.7,16.39,33.7,116.9,migration,2036,51.1
r-uzdzienski,2041,forecast,optimistic:official,119.75,47.72,281.0,19.75,33.7,116.9,migration,2036,51.1
r-uzdzienski,2046,forecast,optimistic:official,120.41,46.32,286.5,20.41,33.7,116.9,migration,2036,51.1
r-uzdzienski,2051,forecast,optimistic:official,122.31,47.17,273.8,22.31,33.7,116.9,migration,2036,51.1
r-uzdzienski,2056,forecast,optimistic:official,124.36,51.0,239.1,24.36,33.7,116.9,migration,2036,51.1
r-valozhynski,2009,census,,106.25,41.47,198,6.25,53.8,395.2,migration,2026,54.7
r-valozhynski,2019,census,,113.46,36.22,397,13.46,53.8,395.2,migration,2026,54.7
r-valozhynski,2026,forecast,base:adjusted,115.97,39.67,435.2,15.97,53.8,395.2,migration,2026,54.7
r-valozhynski,2031,forecast,base:adjusted,115.15,43.68,333.2,15.15,53.8,395.2,migration,2026,54.7
r-valozhynski,2036,forecast,base:adjusted,113.13,46.98,243.7,13.13,53.8,395.2,migration,2026,54.7
r-valozhynski,2041,forecast,base:adjusted,109.33,47.16,170.0,9.33,53.8,395.2,migration,2026,54.7
r-valozhynski,2046,forecast,base:adjusted,111.6,47.23,197.1,11.6,53.8,395.2,migration,2026,54.7
r-valozhynski,2051,forecast,base:adjusted,111.58,49.21,167.3,11.58,53.8,395.2,migration,2026,54.7
r-valozhynski,2056,forecast,base:adjusted,111.89,52.96,133.6,11.89,53.8,395.2,migration,2026,54.7
r-valozhynski,2026,forecast,base:official,116.11,39.67,446.1,16.11,53.8,395.2,migration,2026,54.7
r-valozhynski,2031,forecast,base:official,115.28,43.67,341.5,15.28,53.8,395.2,migration,2026,54.7
r-valozhynski,2036,forecast,base:official,113.19,46.99,247.5,13.19,53.8,395.2,migration,2026,54.7
r-valozhynski,2041,forecast,base:official,109.35,47.19,171.5,9.35,53.8,395.2,migration,2026,54.7
r-valozhynski,2046,forecast,base:official,111.62,47.28,198.5,11.62,53.8,395.2,migration,2026,54.7
r-valozhynski,2051,forecast,base:official,111.62,49.28,169.0,11.62,53.8,395.2,migration,2026,54.7
r-valozhynski,2056,forecast,base:official,111.92,53.07,135.1,11.92,53.8,395.2,migration,2026,54.7
r-valozhynski,2026,forecast,negative:adjusted,115.97,39.67,435.2,15.97,53.8,395.2,migration,2026,54.7
r-valozhynski,2031,forecast,negative:adjusted,115.17,41.99,327.9,15.17,53.8,395.2,migration,2026,54.7
r-valozhynski,2036,forecast,negative:adjusted,113.25,43.5,237.1,13.25,53.8,395.2,migration,2026,54.7
r-valozhynski,2041,forecast,negative:adjusted,109.37,41.79,164.3,9.37,53.8,395.2,migration,2026,54.7
r-valozhynski,2046,forecast,negative:adjusted,111.6,39.85,189.9,11.6,53.8,395.2,migration,2026,54.7
r-valozhynski,2051,forecast,negative:adjusted,111.47,39.92,159.4,11.47,53.8,395.2,migration,2026,54.7
r-valozhynski,2056,forecast,negative:adjusted,111.76,42.49,119.5,11.76,53.8,395.2,migration,2026,54.7
r-valozhynski,2026,forecast,negative:official,116.11,39.67,446.1,16.11,53.8,395.2,migration,2026,54.7
r-valozhynski,2031,forecast,negative:official,115.31,41.99,336.2,15.31,53.8,395.2,migration,2026,54.7
r-valozhynski,2036,forecast,negative:official,113.32,43.52,240.9,13.32,53.8,395.2,migration,2026,54.7
r-valozhynski,2041,forecast,negative:official,109.39,41.81,165.8,9.39,53.8,395.2,migration,2026,54.7
r-valozhynski,2046,forecast,negative:official,111.62,39.9,191.1,11.62,53.8,395.2,migration,2026,54.7
r-valozhynski,2051,forecast,negative:official,111.52,40.0,161.1,11.52,53.8,395.2,migration,2026,54.7
r-valozhynski,2056,forecast,negative:official,111.79,42.62,120.9,11.79,53.8,395.2,migration,2026,54.7
r-valozhynski,2026,forecast,optimistic:adjusted,115.97,39.67,435.2,15.97,53.8,395.2,migration,2026,54.7
r-valozhynski,2031,forecast,optimistic:adjusted,115.16,43.96,333.4,15.16,53.8,395.2,migration,2026,54.7
r-valozhynski,2036,forecast,optimistic:adjusted,113.16,47.53,244.1,13.16,53.8,395.2,migration,2026,54.7
r-valozhynski,2041,forecast,optimistic:adjusted,109.34,48.12,170.9,9.34,53.8,395.2,migration,2026,54.7
r-valozhynski,2046,forecast,optimistic:adjusted,111.59,48.57,198.6,11.59,53.8,395.2,migration,2026,54.7
r-valozhynski,2051,forecast,optimistic:adjusted,111.58,50.71,169.0,11.58,53.8,395.2,migration,2026,54.7
r-valozhynski,2056,forecast,optimistic:adjusted,111.86,54.28,136.2,11.86,53.8,395.2,migration,2026,54.7
r-valozhynski,2026,forecast,optimistic:official,116.11,39.67,446.1,16.11,53.8,395.2,migration,2026,54.7
r-valozhynski,2031,forecast,optimistic:official,115.29,43.96,341.7,15.29,53.8,395.2,migration,2026,54.7
r-valozhynski,2036,forecast,optimistic:official,113.23,47.54,248.0,13.23,53.8,395.2,migration,2026,54.7
r-valozhynski,2041,forecast,optimistic:official,109.36,48.15,172.5,9.36,53.8,395.2,migration,2026,54.7
r-valozhynski,2046,forecast,optimistic:official,111.62,48.61,200.1,11.62,53.8,395.2,migration,2026,54.7
r-valozhynski,2051,forecast,optimistic:official,111.63,50.78,170.7,11.63,53.8,395.2,migration,2026,54.7
r-valozhynski,2056,forecast,optimistic:official,111.91,54.38,138.0,11.91,53.8,395.2,migration,2026,54.7
r-vaukavyski,2009,census,,118.29,42.09,1378,18.29,122.5,1083.7,migration,,174.7
r-vaukavyski,2019,census,,109.84,40.32,638,9.84,122.5,1083.7,migration,,174.7
r-vaukavyski,2026,forecast,base:adjusted,105.08,44.69,249.2,5.08,122.5,1083.7,migration,,174.7
r-vaukavyski,2031,forecast,base:adjusted,101.07,49.13,44.6,1.07,122.5,1083.7,migration,,174.7
r-vaukavyski,2036,forecast,base:adjusted,101.08,51.43,44.0,1.08,122.5,1083.7,migration,,174.7
r-vaukavyski,2041,forecast,base:adjusted,100.5,52.63,21.0,0.5,122.5,1083.7,migration,,174.7
r-vaukavyski,2046,forecast,base:adjusted,102.18,53.6,86.1,2.18,122.5,1083.7,migration,,174.7
r-vaukavyski,2051,forecast,base:adjusted,104.83,54.86,157.7,4.83,122.5,1083.7,migration,,174.7
r-vaukavyski,2056,forecast,base:adjusted,106.2,56.76,153.6,6.2,122.5,1083.7,migration,,174.7
r-vaukavyski,2026,forecast,base:official,105.55,44.69,286.6,5.55,122.5,1083.7,migration,,174.7
r-vaukavyski,2031,forecast,base:official,101.41,49.13,62.0,1.41,122.5,1083.7,migration,,174.7
r-vaukavyski,2036,forecast,base:official,101.19,51.46,50.0,1.19,122.5,1083.7,migration,,174.7
r-vaukavyski,2041,forecast,base:official,100.59,52.68,25.1,0.59,122.5,1083.7,migration,,174.7
r-vaukavyski,2046,forecast,base:official,102.33,53.69,93.2,2.33,122.5,1083.7,migration,,174.7
r-vaukavyski,2051,forecast,base:official,104.97,55.01,165.3,4.97,122.5,1083.7,migration,,174.7
r-vaukavyski,2056,forecast,base:official,106.32,56.99,161.2,6.32,122.5,1083.7,migration,,174.7
r-vaukavyski,2026,forecast,negative:adjusted,105.08,44.69,249.2,5.08,122.5,1083.7,migration,,174.7
r-vaukavyski,2031,forecast,negative:adjusted,101.08,47.73,44.3,1.08,122.5,1083.7,migration,,174.7
r-vaukavyski,2036,forecast,negative:adjusted,101.15,48.49,45.1,1.15,122.5,1083.7,migration,,174.7
r-vaukavyski,2041,forecast,negative:adjusted,100.49,48.1,19.6,0.49,122.5,1083.7,migration,,174.7
r-vaukavyski,2046,forecast,negative:adjusted,102.07,47.36,78.8,2.07,122.5,1083.7,migration,,174.7
r-vaukavyski,2051,forecast,negative:adjusted,104.72,46.93,147.4,4.72,122.5,1083.7,migration,,174.7
r-vaukavyski,2056,forecast,negative:adjusted,105.66,47.55,124.9,5.66,122.5,1083.7,migration,,174.7
r-vaukavyski,2026,forecast,negative:official,105.55,44.69,286.6,5.55,122.5,1083.7,migration,,174.7
r-vaukavyski,2031,forecast,negative:official,101.43,47.73,61.8,1.43,122.5,1083.7,migration,,174.7
r-vaukavyski,2036,forecast,negative:official,101.25,48.52,50.7,1.25,122.5,1083.7,migration,,174.7
r-vaukavyski,2041,forecast,negative:official,100.58,48.15,23.6,0.58,122.5,1083.7,migration,,174.7
r-vaukavyski,2046,forecast,negative:official,102.23,47.46,86.0,2.23,122.5,1083.7,migration,,174.7
r-vaukavyski,2051,forecast,negative:official,104.86,47.1,154.7,4.86,122.5,1083.7,migration,,174.7
r-vaukavyski,2056,forecast,negative:official,105.8,47.81,131.7,5.8,122.5,1083.7,migration,,174.7
r-vaukavyski,2026,forecast,optimistic:adjusted,105.08,44.69,249.2,5.08,122.5,1083.7,migration,,174.7
r-vaukavyski,2031,forecast,optimistic:adjusted,101.06,49.22,44.3,1.06,122.5,1083.7,migration,,174.7
r-vaukavyski,2036,forecast,optimistic:adjusted,101.07,51.7,43.7,1.07,122.5,1083.7,migration,,174.7
r-vaukavyski,2041,forecast,optimistic:adjusted,100.49,53.15,20.7,0.49,122.5,1083.7,migration,,174.7
r-vaukavyski,2046,forecast,optimistic:adjusted,102.17,54.32,87.1,2.17,122.5,1083.7,migration,,174.7
r-vaukavyski,2051,forecast,optimistic:adjusted,104.78,55.66,159.7,4.78,122.5,1083.7,migration,,174.7
r-vaukavyski,2056,forecast,optimistic:adjusted,106.13,57.48,158.2,6.13,122.5,1083.7,migration,,174.7
r-vaukavyski,2026,forecast,optimistic:official,105.55,44.69,286.6,5.55,122.5,1083.7,migration,,174.7
r-vaukavyski,2031,forecast,optimistic:official,101.4,49.22,61.7,1.4,122.5,1083.7,migration,,174.7
r-vaukavyski,2036,forecast,optimistic:official,101.18,51.72,49.7,1.18,122.5,1083.7,migration,,174.7
r-vaukavyski,2041,forecast,optimistic:official,100.57,53.2,24.7,0.57,122.5,1083.7,migration,,174.7
r-vaukavyski,2046,forecast,optimistic:official,102.31,54.41,94.2,2.31,122.5,1083.7,migration,,174.7
r-vaukavyski,2051,forecast,optimistic:official,104.92,55.81,167.2,4.92,122.5,1083.7,migration,,174.7
r-vaukavyski,2056,forecast,optimistic:official,106.27,57.71,166.3,6.27,122.5,1083.7,migration,,174.7
r-viciebski,2009,census,,93.96,41.41,-2795,-6.04,664.2,2583.8,migration,,179.8
r-viciebski,2019,census,,92.66,40.93,-3861,-7.34,664.2,2583.8,migration,,179.8
r-viciebski,2026,forecast,base:adjusted,98.79,40.92,-453.2,-1.21,664.2,2583.8,migration,,179.8
r-viciebski,2031,forecast,base:adjusted,105.47,42.77,1534.1,5.47,664.2,2583.8,migration,,179.8
r-viciebski,2036,forecast,base:adjusted,107.36,43.1,1977.5,7.36,664.2,2583.8,migration,,179.8
r-viciebski,2041,forecast,base:adjusted,105.9,44.49,1855.0,5.9,664.2,2583.8,migration,,179.8
r-viciebski,2046,forecast,base:adjusted,105.27,47.1,1660.1,5.27,664.2,2583.8,migration,,179.8
r-viciebski,2051,forecast,base:adjusted,106.34,51.11,1710.0,6.34,664.2,2583.8,migration,,179.8
r-viciebski,2056,forecast,base:adjusted,106.32,54.72,1326.9,6.32,664.2,2583.8,migration,,179.8
r-viciebski,2026,forecast,base:official,99.25,40.92,-295.6,-0.75,664.2,2583.8,migration,,179.8
r-viciebski,2031,forecast,base:official,105.73,42.77,1687.7,5.73,664.2,2583.8,migration,,179.8
r-viciebski,2036,forecast,base:official,107.51,43.11,2079.2,7.51,664.2,2583.8,migration,,179.8
r-viciebski,2041,forecast,base:official,106.02,44.53,1925.4,6.02,664.2,2583.8,migration,,179.8
r-viciebski,2046,forecast,base:official,105.37,47.19,1713.4,5.37,664.2,2583.8,migration,,179.8
r-viciebski,2051,forecast,base:official,106.47,51.26,1776.0,6.47,664.2,2583.8,migration,,179.8
r-viciebski,2056,forecast,base:official,106.42,54.94,1388.5,6.42,664.2,2583.8,migration,,179.8
r-viciebski,2026,forecast,negative:adjusted,98.79,40.92,-453.2,-1.21,664.2,2583.8,migration,,179.8
r-viciebski,2031,forecast,negative:adjusted,105.53,41.54,1522.4,5.53,664.2,2583.8,migration,,179.8
r-viciebski,2036,forecast,negative:adjusted,107.51,40.54,1942.6,7.51,664.2,2583.8,migration,,179.8
r-viciebski,2041,forecast,negative:adjusted,105.93,40.59,1789.0,5.93,664.2,2583.8,migration,,179.8
r-viciebski,2046,forecast,negative:adjusted,105.2,41.8,1568.4,5.2,664.2,2583.8,migration,,179.8
r-viciebski,2051,forecast,negative:adjusted,106.31,44.29,1611.4,6.31,664.2,2583.8,migration,,179.8
r-viciebski,2056,forecast,negative:adjusted,106.51,46.5,1197.7,6.51,664.2,2583.8,migration,,179.8
r-viciebski,2026,forecast,negative:official,99.25,40.92,-295.6,-0.75,664.2,2583.8,migration,,179.8
r-viciebski,2031,forecast,negative:official,105.79,41.54,1675.1,5.79,664.2,2583.8,migration,,179.8
r-viciebski,2036,forecast,negative:official,107.65,40.56,2043.0,7.65,664.2,2583.8,migration,,179.8
r-viciebski,2041,forecast,negative:official,106.05,40.64,1858.2,6.05,664.2,2583.8,migration,,179.8
r-viciebski,2046,forecast,negative:official,105.3,41.89,1620.7,5.3,664.2,2583.8,migration,,179.8
r-viciebski,2051,forecast,negative:official,106.44,44.44,1676.1,6.44,664.2,2583.8,migration,,179.8
r-viciebski,2056,forecast,negative:official,106.62,46.73,1255.7,6.62,664.2,2583.8,migration,,179.8
r-viciebski,2026,forecast,optimistic:adjusted,98.79,40.92,-453.2,-1.21,664.2,2583.8,migration,,179.8
r-viciebski,2031,forecast,optimistic:adjusted,105.44,42.86,1534.5,5.44,664.2,2583.8,migration,,179.8
r-viciebski,2036,forecast,optimistic:adjusted,107.31,43.31,1983.5,7.31,664.2,2583.8,migration,,179.8
r-viciebski,2041,forecast,optimistic:adjusted,105.86,44.87,1869.6,5.86,664.2,2583.8,migration,,179.8
r-viciebski,2046,forecast,optimistic:adjusted,105.23,47.62,1682.0,5.23,664.2,2583.8,migration,,179.8
r-viciebski,2051,forecast,optimistic:adjusted,106.25,51.68,1731.9,6.25,664.2,2583.8,migration,,179.8
r-viciebski,2056,forecast,optimistic:adjusted,106.13,55.25,1353.1,6.13,664.2,2583.8,migration,,179.8
r-viciebski,2026,forecast,optimistic:official,99.25,40.92,-295.6,-0.75,664.2,2583.8,migration,,179.8
r-viciebski,2031,forecast,optimistic:official,105.7,42.86,1688.0,5.7,664.2,2583.8,migration,,179.8
r-viciebski,2036,forecast,optimistic:official,107.47,43.33,2085.4,7.47,664.2,2583.8,migration,,179.8
r-viciebski,2041,forecast,optimistic:official,105.98,44.91,1940.4,5.98,664.2,2583.8,migration,,179.8
r-viciebski,2046,forecast,optimistic:official,105.33,47.7,1735.3,5.33,664.2,2583.8,migration,,179.8
r-viciebski,2051,forecast,optimistic:official,106.37,51.82,1798.4,6.37,664.2,2583.8,migration,,179.8
r-viciebski,2056,forecast,optimistic:official,106.23,55.47,1415.3,6.23,664.2,2583.8,migration,,179.8
r-vierchniadzvinski,2009,census,,99.52,39.49,-11,-0.48,33.3,132.7,migration,,200.7
r-vierchniadzvinski,2019,census,,108.36,39.52,151,8.36,33.3,132.7,migration,,200.7
r-vierchniadzvinski,2026,forecast,base:adjusted,109.57,46.92,120.6,9.57,33.3,132.7,migration,,200.7
r-vierchniadzvinski,2031,forecast,base:adjusted,110.8,51.95,106.5,10.8,33.3,132.7,migration,,200.7
r-vierchniadzvinski,2036,forecast,base:adjusted,108.92,52.05,83.9,8.92,33.3,132.7,migration,,200.7
r-vierchniadzvinski,2041,forecast,base:adjusted,105.21,52.51,51.4,5.21,33.3,132.7,migration,,200.7
r-vierchniadzvinski,2046,forecast,base:adjusted,102.32,53.05,22.5,2.32,33.3,132.7,migration,,200.7
r-vierchniadzvinski,2051,forecast,base:adjusted,102.14,54.67,17.4,2.14,33.3,132.7,migration,,200.7
r-vierchniadzvinski,2056,forecast,base:adjusted,102.47,58.27,14.9,2.47,33.3,132.7,migration,,200.7
r-vierchniadzvinski,2026,forecast,base:official,110.05,46.92,133.2,10.05,33.3,132.7,migration,,200.7
r-vierchniadzvinski,2031,forecast,base:official,111.09,51.95,115.3,11.09,33.3,132.7,migration,,200.7
r-vierchniadzvinski,2036,forecast,base:official,109.12,52.08,88.7,9.12,33.3,132.7,migration,,200.7
r-vierchniadzvinski,2041,forecast,base:official,105.31,52.56,53.5,5.31,33.3,132.7,migration,,200.7
r-vierchniadzvinski,2046,forecast,base:official,102.43,53.14,23.9,2.43,33.3,132.7,migration,,200.7
r-vierchniadzvinski,2051,forecast,base:official,102.28,54.81,19.0,2.28,33.3,132.7,migration,,200.7
r-vierchniadzvinski,2056,forecast,base:official,102.57,58.53,16.0,2.57,33.3,132.7,migration,,200.7
r-vierchniadzvinski,2026,forecast,negative:adjusted,109.57,46.92,120.6,9.57,33.3,132.7,migration,,200.7
r-vierchniadzvinski,2031,forecast,negative:adjusted,110.88,50.56,105.2,10.88,33.3,132.7,migration,,200.7
r-vierchniadzvinski,2036,forecast,negative:adjusted,109.04,49.13,81.9,9.04,33.3,132.7,migration,,200.7
r-vierchniadzvinski,2041,forecast,negative:adjusted,105.22,48.05,49.5,5.22,33.3,132.7,migration,,200.7
r-vierchniadzvinski,2046,forecast,negative:adjusted,102.3,47.07,21.3,2.3,33.3,132.7,migration,,200.7
r-vierchniadzvinski,2051,forecast,negative:adjusted,102.14,47.17,16.5,2.14,33.3,132.7,migration,,200.7
r-vierchniadzvinski,2056,forecast,negative:adjusted,102.46,49.43,13.0,2.46,33.3,132.7,migration,,200.7
r-vierchniadzvinski,2026,forecast,negative:official,110.05,46.92,133.2,10.05,33.3,132.7,migration,,200.7
r-vierchniadzvinski,2031,forecast,negative:official,111.19,50.56,114.2,11.19,33.3,132.7,migration,,200.7
r-vierchniadzvinski,2036,forecast,negative:official,109.24,49.16,86.6,9.24,33.3,132.7,migration,,200.7
r-vierchniadzvinski,2041,forecast,negative:official,105.33,48.1,51.6,5.33,33.3,132.7,migration,,200.7
r-vierchniadzvinski,2046,forecast,negative:official,102.4,47.16,22.6,2.4,33.3,132.7,migration,,200.7
r-vierchniadzvinski,2051,forecast,negative:official,102.26,47.33,17.8,2.26,33.3,132.7,migration,,200.7
r-vierchniadzvinski,2056,forecast,negative:official,102.57,49.7,14.1,2.57,33.3,132.7,migration,,200.7
r-vierchniadzvinski,2026,forecast,optimistic:adjusted,109.57,46.92,120.6,9.57,33.3,132.7,migration,,200.7
r-vierchniadzvinski,2031,forecast,optimistic:adjusted,110.76,52.04,106.6,10.76,33.3,132.7,migration,,200.7
r-vierchniadzvinski,2036,forecast,optimistic:adjusted,108.89,52.31,84.4,8.89,33.3,132.7,migration,,200.7
r-vierchniadzvinski,2041,forecast,optimistic:adjusted,105.18,52.98,51.9,5.18,33.3,132.7,migration,,200.7
r-vierchniadzvinski,2046,forecast,optimistic:adjusted,102.27,53.67,22.4,2.27,33.3,132.7,migration,,200.7
r-vierchniadzvinski,2051,forecast,optimistic:adjusted,102.06,55.32,17.2,2.06,33.3,132.7,migration,,200.7
r-vierchniadzvinski,2056,forecast,optimistic:adjusted,102.29,58.79,14.5,2.29,33.3,132.7,migration,,200.7
r-vierchniadzvinski,2026,forecast,optimistic:official,110.05,46.92,133.2,10.05,33.3,132.7,migration,,200.7
r-vierchniadzvinski,2031,forecast,optimistic:official,111.06,52.04,115.5,11.06,33.3,132.7,migration,,200.7
r-vierchniadzvinski,2036,forecast,optimistic:official,109.08,52.32,89.1,9.08,33.3,132.7,migration,,200.7
r-vierchniadzvinski,2041,forecast,optimistic:official,105.27,53.03,53.8,5.27,33.3,132.7,migration,,200.7
r-vierchniadzvinski,2046,forecast,optimistic:official,102.38,53.77,23.9,2.38,33.3,132.7,migration,,200.7
r-vierchniadzvinski,2051,forecast,optimistic:official,102.2,55.47,18.8,2.2,33.3,132.7,migration,,200.7
r-vierchniadzvinski,2056,forecast,optimistic:official,102.41,59.03,15.8,2.41,33.3,132.7,migration,,200.7
r-vietkauski,2009,census,,97.12,41.0,-55,-2.88,23.0,27.2,migration,,219.1
r-vietkauski,2019,census,,99.23,35.77,-13,-0.77,23.0,27.2,migration,,219.1
r-vietkauski,2026,forecast,base:adjusted,101.62,40.87,22.5,1.62,23.0,27.2,migration,,219.1
r-vietkauski,2031,forecast,base:adjusted,103.13,46.61,37.6,3.13,23.0,27.2,migration,,219.1
r-vietkauski,2036,forecast,base:adjusted,102.03,52.02,23.4,2.03,23.0,27.2,migration,,219.1
r-vietkauski,2041,forecast,base:adjusted,101.15,53.86,14.2,1.15,23.0,27.2,migration,,219.1
r-vietkauski,2046,forecast,base:adjusted,102.65,52.83,33.1,2.65,23.0,27.2,migration,,219.1
r-vietkauski,2051,forecast,base:adjusted,101.85,52.62,20.3,1.85,23.0,27.2,migration,,219.1
r-vietkauski,2056,forecast,base:adjusted,101.32,54.16,11.3,1.32,23.0,27.2,migration,,219.1
r-vietkauski,2026,forecast,base:official,102.26,40.88,33.1,2.26,23.0,27.2,migration,,219.1
r-vietkauski,2031,forecast,base:official,103.57,46.6,45.1,3.57,23.0,27.2,migration,,219.1
r-vietkauski,2036,forecast,base:official,102.28,52.05,27.1,2.28,23.0,27.2,migration,,219.1
r-vietkauski,2041,forecast,base:official,101.25,53.93,15.7,1.25,23.0,27.2,migration,,219.1
r-vietkauski,2046,forecast,base:official,102.7,52.95,34.2,2.7,23.0,27.2,migration,,219.1
r-vietkauski,2051,forecast,base:official,101.98,52.79,22.1,1.98,23.0,27.2,migration,,219.1
r-vietkauski,2056,forecast,base:official,101.4,54.44,12.3,1.4,23.0,27.2,migration,,219.1
r-vietkauski,2026,forecast,negative:adjusted,101.62,40.87,22.5,1.62,23.0,27.2,migration,,219.1
r-vietkauski,2031,forecast,negative:adjusted,103.14,45.25,37.1,3.14,23.0,27.2,migration,,219.1
r-vietkauski,2036,forecast,negative:adjusted,102.09,48.99,23.3,2.09,23.0,27.2,migration,,219.1
r-vietkauski,2041,forecast,negative:adjusted,101.2,49.11,14.3,1.2,23.0,27.2,migration,,219.1
r-vietkauski,2046,forecast,negative:adjusted,102.71,46.52,32.5,2.71,23.0,27.2,migration,,219.1
r-vietkauski,2051,forecast,negative:adjusted,101.86,44.82,19.5,1.86,23.0,27.2,migration,,219.1
r-vietkauski,2056,forecast,negative:adjusted,101.67,45.26,12.6,1.67,23.0,27.2,migration,,219.1
r-vietkauski,2026,forecast,negative:official,102.26,40.88,33.1,2.26,23.0,27.2,migration,,219.1
r-vietkauski,2031,forecast,negative:official,103.56,45.24,44.3,3.56,23.0,27.2,migration,,219.1
r-vietkauski,2036,forecast,negative:official,102.34,49.03,26.9,2.34,23.0,27.2,migration,,219.1
r-vietkauski,2041,forecast,negative:official,101.29,49.2,15.7,1.29,23.0,27.2,migration,,219.1
r-vietkauski,2046,forecast,negative:official,102.76,46.64,33.6,2.76,23.0,27.2,migration,,219.1
r-vietkauski,2051,forecast,negative:official,101.99,45.02,21.2,1.99,23.0,27.2,migration,,219.1
r-vietkauski,2056,forecast,negative:official,101.71,45.56,13.3,1.71,23.0,27.2,migration,,219.1
r-vietkauski,2026,forecast,optimistic:adjusted,101.62,40.87,22.5,1.62,23.0,27.2,migration,,219.1
r-vietkauski,2031,forecast,optimistic:adjusted,103.1,46.72,37.5,3.1,23.0,27.2,migration,,219.1
r-vietkauski,2036,forecast,optimistic:adjusted,101.99,52.33,23.1,1.99,23.0,27.2,migration,,219.1
r-vietkauski,2041,forecast,optimistic:adjusted,101.09,54.47,13.7,1.09,23.0,27.2,migration,,219.1
r-vietkauski,2046,forecast,optimistic:adjusted,102.57,53.69,32.7,2.57,23.0,27.2,migration,,219.1
r-vietkauski,2051,forecast,optimistic:adjusted,101.75,53.64,19.7,1.75,23.0,27.2,migration,,219.1
r-vietkauski,2056,forecast,optimistic:adjusted,101.14,55.05,10.2,1.14,23.0,27.2,migration,,219.1
r-vietkauski,2026,forecast,optimistic:official,102.26,40.88,33.1,2.26,23.0,27.2,migration,,219.1
r-vietkauski,2031,forecast,optimistic:official,103.55,46.73,45.0,3.55,23.0,27.2,migration,,219.1
r-vietkauski,2036,forecast,optimistic:official,102.23,52.37,26.7,2.23,23.0,27.2,migration,,219.1
r-vietkauski,2041,forecast,optimistic:official,101.19,54.53,15.2,1.19,23.0,27.2,migration,,219.1
r-vietkauski,2046,forecast,optimistic:official,102.61,53.81,33.7,2.61,23.0,27.2,migration,,219.1
r-vietkauski,2051,forecast,optimistic:official,101.87,53.82,21.4,1.87,23.0,27.2,migration,,219.1
r-vietkauski,2056,forecast,optimistic:official,101.21,55.32,11.1,1.21,23.0,27.2,migration,,219.1
r-vilejski,2009,census,,104.4,37.59,202,4.4,73.8,297.2,migration,2036,74.0
r-vilejski,2019,census,,107.59,38.89,338,7.59,73.8,297.2,migration,2036,74.0
r-vilejski,2026,forecast,base:adjusted,109.8,43.87,371.8,9.8,73.8,297.2,migration,2036,74.0
r-vilejski,2031,forecast,base:adjusted,111.44,47.09,333.9,11.44,73.8,297.2,migration,2036,74.0
r-vilejski,2036,forecast,base:adjusted,116.26,48.15,377.5,16.26,73.8,297.2,migration,2036,74.0
r-vilejski,2041,forecast,base:adjusted,117.28,47.92,370.1,17.28,73.8,297.2,migration,2036,74.0
r-vilejski,2046,forecast,base:adjusted,117.53,48.56,344.0,17.53,73.8,297.2,migration,2036,74.0
r-vilejski,2051,forecast,base:adjusted,118.4,50.81,296.6,18.4,73.8,297.2,migration,2036,74.0
r-vilejski,2056,forecast,base:adjusted,120.4,54.74,247.6,20.4,73.8,297.2,migration,2036,74.0
r-vilejski,2026,forecast,base:official,109.94,43.87,383.1,9.94,73.8,297.2,migration,2036,74.0
r-vilejski,2031,forecast,base:official,111.56,47.09,342.8,11.56,73.8,297.2,migration,2036,74.0
r-vilejski,2036,forecast,base:official,116.3,48.16,382.6,16.3,73.8,297.2,migration,2036,74.0
r-vilejski,2041,forecast,base:official,117.33,47.94,373.6,17.33,73.8,297.2,migration,2036,74.0
r-vilejski,2046,forecast,base:official,117.56,48.6,346.3,17.56,73.8,297.2,migration,2036,74.0
r-vilejski,2051,forecast,base:official,118.44,50.88,299.1,18.44,73.8,297.2,migration,2036,74.0
r-vilejski,2056,forecast,base:official,120.46,54.84,250.5,20.46,73.8,297.2,migration,2036,74.0
r-vilejski,2026,forecast,negative:adjusted,109.8,43.87,371.8,9.8,73.8,297.2,migration,2036,74.0
r-vilejski,2031,forecast,negative:adjusted,111.46,45.3,328.8,11.46,73.8,297.2,migration,2036,74.0
r-vilejski,2036,forecast,negative:adjusted,116.42,44.54,367.3,16.42,73.8,297.2,migration,2036,74.0
r-vilejski,2041,forecast,negative:adjusted,117.38,42.37,357.6,17.38,73.8,297.2,migration,2036,74.0
r-vilejski,2046,forecast,negative:adjusted,117.5,40.86,330.8,17.5,73.8,297.2,migration,2036,74.0
r-vilejski,2051,forecast,negative:adjusted,118.27,41.09,283.3,18.27,73.8,297.2,migration,2036,74.0
r-vilejski,2056,forecast,negative:adjusted,119.78,43.74,218.5,19.78,73.8,297.2,migration,2036,74.0
r-vilejski,2026,forecast,negative:official,109.94,43.87,383.1,9.94,73.8,297.2,migration,2036,74.0
r-vilejski,2031,forecast,negative:official,111.58,45.3,337.4,11.58,73.8,297.2,migration,2036,74.0
r-vilejski,2036,forecast,negative:official,116.46,44.55,372.3,16.46,73.8,297.2,migration,2036,74.0
r-vilejski,2041,forecast,negative:official,117.43,42.39,361.1,17.43,73.8,297.2,migration,2036,74.0
r-vilejski,2046,forecast,negative:official,117.53,40.9,333.0,17.53,73.8,297.2,migration,2036,74.0
r-vilejski,2051,forecast,negative:official,118.31,41.17,285.7,18.31,73.8,297.2,migration,2036,74.0
r-vilejski,2056,forecast,negative:official,119.83,43.86,221.0,19.83,73.8,297.2,migration,2036,74.0
r-vilejski,2026,forecast,optimistic:adjusted,109.8,43.87,371.8,9.8,73.8,297.2,migration,2036,74.0
r-vilejski,2031,forecast,optimistic:adjusted,111.45,47.4,334.2,11.45,73.8,297.2,migration,2036,74.0
r-vilejski,2036,forecast,optimistic:adjusted,116.29,48.75,377.8,16.29,73.8,297.2,migration,2036,74.0
r-vilejski,2041,forecast,optimistic:adjusted,117.29,48.95,372.0,17.29,73.8,297.2,migration,2036,74.0
r-vilejski,2046,forecast,optimistic:adjusted,117.52,49.98,346.7,17.52,73.8,297.2,migration,2036,74.0
r-vilejski,2051,forecast,optimistic:adjusted,118.4,52.41,299.7,18.4,73.8,297.2,migration,2036,74.0
r-vilejski,2056,forecast,optimistic:adjusted,120.46,56.2,253.7,20.46,73.8,297.2,migration,2036,74.0
r-vilejski,2026,forecast,optimistic:official,109.94,43.87,383.1,9.94,73.8,297.2,migration,2036,74.0
r-vilejski,2031,forecast,optimistic:official,111.57,47.4,343.0,11.57,73.8,297.2,migration,2036,74.0
r-vilejski,2036,forecast,optimistic:official,116.33,48.76,382.9,16.33,73.8,297.2,migration,2036,74.0
r-vilejski,2041,forecast,optimistic:official,117.33,48.97,375.4,17.33,73.8,297.2,migration,2036,74.0
r-vilejski,2046,forecast,optimistic:official,117.56,50.02,349.1,17.56,73.8,297.2,migration,2036,74.0
r-vilejski,2051,forecast,optimistic:official,118.44,52.48,302.1,18.44,73.8,297.2,migration,2036,74.0
r-vilejski,2056,forecast,optimistic:official,120.5,56.29,256.5,20.5,73.8,297.2,migration,2036,74.0
r-voranauski,2009,census,,108.72,43.6,243,8.72,38.3,91.5,migration,2026,127.5
r-voranauski,2019,census,,112.95,38.6,248,12.95,38.3,91.5,migration,2026,127.5
r-voranauski,2026,forecast,base:adjusted,121.94,43.39,293.3,21.94,38.3,91.5,migration,2026,127.5
r-voranauski,2031,forecast,base:adjusted,123.22,50.05,264.6,23.22,38.3,91.5,migration,2026,127.5
r-voranauski,2036,forecast,base:adjusted,115.51,55.41,174.3,15.51,38.3,91.5,migration,2026,127.5
r-voranauski,2041,forecast,base:adjusted,108.03,57.32,91.9,8.03,38.3,91.5,migration,2026,127.5
r-voranauski,2046,forecast,base:adjusted,105.6,56.55,58.1,5.6,38.3,91.5,migration,2026,127.5
r-voranauski,2051,forecast,base:adjusted,105.65,56.64,46.9,5.65,38.3,91.5,migration,2026,127.5
r-voranauski,2056,forecast,base:adjusted,106.13,58.2,37.9,6.13,38.3,91.5,migration,2026,127.5
r-voranauski,2026,forecast,base:official,122.51,43.38,317.2,22.51,38.3,91.5,migration,2026,127.5
r-voranauski,2031,forecast,base:official,123.69,50.05,284.0,23.69,38.3,91.5,migration,2026,127.5
r-voranauski,2036,forecast,base:official,115.82,55.44,183.4,15.82,38.3,91.5,migration,2026,127.5
r-voranauski,2041,forecast,base:official,108.17,57.38,95.4,8.17,38.3,91.5,migration,2026,127.5
r-voranauski,2046,forecast,base:official,105.72,56.66,60.2,5.72,38.3,91.5,migration,2026,127.5
r-voranauski,2051,forecast,base:official,105.8,56.79,49.1,5.8,38.3,91.5,migration,2026,127.5
r-voranauski,2056,forecast,base:official,106.23,58.44,39.7,6.23,38.3,91.5,migration,2026,127.5
r-voranauski,2026,forecast,negative:adjusted,121.94,43.39,293.3,21.94,38.3,91.5,migration,2026,127.5
r-voranauski,2031,forecast,negative:adjusted,123.21,48.63,259.8,23.21,38.3,91.5,migration,2026,127.5
r-voranauski,2036,forecast,negative:adjusted,115.5,52.31,168.3,15.5,38.3,91.5,migration,2026,127.5
r-voranauski,2041,forecast,negative:adjusted,107.92,52.5,87.4,7.92,38.3,91.5,migration,2026,127.5
r-voranauski,2046,forecast,negative:adjusted,105.45,50.06,54.4,5.45,38.3,91.5,migration,2026,127.5
r-voranauski,2051,forecast,negative:adjusted,105.54,48.47,43.9,5.54,38.3,91.5,migration,2026,127.5
r-voranauski,2056,forecast,negative:adjusted,105.99,48.78,32.9,5.99,38.3,91.5,migration,2026,127.5
r-voranauski,2026,forecast,negative:official,122.51,43.38,317.2,22.51,38.3,91.5,migration,2026,127.5
r-voranauski,2031,forecast,negative:official,123.68,48.62,279.1,23.68,38.3,91.5,migration,2026,127.5
r-voranauski,2036,forecast,negative:official,115.82,52.34,177.4,15.82,38.3,91.5,migration,2026,127.5
r-voranauski,2041,forecast,negative:official,108.05,52.56,90.7,8.05,38.3,91.5,migration,2026,127.5
r-voranauski,2046,forecast,negative:official,105.6,50.17,56.7,5.6,38.3,91.5,migration,2026,127.5
r-voranauski,2051,forecast,negative:official,105.71,48.64,46.2,5.71,38.3,91.5,migration,2026,127.5
r-voranauski,2056,forecast,negative:official,106.11,49.06,34.6,6.11,38.3,91.5,migration,2026,127.5
r-voranauski,2026,forecast,optimistic:adjusted,121.94,43.39,293.3,21.94,38.3,91.5,migration,2026,127.5
r-voranauski,2031,forecast,optimistic:adjusted,123.2,50.14,265.4,23.2,38.3,91.5,migration,2026,127.5
r-voranauski,2036,forecast,optimistic:adjusted,115.51,55.67,175.4,15.51,38.3,91.5,migration,2026,127.5
r-voranauski,2041,forecast,optimistic:adjusted,108.06,57.85,93.3,8.06,38.3,91.5,migration,2026,127.5
r-voranauski,2046,forecast,optimistic:adjusted,105.6,57.31,59.0,5.6,38.3,91.5,migration,2026,127.5
r-voranauski,2051,forecast,optimistic:adjusted,105.6,57.49,47.5,5.6,38.3,91.5,migration,2026,127.5
r-voranauski,2056,forecast,optimistic:adjusted,106.04,58.9,38.9,6.04,38.3,91.5,migration,2026,127.5
r-voranauski,2026,forecast,optimistic:official,122.51,43.38,317.2,22.51,38.3,91.5,migration,2026,127.5
r-voranauski,2031,forecast,optimistic:official,123.67,50.13,284.8,23.67,38.3,91.5,migration,2026,127.5
r-voranauski,2036,forecast,optimistic:official,115.82,55.71,184.6,15.82,38.3,91.5,migration,2026,127.5
r-voranauski,2041,forecast,optimistic:official,108.19,57.92,96.7,8.19,38.3,91.5,migration,2026,127.5
r-voranauski,2046,forecast,optimistic:official,105.73,57.41,61.2,5.73,38.3,91.5,migration,2026,127.5
r-voranauski,2051,forecast,optimistic:official,105.75,57.65,49.7,5.75,38.3,91.5,migration,2026,127.5
r-voranauski,2056,forecast,optimistic:official,106.14,59.13,40.7,6.14,38.3,91.5,migration,2026,127.5
r-zelvienski,2009,census,,105.9,38.0,95,5.9,18.7,67.3,migration,,154.4
r-zelvienski,2019,census,,110.71,35.98,99,10.71,18.7,67.3,migration,,154.4
r-zelvienski,2026,forecast,base:adjusted,110.47,43.46,72.3,10.47,18.7,67.3,migration,,154.4
r-zelvienski,2031,forecast,base:adjusted,109.44,50.36,55.1,9.44,18.7,67.3,migration,,154.4
r-zelvienski,2036,forecast,base:adjusted,110.8,54.25,59.9,10.8,18.7,67.3,migration,,154.4
r-zelvienski,2041,forecast,base:adjusted,109.6,56.13,52.9,9.6,18.7,67.3,migration,,154.4
r-zelvienski,2046,forecast,base:adjusted,109.13,56.71,46.2,9.13,18.7,67.3,migration,,154.4
r-zelvienski,2051,forecast,base:adjusted,110.35,57.55,42.1,10.35,18.7,67.3,migration,,154.4
r-zelvienski,2056,forecast,base:adjusted,110.38,59.07,30.4,10.38,18.7,67.3,migration,,154.4
r-zelvienski,2026,forecast,base:official,110.95,43.45,79.9,10.95,18.7,67.3,migration,,154.4
r-zelvienski,2031,forecast,base:official,109.91,50.35,61.0,9.91,18.7,67.3,migration,,154.4
r-zelvienski,2036,forecast,base:official,111.03,54.28,63.3,11.03,18.7,67.3,migration,,154.4
r-zelvienski,2041,forecast,base:official,109.64,56.19,54.3,9.64,18.7,67.3,migration,,154.4
r-zelvienski,2046,forecast,base:official,109.27,56.81,47.7,9.27,18.7,67.3,migration,,154.4
r-zelvienski,2051,forecast,base:official,110.49,57.71,43.6,10.49,18.7,67.3,migration,,154.4
r-zelvienski,2056,forecast,base:official,110.55,59.32,31.9,10.55,18.7,67.3,migration,,154.4
r-zelvienski,2026,forecast,negative:adjusted,110.47,43.46,72.3,10.47,18.7,67.3,migration,,154.4
r-zelvienski,2031,forecast,negative:adjusted,109.48,48.92,54.3,9.48,18.7,67.3,migration,,154.4
r-zelvienski,2036,forecast,negative:adjusted,110.82,51.13,58.0,10.82,18.7,67.3,migration,,154.4
r-zelvienski,2041,forecast,negative:adjusted,109.56,51.27,50.8,9.56,18.7,67.3,migration,,154.4
r-zelvienski,2046,forecast,negative:adjusted,109.05,50.07,44.0,9.05,18.7,67.3,migration,,154.4
r-zelvienski,2051,forecast,negative:adjusted,110.22,49.1,39.7,10.22,18.7,67.3,migration,,154.4
r-zelvienski,2056,forecast,negative:adjusted,110.27,49.14,26.8,10.27,18.7,67.3,migration,,154.4
r-zelvienski,2026,forecast,negative:official,110.95,43.45,79.9,10.95,18.7,67.3,migration,,154.4
r-zelvienski,2031,forecast,negative:official,109.97,48.91,60.3,9.97,18.7,67.3,migration,,154.4
r-zelvienski,2036,forecast,negative:official,111.06,51.17,61.4,11.06,18.7,67.3,migration,,154.4
r-zelvienski,2041,forecast,negative:official,109.61,51.33,52.2,9.61,18.7,67.3,migration,,154.4
r-zelvienski,2046,forecast,negative:official,109.13,50.18,45.2,9.13,18.7,67.3,migration,,154.4
r-zelvienski,2051,forecast,negative:official,110.4,49.29,41.3,10.4,18.7,67.3,migration,,154.4
r-zelvienski,2056,forecast,negative:official,110.42,49.4,28.1,10.42,18.7,67.3,migration,,154.4
r-zelvienski,2026,forecast,optimistic:adjusted,110.47,43.46,72.3,10.47,18.7,67.3,migration,,154.4
r-zelvienski,2031,forecast,optimistic:adjusted,109.42,50.45,55.2,9.42,18.7,67.3,migration,,154.4
r-zelvienski,2036,forecast,optimistic:adjusted,110.8,54.5,60.3,10.8,18.7,67.3,migration,,154.4
r-zelvienski,2041,forecast,optimistic:adjusted,109.6,56.64,53.5,9.6,18.7,67.3,migration,,154.4
r-zelvienski,2046,forecast,optimistic:adjusted,109.17,57.43,47.1,9.17,18.7,67.3,migration,,154.4
r-zelvienski,2051,forecast,optimistic:adjusted,110.33,58.39,42.9,10.33,18.7,67.3,migration,,154.4
r-zelvienski,2056,forecast,optimistic:adjusted,110.33,59.74,31.5,10.33,18.7,67.3,migration,,154.4
r-zelvienski,2026,forecast,optimistic:official,110.95,43.45,79.9,10.95,18.7,67.3,migration,,154.4
r-zelvienski,2031,forecast,optimistic:official,109.89,50.44,61.1,9.89,18.7,67.3,migration,,154.4
r-zelvienski,2036,forecast,optimistic:official,111.03,54.53,63.7,11.03,18.7,67.3,migration,,154.4
r-zelvienski,2041,forecast,optimistic:official,109.66,56.69,55.0,9.66,18.7,67.3,migration,,154.4
r-zelvienski,2046,forecast,optimistic:official,109.3,57.54,48.6,9.3,18.7,67.3,migration,,154.4
r-zelvienski,2051,forecast,optimistic:official,110.46,58.55,44.4,10.46,18.7,67.3,migration,,154.4
r-zelvienski,2056,forecast,optimistic:official,110.43,59.97,32.8,10.43,18.7,67.3,migration,,154.4
r-zhabinkauski,2009,census,,100.11,42.47,3,0.11,38.2,210.8,migration,,197.0
r-zhabinkauski,2019,census,,99.23,41.62,-20,-0.77,38.2,210.8,migration,,197.0
r-zhabinkauski,2026,forecast,base:adjusted,98.76,43.5,-25.1,-1.24,38.2,210.8,migration,,197.0
r-zhabinkauski,2031,forecast,base:adjusted,99.72,47.03,-4.7,-0.28,38.2,210.8,migration,,197.0
r-zhabinkauski,2036,forecast,base:adjusted,101.27,49.63,20.4,1.27,38.2,210.8,migration,,197.0
r-zhabinkauski,2041,forecast,base:adjusted,100.15,51.08,2.5,0.15,38.2,210.8,migration,,197.0
r-zhabinkauski,2046,forecast,base:adjusted,100.54,51.77,9.5,0.54,38.2,210.8,migration,,197.0
r-zhabinkauski,2051,forecast,base:adjusted,99.71,53.32,-4.7,-0.29,38.2,210.8,migration,,197.0
r-zhabinkauski,2056,forecast,base:adjusted,97.93,55.98,-26.6,-2.07,38.2,210.8,migration,,197.0
r-zhabinkauski,2026,forecast,base:official,99.28,43.5,-15.2,-0.72,38.2,210.8,migration,,197.0
r-zhabinkauski,2031,forecast,base:official,100.04,47.02,0.7,0.04,38.2,210.8,migration,,197.0
r-zhabinkauski,2036,forecast,base:official,101.38,49.65,22.6,1.38,38.2,210.8,migration,,197.0
r-zhabinkauski,2041,forecast,base:official,100.11,51.13,2.0,0.11,38.2,210.8,migration,,197.0
r-zhabinkauski,2046,forecast,base:official,100.58,51.85,10.4,0.58,38.2,210.8,migration,,197.0
r-zhabinkauski,2051,forecast,base:official,99.81,53.45,-3.1,-0.19,38.2,210.8,migration,,197.0
r-zhabinkauski,2056,forecast,base:official,97.98,56.2,-26.6,-2.02,38.2,210.8,migration,,197.0
r-zhabinkauski,2026,forecast,negative:adjusted,98.76,43.5,-25.1,-1.24,38.2,210.8,migration,,197.0
r-zhabinkauski,2031,forecast,negative:adjusted,99.72,45.76,-4.6,-0.28,38.2,210.8,migration,,197.0
r-zhabinkauski,2036,forecast,negative:adjusted,101.43,46.93,22.1,1.43,38.2,210.8,migration,,197.0
r-zhabinkauski,2041,forecast,negative:adjusted,100.28,46.94,4.6,0.28,38.2,210.8,migration,,197.0
r-zhabinkauski,2046,forecast,negative:adjusted,100.56,46.16,9.5,0.56,38.2,210.8,migration,,197.0
r-zhabinkauski,2051,forecast,negative:adjusted,99.67,46.28,-5.0,-0.33,38.2,210.8,migration,,197.0
r-zhabinkauski,2056,forecast,negative:adjusted,98.38,47.72,-18.5,-1.62,38.2,210.8,migration,,197.0
r-zhabinkauski,2026,forecast,negative:official,99.28,43.5,-15.2,-0.72,38.2,210.8,migration,,197.0
r-zhabinkauski,2031,forecast,negative:official,100.05,45.75,0.9,0.05,38.2,210.8,migration,,197.0
r-zhabinkauski,2036,forecast,negative:official,101.54,46.95,24.4,1.54,38.2,210.8,migration,,197.0
r-zhabinkauski,2041,forecast,negative:official,100.24,46.98,4.1,0.24,38.2,210.8,migration,,197.0
r-zhabinkauski,2046,forecast,negative:official,100.6,46.24,10.3,0.6,38.2,210.8,migration,,197.0
r-zhabinkauski,2051,forecast,negative:official,99.77,46.42,-3.5,-0.23,38.2,210.8,migration,,197.0
r-zhabinkauski,2056,forecast,negative:official,98.42,47.95,-18.4,-1.58,38.2,210.8,migration,,197.0
r-zhabinkauski,2026,forecast,optimistic:adjusted,98.76,43.5,-25.1,-1.24,38.2,210.8,migration,,197.0
r-zhabinkauski,2031,forecast,optimistic:adjusted,99.71,47.07,-4.9,-0.29,38.2,210.8,migration,,197.0
r-zhabinkauski,2036,forecast,optimistic:adjusted,101.23,49.78,19.9,1.23,38.2,210.8,migration,,197.0
r-zhabinkauski,2041,forecast,optimistic:adjusted,100.07,51.4,1.3,0.07,38.2,210.8,migration,,197.0
r-zhabinkauski,2046,forecast,optimistic:adjusted,100.45,52.21,8.2,0.45,38.2,210.8,migration,,197.0
r-zhabinkauski,2051,forecast,optimistic:adjusted,99.63,53.79,-6.1,-0.37,38.2,210.8,migration,,197.0
r-zhabinkauski,2056,forecast,optimistic:adjusted,97.78,56.35,-29.8,-2.22,38.2,210.8,migration,,197.0
r-zhabinkauski,2026,forecast,optimistic:official,99.28,43.5,-15.2,-0.72,38.2,210.8,migration,,197.0
r-zhabinkauski,2031,forecast,optimistic:official,100.03,47.07,0.6,0.03,38.2,210.8,migration,,197.0
r-zhabinkauski,2036,forecast,optimistic:official,101.33,49.8,22.0,1.33,38.2,210.8,migration,,197.0
r-zhabinkauski,2041,forecast,optimistic:official,100.05,51.45,0.9,0.05,38.2,210.8,migration,,197.0
r-zhabinkauski,2046,forecast,optimistic:official,100.5,52.29,9.1,0.5,38.2,210.8,migration,,197.0
r-zhabinkauski,2051,forecast,optimistic:official,99.73,53.92,-4.5,-0.27,38.2,210.8,migration,,197.0
r-zhabinkauski,2056,forecast,optimistic:official,97.83,56.56,-29.8,-2.17,38.2,210.8,migration,,197.0
r-zhlobinski,2009,census,,96.34,41.91,-463,-3.66,185.0,976.0,migration,,145.9
r-zhlobinski,2019,census,,99.38,42.35,-74,-0.62,185.0,976.0,migration,,145.9
r-zhlobinski,2026,forecast,base:adjusted,97.97,48.03,-186.5,-2.03,185.0,976.0,migration,,145.9
r-zhlobinski,2031,forecast,base:adjusted,97.21,50.96,-218.0,-2.79,185.0,976.0,migration,,145.9
r-zhlobinski,2036,forecast,base:adjusted,97.32,50.55,-206.5,-2.68,185.0,976.0,migration,,145.9
r-zhlobinski,2041,forecast,base:adjusted,97.33,50.11,-224.1,-2.67,185.0,976.0,migration,,145.9
r-zhlobinski,2046,forecast,base:adjusted,98.37,50.22,-137.4,-1.63,185.0,976.0,migration,,145.9
r-zhlobinski,2051,forecast,base:adjusted,98.06,51.19,-144.1,-1.94,185.0,976.0,migration,,145.9
r-zhlobinski,2056,forecast,base:adjusted,97.34,55.05,-158.4,-2.66,185.0,976.0,migration,,145.9
r-zhlobinski,2026,forecast,base:official,98.59,48.02,-136.0,-1.41,185.0,976.0,migration,,145.9
r-zhlobinski,2031,forecast,base:official,97.62,50.96,-194.8,-2.38,185.0,976.0,migration,,145.9
r-zhlobinski,2036,forecast,base:official,97.44,50.58,-203.1,-2.56,185.0,976.0,migration,,145.9
r-zhlobinski,2041,forecast,base:official,97.37,50.18,-224.6,-2.63,185.0,976.0,migration,,145.9
r-zhlobinski,2046,forecast,base:official,98.43,50.33,-134.0,-1.57,185.0,976.0,migration,,145.9
r-zhlobinski,2051,forecast,base:official,98.15,51.37,-139.5,-1.85,185.0,976.0,migration,,145.9
r-zhlobinski,2056,forecast,base:official,97.41,55.35,-159.0,-2.59,185.0,976.0,migration,,145.9
r-zhlobinski,2026,forecast,negative:adjusted,97.97,48.03,-186.5,-2.03,185.0,976.0,migration,,145.9
r-zhlobinski,2031,forecast,negative:adjusted,97.21,49.55,-213.9,-2.79,185.0,976.0,migration,,145.9
r-zhlobinski,2036,forecast,negative:adjusted,97.43,47.63,-190.8,-2.57,185.0,976.0,migration,,145.9
r-zhlobinski,2041,forecast,negative:adjusted,97.45,45.66,-205.8,-2.55,185.0,976.0,migration,,145.9
r-zhlobinski,2046,forecast,negative:adjusted,98.42,44.24,-128.1,-1.58,185.0,976.0,migration,,145.9
r-zhlobinski,2051,forecast,negative:adjusted,98.05,43.74,-138.1,-1.95,185.0,976.0,migration,,145.9
r-zhlobinski,2056,forecast,negative:adjusted,97.47,46.34,-132.9,-2.53,185.0,976.0,migration,,145.9
r-zhlobinski,2026,forecast,negative:official,98.59,48.02,-136.0,-1.41,185.0,976.0,migration,,145.9
r-zhlobinski,2031,forecast,negative:official,97.63,49.55,-191.0,-2.37,185.0,976.0,migration,,145.9
r-zhlobinski,2036,forecast,negative:official,97.55,47.66,-187.7,-2.45,185.0,976.0,migration,,145.9
r-zhlobinski,2041,forecast,negative:official,97.49,45.72,-206.3,-2.51,185.0,976.0,migration,,145.9
r-zhlobinski,2046,forecast,negative:official,98.48,44.36,-124.9,-1.52,185.0,976.0,migration,,145.9
r-zhlobinski,2051,forecast,negative:official,98.15,43.94,-133.6,-1.85,185.0,976.0,migration,,145.9
r-zhlobinski,2056,forecast,negative:official,97.54,46.66,-133.1,-2.46,185.0,976.0,migration,,145.9
r-zhlobinski,2026,forecast,optimistic:adjusted,97.97,48.03,-186.5,-2.03,185.0,976.0,migration,,145.9
r-zhlobinski,2031,forecast,optimistic:adjusted,97.2,51.1,-219.9,-2.8,185.0,976.0,migration,,145.9
r-zhlobinski,2036,forecast,optimistic:adjusted,97.28,50.9,-211.3,-2.72,185.0,976.0,migration,,145.9
r-zhlobinski,2041,forecast,optimistic:adjusted,97.25,50.76,-233.9,-2.75,185.0,976.0,migration,,145.9
r-zhlobinski,2046,forecast,optimistic:adjusted,98.29,51.1,-147.2,-1.71,185.0,976.0,migration,,145.9
r-zhlobinski,2051,forecast,optimistic:adjusted,97.96,52.19,-155.1,-2.04,185.0,976.0,migration,,145.9
r-zhlobinski,2056,forecast,optimistic:adjusted,97.18,55.98,-176.1,-2.82,185.0,976.0,migration,,145.9
r-zhlobinski,2026,forecast,optimistic:official,98.59,48.02,-136.0,-1.41,185.0,976.0,migration,,145.9
r-zhlobinski,2031,forecast,optimistic:official,97.61,51.1,-196.6,-2.39,185.0,976.0,migration,,145.9
r-zhlobinski,2036,forecast,optimistic:official,97.4,50.93,-207.7,-2.6,185.0,976.0,migration,,145.9
r-zhlobinski,2041,forecast,optimistic:official,97.29,50.82,-234.1,-2.71,185.0,976.0,migration,,145.9
r-zhlobinski,2046,forecast,optimistic:official,98.35,51.21,-143.9,-1.65,185.0,976.0,migration,,145.9
r-zhlobinski,2051,forecast,optimistic:official,98.05,52.37,-150.4,-1.95,185.0,976.0,migration,,145.9
r-zhlobinski,2056,forecast,optimistic:official,97.25,56.27,-176.6,-2.75,185.0,976.0,migration,,145.9
r-zhytkavicki,2009,census,,102.31,44.88,89,2.31,55.4,235.6,migration,2031,162.6
r-zhytkavicki,2019,census,,106.92,37.59,210,6.92,55.4,235.6,migration,2031,162.6
r-zhytkavicki,2026,forecast,base:adjusted,111.95,45.04,268.1,11.95,55.4,235.6,migration,2031,162.6
r-zhytkavicki,2031,forecast,base:adjusted,117.34,50.41,313.9,17.34,55.4,235.6,migration,2031,162.6
r-zhytkavicki,2036,forecast,base:adjusted,119.98,52.0,338.0,19.98,55.4,235.6,migration,2031,162.6
r-zhytkavicki,2041,forecast,base:adjusted,118.97,51.59,339.2,18.97,55.4,235.6,migration,2031,162.6
r-zhytkavicki,2046,forecast,base:adjusted,114.01,49.72,254.7,14.01,55.4,235.6,migration,2031,162.6
r-zhytkavicki,2051,forecast,base:adjusted,110.43,49.08,164.6,10.43,55.4,235.6,migration,2031,162.6
r-zhytkavicki,2056,forecast,base:adjusted,110.42,51.51,123.2,10.42,55.4,235.6,migration,2031,162.6
r-zhytkavicki,2026,forecast,base:official,112.64,45.04,298.3,12.64,55.4,235.6,migration,2031,162.6
r-zhytkavicki,2031,forecast,base:official,117.74,50.41,337.8,17.74,55.4,235.6,migration,2031,162.6
r-zhytkavicki,2036,forecast,base:official,120.15,52.04,352.2,20.15,55.4,235.6,migration,2031,162.6
r-zhytkavicki,2041,forecast,base:official,119.14,51.65,348.9,19.14,55.4,235.6,migration,2031,162.6
r-zhytkavicki,2046,forecast,base:official,114.08,49.83,259.9,14.08,55.4,235.6,migration,2031,162.6
r-zhytkavicki,2051,forecast,base:official,110.52,49.25,169.3,10.52,55.4,235.6,migration,2031,162.6
r-zhytkavicki,2056,forecast,base:official,110.51,51.79,128.1,10.51,55.4,235.6,migration,2031,162.6
r-zhytkavicki,2026,forecast,negative:adjusted,111.95,45.04,268.1,11.95,55.4,235.6,migration,2031,162.6
r-zhytkavicki,2031,forecast,negative:adjusted,117.37,48.97,308.9,17.37,55.4,235.6,migration,2031,162.6
r-zhytkavicki,2036,forecast,negative:adjusted,120.1,48.96,328.5,20.1,55.4,235.6,migration,2031,162.6
r-zhytkavicki,2041,forecast,negative:adjusted,119.02,46.97,327.8,19.02,55.4,235.6,migration,2031,162.6
r-zhytkavicki,2046,forecast,negative:adjusted,114.04,43.68,245.3,14.04,55.4,235.6,migration,2031,162.6
r-zhytkavicki,2051,forecast,negative:adjusted,110.4,41.69,156.6,10.4,55.4,235.6,migration,2031,162.6
r-zhytkavicki,2056,forecast,negative:adjusted,110.36,43.02,108.5,10.36,55.4,235.6,migration,2031,162.6
r-zhytkavicki,2026,forecast,negative:official,112.64,45.04,298.3,12.64,55.4,235.6,migration,2031,162.6
r-zhytkavicki,2031,forecast,negative:official,117.77,48.97,332.8,17.77,55.4,235.6,migration,2031,162.6
r-zhytkavicki,2036,forecast,negative:official,120.28,49.0,342.8,20.28,55.4,235.6,migration,2031,162.6
r-zhytkavicki,2041,forecast,negative:official,119.2,47.04,337.4,19.2,55.4,235.6,migration,2031,162.6
r-zhytkavicki,2046,forecast,negative:official,114.1,43.79,250.3,14.1,55.4,235.6,migration,2031,162.6
r-zhytkavicki,2051,forecast,negative:official,110.5,41.87,161.4,10.5,55.4,235.6,migration,2031,162.6
r-zhytkavicki,2056,forecast,negative:official,110.44,43.32,112.9,10.44,55.4,235.6,migration,2031,162.6
r-zhytkavicki,2026,forecast,optimistic:adjusted,111.95,45.04,268.1,11.95,55.4,235.6,migration,2031,162.6
r-zhytkavicki,2031,forecast,optimistic:adjusted,117.32,50.53,315.0,17.32,55.4,235.6,migration,2031,162.6
r-zhytkavicki,2036,forecast,optimistic:adjusted,119.93,52.32,340.1,19.93,55.4,235.6,migration,2031,162.6
r-zhytkavicki,2041,forecast,optimistic:adjusted,118.9,52.19,342.7,18.9,55.4,235.6,migration,2031,162.6
r-zhytkavicki,2046,forecast,optimistic:adjusted,113.93,50.53,258.1,13.93,55.4,235.6,migration,2031,162.6
r-zhytkavicki,2051,forecast,optimistic:adjusted,110.31,50.0,166.8,10.31,55.4,235.6,migration,2031,162.6
r-zhytkavicki,2056,forecast,optimistic:adjusted,110.26,52.27,126.8,10.26,55.4,235.6,migration,2031,162.6
r-zhytkavicki,2026,forecast,optimistic:official,112.64,45.04,298.3,12.64,55.4,235.6,migration,2031,162.6
r-zhytkavicki,2031,forecast,optimistic:official,117.72,50.53,339.0,17.72,55.4,235.6,migration,2031,162.6
r-zhytkavicki,2036,forecast,optimistic:official,120.11,52.36,354.5,20.11,55.4,235.6,migration,2031,162.6
r-zhytkavicki,2041,forecast,optimistic:official,119.07,52.26,352.4,19.07,55.4,235.6,migration,2031,162.6
r-zhytkavicki,2046,forecast,optimistic:official,114.0,50.64,263.1,14.0,55.4,235.6,migration,2031,162.6
r-zhytkavicki,2051,forecast,optimistic:official,110.42,50.16,171.8,10.42,55.4,235.6,migration,2031,162.6
r-zhytkavicki,2056,forecast,optimistic:official,110.34,52.54,131.6,10.34,55.4,235.6,migration,2031,162.6
