raion,year,scenario,variant,pct_diff
r-baranavicki,2026,base,A,0.0
r-brescki,2026,base,A,0.0
r-biarozauski,2026,base,A,-0.0
r-hancavicki,2026,base,A,-0.0
r-drahichynski,2026,base,A,-0.0
r-zhabinkauski,2026,base,A,0.0
r-ivanauski,2026,base,A,0.0
r-ivacevicki,2026,base,A,-0.0
r-kamianiecki,2026,base,A,-0.0
r-kobrynski,2026,base,A,0.0
r-luniniecki,2026,base,A,0.0
r-lachavicki,2026,base,A,-0.0
r-malarycki,2026,base,A,-0.0
r-pinski,2026,base,A,-0.0
r-pruzhanski,2026,base,A,-0.0
r-stolinski,2026,base,A,0.0
r-arshanski,2026,base,A,-0.0
r-bieshankovicki,2026,base,A,0.0
r-braslauski,2026,base,A,0.0
r-vierchniadzvinski,2026,base,A,0.0
r-viciebski,2026,base,A,-0.0
r-haradocki,2026,base,A,-0.0
r-hlybocki,2026,base,A,0.0
r-dokshycki,2026,base,A,0.0
r-dubrovienski,2026,base,A,-0.0
r-loznienski,2026,base,A,-0.0
r-lepielski,2026,base,A,-0.0
r-mijorski,2026,base,A,-0.0
r-pastauski,2026,base,A,0.0
r-polacki,2026,base,A,-0.0
r-rasonski,2026,base,A,-0.0
r-siennienski,2026,base,A,-0.0
r-talachynski,2026,base,A,-0.0
r-ushacki,2026,base,A,0.0
r-chashnicki,2026,base,A,0.0
r-sharkoushchynski,2026,base,A,-0.0
r-shumilinski,2026,base,A,0.0
r-akciabrski,2026,base,A,-0.0
r-brahinski,2026,base,A,-0.0
r-buda-kashalouski,2026,base,A,0.0
r-vietkauski,2026,base,A,-0.0
r-homielski,2026,base,A,0.0
r-dobrushski,2026,base,A,-0.0
r-jelski,2026,base,A,0.0
r-zhlobinski,2026,base,A,0.0
r-zhytkavicki,2026,base,A,-0.0
r-kalinkavicki,2026,base,A,-0.0
r-karmianski,2026,base,A,-0.0
r-lelchycki,2026,base,A,-0.0
r-lojeuski,2026,base,A,0.0
r-mazyrski,2026,base,A,-0.0
r-naraulanski,2026,base,A,0.0
r-pietrykauski,2026,base,A,-0.0
r-rahachouski,2026,base,A,-0.0
r-rechycki,2026,base,A,0.0
r-svietlahorski,2026,base,A,0.0
r-chojnicki,2026,base,A,0.0
r-chacherski,2026,base,A,0.0
r-astraviecki,2026,base,A,-0.0
r-ashmianski,2026,base,A,0.0
r-bierastavicki,2026,base,A,-0.0
r-vaukavyski,2026,base,A,0.0
r-voranauski,2026,base,A,-0.0
r-hrodzienski,2026,base,A,-0.0
r-dziatlauski,2026,base,A,0.0
r-zelvienski,2026,base,A,-0.0
r-iujeuski,2026,base,A,-0.0
r-karelicki,2026,base,A,0.0
r-lidski,2026,base,A,-0.0
r-mastouski,2026,base,A,0.0
r-navahrudski,2026,base,A,0.0
r-svislacki,2026,base,A,-0.0
r-slonimski,2026,base,A,-0.0
r-smarhonski,2026,base,A,0.0
r-shchuchynski,2026,base,A,-0.0
r-barysauski,2026,base,A,-0.0
r-biarezinski,2026,base,A,0.0
r-valozhynski,2026,base,A,0.0
r-vilejski,2026,base,A,0.0
r-dziarzhynski,2026,base,A,-0.0
r-kapylski,2026,base,A,-0.0
r-klecki,2026,base,A,0.0
r-krupski,2026,base,A,0.0
r-lahojski,2026,base,A,0.0
r-lubanski,2026,base,A,-0.0
r-maladziechanski,2026,base,A,-0.0
r-minski,2026,base,A,-0.0
r-miadzielski,2026,base,A,0.0
r-niasvizhski,2026,base,A,0.0
r-puchavicki,2026,base,A,0.0
r-salihorski,2026,base,A,0.0
r-slucki,2026,base,A,-0.0
r-smalavicki,2026,base,A,-0.0
r-staradarozhski,2026,base,A,0.0
r-staubcouski,2026,base,A,0.0
r-uzdzienski,2026,base,A,-0.0
r-chervienski,2026,base,A,-0.0
r-asipovicki,2026,base,A,-0.0
r-babrujski,2026,base,A,0.0
r-bychauski,2026,base,A,0.0
r-bialynicki,2026,base,A,-0.0
r-hluski,2026,base,A,0.0
r-horacki,2026,base,A,0.0
r-drybinski,2026,base,A,0.0
r-kasciukovicki,2026,base,A,-0.0
r-kirauski,2026,base,A,-0.0
r-klimavicki,2026,base,A,0.0
r-klichauski,2026,base,A,0.0
r-krasnapolski,2026,base,A,0.0
r-kruhlanski,2026,base,A,0.0
r-krychauski,2026,base,A,-0.0
r-mahilouski,2026,base,A,0.0
r-mscislauski,2026,base,A,0.0
r-slauharadski,2026,base,A,0.0
r-chocimski,2026,base,A,0.0
r-chavuski,2026,base,A,0.0
r-cherykauski,2026,base,A,0.0
r-shklouski,2026,base,A,-0.0
BY-HM,2026,base,A,-0.0
r-baranavicki,2031,base,A,0.0
r-brescki,2031,base,A,-0.0
r-biarozauski,2031,base,A,-0.0
r-hancavicki,2031,base,A,-0.0
r-drahichynski,2031,base,A,-0.0
r-zhabinkauski,2031,base,A,-0.0
r-ivanauski,2031,base,A,0.0
r-ivacevicki,2031,base,A,-0.0
r-kamianiecki,2031,base,A,0.0
r-kobrynski,2031,base,A,0.0
r-luniniecki,2031,base,A,-0.0
r-lachavicki,2031,base,A,-0.0
r-malarycki,2031,base,A,0.0
r-pinski,2031,base,A,0.0
r-pruzhanski,2031,base,A,0.0
r-stolinski,2031,base,A,-0.0
r-arshanski,2031,base,A,0.0
r-bieshankovicki,2031,base,A,0.0
r-braslauski,2031,base,A,0.0
r-vierchniadzvinski,2031,base,A,-0.0
r-viciebski,2031,base,A,-0.0
r-haradocki,2031,base,A,-0.0
r-hlybocki,2031,base,A,0.0
r-dokshycki,2031,base,A,0.0
r-dubrovienski,2031,base,A,0.0
r-loznienski,2031,base,A,-0.0
r-lepielski,2031,base,A,0.0
r-mijorski,2031,base,A,0.0
r-pastauski,2031,base,A,0.0
r-polacki,2031,base,A,-0.0
r-rasonski,2031,base,A,-0.0
r-siennienski,2031,base,A,0.0
r-talachynski,2031,base,A,0.0
r-ushacki,2031,base,A,0.0
r-chashnicki,2031,base,A,-0.0
r-sharkoushchynski,2031,base,A,-0.0
r-shumilinski,2031,base,A,-0.0
r-akciabrski,2031,base,A,-0.0
r-brahinski,2031,base,A,-0.0
r-buda-kashalouski,2031,base,A,-0.0
r-vietkauski,2031,base,A,-0.0
r-homielski,2031,base,A,0.0
r-dobrushski,2031,base,A,-0.0
r-jelski,2031,base,A,-0.0
r-zhlobinski,2031,base,A,-0.0
r-zhytkavicki,2031,base,A,0.0
r-kalinkavicki,2031,base,A,0.0
r-karmianski,2031,base,A,0.0
r-lelchycki,2031,base,A,0.0
r-lojeuski,2031,base,A,0.0
r-mazyrski,2031,base,A,0.0
r-naraulanski,2031,base,A,-0.0
r-pietrykauski,2031,base,A,-0.0
r-rahachouski,2031,base,A,-0.0
r-rechycki,2031,base,A,0.0
r-svietlahorski,2031,base,A,-0.0
r-chojnicki,2031,base,A,0.0
r-chacherski,2031,base,A,0.0
r-astraviecki,2031,base,A,0.0
r-ashmianski,2031,base,A,0.0
r-bierastavicki,2031,base,A,0.0
r-vaukavyski,2031,base,A,0.0
r-voranauski,2031,base,A,0.0
r-hrodzienski,2031,base,A,-0.0
r-dziatlauski,2031,base,A,0.0
r-zelvienski,2031,base,A,-0.0
r-iujeuski,2031,base,A,0.0
r-karelicki,2031,base,A,0.0
r-lidski,2031,base,A,0.0
r-mastouski,2031,base,A,-0.0
r-navahrudski,2031,base,A,-0.0
r-svislacki,2031,base,A,-0.0
r-slonimski,2031,base,A,0.0
r-smarhonski,2031,base,A,0.0
r-shchuchynski,2031,base,A,0.0
r-barysauski,2031,base,A,-0.0
r-biarezinski,2031,base,A,0.0
r-valozhynski,2031,base,A,0.0
r-vilejski,2031,base,A,-0.0
r-dziarzhynski,2031,base,A,-0.0
r-kapylski,2031,base,A,-0.0
r-klecki,2031,base,A,0.0
r-krupski,2031,base,A,-0.0
r-lahojski,2031,base,A,0.0
r-lubanski,2031,base,A,0.0
r-maladziechanski,2031,base,A,0.0
r-minski,2031,base,A,-0.0
r-miadzielski,2031,base,A,0.0
r-niasvizhski,2031,base,A,-0.0
r-puchavicki,2031,base,A,0.0
r-salihorski,2031,base,A,0.0
r-slucki,2031,base,A,0.0
r-smalavicki,2031,base,A,0.0
r-staradarozhski,2031,base,A,-0.0
r-staubcouski,2031,base,A,0.0
r-uzdzienski,2031,base,A,-0.0
r-chervienski,2031,base,A,0.0
r-asipovicki,2031,base,A,0.0
r-babrujski,2031,base,A,0.0
r-bychauski,2031,base,A,-0.0
r-bialynicki,2031,base,A,-0.0
r-hluski,2031,base,A,-0.0
r-horacki,2031,base,A,-0.0
r-drybinski,2031,base,A,-0.0
r-kasciukovicki,2031,base,A,-0.0
r-kirauski,2031,base,A,0.0
r-klimavicki,2031,base,A,-0.0
r-klichauski,2031,base,A,-0.0
r-krasnapolski,2031,base,A,0.0
r-kruhlanski,2031,base,A,-0.0
r-krychauski,2031,base,A,-0.0
r-mahilouski,2031,base,A,0.0
r-mscislauski,2031,base,A,0.0
r-slauharadski,2031,base,A,-0.0
r-chocimski,2031,base,A,-0.0
r-chavuski,2031,base,A,0.0
r-cherykauski,2031,base,A,-0.0
r-shklouski,2031,base,A,0.0
BY-HM,2031,base,A,-0.0
r-baranavicki,2036,base,A,-0.0
r-brescki,2036,base,A,0.0
r-biarozauski,2036,base,A,-0.0
r-hancavicki,2036,base,A,-0.0
r-drahichynski,2036,base,A,0.0
r-zhabinkauski,2036,base,A,-0.0
r-ivanauski,2036,base,A,-0.0
r-ivacevicki,2036,base,A,-0.0
r-kamianiecki,2036,base,A,0.0
r-kobrynski,2036,base,A,-0.0
r-luniniecki,2036,base,A,-0.0
r-lachavicki,2036,base,A,0.0
r-malarycki,2036,base,A,-0.0
r-pinski,2036,base,A,-0.0
r-pruzhanski,2036,base,A,-0.0
r-stolinski,2036,base,A,-0.0
r-arshanski,2036,base,A,0.0
r-bieshankovicki,2036,base,A,0.0
r-braslauski,2036,base,A,-0.0
r-vierchniadzvinski,2036,base,A,-0.0
r-viciebski,2036,base,A,0.0
r-haradocki,2036,base,A,0.0
r-hlybocki,2036,base,A,-0.0
r-dokshycki,2036,base,A,-0.0
r-dubrovienski,2036,base,A,-0.0
r-loznienski,2036,base,A,0.0
r-lepielski,2036,base,A,-0.0
r-mijorski,2036,base,A,0.0
r-pastauski,2036,base,A,-0.0
r-polacki,2036,base,A,0.0
r-rasonski,2036,base,A,-0.0
r-siennienski,2036,base,A,0.0
r-talachynski,2036,base,A,0.0
r-ushacki,2036,base,A,-0.0
r-chashnicki,2036,base,A,-0.0
r-sharkoushchynski,2036,base,A,-0.0
r-shumilinski,2036,base,A,0.0
r-akciabrski,2036,base,A,-0.0
r-brahinski,2036,base,A,-0.0
r-buda-kashalouski,2036,base,A,-0.0
r-vietkauski,2036,base,A,-0.0
r-homielski,2036,base,A,-0.0
r-dobrushski,2036,base,A,0.0
r-jelski,2036,base,A,-0.0
r-zhlobinski,2036,base,A,0.0
r-zhytkavicki,2036,base,A,0.0
r-kalinkavicki,2036,base,A,0.0
r-karmianski,2036,base,A,0.0
r-lelchycki,2036,base,A,-0.0
r-lojeuski,2036,base,A,-0.0
r-mazyrski,2036,base,A,0.0
r-naraulanski,2036,base,A,0.0
r-pietrykauski,2036,base,A,-0.0
r-rahachouski,2036,base,A,0.0
r-rechycki,2036,base,A,0.0
r-svietlahorski,2036,base,A,-0.0
r-chojnicki,2036,base,A,0.0
r-chacherski,2036,base,A,0.0
r-astraviecki,2036,base,A,0.0
r-ashmianski,2036,base,A,0.0
r-bierastavicki,2036,base,A,0.0
r-vaukavyski,2036,base,A,0.0
r-voranauski,2036,base,A,0.0
r-hrodzienski,2036,base,A,0.0
r-dziatlauski,2036,base,A,0.0
r-zelvienski,2036,base,A,-0.0
r-iujeuski,2036,base,A,0.0
r-karelicki,2036,base,A,0.0
r-lidski,2036,base,A,-0.0
r-mastouski,2036,base,A,0.0
r-navahrudski,2036,base,A,0.0
r-svislacki,2036,base,A,-0.0
r-slonimski,2036,base,A,0.0
r-smarhonski,2036,base,A,0.0
r-shchuchynski,2036,base,A,0.0
r-barysauski,2036,base,A,0.0
r-biarezinski,2036,base,A,0.0
r-valozhynski,2036,base,A,0.0
r-vilejski,2036,base,A,0.0
r-dziarzhynski,2036,base,A,0.0
r-kapylski,2036,base,A,0.0
r-klecki,2036,base,A,-0.0
r-krupski,2036,base,A,-0.0
r-lahojski,2036,base,A,0.0
r-lubanski,2036,base,A,0.0
r-maladziechanski,2036,base,A,0.0
r-minski,2036,base,A,-0.0
r-miadzielski,2036,base,A,0.0
r-niasvizhski,2036,base,A,-0.0
r-puchavicki,2036,base,A,-0.0
r-salihorski,2036,base,A,-0.0
r-slucki,2036,base,A,0.0
r-smalavicki,2036,base,A,0.0
r-staradarozhski,2036,base,A,0.0
r-staubcouski,2036,base,A,-0.0
r-uzdzienski,2036,base,A,0.0
r-chervienski,2036,base,A,0.0
r-asipovicki,2036,base,A,-0.0
r-babrujski,2036,base,A,-0.0
r-bychauski,2036,base,A,0.0
r-bialynicki,2036,base,A,-0.0
r-hluski,2036,base,A,-0.0
r-horacki,2036,base,A,-0.0
r-drybinski,2036,base,A,-0.0
r-kasciukovicki,2036,base,A,-0.0
r-kirauski,2036,base,A,0.0
r-klimavicki,2036,base,A,0.0
r-klichauski,2036,base,A,0.0
r-krasnapolski,2036,base,A,-0.0
r-kruhlanski,2036,base,A,0.0
r-krychauski,2036,base,A,-0.0
r-mahilouski,2036,base,A,-0.0
r-mscislauski,2036,base,A,-0.0
r-slauharadski,2036,base,A,0.0
r-chocimski,2036,base,A,-0.0
r-chavuski,2036,base,A,0.0
r-cherykauski,2036,base,A,-0.0
r-shklouski,2036,base,A,0.0
BY-HM,2036,base,A,0.0
r-baranavicki,2041,base,A,-0.0
r-brescki,2041,base,A,-0.0
r-biarozauski,2041,base,A,0.0
r-hancavicki,2041,base,A,-0.0
r-drahichynski,2041,base,A,-0.0
r-zhabinkauski,2041,base,A,0.0
r-ivanauski,2041,base,A,-0.0
r-ivacevicki,2041,base,A,0.0
r-kamianiecki,2041,base,A,0.0
r-kobrynski,2041,base,A,-0.0
r-luniniecki,2041,base,A,0.0
r-lachavicki,2041,base,A,0.0
r-malarycki,2041,base,A,-0.0
r-pinski,2041,base,A,0.0
r-pruzhanski,2041,base,A,-0.0
r-stolinski,2041,base,A,0.0
r-arshanski,2041,base,A,-0.0
r-bieshankovicki,2041,base,A,0.0
r-braslauski,2041,base,A,0.0
r-vierchniadzvinski,2041,base,A,0.0
r-viciebski,2041,base,A,0.0
r-haradocki,2041,base,A,-0.0
r-hlybocki,2041,base,A,-0.0
r-dokshycki,2041,base,A,0.0
r-dubrovienski,2041,base,A,-0.0
r-loznienski,2041,base,A,0.0
r-lepielski,2041,base,A,-0.0
r-mijorski,2041,base,A,0.0
r-pastauski,2041,base,A,-0.0
r-polacki,2041,base,A,-0.0
r-rasonski,2041,base,A,0.0
r-siennienski,2041,base,A,-0.0
r-talachynski,2041,base,A,-0.0
r-ushacki,2041,base,A,0.0
r-chashnicki,2041,base,A,-0.0
r-sharkoushchynski,2041,base,A,-0.0
r-shumilinski,2041,base,A,0.0
r-akciabrski,2041,base,A,0.0
r-brahinski,2041,base,A,-0.0
r-buda-kashalouski,2041,base,A,0.0
r-vietkauski,2041,base,A,0.0
r-homielski,2041,base,A,0.0
r-dobrushski,2041,base,A,0.0
r-jelski,2041,base,A,0.0
r-zhlobinski,2041,base,A,0.0
r-zhytkavicki,2041,base,A,0.0
r-kalinkavicki,2041,base,A,0.0
r-karmianski,2041,base,A,-0.0
r-lelchycki,2041,base,A,-0.0
r-lojeuski,2041,base,A,-0.0
r-mazyrski,2041,base,A,-0.0
r-naraulanski,2041,base,A,-0.0
r-pietrykauski,2041,base,A,0.0
r-rahachouski,2041,base,A,-0.0
r-rechycki,2041,base,A,0.0
r-svietlahorski,2041,base,A,0.0
r-chojnicki,2041,base,A,-0.0
r-chacherski,2041,base,A,0.0
r-astraviecki,2041,base,A,0.0
r-ashmianski,2041,base,A,0.0
r-bierastavicki,2041,base,A,-0.0
r-vaukavyski,2041,base,A,0.0
r-voranauski,2041,base,A,0.0
r-hrodzienski,2041,base,A,-0.0
r-dziatlauski,2041,base,A,0.0
r-zelvienski,2041,base,A,0.0
r-iujeuski,2041,base,A,-0.0
r-karelicki,2041,base,A,0.0
r-lidski,2041,base,A,-0.0
r-mastouski,2041,base,A,-0.0
r-navahrudski,2041,base,A,-0.0
r-svislacki,2041,base,A,0.0
r-slonimski,2041,base,A,-0.0
r-smarhonski,2041,base,A,0.0
r-shchuchynski,2041,base,A,-0.0
r-barysauski,2041,base,A,-0.0
r-biarezinski,2041,base,A,-0.0
r-valozhynski,2041,base,A,-0.0
r-vilejski,2041,base,A,-0.0
r-dziarzhynski,2041,base,A,0.0
r-kapylski,2041,base,A,-0.0
r-klecki,2041,base,A,-0.0
r-krupski,2041,base,A,0.0
r-lahojski,2041,base,A,0.0
r-lubanski,2041,base,A,-0.0
r-maladziechanski,2041,base,A,-0.0
r-minski,2041,base,A,0.0
r-miadzielski,2041,base,A,0.0
r-niasvizhski,2041,base,A,0.0
r-puchavicki,2041,base,A,-0.0
r-salihorski,2041,base,A,0.0
r-slucki,2041,base,A,0.0
r-smalavicki,2041,base,A,-0.0
r-staradarozhski,2041,base,A,-0.0
r-staubcouski,2041,base,A,0.0
r-uzdzienski,2041,base,A,0.0
r-chervienski,2041,base,A,-0.0
r-asipovicki,2041,base,A,-0.0
r-babrujski,2041,base,A,-0.0
r-bychauski,2041,base,A,0.0
r-bialynicki,2041,base,A,0.0
r-hluski,2041,base,A,0.0
r-horacki,2041,base,A,0.0
r-drybinski,2041,base,A,0.0
r-kasciukovicki,2041,base,A,-0.0
r-kirauski,2041,base,A,0.0
r-klimavicki,2041,base,A,0.0
r-klichauski,2041,base,A,0.0
r-krasnapolski,2041,base,A,0.0
r-kruhlanski,2041,base,A,0.0
r-krychauski,2041,base,A,0.0
r-mahilouski,2041,base,A,0.0
r-mscislauski,2041,base,A,-0.0
r-slauharadski,2041,base,A,-0.0
r-chocimski,2041,base,A,0.0
r-chavuski,2041,base,A,0.0
r-cherykauski,2041,base,A,0.0
r-shklouski,2041,base,A,0.0
BY-HM,2041,base,A,0.0
r-baranavicki,2046,base,A,-0.0
r-brescki,2046,base,A,-0.0
r-biarozauski,2046,base,A,0.0
r-hancavicki,2046,base,A,0.0
r-drahichynski,2046,base,A,0.0
r-zhabinkauski,2046,base,A,0.0
r-ivanauski,2046,base,A,0.0
r-ivacevicki,2046,base,A,-0.0
r-kamianiecki,2046,base,A,0.0
r-kobrynski,2046,base,A,0.0
r-luniniecki,2046,base,A,-0.0
r-lachavicki,2046,base,A,-0.0
r-malarycki,2046,base,A,-0.0
r-pinski,2046,base,A,-0.0
r-pruzhanski,2046,base,A,-0.0
r-stolinski,2046,base,A,0.0
r-arshanski,2046,base,A,0.0
r-bieshankovicki,2046,base,A,-0.0
r-braslauski,2046,base,A,0.0
r-vierchniadzvinski,2046,base,A,0.0
r-viciebski,2046,base,A,-0.0
r-haradocki,2046,base,A,0.0
r-hlybocki,2046,base,A,0.0
r-dokshycki,2046,base,A,-0.0
r-dubrovienski,2046,base,A,0.0
r-loznienski,2046,base,A,-0.0
r-lepielski,2046,base,A,-0.0
r-mijorski,2046,base,A,0.0
r-pastauski,2046,base,A,0.0
r-polacki,2046,base,A,0.0
r-rasonski,2046,base,A,-0.0
r-siennienski,2046,base,A,0.0
r-talachynski,2046,base,A,-0.0
r-ushacki,2046,base,A,0.0
r-chashnicki,2046,base,A,0.0
r-sharkoushchynski,2046,base,A,-0.0
r-shumilinski,2046,base,A,-0.0
r-akciabrski,2046,base,A,-0.0
r-brahinski,2046,base,A,-0.0
r-buda-kashalouski,2046,base,A,-0.0
r-vietkauski,2046,base,A,-0.0
r-homielski,2046,base,A,0.0
r-dobrushski,2046,base,A,0.0
r-jelski,2046,base,A,-0.0
r-zhlobinski,2046,base,A,0.0
r-zhytkavicki,2046,base,A,-0.0
r-kalinkavicki,2046,base,A,0.0
r-karmianski,2046,base,A,-0.0
r-lelchycki,2046,base,A,-0.0
r-lojeuski,2046,base,A,-0.0
r-mazyrski,2046,base,A,0.0
r-naraulanski,2046,base,A,-0.0
r-pietrykauski,2046,base,A,-0.0
r-rahachouski,2046,base,A,-0.0
r-rechycki,2046,base,A,0.0
r-svietlahorski,2046,base,A,0.0
r-chojnicki,2046,base,A,-0.0
r-chacherski,2046,base,A,0.0
r-astraviecki,2046,base,A,-0.0
r-ashmianski,2046,base,A,0.0
r-bierastavicki,2046,base,A,0.0
r-vaukavyski,2046,base,A,-0.0
r-voranauski,2046,base,A,-0.0
r-hrodzienski,2046,base,A,-0.0
r-dziatlauski,2046,base,A,-0.0
r-zelvienski,2046,base,A,0.0
r-iujeuski,2046,base,A,0.0
r-karelicki,2046,base,A,0.0
r-lidski,2046,base,A,0.0
r-mastouski,2046,base,A,-0.0
r-navahrudski,2046,base,A,0.0
r-svislacki,2046,base,A,-0.0
r-slonimski,2046,base,A,0.0
r-smarhonski,2046,base,A,0.0
r-shchuchynski,2046,base,A,0.0
r-barysauski,2046,base,A,-0.0
r-biarezinski,2046,base,A,0.0
r-valozhynski,2046,base,A,-0.0
r-vilejski,2046,base,A,0.0
r-dziarzhynski,2046,base,A,-0.0
r-kapylski,2046,base,A,-0.0
r-klecki,2046,base,A,-0.0
r-krupski,2046,base,A,-0.0
r-lahojski,2046,base,A,0.0
r-lubanski,2046,base,A,-0.0
r-maladziechanski,2046,base,A,0.0
r-minski,2046,base,A,0.0
r-miadzielski,2046,base,A,-0.0
r-niasvizhski,2046,base,A,-0.0
r-puchavicki,2046,base,A,0.0
r-salihorski,2046,base,A,0.0
r-slucki,2046,base,A,-0.0
r-smalavicki,2046,base,A,0.0
r-staradarozhski,2046,base,A,0.0
r-staubcouski,2046,base,A,-0.0
r-uzdzienski,2046,base,A,0.0
r-chervienski,2046,base,A,0.0
r-asipovicki,2046,base,A,-0.0
r-babrujski,2046,base,A,0.0
r-bychauski,2046,base,A,0.0
r-bialynicki,2046,base,A,-0.0
r-hluski,2046,base,A,0.0
r-horacki,2046,base,A,-0.0
r-drybinski,2046,base,A,-0.0
r-kasciukovicki,2046,base,A,-0.0
r-kirauski,2046,base,A,0.0
r-klimavicki,2046,base,A,0.0
r-klichauski,2046,base,A,-0.0
r-krasnapolski,2046,base,A,0.0
r-kruhlanski,2046,base,A,-0.0
r-krychauski,2046,base,A,0.0
r-mahilouski,2046,base,A,0.0
r-mscislauski,2046,base,A,0.0
r-slauharadski,2046,base,A,0.0
r-chocimski,2046,base,A,0.0
r-chavuski,2046,base,A,-0.0
r-cherykauski,2046,base,A,0.0
r-shklouski,2046,base,A,0.0
BY-HM,2046,base,A,0.0
r-baranavicki,2050,base,A,0.0
r-brescki,2050,base,A,0.0
r-biarozauski,2050,base,A,0.0
r-hancavicki,2050,base,A,0.0
r-drahichynski,2050,base,A,0.0
r-zhabinkauski,2050,base,A,-0.0
r-ivanauski,2050,base,A,0.0
r-ivacevicki,2050,base,A,0.0
r-kamianiecki,2050,base,A,-0.0
r-kobrynski,2050,base,A,0.0
r-luniniecki,2050,base,A,-0.0
r-lachavicki,2050,base,A,-0.0
r-malarycki,2050,base,A,0.0
r-pinski,2050,base,A,-0.0
r-pruzhanski,2050,base,A,-0.0
r-stolinski,2050,base,A,0.0
r-arshanski,2050,base,A,-0.0
r-bieshankovicki,2050,base,A,0.0
r-braslauski,2050,base,A,0.0
r-vierchniadzvinski,2050,base,A,0.0
r-viciebski,2050,base,A,-0.0
r-haradocki,2050,base,A,0.0
r-hlybocki,2050,base,A,-0.0
r-dokshycki,2050,base,A,0.0
r-dubrovienski,2050,base,A,0.0
r-loznienski,2050,base,A,0.0
r-lepielski,2050,base,A,-0.0
r-mijorski,2050,base,A,0.0
r-pastauski,2050,base,A,0.0
r-polacki,2050,base,A,0.0
r-rasonski,2050,base,A,-0.0
r-siennienski,2050,base,A,0.0
r-talachynski,2050,base,A,0.0
r-ushacki,2050,base,A,0.0
r-chashnicki,2050,base,A,0.0
r-sharkoushchynski,2050,base,A,0.0
r-shumilinski,2050,base,A,0.0
r-akciabrski,2050,base,A,-0.0
r-brahinski,2050,base,A,0.0
r-buda-kashalouski,2050,base,A,-0.0
r-vietkauski,2050,base,A,-0.0
r-homielski,2050,base,A,-0.0
r-dobrushski,2050,base,A,0.0
r-jelski,2050,base,A,0.0
r-zhlobinski,2050,base,A,0.0
r-zhytkavicki,2050,base,A,-0.0
r-kalinkavicki,2050,base,A,-0.0
r-karmianski,2050,base,A,0.0
r-lelchycki,2050,base,A,0.0
r-lojeuski,2050,base,A,0.0
r-mazyrski,2050,base,A,0.0
r-naraulanski,2050,base,A,0.0
r-pietrykauski,2050,base,A,-0.0
r-rahachouski,2050,base,A,0.0
r-rechycki,2050,base,A,-0.0
r-svietlahorski,2050,base,A,-0.0
r-chojnicki,2050,base,A,0.0
r-chacherski,2050,base,A,0.0
r-astraviecki,2050,base,A,0.0
r-ashmianski,2050,base,A,-0.0
r-bierastavicki,2050,base,A,0.0
r-vaukavyski,2050,base,A,-0.0
r-voranauski,2050,base,A,-0.0
r-hrodzienski,2050,base,A,-0.0
r-dziatlauski,2050,base,A,-0.0
r-zelvienski,2050,base,A,0.0
r-iujeuski,2050,base,A,0.0
r-karelicki,2050,base,A,-0.0
r-lidski,2050,base,A,0.0
r-mastouski,2050,base,A,-0.0
r-navahrudski,2050,base,A,-0.0
r-svislacki,2050,base,A,-0.0
r-slonimski,2050,base,A,-0.0
r-smarhonski,2050,base,A,-0.0
r-shchuchynski,2050,base,A,0.0
r-barysauski,2050,base,A,0.0
r-biarezinski,2050,base,A,-0.0
r-valozhynski,2050,base,A,0.0
r-vilejski,2050,base,A,0.0
r-dziarzhynski,2050,base,A,-0.0
r-kapylski,2050,base,A,0.0
r-klecki,2050,base,A,-0.0
r-krupski,2050,base,A,-0.0
r-lahojski,2050,base,A,-0.0
r-lubanski,2050,base,A,-0.0
r-maladziechanski,2050,base,A,-0.0
r-minski,2050,base,A,0.0
r-miadzielski,2050,base,A,0.0
r-niasvizhski,2050,base,A,0.0
r-puchavicki,2050,base,A,-0.0
r-salihorski,2050,base,A,-0.0
r-slucki,2050,base,A,-0.0
r-smalavicki,2050,base,A,0.0
r-staradarozhski,2050,base,A,-0.0
r-staubcouski,2050,base,A,-0.0
r-uzdzienski,2050,base,A,-0.0
r-chervienski,2050,base,A,0.0
r-asipovicki,2050,base,A,0.0
r-babrujski,2050,base,A,0.0
r-bychauski,2050,base,A,0.0
r-bialynicki,2050,base,A,0.0
r-hluski,2050,base,A,-0.0
r-horacki,2050,base,A,0.0
r-drybinski,2050,base,A,0.0
r-kasciukovicki,2050,base,A,0.0
r-kirauski,2050,base,A,-0.0
r-klimavicki,2050,base,A,0.0
r-klichauski,2050,base,A,-0.0
r-krasnapolski,2050,base,A,-0.0
r-kruhlanski,2050,base,A,0.0
r-krychauski,2050,base,A,-0.0
r-mahilouski,2050,base,A,0.0
r-mscislauski,2050,base,A,-0.0
r-slauharadski,2050,base,A,0.0
r-chocimski,2050,base,A,0.0
r-chavuski,2050,base,A,-0.0
r-cherykauski,2050,base,A,0.0
r-shklouski,2050,base,A,0.0
BY-HM,2050,base,A,0.0
r-baranavicki,2026,base,B,0.0
r-brescki,2026,base,B,0.0
r-biarozauski,2026,base,B,0.0
r-hancavicki,2026,base,B,0.0
r-drahichynski,2026,base,B,-0.0
r-zhabinkauski,2026,base,B,-0.0
r-ivanauski,2026,base,B,0.0
r-ivacevicki,2026,base,B,-0.0
r-kamianiecki,2026,base,B,0.0
r-kobrynski,2026,base,B,0.0
r-luniniecki,2026,base,B,-0.0
r-lachavicki,2026,base,B,0.0
r-malarycki,2026,base,B,0.0
r-pinski,2026,base,B,0.0
r-pruzhanski,2026,base,B,-0.0
r-stolinski,2026,base,B,0.0
r-arshanski,2026,base,B,-0.0
r-bieshankovicki,2026,base,B,0.0
r-braslauski,2026,base,B,-0.0
r-vierchniadzvinski,2026,base,B,-0.0
r-viciebski,2026,base,B,0.0
r-haradocki,2026,base,B,-0.0
r-hlybocki,2026,base,B,0.0
r-dokshycki,2026,base,B,0.0
r-dubrovienski,2026,base,B,0.0
r-loznienski,2026,base,B,0.0
r-lepielski,2026,base,B,0.0
r-mijorski,2026,base,B,0.0
r-pastauski,2026,base,B,-0.0
r-polacki,2026,base,B,-0.0
r-rasonski,2026,base,B,-0.0
r-siennienski,2026,base,B,0.0
r-talachynski,2026,base,B,-0.0
r-ushacki,2026,base,B,0.0
r-chashnicki,2026,base,B,-0.0
r-sharkoushchynski,2026,base,B,-0.0
r-shumilinski,2026,base,B,-0.0
r-akciabrski,2026,base,B,-0.0
r-brahinski,2026,base,B,-0.0
r-buda-kashalouski,2026,base,B,0.0
r-vietkauski,2026,base,B,-0.0
r-homielski,2026,base,B,-0.0
r-dobrushski,2026,base,B,0.0
r-jelski,2026,base,B,0.0
r-zhlobinski,2026,base,B,-0.0
r-zhytkavicki,2026,base,B,0.0
r-kalinkavicki,2026,base,B,0.0
r-karmianski,2026,base,B,-0.0
r-lelchycki,2026,base,B,0.0
r-lojeuski,2026,base,B,0.0
r-mazyrski,2026,base,B,-0.0
r-naraulanski,2026,base,B,-0.0
r-pietrykauski,2026,base,B,0.0
r-rahachouski,2026,base,B,0.0
r-rechycki,2026,base,B,0.0
r-svietlahorski,2026,base,B,0.0
r-chojnicki,2026,base,B,-0.0
r-chacherski,2026,base,B,-0.0
r-astraviecki,2026,base,B,-0.0
r-ashmianski,2026,base,B,-0.0
r-bierastavicki,2026,base,B,0.0
r-vaukavyski,2026,base,B,-0.0
r-voranauski,2026,base,B,-0.0
r-hrodzienski,2026,base,B,0.0
r-dziatlauski,2026,base,B,0.0
r-zelvienski,2026,base,B,-0.0
r-iujeuski,2026,base,B,-0.0
r-karelicki,2026,base,B,0.0
r-lidski,2026,base,B,-0.0
r-mastouski,2026,base,B,-0.0
r-navahrudski,2026,base,B,0.0
r-svislacki,2026,base,B,0.0
r-slonimski,2026,base,B,0.0
r-smarhonski,2026,base,B,0.0
r-shchuchynski,2026,base,B,0.0
r-barysauski,2026,base,B,0.0
r-biarezinski,2026,base,B,0.0
r-valozhynski,2026,base,B,-0.0
r-vilejski,2026,base,B,0.0
r-dziarzhynski,2026,base,B,0.0
r-kapylski,2026,base,B,0.0
r-klecki,2026,base,B,0.0
r-krupski,2026,base,B,0.0
r-lahojski,2026,base,B,0.0
r-lubanski,2026,base,B,0.0
r-maladziechanski,2026,base,B,0.0
r-minski,2026,base,B,-0.0
r-miadzielski,2026,base,B,0.0
r-niasvizhski,2026,base,B,0.0
r-puchavicki,2026,base,B,0.0
r-salihorski,2026,base,B,-0.0
r-slucki,2026,base,B,-0.0
r-smalavicki,2026,base,B,-0.0
r-staradarozhski,2026,base,B,0.0
r-staubcouski,2026,base,B,0.0
r-uzdzienski,2026,base,B,-0.0
r-chervienski,2026,base,B,0.0
r-asipovicki,2026,base,B,-0.0
r-babrujski,2026,base,B,-0.0
r-bychauski,2026,base,B,0.0
r-bialynicki,2026,base,B,-0.0
r-hluski,2026,base,B,0.0
r-horacki,2026,base,B,0.0
r-drybinski,2026,base,B,-0.0
r-kasciukovicki,2026,base,B,-0.0
r-kirauski,2026,base,B,-0.0
r-klimavicki,2026,base,B,0.0
r-klichauski,2026,base,B,0.0
r-krasnapolski,2026,base,B,0.0
r-kruhlanski,2026,base,B,0.0
r-krychauski,2026,base,B,0.0
r-mahilouski,2026,base,B,0.0
r-mscislauski,2026,base,B,-0.0
r-slauharadski,2026,base,B,-0.0
r-chocimski,2026,base,B,0.0
r-chavuski,2026,base,B,0.0
r-cherykauski,2026,base,B,-0.0
r-shklouski,2026,base,B,-0.0
BY-HM,2026,base,B,-0.0
r-baranavicki,2031,base,B,-0.0
r-brescki,2031,base,B,0.0
r-biarozauski,2031,base,B,-0.0
r-hancavicki,2031,base,B,0.0
r-drahichynski,2031,base,B,0.0
r-zhabinkauski,2031,base,B,-0.0
r-ivanauski,2031,base,B,-0.0
r-ivacevicki,2031,base,B,-0.0
r-kamianiecki,2031,base,B,0.0
r-kobrynski,2031,base,B,0.0
r-luniniecki,2031,base,B,-0.0
r-lachavicki,2031,base,B,0.0
r-malarycki,2031,base,B,0.0
r-pinski,2031,base,B,0.0
r-pruzhanski,2031,base,B,0.0
r-stolinski,2031,base,B,0.0
r-arshanski,2031,base,B,0.0
r-bieshankovicki,2031,base,B,0.0
r-braslauski,2031,base,B,0.0
r-vierchniadzvinski,2031,base,B,-0.0
r-viciebski,2031,base,B,0.0
r-haradocki,2031,base,B,0.0
r-hlybocki,2031,base,B,0.0
r-dokshycki,2031,base,B,-0.0
r-dubrovienski,2031,base,B,-0.0
r-loznienski,2031,base,B,0.0
r-lepielski,2031,base,B,0.0
r-mijorski,2031,base,B,-0.0
r-pastauski,2031,base,B,-0.0
r-polacki,2031,base,B,-0.0
r-rasonski,2031,base,B,0.0
r-siennienski,2031,base,B,0.0
r-talachynski,2031,base,B,-0.0
r-ushacki,2031,base,B,-0.0
r-chashnicki,2031,base,B,-0.0
r-sharkoushchynski,2031,base,B,-0.0
r-shumilinski,2031,base,B,0.0
r-akciabrski,2031,base,B,0.0
r-brahinski,2031,base,B,-0.0
r-buda-kashalouski,2031,base,B,0.0
r-vietkauski,2031,base,B,0.0
r-homielski,2031,base,B,-0.0
r-dobrushski,2031,base,B,0.0
r-jelski,2031,base,B,0.0
r-zhlobinski,2031,base,B,-0.0
r-zhytkavicki,2031,base,B,-0.0
r-kalinkavicki,2031,base,B,-0.0
r-karmianski,2031,base,B,-0.0
r-lelchycki,2031,base,B,-0.0
r-lojeuski,2031,base,B,-0.0
r-mazyrski,2031,base,B,0.0
r-naraulanski,2031,base,B,0.0
r-pietrykauski,2031,base,B,-0.0
r-rahachouski,2031,base,B,-0.0
r-rechycki,2031,base,B,0.0
r-svietlahorski,2031,base,B,0.0
r-chojnicki,2031,base,B,0.0
r-chacherski,2031,base,B,-0.0
r-astraviecki,2031,base,B,-0.0
r-ashmianski,2031,base,B,0.0
r-bierastavicki,2031,base,B,0.0
r-vaukavyski,2031,base,B,-0.0
r-voranauski,2031,base,B,0.0
r-hrodzienski,2031,base,B,-0.0
r-dziatlauski,2031,base,B,0.0
r-zelvienski,2031,base,B,0.0
r-iujeuski,2031,base,B,0.0
r-karelicki,2031,base,B,-0.0
r-lidski,2031,base,B,-0.0
r-mastouski,2031,base,B,-0.0
r-navahrudski,2031,base,B,-0.0
r-svislacki,2031,base,B,-0.0
r-slonimski,2031,base,B,-0.0
r-smarhonski,2031,base,B,-0.0
r-shchuchynski,2031,base,B,-0.0
r-barysauski,2031,base,B,-0.0
r-biarezinski,2031,base,B,-0.0
r-valozhynski,2031,base,B,-0.0
r-vilejski,2031,base,B,0.0
r-dziarzhynski,2031,base,B,-0.0
r-kapylski,2031,base,B,0.0
r-klecki,2031,base,B,-0.0
r-krupski,2031,base,B,-0.0
r-lahojski,2031,base,B,0.0
r-lubanski,2031,base,B,0.0
r-maladziechanski,2031,base,B,-0.0
r-minski,2031,base,B,-0.0
r-miadzielski,2031,base,B,0.0
r-niasvizhski,2031,base,B,-0.0
r-puchavicki,2031,base,B,0.0
r-salihorski,2031,base,B,0.0
r-slucki,2031,base,B,-0.0
r-smalavicki,2031,base,B,0.0
r-staradarozhski,2031,base,B,0.0
r-staubcouski,2031,base,B,0.0
r-uzdzienski,2031,base,B,-0.0
r-chervienski,2031,base,B,0.0
r-asipovicki,2031,base,B,0.0
r-babrujski,2031,base,B,0.0
r-bychauski,2031,base,B,-0.0
r-bialynicki,2031,base,B,-0.0
r-hluski,2031,base,B,0.0
r-horacki,2031,base,B,0.0
r-drybinski,2031,base,B,-0.0
r-kasciukovicki,2031,base,B,-0.0
r-kirauski,2031,base,B,0.0
r-klimavicki,2031,base,B,-0.0
r-klichauski,2031,base,B,0.0
r-krasnapolski,2031,base,B,0.0
r-kruhlanski,2031,base,B,0.0
r-krychauski,2031,base,B,-0.0
r-mahilouski,2031,base,B,0.0
r-mscislauski,2031,base,B,-0.0
r-slauharadski,2031,base,B,-0.0
r-chocimski,2031,base,B,0.0
r-chavuski,2031,base,B,-0.0
r-cherykauski,2031,base,B,-0.0
r-shklouski,2031,base,B,0.0
BY-HM,2031,base,B,0.0
r-baranavicki,2036,base,B,0.0
r-brescki,2036,base,B,-0.0
r-biarozauski,2036,base,B,-0.0
r-hancavicki,2036,base,B,0.0
r-drahichynski,2036,base,B,0.0
r-zhabinkauski,2036,base,B,0.0
r-ivanauski,2036,base,B,-0.0
r-ivacevicki,2036,base,B,0.0
r-kamianiecki,2036,base,B,0.0
r-kobrynski,2036,base,B,-0.0
r-luniniecki,2036,base,B,0.0
r-lachavicki,2036,base,B,-0.0
r-malarycki,2036,base,B,-0.0
r-pinski,2036,base,B,-0.0
r-pruzhanski,2036,base,B,-0.0
r-stolinski,2036,base,B,-0.0
r-arshanski,2036,base,B,0.0
r-bieshankovicki,2036,base,B,-0.0
r-braslauski,2036,base,B,-0.0
r-vierchniadzvinski,2036,base,B,-0.0
r-viciebski,2036,base,B,-0.0
r-haradocki,2036,base,B,-0.0
r-hlybocki,2036,base,B,0.0
r-dokshycki,2036,base,B,0.0
r-dubrovienski,2036,base,B,0.0
r-loznienski,2036,base,B,0.0
r-lepielski,2036,base,B,0.0
r-mijorski,2036,base,B,-0.0
r-pastauski,2036,base,B,0.0
r-polacki,2036,base,B,0.0
r-rasonski,2036,base,B,-0.0
r-siennienski,2036,base,B,0.0
r-talachynski,2036,base,B,0.0
r-ushacki,2036,base,B,0.0
r-chashnicki,2036,base,B,0.0
r-sharkoushchynski,2036,base,B,0.0
r-shumilinski,2036,base,B,-0.0
r-akciabrski,2036,base,B,0.0
r-brahinski,2036,base,B,0.0
r-buda-kashalouski,2036,base,B,-0.0
r-vietkauski,2036,base,B,-0.0
r-homielski,2036,base,B,-0.0
r-dobrushski,2036,base,B,0.0
r-jelski,2036,base,B,-0.0
r-zhlobinski,2036,base,B,-0.0
r-zhytkavicki,2036,base,B,0.0
r-kalinkavicki,2036,base,B,0.0
r-karmianski,2036,base,B,-0.0
r-lelchycki,2036,base,B,-0.0
r-lojeuski,2036,base,B,0.0
r-mazyrski,2036,base,B,-0.0
r-naraulanski,2036,base,B,0.0
r-pietrykauski,2036,base,B,-0.0
r-rahachouski,2036,base,B,0.0
r-rechycki,2036,base,B,-0.0
r-svietlahorski,2036,base,B,-0.0
r-chojnicki,2036,base,B,0.0
r-chacherski,2036,base,B,-0.0
r-astraviecki,2036,base,B,0.0
r-ashmianski,2036,base,B,-0.0
r-bierastavicki,2036,base,B,0.0
r-vaukavyski,2036,base,B,0.0
r-voranauski,2036,base,B,0.0
r-hrodzienski,2036,base,B,0.0
r-dziatlauski,2036,base,B,-0.0
r-zelvienski,2036,base,B,0.0
r-iujeuski,2036,base,B,0.0
r-karelicki,2036,base,B,-0.0
r-lidski,2036,base,B,0.0
r-mastouski,2036,base,B,0.0
r-navahrudski,2036,base,B,-0.0
r-svislacki,2036,base,B,0.0
r-slonimski,2036,base,B,0.0
r-smarhonski,2036,base,B,-0.0
r-shchuchynski,2036,base,B,0.0
r-barysauski,2036,base,B,-0.0
r-biarezinski,2036,base,B,-0.0
r-valozhynski,2036,base,B,-0.0
r-vilejski,2036,base,B,0.0
r-dziarzhynski,2036,base,B,0.0
r-kapylski,2036,base,B,-0.0
r-klecki,2036,base,B,-0.0
r-krupski,2036,base,B,-0.0
r-lahojski,2036,base,B,0.0
r-lubanski,2036,base,B,-0.0
r-maladziechanski,2036,base,B,0.0
r-minski,2036,base,B,0.0
r-miadzielski,2036,base,B,0.0
r-niasvizhski,2036,base,B,0.0
r-puchavicki,2036,base,B,0.0
r-salihorski,2036,base,B,0.0
r-slucki,2036,base,B,-0.0
r-smalavicki,2036,base,B,0.0
r-staradarozhski,2036,base,B,0.0
r-staubcouski,2036,base,B,-0.0
r-uzdzienski,2036,base,B,0.0
r-chervienski,2036,base,B,-0.0
r-asipovicki,2036,base,B,-0.0
r-babrujski,2036,base,B,0.0
r-bychauski,2036,base,B,-0.0
r-bialynicki,2036,base,B,0.0
r-hluski,2036,base,B,-0.0
r-horacki,2036,base,B,-0.0
r-drybinski,2036,base,B,-0.0
r-kasciukovicki,2036,base,B,-0.0
r-kirauski,2036,base,B,0.0
r-klimavicki,2036,base,B,-0.0
r-klichauski,2036,base,B,-0.0
r-krasnapolski,2036,base,B,-0.0
r-kruhlanski,2036,base,B,0.0
r-krychauski,2036,base,B,0.0
r-mahilouski,2036,base,B,0.0
r-mscislauski,2036,base,B,-0.0
r-slauharadski,2036,base,B,-0.0
r-chocimski,2036,base,B,-0.0
r-chavuski,2036,base,B,0.0
r-cherykauski,2036,base,B,-0.0
r-shklouski,2036,base,B,0.0
BY-HM,2036,base,B,-0.0
r-baranavicki,2041,base,B,-0.0
r-brescki,2041,base,B,-0.0
r-biarozauski,2041,base,B,-0.0
r-hancavicki,2041,base,B,0.0
r-drahichynski,2041,base,B,0.0
r-zhabinkauski,2041,base,B,0.0
r-ivanauski,2041,base,B,0.0
r-ivacevicki,2041,base,B,-0.0
r-kamianiecki,2041,base,B,-0.0
r-kobrynski,2041,base,B,-0.0
r-luniniecki,2041,base,B,0.0
r-lachavicki,2041,base,B,-0.0
r-malarycki,2041,base,B,0.0
r-pinski,2041,base,B,0.0
r-pruzhanski,2041,base,B,-0.0
r-stolinski,2041,base,B,0.0
r-arshanski,2041,base,B,-0.0
r-bieshankovicki,2041,base,B,-0.0
r-braslauski,2041,base,B,0.0
r-vierchniadzvinski,2041,base,B,0.0
r-viciebski,2041,base,B,-0.0
r-haradocki,2041,base,B,-0.0
r-hlybocki,2041,base,B,-0.0
r-dokshycki,2041,base,B,0.0
r-dubrovienski,2041,base,B,0.0
r-loznienski,2041,base,B,0.0
r-lepielski,2041,base,B,0.0
r-mijorski,2041,base,B,0.0
r-pastauski,2041,base,B,0.0
r-polacki,2041,base,B,-0.0
r-rasonski,2041,base,B,0.0
r-siennienski,2041,base,B,0.0
r-talachynski,2041,base,B,0.0
r-ushacki,2041,base,B,0.0
r-chashnicki,2041,base,B,0.0
r-sharkoushchynski,2041,base,B,-0.0
r-shumilinski,2041,base,B,-0.0
r-akciabrski,2041,base,B,-0.0
r-brahinski,2041,base,B,-0.0
r-buda-kashalouski,2041,base,B,0.0
r-vietkauski,2041,base,B,0.0
r-homielski,2041,base,B,0.0
r-dobrushski,2041,base,B,0.0
r-jelski,2041,base,B,-0.0
r-zhlobinski,2041,base,B,0.0
r-zhytkavicki,2041,base,B,-0.0
r-kalinkavicki,2041,base,B,-0.0
r-karmianski,2041,base,B,0.0
r-lelchycki,2041,base,B,0.0
r-lojeuski,2041,base,B,0.0
r-mazyrski,2041,base,B,0.0
r-naraulanski,2041,base,B,-0.0
r-pietrykauski,2041,base,B,-0.0
r-rahachouski,2041,base,B,-0.0
r-rechycki,2041,base,B,0.0
r-svietlahorski,2041,base,B,0.0
r-chojnicki,2041,base,B,-0.0
r-chacherski,2041,base,B,0.0
r-astraviecki,2041,base,B,0.0
r-ashmianski,2041,base,B,0.0
r-bierastavicki,2041,base,B,-0.0
r-vaukavyski,2041,base,B,-0.0
r-voranauski,2041,base,B,-0.0
r-hrodzienski,2041,base,B,-0.0
r-dziatlauski,2041,base,B,-0.0
r-zelvienski,2041,base,B,0.0
r-iujeuski,2041,base,B,0.0
r-karelicki,2041,base,B,-0.0
r-lidski,2041,base,B,0.0
r-mastouski,2041,base,B,-0.0
r-navahrudski,2041,base,B,-0.0
r-svislacki,2041,base,B,-0.0
r-slonimski,2041,base,B,-0.0
r-smarhonski,2041,base,B,-0.0
r-shchuchynski,2041,base,B,0.0
r-barysauski,2041,base,B,0.0
r-biarezinski,2041,base,B,0.0
r-valozhynski,2041,base,B,0.0
r-vilejski,2041,base,B,-0.0
r-dziarzhynski,2041,base,B,-0.0
r-kapylski,2041,base,B,0.0
r-klecki,2041,base,B,0.0
r-krupski,2041,base,B,0.0
r-lahojski,2041,base,B,0.0
r-lubanski,2041,base,B,-0.0
r-maladziechanski,2041,base,B,0.0
r-minski,2041,base,B,0.0
r-miadzielski,2041,base,B,0.0
r-niasvizhski,2041,base,B,0.0
r-puchavicki,2041,base,B,-0.0
r-salihorski,2041,base,B,-0.0
r-slucki,2041,base,B,0.0
r-smalavicki,2041,base,B,-0.0
r-staradarozhski,2041,base,B,-0.0
r-staubcouski,2041,base,B,0.0
r-uzdzienski,2041,base,B,0.0
r-chervienski,2041,base,B,-0.0
r-asipovicki,2041,base,B,-0.0
r-babrujski,2041,base,B,0.0
r-bychauski,2041,base,B,0.0
r-bialynicki,2041,base,B,-0.0
r-hluski,2041,base,B,-0.0
r-horacki,2041,base,B,0.0
r-drybinski,2041,base,B,0.0
r-kasciukovicki,2041,base,B,0.0
r-kirauski,2041,base,B,-0.0
r-klimavicki,2041,base,B,0.0
r-klichauski,2041,base,B,0.0
r-krasnapolski,2041,base,B,-0.0
r-kruhlanski,2041,base,B,0.0
r-krychauski,2041,base,B,-0.0
r-mahilouski,2041,base,B,0.0
r-mscislauski,2041,base,B,-0.0
r-slauharadski,2041,base,B,0.0
r-chocimski,2041,base,B,-0.0
r-chavuski,2041,base,B,-0.0
r-cherykauski,2041,base,B,-0.0
r-shklouski,2041,base,B,0.0
BY-HM,2041,base,B,0.0
r-baranavicki,2046,base,B,0.0
r-brescki,2046,base,B,-0.0
r-biarozauski,2046,base,B,0.0
r-hancavicki,2046,base,B,0.0
r-drahichynski,2046,base,B,-0.0
r-zhabinkauski,2046,base,B,0.0
r-ivanauski,2046,base,B,0.0
r-ivacevicki,2046,base,B,-0.0
r-kamianiecki,2046,base,B,0.0
r-kobrynski,2046,base,B,0.0
r-luniniecki,2046,base,B,-0.0
r-lachavicki,2046,base,B,-0.0
r-malarycki,2046,base,B,-0.0
r-pinski,2046,base,B,-0.0
r-pruzhanski,2046,base,B,0.0
r-stolinski,2046,base,B,0.0
r-arshanski,2046,base,B,0.0
r-bieshankovicki,2046,base,B,-0.0
r-braslauski,2046,base,B,0.0
r-vierchniadzvinski,2046,base,B,0.0
r-viciebski,2046,base,B,-0.0
r-haradocki,2046,base,B,0.0
r-hlybocki,2046,base,B,0.0
r-dokshycki,2046,base,B,-0.0
r-dubrovienski,2046,base,B,0.0
r-loznienski,2046,base,B,-0.0
r-lepielski,2046,base,B,0.0
r-mijorski,2046,base,B,0.0
r-pastauski,2046,base,B,-0.0
r-polacki,2046,base,B,0.0
r-rasonski,2046,base,B,-0.0
r-siennienski,2046,base,B,-0.0
r-talachynski,2046,base,B,0.0
r-ushacki,2046,base,B,0.0
r-chashnicki,2046,base,B,0.0
r-sharkoushchynski,2046,base,B,-0.0
r-shumilinski,2046,base,B,0.0
r-akciabrski,2046,base,B,0.0
r-brahinski,2046,base,B,0.0
r-buda-kashalouski,2046,base,B,0.0
r-vietkauski,2046,base,B,-0.0
r-homielski,2046,base,B,-0.0
r-dobrushski,2046,base,B,-0.0
r-jelski,2046,base,B,0.0
r-zhlobinski,2046,base,B,0.0
r-zhytkavicki,2046,base,B,-0.0
r-kalinkavicki,2046,base,B,-0.0
r-karmianski,2046,base,B,-0.0
r-lelchycki,2046,base,B,-0.0
r-lojeuski,2046,base,B,0.0
r-mazyrski,2046,base,B,-0.0
r-naraulanski,2046,base,B,-0.0
r-pietrykauski,2046,base,B,-0.0
r-rahachouski,2046,base,B,0.0
r-rechycki,2046,base,B,-0.0
r-svietlahorski,2046,base,B,-0.0
r-chojnicki,2046,base,B,0.0
r-chacherski,2046,base,B,0.0
r-astraviecki,2046,base,B,-0.0
r-ashmianski,2046,base,B,0.0
r-bierastavicki,2046,base,B,-0.0
r-vaukavyski,2046,base,B,-0.0
r-voranauski,2046,base,B,-0.0
r-hrodzienski,2046,base,B,-0.0
r-dziatlauski,2046,base,B,0.0
r-zelvienski,2046,base,B,0.0
r-iujeuski,2046,base,B,0.0
r-karelicki,2046,base,B,-0.0
r-lidski,2046,base,B,-0.0
r-mastouski,2046,base,B,-0.0
r-navahrudski,2046,base,B,-0.0
r-svislacki,2046,base,B,-0.0
r-slonimski,2046,base,B,0.0
r-smarhonski,2046,base,B,0.0
r-shchuchynski,2046,base,B,0.0
r-barysauski,2046,base,B,-0.0
r-biarezinski,2046,base,B,-0.0
r-valozhynski,2046,base,B,-0.0
r-vilejski,2046,base,B,-0.0
r-dziarzhynski,2046,base,B,0.0
r-kapylski,2046,base,B,0.0
r-klecki,2046,base,B,-0.0
r-krupski,2046,base,B,0.0
r-lahojski,2046,base,B,-0.0
r-lubanski,2046,base,B,0.0
r-maladziechanski,2046,base,B,-0.0
r-minski,2046,base,B,-0.0
r-miadzielski,2046,base,B,0.0
r-niasvizhski,2046,base,B,0.0
r-puchavicki,2046,base,B,-0.0
r-salihorski,2046,base,B,0.0
r-slucki,2046,base,B,0.0
r-smalavicki,2046,base,B,0.0
r-staradarozhski,2046,base,B,-0.0
r-staubcouski,2046,base,B,-0.0
r-uzdzienski,2046,base,B,-0.0
r-chervienski,2046,base,B,-0.0
r-asipovicki,2046,base,B,0.0
r-babrujski,2046,base,B,0.0
r-bychauski,2046,base,B,0.0
r-bialynicki,2046,base,B,0.0
r-hluski,2046,base,B,-0.0
r-horacki,2046,base,B,-0.0
r-drybinski,2046,base,B,0.0
r-kasciukovicki,2046,base,B,-0.0
r-kirauski,2046,base,B,0.0
r-klimavicki,2046,base,B,0.0
r-klichauski,2046,base,B,0.0
r-krasnapolski,2046,base,B,-0.0
r-kruhlanski,2046,base,B,-0.0
r-krychauski,2046,base,B,-0.0
r-mahilouski,2046,base,B,-0.0
r-mscislauski,2046,base,B,-0.0
r-slauharadski,2046,base,B,0.0
r-chocimski,2046,base,B,-0.0
r-chavuski,2046,base,B,-0.0
r-cherykauski,2046,base,B,0.0
r-shklouski,2046,base,B,-0.0
BY-HM,2046,base,B,0.0
r-baranavicki,2050,base,B,0.0
r-brescki,2050,base,B,0.0
r-biarozauski,2050,base,B,0.0
r-hancavicki,2050,base,B,-0.0
r-drahichynski,2050,base,B,-0.0
r-zhabinkauski,2050,base,B,0.0
r-ivanauski,2050,base,B,0.0
r-ivacevicki,2050,base,B,0.0
r-kamianiecki,2050,base,B,0.0
r-kobrynski,2050,base,B,0.0
r-luniniecki,2050,base,B,0.0
r-lachavicki,2050,base,B,0.0
r-malarycki,2050,base,B,0.0
r-pinski,2050,base,B,0.0
r-pruzhanski,2050,base,B,-0.0
r-stolinski,2050,base,B,0.0
r-arshanski,2050,base,B,0.0
r-bieshankovicki,2050,base,B,-0.0
r-braslauski,2050,base,B,0.0
r-vierchniadzvinski,2050,base,B,0.0
r-viciebski,2050,base,B,-0.0
r-haradocki,2050,base,B,0.0
r-hlybocki,2050,base,B,0.0
r-dokshycki,2050,base,B,-0.0
r-dubrovienski,2050,base,B,0.0
r-loznienski,2050,base,B,0.0
r-lepielski,2050,base,B,0.0
r-mijorski,2050,base,B,-0.0
r-pastauski,2050,base,B,0.0
r-polacki,2050,base,B,-0.0
r-rasonski,2050,base,B,0.0
r-siennienski,2050,base,B,0.0
r-talachynski,2050,base,B,0.0
r-ushacki,2050,base,B,-0.0
r-chashnicki,2050,base,B,-0.0
r-sharkoushchynski,2050,base,B,0.0
r-shumilinski,2050,base,B,0.0
r-akciabrski,2050,base,B,-0.0
r-brahinski,2050,base,B,-0.0
r-buda-kashalouski,2050,base,B,-0.0
r-vietkauski,2050,base,B,-0.0
r-homielski,2050,base,B,-0.0
r-dobrushski,2050,base,B,0.0
r-jelski,2050,base,B,-0.0
r-zhlobinski,2050,base,B,0.0
r-zhytkavicki,2050,base,B,0.0
r-kalinkavicki,2050,base,B,-0.0
r-karmianski,2050,base,B,-0.0
r-lelchycki,2050,base,B,0.0
r-lojeuski,2050,base,B,0.0
r-mazyrski,2050,base,B,0.0
r-naraulanski,2050,base,B,0.0
r-pietrykauski,2050,base,B,0.0
r-rahachouski,2050,base,B,0.0
r-rechycki,2050,base,B,-0.0
r-svietlahorski,2050,base,B,-0.0
r-chojnicki,2050,base,B,-0.0
r-chacherski,2050,base,B,-0.0
r-astraviecki,2050,base,B,0.0
r-ashmianski,2050,base,B,-0.0
r-bierastavicki,2050,base,B,0.0
r-vaukavyski,2050,base,B,0.0
r-voranauski,2050,base,B,0.0
r-hrodzienski,2050,base,B,-0.0
r-dziatlauski,2050,base,B,0.0
r-zelvienski,2050,base,B,0.0
r-iujeuski,2050,base,B,0.0
r-karelicki,2050,base,B,0.0
r-lidski,2050,base,B,0.0
r-mastouski,2050,base,B,0.0
r-navahrudski,2050,base,B,0.0
r-svislacki,2050,base,B,0.0
r-slonimski,2050,base,B,-0.0
r-smarhonski,2050,base,B,-0.0
r-shchuchynski,2050,base,B,0.0
r-barysauski,2050,base,B,-0.0
r-biarezinski,2050,base,B,-0.0
r-valozhynski,2050,base,B,-0.0
r-vilejski,2050,base,B,0.0
r-dziarzhynski,2050,base,B,0.0
r-kapylski,2050,base,B,0.0
r-klecki,2050,base,B,0.0
r-krupski,2050,base,B,0.0
r-lahojski,2050,base,B,-0.0
r-lubanski,2050,base,B,0.0
r-maladziechanski,2050,base,B,-0.0
r-minski,2050,base,B,-0.0
r-miadzielski,2050,base,B,0.0
r-niasvizhski,2050,base,B,0.0
r-puchavicki,2050,base,B,-0.0
r-salihorski,2050,base,B,0.0
r-slucki,2050,base,B,0.0
r-smalavicki,2050,base,B,-0.0
r-staradarozhski,2050,base,B,-0.0
r-staubcouski,2050,base,B,-0.0
r-uzdzienski,2050,base,B,0.0
r-chervienski,2050,base,B,0.0
r-asipovicki,2050,base,B,0.0
r-babrujski,2050,base,B,0.0
r-bychauski,2050,base,B,0.0
r-bialynicki,2050,base,B,0.0
r-hluski,2050,base,B,0.0
r-horacki,2050,base,B,-0.0
r-drybinski,2050,base,B,0.0
r-kasciukovicki,2050,base,B,0.0
r-kirauski,2050,base,B,0.0
r-klimavicki,2050,base,B,-0.0
r-klichauski,2050,base,B,-0.0
r-krasnapolski,2050,base,B,-0.0
r-kruhlanski,2050,base,B,0.0
r-krychauski,2050,base,B,-0.0
r-mahilouski,2050,base,B,0.0
r-mscislauski,2050,base,B,-0.0
r-slauharadski,2050,base,B,0.0
r-chocimski,2050,base,B,-0.0
r-chavuski,2050,base,B,-0.0
r-cherykauski,2050,base,B,0.0
r-shklouski,2050,base,B,0.0
BY-HM,2050,base,B,-0.0
r-baranavicki,2026,optimistic,A,0.0
r-brescki,2026,optimistic,A,0.0
r-biarozauski,2026,optimistic,A,-0.0
r-hancavicki,2026,optimistic,A,-0.0
r-drahichynski,2026,optimistic,A,-0.0
r-zhabinkauski,2026,optimistic,A,0.0
r-ivanauski,2026,optimistic,A,0.0
r-ivacevicki,2026,optimistic,A,-0.0
r-kamianiecki,2026,optimistic,A,-0.0
r-kobrynski,2026,optimistic,A,0.0
r-luniniecki,2026,optimistic,A,0.0
r-lachavicki,2026,optimistic,A,-0.0
r-malarycki,2026,optimistic,A,-0.0
r-pinski,2026,optimistic,A,-0.0
r-pruzhanski,2026,optimistic,A,-0.0
r-stolinski,2026,optimistic,A,0.0
r-arshanski,2026,optimistic,A,-0.0
r-bieshankovicki,2026,optimistic,A,0.0
r-braslauski,2026,optimistic,A,0.0
r-vierchniadzvinski,2026,optimistic,A,0.0
r-viciebski,2026,optimistic,A,-0.0
r-haradocki,2026,optimistic,A,-0.0
r-hlybocki,2026,optimistic,A,0.0
r-dokshycki,2026,optimistic,A,0.0
r-dubrovienski,2026,optimistic,A,-0.0
r-loznienski,2026,optimistic,A,-0.0
r-lepielski,2026,optimistic,A,-0.0
r-mijorski,2026,optimistic,A,-0.0
r-pastauski,2026,optimistic,A,0.0
r-polacki,2026,optimistic,A,-0.0
r-rasonski,2026,optimistic,A,-0.0
r-siennienski,2026,optimistic,A,-0.0
r-talachynski,2026,optimistic,A,-0.0
r-ushacki,2026,optimistic,A,0.0
r-chashnicki,2026,optimistic,A,0.0
r-sharkoushchynski,2026,optimistic,A,-0.0
r-shumilinski,2026,optimistic,A,0.0
r-akciabrski,2026,optimistic,A,-0.0
r-brahinski,2026,optimistic,A,-0.0
r-buda-kashalouski,2026,optimistic,A,0.0
r-vietkauski,2026,optimistic,A,-0.0
r-homielski,2026,optimistic,A,0.0
r-dobrushski,2026,optimistic,A,-0.0
r-jelski,2026,optimistic,A,0.0
r-zhlobinski,2026,optimistic,A,0.0
r-zhytkavicki,2026,optimistic,A,-0.0
r-kalinkavicki,2026,optimistic,A,-0.0
r-karmianski,2026,optimistic,A,-0.0
r-lelchycki,2026,optimistic,A,-0.0
r-lojeuski,2026,optimistic,A,0.0
r-mazyrski,2026,optimistic,A,-0.0
r-naraulanski,2026,optimistic,A,0.0
r-pietrykauski,2026,optimistic,A,-0.0
r-rahachouski,2026,optimistic,A,-0.0
r-rechycki,2026,optimistic,A,0.0
r-svietlahorski,2026,optimistic,A,0.0
r-chojnicki,2026,optimistic,A,0.0
r-chacherski,2026,optimistic,A,0.0
r-astraviecki,2026,optimistic,A,-0.0
r-ashmianski,2026,optimistic,A,0.0
r-bierastavicki,2026,optimistic,A,-0.0
r-vaukavyski,2026,optimistic,A,0.0
r-voranauski,2026,optimistic,A,-0.0
r-hrodzienski,2026,optimistic,A,-0.0
r-dziatlauski,2026,optimistic,A,0.0
r-zelvienski,2026,optimistic,A,-0.0
r-iujeuski,2026,optimistic,A,-0.0
r-karelicki,2026,optimistic,A,0.0
r-lidski,2026,optimistic,A,-0.0
r-mastouski,2026,optimistic,A,0.0
r-navahrudski,2026,optimistic,A,0.0
r-svislacki,2026,optimistic,A,-0.0
r-slonimski,2026,optimistic,A,-0.0
r-smarhonski,2026,optimistic,A,0.0
r-shchuchynski,2026,optimistic,A,-0.0
r-barysauski,2026,optimistic,A,-0.0
r-biarezinski,2026,optimistic,A,0.0
r-valozhynski,2026,optimistic,A,0.0
r-vilejski,2026,optimistic,A,0.0
r-dziarzhynski,2026,optimistic,A,-0.0
r-kapylski,2026,optimistic,A,-0.0
r-klecki,2026,optimistic,A,0.0
r-krupski,2026,optimistic,A,0.0
r-lahojski,2026,optimistic,A,0.0
r-lubanski,2026,optimistic,A,-0.0
r-maladziechanski,2026,optimistic,A,-0.0
r-minski,2026,optimistic,A,-0.0
r-miadzielski,2026,optimistic,A,0.0
r-niasvizhski,2026,optimistic,A,0.0
r-puchavicki,2026,optimistic,A,0.0
r-salihorski,2026,optimistic,A,0.0
r-slucki,2026,optimistic,A,-0.0
r-smalavicki,2026,optimistic,A,-0.0
r-staradarozhski,2026,optimistic,A,0.0
r-staubcouski,2026,optimistic,A,0.0
r-uzdzienski,2026,optimistic,A,-0.0
r-chervienski,2026,optimistic,A,-0.0
r-asipovicki,2026,optimistic,A,-0.0
r-babrujski,2026,optimistic,A,0.0
r-bychauski,2026,optimistic,A,0.0
r-bialynicki,2026,optimistic,A,-0.0
r-hluski,2026,optimistic,A,0.0
r-horacki,2026,optimistic,A,0.0
r-drybinski,2026,optimistic,A,0.0
r-kasciukovicki,2026,optimistic,A,-0.0
r-kirauski,2026,optimistic,A,-0.0
r-klimavicki,2026,optimistic,A,0.0
r-klichauski,2026,optimistic,A,0.0
r-krasnapolski,2026,optimistic,A,0.0
r-kruhlanski,2026,optimistic,A,0.0
r-krychauski,2026,optimistic,A,-0.0
r-mahilouski,2026,optimistic,A,0.0
r-mscislauski,2026,optimistic,A,0.0
r-slauharadski,2026,optimistic,A,0.0
r-chocimski,2026,optimistic,A,0.0
r-chavuski,2026,optimistic,A,0.0
r-cherykauski,2026,optimistic,A,0.0
r-shklouski,2026,optimistic,A,-0.0
BY-HM,2026,optimistic,A,-0.0
r-baranavicki,2031,optimistic,A,0.0
r-brescki,2031,optimistic,A,-0.0
r-biarozauski,2031,optimistic,A,-0.0
r-hancavicki,2031,optimistic,A,0.0
r-drahichynski,2031,optimistic,A,0.0
r-zhabinkauski,2031,optimistic,A,-0.0
r-ivanauski,2031,optimistic,A,0.0
r-ivacevicki,2031,optimistic,A,-0.0
r-kamianiecki,2031,optimistic,A,0.0
r-kobrynski,2031,optimistic,A,0.0
r-luniniecki,2031,optimistic,A,-0.0
r-lachavicki,2031,optimistic,A,-0.0
r-malarycki,2031,optimistic,A,0.0
r-pinski,2031,optimistic,A,0.0
r-pruzhanski,2031,optimistic,A,0.0
r-stolinski,2031,optimistic,A,0.0
r-arshanski,2031,optimistic,A,0.0
r-bieshankovicki,2031,optimistic,A,0.0
r-braslauski,2031,optimistic,A,0.0
r-vierchniadzvinski,2031,optimistic,A,0.0
r-viciebski,2031,optimistic,A,-0.0
r-haradocki,2031,optimistic,A,0.0
r-hlybocki,2031,optimistic,A,0.0
r-dokshycki,2031,optimistic,A,0.0
r-dubrovienski,2031,optimistic,A,0.0
r-loznienski,2031,optimistic,A,-0.0
r-lepielski,2031,optimistic,A,0.0
r-mijorski,2031,optimistic,A,0.0
r-pastauski,2031,optimistic,A,-0.0
r-polacki,2031,optimistic,A,0.0
r-rasonski,2031,optimistic,A,-0.0
r-siennienski,2031,optimistic,A,0.0
r-talachynski,2031,optimistic,A,-0.0
r-ushacki,2031,optimistic,A,-0.0
r-chashnicki,2031,optimistic,A,0.0
r-sharkoushchynski,2031,optimistic,A,-0.0
r-shumilinski,2031,optimistic,A,-0.0
r-akciabrski,2031,optimistic,A,0.0
r-brahinski,2031,optimistic,A,-0.0
r-buda-kashalouski,2031,optimistic,A,-0.0
r-vietkauski,2031,optimistic,A,-0.0
r-homielski,2031,optimistic,A,0.0
r-dobrushski,2031,optimistic,A,-0.0
r-jelski,2031,optimistic,A,-0.0
r-zhlobinski,2031,optimistic,A,-0.0
r-zhytkavicki,2031,optimistic,A,-0.0
r-kalinkavicki,2031,optimistic,A,-0.0
r-karmianski,2031,optimistic,A,-0.0
r-lelchycki,2031,optimistic,A,-0.0
r-lojeuski,2031,optimistic,A,0.0
r-mazyrski,2031,optimistic,A,0.0
r-naraulanski,2031,optimistic,A,0.0
r-pietrykauski,2031,optimistic,A,-0.0
r-rahachouski,2031,optimistic,A,0.0
r-rechycki,2031,optimistic,A,0.0
r-svietlahorski,2031,optimistic,A,-0.0
r-chojnicki,2031,optimistic,A,0.0
r-chacherski,2031,optimistic,A,0.0
r-astraviecki,2031,optimistic,A,0.0
r-ashmianski,2031,optimistic,A,0.0
r-bierastavicki,2031,optimistic,A,0.0
r-vaukavyski,2031,optimistic,A,-0.0
r-voranauski,2031,optimistic,A,0.0
r-hrodzienski,2031,optimistic,A,-0.0
r-dziatlauski,2031,optimistic,A,0.0
r-zelvienski,2031,optimistic,A,-0.0
r-iujeuski,2031,optimistic,A,0.0
r-karelicki,2031,optimistic,A,0.0
r-lidski,2031,optimistic,A,0.0
r-mastouski,2031,optimistic,A,0.0
r-navahrudski,2031,optimistic,A,-0.0
r-svislacki,2031,optimistic,A,-0.0
r-slonimski,2031,optimistic,A,0.0
r-smarhonski,2031,optimistic,A,0.0
r-shchuchynski,2031,optimistic,A,0.0
r-barysauski,2031,optimistic,A,-0.0
r-biarezinski,2031,optimistic,A,0.0
r-valozhynski,2031,optimistic,A,0.0
r-vilejski,2031,optimistic,A,0.0
r-dziarzhynski,2031,optimistic,A,-0.0
r-kapylski,2031,optimistic,A,-0.0
r-klecki,2031,optimistic,A,0.0
r-krupski,2031,optimistic,A,-0.0
r-lahojski,2031,optimistic,A,-0.0
r-lubanski,2031,optimistic,A,0.0
r-maladziechanski,2031,optimistic,A,0.0
r-minski,2031,optimistic,A,0.0
r-miadzielski,2031,optimistic,A,0.0
r-niasvizhski,2031,optimistic,A,0.0
r-puchavicki,2031,optimistic,A,0.0
r-salihorski,2031,optimistic,A,0.0
r-slucki,2031,optimistic,A,0.0
r-smalavicki,2031,optimistic,A,0.0
r-staradarozhski,2031,optimistic,A,-0.0
r-staubcouski,2031,optimistic,A,0.0
r-uzdzienski,2031,optimistic,A,-0.0
r-chervienski,2031,optimistic,A,0.0
r-asipovicki,2031,optimistic,A,0.0
r-babrujski,2031,optimistic,A,0.0
r-bychauski,2031,optimistic,A,0.0
r-bialynicki,2031,optimistic,A,0.0
r-hluski,2031,optimistic,A,-0.0
r-horacki,2031,optimistic,A,-0.0
r-drybinski,2031,optimistic,A,0.0
r-kasciukovicki,2031,optimistic,A,0.0
r-kirauski,2031,optimistic,A,0.0
r-klimavicki,2031,optimistic,A,0.0
r-klichauski,2031,optimistic,A,0.0
r-krasnapolski,2031,optimistic,A,0.0
r-kruhlanski,2031,optimistic,A,0.0
r-krychauski,2031,optimistic,A,-0.0
r-mahilouski,2031,optimistic,A,0.0
r-mscislauski,2031,optimistic,A,0.0
r-slauharadski,2031,optimistic,A,-0.0
r-chocimski,2031,optimistic,A,-0.0
r-chavuski,2031,optimistic,A,0.0
r-cherykauski,2031,optimistic,A,0.0
r-shklouski,2031,optimistic,A,-0.0
BY-HM,2031,optimistic,A,0.0
r-baranavicki,2036,optimistic,A,-0.0
r-brescki,2036,optimistic,A,-0.0
r-biarozauski,2036,optimistic,A,-0.0
r-hancavicki,2036,optimistic,A,-0.0
r-drahichynski,2036,optimistic,A,-0.0
r-zhabinkauski,2036,optimistic,A,-0.0
r-ivanauski,2036,optimistic,A,0.0
r-ivacevicki,2036,optimistic,A,-0.0
r-kamianiecki,2036,optimistic,A,0.0
r-kobrynski,2036,optimistic,A,0.0
r-luniniecki,2036,optimistic,A,-0.0
r-lachavicki,2036,optimistic,A,0.0
r-malarycki,2036,optimistic,A,-0.0
r-pinski,2036,optimistic,A,-0.0
r-pruzhanski,2036,optimistic,A,-0.0
r-stolinski,2036,optimistic,A,-0.0
r-arshanski,2036,optimistic,A,0.0
r-bieshankovicki,2036,optimistic,A,-0.0
r-braslauski,2036,optimistic,A,0.0
r-vierchniadzvinski,2036,optimistic,A,0.0
r-viciebski,2036,optimistic,A,0.0
r-haradocki,2036,optimistic,A,0.0
r-hlybocki,2036,optimistic,A,-0.0
r-dokshycki,2036,optimistic,A,-0.0
r-dubrovienski,2036,optimistic,A,0.0
r-loznienski,2036,optimistic,A,0.0
r-lepielski,2036,optimistic,A,0.0
r-mijorski,2036,optimistic,A,0.0
r-pastauski,2036,optimistic,A,0.0
r-polacki,2036,optimistic,A,0.0
r-rasonski,2036,optimistic,A,0.0
r-siennienski,2036,optimistic,A,0.0
r-talachynski,2036,optimistic,A,0.0
r-ushacki,2036,optimistic,A,0.0
r-chashnicki,2036,optimistic,A,-0.0
r-sharkoushchynski,2036,optimistic,A,0.0
r-shumilinski,2036,optimistic,A,0.0
r-akciabrski,2036,optimistic,A,-0.0
r-brahinski,2036,optimistic,A,0.0
r-buda-kashalouski,2036,optimistic,A,0.0
r-vietkauski,2036,optimistic,A,-0.0
r-homielski,2036,optimistic,A,0.0
r-dobrushski,2036,optimistic,A,0.0
r-jelski,2036,optimistic,A,-0.0
r-zhlobinski,2036,optimistic,A,-0.0
r-zhytkavicki,2036,optimistic,A,-0.0
r-kalinkavicki,2036,optimistic,A,-0.0
r-karmianski,2036,optimistic,A,-0.0
r-lelchycki,2036,optimistic,A,0.0
r-lojeuski,2036,optimistic,A,-0.0
r-mazyrski,2036,optimistic,A,0.0
r-naraulanski,2036,optimistic,A,-0.0
r-pietrykauski,2036,optimistic,A,-0.0
r-rahachouski,2036,optimistic,A,-0.0
r-rechycki,2036,optimistic,A,0.0
r-svietlahorski,2036,optimistic,A,-0.0
r-chojnicki,2036,optimistic,A,-0.0
r-chacherski,2036,optimistic,A,0.0
r-astraviecki,2036,optimistic,A,0.0
r-ashmianski,2036,optimistic,A,-0.0
r-bierastavicki,2036,optimistic,A,0.0
r-vaukavyski,2036,optimistic,A,0.0
r-voranauski,2036,optimistic,A,-0.0
r-hrodzienski,2036,optimistic,A,0.0
r-dziatlauski,2036,optimistic,A,-0.0
r-zelvienski,2036,optimistic,A,-0.0
r-iujeuski,2036,optimistic,A,0.0
r-karelicki,2036,optimistic,A,-0.0
r-lidski,2036,optimistic,A,0.0
r-mastouski,2036,optimistic,A,0.0
r-navahrudski,2036,optimistic,A,0.0
r-svislacki,2036,optimistic,A,-0.0
r-slonimski,2036,optimistic,A,0.0
r-smarhonski,2036,optimistic,A,0.0
r-shchuchynski,2036,optimistic,A,0.0
r-barysauski,2036,optimistic,A,0.0
r-biarezinski,2036,optimistic,A,-0.0
r-valozhynski,2036,optimistic,A,0.0
r-vilejski,2036,optimistic,A,-0.0
r-dziarzhynski,2036,optimistic,A,0.0
r-kapylski,2036,optimistic,A,-0.0
r-klecki,2036,optimistic,A,0.0
r-krupski,2036,optimistic,A,-0.0
r-lahojski,2036,optimistic,A,0.0
r-lubanski,2036,optimistic,A,-0.0
r-maladziechanski,2036,optimistic,A,0.0
r-minski,2036,optimistic,A,-0.0
r-miadzielski,2036,optimistic,A,-0.0
r-niasvizhski,2036,optimistic,A,-0.0
r-puchavicki,2036,optimistic,A,-0.0
r-salihorski,2036,optimistic,A,-0.0
r-slucki,2036,optimistic,A,0.0
r-smalavicki,2036,optimistic,A,-0.0
r-staradarozhski,2036,optimistic,A,-0.0
r-staubcouski,2036,optimistic,A,-0.0
r-uzdzienski,2036,optimistic,A,-0.0
r-chervienski,2036,optimistic,A,0.0
r-asipovicki,2036,optimistic,A,0.0
r-babrujski,2036,optimistic,A,-0.0
r-bychauski,2036,optimistic,A,0.0
r-bialynicki,2036,optimistic,A,-0.0
r-hluski,2036,optimistic,A,0.0
r-horacki,2036,optimistic,A,-0.0
r-drybinski,2036,optimistic,A,0.0
r-kasciukovicki,2036,optimistic,A,0.0
r-kirauski,2036,optimistic,A,0.0
r-klimavicki,2036,optimistic,A,0.0
r-klichauski,2036,optimistic,A,-0.0
r-krasnapolski,2036,optimistic,A,-0.0
r-kruhlanski,2036,optimistic,A,0.0
r-krychauski,2036,optimistic,A,-0.0
r-mahilouski,2036,optimistic,A,0.0
r-mscislauski,2036,optimistic,A,-0.0
r-slauharadski,2036,optimistic,A,0.0
r-chocimski,2036,optimistic,A,-0.0
r-chavuski,2036,optimistic,A,-0.0
r-cherykauski,2036,optimistic,A,0.0
r-shklouski,2036,optimistic,A,0.0
BY-HM,2036,optimistic,A,0.0
r-baranavicki,2041,optimistic,A,-0.0
r-brescki,2041,optimistic,A,-0.0
r-biarozauski,2041,optimistic,A,0.0
r-hancavicki,2041,optimistic,A,-0.0
r-drahichynski,2041,optimistic,A,0.0
r-zhabinkauski,2041,optimistic,A,0.0
r-ivanauski,2041,optimistic,A,-0.0
r-ivacevicki,2041,optimistic,A,0.0
r-kamianiecki,2041,optimistic,A,-0.0
r-kobrynski,2041,optimistic,A,-0.0
r-luniniecki,2041,optimistic,A,-0.0
r-lachavicki,2041,optimistic,A,-0.0
r-malarycki,2041,optimistic,A,0.0
r-pinski,2041,optimistic,A,0.0
r-pruzhanski,2041,optimistic,A,-0.0
r-stolinski,2041,optimistic,A,-0.0
r-arshanski,2041,optimistic,A,-0.0
r-bieshankovicki,2041,optimistic,A,0.0
r-braslauski,2041,optimistic,A,0.0
r-vierchniadzvinski,2041,optimistic,A,0.0
r-viciebski,2041,optimistic,A,0.0
r-haradocki,2041,optimistic,A,-0.0
r-hlybocki,2041,optimistic,A,-0.0
r-dokshycki,2041,optimistic,A,0.0
r-dubrovienski,2041,optimistic,A,-0.0
r-loznienski,2041,optimistic,A,0.0
r-lepielski,2041,optimistic,A,-0.0
r-mijorski,2041,optimistic,A,-0.0
r-pastauski,2041,optimistic,A,-0.0
r-polacki,2041,optimistic,A,-0.0
r-rasonski,2041,optimistic,A,-0.0
r-siennienski,2041,optimistic,A,-0.0
r-talachynski,2041,optimistic,A,-0.0
r-ushacki,2041,optimistic,A,0.0
r-chashnicki,2041,optimistic,A,-0.0
r-sharkoushchynski,2041,optimistic,A,0.0
r-shumilinski,2041,optimistic,A,0.0
r-akciabrski,2041,optimistic,A,0.0
r-brahinski,2041,optimistic,A,-0.0
r-buda-kashalouski,2041,optimistic,A,0.0
r-vietkauski,2041,optimistic,A,0.0
r-homielski,2041,optimistic,A,0.0
r-dobrushski,2041,optimistic,A,0.0
r-jelski,2041,optimistic,A,0.0
r-zhlobinski,2041,optimistic,A,0.0
r-zhytkavicki,2041,optimistic,A,-0.0
r-kalinkavicki,2041,optimistic,A,-0.0
r-karmianski,2041,optimistic,A,-0.0
r-lelchycki,2041,optimistic,A,-0.0
r-lojeuski,2041,optimistic,A,-0.0
r-mazyrski,2041,optimistic,A,-0.0
r-naraulanski,2041,optimistic,A,-0.0
r-pietrykauski,2041,optimistic,A,0.0
r-rahachouski,2041,optimistic,A,-0.0
r-rechycki,2041,optimistic,A,0.0
r-svietlahorski,2041,optimistic,A,0.0
r-chojnicki,2041,optimistic,A,-0.0
r-chacherski,2041,optimistic,A,0.0
r-astraviecki,2041,optimistic,A,0.0
r-ashmianski,2041,optimistic,A,0.0
r-bierastavicki,2041,optimistic,A,-0.0
r-vaukavyski,2041,optimistic,A,-0.0
r-voranauski,2041,optimistic,A,-0.0
r-hrodzienski,2041,optimistic,A,-0.0
r-dziatlauski,2041,optimistic,A,-0.0
r-zelvienski,2041,optimistic,A,0.0
r-iujeuski,2041,optimistic,A,-0.0
r-karelicki,2041,optimistic,A,0.0
r-lidski,2041,optimistic,A,0.0
r-mastouski,2041,optimistic,A,-0.0
r-navahrudski,2041,optimistic,A,0.0
r-svislacki,2041,optimistic,A,0.0
r-slonimski,2041,optimistic,A,-0.0
r-smarhonski,2041,optimistic,A,0.0
r-shchuchynski,2041,optimistic,A,0.0
r-barysauski,2041,optimistic,A,-0.0
r-biarezinski,2041,optimistic,A,-0.0
r-valozhynski,2041,optimistic,A,0.0
r-vilejski,2041,optimistic,A,-0.0
r-dziarzhynski,2041,optimistic,A,0.0
r-kapylski,2041,optimistic,A,-0.0
r-klecki,2041,optimistic,A,-0.0
r-krupski,2041,optimistic,A,0.0
r-lahojski,2041,optimistic,A,0.0
r-lubanski,2041,optimistic,A,-0.0
r-maladziechanski,2041,optimistic,A,-0.0
r-minski,2041,optimistic,A,0.0
r-miadzielski,2041,optimistic,A,0.0
r-niasvizhski,2041,optimistic,A,0.0
r-puchavicki,2041,optimistic,A,0.0
r-salihorski,2041,optimistic,A,0.0
r-slucki,2041,optimistic,A,0.0
r-smalavicki,2041,optimistic,A,-0.0
r-staradarozhski,2041,optimistic,A,-0.0
r-staubcouski,2041,optimistic,A,0.0
r-uzdzienski,2041,optimistic,A,0.0
r-chervienski,2041,optimistic,A,-0.0
r-asipovicki,2041,optimistic,A,0.0
r-babrujski,2041,optimistic,A,-0.0
r-bychauski,2041,optimistic,A,0.0
r-bialynicki,2041,optimistic,A,-0.0
r-hluski,2041,optimistic,A,-0.0
r-horacki,2041,optimistic,A,0.0
r-drybinski,2041,optimistic,A,0.0
r-kasciukovicki,2041,optimistic,A,0.0
r-kirauski,2041,optimistic,A,0.0
r-klimavicki,2041,optimistic,A,0.0
r-klichauski,2041,optimistic,A,0.0
r-krasnapolski,2041,optimistic,A,0.0
r-kruhlanski,2041,optimistic,A,0.0
r-krychauski,2041,optimistic,A,0.0
r-mahilouski,2041,optimistic,A,0.0
r-mscislauski,2041,optimistic,A,0.0
r-slauharadski,2041,optimistic,A,0.0
r-chocimski,2041,optimistic,A,0.0
r-chavuski,2041,optimistic,A,-0.0
r-cherykauski,2041,optimistic,A,0.0
r-shklouski,2041,optimistic,A,0.0
BY-HM,2041,optimistic,A,0.0
r-baranavicki,2046,optimistic,A,0.0
r-brescki,2046,optimistic,A,0.0
r-biarozauski,2046,optimistic,A,0.0
r-hancavicki,2046,optimistic,A,0.0
r-drahichynski,2046,optimistic,A,0.0
r-zhabinkauski,2046,optimistic,A,-0.0
r-ivanauski,2046,optimistic,A,0.0
r-ivacevicki,2046,optimistic,A,0.0
r-kamianiecki,2046,optimistic,A,0.0
r-kobrynski,2046,optimistic,A,0.0
r-luniniecki,2046,optimistic,A,0.0
r-lachavicki,2046,optimistic,A,-0.0
r-malarycki,2046,optimistic,A,-0.0
r-pinski,2046,optimistic,A,-0.0
r-pruzhanski,2046,optimistic,A,-0.0
r-stolinski,2046,optimistic,A,-0.0
r-arshanski,2046,optimistic,A,0.0
r-bieshankovicki,2046,optimistic,A,-0.0
r-braslauski,2046,optimistic,A,0.0
r-vierchniadzvinski,2046,optimistic,A,-0.0
r-viciebski,2046,optimistic,A,-0.0
r-haradocki,2046,optimistic,A,0.0
r-hlybocki,2046,optimistic,A,-0.0
r-dokshycki,2046,optimistic,A,-0.0
r-dubrovienski,2046,optimistic,A,-0.0
r-loznienski,2046,optimistic,A,0.0
r-lepielski,2046,optimistic,A,-0.0
r-mijorski,2046,optimistic,A,0.0
r-pastauski,2046,optimistic,A,0.0
r-polacki,2046,optimistic,A,0.0
r-rasonski,2046,optimistic,A,0.0
r-siennienski,2046,optimistic,A,-0.0
r-talachynski,2046,optimistic,A,-0.0
r-ushacki,2046,optimistic,A,-0.0
r-chashnicki,2046,optimistic,A,0.0
r-sharkoushchynski,2046,optimistic,A,-0.0
r-shumilinski,2046,optimistic,A,-0.0
r-akciabrski,2046,optimistic,A,-0.0
r-brahinski,2046,optimistic,A,0.0
r-buda-kashalouski,2046,optimistic,A,-0.0
r-vietkauski,2046,optimistic,A,-0.0
r-homielski,2046,optimistic,A,0.0
r-dobrushski,2046,optimistic,A,0.0
r-jelski,2046,optimistic,A,0.0
r-zhlobinski,2046,optimistic,A,0.0
r-zhytkavicki,2046,optimistic,A,-0.0
r-kalinkavicki,2046,optimistic,A,0.0
r-karmianski,2046,optimistic,A,-0.0
r-lelchycki,2046,optimistic,A,0.0
r-lojeuski,2046,optimistic,A,-0.0
r-mazyrski,2046,optimistic,A,-0.0
r-naraulanski,2046,optimistic,A,-0.0
r-pietrykauski,2046,optimistic,A,-0.0
r-rahachouski,2046,optimistic,A,0.0
r-rechycki,2046,optimistic,A,-0.0
r-svietlahorski,2046,optimistic,A,0.0
r-chojnicki,2046,optimistic,A,-0.0
r-chacherski,2046,optimistic,A,0.0
r-astraviecki,2046,optimistic,A,0.0
r-ashmianski,2046,optimistic,A,0.0
r-bierastavicki,2046,optimistic,A,0.0
r-vaukavyski,2046,optimistic,A,-0.0
r-voranauski,2046,optimistic,A,0.0
r-hrodzienski,2046,optimistic,A,-0.0
r-dziatlauski,2046,optimistic,A,0.0
r-zelvienski,2046,optimistic,A,0.0
r-iujeuski,2046,optimistic,A,0.0
r-karelicki,2046,optimistic,A,0.0
r-lidski,2046,optimistic,A,-0.0
r-mastouski,2046,optimistic,A,-0.0
r-navahrudski,2046,optimistic,A,-0.0
r-svislacki,2046,optimistic,A,0.0
r-slonimski,2046,optimistic,A,0.0
r-smarhonski,2046,optimistic,A,0.0
r-shchuchynski,2046,optimistic,A,0.0
r-barysauski,2046,optimistic,A,-0.0
r-biarezinski,2046,optimistic,A,0.0
r-valozhynski,2046,optimistic,A,-0.0
r-vilejski,2046,optimistic,A,0.0
r-dziarzhynski,2046,optimistic,A,0.0
r-kapylski,2046,optimistic,A,0.0
r-klecki,2046,optimistic,A,-0.0
r-krupski,2046,optimistic,A,0.0
r-lahojski,2046,optimistic,A,0.0
r-lubanski,2046,optimistic,A,0.0
r-maladziechanski,2046,optimistic,A,0.0
r-minski,2046,optimistic,A,0.0
r-miadzielski,2046,optimistic,A,-0.0
r-niasvizhski,2046,optimistic,A,-0.0
r-puchavicki,2046,optimistic,A,0.0
r-salihorski,2046,optimistic,A,-0.0
r-slucki,2046,optimistic,A,-0.0
r-smalavicki,2046,optimistic,A,0.0
r-staradarozhski,2046,optimistic,A,-0.0
r-staubcouski,2046,optimistic,A,-0.0
r-uzdzienski,2046,optimistic,A,-0.0
r-chervienski,2046,optimistic,A,0.0
r-asipovicki,2046,optimistic,A,0.0
r-babrujski,2046,optimistic,A,0.0
r-bychauski,2046,optimistic,A,-0.0
r-bialynicki,2046,optimistic,A,0.0
r-hluski,2046,optimistic,A,-0.0
r-horacki,2046,optimistic,A,-0.0
r-drybinski,2046,optimistic,A,0.0
r-kasciukovicki,2046,optimistic,A,-0.0
r-kirauski,2046,optimistic,A,0.0
r-klimavicki,2046,optimistic,A,-0.0
r-klichauski,2046,optimistic,A,-0.0
r-krasnapolski,2046,optimistic,A,0.0
r-kruhlanski,2046,optimistic,A,-0.0
r-krychauski,2046,optimistic,A,-0.0
r-mahilouski,2046,optimistic,A,0.0
r-mscislauski,2046,optimistic,A,0.0
r-slauharadski,2046,optimistic,A,0.0
r-chocimski,2046,optimistic,A,0.0
r-chavuski,2046,optimistic,A,-0.0
r-cherykauski,2046,optimistic,A,0.0
r-shklouski,2046,optimistic,A,-0.0
BY-HM,2046,optimistic,A,-0.0
r-baranavicki,2050,optimistic,A,-0.0
r-brescki,2050,optimistic,A,-0.0
r-biarozauski,2050,optimistic,A,-0.0
r-hancavicki,2050,optimistic,A,0.0
r-drahichynski,2050,optimistic,A,0.0
r-zhabinkauski,2050,optimistic,A,0.0
r-ivanauski,2050,optimistic,A,-0.0
r-ivacevicki,2050,optimistic,A,0.0
r-kamianiecki,2050,optimistic,A,-0.0
r-kobrynski,2050,optimistic,A,0.0
r-luniniecki,2050,optimistic,A,-0.0
r-lachavicki,2050,optimistic,A,-0.0
r-malarycki,2050,optimistic,A,0.0
r-pinski,2050,optimistic,A,-0.0
r-pruzhanski,2050,optimistic,A,-0.0
r-stolinski,2050,optimistic,A,0.0
r-arshanski,2050,optimistic,A,0.0
r-bieshankovicki,2050,optimistic,A,0.0
r-braslauski,2050,optimistic,A,0.0
r-vierchniadzvinski,2050,optimistic,A,0.0
r-viciebski,2050,optimistic,A,-0.0
r-haradocki,2050,optimistic,A,0.0
r-hlybocki,2050,optimistic,A,0.0
r-dokshycki,2050,optimistic,A,0.0
r-dubrovienski,2050,optimistic,A,0.0
r-loznienski,2050,optimistic,A,-0.0
r-lepielski,2050,optimistic,A,0.0
r-mijorski,2050,optimistic,A,0.0
r-pastauski,2050,optimistic,A,0.0
r-polacki,2050,optimistic,A,0.0
r-rasonski,2050,optimistic,A,-0.0
r-siennienski,2050,optimistic,A,0.0
r-talachynski,2050,optimistic,A,0.0
r-ushacki,2050,optimistic,A,-0.0
r-chashnicki,2050,optimistic,A,-0.0
r-sharkoushchynski,2050,optimistic,A,0.0
r-shumilinski,2050,optimistic,A,0.0
r-akciabrski,2050,optimistic,A,-0.0
r-brahinski,2050,optimistic,A,-0.0
r-buda-kashalouski,2050,optimistic,A,-0.0
r-vietkauski,2050,optimistic,A,-0.0
r-homielski,2050,optimistic,A,0.0
r-dobrushski,2050,optimistic,A,0.0
r-jelski,2050,optimistic,A,0.0
r-zhlobinski,2050,optimistic,A,0.0
r-zhytkavicki,2050,optimistic,A,-0.0
r-kalinkavicki,2050,optimistic,A,0.0
r-karmianski,2050,optimistic,A,0.0
r-lelchycki,2050,optimistic,A,-0.0
r-lojeuski,2050,optimistic,A,0.0
r-mazyrski,2050,optimistic,A,0.0
r-naraulanski,2050,optimistic,A,0.0
r-pietrykauski,2050,optimistic,A,-0.0
r-rahachouski,2050,optimistic,A,-0.0
r-rechycki,2050,optimistic,A,-0.0
r-svietlahorski,2050,optimistic,A,-0.0
r-chojnicki,2050,optimistic,A,0.0
r-chacherski,2050,optimistic,A,0.0
r-astraviecki,2050,optimistic,A,0.0
r-ashmianski,2050,optimistic,A,-0.0
r-bierastavicki,2050,optimistic,A,0.0
r-vaukavyski,2050,optimistic,A,0.0
r-voranauski,2050,optimistic,A,0.0
r-hrodzienski,2050,optimistic,A,-0.0
r-dziatlauski,2050,optimistic,A,-0.0
r-zelvienski,2050,optimistic,A,0.0
r-iujeuski,2050,optimistic,A,0.0
r-karelicki,2050,optimistic,A,-0.0
r-lidski,2050,optimistic,A,0.0
r-mastouski,2050,optimistic,A,-0.0
r-navahrudski,2050,optimistic,A,-0.0
r-svislacki,2050,optimistic,A,-0.0
r-slonimski,2050,optimistic,A,0.0
r-smarhonski,2050,optimistic,A,-0.0
r-shchuchynski,2050,optimistic,A,0.0
r-barysauski,2050,optimistic,A,0.0
r-biarezinski,2050,optimistic,A,0.0
r-valozhynski,2050,optimistic,A,0.0
r-vilejski,2050,optimistic,A,0.0
r-dziarzhynski,2050,optimistic,A,-0.0
r-kapylski,2050,optimistic,A,0.0
r-klecki,2050,optimistic,A,0.0
r-krupski,2050,optimistic,A,-0.0
r-lahojski,2050,optimistic,A,0.0
r-lubanski,2050,optimistic,A,-0.0
r-maladziechanski,2050,optimistic,A,-0.0
r-minski,2050,optimistic,A,0.0
r-miadzielski,2050,optimistic,A,0.0
r-niasvizhski,2050,optimistic,A,-0.0
r-puchavicki,2050,optimistic,A,-0.0
r-salihorski,2050,optimistic,A,0.0
r-slucki,2050,optimistic,A,-0.0
r-smalavicki,2050,optimistic,A,0.0
r-staradarozhski,2050,optimistic,A,-0.0
r-staubcouski,2050,optimistic,A,0.0
r-uzdzienski,2050,optimistic,A,0.0
r-chervienski,2050,optimistic,A,0.0
r-asipovicki,2050,optimistic,A,-0.0
r-babrujski,2050,optimistic,A,0.0
r-bychauski,2050,optimistic,A,-0.0
r-bialynicki,2050,optimistic,A,-0.0
r-hluski,2050,optimistic,A,-0.0
r-horacki,2050,optimistic,A,-0.0
r-drybinski,2050,optimistic,A,0.0
r-kasciukovicki,2050,optimistic,A,0.0
r-kirauski,2050,optimistic,A,-0.0
r-klimavicki,2050,optimistic,A,0.0
r-klichauski,2050,optimistic,A,0.0
r-krasnapolski,2050,optimistic,A,-0.0
r-kruhlanski,2050,optimistic,A,0.0
r-krychauski,2050,optimistic,A,0.0
r-mahilouski,2050,optimistic,A,-0.0
r-mscislauski,2050,optimistic,A,0.0
r-slauharadski,2050,optimistic,A,0.0
r-chocimski,2050,optimistic,A,0.0
r-chavuski,2050,optimistic,A,-0.0
r-cherykauski,2050,optimistic,A,-0.0
r-shklouski,2050,optimistic,A,-0.0
BY-HM,2050,optimistic,A,0.0
r-baranavicki,2026,optimistic,B,0.0
r-brescki,2026,optimistic,B,0.0
r-biarozauski,2026,optimistic,B,0.0
r-hancavicki,2026,optimistic,B,0.0
r-drahichynski,2026,optimistic,B,-0.0
r-zhabinkauski,2026,optimistic,B,-0.0
r-ivanauski,2026,optimistic,B,0.0
r-ivacevicki,2026,optimistic,B,-0.0
r-kamianiecki,2026,optimistic,B,0.0
r-kobrynski,2026,optimistic,B,0.0
r-luniniecki,2026,optimistic,B,-0.0
r-lachavicki,2026,optimistic,B,0.0
r-malarycki,2026,optimistic,B,0.0
r-pinski,2026,optimistic,B,0.0
r-pruzhanski,2026,optimistic,B,-0.0
r-stolinski,2026,optimistic,B,0.0
r-arshanski,2026,optimistic,B,-0.0
r-bieshankovicki,2026,optimistic,B,0.0
r-braslauski,2026,optimistic,B,-0.0
r-vierchniadzvinski,2026,optimistic,B,-0.0
r-viciebski,2026,optimistic,B,0.0
r-haradocki,2026,optimistic,B,-0.0
r-hlybocki,2026,optimistic,B,0.0
r-dokshycki,2026,optimistic,B,0.0
r-dubrovienski,2026,optimistic,B,0.0
r-loznienski,2026,optimistic,B,0.0
r-lepielski,2026,optimistic,B,0.0
r-mijorski,2026,optimistic,B,0.0
r-pastauski,2026,optimistic,B,-0.0
r-polacki,2026,optimistic,B,-0.0
r-rasonski,2026,optimistic,B,-0.0
r-siennienski,2026,optimistic,B,0.0
r-talachynski,2026,optimistic,B,-0.0
r-ushacki,2026,optimistic,B,0.0
r-chashnicki,2026,optimistic,B,-0.0
r-sharkoushchynski,2026,optimistic,B,-0.0
r-shumilinski,2026,optimistic,B,-0.0
r-akciabrski,2026,optimistic,B,-0.0
r-brahinski,2026,optimistic,B,-0.0
r-buda-kashalouski,2026,optimistic,B,0.0
r-vietkauski,2026,optimistic,B,-0.0
r-homielski,2026,optimistic,B,-0.0
r-dobrushski,2026,optimistic,B,0.0
r-jelski,2026,optimistic,B,0.0
r-zhlobinski,2026,optimistic,B,-0.0
r-zhytkavicki,2026,optimistic,B,0.0
r-kalinkavicki,2026,optimistic,B,0.0
r-karmianski,2026,optimistic,B,-0.0
r-lelchycki,2026,optimistic,B,0.0
r-lojeuski,2026,optimistic,B,0.0
r-mazyrski,2026,optimistic,B,-0.0
r-naraulanski,2026,optimistic,B,-0.0
r-pietrykauski,2026,optimistic,B,0.0
r-rahachouski,2026,optimistic,B,0.0
r-rechycki,2026,optimistic,B,0.0
r-svietlahorski,2026,optimistic,B,0.0
r-chojnicki,2026,optimistic,B,-0.0
r-chacherski,2026,optimistic,B,-0.0
r-astraviecki,2026,optimistic,B,-0.0
r-ashmianski,2026,optimistic,B,-0.0
r-bierastavicki,2026,optimistic,B,0.0
r-vaukavyski,2026,optimistic,B,-0.0
r-voranauski,2026,optimistic,B,-0.0
r-hrodzienski,2026,optimistic,B,0.0
r-dziatlauski,2026,optimistic,B,0.0
r-zelvienski,2026,optimistic,B,-0.0
r-iujeuski,2026,optimistic,B,-0.0
r-karelicki,2026,optimistic,B,0.0
r-lidski,2026,optimistic,B,-0.0
r-mastouski,2026,optimistic,B,-0.0
r-navahrudski,2026,optimistic,B,0.0
r-svislacki,2026,optimistic,B,0.0
r-slonimski,2026,optimistic,B,0.0
r-smarhonski,2026,optimistic,B,0.0
r-shchuchynski,2026,optimistic,B,0.0
r-barysauski,2026,optimistic,B,0.0
r-biarezinski,2026,optimistic,B,0.0
r-valozhynski,2026,optimistic,B,-0.0
r-vilejski,2026,optimistic,B,0.0
r-dziarzhynski,2026,optimistic,B,0.0
r-kapylski,2026,optimistic,B,0.0
r-klecki,2026,optimistic,B,0.0
r-krupski,2026,optimistic,B,0.0
r-lahojski,2026,optimistic,B,0.0
r-lubanski,2026,optimistic,B,0.0
r-maladziechanski,2026,optimistic,B,0.0
r-minski,2026,optimistic,B,-0.0
r-miadzielski,2026,optimistic,B,0.0
r-niasvizhski,2026,optimistic,B,0.0
r-puchavicki,2026,optimistic,B,0.0
r-salihorski,2026,optimistic,B,-0.0
r-slucki,2026,optimistic,B,-0.0
r-smalavicki,2026,optimistic,B,-0.0
r-staradarozhski,2026,optimistic,B,0.0
r-staubcouski,2026,optimistic,B,0.0
r-uzdzienski,2026,optimistic,B,-0.0
r-chervienski,2026,optimistic,B,0.0
r-asipovicki,2026,optimistic,B,-0.0
r-babrujski,2026,optimistic,B,-0.0
r-bychauski,2026,optimistic,B,0.0
r-bialynicki,2026,optimistic,B,-0.0
r-hluski,2026,optimistic,B,0.0
r-horacki,2026,optimistic,B,0.0
r-drybinski,2026,optimistic,B,-0.0
r-kasciukovicki,2026,optimistic,B,-0.0
r-kirauski,2026,optimistic,B,-0.0
r-klimavicki,2026,optimistic,B,0.0
r-klichauski,2026,optimistic,B,0.0
r-krasnapolski,2026,optimistic,B,0.0
r-kruhlanski,2026,optimistic,B,0.0
r-krychauski,2026,optimistic,B,0.0
r-mahilouski,2026,optimistic,B,0.0
r-mscislauski,2026,optimistic,B,-0.0
r-slauharadski,2026,optimistic,B,-0.0
r-chocimski,2026,optimistic,B,0.0
r-chavuski,2026,optimistic,B,0.0
r-cherykauski,2026,optimistic,B,-0.0
r-shklouski,2026,optimistic,B,-0.0
BY-HM,2026,optimistic,B,-0.0
r-baranavicki,2031,optimistic,B,-0.0
r-brescki,2031,optimistic,B,0.0
r-biarozauski,2031,optimistic,B,-0.0
r-hancavicki,2031,optimistic,B,0.0
r-drahichynski,2031,optimistic,B,0.0
r-zhabinkauski,2031,optimistic,B,0.0
r-ivanauski,2031,optimistic,B,-0.0
r-ivacevicki,2031,optimistic,B,-0.0
r-kamianiecki,2031,optimistic,B,0.0
r-kobrynski,2031,optimistic,B,0.0
r-luniniecki,2031,optimistic,B,-0.0
r-lachavicki,2031,optimistic,B,0.0
r-malarycki,2031,optimistic,B,-0.0
r-pinski,2031,optimistic,B,0.0
r-pruzhanski,2031,optimistic,B,0.0
r-stolinski,2031,optimistic,B,0.0
r-arshanski,2031,optimistic,B,-0.0
r-bieshankovicki,2031,optimistic,B,0.0
r-braslauski,2031,optimistic,B,-0.0
r-vierchniadzvinski,2031,optimistic,B,-0.0
r-viciebski,2031,optimistic,B,0.0
r-haradocki,2031,optimistic,B,0.0
r-hlybocki,2031,optimistic,B,-0.0
r-dokshycki,2031,optimistic,B,-0.0
r-dubrovienski,2031,optimistic,B,-0.0
r-loznienski,2031,optimistic,B,-0.0
r-lepielski,2031,optimistic,B,0.0
r-mijorski,2031,optimistic,B,-0.0
r-pastauski,2031,optimistic,B,0.0
r-polacki,2031,optimistic,B,-0.0
r-rasonski,2031,optimistic,B,-0.0
r-siennienski,2031,optimistic,B,-0.0
r-talachynski,2031,optimistic,B,-0.0
r-ushacki,2031,optimistic,B,-0.0
r-chashnicki,2031,optimistic,B,0.0
r-sharkoushchynski,2031,optimistic,B,-0.0
r-shumilinski,2031,optimistic,B,0.0
r-akciabrski,2031,optimistic,B,0.0
r-brahinski,2031,optimistic,B,-0.0
r-buda-kashalouski,2031,optimistic,B,0.0
r-vietkauski,2031,optimistic,B,-0.0
r-homielski,2031,optimistic,B,0.0
r-dobrushski,2031,optimistic,B,0.0
r-jelski,2031,optimistic,B,0.0
r-zhlobinski,2031,optimistic,B,-0.0
r-zhytkavicki,2031,optimistic,B,-0.0
r-kalinkavicki,2031,optimistic,B,-0.0
r-karmianski,2031,optimistic,B,0.0
r-lelchycki,2031,optimistic,B,0.0
r-lojeuski,2031,optimistic,B,-0.0
r-mazyrski,2031,optimistic,B,-0.0
r-naraulanski,2031,optimistic,B,0.0
r-pietrykauski,2031,optimistic,B,-0.0
r-rahachouski,2031,optimistic,B,-0.0
r-rechycki,2031,optimistic,B,-0.0
r-svietlahorski,2031,optimistic,B,0.0
r-chojnicki,2031,optimistic,B,0.0
r-chacherski,2031,optimistic,B,0.0
r-astraviecki,2031,optimistic,B,-0.0
r-ashmianski,2031,optimistic,B,0.0
r-bierastavicki,2031,optimistic,B,0.0
r-vaukavyski,2031,optimistic,B,-0.0
r-voranauski,2031,optimistic,B,-0.0
r-hrodzienski,2031,optimistic,B,-0.0
r-dziatlauski,2031,optimistic,B,-0.0
r-zelvienski,2031,optimistic,B,0.0
r-iujeuski,2031,optimistic,B,0.0
r-karelicki,2031,optimistic,B,-0.0
r-lidski,2031,optimistic,B,-0.0
r-mastouski,2031,optimistic,B,-0.0
r-navahrudski,2031,optimistic,B,0.0
r-svislacki,2031,optimistic,B,-0.0
r-slonimski,2031,optimistic,B,-0.0
r-smarhonski,2031,optimistic,B,-0.0
r-shchuchynski,2031,optimistic,B,0.0
r-barysauski,2031,optimistic,B,0.0
r-biarezinski,2031,optimistic,B,-0.0
r-valozhynski,2031,optimistic,B,-0.0
r-vilejski,2031,optimistic,B,0.0
r-dziarzhynski,2031,optimistic,B,-0.0
r-kapylski,2031,optimistic,B,-0.0
r-klecki,2031,optimistic,B,-0.0
r-krupski,2031,optimistic,B,-0.0
r-lahojski,2031,optimistic,B,0.0
r-lubanski,2031,optimistic,B,-0.0
r-maladziechanski,2031,optimistic,B,-0.0
r-minski,2031,optimistic,B,0.0
r-miadzielski,2031,optimistic,B,0.0
r-niasvizhski,2031,optimistic,B,0.0
r-puchavicki,2031,optimistic,B,0.0
r-salihorski,2031,optimistic,B,0.0
r-slucki,2031,optimistic,B,0.0
r-smalavicki,2031,optimistic,B,-0.0
r-staradarozhski,2031,optimistic,B,0.0
r-staubcouski,2031,optimistic,B,-0.0
r-uzdzienski,2031,optimistic,B,0.0
r-chervienski,2031,optimistic,B,0.0
r-asipovicki,2031,optimistic,B,0.0
r-babrujski,2031,optimistic,B,-0.0
r-bychauski,2031,optimistic,B,-0.0
r-bialynicki,2031,optimistic,B,-0.0
r-hluski,2031,optimistic,B,0.0
r-horacki,2031,optimistic,B,0.0
r-drybinski,2031,optimistic,B,0.0
r-kasciukovicki,2031,optimistic,B,-0.0
r-kirauski,2031,optimistic,B,-0.0
r-klimavicki,2031,optimistic,B,-0.0
r-klichauski,2031,optimistic,B,0.0
r-krasnapolski,2031,optimistic,B,-0.0
r-kruhlanski,2031,optimistic,B,-0.0
r-krychauski,2031,optimistic,B,-0.0
r-mahilouski,2031,optimistic,B,0.0
r-mscislauski,2031,optimistic,B,-0.0
r-slauharadski,2031,optimistic,B,0.0
r-chocimski,2031,optimistic,B,0.0
r-chavuski,2031,optimistic,B,0.0
r-cherykauski,2031,optimistic,B,0.0
r-shklouski,2031,optimistic,B,-0.0
BY-HM,2031,optimistic,B,0.0
r-baranavicki,2036,optimistic,B,0.0
r-brescki,2036,optimistic,B,0.0
r-biarozauski,2036,optimistic,B,0.0
r-hancavicki,2036,optimistic,B,0.0
r-drahichynski,2036,optimistic,B,0.0
r-zhabinkauski,2036,optimistic,B,-0.0
r-ivanauski,2036,optimistic,B,-0.0
r-ivacevicki,2036,optimistic,B,0.0
r-kamianiecki,2036,optimistic,B,0.0
r-kobrynski,2036,optimistic,B,0.0
r-luniniecki,2036,optimistic,B,-0.0
r-lachavicki,2036,optimistic,B,-0.0
r-malarycki,2036,optimistic,B,-0.0
r-pinski,2036,optimistic,B,-0.0
r-pruzhanski,2036,optimistic,B,-0.0
r-stolinski,2036,optimistic,B,-0.0
r-arshanski,2036,optimistic,B,0.0
r-bieshankovicki,2036,optimistic,B,-0.0
r-braslauski,2036,optimistic,B,0.0
r-vierchniadzvinski,2036,optimistic,B,0.0
r-viciebski,2036,optimistic,B,-0.0
r-haradocki,2036,optimistic,B,0.0
r-hlybocki,2036,optimistic,B,0.0
r-dokshycki,2036,optimistic,B,0.0
r-dubrovienski,2036,optimistic,B,0.0
r-loznienski,2036,optimistic,B,0.0
r-lepielski,2036,optimistic,B,0.0
r-mijorski,2036,optimistic,B,-0.0
r-pastauski,2036,optimistic,B,0.0
r-polacki,2036,optimistic,B,0.0
r-rasonski,2036,optimistic,B,0.0
r-siennienski,2036,optimistic,B,0.0
r-talachynski,2036,optimistic,B,-0.0
r-ushacki,2036,optimistic,B,-0.0
r-chashnicki,2036,optimistic,B,0.0
r-sharkoushchynski,2036,optimistic,B,0.0
r-shumilinski,2036,optimistic,B,-0.0
r-akciabrski,2036,optimistic,B,0.0
r-brahinski,2036,optimistic,B,-0.0
r-buda-kashalouski,2036,optimistic,B,-0.0
r-vietkauski,2036,optimistic,B,-0.0
r-homielski,2036,optimistic,B,-0.0
r-dobrushski,2036,optimistic,B,-0.0
r-jelski,2036,optimistic,B,-0.0
r-zhlobinski,2036,optimistic,B,0.0
r-zhytkavicki,2036,optimistic,B,-0.0
r-kalinkavicki,2036,optimistic,B,0.0
r-karmianski,2036,optimistic,B,0.0
r-lelchycki,2036,optimistic,B,-0.0
r-lojeuski,2036,optimistic,B,0.0
r-mazyrski,2036,optimistic,B,-0.0
r-naraulanski,2036,optimistic,B,-0.0
r-pietrykauski,2036,optimistic,B,0.0
r-rahachouski,2036,optimistic,B,0.0
r-rechycki,2036,optimistic,B,0.0
r-svietlahorski,2036,optimistic,B,-0.0
r-chojnicki,2036,optimistic,B,-0.0
r-chacherski,2036,optimistic,B,-0.0
r-astraviecki,2036,optimistic,B,0.0
r-ashmianski,2036,optimistic,B,-0.0
r-bierastavicki,2036,optimistic,B,0.0
r-vaukavyski,2036,optimistic,B,-0.0
r-voranauski,2036,optimistic,B,-0.0
r-hrodzienski,2036,optimistic,B,0.0
r-dziatlauski,2036,optimistic,B,0.0
r-zelvienski,2036,optimistic,B,-0.0
r-iujeuski,2036,optimistic,B,0.0
r-karelicki,2036,optimistic,B,0.0
r-lidski,2036,optimistic,B,0.0
r-mastouski,2036,optimistic,B,0.0
r-navahrudski,2036,optimistic,B,-0.0
r-svislacki,2036,optimistic,B,0.0
r-slonimski,2036,optimistic,B,-0.0
r-smarhonski,2036,optimistic,B,0.0
r-shchuchynski,2036,optimistic,B,0.0
r-barysauski,2036,optimistic,B,-0.0
r-biarezinski,2036,optimistic,B,0.0
r-valozhynski,2036,optimistic,B,-0.0
r-vilejski,2036,optimistic,B,-0.0
r-dziarzhynski,2036,optimistic,B,0.0
r-kapylski,2036,optimistic,B,0.0
r-klecki,2036,optimistic,B,-0.0
r-krupski,2036,optimistic,B,0.0
r-lahojski,2036,optimistic,B,0.0
r-lubanski,2036,optimistic,B,-0.0
r-maladziechanski,2036,optimistic,B,0.0
r-minski,2036,optimistic,B,-0.0
r-miadzielski,2036,optimistic,B,0.0
r-niasvizhski,2036,optimistic,B,0.0
r-puchavicki,2036,optimistic,B,-0.0
r-salihorski,2036,optimistic,B,0.0
r-slucki,2036,optimistic,B,-0.0
r-smalavicki,2036,optimistic,B,0.0
r-staradarozhski,2036,optimistic,B,0.0
r-staubcouski,2036,optimistic,B,-0.0
r-uzdzienski,2036,optimistic,B,0.0
r-chervienski,2036,optimistic,B,-0.0
r-asipovicki,2036,optimistic,B,-0.0
r-babrujski,2036,optimistic,B,-0.0
r-bychauski,2036,optimistic,B,-0.0
r-bialynicki,2036,optimistic,B,0.0
r-hluski,2036,optimistic,B,0.0
r-horacki,2036,optimistic,B,0.0
r-drybinski,2036,optimistic,B,-0.0
r-kasciukovicki,2036,optimistic,B,-0.0
r-kirauski,2036,optimistic,B,-0.0
r-klimavicki,2036,optimistic,B,0.0
r-klichauski,2036,optimistic,B,0.0
r-krasnapolski,2036,optimistic,B,-0.0
r-kruhlanski,2036,optimistic,B,-0.0
r-krychauski,2036,optimistic,B,0.0
r-mahilouski,2036,optimistic,B,0.0
r-mscislauski,2036,optimistic,B,0.0
r-slauharadski,2036,optimistic,B,-0.0
r-chocimski,2036,optimistic,B,-0.0
r-chavuski,2036,optimistic,B,-0.0
r-cherykauski,2036,optimistic,B,-0.0
r-shklouski,2036,optimistic,B,-0.0
BY-HM,2036,optimistic,B,0.0
r-baranavicki,2041,optimistic,B,0.0
r-brescki,2041,optimistic,B,-0.0
r-biarozauski,2041,optimistic,B,-0.0
r-hancavicki,2041,optimistic,B,-0.0
r-drahichynski,2041,optimistic,B,0.0
r-zhabinkauski,2041,optimistic,B,0.0
r-ivanauski,2041,optimistic,B,0.0
r-ivacevicki,2041,optimistic,B,-0.0
r-kamianiecki,2041,optimistic,B,-0.0
r-kobrynski,2041,optimistic,B,-0.0
r-luniniecki,2041,optimistic,B,-0.0
r-lachavicki,2041,optimistic,B,-0.0
r-malarycki,2041,optimistic,B,0.0
r-pinski,2041,optimistic,B,0.0
r-pruzhanski,2041,optimistic,B,-0.0
r-stolinski,2041,optimistic,B,-0.0
r-arshanski,2041,optimistic,B,0.0
r-bieshankovicki,2041,optimistic,B,-0.0
r-braslauski,2041,optimistic,B,0.0
r-vierchniadzvinski,2041,optimistic,B,-0.0
r-viciebski,2041,optimistic,B,0.0
r-haradocki,2041,optimistic,B,-0.0
r-hlybocki,2041,optimistic,B,0.0
r-dokshycki,2041,optimistic,B,0.0
r-dubrovienski,2041,optimistic,B,-0.0
r-loznienski,2041,optimistic,B,-0.0
r-lepielski,2041,optimistic,B,-0.0
r-mijorski,2041,optimistic,B,0.0
r-pastauski,2041,optimistic,B,0.0
r-polacki,2041,optimistic,B,-0.0
r-rasonski,2041,optimistic,B,-0.0
r-siennienski,2041,optimistic,B,0.0
r-talachynski,2041,optimistic,B,0.0
r-ushacki,2041,optimistic,B,0.0
r-chashnicki,2041,optimistic,B,0.0
r-sharkoushchynski,2041,optimistic,B,0.0
r-shumilinski,2041,optimistic,B,-0.0
r-akciabrski,2041,optimistic,B,-0.0
r-brahinski,2041,optimistic,B,-0.0
r-buda-kashalouski,2041,optimistic,B,0.0
r-vietkauski,2041,optimistic,B,0.0
r-homielski,2041,optimistic,B,0.0
r-dobrushski,2041,optimistic,B,0.0
r-jelski,2041,optimistic,B,-0.0
r-zhlobinski,2041,optimistic,B,0.0
r-zhytkavicki,2041,optimistic,B,0.0
r-kalinkavicki,2041,optimistic,B,0.0
r-karmianski,2041,optimistic,B,0.0
r-lelchycki,2041,optimistic,B,0.0
r-lojeuski,2041,optimistic,B,0.0
r-mazyrski,2041,optimistic,B,0.0
r-naraulanski,2041,optimistic,B,0.0
r-pietrykauski,2041,optimistic,B,0.0
r-rahachouski,2041,optimistic,B,-0.0
r-rechycki,2041,optimistic,B,0.0
r-svietlahorski,2041,optimistic,B,0.0
r-chojnicki,2041,optimistic,B,-0.0
r-chacherski,2041,optimistic,B,0.0
r-astraviecki,2041,optimistic,B,0.0
r-ashmianski,2041,optimistic,B,-0.0
r-bierastavicki,2041,optimistic,B,-0.0
r-vaukavyski,2041,optimistic,B,-0.0
r-voranauski,2041,optimistic,B,0.0
r-hrodzienski,2041,optimistic,B,-0.0
r-dziatlauski,2041,optimistic,B,-0.0
r-zelvienski,2041,optimistic,B,0.0
r-iujeuski,2041,optimistic,B,0.0
r-karelicki,2041,optimistic,B,-0.0
r-lidski,2041,optimistic,B,-0.0
r-mastouski,2041,optimistic,B,-0.0
r-navahrudski,2041,optimistic,B,0.0
r-svislacki,2041,optimistic,B,0.0
r-slonimski,2041,optimistic,B,0.0
r-smarhonski,2041,optimistic,B,0.0
r-shchuchynski,2041,optimistic,B,0.0
r-barysauski,2041,optimistic,B,-0.0
r-biarezinski,2041,optimistic,B,0.0
r-valozhynski,2041,optimistic,B,0.0
r-vilejski,2041,optimistic,B,-0.0
r-dziarzhynski,2041,optimistic,B,-0.0
r-kapylski,2041,optimistic,B,0.0
r-klecki,2041,optimistic,B,-0.0
r-krupski,2041,optimistic,B,0.0
r-lahojski,2041,optimistic,B,0.0
r-lubanski,2041,optimistic,B,-0.0
r-maladziechanski,2041,optimistic,B,0.0
r-minski,2041,optimistic,B,0.0
r-miadzielski,2041,optimistic,B,0.0
r-niasvizhski,2041,optimistic,B,-0.0
r-puchavicki,2041,optimistic,B,-0.0
r-salihorski,2041,optimistic,B,-0.0
r-slucki,2041,optimistic,B,0.0
r-smalavicki,2041,optimistic,B,-0.0
r-staradarozhski,2041,optimistic,B,-0.0
r-staubcouski,2041,optimistic,B,0.0
r-uzdzienski,2041,optimistic,B,0.0
r-chervienski,2041,optimistic,B,-0.0
r-asipovicki,2041,optimistic,B,-0.0
r-babrujski,2041,optimistic,B,0.0
r-bychauski,2041,optimistic,B,0.0
r-bialynicki,2041,optimistic,B,0.0
r-hluski,2041,optimistic,B,0.0
r-horacki,2041,optimistic,B,-0.0
r-drybinski,2041,optimistic,B,0.0
r-kasciukovicki,2041,optimistic,B,0.0
r-kirauski,2041,optimistic,B,0.0
r-klimavicki,2041,optimistic,B,-0.0
r-klichauski,2041,optimistic,B,0.0
r-krasnapolski,2041,optimistic,B,0.0
r-kruhlanski,2041,optimistic,B,-0.0
r-krychauski,2041,optimistic,B,-0.0
r-mahilouski,2041,optimistic,B,0.0
r-mscislauski,2041,optimistic,B,0.0
r-slauharadski,2041,optimistic,B,0.0
r-chocimski,2041,optimistic,B,0.0
r-chavuski,2041,optimistic,B,-0.0
r-cherykauski,2041,optimistic,B,-0.0
r-shklouski,2041,optimistic,B,-0.0
BY-HM,2041,optimistic,B,0.0
r-baranavicki,2046,optimistic,B,-0.0
r-brescki,2046,optimistic,B,0.0
r-biarozauski,2046,optimistic,B,0.0
r-hancavicki,2046,optimistic,B,0.0
r-drahichynski,2046,optimistic,B,-0.0
r-zhabinkauski,2046,optimistic,B,0.0
r-ivanauski,2046,optimistic,B,-0.0
r-ivacevicki,2046,optimistic,B,-0.0
r-kamianiecki,2046,optimistic,B,-0.0
r-kobrynski,2046,optimistic,B,0.0
r-luniniecki,2046,optimistic,B,0.0
r-lachavicki,2046,optimistic,B,-0.0
r-malarycki,2046,optimistic,B,0.0
r-pinski,2046,optimistic,B,0.0
r-pruzhanski,2046,optimistic,B,0.0
r-stolinski,2046,optimistic,B,-0.0
r-arshanski,2046,optimistic,B,0.0
r-bieshankovicki,2046,optimistic,B,-0.0
r-braslauski,2046,optimistic,B,-0.0
r-vierchniadzvinski,2046,optimistic,B,-0.0
r-viciebski,2046,optimistic,B,-0.0
r-haradocki,2046,optimistic,B,0.0
r-hlybocki,2046,optimistic,B,0.0
r-dokshycki,2046,optimistic,B,-0.0
r-dubrovienski,2046,optimistic,B,-0.0
r-loznienski,2046,optimistic,B,0.0
r-lepielski,2046,optimistic,B,0.0
r-mijorski,2046,optimistic,B,-0.0
r-pastauski,2046,optimistic,B,-0.0
r-polacki,2046,optimistic,B,0.0
r-rasonski,2046,optimistic,B,-0.0
r-siennienski,2046,optimistic,B,-0.0
r-talachynski,2046,optimistic,B,0.0
r-ushacki,2046,optimistic,B,0.0
r-chashnicki,2046,optimistic,B,0.0
r-sharkoushchynski,2046,optimistic,B,-0.0
r-shumilinski,2046,optimistic,B,-0.0
r-akciabrski,2046,optimistic,B,0.0
r-brahinski,2046,optimistic,B,-0.0
r-buda-kashalouski,2046,optimistic,B,0.0
r-vietkauski,2046,optimistic,B,0.0
r-homielski,2046,optimistic,B,-0.0
r-dobrushski,2046,optimistic,B,-0.0
r-jelski,2046,optimistic,B,0.0
r-zhlobinski,2046,optimistic,B,0.0
r-zhytkavicki,2046,optimistic,B,0.0
r-kalinkavicki,2046,optimistic,B,-0.0
r-karmianski,2046,optimistic,B,0.0
r-lelchycki,2046,optimistic,B,-0.0
r-lojeuski,2046,optimistic,B,-0.0
r-mazyrski,2046,optimistic,B,-0.0
r-naraulanski,2046,optimistic,B,0.0
r-pietrykauski,2046,optimistic,B,-0.0
r-rahachouski,2046,optimistic,B,0.0
r-rechycki,2046,optimistic,B,-0.0
r-svietlahorski,2046,optimistic,B,-0.0
r-chojnicki,2046,optimistic,B,0.0
r-chacherski,2046,optimistic,B,0.0
r-astraviecki,2046,optimistic,B,-0.0
r-ashmianski,2046,optimistic,B,-0.0
r-bierastavicki,2046,optimistic,B,-0.0
r-vaukavyski,2046,optimistic,B,-0.0
r-voranauski,2046,optimistic,B,-0.0
r-hrodzienski,2046,optimistic,B,0.0
r-dziatlauski,2046,optimistic,B,-0.0
r-zelvienski,2046,optimistic,B,0.0
r-iujeuski,2046,optimistic,B,0.0
r-karelicki,2046,optimistic,B,0.0
r-lidski,2046,optimistic,B,0.0
r-mastouski,2046,optimistic,B,-0.0
r-navahrudski,2046,optimistic,B,-0.0
r-svislacki,2046,optimistic,B,-0.0
r-slonimski,2046,optimistic,B,0.0
r-smarhonski,2046,optimistic,B,0.0
r-shchuchynski,2046,optimistic,B,0.0
r-barysauski,2046,optimistic,B,0.0
r-biarezinski,2046,optimistic,B,-0.0
r-valozhynski,2046,optimistic,B,-0.0
r-vilejski,2046,optimistic,B,0.0
r-dziarzhynski,2046,optimistic,B,0.0
r-kapylski,2046,optimistic,B,-0.0
r-klecki,2046,optimistic,B,-0.0
r-krupski,2046,optimistic,B,0.0
r-lahojski,2046,optimistic,B,-0.0
r-lubanski,2046,optimistic,B,0.0
r-maladziechanski,2046,optimistic,B,-0.0
r-minski,2046,optimistic,B,0.0
r-miadzielski,2046,optimistic,B,0.0
r-niasvizhski,2046,optimistic,B,0.0
r-puchavicki,2046,optimistic,B,-0.0
r-salihorski,2046,optimistic,B,0.0
r-slucki,2046,optimistic,B,-0.0
r-smalavicki,2046,optimistic,B,0.0
r-staradarozhski,2046,optimistic,B,0.0
r-staubcouski,2046,optimistic,B,-0.0
r-uzdzienski,2046,optimistic,B,-0.0
r-chervienski,2046,optimistic,B,-0.0
r-asipovicki,2046,optimistic,B,0.0
r-babrujski,2046,optimistic,B,0.0
r-bychauski,2046,optimistic,B,0.0
r-bialynicki,2046,optimistic,B,-0.0
r-hluski,2046,optimistic,B,0.0
r-horacki,2046,optimistic,B,-0.0
r-drybinski,2046,optimistic,B,0.0
r-kasciukovicki,2046,optimistic,B,0.0
r-kirauski,2046,optimistic,B,0.0
r-klimavicki,2046,optimistic,B,0.0
r-klichauski,2046,optimistic,B,-0.0
r-krasnapolski,2046,optimistic,B,-0.0
r-kruhlanski,2046,optimistic,B,-0.0
r-krychauski,2046,optimistic,B,-0.0
r-mahilouski,2046,optimistic,B,-0.0
r-mscislauski,2046,optimistic,B,0.0
r-slauharadski,2046,optimistic,B,0.0
r-chocimski,2046,optimistic,B,-0.0
r-chavuski,2046,optimistic,B,-0.0
r-cherykauski,2046,optimistic,B,-0.0
r-shklouski,2046,optimistic,B,0.0
BY-HM,2046,optimistic,B,0.0
r-baranavicki,2050,optimistic,B,0.0
r-brescki,2050,optimistic,B,0.0
r-biarozauski,2050,optimistic,B,-0.0
r-hancavicki,2050,optimistic,B,-0.0
r-drahichynski,2050,optimistic,B,-0.0
r-zhabinkauski,2050,optimistic,B,0.0
r-ivanauski,2050,optimistic,B,0.0
r-ivacevicki,2050,optimistic,B,0.0
r-kamianiecki,2050,optimistic,B,-0.0
r-kobrynski,2050,optimistic,B,0.0
r-luniniecki,2050,optimistic,B,0.0
r-lachavicki,2050,optimistic,B,0.0
r-malarycki,2050,optimistic,B,0.0
r-pinski,2050,optimistic,B,-0.0
r-pruzhanski,2050,optimistic,B,0.0
r-stolinski,2050,optimistic,B,0.0
r-arshanski,2050,optimistic,B,-0.0
r-bieshankovicki,2050,optimistic,B,0.0
r-braslauski,2050,optimistic,B,0.0
r-vierchniadzvinski,2050,optimistic,B,0.0
r-viciebski,2050,optimistic,B,-0.0
r-haradocki,2050,optimistic,B,0.0
r-hlybocki,2050,optimistic,B,0.0
r-dokshycki,2050,optimistic,B,0.0
r-dubrovienski,2050,optimistic,B,0.0
r-loznienski,2050,optimistic,B,-0.0
r-lepielski,2050,optimistic,B,-0.0
r-mijorski,2050,optimistic,B,-0.0
r-pastauski,2050,optimistic,B,-0.0
r-polacki,2050,optimistic,B,-0.0
r-rasonski,2050,optimistic,B,0.0
r-siennienski,2050,optimistic,B,0.0
r-talachynski,2050,optimistic,B,0.0
r-ushacki,2050,optimistic,B,-0.0
r-chashnicki,2050,optimistic,B,-0.0
r-sharkoushchynski,2050,optimistic,B,0.0
r-shumilinski,2050,optimistic,B,-0.0
r-akciabrski,2050,optimistic,B,-0.0
r-brahinski,2050,optimistic,B,-0.0
r-buda-kashalouski,2050,optimistic,B,0.0
r-vietkauski,2050,optimistic,B,-0.0
r-homielski,2050,optimistic,B,-0.0
r-dobrushski,2050,optimistic,B,0.0
r-jelski,2050,optimistic,B,-0.0
r-zhlobinski,2050,optimistic,B,-0.0
r-zhytkavicki,2050,optimistic,B,0.0
r-kalinkavicki,2050,optimistic,B,-0.0
r-karmianski,2050,optimistic,B,-0.0
r-lelchycki,2050,optimistic,B,-0.0
r-lojeuski,2050,optimistic,B,0.0
r-mazyrski,2050,optimistic,B,0.0
r-naraulanski,2050,optimistic,B,-0.0
r-pietrykauski,2050,optimistic,B,0.0
r-rahachouski,2050,optimistic,B,0.0
r-rechycki,2050,optimistic,B,-0.0
r-svietlahorski,2050,optimistic,B,0.0
r-chojnicki,2050,optimistic,B,0.0
r-chacherski,2050,optimistic,B,-0.0
r-astraviecki,2050,optimistic,B,0.0
r-ashmianski,2050,optimistic,B,-0.0
r-bierastavicki,2050,optimistic,B,0.0
r-vaukavyski,2050,optimistic,B,0.0
r-voranauski,2050,optimistic,B,0.0
r-hrodzienski,2050,optimistic,B,0.0
r-dziatlauski,2050,optimistic,B,0.0
r-zelvienski,2050,optimistic,B,-0.0
r-iujeuski,2050,optimistic,B,-0.0
r-karelicki,2050,optimistic,B,0.0
r-lidski,2050,optimistic,B,0.0
r-mastouski,2050,optimistic,B,0.0
r-navahrudski,2050,optimistic,B,0.0
r-svislacki,2050,optimistic,B,0.0
r-slonimski,2050,optimistic,B,-0.0
r-smarhonski,2050,optimistic,B,0.0
r-shchuchynski,2050,optimistic,B,-0.0
r-barysauski,2050,optimistic,B,-0.0
r-biarezinski,2050,optimistic,B,-0.0
r-valozhynski,2050,optimistic,B,0.0
r-vilejski,2050,optimistic,B,0.0
r-dziarzhynski,2050,optimistic,B,0.0
r-kapylski,2050,optimistic,B,-0.0
r-klecki,2050,optimistic,B,-0.0
r-krupski,2050,optimistic,B,0.0
r-lahojski,2050,optimistic,B,0.0
r-lubanski,2050,optimistic,B,0.0
r-maladziechanski,2050,optimistic,B,-0.0
r-minski,2050,optimistic,B,-0.0
r-miadzielski,2050,optimistic,B,-0.0
r-niasvizhski,2050,optimistic,B,0.0
r-puchavicki,2050,optimistic,B,-0.0
r-salihorski,2050,optimistic,B,-0.0
r-slucki,2050,optimistic,B,0.0
r-smalavicki,2050,optimistic,B,-0.0
r-staradarozhski,2050,optimistic,B,-0.0
r-staubcouski,2050,optimistic,B,-0.0
r-uzdzienski,2050,optimistic,B,0.0
r-chervienski,2050,optimistic,B,0.0
r-asipovicki,2050,optimistic,B,-0.0
r-babrujski,2050,optimistic,B,-0.0
r-bychauski,2050,optimistic,B,0.0
r-bialynicki,2050,optimistic,B,0.0
r-hluski,2050,optimistic,B,0.0
r-horacki,2050,optimistic,B,-0.0
r-drybinski,2050,optimistic,B,0.0
r-kasciukovicki,2050,optimistic,B,-0.0
r-kirauski,2050,optimistic,B,-0.0
r-klimavicki,2050,optimistic,B,0.0
r-klichauski,2050,optimistic,B,0.0
r-krasnapolski,2050,optimistic,B,-0.0
r-kruhlanski,2050,optimistic,B,0.0
r-krychauski,2050,optimistic,B,-0.0
r-mahilouski,2050,optimistic,B,0.0
r-mscislauski,2050,optimistic,B,-0.0
r-slauharadski,2050,optimistic,B,-0.0
r-chocimski,2050,optimistic,B,-0.0
r-chavuski,2050,optimistic,B,-0.0
r-cherykauski,2050,optimistic,B,0.0
r-shklouski,2050,optimistic,B,0.0
BY-HM,2050,optimistic,B,0.0
r-baranavicki,2026,negative,A,0.0
r-brescki,2026,negative,A,0.0
r-biarozauski,2026,negative,A,-0.0
r-hancavicki,2026,negative,A,-0.0
r-drahichynski,2026,negative,A,-0.0
r-zhabinkauski,2026,negative,A,0.0
r-ivanauski,2026,negative,A,0.0
r-ivacevicki,2026,negative,A,-0.0
r-kamianiecki,2026,negative,A,-0.0
r-kobrynski,2026,negative,A,0.0
r-luniniecki,2026,negative,A,0.0
r-lachavicki,2026,negative,A,-0.0
r-malarycki,2026,negative,A,-0.0
r-pinski,2026,negative,A,-0.0
r-pruzhanski,2026,negative,A,-0.0
r-stolinski,2026,negative,A,0.0
r-arshanski,2026,negative,A,-0.0
r-bieshankovicki,2026,negative,A,0.0
r-braslauski,2026,negative,A,0.0
r-vierchniadzvinski,2026,negative,A,0.0
r-viciebski,2026,negative,A,-0.0
r-haradocki,2026,negative,A,-0.0
r-hlybocki,2026,negative,A,0.0
r-dokshycki,2026,negative,A,0.0
r-dubrovienski,2026,negative,A,-0.0
r-loznienski,2026,negative,A,-0.0
r-lepielski,2026,negative,A,-0.0
r-mijorski,2026,negative,A,-0.0
r-pastauski,2026,negative,A,0.0
r-polacki,2026,negative,A,-0.0
r-rasonski,2026,negative,A,-0.0
r-siennienski,2026,negative,A,-0.0
r-talachynski,2026,negative,A,-0.0
r-ushacki,2026,negative,A,0.0
r-chashnicki,2026,negative,A,0.0
r-sharkoushchynski,2026,negative,A,-0.0
r-shumilinski,2026,negative,A,0.0
r-akciabrski,2026,negative,A,-0.0
r-brahinski,2026,negative,A,-0.0
r-buda-kashalouski,2026,negative,A,0.0
r-vietkauski,2026,negative,A,-0.0
r-homielski,2026,negative,A,0.0
r-dobrushski,2026,negative,A,-0.0
r-jelski,2026,negative,A,0.0
r-zhlobinski,2026,negative,A,0.0
r-zhytkavicki,2026,negative,A,-0.0
r-kalinkavicki,2026,negative,A,-0.0
r-karmianski,2026,negative,A,-0.0
r-lelchycki,2026,negative,A,-0.0
r-lojeuski,2026,negative,A,0.0
r-mazyrski,2026,negative,A,-0.0
r-naraulanski,2026,negative,A,0.0
r-pietrykauski,2026,negative,A,-0.0
r-rahachouski,2026,negative,A,-0.0
r-rechycki,2026,negative,A,0.0
r-svietlahorski,2026,negative,A,0.0
r-chojnicki,2026,negative,A,0.0
r-chacherski,2026,negative,A,0.0
r-astraviecki,2026,negative,A,-0.0
r-ashmianski,2026,negative,A,0.0
r-bierastavicki,2026,negative,A,-0.0
r-vaukavyski,2026,negative,A,0.0
r-voranauski,2026,negative,A,-0.0
r-hrodzienski,2026,negative,A,-0.0
r-dziatlauski,2026,negative,A,0.0
r-zelvienski,2026,negative,A,-0.0
r-iujeuski,2026,negative,A,-0.0
r-karelicki,2026,negative,A,0.0
r-lidski,2026,negative,A,-0.0
r-mastouski,2026,negative,A,0.0
r-navahrudski,2026,negative,A,0.0
r-svislacki,2026,negative,A,-0.0
r-slonimski,2026,negative,A,-0.0
r-smarhonski,2026,negative,A,0.0
r-shchuchynski,2026,negative,A,-0.0
r-barysauski,2026,negative,A,-0.0
r-biarezinski,2026,negative,A,0.0
r-valozhynski,2026,negative,A,0.0
r-vilejski,2026,negative,A,0.0
r-dziarzhynski,2026,negative,A,-0.0
r-kapylski,2026,negative,A,-0.0
r-klecki,2026,negative,A,0.0
r-krupski,2026,negative,A,0.0
r-lahojski,2026,negative,A,0.0
r-lubanski,2026,negative,A,-0.0
r-maladziechanski,2026,negative,A,-0.0
r-minski,2026,negative,A,-0.0
r-miadzielski,2026,negative,A,0.0
r-niasvizhski,2026,negative,A,0.0
r-puchavicki,2026,negative,A,0.0
r-salihorski,2026,negative,A,0.0
r-slucki,2026,negative,A,-0.0
r-smalavicki,2026,negative,A,-0.0
r-staradarozhski,2026,negative,A,0.0
r-staubcouski,2026,negative,A,0.0
r-uzdzienski,2026,negative,A,-0.0
r-chervienski,2026,negative,A,-0.0
r-asipovicki,2026,negative,A,-0.0
r-babrujski,2026,negative,A,0.0
r-bychauski,2026,negative,A,0.0
r-bialynicki,2026,negative,A,-0.0
r-hluski,2026,negative,A,0.0
r-horacki,2026,negative,A,0.0
r-drybinski,2026,negative,A,0.0
r-kasciukovicki,2026,negative,A,-0.0
r-kirauski,2026,negative,A,-0.0
r-klimavicki,2026,negative,A,0.0
r-klichauski,2026,negative,A,0.0
r-krasnapolski,2026,negative,A,0.0
r-kruhlanski,2026,negative,A,0.0
r-krychauski,2026,negative,A,-0.0
r-mahilouski,2026,negative,A,0.0
r-mscislauski,2026,negative,A,0.0
r-slauharadski,2026,negative,A,0.0
r-chocimski,2026,negative,A,0.0
r-chavuski,2026,negative,A,0.0
r-cherykauski,2026,negative,A,0.0
r-shklouski,2026,negative,A,-0.0
BY-HM,2026,negative,A,-0.0
r-baranavicki,2031,negative,A,-0.0
r-brescki,2031,negative,A,-0.0
r-biarozauski,2031,negative,A,0.0
r-hancavicki,2031,negative,A,0.0
r-drahichynski,2031,negative,A,-0.0
r-zhabinkauski,2031,negative,A,-0.0
r-ivanauski,2031,negative,A,-0.0
r-ivacevicki,2031,negative,A,-0.0
r-kamianiecki,2031,negative,A,0.0
r-kobrynski,2031,negative,A,0.0
r-luniniecki,2031,negative,A,-0.0
r-lachavicki,2031,negative,A,-0.0
r-malarycki,2031,negative,A,0.0
r-pinski,2031,negative,A,0.0
r-pruzhanski,2031,negative,A,0.0
r-stolinski,2031,negative,A,0.0
r-arshanski,2031,negative,A,0.0
r-bieshankovicki,2031,negative,A,-0.0
r-braslauski,2031,negative,A,0.0
r-vierchniadzvinski,2031,negative,A,0.0
r-viciebski,2031,negative,A,-0.0
r-haradocki,2031,negative,A,0.0
r-hlybocki,2031,negative,A,0.0
r-dokshycki,2031,negative,A,0.0
r-dubrovienski,2031,negative,A,0.0
r-loznienski,2031,negative,A,0.0
r-lepielski,2031,negative,A,0.0
r-mijorski,2031,negative,A,0.0
r-pastauski,2031,negative,A,-0.0
r-polacki,2031,negative,A,0.0
r-rasonski,2031,negative,A,-0.0
r-siennienski,2031,negative,A,0.0
r-talachynski,2031,negative,A,-0.0
r-ushacki,2031,negative,A,-0.0
r-chashnicki,2031,negative,A,0.0
r-sharkoushchynski,2031,negative,A,-0.0
r-shumilinski,2031,negative,A,0.0
r-akciabrski,2031,negative,A,0.0
r-brahinski,2031,negative,A,0.0
r-buda-kashalouski,2031,negative,A,-0.0
r-vietkauski,2031,negative,A,0.0
r-homielski,2031,negative,A,-0.0
r-dobrushski,2031,negative,A,0.0
r-jelski,2031,negative,A,-0.0
r-zhlobinski,2031,negative,A,0.0
r-zhytkavicki,2031,negative,A,0.0
r-kalinkavicki,2031,negative,A,-0.0
r-karmianski,2031,negative,A,-0.0
r-lelchycki,2031,negative,A,0.0
r-lojeuski,2031,negative,A,0.0
r-mazyrski,2031,negative,A,0.0
r-naraulanski,2031,negative,A,0.0
r-pietrykauski,2031,negative,A,-0.0
r-rahachouski,2031,negative,A,0.0
r-rechycki,2031,negative,A,0.0
r-svietlahorski,2031,negative,A,-0.0
r-chojnicki,2031,negative,A,0.0
r-chacherski,2031,negative,A,0.0
r-astraviecki,2031,negative,A,-0.0
r-ashmianski,2031,negative,A,0.0
r-bierastavicki,2031,negative,A,0.0
r-vaukavyski,2031,negative,A,-0.0
r-voranauski,2031,negative,A,0.0
r-hrodzienski,2031,negative,A,0.0
r-dziatlauski,2031,negative,A,0.0
r-zelvienski,2031,negative,A,-0.0
r-iujeuski,2031,negative,A,0.0
r-karelicki,2031,negative,A,0.0
r-lidski,2031,negative,A,0.0
r-mastouski,2031,negative,A,-0.0
r-navahrudski,2031,negative,A,-0.0
r-svislacki,2031,negative,A,-0.0
r-slonimski,2031,negative,A,-0.0
r-smarhonski,2031,negative,A,0.0
r-shchuchynski,2031,negative,A,0.0
r-barysauski,2031,negative,A,-0.0
r-biarezinski,2031,negative,A,-0.0
r-valozhynski,2031,negative,A,0.0
r-vilejski,2031,negative,A,0.0
r-dziarzhynski,2031,negative,A,-0.0
r-kapylski,2031,negative,A,-0.0
r-klecki,2031,negative,A,0.0
r-krupski,2031,negative,A,-0.0
r-lahojski,2031,negative,A,0.0
r-lubanski,2031,negative,A,0.0
r-maladziechanski,2031,negative,A,0.0
r-minski,2031,negative,A,0.0
r-miadzielski,2031,negative,A,0.0
r-niasvizhski,2031,negative,A,-0.0
r-puchavicki,2031,negative,A,-0.0
r-salihorski,2031,negative,A,-0.0
r-slucki,2031,negative,A,0.0
r-smalavicki,2031,negative,A,0.0
r-staradarozhski,2031,negative,A,-0.0
r-staubcouski,2031,negative,A,0.0
r-uzdzienski,2031,negative,A,-0.0
r-chervienski,2031,negative,A,0.0
r-asipovicki,2031,negative,A,0.0
r-babrujski,2031,negative,A,0.0
r-bychauski,2031,negative,A,0.0
r-bialynicki,2031,negative,A,-0.0
r-hluski,2031,negative,A,0.0
r-horacki,2031,negative,A,-0.0
r-drybinski,2031,negative,A,-0.0
r-kasciukovicki,2031,negative,A,-0.0
r-kirauski,2031,negative,A,0.0
r-klimavicki,2031,negative,A,-0.0
r-klichauski,2031,negative,A,-0.0
r-krasnapolski,2031,negative,A,0.0
r-kruhlanski,2031,negative,A,-0.0
r-krychauski,2031,negative,A,-0.0
r-mahilouski,2031,negative,A,0.0
r-mscislauski,2031,negative,A,0.0
r-slauharadski,2031,negative,A,0.0
r-chocimski,2031,negative,A,0.0
r-chavuski,2031,negative,A,-0.0
r-cherykauski,2031,negative,A,-0.0
r-shklouski,2031,negative,A,-0.0
BY-HM,2031,negative,A,0.0
r-baranavicki,2036,negative,A,0.0
r-brescki,2036,negative,A,0.0
r-biarozauski,2036,negative,A,-0.0
r-hancavicki,2036,negative,A,-0.0
r-drahichynski,2036,negative,A,-0.0
r-zhabinkauski,2036,negative,A,-0.0
r-ivanauski,2036,negative,A,0.0
r-ivacevicki,2036,negative,A,-0.0
r-kamianiecki,2036,negative,A,-0.0
r-kobrynski,2036,negative,A,0.0
r-luniniecki,2036,negative,A,-0.0
r-lachavicki,2036,negative,A,-0.0
r-malarycki,2036,negative,A,0.0
r-pinski,2036,negative,A,-0.0
r-pruzhanski,2036,negative,A,-0.0
r-stolinski,2036,negative,A,-0.0
r-arshanski,2036,negative,A,0.0
r-bieshankovicki,2036,negative,A,0.0
r-braslauski,2036,negative,A,-0.0
r-vierchniadzvinski,2036,negative,A,-0.0
r-viciebski,2036,negative,A,-0.0
r-haradocki,2036,negative,A,0.0
r-hlybocki,2036,negative,A,-0.0
r-dokshycki,2036,negative,A,-0.0
r-dubrovienski,2036,negative,A,0.0
r-loznienski,2036,negative,A,-0.0
r-lepielski,2036,negative,A,0.0
r-mijorski,2036,negative,A,0.0
r-pastauski,2036,negative,A,0.0
r-polacki,2036,negative,A,0.0
r-rasonski,2036,negative,A,-0.0
r-siennienski,2036,negative,A,-0.0
r-talachynski,2036,negative,A,0.0
r-ushacki,2036,negative,A,-0.0
r-chashnicki,2036,negative,A,0.0
r-sharkoushchynski,2036,negative,A,0.0
r-shumilinski,2036,negative,A,-0.0
r-akciabrski,2036,negative,A,-0.0
r-brahinski,2036,negative,A,-0.0
r-buda-kashalouski,2036,negative,A,0.0
r-vietkauski,2036,negative,A,-0.0
r-homielski,2036,negative,A,0.0
r-dobrushski,2036,negative,A,0.0
r-jelski,2036,negative,A,-0.0
r-zhlobinski,2036,negative,A,0.0
r-zhytkavicki,2036,negative,A,0.0
r-kalinkavicki,2036,negative,A,0.0
r-karmianski,2036,negative,A,0.0
r-lelchycki,2036,negative,A,0.0
r-lojeuski,2036,negative,A,-0.0
r-mazyrski,2036,negative,A,-0.0
r-naraulanski,2036,negative,A,0.0
r-pietrykauski,2036,negative,A,-0.0
r-rahachouski,2036,negative,A,-0.0
r-rechycki,2036,negative,A,0.0
r-svietlahorski,2036,negative,A,-0.0
r-chojnicki,2036,negative,A,-0.0
r-chacherski,2036,negative,A,0.0
r-astraviecki,2036,negative,A,-0.0
r-ashmianski,2036,negative,A,0.0
r-bierastavicki,2036,negative,A,0.0
r-vaukavyski,2036,negative,A,0.0
r-voranauski,2036,negative,A,-0.0
r-hrodzienski,2036,negative,A,0.0
r-dziatlauski,2036,negative,A,0.0
r-zelvienski,2036,negative,A,0.0
r-iujeuski,2036,negative,A,0.0
r-karelicki,2036,negative,A,-0.0
r-lidski,2036,negative,A,0.0
r-mastouski,2036,negative,A,0.0
r-navahrudski,2036,negative,A,0.0
r-svislacki,2036,negative,A,-0.0
r-slonimski,2036,negative,A,0.0
r-smarhonski,2036,negative,A,0.0
r-shchuchynski,2036,negative,A,0.0
r-barysauski,2036,negative,A,0.0
r-biarezinski,2036,negative,A,0.0
r-valozhynski,2036,negative,A,0.0
r-vilejski,2036,negative,A,0.0
r-dziarzhynski,2036,negative,A,0.0
r-kapylski,2036,negative,A,-0.0
r-klecki,2036,negative,A,0.0
r-krupski,2036,negative,A,-0.0
r-lahojski,2036,negative,A,0.0
r-lubanski,2036,negative,A,0.0
r-maladziechanski,2036,negative,A,0.0
r-minski,2036,negative,A,-0.0
r-miadzielski,2036,negative,A,0.0
r-niasvizhski,2036,negative,A,0.0
r-puchavicki,2036,negative,A,-0.0
r-salihorski,2036,negative,A,-0.0
r-slucki,2036,negative,A,0.0
r-smalavicki,2036,negative,A,-0.0
r-staradarozhski,2036,negative,A,0.0
r-staubcouski,2036,negative,A,-0.0
r-uzdzienski,2036,negative,A,0.0
r-chervienski,2036,negative,A,0.0
r-asipovicki,2036,negative,A,0.0
r-babrujski,2036,negative,A,-0.0
r-bychauski,2036,negative,A,0.0
r-bialynicki,2036,negative,A,0.0
r-hluski,2036,negative,A,0.0
r-horacki,2036,negative,A,0.0
r-drybinski,2036,negative,A,-0.0
r-kasciukovicki,2036,negative,A,0.0
r-kirauski,2036,negative,A,0.0
r-klimavicki,2036,negative,A,-0.0
r-klichauski,2036,negative,A,-0.0
r-krasnapolski,2036,negative,A,-0.0
r-kruhlanski,2036,negative,A,0.0
r-krychauski,2036,negative,A,-0.0
r-mahilouski,2036,negative,A,-0.0
r-mscislauski,2036,negative,A,-0.0
r-slauharadski,2036,negative,A,0.0
r-chocimski,2036,negative,A,-0.0
r-chavuski,2036,negative,A,0.0
r-cherykauski,2036,negative,A,0.0
r-shklouski,2036,negative,A,0.0
BY-HM,2036,negative,A,0.0
r-baranavicki,2041,negative,A,-0.0
r-brescki,2041,negative,A,-0.0
r-biarozauski,2041,negative,A,-0.0
r-hancavicki,2041,negative,A,-0.0
r-drahichynski,2041,negative,A,-0.0
r-zhabinkauski,2041,negative,A,0.0
r-ivanauski,2041,negative,A,-0.0
r-ivacevicki,2041,negative,A,-0.0
r-kamianiecki,2041,negative,A,-0.0
r-kobrynski,2041,negative,A,-0.0
r-luniniecki,2041,negative,A,-0.0
r-lachavicki,2041,negative,A,0.0
r-malarycki,2041,negative,A,0.0
r-pinski,2041,negative,A,0.0
r-pruzhanski,2041,negative,A,0.0
r-stolinski,2041,negative,A,0.0
r-arshanski,2041,negative,A,-0.0
r-bieshankovicki,2041,negative,A,0.0
r-braslauski,2041,negative,A,-0.0
r-vierchniadzvinski,2041,negative,A,-0.0
r-viciebski,2041,negative,A,-0.0
r-haradocki,2041,negative,A,0.0
r-hlybocki,2041,negative,A,0.0
r-dokshycki,2041,negative,A,0.0
r-dubrovienski,2041,negative,A,-0.0
r-loznienski,2041,negative,A,0.0
r-lepielski,2041,negative,A,-0.0
r-mijorski,2041,negative,A,0.0
r-pastauski,2041,negative,A,-0.0
r-polacki,2041,negative,A,-0.0
r-rasonski,2041,negative,A,-0.0
r-siennienski,2041,negative,A,-0.0
r-talachynski,2041,negative,A,0.0
r-ushacki,2041,negative,A,0.0
r-chashnicki,2041,negative,A,0.0
r-sharkoushchynski,2041,negative,A,0.0
r-shumilinski,2041,negative,A,0.0
r-akciabrski,2041,negative,A,-0.0
r-brahinski,2041,negative,A,-0.0
r-buda-kashalouski,2041,negative,A,0.0
r-vietkauski,2041,negative,A,0.0
r-homielski,2041,negative,A,0.0
r-dobrushski,2041,negative,A,0.0
r-jelski,2041,negative,A,0.0
r-zhlobinski,2041,negative,A,0.0
r-zhytkavicki,2041,negative,A,-0.0
r-kalinkavicki,2041,negative,A,0.0
r-karmianski,2041,negative,A,-0.0
r-lelchycki,2041,negative,A,-0.0
r-lojeuski,2041,negative,A,0.0
r-mazyrski,2041,negative,A,-0.0
r-naraulanski,2041,negative,A,-0.0
r-pietrykauski,2041,negative,A,0.0
r-rahachouski,2041,negative,A,0.0
r-rechycki,2041,negative,A,0.0
r-svietlahorski,2041,negative,A,0.0
r-chojnicki,2041,negative,A,-0.0
r-chacherski,2041,negative,A,0.0
r-astraviecki,2041,negative,A,-0.0
r-ashmianski,2041,negative,A,0.0
r-bierastavicki,2041,negative,A,-0.0
r-vaukavyski,2041,negative,A,-0.0
r-voranauski,2041,negative,A,0.0
r-hrodzienski,2041,negative,A,-0.0
r-dziatlauski,2041,negative,A,-0.0
r-zelvienski,2041,negative,A,0.0
r-iujeuski,2041,negative,A,-0.0
r-karelicki,2041,negative,A,-0.0
r-lidski,2041,negative,A,-0.0
r-mastouski,2041,negative,A,-0.0
r-navahrudski,2041,negative,A,-0.0
r-svislacki,2041,negative,A,0.0
r-slonimski,2041,negative,A,-0.0
r-smarhonski,2041,negative,A,0.0
r-shchuchynski,2041,negative,A,-0.0
r-barysauski,2041,negative,A,-0.0
r-biarezinski,2041,negative,A,-0.0
r-valozhynski,2041,negative,A,0.0
r-vilejski,2041,negative,A,-0.0
r-dziarzhynski,2041,negative,A,0.0
r-kapylski,2041,negative,A,-0.0
r-klecki,2041,negative,A,0.0
r-krupski,2041,negative,A,0.0
r-lahojski,2041,negative,A,0.0
r-lubanski,2041,negative,A,-0.0
r-maladziechanski,2041,negative,A,-0.0
r-minski,2041,negative,A,-0.0
r-miadzielski,2041,negative,A,0.0
r-niasvizhski,2041,negative,A,0.0
r-puchavicki,2041,negative,A,0.0
r-salihorski,2041,negative,A,0.0
r-slucki,2041,negative,A,0.0
r-smalavicki,2041,negative,A,-0.0
r-staradarozhski,2041,negative,A,0.0
r-staubcouski,2041,negative,A,-0.0
r-uzdzienski,2041,negative,A,0.0
r-chervienski,2041,negative,A,-0.0
r-asipovicki,2041,negative,A,0.0
r-babrujski,2041,negative,A,0.0
r-bychauski,2041,negative,A,0.0
r-bialynicki,2041,negative,A,-0.0
r-hluski,2041,negative,A,-0.0
r-horacki,2041,negative,A,0.0
r-drybinski,2041,negative,A,0.0
r-kasciukovicki,2041,negative,A,-0.0
r-kirauski,2041,negative,A,0.0
r-klimavicki,2041,negative,A,0.0
r-klichauski,2041,negative,A,0.0
r-krasnapolski,2041,negative,A,0.0
r-kruhlanski,2041,negative,A,0.0
r-krychauski,2041,negative,A,0.0
r-mahilouski,2041,negative,A,0.0
r-mscislauski,2041,negative,A,0.0
r-slauharadski,2041,negative,A,0.0
r-chocimski,2041,negative,A,0.0
r-chavuski,2041,negative,A,0.0
r-cherykauski,2041,negative,A,0.0
r-shklouski,2041,negative,A,0.0
BY-HM,2041,negative,A,-0.0
r-baranavicki,2046,negative,A,-0.0
r-brescki,2046,negative,A,-0.0
r-biarozauski,2046,negative,A,0.0
r-hancavicki,2046,negative,A,0.0
r-drahichynski,2046,negative,A,0.0
r-zhabinkauski,2046,negative,A,-0.0
r-ivanauski,2046,negative,A,0.0
r-ivacevicki,2046,negative,A,0.0
r-kamianiecki,2046,negative,A,-0.0
r-kobrynski,2046,negative,A,0.0
r-luniniecki,2046,negative,A,0.0
r-lachavicki,2046,negative,A,0.0
r-malarycki,2046,negative,A,-0.0
r-pinski,2046,negative,A,-0.0
r-pruzhanski,2046,negative,A,-0.0
r-stolinski,2046,negative,A,0.0
r-arshanski,2046,negative,A,0.0
r-bieshankovicki,2046,negative,A,-0.0
r-braslauski,2046,negative,A,-0.0
r-vierchniadzvinski,2046,negative,A,-0.0
r-viciebski,2046,negative,A,-0.0
r-haradocki,2046,negative,A,0.0
r-hlybocki,2046,negative,A,-0.0
r-dokshycki,2046,negative,A,0.0
r-dubrovienski,2046,negative,A,0.0
r-loznienski,2046,negative,A,-0.0
r-lepielski,2046,negative,A,-0.0
r-mijorski,2046,negative,A,0.0
r-pastauski,2046,negative,A,0.0
r-polacki,2046,negative,A,-0.0
r-rasonski,2046,negative,A,-0.0
r-siennienski,2046,negative,A,-0.0
r-talachynski,2046,negative,A,-0.0
r-ushacki,2046,negative,A,0.0
r-chashnicki,2046,negative,A,0.0
r-sharkoushchynski,2046,negative,A,-0.0
r-shumilinski,2046,negative,A,0.0
r-akciabrski,2046,negative,A,0.0
r-brahinski,2046,negative,A,-0.0
r-buda-kashalouski,2046,negative,A,-0.0
r-vietkauski,2046,negative,A,0.0
r-homielski,2046,negative,A,-0.0
r-dobrushski,2046,negative,A,0.0
r-jelski,2046,negative,A,0.0
r-zhlobinski,2046,negative,A,-0.0
r-zhytkavicki,2046,negative,A,-0.0
r-kalinkavicki,2046,negative,A,0.0
r-karmianski,2046,negative,A,0.0
r-lelchycki,2046,negative,A,-0.0
r-lojeuski,2046,negative,A,-0.0
r-mazyrski,2046,negative,A,0.0
r-naraulanski,2046,negative,A,-0.0
r-pietrykauski,2046,negative,A,0.0
r-rahachouski,2046,negative,A,0.0
r-rechycki,2046,negative,A,0.0
r-svietlahorski,2046,negative,A,0.0
r-chojnicki,2046,negative,A,-0.0
r-chacherski,2046,negative,A,0.0
r-astraviecki,2046,negative,A,-0.0
r-ashmianski,2046,negative,A,0.0
r-bierastavicki,2046,negative,A,-0.0
r-vaukavyski,2046,negative,A,0.0
r-voranauski,2046,negative,A,-0.0
r-hrodzienski,2046,negative,A,-0.0
r-dziatlauski,2046,negative,A,0.0
r-zelvienski,2046,negative,A,-0.0
r-iujeuski,2046,negative,A,0.0
r-karelicki,2046,negative,A,0.0
r-lidski,2046,negative,A,-0.0
r-mastouski,2046,negative,A,0.0
r-navahrudski,2046,negative,A,0.0
r-svislacki,2046,negative,A,-0.0
r-slonimski,2046,negative,A,0.0
r-smarhonski,2046,negative,A,0.0
r-shchuchynski,2046,negative,A,0.0
r-barysauski,2046,negative,A,-0.0
r-biarezinski,2046,negative,A,-0.0
r-valozhynski,2046,negative,A,0.0
r-vilejski,2046,negative,A,0.0
r-dziarzhynski,2046,negative,A,0.0
r-kapylski,2046,negative,A,-0.0
r-klecki,2046,negative,A,-0.0
r-krupski,2046,negative,A,0.0
r-lahojski,2046,negative,A,0.0
r-lubanski,2046,negative,A,-0.0
r-maladziechanski,2046,negative,A,0.0
r-minski,2046,negative,A,-0.0
r-miadzielski,2046,negative,A,-0.0
r-niasvizhski,2046,negative,A,-0.0
r-puchavicki,2046,negative,A,0.0
r-salihorski,2046,negative,A,0.0
r-slucki,2046,negative,A,-0.0
r-smalavicki,2046,negative,A,-0.0
r-staradarozhski,2046,negative,A,-0.0
r-staubcouski,2046,negative,A,-0.0
r-uzdzienski,2046,negative,A,-0.0
r-chervienski,2046,negative,A,0.0
r-asipovicki,2046,negative,A,0.0
r-babrujski,2046,negative,A,-0.0
r-bychauski,2046,negative,A,0.0
r-bialynicki,2046,negative,A,-0.0
r-hluski,2046,negative,A,0.0
r-horacki,2046,negative,A,0.0
r-drybinski,2046,negative,A,-0.0
r-kasciukovicki,2046,negative,A,-0.0
r-kirauski,2046,negative,A,0.0
r-klimavicki,2046,negative,A,0.0
r-klichauski,2046,negative,A,-0.0
r-krasnapolski,2046,negative,A,0.0
r-kruhlanski,2046,negative,A,-0.0
r-krychauski,2046,negative,A,0.0
r-mahilouski,2046,negative,A,0.0
r-mscislauski,2046,negative,A,-0.0
r-slauharadski,2046,negative,A,0.0
r-chocimski,2046,negative,A,0.0
r-chavuski,2046,negative,A,0.0
r-cherykauski,2046,negative,A,-0.0
r-shklouski,2046,negative,A,0.0
BY-HM,2046,negative,A,0.0
r-baranavicki,2050,negative,A,0.0
r-brescki,2050,negative,A,-0.0
r-biarozauski,2050,negative,A,0.0
r-hancavicki,2050,negative,A,0.0
r-drahichynski,2050,negative,A,0.0
r-zhabinkauski,2050,negative,A,0.0
r-ivanauski,2050,negative,A,0.0
r-ivacevicki,2050,negative,A,-0.0
r-kamianiecki,2050,negative,A,-0.0
r-kobrynski,2050,negative,A,-0.0
r-luniniecki,2050,negative,A,-0.0
r-lachavicki,2050,negative,A,-0.0
r-malarycki,2050,negative,A,0.0
r-pinski,2050,negative,A,-0.0
r-pruzhanski,2050,negative,A,-0.0
r-stolinski,2050,negative,A,0.0
r-arshanski,2050,negative,A,-0.0
r-bieshankovicki,2050,negative,A,0.0
r-braslauski,2050,negative,A,0.0
r-vierchniadzvinski,2050,negative,A,0.0
r-viciebski,2050,negative,A,-0.0
r-haradocki,2050,negative,A,0.0
r-hlybocki,2050,negative,A,-0.0
r-dokshycki,2050,negative,A,-0.0
r-dubrovienski,2050,negative,A,0.0
r-loznienski,2050,negative,A,-0.0
r-lepielski,2050,negative,A,-0.0
r-mijorski,2050,negative,A,0.0
r-pastauski,2050,negative,A,-0.0
r-polacki,2050,negative,A,0.0
r-rasonski,2050,negative,A,-0.0
r-siennienski,2050,negative,A,-0.0
r-talachynski,2050,negative,A,-0.0
r-ushacki,2050,negative,A,-0.0
r-chashnicki,2050,negative,A,-0.0
r-sharkoushchynski,2050,negative,A,0.0
r-shumilinski,2050,negative,A,-0.0
r-akciabrski,2050,negative,A,0.0
r-brahinski,2050,negative,A,-0.0
r-buda-kashalouski,2050,negative,A,-0.0
r-vietkauski,2050,negative,A,-0.0
r-homielski,2050,negative,A,0.0
r-dobrushski,2050,negative,A,0.0
r-jelski,2050,negative,A,-0.0
r-zhlobinski,2050,negative,A,0.0
r-zhytkavicki,2050,negative,A,0.0
r-kalinkavicki,2050,negative,A,0.0
r-karmianski,2050,negative,A,0.0
r-lelchycki,2050,negative,A,-0.0
r-lojeuski,2050,negative,A,0.0
r-mazyrski,2050,negative,A,0.0
r-naraulanski,2050,negative,A,0.0
r-pietrykauski,2050,negative,A,-0.0
r-rahachouski,2050,negative,A,-0.0
r-rechycki,2050,negative,A,-0.0
r-svietlahorski,2050,negative,A,-0.0
r-chojnicki,2050,negative,A,-0.0
r-chacherski,2050,negative,A,0.0
r-astraviecki,2050,negative,A,0.0
r-ashmianski,2050,negative,A,-0.0
r-bierastavicki,2050,negative,A,0.0
r-vaukavyski,2050,negative,A,0.0
r-voranauski,2050,negative,A,-0.0
r-hrodzienski,2050,negative,A,-0.0
r-dziatlauski,2050,negative,A,0.0
r-zelvienski,2050,negative,A,0.0
r-iujeuski,2050,negative,A,0.0
r-karelicki,2050,negative,A,-0.0
r-lidski,2050,negative,A,-0.0
r-mastouski,2050,negative,A,-0.0
r-navahrudski,2050,negative,A,-0.0
r-svislacki,2050,negative,A,-0.0
r-slonimski,2050,negative,A,-0.0
r-smarhonski,2050,negative,A,-0.0
r-shchuchynski,2050,negative,A,0.0
r-barysauski,2050,negative,A,-0.0
r-biarezinski,2050,negative,A,0.0
r-valozhynski,2050,negative,A,0.0
r-vilejski,2050,negative,A,0.0
r-dziarzhynski,2050,negative,A,-0.0
r-kapylski,2050,negative,A,0.0
r-klecki,2050,negative,A,0.0
r-krupski,2050,negative,A,-0.0
r-lahojski,2050,negative,A,0.0
r-lubanski,2050,negative,A,0.0
r-maladziechanski,2050,negative,A,-0.0
r-minski,2050,negative,A,0.0
r-miadzielski,2050,negative,A,-0.0
r-niasvizhski,2050,negative,A,0.0
r-puchavicki,2050,negative,A,0.0
r-salihorski,2050,negative,A,-0.0
r-slucki,2050,negative,A,-0.0
r-smalavicki,2050,negative,A,0.0
r-staradarozhski,2050,negative,A,-0.0
r-staubcouski,2050,negative,A,0.0
r-uzdzienski,2050,negative,A,0.0
r-chervienski,2050,negative,A,-0.0
r-asipovicki,2050,negative,A,0.0
r-babrujski,2050,negative,A,0.0
r-bychauski,2050,negative,A,-0.0
r-bialynicki,2050,negative,A,-0.0
r-hluski,2050,negative,A,-0.0
r-horacki,2050,negative,A,0.0
r-drybinski,2050,negative,A,0.0
r-kasciukovicki,2050,negative,A,0.0
r-kirauski,2050,negative,A,-0.0
r-klimavicki,2050,negative,A,0.0
r-klichauski,2050,negative,A,0.0
r-krasnapolski,2050,negative,A,-0.0
r-kruhlanski,2050,negative,A,0.0
r-krychauski,2050,negative,A,-0.0
r-mahilouski,2050,negative,A,-0.0
r-mscislauski,2050,negative,A,-0.0
r-slauharadski,2050,negative,A,0.0
r-chocimski,2050,negative,A,0.0
r-chavuski,2050,negative,A,-0.0
r-cherykauski,2050,negative,A,-0.0
r-shklouski,2050,negative,A,0.0
BY-HM,2050,negative,A,0.0
r-baranavicki,2026,negative,B,0.0
r-brescki,2026,negative,B,0.0
r-biarozauski,2026,negative,B,0.0
r-hancavicki,2026,negative,B,0.0
r-drahichynski,2026,negative,B,-0.0
r-zhabinkauski,2026,negative,B,-0.0
r-ivanauski,2026,negative,B,0.0
r-ivacevicki,2026,negative,B,-0.0
r-kamianiecki,2026,negative,B,0.0
r-kobrynski,2026,negative,B,0.0
r-luniniecki,2026,negative,B,-0.0
r-lachavicki,2026,negative,B,0.0
r-malarycki,2026,negative,B,0.0
r-pinski,2026,negative,B,0.0
r-pruzhanski,2026,negative,B,-0.0
r-stolinski,2026,negative,B,0.0
r-arshanski,2026,negative,B,-0.0
r-bieshankovicki,2026,negative,B,0.0
r-braslauski,2026,negative,B,-0.0
r-vierchniadzvinski,2026,negative,B,-0.0
r-viciebski,2026,negative,B,0.0
r-haradocki,2026,negative,B,-0.0
r-hlybocki,2026,negative,B,0.0
r-dokshycki,2026,negative,B,0.0
r-dubrovienski,2026,negative,B,0.0
r-loznienski,2026,negative,B,0.0
r-lepielski,2026,negative,B,0.0
r-mijorski,2026,negative,B,0.0
r-pastauski,2026,negative,B,-0.0
r-polacki,2026,negative,B,-0.0
r-rasonski,2026,negative,B,-0.0
r-siennienski,2026,negative,B,0.0
r-talachynski,2026,negative,B,-0.0
r-ushacki,2026,negative,B,0.0
r-chashnicki,2026,negative,B,-0.0
r-sharkoushchynski,2026,negative,B,-0.0
r-shumilinski,2026,negative,B,-0.0
r-akciabrski,2026,negative,B,-0.0
r-brahinski,2026,negative,B,-0.0
r-buda-kashalouski,2026,negative,B,0.0
r-vietkauski,2026,negative,B,-0.0
r-homielski,2026,negative,B,-0.0
r-dobrushski,2026,negative,B,0.0
r-jelski,2026,negative,B,0.0
r-zhlobinski,2026,negative,B,-0.0
r-zhytkavicki,2026,negative,B,0.0
r-kalinkavicki,2026,negative,B,0.0
r-karmianski,2026,negative,B,-0.0
r-lelchycki,2026,negative,B,0.0
r-lojeuski,2026,negative,B,0.0
r-mazyrski,2026,negative,B,-0.0
r-naraulanski,2026,negative,B,-0.0
r-pietrykauski,2026,negative,B,0.0
r-rahachouski,2026,negative,B,0.0
r-rechycki,2026,negative,B,0.0
r-svietlahorski,2026,negative,B,0.0
r-chojnicki,2026,negative,B,-0.0
r-chacherski,2026,negative,B,-0.0
r-astraviecki,2026,negative,B,-0.0
r-ashmianski,2026,negative,B,-0.0
r-bierastavicki,2026,negative,B,0.0
r-vaukavyski,2026,negative,B,-0.0
r-voranauski,2026,negative,B,-0.0
r-hrodzienski,2026,negative,B,0.0
r-dziatlauski,2026,negative,B,0.0
r-zelvienski,2026,negative,B,-0.0
r-iujeuski,2026,negative,B,-0.0
r-karelicki,2026,negative,B,0.0
r-lidski,2026,negative,B,-0.0
r-mastouski,2026,negative,B,-0.0
r-navahrudski,2026,negative,B,0.0
r-svislacki,2026,negative,B,0.0
r-slonimski,2026,negative,B,0.0
r-smarhonski,2026,negative,B,0.0
r-shchuchynski,2026,negative,B,0.0
r-barysauski,2026,negative,B,0.0
r-biarezinski,2026,negative,B,0.0
r-valozhynski,2026,negative,B,-0.0
r-vilejski,2026,negative,B,0.0
r-dziarzhynski,2026,negative,B,0.0
r-kapylski,2026,negative,B,0.0
r-klecki,2026,negative,B,0.0
r-krupski,2026,negative,B,0.0
r-lahojski,2026,negative,B,0.0
r-lubanski,2026,negative,B,0.0
r-maladziechanski,2026,negative,B,0.0
r-minski,2026,negative,B,-0.0
r-miadzielski,2026,negative,B,0.0
r-niasvizhski,2026,negative,B,0.0
r-puchavicki,2026,negative,B,0.0
r-salihorski,2026,negative,B,-0.0
r-slucki,2026,negative,B,-0.0
r-smalavicki,2026,negative,B,-0.0
r-staradarozhski,2026,negative,B,0.0
r-staubcouski,2026,negative,B,0.0
r-uzdzienski,2026,negative,B,-0.0
r-chervienski,2026,negative,B,0.0
r-asipovicki,2026,negative,B,-0.0
r-babrujski,2026,negative,B,-0.0
r-bychauski,2026,negative,B,0.0
r-bialynicki,2026,negative,B,-0.0
r-hluski,2026,negative,B,0.0
r-horacki,2026,negative,B,0.0
r-drybinski,2026,negative,B,-0.0
r-kasciukovicki,2026,negative,B,-0.0
r-kirauski,2026,negative,B,-0.0
r-klimavicki,2026,negative,B,0.0
r-klichauski,2026,negative,B,0.0
r-krasnapolski,2026,negative,B,0.0
r-kruhlanski,2026,negative,B,0.0
r-krychauski,2026,negative,B,0.0
r-mahilouski,2026,negative,B,0.0
r-mscislauski,2026,negative,B,-0.0
r-slauharadski,2026,negative,B,-0.0
r-chocimski,2026,negative,B,0.0
r-chavuski,2026,negative,B,0.0
r-cherykauski,2026,negative,B,-0.0
r-shklouski,2026,negative,B,-0.0
BY-HM,2026,negative,B,-0.0
r-baranavicki,2031,negative,B,-0.0
r-brescki,2031,negative,B,0.0
r-biarozauski,2031,negative,B,-0.0
r-hancavicki,2031,negative,B,0.0
r-drahichynski,2031,negative,B,0.0
r-zhabinkauski,2031,negative,B,0.0
r-ivanauski,2031,negative,B,-0.0
r-ivacevicki,2031,negative,B,-0.0
r-kamianiecki,2031,negative,B,0.0
r-kobrynski,2031,negative,B,0.0
r-luniniecki,2031,negative,B,-0.0
r-lachavicki,2031,negative,B,0.0
r-malarycki,2031,negative,B,0.0
r-pinski,2031,negative,B,0.0
r-pruzhanski,2031,negative,B,-0.0
r-stolinski,2031,negative,B,0.0
r-arshanski,2031,negative,B,0.0
r-bieshankovicki,2031,negative,B,0.0
r-braslauski,2031,negative,B,-0.0
r-vierchniadzvinski,2031,negative,B,-0.0
r-viciebski,2031,negative,B,0.0
r-haradocki,2031,negative,B,0.0
r-hlybocki,2031,negative,B,0.0
r-dokshycki,2031,negative,B,-0.0
r-dubrovienski,2031,negative,B,0.0
r-loznienski,2031,negative,B,0.0
r-lepielski,2031,negative,B,0.0
r-mijorski,2031,negative,B,-0.0
r-pastauski,2031,negative,B,0.0
r-polacki,2031,negative,B,-0.0
r-rasonski,2031,negative,B,0.0
r-siennienski,2031,negative,B,-0.0
r-talachynski,2031,negative,B,-0.0
r-ushacki,2031,negative,B,-0.0
r-chashnicki,2031,negative,B,0.0
r-sharkoushchynski,2031,negative,B,-0.0
r-shumilinski,2031,negative,B,-0.0
r-akciabrski,2031,negative,B,0.0
r-brahinski,2031,negative,B,0.0
r-buda-kashalouski,2031,negative,B,0.0
r-vietkauski,2031,negative,B,0.0
r-homielski,2031,negative,B,-0.0
r-dobrushski,2031,negative,B,0.0
r-jelski,2031,negative,B,0.0
r-zhlobinski,2031,negative,B,-0.0
r-zhytkavicki,2031,negative,B,-0.0
r-kalinkavicki,2031,negative,B,-0.0
r-karmianski,2031,negative,B,0.0
r-lelchycki,2031,negative,B,-0.0
r-lojeuski,2031,negative,B,0.0
r-mazyrski,2031,negative,B,0.0
r-naraulanski,2031,negative,B,0.0
r-pietrykauski,2031,negative,B,-0.0
r-rahachouski,2031,negative,B,-0.0
r-rechycki,2031,negative,B,-0.0
r-svietlahorski,2031,negative,B,0.0
r-chojnicki,2031,negative,B,-0.0
r-chacherski,2031,negative,B,-0.0
r-astraviecki,2031,negative,B,-0.0
r-ashmianski,2031,negative,B,0.0
r-bierastavicki,2031,negative,B,0.0
r-vaukavyski,2031,negative,B,-0.0
r-voranauski,2031,negative,B,-0.0
r-hrodzienski,2031,negative,B,-0.0
r-dziatlauski,2031,negative,B,0.0
r-zelvienski,2031,negative,B,0.0
r-iujeuski,2031,negative,B,0.0
r-karelicki,2031,negative,B,-0.0
r-lidski,2031,negative,B,-0.0
r-mastouski,2031,negative,B,-0.0
r-navahrudski,2031,negative,B,-0.0
r-svislacki,2031,negative,B,-0.0
r-slonimski,2031,negative,B,-0.0
r-smarhonski,2031,negative,B,-0.0
r-shchuchynski,2031,negative,B,0.0
r-barysauski,2031,negative,B,-0.0
r-biarezinski,2031,negative,B,-0.0
r-valozhynski,2031,negative,B,-0.0
r-vilejski,2031,negative,B,0.0
r-dziarzhynski,2031,negative,B,0.0
r-kapylski,2031,negative,B,-0.0
r-klecki,2031,negative,B,-0.0
r-krupski,2031,negative,B,0.0
r-lahojski,2031,negative,B,0.0
r-lubanski,2031,negative,B,-0.0
r-maladziechanski,2031,negative,B,0.0
r-minski,2031,negative,B,-0.0
r-miadzielski,2031,negative,B,0.0
r-niasvizhski,2031,negative,B,-0.0
r-puchavicki,2031,negative,B,0.0
r-salihorski,2031,negative,B,0.0
r-slucki,2031,negative,B,0.0
r-smalavicki,2031,negative,B,-0.0
r-staradarozhski,2031,negative,B,0.0
r-staubcouski,2031,negative,B,-0.0
r-uzdzienski,2031,negative,B,-0.0
r-chervienski,2031,negative,B,0.0
r-asipovicki,2031,negative,B,0.0
r-babrujski,2031,negative,B,0.0
r-bychauski,2031,negative,B,-0.0
r-bialynicki,2031,negative,B,-0.0
r-hluski,2031,negative,B,0.0
r-horacki,2031,negative,B,0.0
r-drybinski,2031,negative,B,0.0
r-kasciukovicki,2031,negative,B,-0.0
r-kirauski,2031,negative,B,0.0
r-klimavicki,2031,negative,B,-0.0
r-klichauski,2031,negative,B,0.0
r-krasnapolski,2031,negative,B,-0.0
r-kruhlanski,2031,negative,B,0.0
r-krychauski,2031,negative,B,-0.0
r-mahilouski,2031,negative,B,0.0
r-mscislauski,2031,negative,B,0.0
r-slauharadski,2031,negative,B,0.0
r-chocimski,2031,negative,B,-0.0
r-chavuski,2031,negative,B,-0.0
r-cherykauski,2031,negative,B,-0.0
r-shklouski,2031,negative,B,0.0
BY-HM,2031,negative,B,0.0
r-baranavicki,2036,negative,B,0.0
r-brescki,2036,negative,B,0.0
r-biarozauski,2036,negative,B,0.0
r-hancavicki,2036,negative,B,0.0
r-drahichynski,2036,negative,B,0.0
r-zhabinkauski,2036,negative,B,-0.0
r-ivanauski,2036,negative,B,0.0
r-ivacevicki,2036,negative,B,0.0
r-kamianiecki,2036,negative,B,0.0
r-kobrynski,2036,negative,B,0.0
r-luniniecki,2036,negative,B,-0.0
r-lachavicki,2036,negative,B,0.0
r-malarycki,2036,negative,B,-0.0
r-pinski,2036,negative,B,-0.0
r-pruzhanski,2036,negative,B,-0.0
r-stolinski,2036,negative,B,-0.0
r-arshanski,2036,negative,B,0.0
r-bieshankovicki,2036,negative,B,-0.0
r-braslauski,2036,negative,B,0.0
r-vierchniadzvinski,2036,negative,B,-0.0
r-viciebski,2036,negative,B,0.0
r-haradocki,2036,negative,B,-0.0
r-hlybocki,2036,negative,B,0.0
r-dokshycki,2036,negative,B,0.0
r-dubrovienski,2036,negative,B,-0.0
r-loznienski,2036,negative,B,0.0
r-lepielski,2036,negative,B,0.0
r-mijorski,2036,negative,B,-0.0
r-pastauski,2036,negative,B,0.0
r-polacki,2036,negative,B,-0.0
r-rasonski,2036,negative,B,0.0
r-siennienski,2036,negative,B,0.0
r-talachynski,2036,negative,B,-0.0
r-ushacki,2036,negative,B,-0.0
r-chashnicki,2036,negative,B,0.0
r-sharkoushchynski,2036,negative,B,0.0
r-shumilinski,2036,negative,B,0.0
r-akciabrski,2036,negative,B,0.0
r-brahinski,2036,negative,B,-0.0
r-buda-kashalouski,2036,negative,B,-0.0
r-vietkauski,2036,negative,B,-0.0
r-homielski,2036,negative,B,0.0
r-dobrushski,2036,negative,B,-0.0
r-jelski,2036,negative,B,-0.0
r-zhlobinski,2036,negative,B,-0.0
r-zhytkavicki,2036,negative,B,-0.0
r-kalinkavicki,2036,negative,B,0.0
r-karmianski,2036,negative,B,-0.0
r-lelchycki,2036,negative,B,0.0
r-lojeuski,2036,negative,B,0.0
r-mazyrski,2036,negative,B,0.0
r-naraulanski,2036,negative,B,-0.0
r-pietrykauski,2036,negative,B,0.0
r-rahachouski,2036,negative,B,0.0
r-rechycki,2036,negative,B,-0.0
r-svietlahorski,2036,negative,B,0.0
r-chojnicki,2036,negative,B,0.0
r-chacherski,2036,negative,B,-0.0
r-astraviecki,2036,negative,B,0.0
r-ashmianski,2036,negative,B,-0.0
r-bierastavicki,2036,negative,B,0.0
r-vaukavyski,2036,negative,B,-0.0
r-voranauski,2036,negative,B,0.0
r-hrodzienski,2036,negative,B,0.0
r-dziatlauski,2036,negative,B,0.0
r-zelvienski,2036,negative,B,0.0
r-iujeuski,2036,negative,B,-0.0
r-karelicki,2036,negative,B,-0.0
r-lidski,2036,negative,B,0.0
r-mastouski,2036,negative,B,-0.0
r-navahrudski,2036,negative,B,-0.0
r-svislacki,2036,negative,B,0.0
r-slonimski,2036,negative,B,0.0
r-smarhonski,2036,negative,B,-0.0
r-shchuchynski,2036,negative,B,0.0
r-barysauski,2036,negative,B,-0.0
r-biarezinski,2036,negative,B,-0.0
r-valozhynski,2036,negative,B,-0.0
r-vilejski,2036,negative,B,-0.0
r-dziarzhynski,2036,negative,B,-0.0
r-kapylski,2036,negative,B,-0.0
r-klecki,2036,negative,B,-0.0
r-krupski,2036,negative,B,-0.0
r-lahojski,2036,negative,B,-0.0
r-lubanski,2036,negative,B,0.0
r-maladziechanski,2036,negative,B,0.0
r-minski,2036,negative,B,-0.0
r-miadzielski,2036,negative,B,0.0
r-niasvizhski,2036,negative,B,-0.0
r-puchavicki,2036,negative,B,0.0
r-salihorski,2036,negative,B,-0.0
r-slucki,2036,negative,B,0.0
r-smalavicki,2036,negative,B,0.0
r-staradarozhski,2036,negative,B,0.0
r-staubcouski,2036,negative,B,-0.0
r-uzdzienski,2036,negative,B,0.0
r-chervienski,2036,negative,B,-0.0
r-asipovicki,2036,negative,B,-0.0
r-babrujski,2036,negative,B,-0.0
r-bychauski,2036,negative,B,0.0
r-bialynicki,2036,negative,B,0.0
r-hluski,2036,negative,B,0.0
r-horacki,2036,negative,B,0.0
r-drybinski,2036,negative,B,-0.0
r-kasciukovicki,2036,negative,B,-0.0
r-kirauski,2036,negative,B,0.0
r-klimavicki,2036,negative,B,0.0
r-klichauski,2036,negative,B,-0.0
r-krasnapolski,2036,negative,B,-0.0
r-kruhlanski,2036,negative,B,0.0
r-krychauski,2036,negative,B,0.0
r-mahilouski,2036,negative,B,0.0
r-mscislauski,2036,negative,B,-0.0
r-slauharadski,2036,negative,B,0.0
r-chocimski,2036,negative,B,-0.0
r-chavuski,2036,negative,B,-0.0
r-cherykauski,2036,negative,B,0.0
r-shklouski,2036,negative,B,0.0
BY-HM,2036,negative,B,-0.0
r-baranavicki,2041,negative,B,0.0
r-brescki,2041,negative,B,-0.0
r-biarozauski,2041,negative,B,-0.0
r-hancavicki,2041,negative,B,0.0
r-drahichynski,2041,negative,B,-0.0
r-zhabinkauski,2041,negative,B,0.0
r-ivanauski,2041,negative,B,-0.0
r-ivacevicki,2041,negative,B,0.0
r-kamianiecki,2041,negative,B,-0.0
r-kobrynski,2041,negative,B,-0.0
r-luniniecki,2041,negative,B,-0.0
r-lachavicki,2041,negative,B,-0.0
r-malarycki,2041,negative,B,0.0
r-pinski,2041,negative,B,0.0
r-pruzhanski,2041,negative,B,-0.0
r-stolinski,2041,negative,B,0.0
r-arshanski,2041,negative,B,-0.0
r-bieshankovicki,2041,negative,B,0.0
r-braslauski,2041,negative,B,0.0
r-vierchniadzvinski,2041,negative,B,-0.0
r-viciebski,2041,negative,B,-0.0
r-haradocki,2041,negative,B,-0.0
r-hlybocki,2041,negative,B,0.0
r-dokshycki,2041,negative,B,0.0
r-dubrovienski,2041,negative,B,-0.0
r-loznienski,2041,negative,B,0.0
r-lepielski,2041,negative,B,0.0
r-mijorski,2041,negative,B,0.0
r-pastauski,2041,negative,B,0.0
r-polacki,2041,negative,B,-0.0
r-rasonski,2041,negative,B,0.0
r-siennienski,2041,negative,B,0.0
r-talachynski,2041,negative,B,0.0
r-ushacki,2041,negative,B,-0.0
r-chashnicki,2041,negative,B,0.0
r-sharkoushchynski,2041,negative,B,0.0
r-shumilinski,2041,negative,B,-0.0
r-akciabrski,2041,negative,B,0.0
r-brahinski,2041,negative,B,-0.0
r-buda-kashalouski,2041,negative,B,-0.0
r-vietkauski,2041,negative,B,0.0
r-homielski,2041,negative,B,0.0
r-dobrushski,2041,negative,B,0.0
r-jelski,2041,negative,B,-0.0
r-zhlobinski,2041,negative,B,0.0
r-zhytkavicki,2041,negative,B,-0.0
r-kalinkavicki,2041,negative,B,0.0
r-karmianski,2041,negative,B,0.0
r-lelchycki,2041,negative,B,0.0
r-lojeuski,2041,negative,B,0.0
r-mazyrski,2041,negative,B,0.0
r-naraulanski,2041,negative,B,-0.0
r-pietrykauski,2041,negative,B,-0.0
r-rahachouski,2041,negative,B,-0.0
r-rechycki,2041,negative,B,-0.0
r-svietlahorski,2041,negative,B,0.0
r-chojnicki,2041,negative,B,-0.0
r-chacherski,2041,negative,B,0.0
r-astraviecki,2041,negative,B,-0.0
r-ashmianski,2041,negative,B,0.0
r-bierastavicki,2041,negative,B,-0.0
r-vaukavyski,2041,negative,B,-0.0
r-voranauski,2041,negative,B,-0.0
r-hrodzienski,2041,negative,B,0.0
r-dziatlauski,2041,negative,B,-0.0
r-zelvienski,2041,negative,B,-0.0
r-iujeuski,2041,negative,B,-0.0
r-karelicki,2041,negative,B,-0.0
r-lidski,2041,negative,B,-0.0
r-mastouski,2041,negative,B,-0.0
r-navahrudski,2041,negative,B,-0.0
r-svislacki,2041,negative,B,-0.0
r-slonimski,2041,negative,B,0.0
r-smarhonski,2041,negative,B,-0.0
r-shchuchynski,2041,negative,B,0.0
r-barysauski,2041,negative,B,0.0
r-biarezinski,2041,negative,B,0.0
r-valozhynski,2041,negative,B,0.0
r-vilejski,2041,negative,B,0.0
r-dziarzhynski,2041,negative,B,-0.0
r-kapylski,2041,negative,B,0.0
r-klecki,2041,negative,B,0.0
r-krupski,2041,negative,B,-0.0
r-lahojski,2041,negative,B,0.0
r-lubanski,2041,negative,B,-0.0
r-maladziechanski,2041,negative,B,0.0
r-minski,2041,negative,B,0.0
r-miadzielski,2041,negative,B,0.0
r-niasvizhski,2041,negative,B,-0.0
r-puchavicki,2041,negative,B,-0.0
r-salihorski,2041,negative,B,-0.0
r-slucki,2041,negative,B,-0.0
r-smalavicki,2041,negative,B,-0.0
r-staradarozhski,2041,negative,B,0.0
r-staubcouski,2041,negative,B,0.0
r-uzdzienski,2041,negative,B,-0.0
r-chervienski,2041,negative,B,-0.0
r-asipovicki,2041,negative,B,-0.0
r-babrujski,2041,negative,B,0.0
r-bychauski,2041,negative,B,-0.0
r-bialynicki,2041,negative,B,0.0
r-hluski,2041,negative,B,-0.0
r-horacki,2041,negative,B,-0.0
r-drybinski,2041,negative,B,0.0
r-kasciukovicki,2041,negative,B,-0.0
r-kirauski,2041,negative,B,0.0
r-klimavicki,2041,negative,B,-0.0
r-klichauski,2041,negative,B,0.0
r-krasnapolski,2041,negative,B,0.0
r-kruhlanski,2041,negative,B,-0.0
r-krychauski,2041,negative,B,-0.0
r-mahilouski,2041,negative,B,0.0
r-mscislauski,2041,negative,B,0.0
r-slauharadski,2041,negative,B,0.0
r-chocimski,2041,negative,B,0.0
r-chavuski,2041,negative,B,-0.0
r-cherykauski,2041,negative,B,-0.0
r-shklouski,2041,negative,B,0.0
BY-HM,2041,negative,B,0.0
r-baranavicki,2046,negative,B,0.0
r-brescki,2046,negative,B,-0.0
r-biarozauski,2046,negative,B,0.0
r-hancavicki,2046,negative,B,0.0
r-drahichynski,2046,negative,B,-0.0
r-zhabinkauski,2046,negative,B,-0.0
r-ivanauski,2046,negative,B,-0.0
r-ivacevicki,2046,negative,B,0.0
r-kamianiecki,2046,negative,B,0.0
r-kobrynski,2046,negative,B,0.0
r-luniniecki,2046,negative,B,-0.0
r-lachavicki,2046,negative,B,-0.0
r-malarycki,2046,negative,B,-0.0
r-pinski,2046,negative,B,-0.0
r-pruzhanski,2046,negative,B,0.0
r-stolinski,2046,negative,B,0.0
r-arshanski,2046,negative,B,0.0
r-bieshankovicki,2046,negative,B,0.0
r-braslauski,2046,negative,B,-0.0
r-vierchniadzvinski,2046,negative,B,-0.0
r-viciebski,2046,negative,B,-0.0
r-haradocki,2046,negative,B,0.0
r-hlybocki,2046,negative,B,-0.0
r-dokshycki,2046,negative,B,-0.0
r-dubrovienski,2046,negative,B,0.0
r-loznienski,2046,negative,B,-0.0
r-lepielski,2046,negative,B,0.0
r-mijorski,2046,negative,B,0.0
r-pastauski,2046,negative,B,-0.0
r-polacki,2046,negative,B,0.0
r-rasonski,2046,negative,B,-0.0
r-siennienski,2046,negative,B,0.0
r-talachynski,2046,negative,B,0.0
r-ushacki,2046,negative,B,0.0
r-chashnicki,2046,negative,B,0.0
r-sharkoushchynski,2046,negative,B,-0.0
r-shumilinski,2046,negative,B,0.0
r-akciabrski,2046,negative,B,0.0
r-brahinski,2046,negative,B,-0.0
r-buda-kashalouski,2046,negative,B,0.0
r-vietkauski,2046,negative,B,-0.0
r-homielski,2046,negative,B,-0.0
r-dobrushski,2046,negative,B,-0.0
r-jelski,2046,negative,B,0.0
r-zhlobinski,2046,negative,B,0.0
r-zhytkavicki,2046,negative,B,0.0
r-kalinkavicki,2046,negative,B,0.0
r-karmianski,2046,negative,B,0.0
r-lelchycki,2046,negative,B,-0.0
r-lojeuski,2046,negative,B,-0.0
r-mazyrski,2046,negative,B,0.0
r-naraulanski,2046,negative,B,-0.0
r-pietrykauski,2046,negative,B,-0.0
r-rahachouski,2046,negative,B,0.0
r-rechycki,2046,negative,B,0.0
r-svietlahorski,2046,negative,B,0.0
r-chojnicki,2046,negative,B,0.0
r-chacherski,2046,negative,B,0.0
r-astraviecki,2046,negative,B,-0.0
r-ashmianski,2046,negative,B,-0.0
r-bierastavicki,2046,negative,B,-0.0
r-vaukavyski,2046,negative,B,-0.0
r-voranauski,2046,negative,B,-0.0
r-hrodzienski,2046,negative,B,-0.0
r-dziatlauski,2046,negative,B,-0.0
r-zelvienski,2046,negative,B,0.0
r-iujeuski,2046,negative,B,0.0
r-karelicki,2046,negative,B,-0.0
r-lidski,2046,negative,B,-0.0
r-mastouski,2046,negative,B,-0.0
r-navahrudski,2046,negative,B,-0.0
r-svislacki,2046,negative,B,-0.0
r-slonimski,2046,negative,B,0.0
r-smarhonski,2046,negative,B,0.0
r-shchuchynski,2046,negative,B,0.0
r-barysauski,2046,negative,B,-0.0
r-biarezinski,2046,negative,B,-0.0
r-valozhynski,2046,negative,B,-0.0
r-vilejski,2046,negative,B,0.0
r-dziarzhynski,2046,negative,B,-0.0
r-kapylski,2046,negative,B,0.0
r-klecki,2046,negative,B,-0.0
r-krupski,2046,negative,B,-0.0
r-lahojski,2046,negative,B,-0.0
r-lubanski,2046,negative,B,0.0
r-maladziechanski,2046,negative,B,-0.0
r-minski,2046,negative,B,-0.0
r-miadzielski,2046,negative,B,0.0
r-niasvizhski,2046,negative,B,0.0
r-puchavicki,2046,negative,B,-0.0
r-salihorski,2046,negative,B,0.0
r-slucki,2046,negative,B,0.0
r-smalavicki,2046,negative,B,0.0
r-staradarozhski,2046,negative,B,-0.0
r-staubcouski,2046,negative,B,-0.0
r-uzdzienski,2046,negative,B,-0.0
r-chervienski,2046,negative,B,-0.0
r-asipovicki,2046,negative,B,0.0
r-babrujski,2046,negative,B,0.0
r-bychauski,2046,negative,B,0.0
r-bialynicki,2046,negative,B,-0.0
r-hluski,2046,negative,B,-0.0
r-horacki,2046,negative,B,-0.0
r-drybinski,2046,negative,B,-0.0
r-kasciukovicki,2046,negative,B,0.0
r-kirauski,2046,negative,B,0.0
r-klimavicki,2046,negative,B,0.0
r-klichauski,2046,negative,B,0.0
r-krasnapolski,2046,negative,B,0.0
r-kruhlanski,2046,negative,B,-0.0
r-krychauski,2046,negative,B,0.0
r-mahilouski,2046,negative,B,-0.0
r-mscislauski,2046,negative,B,0.0
r-slauharadski,2046,negative,B,-0.0
r-chocimski,2046,negative,B,-0.0
r-chavuski,2046,negative,B,0.0
r-cherykauski,2046,negative,B,0.0
r-shklouski,2046,negative,B,0.0
BY-HM,2046,negative,B,0.0
r-baranavicki,2050,negative,B,-0.0
r-brescki,2050,negative,B,-0.0
r-biarozauski,2050,negative,B,-0.0
r-hancavicki,2050,negative,B,-0.0
r-drahichynski,2050,negative,B,-0.0
r-zhabinkauski,2050,negative,B,-0.0
r-ivanauski,2050,negative,B,0.0
r-ivacevicki,2050,negative,B,0.0
r-kamianiecki,2050,negative,B,-0.0
r-kobrynski,2050,negative,B,0.0
r-luniniecki,2050,negative,B,0.0
r-lachavicki,2050,negative,B,-0.0
r-malarycki,2050,negative,B,-0.0
r-pinski,2050,negative,B,-0.0
r-pruzhanski,2050,negative,B,0.0
r-stolinski,2050,negative,B,0.0
r-arshanski,2050,negative,B,0.0
r-bieshankovicki,2050,negative,B,0.0
r-braslauski,2050,negative,B,0.0
r-vierchniadzvinski,2050,negative,B,0.0
r-viciebski,2050,negative,B,-0.0
r-haradocki,2050,negative,B,0.0
r-hlybocki,2050,negative,B,-0.0
r-dokshycki,2050,negative,B,-0.0
r-dubrovienski,2050,negative,B,0.0
r-loznienski,2050,negative,B,-0.0
r-lepielski,2050,negative,B,-0.0
r-mijorski,2050,negative,B,-0.0
r-pastauski,2050,negative,B,-0.0
r-polacki,2050,negative,B,-0.0
r-rasonski,2050,negative,B,-0.0
r-siennienski,2050,negative,B,0.0
r-talachynski,2050,negative,B,0.0
r-ushacki,2050,negative,B,0.0
r-chashnicki,2050,negative,B,-0.0
r-sharkoushchynski,2050,negative,B,0.0
r-shumilinski,2050,negative,B,0.0
r-akciabrski,2050,negative,B,-0.0
r-brahinski,2050,negative,B,0.0
r-buda-kashalouski,2050,negative,B,-0.0
r-vietkauski,2050,negative,B,-0.0
r-homielski,2050,negative,B,-0.0
r-dobrushski,2050,negative,B,0.0
r-jelski,2050,negative,B,-0.0
r-zhlobinski,2050,negative,B,-0.0
r-zhytkavicki,2050,negative,B,-0.0
r-kalinkavicki,2050,negative,B,-0.0
r-karmianski,2050,negative,B,-0.0
r-lelchycki,2050,negative,B,0.0
r-lojeuski,2050,negative,B,0.0
r-mazyrski,2050,negative,B,0.0
r-naraulanski,2050,negative,B,0.0
r-pietrykauski,2050,negative,B,0.0
r-rahachouski,2050,negative,B,0.0
r-rechycki,2050,negative,B,0.0
r-svietlahorski,2050,negative,B,0.0
r-chojnicki,2050,negative,B,0.0
r-chacherski,2050,negative,B,-0.0
r-astraviecki,2050,negative,B,-0.0
r-ashmianski,2050,negative,B,0.0
r-bierastavicki,2050,negative,B,0.0
r-vaukavyski,2050,negative,B,0.0
r-voranauski,2050,negative,B,0.0
r-hrodzienski,2050,negative,B,0.0
r-dziatlauski,2050,negative,B,0.0
r-zelvienski,2050,negative,B,-0.0
r-iujeuski,2050,negative,B,0.0
r-karelicki,2050,negative,B,-0.0
r-lidski,2050,negative,B,-0.0
r-mastouski,2050,negative,B,0.0
r-navahrudski,2050,negative,B,0.0
r-svislacki,2050,negative,B,-0.0
r-slonimski,2050,negative,B,-0.0
r-smarhonski,2050,negative,B,0.0
r-shchuchynski,2050,negative,B,0.0
r-barysauski,2050,negative,B,-0.0
r-biarezinski,2050,negative,B,-0.0
r-valozhynski,2050,negative,B,-0.0
r-vilejski,2050,negative,B,0.0
r-dziarzhynski,2050,negative,B,0.0
r-kapylski,2050,negative,B,-0.0
r-klecki,2050,negative,B,0.0
r-krupski,2050,negative,B,-0.0
r-lahojski,2050,negative,B,0.0
r-lubanski,2050,negative,B,0.0
r-maladziechanski,2050,negative,B,0.0
r-minski,2050,negative,B,-0.0
r-miadzielski,2050,negative,B,-0.0
r-niasvizhski,2050,negative,B,0.0
r-puchavicki,2050,negative,B,-0.0
r-salihorski,2050,negative,B,-0.0
r-slucki,2050,negative,B,-0.0
r-smalavicki,2050,negative,B,0.0
r-staradarozhski,2050,negative,B,-0.0
r-staubcouski,2050,negative,B,-0.0
r-uzdzienski,2050,negative,B,0.0
r-chervienski,2050,negative,B,0.0
r-asipovicki,2050,negative,B,-0.0
r-babrujski,2050,negative,B,-0.0
r-bychauski,2050,negative,B,0.0
r-bialynicki,2050,negative,B,0.0
r-hluski,2050,negative,B,-0.0
r-horacki,2050,negative,B,0.0
r-drybinski,2050,negative,B,0.0
r-kasciukovicki,2050,negative,B,0.0
r-kirauski,2050,negative,B,0.0
r-klimavicki,2050,negative,B,0.0
r-klichauski,2050,negative,B,-0.0
r-krasnapolski,2050,negative,B,-0.0
r-kruhlanski,2050,negative,B,0.0
r-krychauski,2050,negative,B,0.0
r-mahilouski,2050,negative,B,-0.0
r-mscislauski,2050,negative,B,0.0
r-slauharadski,2050,negative,B,0.0
r-chocimski,2050,negative,B,0.0
r-chavuski,2050,negative,B,0.0
r-cherykauski,2050,negative,B,0.0
r-shklouski,2050,negative,B,0.0
BY-HM,2050,negative,B,0.0
