{"type":"FeatureCollection","features":[{"type":"Feature","properties":{},"geometry":{"type":"LineString","coordinates":[[23.65784,53.52141],[23.65729,53.52117]]}},{"type":"Feature","properties":{},"geometry":{"type":"LineString","coordinates":[[23.65784,53.52141],[23.6575,53.52143]]}},{"type":"Feature","properties":{},"geometry":{"type":"LineString","coordinates":[[23.6582,53.5214],[23.65743,53.52107]]}},{"type":"Feature","properties":{},"geometry":{"type":"LineString","coordinates":[[23.65764,53.52089],[23.65849,53.52109]]}},{"type":"Feature","properties":{},"geometry":{"type":"LineString","coordinates":[[23.6582,53.5214],[23.65784,53.52141]]}},{"type":"Feature","properties":{},"geometry":{"type":"LineString","coordinates":[[23.65777,53.52078],[23.65849,53.52109]]}},{"type":"Feature","properties":{},"geometry":{"type":"LineString","coordinates":[[23.6579,53.52068],[23.65826,53.52086]]}},{"type":"Feature","properties":{},"geometry":{"type":"LineString","coordinates":[[23.6649,53.52392],[23.6582,53.5214]]}},{"type":"Feature","properties":{},"geometry":{"type":"LineString","coordinates":[[23.65803,53.52058],[23.65826,53.52086]]}},{"type":"Feature","properties":{},"geometry":{"type":"LineString","coordinates":[[23.65826,53.52086],[23.65876,53.52108]]}},{"type":"Feature","properties":{},"geometry":{"type":"LineString","coordinates":[[23.65849,53.52109],[23.65876,53.52108]]}},{"type":"Feature","properties":{},"geometry":{"type":"LineString","coordinates":[[23.65876,53.52108],[23.66058,53.52189]]}},{"type":"Feature","properties":{},"geometry":{"type":"LineString","coordinates":[[23.66058,53.52189],[23.66548,53.52351]]}},{"type":"Feature","properties":{},"geometry":{"type":"LineString","coordinates":[[23.66058,53.52189],[23.66209,53.52232]]}},{"type":"Feature","properties":{},"geometry":{"type":"LineString","coordinates":[[23.66209,53.52232],[23.66337,53.52269]]}},{"type":"Feature","properties":{},"geometry":{"type":"LineString","coordinates":[[23.66209,53.52232],[23.66337,53.52269]]}},{"type":"Feature","properties":{},"geometry":{"type":"LineString","coordinates":[[23.66337,53.52269],[23.66827,53.52329]]}},{"type":"Feature","properties":{},"geometry":{"type":"LineString","coordinates":[[23.66609,53.52426],[23.6649,53.52392]]}},{"type":"Feature","properties":{},"geometry":{"type":"LineString","coordinates":[[23.66502,53.52405],[23.6649,53.52392]]}},{"type":"Feature","properties":{},"geometry":{"type":"LineString","coordinates":[[23.66744,53.52537],[23.66509,53.52431]]}},{"type":"Feature","properties":{},"geometry":{"type":"LineString","coordinates":[[23.66744,53.52537],[23.66509,53.52431]]}},{"type":"Feature","properties":{},"geometry":{"type":"LineString","coordinates":[[23.66509,53.52431],[23.66507,53.52418]]}},{"type":"Feature","properties":{},"geometry":{"type":"LineString","coordinates":[[23.66687,53.52491],[23.66502,53.52405]]}},{"type":"Feature","properties":{},"geometry":{"type":"LineString","coordinates":[[23.66507,53.52418],[23.66502,53.52405]]}},{"type":"Feature","properties":{},"geometry":{"type":"LineString","coordinates":[[23.66687,53.52491],[23.66507,53.52418]]}},{"type":"Feature","properties":{},"geometry":{"type":"LineString","coordinates":[[23.66548,53.52351],[23.66766,53.52331]]}},{"type":"Feature","properties":{},"geometry":{"type":"LineString","coordinates":[[23.66548,53.52351],[23.6656,53.52348]]}},{"type":"Feature","properties":{},"geometry":{"type":"LineString","coordinates":[[23.6656,53.52348],[23.66573,53.52336]]}},{"type":"Feature","properties":{},"geometry":{"type":"LineString","coordinates":[[23.6656,53.52348],[23.66766,53.52331]]}},{"type":"Feature","properties":{},"geometry":{"type":"LineString","coordinates":[[23.66573,53.52336],[23.6658,53.5233]]}},{"type":"Feature","properties":{},"geometry":{"type":"LineString","coordinates":[[23.66573,53.52336],[23.66743,53.52322]]}},{"type":"Feature","properties":{},"geometry":{"type":"LineString","coordinates":[[23.66628,53.52431],[23.66609,53.52426]]}},{"type":"Feature","properties":{},"geometry":{"type":"LineString","coordinates":[[23.6668,53.52417],[23.66609,53.52426]]}},{"type":"Feature","properties":{},"geometry":{"type":"LineString","coordinates":[[23.6658,53.5233],[23.66587,53.52322]]}},{"type":"Feature","properties":{},"geometry":{"type":"LineString","coordinates":[[23.6658,53.5233],[23.66735,53.52318]]}},{"type":"Feature","properties":{},"geometry":{"type":"LineString","coordinates":[[23.66587,53.52322],[23.66595,53.52316]]}},{"type":"Feature","properties":{},"geometry":{"type":"LineString","coordinates":[[23.66587,53.52322],[23.66721,53.52312]]}},{"type":"Feature","properties":{},"geometry":{"type":"LineString","coordinates":[[23.66643,53.52435],[23.66628,53.52431]]}},{"type":"Feature","properties":{},"geometry":{"type":"LineString","coordinates":[[23.66805,53.52508],[23.66628,53.52431]]}},{"type":"Feature","properties":{},"geometry":{"type":"LineString","coordinates":[[23.66595,53.52316],[23.66709,53.52308]]}},{"type":"Feature","properties":{},"geometry":{"type":"LineString","coordinates":[[23.66595,53.52316],[23.66709,53.52308]]}},{"type":"Feature","properties":{},"geometry":{"type":"LineString","coordinates":[[23.66803,53.52505],[23.66643,53.52435]]}},{"type":"Feature","properties":{},"geometry":{"type":"LineString","coordinates":[[23.66803,53.52505],[23.66643,53.52435]]}},{"type":"Feature","properties":{},"geometry":{"type":"LineString","coordinates":[[23.66783,53.52532],[23.66687,53.52491]]}},{"type":"Feature","properties":{},"geometry":{"type":"LineString","coordinates":[[23.66822,53.52472],[23.6668,53.52417]]}},{"type":"Feature","properties":{},"geometry":{"type":"LineString","coordinates":[[23.66822,53.52472],[23.6668,53.52417]]}},{"type":"Feature","properties":{},"geometry":{"type":"LineString","coordinates":[[23.66783,53.52532],[23.66744,53.52537]]}},{"type":"Feature","properties":{},"geometry":{"type":"LineString","coordinates":[[23.66816,53.52536],[23.66783,53.52532]]}},{"type":"Feature","properties":{},"geometry":{"type":"LineString","coordinates":[[23.66709,53.52308],[23.66721,53.52312]]}},{"type":"Feature","properties":{},"geometry":{"type":"LineString","coordinates":[[23.66721,53.52312],[23.66735,53.52318]]}},{"type":"Feature","properties":{},"geometry":{"type":"LineString","coordinates":[[23.66735,53.52318],[23.66743,53.52322]]}},{"type":"Feature","properties":{},"geometry":{"type":"LineString","coordinates":[[23.66805,53.52508],[23.66803,53.52505]]}},{"type":"Feature","properties":{},"geometry":{"type":"LineString","coordinates":[[23.66816,53.52536],[23.66805,53.52508]]}},{"type":"Feature","properties":{},"geometry":{"type":"LineString","coordinates":[[23.66832,53.52544],[23.66816,53.52536]]}},{"type":"Feature","properties":{},"geometry":{"type":"LineString","coordinates":[[23.66743,53.52322],[23.66766,53.52331]]}},{"type":"Feature","properties":{},"geometry":{"type":"LineString","coordinates":[[23.66982,53.52612],[23.66832,53.52544]]}},{"type":"Feature","properties":{},"geometry":{"type":"LineString","coordinates":[[23.66832,53.52544],[23.66822,53.52472]]}},{"type":"Feature","properties":{},"geometry":{"type":"LineString","coordinates":[[23.66766,53.52331],[23.66827,53.52329]]}},{"type":"Feature","properties":{},"geometry":{"type":"LineString","coordinates":[[23.66827,53.52329],[23.68205,53.52993]]}},{"type":"Feature","properties":{},"geometry":{"type":"LineString","coordinates":[[23.67822,53.52979],[23.66982,53.52612]]}},{"type":"Feature","properties":{},"geometry":{"type":"LineString","coordinates":[[23.7042,53.5487],[23.69138,53.53592],[23.66982,53.52612]]}},{"type":"Feature","properties":{},"geometry":{"type":"LineString","coordinates":[[23.68205,53.52993],[23.68253,53.53013]]}},{"type":"Feature","properties":{},"geometry":{"type":"LineString","coordinates":[[23.68236,53.53029],[23.68205,53.52993]]}},{"type":"Feature","properties":{},"geometry":{"type":"LineString","coordinates":[[23.68289,53.53026],[23.68236,53.53029]]}},{"type":"Feature","properties":{},"geometry":{"type":"LineString","coordinates":[[23.68236,53.53029],[23.68253,53.53013]]}},{"type":"Feature","properties":{},"geometry":{"type":"LineString","coordinates":[[23.68253,53.53013],[23.68289,53.53026]]}},{"type":"Feature","properties":{},"geometry":{"type":"LineString","coordinates":[[23.68289,53.53026],[23.7042,53.5487]]}},{"type":"Feature","properties":{},"geometry":{"type":"LineString","coordinates":[[24.00996,53.64361],[24.00826,53.6443],[23.99791,53.63449],[23.97679,53.62218],[23.96385,53.60616],[23.92897,53.58499],[23.89387,53.55662],[23.8875,53.55372],[23.8084,53.54964],[23.78692,53.54574],[23.71765,53.55389],[23.70972,53.55242],[23.7042,53.5487]]}},{"type":"Feature","properties":{},"geometry":{"type":"LineString","coordinates":[[23.70553,53.55035],[23.74395,53.5903],[23.75545,53.61188],[23.74619,53.63081]]}},{"type":"Feature","properties":{},"geometry":{"type":"LineString","coordinates":[[23.74576,53.63094],[23.74611,53.63105]]}},{"type":"Feature","properties":{},"geometry":{"type":"LineString","coordinates":[[23.74604,53.63133],[23.74576,53.63094]]}},{"type":"Feature","properties":{},"geometry":{"type":"LineString","coordinates":[[23.74576,53.63094],[23.74619,53.63081]]}},{"type":"Feature","properties":{},"geometry":{"type":"LineString","coordinates":[[23.74646,53.63133],[23.74604,53.63133]]}},{"type":"Feature","properties":{},"geometry":{"type":"LineString","coordinates":[[23.74615,53.63109],[23.74604,53.63133]]}},{"type":"Feature","properties":{},"geometry":{"type":"LineString","coordinates":[[23.74611,53.63105],[23.74615,53.63109]]}},{"type":"Feature","properties":{},"geometry":{"type":"LineString","coordinates":[[23.74619,53.63081],[23.74611,53.63105]]}},{"type":"Feature","properties":{},"geometry":{"type":"LineString","coordinates":[[23.74615,53.63109],[23.74646,53.63133]]}},{"type":"Feature","properties":{},"geometry":{"type":"LineString","coordinates":[[23.78007,53.64806],[23.75566,53.63405],[23.74646,53.63133]]}},{"type":"Feature","properties":{},"geometry":{"type":"LineString","coordinates":[[23.36185,52.46418],[23.36498,52.45936]]}},{"type":"Feature","properties":{},"geometry":{"type":"LineString","coordinates":[[23.36498,52.45936],[23.37966,52.47288],[23.41385,52.48361],[23.44888,52.48391],[23.48149,52.48985],[23.49996,52.50267],[23.53305,52.51423],[23.53568,52.52978],[23.53167,52.53717],[23.53407,52.54052],[23.55375,52.54759],[23.58864,52.55304],[23.60117,52.55731],[23.61212,52.5647],[23.61898,52.5638],[23.65213,52.54742],[23.66249,52.50457],[23.68826,52.50319],[23.69995,52.50574],[23.745,52.50814],[23.78034,52.49542]]}},{"type":"Feature","properties":{},"geometry":{"type":"LineString","coordinates":[[23.37846,52.42112],[23.37247,52.44689],[23.36498,52.45936]]}},{"type":"Feature","properties":{},"geometry":{"type":"LineString","coordinates":[[23.78007,53.64806],[23.79272,53.65264]]}},{"type":"Feature","properties":{},"geometry":{"type":"LineString","coordinates":[[23.79214,53.65306],[23.78007,53.64806]]}},{"type":"Feature","properties":{},"geometry":{"type":"LineString","coordinates":[[23.80104,53.69708],[23.80042,53.6964]]}},{"type":"Feature","properties":{},"geometry":{"type":"LineString","coordinates":[[23.80042,53.6964],[23.80076,53.68627],[23.80682,53.68072]]}},{"type":"Feature","properties":{},"geometry":{"type":"LineString","coordinates":[[23.80042,53.6964],[23.80107,53.69649]]}},{"type":"Feature","properties":{},"geometry":{"type":"LineString","coordinates":[[23.80128,53.69672],[23.80104,53.69708]]}},{"type":"Feature","properties":{},"geometry":{"type":"LineString","coordinates":[[23.81867,53.69952],[23.80104,53.69708]]}},{"type":"Feature","properties":{},"geometry":{"type":"LineString","coordinates":[[23.80107,53.69649],[23.80128,53.69672]]}},{"type":"Feature","properties":{},"geometry":{"type":"LineString","coordinates":[[23.80682,53.68072],[23.80094,53.68633],[23.80107,53.69649]]}},{"type":"Feature","properties":{},"geometry":{"type":"LineString","coordinates":[[23.80128,53.69672],[23.81878,53.6992]]}},{"type":"Feature","properties":{},"geometry":{"type":"LineString","coordinates":[[23.79644,53.67501],[23.79403,53.67312]]}},{"type":"Feature","properties":{},"geometry":{"type":"LineString","coordinates":[[23.79403,53.67312],[23.78163,53.65888],[23.79218,53.65325]]}},{"type":"Feature","properties":{},"geometry":{"type":"LineString","coordinates":[[23.79421,53.67309],[23.79403,53.67312]]}},{"type":"Feature","properties":{},"geometry":{"type":"LineString","coordinates":[[23.79421,53.67309],[23.79654,53.67494]]}},{"type":"Feature","properties":{},"geometry":{"type":"LineString","coordinates":[[23.79228,53.65337],[23.78189,53.659],[23.79421,53.67309]]}},{"type":"Feature","properties":{},"geometry":{"type":"LineString","coordinates":[[23.80328,53.67181],[23.79421,53.67309]]}},{"type":"Feature","properties":{},"geometry":{"type":"LineString","coordinates":[[23.80394,53.67612],[23.79644,53.67501]]}},{"type":"Feature","properties":{},"geometry":{"type":"LineString","coordinates":[[23.79644,53.67501],[23.79654,53.67494]]}},{"type":"Feature","properties":{},"geometry":{"type":"LineString","coordinates":[[23.79654,53.67494],[23.80404,53.67541]]}},{"type":"Feature","properties":{},"geometry":{"type":"LineString","coordinates":[[23.81214,53.71769],[23.82251,53.7416],[23.82413,53.75367],[23.85,53.78279],[23.8624,53.80959],[23.86106,53.81492],[23.89292,53.83626],[23.89404,53.84342],[23.8904,53.84782],[23.89471,53.87007],[23.90936,53.88803],[23.92454,53.91762],[23.93916,53.93079],[23.95959,53.93951]]}},{"type":"Feature","properties":{},"geometry":{"type":"LineString","coordinates":[[23.81214,53.71769],[23.81883,53.69971]]}},{"type":"Feature","properties":{},"geometry":{"type":"LineString","coordinates":[[23.81955,53.69985],[23.81214,53.71769]]}},{"type":"Feature","properties":{},"geometry":{"type":"LineString","coordinates":[[23.79228,53.65337],[23.79218,53.65325]]}},{"type":"Feature","properties":{},"geometry":{"type":"LineString","coordinates":[[23.79218,53.65325],[23.79214,53.65306]]}},{"type":"Feature","properties":{},"geometry":{"type":"LineString","coordinates":[[23.79218,53.65325],[23.79355,53.65281]]}},{"type":"Feature","properties":{},"geometry":{"type":"LineString","coordinates":[[23.79214,53.65306],[23.79272,53.65264]]}},{"type":"Feature","properties":{},"geometry":{"type":"LineString","coordinates":[[23.7933,53.6535],[23.79228,53.65337]]}},{"type":"Feature","properties":{},"geometry":{"type":"LineString","coordinates":[[23.79367,53.65295],[23.79228,53.65337]]}},{"type":"Feature","properties":{},"geometry":{"type":"LineString","coordinates":[[23.79272,53.65264],[23.79355,53.65281]]}},{"type":"Feature","properties":{},"geometry":{"type":"LineString","coordinates":[[23.79369,53.65317],[23.7933,53.6535]]}},{"type":"Feature","properties":{},"geometry":{"type":"LineString","coordinates":[[23.81936,53.66496],[23.8158,53.66136],[23.7933,53.6535]]}},{"type":"Feature","properties":{},"geometry":{"type":"LineString","coordinates":[[23.79355,53.65281],[23.79367,53.65295]]}},{"type":"Feature","properties":{},"geometry":{"type":"LineString","coordinates":[[23.79355,53.65281],[23.81623,53.64591],[23.83529,53.64745]]}},{"type":"Feature","properties":{},"geometry":{"type":"LineString","coordinates":[[23.79369,53.65317],[23.8159,53.66127],[23.81936,53.66496]]}},{"type":"Feature","properties":{},"geometry":{"type":"LineString","coordinates":[[23.79367,53.65295],[23.79369,53.65317]]}},{"type":"Feature","properties":{},"geometry":{"type":"LineString","coordinates":[[23.83485,53.64808],[23.81598,53.64608],[23.79367,53.65295]]}},{"type":"Feature","properties":{},"geometry":{"type":"LineString","coordinates":[[23.80328,53.67181],[23.80682,53.68072]]}},{"type":"Feature","properties":{},"geometry":{"type":"LineString","coordinates":[[23.81398,53.67033],[23.80328,53.67181]]}},{"type":"Feature","properties":{},"geometry":{"type":"LineString","coordinates":[[23.81883,53.69971],[23.81867,53.69952]]}},{"type":"Feature","properties":{},"geometry":{"type":"LineString","coordinates":[[23.81867,53.69952],[23.81878,53.6992]]}},{"type":"Feature","properties":{},"geometry":{"type":"LineString","coordinates":[[23.81955,53.69985],[23.81883,53.69971]]}},{"type":"Feature","properties":{},"geometry":{"type":"LineString","coordinates":[[23.81878,53.6992],[23.82001,53.69926]]}},{"type":"Feature","properties":{},"geometry":{"type":"LineString","coordinates":[[23.81987,53.69974],[23.81955,53.69985]]}},{"type":"Feature","properties":{},"geometry":{"type":"LineString","coordinates":[[23.82001,53.69926],[23.81987,53.69974]]}},{"type":"Feature","properties":{},"geometry":{"type":"LineString","coordinates":[[23.85739,53.69713],[23.84894,53.70108],[23.81987,53.69974]]}},{"type":"Feature","properties":{},"geometry":{"type":"LineString","coordinates":[[23.82001,53.69926],[23.84885,53.701],[23.85652,53.69689]]}},{"type":"Feature","properties":{},"geometry":{"type":"LineString","coordinates":[[23.37811,52.4202],[23.37854,52.42029]]}},{"type":"Feature","properties":{},"geometry":{"type":"LineString","coordinates":[[23.37841,52.42046],[23.37811,52.4202]]}},{"type":"Feature","properties":{},"geometry":{"type":"LineString","coordinates":[[23.37513,52.39352],[23.36587,52.39913],[23.36243,52.40848],[23.3661,52.41465],[23.37811,52.4202]]}},{"type":"Feature","properties":{},"geometry":{"type":"LineString","coordinates":[[23.37846,52.42112],[23.37852,52.42062]]}},{"type":"Feature","properties":{},"geometry":{"type":"LineString","coordinates":[[23.37886,52.42066],[23.37846,52.42112]]}},{"type":"Feature","properties":{},"geometry":{"type":"LineString","coordinates":[[23.37852,52.42062],[23.37841,52.42046]]}},{"type":"Feature","properties":{},"geometry":{"type":"LineString","coordinates":[[23.37841,52.42046],[23.37854,52.42029]]}},{"type":"Feature","properties":{},"geometry":{"type":"LineString","coordinates":[[23.37886,52.42066],[23.37852,52.42062]]}},{"type":"Feature","properties":{},"geometry":{"type":"LineString","coordinates":[[23.37854,52.42029],[23.37886,52.42066]]}},{"type":"Feature","properties":{},"geometry":{"type":"LineString","coordinates":[[23.81683,53.6699],[23.81398,53.67033]]}},{"type":"Feature","properties":{},"geometry":{"type":"LineString","coordinates":[[23.81398,53.67033],[23.81683,53.6699]]}},{"type":"Feature","properties":{},"geometry":{"type":"LineString","coordinates":[[23.82013,53.66934],[23.81683,53.6699]]}},{"type":"Feature","properties":{},"geometry":{"type":"LineString","coordinates":[[23.37513,52.39352],[23.37549,52.39326]]}},{"type":"Feature","properties":{},"geometry":{"type":"LineString","coordinates":[[23.37559,52.39344],[23.37513,52.39352]]}},{"type":"Feature","properties":{},"geometry":{"type":"LineString","coordinates":[[23.37559,52.39344],[23.37549,52.39326]]}},{"type":"Feature","properties":{},"geometry":{"type":"LineString","coordinates":[[23.37549,52.39326],[23.37591,52.39318]]}},{"type":"Feature","properties":{},"geometry":{"type":"LineString","coordinates":[[23.37597,52.39339],[23.37559,52.39344]]}},{"type":"Feature","properties":{},"geometry":{"type":"LineString","coordinates":[[23.37576,52.39385],[23.37559,52.39344]]}},{"type":"Feature","properties":{},"geometry":{"type":"LineString","coordinates":[[23.37576,52.39385],[23.38114,52.39972],[23.41716,52.38979],[23.44962,52.38629],[23.45702,52.38767],[23.47827,52.39928],[23.55668,52.40436],[23.60505,52.41295],[23.61778,52.41749],[23.64297,52.41376],[23.65657,52.41763],[23.69831,52.41742],[23.78489,52.39892]]}},{"type":"Feature","properties":{},"geometry":{"type":"LineString","coordinates":[[23.37597,52.39339],[23.37576,52.39385]]}},{"type":"Feature","properties":{},"geometry":{"type":"LineString","coordinates":[[23.37591,52.39318],[23.37597,52.39339]]}},{"type":"Feature","properties":{},"geometry":{"type":"LineString","coordinates":[[23.3764,52.39311],[23.37597,52.39339]]}},{"type":"Feature","properties":{},"geometry":{"type":"LineString","coordinates":[[23.37591,52.39318],[23.3764,52.39311]]}},{"type":"Feature","properties":{},"geometry":{"type":"LineString","coordinates":[[23.41053,52.3608],[23.39358,52.38395],[23.3764,52.39311]]}},{"type":"Feature","properties":{},"geometry":{"type":"LineString","coordinates":[[23.82013,53.66934],[23.82166,53.66891]]}},{"type":"Feature","properties":{},"geometry":{"type":"LineString","coordinates":[[23.82176,53.66898],[23.82013,53.66934]]}},{"type":"Feature","properties":{},"geometry":{"type":"LineString","coordinates":[[23.82155,53.66791],[23.81936,53.66496]]}},{"type":"Feature","properties":{},"geometry":{"type":"LineString","coordinates":[[23.82176,53.66898],[23.82166,53.66891]]}},{"type":"Feature","properties":{},"geometry":{"type":"LineString","coordinates":[[23.82166,53.66891],[23.82163,53.66852]]}},{"type":"Feature","properties":{},"geometry":{"type":"LineString","coordinates":[[23.82166,53.66891],[23.82262,53.66839]]}},{"type":"Feature","properties":{},"geometry":{"type":"LineString","coordinates":[[23.82275,53.66847],[23.82176,53.66898]]}},{"type":"Feature","properties":{},"geometry":{"type":"LineString","coordinates":[[23.82275,53.66847],[23.82176,53.66898]]}},{"type":"Feature","properties":{},"geometry":{"type":"LineString","coordinates":[[23.82163,53.66852],[23.82155,53.66791]]}},{"type":"Feature","properties":{},"geometry":{"type":"LineString","coordinates":[[23.82163,53.66852],[23.82224,53.66831]]}},{"type":"Feature","properties":{},"geometry":{"type":"LineString","coordinates":[[23.82155,53.66791],[23.82224,53.66831]]}},{"type":"Feature","properties":{},"geometry":{"type":"LineString","coordinates":[[23.82224,53.66831],[23.82262,53.66839]]}},{"type":"Feature","properties":{},"geometry":{"type":"LineString","coordinates":[[23.82262,53.66839],[23.82275,53.66847]]}},{"type":"Feature","properties":{},"geometry":{"type":"LineString","coordinates":[[23.82262,53.66839],[23.82635,53.66606]]}},{"type":"Feature","properties":{},"geometry":{"type":"LineString","coordinates":[[23.82635,53.66606],[23.82275,53.66847]]}},{"type":"Feature","properties":{},"geometry":{"type":"LineString","coordinates":[[23.81824,53.64497],[23.81811,53.64498]]}},{"type":"Feature","properties":{},"geometry":{"type":"LineString","coordinates":[[23.83046,53.66303],[23.82635,53.66606]]}},{"type":"Feature","properties":{},"geometry":{"type":"LineString","coordinates":[[23.83046,53.66303],[23.831,53.65416]]}},{"type":"Feature","properties":{},"geometry":{"type":"LineString","coordinates":[[23.83046,53.66303],[23.85432,53.65212]]}},{"type":"Feature","properties":{},"geometry":{"type":"LineString","coordinates":[[23.831,53.65416],[23.83491,53.64815]]}},{"type":"Feature","properties":{},"geometry":{"type":"LineString","coordinates":[[23.83594,53.64836],[23.831,53.65416]]}},{"type":"Feature","properties":{},"geometry":{"type":"LineString","coordinates":[[23.82114,53.61063],[23.82102,53.61026]]}},{"type":"Feature","properties":{},"geometry":{"type":"LineString","coordinates":[[23.82102,53.61026],[23.82114,53.61063]]}},{"type":"Feature","properties":{},"geometry":{"type":"LineString","coordinates":[[23.86587,53.61748],[23.82114,53.61063]]}},{"type":"Feature","properties":{},"geometry":{"type":"LineString","coordinates":[[23.82102,53.61026],[23.866,53.61721]]}},{"type":"Feature","properties":{},"geometry":{"type":"LineString","coordinates":[[23.83491,53.64815],[23.83485,53.64808]]}},{"type":"Feature","properties":{},"geometry":{"type":"LineString","coordinates":[[23.83485,53.64808],[23.83529,53.64745]]}},{"type":"Feature","properties":{},"geometry":{"type":"LineString","coordinates":[[23.83594,53.64836],[23.83491,53.64815]]}},{"type":"Feature","properties":{},"geometry":{"type":"LineString","coordinates":[[23.83529,53.64745],[23.8354,53.64742]]}},{"type":"Feature","properties":{},"geometry":{"type":"LineString","coordinates":[[23.8354,53.64742],[23.86263,53.62446],[23.86591,53.61752]]}},{"type":"Feature","properties":{},"geometry":{"type":"LineString","coordinates":[[23.8354,53.64742],[23.83642,53.64772]]}},{"type":"Feature","properties":{},"geometry":{"type":"LineString","coordinates":[[23.83608,53.64832],[23.83594,53.64836]]}},{"type":"Feature","properties":{},"geometry":{"type":"LineString","coordinates":[[23.83643,53.64775],[23.83608,53.64832]]}},{"type":"Feature","properties":{},"geometry":{"type":"LineString","coordinates":[[23.86083,53.67076],[23.85502,53.65348],[23.84834,53.65013],[23.83608,53.64832]]}},{"type":"Feature","properties":{},"geometry":{"type":"LineString","coordinates":[[23.83642,53.64772],[23.83643,53.64775]]}},{"type":"Feature","properties":{},"geometry":{"type":"LineString","coordinates":[[23.86642,53.61759],[23.86266,53.62463],[23.83642,53.64772]]}},{"type":"Feature","properties":{},"geometry":{"type":"LineString","coordinates":[[23.83643,53.64775],[23.84895,53.65012],[23.8558,53.65388],[23.86122,53.67071]]}},{"type":"Feature","properties":{},"geometry":{"type":"LineString","coordinates":[[23.8534,53.68849],[23.8532,53.68818]]}},{"type":"Feature","properties":{},"geometry":{"type":"LineString","coordinates":[[23.8532,53.68818],[23.85337,53.68769]]}},{"type":"Feature","properties":{},"geometry":{"type":"LineString","coordinates":[[23.8532,53.68818],[23.85357,53.68818]]}},{"type":"Feature","properties":{},"geometry":{"type":"LineString","coordinates":[[23.85429,53.68863],[23.8534,53.68849]]}},{"type":"Feature","properties":{},"geometry":{"type":"LineString","coordinates":[[23.85365,53.68823],[23.8534,53.68849]]}},{"type":"Feature","properties":{},"geometry":{"type":"LineString","coordinates":[[23.85739,53.69713],[23.85652,53.69689]]}},{"type":"Feature","properties":{},"geometry":{"type":"LineString","coordinates":[[23.85652,53.69689],[23.85708,53.69618]]}},{"type":"Feature","properties":{},"geometry":{"type":"LineString","coordinates":[[23.85337,53.68769],[23.85357,53.68818]]}},{"type":"Feature","properties":{},"geometry":{"type":"LineString","coordinates":[[23.85337,53.68769],[23.85354,53.68718]]}},{"type":"Feature","properties":{},"geometry":{"type":"LineString","coordinates":[[23.85357,53.68818],[23.85365,53.68823]]}},{"type":"Feature","properties":{},"geometry":{"type":"LineString","coordinates":[[23.85365,53.68823],[23.85388,53.6884]]}},{"type":"Feature","properties":{},"geometry":{"type":"LineString","coordinates":[[23.8578,53.69631],[23.85739,53.69713]]}},{"type":"Feature","properties":{},"geometry":{"type":"LineString","coordinates":[[23.85708,53.69618],[23.85157,53.69016],[23.86215,53.68226],[23.8609,53.67462]]}},{"type":"Feature","properties":{},"geometry":{"type":"LineString","coordinates":[[23.85708,53.69618],[23.8578,53.69631]]}},{"type":"Feature","properties":{},"geometry":{"type":"LineString","coordinates":[[23.86169,53.67453],[23.86208,53.68262],[23.85172,53.69019],[23.8578,53.69631]]}},{"type":"Feature","properties":{},"geometry":{"type":"LineString","coordinates":[[23.86169,53.67453],[23.8609,53.67462]]}},{"type":"Feature","properties":{},"geometry":{"type":"LineString","coordinates":[[23.8609,53.67462],[23.86073,53.67398]]}},{"type":"Feature","properties":{},"geometry":{"type":"LineString","coordinates":[[23.86073,53.67398],[23.86083,53.67089]]}},{"type":"Feature","properties":{},"geometry":{"type":"LineString","coordinates":[[23.86073,53.67398],[23.86156,53.67393]]}},{"type":"Feature","properties":{},"geometry":{"type":"LineString","coordinates":[[23.86156,53.67393],[23.86169,53.67453]]}},{"type":"Feature","properties":{},"geometry":{"type":"LineString","coordinates":[[23.86123,53.67084],[23.86156,53.67393]]}},{"type":"Feature","properties":{},"geometry":{"type":"LineString","coordinates":[[23.86083,53.67089],[23.86083,53.67076]]}},{"type":"Feature","properties":{},"geometry":{"type":"LineString","coordinates":[[23.86123,53.67084],[23.86083,53.67089]]}},{"type":"Feature","properties":{},"geometry":{"type":"LineString","coordinates":[[23.86083,53.67076],[23.86122,53.67071]]}},{"type":"Feature","properties":{},"geometry":{"type":"LineString","coordinates":[[23.85432,53.65212],[23.87076,53.6454],[23.88022,53.63772]]}},{"type":"Feature","properties":{},"geometry":{"type":"LineString","coordinates":[[23.88033,53.63825],[23.87128,53.64527],[23.85432,53.65212]]}},{"type":"Feature","properties":{},"geometry":{"type":"LineString","coordinates":[[23.86122,53.67071],[23.86123,53.67084]]}},{"type":"Feature","properties":{},"geometry":{"type":"LineString","coordinates":[[25.10994,53.81018],[25.02154,53.7488],[24.99973,53.74018],[24.9528,53.71532],[24.84734,53.68145],[24.77303,53.63918],[24.67841,53.61185],[24.63246,53.60627],[24.56437,53.60211],[24.49689,53.58821],[24.42779,53.58349],[24.34918,53.5743],[24.28323,53.58247],[24.25146,53.57827],[24.21728,53.58401],[24.18822,53.58406],[24.10467,53.60591],[24.06268,53.61977],[23.98726,53.6516],[23.90471,53.66183],[23.86123,53.67084]]}},{"type":"Feature","properties":{},"geometry":{"type":"LineString","coordinates":[[23.86122,53.67071],[23.90464,53.66171],[23.98718,53.6515],[24.06172,53.61995],[24.10402,53.60596],[24.18817,53.58394],[24.21724,53.58389],[24.25145,53.57814],[24.28321,53.58235],[24.34918,53.57418],[24.42783,53.58337],[24.49695,53.58811],[24.56427,53.602],[24.63112,53.60604],[24.67846,53.61174],[24.77321,53.63911],[24.8475,53.68134],[24.95298,53.71526],[25.00035,53.74033],[25.02158,53.74869],[25.1101,53.8101]]}},{"type":"Feature","properties":{},"geometry":{"type":"LineString","coordinates":[[23.40656,52.35246],[23.40623,52.35219]]}},{"type":"Feature","properties":{},"geometry":{"type":"LineString","coordinates":[[23.40623,52.35219],[23.40612,52.3518]]}},{"type":"Feature","properties":{},"geometry":{"type":"LineString","coordinates":[[23.4065,52.35206],[23.40623,52.35219]]}},{"type":"Feature","properties":{},"geometry":{"type":"LineString","coordinates":[[23.40612,52.3518],[23.40649,52.35153]]}},{"type":"Feature","properties":{},"geometry":{"type":"LineString","coordinates":[[23.40612,52.3518],[23.40637,52.35182]]}},{"type":"Feature","properties":{},"geometry":{"type":"LineString","coordinates":[[23.40656,52.35246],[23.41022,52.35956]]}},{"type":"Feature","properties":{},"geometry":{"type":"LineString","coordinates":[[23.4065,52.35206],[23.40656,52.35246]]}},{"type":"Feature","properties":{},"geometry":{"type":"LineString","coordinates":[[23.40637,52.35182],[23.4065,52.35206]]}},{"type":"Feature","properties":{},"geometry":{"type":"LineString","coordinates":[[23.40649,52.35153],[23.40637,52.35182]]}},{"type":"Feature","properties":{},"geometry":{"type":"LineString","coordinates":[[23.6748,52.15569],[23.61328,52.19536],[23.58469,52.19638],[23.58268,52.202],[23.55468,52.22056],[23.51125,52.23031],[23.48065,52.25015],[23.45234,52.27377],[23.41723,52.2976],[23.41381,52.31266],[23.41468,52.33029],[23.40649,52.35153]]}},{"type":"Feature","properties":{},"geometry":{"type":"LineString","coordinates":[[23.41072,52.36036],[23.41027,52.36044]]}},{"type":"Feature","properties":{},"geometry":{"type":"LineString","coordinates":[[23.41053,52.3608],[23.41027,52.36044]]}},{"type":"Feature","properties":{},"geometry":{"type":"LineString","coordinates":[[23.41027,52.36044],[23.41011,52.3599]]}},{"type":"Feature","properties":{},"geometry":{"type":"LineString","coordinates":[[23.41011,52.3599],[23.41022,52.35956]]}},{"type":"Feature","properties":{},"geometry":{"type":"LineString","coordinates":[[23.41011,52.3599],[23.41051,52.35986]]}},{"type":"Feature","properties":{},"geometry":{"type":"LineString","coordinates":[[23.41072,52.36036],[23.41053,52.3608]]}},{"type":"Feature","properties":{},"geometry":{"type":"LineString","coordinates":[[23.41022,52.35956],[23.41051,52.35986]]}},{"type":"Feature","properties":{},"geometry":{"type":"LineString","coordinates":[[23.41051,52.35986],[23.41058,52.35987]]}},{"type":"Feature","properties":{},"geometry":{"type":"LineString","coordinates":[[23.41086,52.36019],[23.41072,52.36036]]}},{"type":"Feature","properties":{},"geometry":{"type":"LineString","coordinates":[[23.41058,52.35987],[23.41128,52.35987]]}},{"type":"Feature","properties":{},"geometry":{"type":"LineString","coordinates":[[23.41058,52.35987],[23.41086,52.36019]]}},{"type":"Feature","properties":{},"geometry":{"type":"LineString","coordinates":[[23.41128,52.35987],[23.41086,52.36019]]}},{"type":"Feature","properties":{},"geometry":{"type":"LineString","coordinates":[[23.78287,52.32641],[23.72357,52.30698],[23.63325,52.30319],[23.57653,52.32004],[23.46685,52.34458],[23.41128,52.35987]]}},{"type":"Feature","properties":{},"geometry":{"type":"LineString","coordinates":[[23.88529,53.7116],[23.88489,53.71106]]}},{"type":"Feature","properties":{},"geometry":{"type":"LineString","coordinates":[[23.88489,53.71106],[23.88554,53.68925],[23.89152,53.6806],[23.88627,53.66349],[23.88717,53.65528],[23.88086,53.63868],[23.88166,53.62855]]}},{"type":"Feature","properties":{},"geometry":{"type":"LineString","coordinates":[[23.88489,53.71106],[23.88586,53.71091]]}},{"type":"Feature","properties":{},"geometry":{"type":"LineString","coordinates":[[23.88603,53.71145],[23.88529,53.7116]]}},{"type":"Feature","properties":{},"geometry":{"type":"LineString","coordinates":[[23.88879,53.72056],[23.89111,53.71718],[23.88529,53.7116]]}},{"type":"Feature","properties":{},"geometry":{"type":"LineString","coordinates":[[23.88603,53.71145],[23.89139,53.71731],[23.88948,53.72091]]}},{"type":"Feature","properties":{},"geometry":{"type":"LineString","coordinates":[[23.88586,53.71091],[23.88603,53.71145]]}},{"type":"Feature","properties":{},"geometry":{"type":"LineString","coordinates":[[23.88166,53.62855],[23.88109,53.63867],[23.88738,53.65527],[23.88645,53.6632],[23.8917,53.68059],[23.88564,53.68963],[23.8836,53.70409],[23.88586,53.71091]]}},{"type":"Feature","properties":{},"geometry":{"type":"LineString","coordinates":[[23.97217,53.94184],[23.97052,53.94163]]}},{"type":"Feature","properties":{},"geometry":{"type":"LineString","coordinates":[[23.97217,53.94184],[23.97464,53.94242]]}},{"type":"Feature","properties":{},"geometry":{"type":"LineString","coordinates":[[23.97403,53.9426],[23.97217,53.94184]]}},{"type":"Feature","properties":{},"geometry":{"type":"LineString","coordinates":[[23.8885,53.69129],[23.91823,53.69138],[23.93194,53.69631],[23.9683,53.70135],[24.01804,53.69722],[24.05313,53.70185],[24.06436,53.70531],[24.08307,53.72231],[24.10104,53.72923],[24.14509,53.73113],[24.17053,53.72758],[24.17826,53.72247]]}},{"type":"Feature","properties":{},"geometry":{"type":"LineString","coordinates":[[23.86591,53.61752],[23.86587,53.61748]]}},{"type":"Feature","properties":{},"geometry":{"type":"LineString","coordinates":[[23.86587,53.61748],[23.866,53.61721]]}},{"type":"Feature","properties":{},"geometry":{"type":"LineString","coordinates":[[23.86642,53.61759],[23.86591,53.61752]]}},{"type":"Feature","properties":{},"geometry":{"type":"LineString","coordinates":[[23.866,53.61721],[23.86604,53.61719]]}},{"type":"Feature","properties":{},"geometry":{"type":"LineString","coordinates":[[23.86604,53.61719],[23.86643,53.61692]]}},{"type":"Feature","properties":{},"geometry":{"type":"LineString","coordinates":[[23.86604,53.61719],[23.86653,53.61725]]}},{"type":"Feature","properties":{},"geometry":{"type":"LineString","coordinates":[[23.86644,53.61758],[23.86642,53.61759]]}},{"type":"Feature","properties":{},"geometry":{"type":"LineString","coordinates":[[23.86655,53.61727],[23.86644,53.61758]]}},{"type":"Feature","properties":{},"geometry":{"type":"LineString","coordinates":[[23.86783,53.61766],[23.86644,53.61758]]}},{"type":"Feature","properties":{},"geometry":{"type":"LineString","coordinates":[[23.86653,53.61725],[23.86655,53.61727]]}},{"type":"Feature","properties":{},"geometry":{"type":"LineString","coordinates":[[23.86643,53.61692],[23.86653,53.61725]]}},{"type":"Feature","properties":{},"geometry":{"type":"LineString","coordinates":[[23.86655,53.61727],[23.86783,53.61766]]}},{"type":"Feature","properties":{},"geometry":{"type":"LineString","coordinates":[[24.00519,53.20955],[23.95974,53.26691],[23.93948,53.28811],[23.92978,53.29339],[23.94869,53.34085],[23.94534,53.34931],[23.95441,53.41181],[23.92772,53.44462],[23.91346,53.44567],[23.88379,53.45954],[23.88647,53.46321],[23.87334,53.51958],[23.87207,53.54018],[23.87321,53.55312],[23.88244,53.56914],[23.87495,53.58022],[23.86643,53.61692]]}},{"type":"Feature","properties":{},"geometry":{"type":"LineString","coordinates":[[23.87161,53.61851],[23.86783,53.61766]]}},{"type":"Feature","properties":{},"geometry":{"type":"LineString","coordinates":[[23.87161,53.61851],[23.88166,53.62855]]}},{"type":"Feature","properties":{},"geometry":{"type":"LineString","coordinates":[[23.87161,53.61851],[23.8723,53.61806]]}},{"type":"Feature","properties":{},"geometry":{"type":"LineString","coordinates":[[23.8723,53.61806],[23.87161,53.61851]]}},{"type":"Feature","properties":{},"geometry":{"type":"LineString","coordinates":[[23.8723,53.61806],[23.89293,53.61443],[23.99899,53.51774],[24.0505,53.4993],[24.06587,53.49788],[24.09302,53.48084],[24.11595,53.4717],[24.14617,53.47566],[24.21113,53.4561],[24.25939,53.44689],[24.2753,53.44667]]}},{"type":"Feature","properties":{},"geometry":{"type":"LineString","coordinates":[[23.88022,53.63772],[23.88033,53.63825]]}},{"type":"Feature","properties":{},"geometry":{"type":"LineString","coordinates":[[23.88033,53.63825],[23.88022,53.63772]]}},{"type":"Feature","properties":{},"geometry":{"type":"LineString","coordinates":[[24.1978,53.72184],[24.20092,53.72865],[24.21029,53.73642],[24.22368,53.75348],[24.22801,53.76624],[24.24378,53.78054],[24.24671,53.81324],[24.24144,53.82344],[24.21808,53.83912],[24.13925,53.88097],[24.13531,53.88543]]}},{"type":"Feature","properties":{},"geometry":{"type":"LineString","coordinates":[[24.04326,53.62497],[24.04186,53.61661]]}},{"type":"Feature","properties":{},"geometry":{"type":"LineString","coordinates":[[23.94934,53.34094],[24.10432,53.26108]]}},{"type":"Feature","properties":{},"geometry":{"type":"LineString","coordinates":[[23.88924,53.12357],[23.89186,53.12345]]}},{"type":"Feature","properties":{},"geometry":{"type":"LineString","coordinates":[[23.88924,53.12357],[23.89152,53.12334]]}},{"type":"Feature","properties":{},"geometry":{"type":"LineString","coordinates":[[23.88924,53.12357],[23.88959,53.12343]]}},{"type":"Feature","properties":{},"geometry":{"type":"LineString","coordinates":[[23.89017,53.12408],[23.88967,53.124]]}},{"type":"Feature","properties":{},"geometry":{"type":"LineString","coordinates":[[23.88967,53.124],[23.89003,53.12417]]}},{"type":"Feature","properties":{},"geometry":{"type":"LineString","coordinates":[[23.89027,53.12392],[23.88967,53.124]]}},{"type":"Feature","properties":{},"geometry":{"type":"LineString","coordinates":[[23.88959,53.12343],[23.89152,53.12334]]}},{"type":"Feature","properties":{},"geometry":{"type":"LineString","coordinates":[[23.88959,53.12343],[23.89152,53.12334]]}},{"type":"Feature","properties":{},"geometry":{"type":"LineString","coordinates":[[23.89155,53.12405],[23.89003,53.12417]]}},{"type":"Feature","properties":{},"geometry":{"type":"LineString","coordinates":[[23.89011,53.12421],[23.89003,53.12417]]}},{"type":"Feature","properties":{},"geometry":{"type":"LineString","coordinates":[[23.89152,53.1241],[23.89011,53.12421]]}},{"type":"Feature","properties":{},"geometry":{"type":"LineString","coordinates":[[23.8902,53.12427],[23.89011,53.12421]]}},{"type":"Feature","properties":{},"geometry":{"type":"LineString","coordinates":[[23.89149,53.12415],[23.8902,53.12427]]}},{"type":"Feature","properties":{},"geometry":{"type":"LineString","coordinates":[[23.89149,53.12415],[23.8902,53.12427]]}},{"type":"Feature","properties":{},"geometry":{"type":"LineString","coordinates":[[23.89065,53.12409],[23.89017,53.12408]]}},{"type":"Feature","properties":{},"geometry":{"type":"LineString","coordinates":[[23.89027,53.12392],[23.89017,53.12408]]}},{"type":"Feature","properties":{},"geometry":{"type":"LineString","coordinates":[[23.89039,53.124],[23.89017,53.12408]]}},{"type":"Feature","properties":{},"geometry":{"type":"LineString","coordinates":[[23.89039,53.124],[23.89027,53.12392]]}},{"type":"Feature","properties":{},"geometry":{"type":"LineString","coordinates":[[23.89176,53.12375],[23.89027,53.12392]]}},{"type":"Feature","properties":{},"geometry":{"type":"LineString","coordinates":[[23.89065,53.12409],[23.89039,53.124]]}},{"type":"Feature","properties":{},"geometry":{"type":"LineString","coordinates":[[23.89166,53.1238],[23.89039,53.124]]}},{"type":"Feature","properties":{},"geometry":{"type":"LineString","coordinates":[[23.89166,53.1238],[23.89065,53.12409]]}},{"type":"Feature","properties":{},"geometry":{"type":"LineString","coordinates":[[23.89152,53.1241],[23.89149,53.12415]]}},{"type":"Feature","properties":{},"geometry":{"type":"LineString","coordinates":[[23.89155,53.12405],[23.89152,53.1241]]}},{"type":"Feature","properties":{},"geometry":{"type":"LineString","coordinates":[[23.89219,53.12355],[23.89155,53.12405]]}},{"type":"Feature","properties":{},"geometry":{"type":"LineString","coordinates":[[23.89176,53.12375],[23.89166,53.1238]]}},{"type":"Feature","properties":{},"geometry":{"type":"LineString","coordinates":[[23.89152,53.12334],[23.89186,53.12345]]}},{"type":"Feature","properties":{},"geometry":{"type":"LineString","coordinates":[[23.89219,53.12355],[23.89176,53.12375]]}},{"type":"Feature","properties":{},"geometry":{"type":"LineString","coordinates":[[23.89186,53.12345],[23.89219,53.12355]]}},{"type":"Feature","properties":{},"geometry":{"type":"LineString","coordinates":[[23.89219,53.12355],[23.89323,53.12342]]}},{"type":"Feature","properties":{},"geometry":{"type":"LineString","coordinates":[[23.89323,53.12342],[23.89487,53.12314]]}},{"type":"Feature","properties":{},"geometry":{"type":"LineString","coordinates":[[23.8972,53.12298],[23.89323,53.12342]]}},{"type":"Feature","properties":{},"geometry":{"type":"LineString","coordinates":[[23.89487,53.12314],[23.89601,53.12087]]}},{"type":"Feature","properties":{},"geometry":{"type":"LineString","coordinates":[[23.89487,53.12314],[23.90022,53.12069]]}},{"type":"Feature","properties":{},"geometry":{"type":"LineString","coordinates":[[23.89601,53.12087],[23.89624,53.12076]]}},{"type":"Feature","properties":{},"geometry":{"type":"LineString","coordinates":[[23.89601,53.12087],[23.89957,53.12054]]}},{"type":"Feature","properties":{},"geometry":{"type":"LineString","coordinates":[[23.89624,53.12076],[23.89654,53.12059]]}},{"type":"Feature","properties":{},"geometry":{"type":"LineString","coordinates":[[23.89624,53.12076],[23.89927,53.12046]]}},{"type":"Feature","properties":{},"geometry":{"type":"LineString","coordinates":[[23.89749,53.12269],[23.8972,53.12298]]}},{"type":"Feature","properties":{},"geometry":{"type":"LineString","coordinates":[[23.89982,53.12268],[23.8972,53.12298]]}},{"type":"Feature","properties":{},"geometry":{"type":"LineString","coordinates":[[23.89654,53.12059],[23.89887,53.12039]]}},{"type":"Feature","properties":{},"geometry":{"type":"LineString","coordinates":[[23.89654,53.12059],[23.89887,53.12039]]}},{"type":"Feature","properties":{},"geometry":{"type":"LineString","coordinates":[[23.89756,53.12262],[23.89749,53.12269]]}},{"type":"Feature","properties":{},"geometry":{"type":"LineString","coordinates":[[23.89923,53.12244],[23.89749,53.12269]]}},{"type":"Feature","properties":{},"geometry":{"type":"LineString","coordinates":[[23.89906,53.12236],[23.89756,53.12262]]}},{"type":"Feature","properties":{},"geometry":{"type":"LineString","coordinates":[[23.89906,53.12236],[23.89756,53.12262]]}},{"type":"Feature","properties":{},"geometry":{"type":"LineString","coordinates":[[23.89923,53.12244],[23.89906,53.12236]]}},{"type":"Feature","properties":{},"geometry":{"type":"LineString","coordinates":[[23.89982,53.12268],[23.89923,53.12244]]}},{"type":"Feature","properties":{},"geometry":{"type":"LineString","coordinates":[[23.89887,53.12039],[23.89927,53.12046]]}},{"type":"Feature","properties":{},"geometry":{"type":"LineString","coordinates":[[23.90796,53.12168],[23.89982,53.12268]]}},{"type":"Feature","properties":{},"geometry":{"type":"LineString","coordinates":[[23.89927,53.12046],[23.89957,53.12054]]}},{"type":"Feature","properties":{},"geometry":{"type":"LineString","coordinates":[[23.89957,53.12054],[23.90022,53.12069]]}},{"type":"Feature","properties":{},"geometry":{"type":"LineString","coordinates":[[23.54902,52.09615],[23.56053,52.10966]]}},{"type":"Feature","properties":{},"geometry":{"type":"LineString","coordinates":[[23.90022,53.12069],[23.90796,53.12168]]}},{"type":"Feature","properties":{},"geometry":{"type":"LineString","coordinates":[[23.56109,52.11104],[23.56034,52.11009]]}},{"type":"Feature","properties":{},"geometry":{"type":"LineString","coordinates":[[23.56109,52.11104],[23.56034,52.11009]]}},{"type":"Feature","properties":{},"geometry":{"type":"LineString","coordinates":[[23.56034,52.11009],[23.56053,52.10966]]}},{"type":"Feature","properties":{},"geometry":{"type":"LineString","coordinates":[[23.56053,52.10966],[23.56191,52.11128]]}},{"type":"Feature","properties":{},"geometry":{"type":"LineString","coordinates":[[23.56053,52.10966],[23.56191,52.11128]]}},{"type":"Feature","properties":{},"geometry":{"type":"LineString","coordinates":[[23.56053,52.10966],[23.56191,52.11128]]}},{"type":"Feature","properties":{},"geometry":{"type":"LineString","coordinates":[[23.56447,52.11469],[23.56109,52.11104]]}},{"type":"Feature","properties":{},"geometry":{"type":"LineString","coordinates":[[23.90796,53.12168],[23.92597,53.11726],[23.98607,53.11705]]}},{"type":"Feature","properties":{},"geometry":{"type":"LineString","coordinates":[[23.56191,52.11128],[23.56938,52.11995]]}},{"type":"Feature","properties":{},"geometry":{"type":"LineString","coordinates":[[23.56493,52.11523],[23.56447,52.11469]]}},{"type":"Feature","properties":{},"geometry":{"type":"LineString","coordinates":[[23.56493,52.11523],[23.56447,52.11469]]}},{"type":"Feature","properties":{},"geometry":{"type":"LineString","coordinates":[[23.56923,52.12026],[23.56493,52.11523]]}},{"type":"Feature","properties":{},"geometry":{"type":"LineString","coordinates":[[23.57193,52.12329],[23.56931,52.12101]]}},{"type":"Feature","properties":{},"geometry":{"type":"LineString","coordinates":[[23.57188,52.12335],[23.56931,52.12101]]}},{"type":"Feature","properties":{},"geometry":{"type":"LineString","coordinates":[[23.56931,52.12101],[23.5693,52.12093]]}},{"type":"Feature","properties":{},"geometry":{"type":"LineString","coordinates":[[23.57197,52.12323],[23.5693,52.12093]]}},{"type":"Feature","properties":{},"geometry":{"type":"LineString","coordinates":[[23.5693,52.12093],[23.56929,52.12084]]}},{"type":"Feature","properties":{},"geometry":{"type":"LineString","coordinates":[[23.57202,52.12318],[23.56929,52.12084]]}},{"type":"Feature","properties":{},"geometry":{"type":"LineString","coordinates":[[23.56929,52.12084],[23.56928,52.12074]]}},{"type":"Feature","properties":{},"geometry":{"type":"LineString","coordinates":[[23.57207,52.12313],[23.56928,52.12074]]}},{"type":"Feature","properties":{},"geometry":{"type":"LineString","coordinates":[[23.56928,52.12074],[23.56927,52.1206]]}},{"type":"Feature","properties":{},"geometry":{"type":"LineString","coordinates":[[23.57213,52.12309],[23.56927,52.1206]]}},{"type":"Feature","properties":{},"geometry":{"type":"LineString","coordinates":[[23.56927,52.1206],[23.56926,52.12047]]}},{"type":"Feature","properties":{},"geometry":{"type":"LineString","coordinates":[[23.57218,52.12304],[23.56926,52.12047]]}},{"type":"Feature","properties":{},"geometry":{"type":"LineString","coordinates":[[23.56926,52.12047],[23.56925,52.12039]]}},{"type":"Feature","properties":{},"geometry":{"type":"LineString","coordinates":[[23.57223,52.123],[23.56925,52.12039]]}},{"type":"Feature","properties":{},"geometry":{"type":"LineString","coordinates":[[23.56925,52.12039],[23.56923,52.12026]]}},{"type":"Feature","properties":{},"geometry":{"type":"LineString","coordinates":[[23.57223,52.123],[23.56923,52.12026]]}},{"type":"Feature","properties":{},"geometry":{"type":"LineString","coordinates":[[23.56938,52.11995],[23.56951,52.11998]]}},{"type":"Feature","properties":{},"geometry":{"type":"LineString","coordinates":[[23.56938,52.11995],[23.57131,52.12108]]}},{"type":"Feature","properties":{},"geometry":{"type":"LineString","coordinates":[[23.56951,52.11998],[23.56966,52.11999]]}},{"type":"Feature","properties":{},"geometry":{"type":"LineString","coordinates":[[23.56951,52.11998],[23.57131,52.12108]]}},{"type":"Feature","properties":{},"geometry":{"type":"LineString","coordinates":[[23.56966,52.11999],[23.56986,52.12001]]}},{"type":"Feature","properties":{},"geometry":{"type":"LineString","coordinates":[[23.56966,52.11999],[23.57135,52.12107]]}},{"type":"Feature","properties":{},"geometry":{"type":"LineString","coordinates":[[23.56986,52.12001],[23.57008,52.12003]]}},{"type":"Feature","properties":{},"geometry":{"type":"LineString","coordinates":[[23.56986,52.12001],[23.57142,52.12104]]}},{"type":"Feature","properties":{},"geometry":{"type":"LineString","coordinates":[[23.57008,52.12003],[23.57018,52.12004]]}},{"type":"Feature","properties":{},"geometry":{"type":"LineString","coordinates":[[23.57008,52.12003],[23.57148,52.12101]]}},{"type":"Feature","properties":{},"geometry":{"type":"LineString","coordinates":[[23.57018,52.12004],[23.57032,52.12005]]}},{"type":"Feature","properties":{},"geometry":{"type":"LineString","coordinates":[[23.57018,52.12004],[23.57154,52.12099]]}},{"type":"Feature","properties":{},"geometry":{"type":"LineString","coordinates":[[23.57032,52.12005],[23.57171,52.12093]]}},{"type":"Feature","properties":{},"geometry":{"type":"LineString","coordinates":[[23.57032,52.12005],[23.57161,52.12096]]}},{"type":"Feature","properties":{},"geometry":{"type":"LineString","coordinates":[[23.57944,52.12628],[23.57285,52.12555],[23.57188,52.12335]]}},{"type":"Feature","properties":{},"geometry":{"type":"LineString","coordinates":[[23.57188,52.12335],[23.57193,52.12329]]}},{"type":"Feature","properties":{},"geometry":{"type":"LineString","coordinates":[[23.57193,52.12329],[23.57197,52.12323]]}},{"type":"Feature","properties":{},"geometry":{"type":"LineString","coordinates":[[23.57197,52.12323],[23.57202,52.12318]]}},{"type":"Feature","properties":{},"geometry":{"type":"LineString","coordinates":[[23.57131,52.12108],[23.57135,52.12107]]}},{"type":"Feature","properties":{},"geometry":{"type":"LineString","coordinates":[[23.57202,52.12318],[23.57207,52.12313]]}},{"type":"Feature","properties":{},"geometry":{"type":"LineString","coordinates":[[23.57135,52.12107],[23.57142,52.12104]]}},{"type":"Feature","properties":{},"geometry":{"type":"LineString","coordinates":[[23.57207,52.12313],[23.57213,52.12309]]}},{"type":"Feature","properties":{},"geometry":{"type":"LineString","coordinates":[[23.57142,52.12104],[23.57148,52.12101]]}},{"type":"Feature","properties":{},"geometry":{"type":"LineString","coordinates":[[23.57213,52.12309],[23.57218,52.12304]]}},{"type":"Feature","properties":{},"geometry":{"type":"LineString","coordinates":[[23.57148,52.12101],[23.57154,52.12099]]}},{"type":"Feature","properties":{},"geometry":{"type":"LineString","coordinates":[[23.57218,52.12304],[23.57223,52.123]]}},{"type":"Feature","properties":{},"geometry":{"type":"LineString","coordinates":[[23.57154,52.12099],[23.57161,52.12096]]}},{"type":"Feature","properties":{},"geometry":{"type":"LineString","coordinates":[[23.57161,52.12096],[23.57171,52.12093]]}},{"type":"Feature","properties":{},"geometry":{"type":"LineString","coordinates":[[23.57171,52.12093],[23.57272,52.12095]]}},{"type":"Feature","properties":{},"geometry":{"type":"LineString","coordinates":[[23.57171,52.12093],[23.57272,52.12095]]}},{"type":"Feature","properties":{},"geometry":{"type":"LineString","coordinates":[[23.57272,52.12095],[23.58031,52.12608]]}},{"type":"Feature","properties":{},"geometry":{"type":"LineString","coordinates":[[23.58027,52.1266],[23.57944,52.12628]]}},{"type":"Feature","properties":{},"geometry":{"type":"LineString","coordinates":[[23.57944,52.12628],[23.58031,52.12608]]}},{"type":"Feature","properties":{},"geometry":{"type":"LineString","coordinates":[[23.69127,52.15205],[23.58027,52.1266]]}},{"type":"Feature","properties":{},"geometry":{"type":"LineString","coordinates":[[23.5805,52.12636],[23.58027,52.1266]]}},{"type":"Feature","properties":{},"geometry":{"type":"LineString","coordinates":[[23.58031,52.12608],[23.5805,52.12636]]}},{"type":"Feature","properties":{},"geometry":{"type":"LineString","coordinates":[[23.5805,52.12636],[23.6909,52.15146]]}},{"type":"Feature","properties":{},"geometry":{"type":"LineString","coordinates":[[24.17917,53.72266],[24.17826,53.72247]]}},{"type":"Feature","properties":{},"geometry":{"type":"LineString","coordinates":[[24.17917,53.72266],[24.17826,53.72247]]}},{"type":"Feature","properties":{},"geometry":{"type":"LineString","coordinates":[[24.17917,53.72266],[24.1978,53.72184]]}},{"type":"Feature","properties":{},"geometry":{"type":"LineString","coordinates":[[24.00519,53.20955],[24.00631,53.2071]]}},{"type":"Feature","properties":{},"geometry":{"type":"LineString","coordinates":[[24.0064,53.2071],[24.00519,53.20955]]}},{"type":"Feature","properties":{},"geometry":{"type":"LineString","coordinates":[[24.00631,53.2071],[24.0064,53.2071]]}},{"type":"Feature","properties":{},"geometry":{"type":"LineString","coordinates":[[24.00631,53.2071],[24.00498,53.20246]]}},{"type":"Feature","properties":{},"geometry":{"type":"LineString","coordinates":[[24.0064,53.2071],[24.01133,53.20131],[24.01706,53.20291],[24.03245,53.21556],[24.10432,53.26108]]}},{"type":"Feature","properties":{},"geometry":{"type":"LineString","coordinates":[[24.00498,53.20246],[24.0064,53.2071]]}},{"type":"Feature","properties":{},"geometry":{"type":"LineString","coordinates":[[24.00498,53.20246],[24.00229,53.19383],[24.0066,53.18262]]}},{"type":"Feature","properties":{},"geometry":{"type":"LineString","coordinates":[[23.64283,52.07064],[23.62656,52.06154],[23.61737,52.05944]]}},{"type":"Feature","properties":{},"geometry":{"type":"LineString","coordinates":[[24.1978,53.72184],[24.26738,53.72366],[24.33122,53.72034],[24.40986,53.73498],[24.4502,53.72955],[24.52752,53.72992]]}},{"type":"Feature","properties":{},"geometry":{"type":"LineString","coordinates":[[24.24169,53.5707],[24.25012,53.58806],[24.26208,53.59713],[24.25636,53.61439],[24.25853,53.62378],[24.26671,53.63121],[24.26413,53.63574],[24.24345,53.64152],[24.23222,53.67147],[24.21626,53.69272],[24.19642,53.71172],[24.1978,53.72184]]}},{"type":"Feature","properties":{},"geometry":{"type":"LineString","coordinates":[[24.0066,53.18262],[23.9859,53.16095],[23.97923,53.13718],[23.98656,53.11748]]}},{"type":"Feature","properties":{},"geometry":{"type":"LineString","coordinates":[[24.0066,53.18262],[24.02919,53.18282],[24.02964,53.19206]]}},{"type":"Feature","properties":{},"geometry":{"type":"LineString","coordinates":[[23.98637,53.11713],[23.98607,53.11705]]}},{"type":"Feature","properties":{},"geometry":{"type":"LineString","coordinates":[[23.98607,53.11705],[23.98644,53.11699]]}},{"type":"Feature","properties":{},"geometry":{"type":"LineString","coordinates":[[23.98649,53.11726],[23.98637,53.11713]]}},{"type":"Feature","properties":{},"geometry":{"type":"LineString","coordinates":[[23.98637,53.11713],[23.98644,53.11699]]}},{"type":"Feature","properties":{},"geometry":{"type":"LineString","coordinates":[[23.98656,53.11748],[23.98649,53.11726]]}},{"type":"Feature","properties":{},"geometry":{"type":"LineString","coordinates":[[23.98675,53.11731],[23.98656,53.11748]]}},{"type":"Feature","properties":{},"geometry":{"type":"LineString","coordinates":[[23.98675,53.11731],[23.98649,53.11726]]}},{"type":"Feature","properties":{},"geometry":{"type":"LineString","coordinates":[[23.98644,53.11699],[23.98697,53.11701]]}},{"type":"Feature","properties":{},"geometry":{"type":"LineString","coordinates":[[23.98701,53.11717],[23.98675,53.11731]]}},{"type":"Feature","properties":{},"geometry":{"type":"LineString","coordinates":[[23.98697,53.11701],[23.98701,53.11717]]}},{"type":"Feature","properties":{},"geometry":{"type":"LineString","coordinates":[[23.98736,53.11708],[23.98701,53.11717]]}},{"type":"Feature","properties":{},"geometry":{"type":"LineString","coordinates":[[23.98697,53.11701],[23.98736,53.11708]]}},{"type":"Feature","properties":{},"geometry":{"type":"LineString","coordinates":[[23.98736,53.11708],[24.07697,53.1181]]}},{"type":"Feature","properties":{},"geometry":{"type":"LineString","coordinates":[[23.62558,52.06102],[23.64698,52.07145]]}},{"type":"Feature","properties":{},"geometry":{"type":"LineString","coordinates":[[23.78171,52.49567],[23.78765,52.50332],[23.79445,52.55557],[23.80298,52.56938]]}},{"type":"Feature","properties":{},"geometry":{"type":"LineString","coordinates":[[23.78114,52.49536],[23.78084,52.49496]]}},{"type":"Feature","properties":{},"geometry":{"type":"LineString","coordinates":[[23.78084,52.49496],[23.78074,52.49447]]}},{"type":"Feature","properties":{},"geometry":{"type":"LineString","coordinates":[[23.78084,52.49496],[23.78132,52.49482]]}},{"type":"Feature","properties":{},"geometry":{"type":"LineString","coordinates":[[23.78074,52.49447],[23.78132,52.49482]]}},{"type":"Feature","properties":{},"geometry":{"type":"LineString","coordinates":[[23.78074,52.49447],[23.77808,52.49033],[23.78844,52.4147]]}},{"type":"Feature","properties":{},"geometry":{"type":"LineString","coordinates":[[23.78163,52.49523],[23.78114,52.49536]]}},{"type":"Feature","properties":{},"geometry":{"type":"LineString","coordinates":[[23.78171,52.49567],[23.78114,52.49536]]}},{"type":"Feature","properties":{},"geometry":{"type":"LineString","coordinates":[[23.78132,52.49482],[23.78163,52.49523]]}},{"type":"Feature","properties":{},"geometry":{"type":"LineString","coordinates":[[23.78163,52.49523],[23.78171,52.49567]]}},{"type":"Feature","properties":{},"geometry":{"type":"LineString","coordinates":[[23.78212,52.49475],[23.82813,52.46578],[23.83408,52.45477],[23.83293,52.43378],[23.8415,52.42206],[23.86668,52.4031]]}},{"type":"Feature","properties":{},"geometry":{"type":"LineString","coordinates":[[23.64395,52.07152],[23.64287,52.07106]]}},{"type":"Feature","properties":{},"geometry":{"type":"LineString","coordinates":[[23.64305,52.07071],[23.64283,52.07064]]}},{"type":"Feature","properties":{},"geometry":{"type":"LineString","coordinates":[[23.6429,52.0707],[23.64283,52.07064]]}},{"type":"Feature","properties":{},"geometry":{"type":"LineString","coordinates":[[23.64392,52.0711],[23.6429,52.0707]]}},{"type":"Feature","properties":{},"geometry":{"type":"LineString","coordinates":[[23.64392,52.0711],[23.6429,52.0707]]}},{"type":"Feature","properties":{},"geometry":{"type":"LineString","coordinates":[[23.64386,52.07106],[23.64305,52.07071]]}},{"type":"Feature","properties":{},"geometry":{"type":"LineString","coordinates":[[23.64386,52.07106],[23.64305,52.07071]]}},{"type":"Feature","properties":{},"geometry":{"type":"LineString","coordinates":[[23.64407,52.07111],[23.64386,52.07106]]}},{"type":"Feature","properties":{},"geometry":{"type":"LineString","coordinates":[[23.64407,52.07111],[23.64392,52.0711]]}},{"type":"Feature","properties":{},"geometry":{"type":"LineString","coordinates":[[23.64698,52.07145],[23.64407,52.07111]]}},{"type":"Feature","properties":{},"geometry":{"type":"LineString","coordinates":[[23.64438,52.07055],[23.64471,52.07057]]}},{"type":"Feature","properties":{},"geometry":{"type":"LineString","coordinates":[[23.6748,52.15569],[23.67726,52.15313]]}},{"type":"Feature","properties":{},"geometry":{"type":"LineString","coordinates":[[23.67726,52.15313],[23.6748,52.15569]]}},{"type":"Feature","properties":{},"geometry":{"type":"LineString","coordinates":[[23.64698,52.07145],[23.65607,52.07291]]}},{"type":"Feature","properties":{},"geometry":{"type":"LineString","coordinates":[[23.67726,52.15313],[23.68463,52.14601]]}},{"type":"Feature","properties":{},"geometry":{"type":"LineString","coordinates":[[23.66654,52.10531],[23.66521,52.10556]]}},{"type":"Feature","properties":{},"geometry":{"type":"LineString","coordinates":[[23.68463,52.14601],[23.67617,52.138],[23.66521,52.10556]]}},{"type":"Feature","properties":{},"geometry":{"type":"LineString","coordinates":[[23.66521,52.10556],[23.66498,52.10477]]}},{"type":"Feature","properties":{},"geometry":{"type":"LineString","coordinates":[[23.66498,52.10477],[23.66311,52.09549],[23.67856,52.07432]]}},{"type":"Feature","properties":{},"geometry":{"type":"LineString","coordinates":[[23.66498,52.10477],[23.6661,52.1046]]}},{"type":"Feature","properties":{},"geometry":{"type":"LineString","coordinates":[[23.66611,52.10752],[23.66773,52.11024]]}},{"type":"Feature","properties":{},"geometry":{"type":"LineString","coordinates":[[23.66732,52.11029],[23.66611,52.10752]]}},{"type":"Feature","properties":{},"geometry":{"type":"LineString","coordinates":[[23.66611,52.10752],[23.66622,52.10445],[23.67073,52.10366]]}},{"type":"Feature","properties":{},"geometry":{"type":"LineString","coordinates":[[23.6661,52.1046],[23.66629,52.10467]]}},{"type":"Feature","properties":{},"geometry":{"type":"LineString","coordinates":[[23.67922,52.07468],[23.67319,52.07907],[23.66318,52.09566],[23.6661,52.1046]]}},{"type":"Feature","properties":{},"geometry":{"type":"LineString","coordinates":[[23.66629,52.10467],[23.67073,52.10366]]}},{"type":"Feature","properties":{},"geometry":{"type":"LineString","coordinates":[[23.66629,52.10467],[23.6666,52.10517]]}},{"type":"Feature","properties":{},"geometry":{"type":"LineString","coordinates":[[23.66654,52.10531],[23.67631,52.13798],[23.68472,52.14597]]}},{"type":"Feature","properties":{},"geometry":{"type":"LineString","coordinates":[[23.6666,52.10517],[23.66654,52.10531]]}},{"type":"Feature","properties":{},"geometry":{"type":"LineString","coordinates":[[23.67073,52.10366],[23.6666,52.10517]]}},{"type":"Feature","properties":{},"geometry":{"type":"LineString","coordinates":[[23.65607,52.07291],[23.67854,52.07359]]}},{"type":"Feature","properties":{},"geometry":{"type":"LineString","coordinates":[[23.67845,52.07415],[23.66087,52.07489],[23.65607,52.07291]]}},{"type":"Feature","properties":{},"geometry":{"type":"LineString","coordinates":[[23.6909,52.15146],[23.68463,52.14601]]}},{"type":"Feature","properties":{},"geometry":{"type":"LineString","coordinates":[[23.68463,52.14601],[23.68472,52.14597]]}},{"type":"Feature","properties":{},"geometry":{"type":"LineString","coordinates":[[23.68472,52.14597],[23.69142,52.1512]]}},{"type":"Feature","properties":{},"geometry":{"type":"LineString","coordinates":[[23.67455,52.10252],[23.67073,52.10366]]}},{"type":"Feature","properties":{},"geometry":{"type":"LineString","coordinates":[[23.69099,52.15159],[23.6909,52.15146]]}},{"type":"Feature","properties":{},"geometry":{"type":"LineString","coordinates":[[23.6909,52.15146],[23.69109,52.1514]]}},{"type":"Feature","properties":{},"geometry":{"type":"LineString","coordinates":[[23.69127,52.15205],[23.69099,52.15159]]}},{"type":"Feature","properties":{},"geometry":{"type":"LineString","coordinates":[[23.69099,52.15159],[23.69109,52.1514]]}},{"type":"Feature","properties":{},"geometry":{"type":"LineString","coordinates":[[23.67455,52.10252],[23.68185,52.09629]]}},{"type":"Feature","properties":{},"geometry":{"type":"LineString","coordinates":[[23.68185,52.09629],[23.67455,52.10252]]}},{"type":"Feature","properties":{},"geometry":{"type":"LineString","coordinates":[[23.69167,52.15217],[23.69127,52.15205]]}},{"type":"Feature","properties":{},"geometry":{"type":"LineString","coordinates":[[23.69109,52.1514],[23.69142,52.1512]]}},{"type":"Feature","properties":{},"geometry":{"type":"LineString","coordinates":[[23.69262,52.15187],[23.69167,52.15217]]}},{"type":"Feature","properties":{},"geometry":{"type":"LineString","coordinates":[[23.69318,52.15288],[23.69167,52.15217]]}},{"type":"Feature","properties":{},"geometry":{"type":"LineString","coordinates":[[23.69142,52.1512],[23.69152,52.15116]]}},{"type":"Feature","properties":{},"geometry":{"type":"LineString","coordinates":[[23.69152,52.15116],[23.69224,52.15046]]}},{"type":"Feature","properties":{},"geometry":{"type":"LineString","coordinates":[[23.69152,52.15116],[23.69245,52.15128]]}},{"type":"Feature","properties":{},"geometry":{"type":"LineString","coordinates":[[23.68674,52.08606],[23.66973,52.0857]]}},{"type":"Feature","properties":{},"geometry":{"type":"LineString","coordinates":[[23.69262,52.15187],[23.69318,52.15288]]}},{"type":"Feature","properties":{},"geometry":{"type":"LineString","coordinates":[[23.69257,52.15137],[23.69262,52.15187]]}},{"type":"Feature","properties":{},"geometry":{"type":"LineString","coordinates":[[23.84842,52.1192],[23.74092,52.14828],[23.69262,52.15187]]}},{"type":"Feature","properties":{},"geometry":{"type":"LineString","coordinates":[[23.69245,52.15128],[23.69257,52.15137]]}},{"type":"Feature","properties":{},"geometry":{"type":"LineString","coordinates":[[23.69224,52.15046],[23.69245,52.15128]]}},{"type":"Feature","properties":{},"geometry":{"type":"LineString","coordinates":[[23.70148,52.1277],[23.69224,52.15046]]}},{"type":"Feature","properties":{},"geometry":{"type":"LineString","coordinates":[[23.69257,52.15137],[23.74091,52.14821],[23.84722,52.11947]]}},{"type":"Feature","properties":{},"geometry":{"type":"LineString","coordinates":[[23.78287,52.32641],[23.78206,52.3027],[23.76877,52.27051],[23.75502,52.25511],[23.74665,52.2403],[23.74985,52.2242],[23.74778,52.21358],[23.72572,52.19315],[23.69318,52.15288]]}},{"type":"Feature","properties":{},"geometry":{"type":"LineString","coordinates":[[23.67061,52.08541],[23.68674,52.08606]]}},{"type":"Feature","properties":{},"geometry":{"type":"LineString","coordinates":[[23.78844,52.4147],[23.78815,52.41143]]}},{"type":"Feature","properties":{},"geometry":{"type":"LineString","coordinates":[[23.78815,52.41143],[23.78844,52.4147]]}},{"type":"Feature","properties":{},"geometry":{"type":"LineString","coordinates":[[23.78815,52.41143],[23.78397,52.40474],[23.78489,52.39892]]}},{"type":"Feature","properties":{},"geometry":{"type":"LineString","coordinates":[[23.68666,52.09151],[23.68185,52.09629]]}},{"type":"Feature","properties":{},"geometry":{"type":"LineString","coordinates":[[23.78489,52.39892],[23.79241,52.37164],[23.77568,52.35659],[23.78287,52.32641]]}},{"type":"Feature","properties":{},"geometry":{"type":"LineString","coordinates":[[23.78489,52.39892],[23.78998,52.39884],[23.79392,52.40184],[23.81998,52.40352]]}},{"type":"Feature","properties":{},"geometry":{"type":"LineString","coordinates":[[23.67856,52.07432],[23.67845,52.07415]]}},{"type":"Feature","properties":{},"geometry":{"type":"LineString","coordinates":[[23.67845,52.07415],[23.67854,52.07359]]}},{"type":"Feature","properties":{},"geometry":{"type":"LineString","coordinates":[[23.67922,52.07468],[23.67856,52.07432]]}},{"type":"Feature","properties":{},"geometry":{"type":"LineString","coordinates":[[23.67854,52.07359],[23.68005,52.07317]]}},{"type":"Feature","properties":{},"geometry":{"type":"LineString","coordinates":[[23.68087,52.07428],[23.67922,52.07468]]}},{"type":"Feature","properties":{},"geometry":{"type":"LineString","coordinates":[[23.68005,52.07317],[23.69576,52.06574]]}},{"type":"Feature","properties":{},"geometry":{"type":"LineString","coordinates":[[23.68005,52.07317],[23.68083,52.07354]]}},{"type":"Feature","properties":{},"geometry":{"type":"LineString","coordinates":[[23.68093,52.07368],[23.68087,52.07428]]}},{"type":"Feature","properties":{},"geometry":{"type":"LineString","coordinates":[[23.70708,52.0751],[23.68087,52.07428]]}},{"type":"Feature","properties":{},"geometry":{"type":"LineString","coordinates":[[23.68666,52.09136],[23.68666,52.09151]]}},{"type":"Feature","properties":{},"geometry":{"type":"LineString","coordinates":[[23.68666,52.09136],[23.68666,52.09151]]}},{"type":"Feature","properties":{},"geometry":{"type":"LineString","coordinates":[[23.68667,52.09085],[23.68666,52.09136]]}},{"type":"Feature","properties":{},"geometry":{"type":"LineString","coordinates":[[23.68667,52.09085],[23.68666,52.09136]]}},{"type":"Feature","properties":{},"geometry":{"type":"LineString","coordinates":[[23.68083,52.07354],[23.68093,52.07368]]}},{"type":"Feature","properties":{},"geometry":{"type":"LineString","coordinates":[[23.69593,52.06582],[23.68083,52.07354]]}},{"type":"Feature","properties":{},"geometry":{"type":"LineString","coordinates":[[23.6867,52.08871],[23.68667,52.09085]]}},{"type":"Feature","properties":{},"geometry":{"type":"LineString","coordinates":[[23.68093,52.07368],[23.70702,52.07497]]}},{"type":"Feature","properties":{},"geometry":{"type":"LineString","coordinates":[[23.6867,52.08847],[23.6867,52.08871]]}},{"type":"Feature","properties":{},"geometry":{"type":"LineString","coordinates":[[23.6867,52.08847],[23.6867,52.08871]]}},{"type":"Feature","properties":{},"geometry":{"type":"LineString","coordinates":[[23.6867,52.08839],[23.6867,52.08847]]}},{"type":"Feature","properties":{},"geometry":{"type":"LineString","coordinates":[[23.6867,52.08839],[23.6867,52.08847]]}},{"type":"Feature","properties":{},"geometry":{"type":"LineString","coordinates":[[23.68674,52.08606],[23.6867,52.08839]]}},{"type":"Feature","properties":{},"geometry":{"type":"LineString","coordinates":[[23.69158,52.10153],[23.7026,52.08768]]}},{"type":"Feature","properties":{},"geometry":{"type":"LineString","coordinates":[[23.70298,52.08775],[23.6919,52.10165]]}},{"type":"Feature","properties":{},"geometry":{"type":"LineString","coordinates":[[23.7026,52.08768],[23.68674,52.08606]]}},{"type":"Feature","properties":{},"geometry":{"type":"LineString","coordinates":[[23.70148,52.1277],[23.71007,52.1191]]}},{"type":"Feature","properties":{},"geometry":{"type":"LineString","coordinates":[[23.71028,52.11916],[23.70148,52.1277]]}},{"type":"Feature","properties":{},"geometry":{"type":"LineString","coordinates":[[24.10432,53.26108],[24.18352,53.309],[24.22453,53.31997],[24.25082,53.32465],[24.27707,53.33423],[24.29791,53.34851],[24.32963,53.37663]]}},{"type":"Feature","properties":{},"geometry":{"type":"LineString","coordinates":[[24.10432,53.26108],[24.11831,53.25386],[24.20035,53.24693],[24.23573,53.23852],[24.29787,53.20731],[24.36396,53.18068],[24.42861,53.17036],[24.43071,53.1521]]}},{"type":"Feature","properties":{},"geometry":{"type":"LineString","coordinates":[[23.71007,52.1191],[23.71594,52.11446],[23.71885,52.10376]]}},{"type":"Feature","properties":{},"geometry":{"type":"LineString","coordinates":[[23.71007,52.1191],[23.71028,52.11916]]}},{"type":"Feature","properties":{},"geometry":{"type":"LineString","coordinates":[[23.71403,52.11679],[23.71028,52.11916]]}},{"type":"Feature","properties":{},"geometry":{"type":"LineString","coordinates":[[24.12253,52.3795],[23.98831,52.35235],[23.96222,52.35272],[23.87333,52.33501],[23.78287,52.32641]]}},{"type":"Feature","properties":{},"geometry":{"type":"LineString","coordinates":[[23.7026,52.08768],[23.70298,52.08775]]}},{"type":"Feature","properties":{},"geometry":{"type":"LineString","coordinates":[[23.7026,52.08768],[23.70423,52.0841]]}},{"type":"Feature","properties":{},"geometry":{"type":"LineString","coordinates":[[23.70298,52.08775],[23.71052,52.08923]]}},{"type":"Feature","properties":{},"geometry":{"type":"LineString","coordinates":[[23.70475,52.08415],[23.70298,52.08775]]}},{"type":"Feature","properties":{},"geometry":{"type":"LineString","coordinates":[[23.69593,52.06582],[23.69576,52.06574]]}},{"type":"Feature","properties":{},"geometry":{"type":"LineString","coordinates":[[23.69576,52.06574],[23.69593,52.06563]]}},{"type":"Feature","properties":{},"geometry":{"type":"LineString","coordinates":[[23.70702,52.07497],[23.70636,52.0707],[23.69593,52.06582]]}},{"type":"Feature","properties":{},"geometry":{"type":"LineString","coordinates":[[23.69609,52.06571],[23.69593,52.06582]]}},{"type":"Feature","properties":{},"geometry":{"type":"LineString","coordinates":[[23.69593,52.06563],[23.69609,52.06571]]}},{"type":"Feature","properties":{},"geometry":{"type":"LineString","coordinates":[[23.69593,52.06563],[23.70751,52.0602]]}},{"type":"Feature","properties":{},"geometry":{"type":"LineString","coordinates":[[23.69609,52.06571],[23.70664,52.07071],[23.70723,52.07498]]}},{"type":"Feature","properties":{},"geometry":{"type":"LineString","coordinates":[[23.70751,52.0602],[23.69609,52.06571]]}},{"type":"Feature","properties":{},"geometry":{"type":"LineString","coordinates":[[23.71544,52.11543],[23.71403,52.11679]]}},{"type":"Feature","properties":{},"geometry":{"type":"LineString","coordinates":[[23.71544,52.11543],[23.71403,52.11679]]}},{"type":"Feature","properties":{},"geometry":{"type":"LineString","coordinates":[[23.70475,52.08415],[23.70423,52.0841]]}},{"type":"Feature","properties":{},"geometry":{"type":"LineString","coordinates":[[23.70423,52.0841],[23.70435,52.08376]]}},{"type":"Feature","properties":{},"geometry":{"type":"LineString","coordinates":[[23.70435,52.08376],[23.70478,52.08326]]}},{"type":"Feature","properties":{},"geometry":{"type":"LineString","coordinates":[[23.70435,52.08376],[23.70484,52.08383]]}},{"type":"Feature","properties":{},"geometry":{"type":"LineString","coordinates":[[23.70484,52.08383],[23.70475,52.08415]]}},{"type":"Feature","properties":{},"geometry":{"type":"LineString","coordinates":[[23.71885,52.10376],[23.71544,52.11543]]}},{"type":"Feature","properties":{},"geometry":{"type":"LineString","coordinates":[[23.70478,52.08326],[23.70484,52.08383]]}},{"type":"Feature","properties":{},"geometry":{"type":"LineString","coordinates":[[23.70708,52.0751],[23.70478,52.08326]]}},{"type":"Feature","properties":{},"geometry":{"type":"LineString","coordinates":[[23.71052,52.08923],[23.7322,52.09342]]}},{"type":"Feature","properties":{},"geometry":{"type":"LineString","coordinates":[[23.73216,52.09349],[23.71052,52.08923]]}},{"type":"Feature","properties":{},"geometry":{"type":"LineString","coordinates":[[23.70702,52.07497],[23.70723,52.07498]]}},{"type":"Feature","properties":{},"geometry":{"type":"LineString","coordinates":[[23.70708,52.0751],[23.70702,52.07497]]}},{"type":"Feature","properties":{},"geometry":{"type":"LineString","coordinates":[[23.73802,52.08041],[23.70708,52.0751]]}},{"type":"Feature","properties":{},"geometry":{"type":"LineString","coordinates":[[23.70723,52.07498],[23.70708,52.0751]]}},{"type":"Feature","properties":{},"geometry":{"type":"LineString","coordinates":[[23.70723,52.07498],[23.73809,52.08027]]}},{"type":"Feature","properties":{},"geometry":{"type":"LineString","coordinates":[[23.65366,51.7756],[23.64169,51.76994],[23.63596,51.76221],[23.63091,51.7596],[23.6185,51.75885],[23.60422,51.76249]]}},{"type":"Feature","properties":{},"geometry":{"type":"LineString","coordinates":[[23.81998,52.40352],[23.86668,52.4031]]}},{"type":"Feature","properties":{},"geometry":{"type":"LineString","coordinates":[[23.81998,52.40352],[23.83474,52.39297],[23.859,52.38391],[23.88366,52.37074],[23.91619,52.32811],[23.9221,52.31027],[23.93531,52.29884],[24.00015,52.21124]]}},{"type":"Feature","properties":{},"geometry":{"type":"LineString","coordinates":[[23.71885,52.10376],[23.72722,52.0994]]}},{"type":"Feature","properties":{},"geometry":{"type":"LineString","coordinates":[[23.70751,52.0602],[23.7214,52.05551]]}},{"type":"Feature","properties":{},"geometry":{"type":"LineString","coordinates":[[24.07697,53.1181],[24.14225,53.12861],[24.33695,53.14039],[24.41523,53.15207],[24.42953,53.15151]]}},{"type":"Feature","properties":{},"geometry":{"type":"LineString","coordinates":[[24.07697,53.1181],[24.0817,53.08577],[24.07701,53.07124],[24.06724,53.05981],[24.08517,53.0432]]}},{"type":"Feature","properties":{},"geometry":{"type":"LineString","coordinates":[[23.72722,52.0994],[23.73733,52.10421]]}},{"type":"Feature","properties":{},"geometry":{"type":"LineString","coordinates":[[23.72722,52.0994],[23.72983,52.09793]]}},{"type":"Feature","properties":{},"geometry":{"type":"LineString","coordinates":[[24.24169,53.5707],[24.24106,53.56878]]}},{"type":"Feature","properties":{},"geometry":{"type":"LineString","coordinates":[[24.24106,53.56878],[24.24169,53.5707]]}},{"type":"Feature","properties":{},"geometry":{"type":"LineString","coordinates":[[24.24106,53.56878],[24.23179,53.55816],[24.23775,53.52537],[24.27918,53.48752]]}},{"type":"Feature","properties":{},"geometry":{"type":"LineString","coordinates":[[23.72983,52.09793],[23.73216,52.09349]]}},{"type":"Feature","properties":{},"geometry":{"type":"LineString","coordinates":[[23.73237,52.09353],[23.72983,52.09793]]}},{"type":"Feature","properties":{},"geometry":{"type":"LineString","coordinates":[[23.73237,52.09353],[23.73216,52.09349]]}},{"type":"Feature","properties":{},"geometry":{"type":"LineString","coordinates":[[23.73216,52.09349],[23.7322,52.09342]]}},{"type":"Feature","properties":{},"geometry":{"type":"LineString","coordinates":[[23.7322,52.09342],[23.73242,52.09344]]}},{"type":"Feature","properties":{},"geometry":{"type":"LineString","coordinates":[[23.7322,52.09342],[23.73802,52.08041]]}},{"type":"Feature","properties":{},"geometry":{"type":"LineString","coordinates":[[23.76383,52.09974],[23.73237,52.09353]]}},{"type":"Feature","properties":{},"geometry":{"type":"LineString","coordinates":[[23.73242,52.09344],[23.73237,52.09353]]}},{"type":"Feature","properties":{},"geometry":{"type":"LineString","coordinates":[[23.73242,52.09344],[23.76384,52.09955]]}},{"type":"Feature","properties":{},"geometry":{"type":"LineString","coordinates":[[23.73823,52.08044],[23.73242,52.09344]]}},{"type":"Feature","properties":{},"geometry":{"type":"LineString","coordinates":[[23.73733,52.10421],[23.75801,52.11089]]}},{"type":"Feature","properties":{},"geometry":{"type":"LineString","coordinates":[[23.75794,52.11103],[23.73733,52.10421]]}},{"type":"Feature","properties":{},"geometry":{"type":"LineString","coordinates":[[23.74982,52.07046],[23.7214,52.05551]]}},{"type":"Feature","properties":{},"geometry":{"type":"LineString","coordinates":[[23.7214,52.05551],[23.72674,52.05309]]}},{"type":"Feature","properties":{},"geometry":{"type":"LineString","coordinates":[[23.72674,52.05309],[23.7267,52.05241]]}},{"type":"Feature","properties":{},"geometry":{"type":"LineString","coordinates":[[23.7267,52.05241],[23.72674,52.05309]]}},{"type":"Feature","properties":{},"geometry":{"type":"LineString","coordinates":[[23.72674,52.05309],[23.76027,52.03823],[23.79378,52.0287],[23.80691,52.02791],[24.06561,51.92869],[24.13858,51.89271]]}},{"type":"Feature","properties":{},"geometry":{"type":"LineString","coordinates":[[23.7267,52.05241],[23.73009,52.02144],[23.65964,51.93448],[23.66098,51.92314],[23.63765,51.853],[23.64862,51.82014],[23.64895,51.80265],[23.65573,51.79212],[23.65509,51.7783]]}},{"type":"Feature","properties":{},"geometry":{"type":"LineString","coordinates":[[23.73823,52.08044],[23.73802,52.08041]]}},{"type":"Feature","properties":{},"geometry":{"type":"LineString","coordinates":[[23.73802,52.08041],[23.73809,52.08027]]}},{"type":"Feature","properties":{},"geometry":{"type":"LineString","coordinates":[[23.73809,52.08027],[23.7383,52.08032]]}},{"type":"Feature","properties":{},"geometry":{"type":"LineString","coordinates":[[23.73809,52.08027],[23.7404,52.07649]]}},{"type":"Feature","properties":{},"geometry":{"type":"LineString","coordinates":[[23.77166,52.08385],[23.73823,52.08044]]}},{"type":"Feature","properties":{},"geometry":{"type":"LineString","coordinates":[[23.7383,52.08032],[23.73823,52.08044]]}},{"type":"Feature","properties":{},"geometry":{"type":"LineString","coordinates":[[23.7383,52.08032],[23.7716,52.08369]]}},{"type":"Feature","properties":{},"geometry":{"type":"LineString","coordinates":[[23.74058,52.07655],[23.7383,52.08032]]}},{"type":"Feature","properties":{},"geometry":{"type":"LineString","coordinates":[[23.7404,52.07649],[23.74058,52.07655]]}},{"type":"Feature","properties":{},"geometry":{"type":"LineString","coordinates":[[23.7404,52.07649],[23.74982,52.07046]]}},{"type":"Feature","properties":{},"geometry":{"type":"LineString","coordinates":[[23.74982,52.07046],[23.74058,52.07655]]}},{"type":"Feature","properties":{},"geometry":{"type":"LineString","coordinates":[[23.7712,52.11349],[23.75794,52.11103]]}},{"type":"Feature","properties":{},"geometry":{"type":"LineString","coordinates":[[23.75801,52.11089],[23.75794,52.11103]]}},{"type":"Feature","properties":{},"geometry":{"type":"LineString","coordinates":[[23.75801,52.11089],[23.7712,52.11349]]}},{"type":"Feature","properties":{},"geometry":{"type":"LineString","coordinates":[[23.75801,52.11089],[23.76383,52.09974]]}},{"type":"Feature","properties":{},"geometry":{"type":"LineString","coordinates":[[24.08517,53.0432],[24.08524,53.04268]]}},{"type":"Feature","properties":{},"geometry":{"type":"LineString","coordinates":[[24.08586,53.04287],[24.08517,53.0432]]}},{"type":"Feature","properties":{},"geometry":{"type":"LineString","coordinates":[[24.08473,53.04195],[24.08566,53.04223]]}},{"type":"Feature","properties":{},"geometry":{"type":"LineString","coordinates":[[24.0852,53.04255],[24.08473,53.04195]]}},{"type":"Feature","properties":{},"geometry":{"type":"LineString","coordinates":[[24.35788,52.92844],[24.34819,52.93091],[24.33185,52.93014],[24.28689,52.94449],[24.23138,52.96743],[24.18136,52.97692],[24.12043,53.00355],[24.10919,53.01605],[24.09994,53.01778],[24.07355,53.03186],[24.06954,53.03739],[24.08473,53.04195]]}},{"type":"Feature","properties":{},"geometry":{"type":"LineString","coordinates":[[23.76765,52.07629],[23.76248,52.07198],[23.74982,52.07046]]}},{"type":"Feature","properties":{},"geometry":{"type":"LineString","coordinates":[[24.08586,53.04287],[24.08524,53.04268]]}},{"type":"Feature","properties":{},"geometry":{"type":"LineString","coordinates":[[24.08524,53.04268],[24.0852,53.04255]]}},{"type":"Feature","properties":{},"geometry":{"type":"LineString","coordinates":[[24.0852,53.04255],[24.08566,53.04223]]}},{"type":"Feature","properties":{},"geometry":{"type":"LineString","coordinates":[[24.08566,53.04223],[24.08586,53.04287]]}},{"type":"Feature","properties":{},"geometry":{"type":"LineString","coordinates":[[23.65366,51.7756],[23.6543,51.77635]]}},{"type":"Feature","properties":{},"geometry":{"type":"LineString","coordinates":[[23.65424,51.77642],[23.65366,51.7756]]}},{"type":"Feature","properties":{},"geometry":{"type":"LineString","coordinates":[[23.65425,51.77643],[23.65424,51.77642]]}},{"type":"Feature","properties":{},"geometry":{"type":"LineString","coordinates":[[23.65424,51.77642],[23.6543,51.77635]]}},{"type":"Feature","properties":{},"geometry":{"type":"LineString","coordinates":[[23.65509,51.7783],[23.65425,51.77643]]}},{"type":"Feature","properties":{},"geometry":{"type":"LineString","coordinates":[[23.65436,51.77642],[23.65425,51.77643]]}},{"type":"Feature","properties":{},"geometry":{"type":"LineString","coordinates":[[23.6543,51.77635],[23.65436,51.77642]]}},{"type":"Feature","properties":{},"geometry":{"type":"LineString","coordinates":[[23.6543,51.77635],[23.65477,51.77584]]}},{"type":"Feature","properties":{},"geometry":{"type":"LineString","coordinates":[[23.65436,51.77642],[23.65509,51.7783]]}},{"type":"Feature","properties":{},"geometry":{"type":"LineString","coordinates":[[23.65477,51.77584],[23.65436,51.77642]]}},{"type":"Feature","properties":{},"geometry":{"type":"LineString","coordinates":[[23.65477,51.77584],[23.64797,51.76599],[23.64659,51.73593],[23.63685,51.731],[23.60721,51.67948],[23.60177,51.65537],[23.60455,51.60739],[23.61104,51.59818],[23.61237,51.58215],[23.62146,51.57321],[23.61725,51.5565]]}},{"type":"Feature","properties":{},"geometry":{"type":"LineString","coordinates":[[23.86668,52.4031],[23.8873,52.39937],[23.89905,52.40063],[23.94191,52.39313],[23.97437,52.39252],[23.98474,52.39431],[23.99767,52.4013],[24.04149,52.39759],[24.06323,52.39793],[24.07669,52.40073]]}},{"type":"Feature","properties":{},"geometry":{"type":"LineString","coordinates":[[23.77693,52.10232],[23.76383,52.09974]]}},{"type":"Feature","properties":{},"geometry":{"type":"LineString","coordinates":[[23.76383,52.09974],[23.76384,52.09955]]}},{"type":"Feature","properties":{},"geometry":{"type":"LineString","coordinates":[[23.76405,52.09959],[23.76383,52.09974]]}},{"type":"Feature","properties":{},"geometry":{"type":"LineString","coordinates":[[23.76384,52.09955],[23.76405,52.09959]]}},{"type":"Feature","properties":{},"geometry":{"type":"LineString","coordinates":[[23.76384,52.09955],[23.77166,52.08385]]}},{"type":"Feature","properties":{},"geometry":{"type":"LineString","coordinates":[[23.76405,52.09959],[23.77701,52.10214]]}},{"type":"Feature","properties":{},"geometry":{"type":"LineString","coordinates":[[23.77195,52.08386],[23.76405,52.09959]]}},{"type":"Feature","properties":{},"geometry":{"type":"LineString","coordinates":[[23.77693,52.10232],[23.7712,52.11349]]}},{"type":"Feature","properties":{},"geometry":{"type":"LineString","coordinates":[[23.76765,52.07629],[23.7684,52.07698]]}},{"type":"Feature","properties":{},"geometry":{"type":"LineString","coordinates":[[23.76814,52.07707],[23.76765,52.07629]]}},{"type":"Feature","properties":{},"geometry":{"type":"LineString","coordinates":[[23.76838,52.07731],[23.76814,52.07707]]}},{"type":"Feature","properties":{},"geometry":{"type":"LineString","coordinates":[[23.76814,52.07707],[23.7684,52.07698]]}},{"type":"Feature","properties":{},"geometry":{"type":"LineString","coordinates":[[23.7716,52.08369],[23.76838,52.07731]]}},{"type":"Feature","properties":{},"geometry":{"type":"LineString","coordinates":[[23.76865,52.07719],[23.76838,52.07731]]}},{"type":"Feature","properties":{},"geometry":{"type":"LineString","coordinates":[[24.28002,52.1992],[23.77693,52.10232]]}},{"type":"Feature","properties":{},"geometry":{"type":"LineString","coordinates":[[23.77701,52.10214],[23.77693,52.10232]]}},{"type":"Feature","properties":{},"geometry":{"type":"LineString","coordinates":[[23.7684,52.07698],[23.76865,52.07719]]}},{"type":"Feature","properties":{},"geometry":{"type":"LineString","coordinates":[[23.77701,52.10214],[24.28243,52.19945],[24.29775,52.19778],[24.33783,52.1784],[24.39716,52.18649],[24.40371,52.18916],[24.41914,52.20282],[24.4229,52.22223]]}},{"type":"Feature","properties":{},"geometry":{"type":"LineString","coordinates":[[23.76865,52.07719],[23.77188,52.0837]]}},{"type":"Feature","properties":{},"geometry":{"type":"LineString","coordinates":[[23.7716,52.08369],[23.77188,52.0837]]}},{"type":"Feature","properties":{},"geometry":{"type":"LineString","coordinates":[[23.77166,52.08385],[23.7716,52.08369]]}},{"type":"Feature","properties":{},"geometry":{"type":"LineString","coordinates":[[23.77195,52.08386],[23.77166,52.08385]]}},{"type":"Feature","properties":{},"geometry":{"type":"LineString","coordinates":[[23.77188,52.0837],[23.77195,52.08386]]}},{"type":"Feature","properties":{},"geometry":{"type":"LineString","coordinates":[[24.27918,53.48752],[24.29877,53.48948],[24.34649,53.47699],[24.47171,53.42254],[24.49647,53.42014],[24.52398,53.40968],[24.53393,53.41002],[24.53499,53.40741]]}},{"type":"Feature","properties":{},"geometry":{"type":"LineString","coordinates":[[24.2753,53.44667],[24.27385,53.45317],[24.28601,53.46847],[24.28362,53.48403],[24.27918,53.48752]]}},{"type":"Feature","properties":{},"geometry":{"type":"LineString","coordinates":[[23.61725,51.5565],[23.62022,51.55605]]}},{"type":"Feature","properties":{},"geometry":{"type":"LineString","coordinates":[[23.62022,51.55605],[23.61725,51.5565]]}},{"type":"Feature","properties":{},"geometry":{"type":"LineString","coordinates":[[23.62022,51.55605],[23.63077,51.55469],[23.64348,51.55845]]}},{"type":"Feature","properties":{},"geometry":{"type":"LineString","coordinates":[[24.2753,53.44667],[24.29031,53.40315],[24.32963,53.37663]]}},{"type":"Feature","properties":{},"geometry":{"type":"LineString","coordinates":[[24.07979,52.61655],[24.06001,52.62135]]}},{"type":"Feature","properties":{},"geometry":{"type":"LineString","coordinates":[[24.32963,53.37663],[24.36811,53.37116]]}},{"type":"Feature","properties":{},"geometry":{"type":"LineString","coordinates":[[23.90139,52.12184],[23.90171,52.11493]]}},{"type":"Feature","properties":{},"geometry":{"type":"LineString","coordinates":[[23.90171,52.11493],[23.90059,52.11176],[23.90171,52.11493]]}},{"type":"Feature","properties":{},"geometry":{"type":"LineString","coordinates":[[24.07979,52.61655],[24.07348,52.62958],[24.07441,52.63452],[24.08443,52.65292],[24.10322,52.66594],[24.13085,52.6676],[24.15926,52.66121],[24.20005,52.67847],[24.20813,52.6833],[24.21352,52.69206],[24.2199,52.6957],[24.26769,52.69728],[24.28589,52.70154],[24.30821,52.70231]]}},{"type":"Feature","properties":{},"geometry":{"type":"LineString","coordinates":[[24.09563,52.60899],[24.07979,52.61655]]}},{"type":"Feature","properties":{},"geometry":{"type":"LineString","coordinates":[[24.34032,52.56829],[24.29964,52.5767],[24.21144,52.58319],[24.20115,52.58188],[24.09563,52.60899]]}},{"type":"Feature","properties":{},"geometry":{"type":"LineString","coordinates":[[24.07669,52.40073],[24.10236,52.40516],[24.11769,52.41694],[24.13642,52.44677],[24.1382,52.45618],[24.14478,52.46436],[24.15442,52.46993],[24.15632,52.47816],[24.17057,52.4873],[24.1714,52.49632],[24.18011,52.51541],[24.17713,52.52041],[24.15415,52.53263],[24.15459,52.54665],[24.13974,52.55159],[24.13046,52.56248],[24.10766,52.56901],[24.09892,52.58081],[24.09563,52.60899]]}},{"type":"Feature","properties":{},"geometry":{"type":"LineString","coordinates":[[24.36811,53.37116],[24.37941,53.3741],[24.39161,53.38165],[24.41095,53.38125],[24.44315,53.38979],[24.46221,53.39133],[24.48441,53.40042],[24.51237,53.4071],[24.53663,53.40116]]}},{"type":"Feature","properties":{},"geometry":{"type":"LineString","coordinates":[[24.52182,53.2108],[24.51676,53.22241],[24.48948,53.23493],[24.46229,53.25474],[24.44242,53.30902],[24.435,53.31305],[24.40845,53.31788],[24.38988,53.33584],[24.38067,53.36121],[24.36811,53.37116]]}},{"type":"Feature","properties":{},"geometry":{"type":"LineString","coordinates":[[24.52752,53.72992],[24.53192,53.73199],[24.54793,53.75909],[24.55214,53.79582],[24.55722,53.81095],[24.56282,53.81684],[24.60068,53.81979],[24.64599,53.83029],[24.67848,53.84162],[24.7147,53.87577],[24.74641,53.88873],[24.75674,53.89589],[24.77634,53.91364],[24.81001,53.93852],[24.85442,53.97944],[24.89176,53.99151],[24.91036,53.99351],[24.92512,54.01629],[24.93957,54.0309],[25.01109,54.05762]]}},{"type":"Feature","properties":{},"geometry":{"type":"LineString","coordinates":[[24.52752,53.72992],[24.55723,53.71502],[24.59856,53.68255],[24.62201,53.6683],[24.64274,53.64593],[24.72278,53.6313],[24.72697,53.62672]]}},{"type":"Feature","properties":{},"geometry":{"type":"LineString","coordinates":[[24.00015,52.21124],[24.00751,52.21918],[24.04454,52.21687],[24.04527,52.20223]]}},{"type":"Feature","properties":{},"geometry":{"type":"LineString","coordinates":[[24.00015,52.21124],[24.01088,52.19712],[24.03354,52.18767]]}},{"type":"Feature","properties":{},"geometry":{"type":"LineString","coordinates":[[24.07669,52.40073],[24.08789,52.39801],[24.09856,52.39024],[24.12253,52.3795]]}},{"type":"Feature","properties":{},"geometry":{"type":"LineString","coordinates":[[24.04527,52.20223],[24.03097,52.19834],[24.04145,52.19101],[24.03354,52.18767]]}},{"type":"Feature","properties":{},"geometry":{"type":"LineString","coordinates":[[24.03354,52.18767],[24.04271,52.16454],[24.05324,52.1575]]}},{"type":"Feature","properties":{},"geometry":{"type":"LineString","coordinates":[[24.04527,52.20223],[24.06946,52.20236],[24.08764,52.20526],[24.12144,52.19822],[24.13836,52.19678],[24.15806,52.19887],[24.17196,52.19564],[24.22895,52.20624],[24.22635,52.22506],[24.2298,52.22765],[24.25808,52.2269],[24.26607,52.22872],[24.27922,52.22461],[24.28948,52.2243],[24.31048,52.23062],[24.33178,52.22364],[24.35562,52.22363]]}},{"type":"Feature","properties":{},"geometry":{"type":"LineString","coordinates":[[24.44815,52.54096],[24.37433,52.50595],[24.29621,52.4526],[24.2205,52.41587],[24.18889,52.40736],[24.18369,52.3997],[24.16714,52.38874],[24.12253,52.3795]]}},{"type":"Feature","properties":{},"geometry":{"type":"LineString","coordinates":[[24.12253,52.3795],[24.15514,52.36016],[24.1898,52.3524],[24.20105,52.34708],[24.23581,52.34085],[24.23914,52.34279],[24.24177,52.33939],[24.26141,52.33502],[24.2756,52.30018],[24.29265,52.27896],[24.35562,52.22363]]}},{"type":"Feature","properties":{},"geometry":{"type":"LineString","coordinates":[[24.42953,53.15151],[24.43034,53.15153]]}},{"type":"Feature","properties":{},"geometry":{"type":"LineString","coordinates":[[24.43021,53.15178],[24.42953,53.15151]]}},{"type":"Feature","properties":{},"geometry":{"type":"LineString","coordinates":[[24.43025,53.15181],[24.43021,53.15178]]}},{"type":"Feature","properties":{},"geometry":{"type":"LineString","coordinates":[[24.43021,53.15178],[24.43034,53.15153]]}},{"type":"Feature","properties":{},"geometry":{"type":"LineString","coordinates":[[24.43068,53.15177],[24.43025,53.15181]]}},{"type":"Feature","properties":{},"geometry":{"type":"LineString","coordinates":[[24.43071,53.1521],[24.43025,53.15181]]}},{"type":"Feature","properties":{},"geometry":{"type":"LineString","coordinates":[[24.43034,53.15153],[24.43041,53.15152]]}},{"type":"Feature","properties":{},"geometry":{"type":"LineString","coordinates":[[24.43041,53.15152],[24.43072,53.15168]]}},{"type":"Feature","properties":{},"geometry":{"type":"LineString","coordinates":[[24.43041,53.15152],[24.43093,53.15129]]}},{"type":"Feature","properties":{},"geometry":{"type":"LineString","coordinates":[[24.43068,53.15177],[24.43071,53.1521]]}},{"type":"Feature","properties":{},"geometry":{"type":"LineString","coordinates":[[24.43072,53.15168],[24.43068,53.15177]]}},{"type":"Feature","properties":{},"geometry":{"type":"LineString","coordinates":[[24.43093,53.15129],[24.43072,53.15168]]}},{"type":"Feature","properties":{},"geometry":{"type":"LineString","coordinates":[[24.43093,53.15129],[24.43561,53.14881]]}},{"type":"Feature","properties":{},"geometry":{"type":"LineString","coordinates":[[24.43561,53.14881],[24.42692,53.14543],[24.41386,53.13521],[24.40367,53.11633],[24.40755,53.08533],[24.41885,53.05604],[24.42536,53.04919],[24.40992,53.02839],[24.40924,53.01964],[24.41659,53.01087],[24.41654,53.00404],[24.40224,52.98871],[24.38998,52.96937],[24.37302,52.9544],[24.36891,52.94236],[24.35788,52.92844]]}},{"type":"Feature","properties":{},"geometry":{"type":"LineString","coordinates":[[24.43561,53.14881],[24.45108,53.15366],[24.4583,53.15208],[24.468,53.14313],[24.50303,53.14491]]}},{"type":"Feature","properties":{},"geometry":{"type":"LineString","coordinates":[[24.35788,52.92844],[24.35122,52.90028],[24.34575,52.88993],[24.35357,52.86953],[24.34886,52.84481],[24.3523,52.82747],[24.33078,52.81577],[24.31236,52.78254],[24.28997,52.76776],[24.28565,52.75352],[24.28667,52.74584],[24.30846,52.71473],[24.30821,52.70231]]}},{"type":"Feature","properties":{},"geometry":{"type":"LineString","coordinates":[[24.30821,52.70231],[24.32381,52.70314],[24.36059,52.69059],[24.4146,52.69076],[24.43969,52.68612],[24.44871,52.68681],[24.45523,52.69042],[24.49042,52.72898],[24.56257,52.76329],[24.59027,52.76203],[24.5971,52.76578],[24.60161,52.77574],[24.60932,52.78253],[24.60663,52.79404],[24.59468,52.80396],[24.60058,52.83224],[24.60809,52.83992],[24.61454,52.8536],[24.60669,52.86964],[24.53454,52.90308],[24.48231,52.90681],[24.466,52.91074],[24.43403,52.9062],[24.40037,52.90559],[24.37094,52.91808],[24.35788,52.92844]]}},{"type":"Feature","properties":{},"geometry":{"type":"LineString","coordinates":[[24.53499,53.40741],[24.54753,53.41551],[24.58917,53.41944],[24.62749,53.42633]]}},{"type":"Feature","properties":{},"geometry":{"type":"LineString","coordinates":[[24.53499,53.40741],[24.53663,53.40116]]}},{"type":"Feature","properties":{},"geometry":{"type":"LineString","coordinates":[[24.53663,53.40116],[24.53809,53.3843],[24.54107,53.38125],[24.55788,53.37664],[24.58086,53.36083],[24.62365,53.35039]]}},{"type":"Feature","properties":{},"geometry":{"type":"LineString","coordinates":[[24.30821,52.70231],[24.30685,52.67657],[24.32328,52.62477],[24.35358,52.60342],[24.34032,52.56829]]}},{"type":"Feature","properties":{},"geometry":{"type":"LineString","coordinates":[[24.52182,53.2108],[24.51042,53.19308],[24.521,53.16983],[24.50568,53.1461]]}},{"type":"Feature","properties":{},"geometry":{"type":"LineString","coordinates":[[24.62365,53.35039],[24.60291,53.3166],[24.60015,53.30064],[24.58375,53.27233],[24.52642,53.21257],[24.52182,53.2108]]}},{"type":"Feature","properties":{},"geometry":{"type":"LineString","coordinates":[[24.50383,53.14527],[24.50303,53.14491]]}},{"type":"Feature","properties":{},"geometry":{"type":"LineString","coordinates":[[24.50303,53.14491],[24.50393,53.1448]]}},{"type":"Feature","properties":{},"geometry":{"type":"LineString","coordinates":[[24.50513,53.14574],[24.50383,53.14527]]}},{"type":"Feature","properties":{},"geometry":{"type":"LineString","coordinates":[[24.50383,53.14527],[24.50393,53.1448]]}},{"type":"Feature","properties":{},"geometry":{"type":"LineString","coordinates":[[24.50393,53.1448],[24.50491,53.14465]]}},{"type":"Feature","properties":{},"geometry":{"type":"LineString","coordinates":[[24.50568,53.1461],[24.50513,53.14574]]}},{"type":"Feature","properties":{},"geometry":{"type":"LineString","coordinates":[[24.50592,53.14561],[24.50513,53.14574]]}},{"type":"Feature","properties":{},"geometry":{"type":"LineString","coordinates":[[24.50491,53.14465],[24.50569,53.14484]]}},{"type":"Feature","properties":{},"geometry":{"type":"LineString","coordinates":[[24.50491,53.14465],[24.50558,53.14438]]}},{"type":"Feature","properties":{},"geometry":{"type":"LineString","coordinates":[[24.50592,53.14561],[24.50568,53.1461]]}},{"type":"Feature","properties":{},"geometry":{"type":"LineString","coordinates":[[24.50606,53.14549],[24.50592,53.14561]]}},{"type":"Feature","properties":{},"geometry":{"type":"LineString","coordinates":[[24.50569,53.14484],[24.50597,53.14502]]}},{"type":"Feature","properties":{},"geometry":{"type":"LineString","coordinates":[[24.50558,53.14438],[24.50569,53.14484]]}},{"type":"Feature","properties":{},"geometry":{"type":"LineString","coordinates":[[24.50558,53.14438],[24.53424,53.11276],[24.56703,53.0914],[24.57213,53.08101],[24.60774,53.0372],[24.60593,53.00779],[24.62251,52.97751],[24.69713,52.92859],[24.77647,52.90917],[24.79244,52.89701],[24.81433,52.89275],[24.82528,52.88688],[24.86827,52.88052]]}},{"type":"Feature","properties":{},"geometry":{"type":"LineString","coordinates":[[24.50597,53.14502],[24.50606,53.14549]]}},{"type":"Feature","properties":{},"geometry":{"type":"LineString","coordinates":[[24.50768,53.1454],[24.50606,53.14549]]}},{"type":"Feature","properties":{},"geometry":{"type":"LineString","coordinates":[[24.50597,53.14502],[24.50768,53.1454]]}},{"type":"Feature","properties":{},"geometry":{"type":"LineString","coordinates":[[24.50768,53.1454],[24.5577,53.15054],[24.62897,53.14158],[24.69867,53.14044],[24.7192,53.13749],[24.75221,53.14114],[24.80129,53.14252]]}},{"type":"Feature","properties":{},"geometry":{"type":"LineString","coordinates":[[24.69429,53.61722],[24.692,53.61805],[24.69481,53.61124],[24.71429,53.59256],[24.74578,53.58927],[24.75011,53.5744]]}},{"type":"Feature","properties":{},"geometry":{"type":"LineString","coordinates":[[24.62749,53.42633],[24.62784,53.42637]]}},{"type":"Feature","properties":{},"geometry":{"type":"LineString","coordinates":[[24.62773,53.4266],[24.62749,53.42633]]}},{"type":"Feature","properties":{},"geometry":{"type":"LineString","coordinates":[[24.62787,53.4267],[24.62773,53.4266]]}},{"type":"Feature","properties":{},"geometry":{"type":"LineString","coordinates":[[24.62773,53.4266],[24.62784,53.42637]]}},{"type":"Feature","properties":{},"geometry":{"type":"LineString","coordinates":[[24.62824,53.42671],[24.62787,53.4267]]}},{"type":"Feature","properties":{},"geometry":{"type":"LineString","coordinates":[[24.62815,53.42703],[24.62787,53.4267]]}},{"type":"Feature","properties":{},"geometry":{"type":"LineString","coordinates":[[24.62784,53.42637],[24.62803,53.42632]]}},{"type":"Feature","properties":{},"geometry":{"type":"LineString","coordinates":[[24.75011,53.5744],[24.75147,53.56817],[24.74446,53.55062],[24.73369,53.54699],[24.72272,53.54007],[24.69712,53.51569],[24.68779,53.51138],[24.67086,53.49646],[24.66334,53.48305],[24.66567,53.46638],[24.65165,53.45174],[24.6417,53.4484],[24.63554,53.4331],[24.62815,53.42703]]}},{"type":"Feature","properties":{},"geometry":{"type":"LineString","coordinates":[[24.62824,53.42671],[24.62815,53.42703]]}},{"type":"Feature","properties":{},"geometry":{"type":"LineString","coordinates":[[24.62803,53.42632],[24.62832,53.42639]]}},{"type":"Feature","properties":{},"geometry":{"type":"LineString","coordinates":[[24.62803,53.42632],[24.6283,53.42613]]}},{"type":"Feature","properties":{},"geometry":{"type":"LineString","coordinates":[[24.62832,53.42639],[24.62824,53.42671]]}},{"type":"Feature","properties":{},"geometry":{"type":"LineString","coordinates":[[24.6283,53.42613],[24.62832,53.42639]]}},{"type":"Feature","properties":{},"geometry":{"type":"LineString","coordinates":[[24.6283,53.42613],[24.63217,53.41964]]}},{"type":"Feature","properties":{},"geometry":{"type":"LineString","coordinates":[[24.9168,53.25087],[24.88065,53.2845],[24.86635,53.33886],[24.86786,53.34592],[24.87684,53.35416],[24.86987,53.36425],[24.85083,53.37731],[24.83038,53.38898],[24.81388,53.39169],[24.78989,53.40023],[24.76698,53.40304],[24.74649,53.40155],[24.71608,53.40381],[24.63217,53.41964]]}},{"type":"Feature","properties":{},"geometry":{"type":"LineString","coordinates":[[24.63217,53.41964],[24.63679,53.41175],[24.62996,53.38364],[24.63216,53.36124],[24.62365,53.35039]]}},{"type":"Feature","properties":{},"geometry":{"type":"LineString","coordinates":[[24.07851,51.81512],[24.07917,51.81521]]}},{"type":"Feature","properties":{},"geometry":{"type":"LineString","coordinates":[[24.07924,51.81555],[24.07851,51.81512]]}},{"type":"Feature","properties":{},"geometry":{"type":"LineString","coordinates":[[24.07851,51.81512],[24.05494,51.80179],[24.0358,51.79599],[24.03097,51.78731],[24.04804,51.77417],[24.093,51.76076]]}},{"type":"Feature","properties":{},"geometry":{"type":"LineString","coordinates":[[24.07939,51.81561],[24.07924,51.81555]]}},{"type":"Feature","properties":{},"geometry":{"type":"LineString","coordinates":[[24.07924,51.81555],[24.07917,51.81521]]}},{"type":"Feature","properties":{},"geometry":{"type":"LineString","coordinates":[[24.07917,51.81521],[24.07993,51.81542]]}},{"type":"Feature","properties":{},"geometry":{"type":"LineString","coordinates":[[24.07993,51.81542],[24.07939,51.81561]]}},{"type":"Feature","properties":{},"geometry":{"type":"LineString","coordinates":[[24.08021,51.81607],[24.07939,51.81561]]}},{"type":"Feature","properties":{},"geometry":{"type":"LineString","coordinates":[[24.07993,51.81542],[24.08021,51.81607]]}},{"type":"Feature","properties":{},"geometry":{"type":"LineString","coordinates":[[24.13858,51.89271],[24.08021,51.81607]]}},{"type":"Feature","properties":{},"geometry":{"type":"LineString","coordinates":[[24.44815,52.54096],[24.34032,52.56829]]}},{"type":"Feature","properties":{},"geometry":{"type":"LineString","coordinates":[[24.62365,53.35039],[24.65233,53.34831],[24.66712,53.34463],[24.674,53.33329],[24.69604,53.31164],[24.69064,53.30492],[24.68242,53.27449],[24.68505,53.22303],[24.74458,53.21111],[24.75483,53.18664],[24.77667,53.17052],[24.80107,53.14298]]}},{"type":"Feature","properties":{},"geometry":{"type":"LineString","coordinates":[[24.72697,53.62672],[24.72692,53.6265]]}},{"type":"Feature","properties":{},"geometry":{"type":"LineString","coordinates":[[24.72734,53.62657],[24.72697,53.62672]]}},{"type":"Feature","properties":{},"geometry":{"type":"LineString","coordinates":[[24.72734,53.62657],[24.72692,53.6265]]}},{"type":"Feature","properties":{},"geometry":{"type":"LineString","coordinates":[[24.72692,53.6265],[24.72734,53.62657]]}},{"type":"Feature","properties":{},"geometry":{"type":"LineString","coordinates":[[24.13858,51.89271],[24.19333,51.9634],[24.21767,52.00763],[24.23206,52.01326],[24.24889,52.02503],[24.27003,52.0338],[24.28438,52.06546],[24.27799,52.0987],[24.28368,52.10783],[24.30512,52.118],[24.30515,52.1301],[24.312,52.14334],[24.30793,52.15928],[24.33429,52.18683],[24.33792,52.19354]]}},{"type":"Feature","properties":{},"geometry":{"type":"LineString","coordinates":[[24.28999,51.82998],[24.25524,51.83437],[24.13858,51.89271]]}},{"type":"Feature","properties":{},"geometry":{"type":"LineString","coordinates":[[25.30594,53.64854],[25.26557,53.64627],[25.24143,53.64796],[25.21791,53.64112],[25.16285,53.63751],[25.11351,53.62962],[25.05726,53.63481],[25.03236,53.62727],[25.01532,53.61854],[24.99752,53.60297],[24.98967,53.59062],[24.97869,53.5887],[24.9614,53.57594],[24.93869,53.57225],[24.90187,53.57136],[24.88022,53.56612],[24.85782,53.55513],[24.8128,53.55837],[24.80079,53.55617],[24.79377,53.56141],[24.78932,53.55964],[24.75011,53.5744]]}},{"type":"Feature","properties":{},"geometry":{"type":"LineString","coordinates":[[24.99596,54.16991],[25.02008,54.15118],[25.01614,54.1416]]}},{"type":"Feature","properties":{},"geometry":{"type":"LineString","coordinates":[[25.98139,53.16051],[25.96587,53.14853],[25.92171,53.13514],[25.90168,53.12233],[25.88822,53.10469],[25.88628,53.08166],[25.87793,53.06846],[25.85795,53.05427],[25.80087,53.029],[25.78823,53.02104],[25.68923,52.92314],[25.64781,52.85745],[25.63546,52.84842],[25.59288,52.82578],[25.54804,52.77839],[25.53426,52.76855],[25.48131,52.74112],[25.42963,52.72166],[25.38294,52.7085],[25.31916,52.67593],[25.24277,52.64661],[25.16696,52.60705],[25.12828,52.58282],[25.07656,52.56203],[25.06609,52.55395],[25.05296,52.53647],[25.0424,52.52775],[24.94722,52.47949],[24.90377,52.44916],[24.88931,52.44304],[24.83404,52.42673],[24.73656,52.36733],[24.68259,52.35305],[24.65489,52.34239],[24.63206,52.33074],[24.56249,52.28477],[24.53114,52.27085],[24.43289,52.23444],[24.42361,52.22544],[24.41893,52.20288],[24.40034,52.18757],[24.33827,52.17847],[24.29784,52.19788],[24.28002,52.1992]]}},{"type":"Feature","properties":{},"geometry":{"type":"LineString","coordinates":[[24.3465,52.21183],[24.28002,52.1992]]}},{"type":"Feature","properties":{},"geometry":{"type":"LineString","coordinates":[[25.01109,54.05762],[25.01587,54.08162],[25.0164,54.11027],[25.00897,54.12752],[25.01134,54.13375]]}},{"type":"Feature","properties":{},"geometry":{"type":"LineString","coordinates":[[25.01512,54.14083],[25.01235,54.13624]]}},{"type":"Feature","properties":{},"geometry":{"type":"LineString","coordinates":[[25.01512,54.14083],[25.01614,54.1416]]}},{"type":"Feature","properties":{},"geometry":{"type":"LineString","coordinates":[[25.01614,54.1416],[25.01512,54.14083]]}},{"type":"Feature","properties":{},"geometry":{"type":"LineString","coordinates":[[24.4745,52.55352],[24.44815,52.54096]]}},{"type":"Feature","properties":{},"geometry":{"type":"LineString","coordinates":[[25.27059,54.07732],[25.19652,54.09966],[25.16293,54.09316],[25.101,54.10671],[25.08441,54.10384],[25.05973,54.08888],[25.04761,54.08492],[25.03628,54.07787],[25.02619,54.06275],[25.01109,54.05762]]}},{"type":"Feature","properties":{},"geometry":{"type":"LineString","coordinates":[[24.33792,52.19354],[24.33811,52.19391]]}},{"type":"Feature","properties":{},"geometry":{"type":"LineString","coordinates":[[24.33811,52.19391],[24.33792,52.19354]]}},{"type":"Feature","properties":{},"geometry":{"type":"LineString","coordinates":[[24.33811,52.19391],[24.33915,52.1959]]}},{"type":"Feature","properties":{},"geometry":{"type":"LineString","coordinates":[[24.33915,52.1959],[24.3465,52.21183]]}},{"type":"Feature","properties":{},"geometry":{"type":"LineString","coordinates":[[24.36038,52.19349],[24.33915,52.1959]]}},{"type":"Feature","properties":{},"geometry":{"type":"LineString","coordinates":[[24.3573,52.21326],[24.3465,52.21183]]}},{"type":"Feature","properties":{},"geometry":{"type":"LineString","coordinates":[[24.35562,52.22363],[24.36484,52.22158]]}},{"type":"Feature","properties":{},"geometry":{"type":"LineString","coordinates":[[24.4745,52.55352],[24.47521,52.55365]]}},{"type":"Feature","properties":{},"geometry":{"type":"LineString","coordinates":[[24.47502,52.55391],[24.4745,52.55352]]}},{"type":"Feature","properties":{},"geometry":{"type":"LineString","coordinates":[[24.47513,52.55399],[24.47502,52.55391]]}},{"type":"Feature","properties":{},"geometry":{"type":"LineString","coordinates":[[24.47502,52.55391],[24.47521,52.55365]]}},{"type":"Feature","properties":{},"geometry":{"type":"LineString","coordinates":[[24.47559,52.55397],[24.47513,52.55399]]}},{"type":"Feature","properties":{},"geometry":{"type":"LineString","coordinates":[[24.47625,52.55535],[24.47513,52.55399]]}},{"type":"Feature","properties":{},"geometry":{"type":"LineString","coordinates":[[24.47521,52.55365],[24.47536,52.55363]]}},{"type":"Feature","properties":{},"geometry":{"type":"LineString","coordinates":[[24.47536,52.55363],[24.47564,52.55391]]}},{"type":"Feature","properties":{},"geometry":{"type":"LineString","coordinates":[[24.47536,52.55363],[24.47604,52.55345]]}},{"type":"Feature","properties":{},"geometry":{"type":"LineString","coordinates":[[24.47559,52.55397],[24.47625,52.55535]]}},{"type":"Feature","properties":{},"geometry":{"type":"LineString","coordinates":[[24.47564,52.55391],[24.47559,52.55397]]}},{"type":"Feature","properties":{},"geometry":{"type":"LineString","coordinates":[[24.47632,52.55338],[24.47564,52.55391]]}},{"type":"Feature","properties":{},"geometry":{"type":"LineString","coordinates":[[24.89097,52.86096],[24.82521,52.82118],[24.66629,52.69037],[24.58414,52.64528],[24.51753,52.61961],[24.47625,52.55535]]}},{"type":"Feature","properties":{},"geometry":{"type":"LineString","coordinates":[[24.47604,52.55345],[24.47648,52.55306]]}},{"type":"Feature","properties":{},"geometry":{"type":"LineString","coordinates":[[24.47604,52.55345],[24.47632,52.55338]]}},{"type":"Feature","properties":{},"geometry":{"type":"LineString","coordinates":[[24.3573,52.21326],[24.35871,52.21511]]}},{"type":"Feature","properties":{},"geometry":{"type":"LineString","coordinates":[[24.39387,52.2105],[24.37744,52.21374],[24.36722,52.21203],[24.3573,52.21326]]}},{"type":"Feature","properties":{},"geometry":{"type":"LineString","coordinates":[[24.47642,52.55336],[24.47632,52.55338]]}},{"type":"Feature","properties":{},"geometry":{"type":"LineString","coordinates":[[24.47648,52.55306],[24.47642,52.55336]]}},{"type":"Feature","properties":{},"geometry":{"type":"LineString","coordinates":[[24.47642,52.55336],[24.53531,52.53544],[24.65907,52.51732],[24.66592,52.51847],[24.69534,52.53465],[24.70211,52.53626],[24.70807,52.49279],[24.76027,52.48407],[24.79398,52.49177],[24.81313,52.50043],[24.89785,52.51238],[24.92727,52.52199],[24.95288,52.52624]]}},{"type":"Feature","properties":{},"geometry":{"type":"LineString","coordinates":[[24.57759,52.32981],[24.57673,52.33829],[24.58608,52.35704],[24.58864,52.37764],[24.57031,52.39017],[24.55648,52.41276],[24.52525,52.44008],[24.51274,52.47225],[24.50824,52.51938],[24.47648,52.55306]]}},{"type":"Feature","properties":{},"geometry":{"type":"LineString","coordinates":[[24.35937,52.21605],[24.36484,52.22158]]}},{"type":"Feature","properties":{},"geometry":{"type":"LineString","coordinates":[[24.36484,52.22158],[24.40663,52.24291]]}},{"type":"Feature","properties":{},"geometry":{"type":"LineString","coordinates":[[24.36038,52.19349],[24.39472,52.21029]]}},{"type":"Feature","properties":{},"geometry":{"type":"LineString","coordinates":[[24.39443,52.21038],[24.36038,52.19349]]}},{"type":"Feature","properties":{},"geometry":{"type":"LineString","coordinates":[[24.36949,52.18545],[24.3957,52.15925],[24.40504,52.12228],[24.43043,52.09191],[24.43744,52.07858],[24.46254,52.06075],[24.48753,52.05425],[24.49526,52.04822],[24.50429,52.02259],[24.51721,52.00352],[24.58275,51.95138],[24.58438,51.94528],[24.59266,51.93853],[24.59382,51.91628],[24.6046,51.90131]]}},{"type":"Feature","properties":{},"geometry":{"type":"LineString","coordinates":[[24.39438,52.21061],[24.39387,52.2105]]}},{"type":"Feature","properties":{},"geometry":{"type":"LineString","coordinates":[[24.39387,52.2105],[24.39442,52.2104]]}},{"type":"Feature","properties":{},"geometry":{"type":"LineString","coordinates":[[24.39505,52.21066],[24.39438,52.21061]]}},{"type":"Feature","properties":{},"geometry":{"type":"LineString","coordinates":[[24.39438,52.21061],[24.39442,52.2104]]}},{"type":"Feature","properties":{},"geometry":{"type":"LineString","coordinates":[[24.39442,52.2104],[24.39443,52.21038]]}},{"type":"Feature","properties":{},"geometry":{"type":"LineString","coordinates":[[24.39443,52.21038],[24.39472,52.21029]]}},{"type":"Feature","properties":{},"geometry":{"type":"LineString","coordinates":[[24.39472,52.21029],[24.39511,52.21047]]}},{"type":"Feature","properties":{},"geometry":{"type":"LineString","coordinates":[[24.39511,52.21047],[24.39505,52.21066]]}},{"type":"Feature","properties":{},"geometry":{"type":"LineString","coordinates":[[24.39545,52.21064],[24.39505,52.21066]]}},{"type":"Feature","properties":{},"geometry":{"type":"LineString","coordinates":[[24.39511,52.21047],[24.39545,52.21064]]}},{"type":"Feature","properties":{},"geometry":{"type":"LineString","coordinates":[[24.56721,52.32455],[24.40663,52.24291]]}},{"type":"Feature","properties":{},"geometry":{"type":"LineString","coordinates":[[24.40663,52.24291],[24.42465,52.22159],[24.4229,52.22223]]}},{"type":"Feature","properties":{},"geometry":{"type":"LineString","coordinates":[[25.12385,52.22185],[25.04567,52.20087],[25.01367,52.1953],[24.90372,52.20729],[24.80271,52.22796],[24.72528,52.22526],[24.65963,52.21612],[24.6339,52.20943],[24.60409,52.20719],[24.57263,52.20748],[24.54215,52.21794],[24.50299,52.21776],[24.4733,52.20976],[24.44493,52.21919],[24.41572,52.2181],[24.40193,52.21627],[24.39545,52.21064]]}},{"type":"Feature","properties":{},"geometry":{"type":"LineString","coordinates":[[24.4229,52.22223],[24.42672,52.22968],[24.43531,52.23544],[24.53128,52.27075],[24.56379,52.28527],[24.64565,52.33792],[24.68076,52.35233],[24.73405,52.36606],[24.78017,52.39229],[24.83176,52.42547],[24.90393,52.44908],[24.94736,52.47939],[25.04256,52.52768],[25.05313,52.5364],[25.06626,52.55388],[25.07667,52.56194],[25.1284,52.58272],[25.16711,52.60697],[25.23986,52.64503],[25.32058,52.67639],[25.38304,52.70839],[25.42976,52.72156],[25.47964,52.74028],[25.53884,52.77104],[25.5491,52.7791],[25.59305,52.82571],[25.63559,52.84832],[25.64897,52.85834],[25.68942,52.9231],[25.78729,53.02001],[25.80097,53.0289],[25.85813,53.05418],[25.87812,53.06842],[25.88647,53.08167],[25.88995,53.10762],[25.90091,53.12143],[25.91908,53.13373],[25.96602,53.14844],[25.98711,53.16491],[26.00718,53.17414],[26.0272,53.17993],[26.06215,53.18482],[26.10957,53.20736],[26.14868,53.21926],[26.18331,53.23773],[26.23537,53.25518],[26.29325,53.26871],[26.3334,53.28733],[26.37951,53.30273],[26.41845,53.32816],[26.56766,53.41311],[26.57834,53.42266],[26.60098,53.45324],[26.63425,53.48612],[26.6782,53.5129],[26.72468,53.52585],[26.78204,53.53585],[26.80529,53.5362],[26.84349,53.52966],[26.86407,53.53008]]}},{"type":"Feature","properties":{},"geometry":{"type":"LineString","coordinates":[[24.3001,51.8288],[24.28999,51.82998]]}},{"type":"Feature","properties":{},"geometry":{"type":"LineString","coordinates":[[24.28999,51.82998],[24.3001,51.8288]]}},{"type":"Feature","properties":{},"geometry":{"type":"LineString","coordinates":[[24.31846,51.82305],[24.31131,51.82727],[24.3001,51.8288]]}},{"type":"Feature","properties":{},"geometry":{"type":"LineString","coordinates":[[24.32146,51.82119],[24.31861,51.82296]]}},{"type":"Feature","properties":{},"geometry":{"type":"LineString","coordinates":[[24.32146,51.82119],[24.32337,51.81999]]}},{"type":"Feature","properties":{},"geometry":{"type":"LineString","coordinates":[[24.32337,51.81999],[24.32146,51.82119]]}},{"type":"Feature","properties":{},"geometry":{"type":"LineString","coordinates":[[24.45876,51.73466],[24.32337,51.81999]]}},{"type":"Feature","properties":{},"geometry":{"type":"LineString","coordinates":[[24.80107,53.14298],[24.80129,53.14252]]}},{"type":"Feature","properties":{},"geometry":{"type":"LineString","coordinates":[[24.80138,53.14254],[24.80107,53.14298]]}},{"type":"Feature","properties":{},"geometry":{"type":"LineString","coordinates":[[24.80129,53.14252],[24.80138,53.14254]]}},{"type":"Feature","properties":{},"geometry":{"type":"LineString","coordinates":[[24.80129,53.14252],[24.8017,53.14197]]}},{"type":"Feature","properties":{},"geometry":{"type":"LineString","coordinates":[[24.80138,53.14254],[24.84259,53.14623]]}},{"type":"Feature","properties":{},"geometry":{"type":"LineString","coordinates":[[24.8017,53.14197],[24.80138,53.14254]]}},{"type":"Feature","properties":{},"geometry":{"type":"LineString","coordinates":[[24.8017,53.14197],[24.8223,53.12895],[24.8396,53.09928],[24.84117,53.08885],[24.84818,53.08584],[24.87857,53.08643],[24.89799,53.05917],[24.90257,53.05926],[24.9153,53.04588],[24.903,53.01934],[24.89604,53.01413],[24.8757,53.0107],[24.86908,53.00143],[24.85688,52.99203],[24.86057,52.98457],[24.86108,52.95726],[24.86556,52.95039],[24.86611,52.92754],[24.86371,52.92357],[24.87129,52.90779],[24.86282,52.89324],[24.86827,52.88052]]}},{"type":"Feature","properties":{},"geometry":{"type":"LineString","coordinates":[[24.84259,53.14623],[25.03542,53.12999],[25.04967,53.12489],[25.13538,53.11734],[25.23877,53.09615],[25.27984,53.06457],[25.30103,53.05805]]}},{"type":"Feature","properties":{},"geometry":{"type":"LineString","coordinates":[[24.9209,53.24451],[24.92304,53.23986],[24.87081,53.19239],[24.84879,53.1608],[24.84849,53.15395],[24.84259,53.14623]]}},{"type":"Feature","properties":{},"geometry":{"type":"LineString","coordinates":[[24.57759,52.32981],[24.56721,52.32455]]}},{"type":"Feature","properties":{},"geometry":{"type":"LineString","coordinates":[[24.59764,52.30654],[24.56721,52.32455]]}},{"type":"Feature","properties":{},"geometry":{"type":"LineString","coordinates":[[25.87406,53.91004],[25.81298,53.90248],[25.80158,53.89796],[25.78455,53.88626],[25.76948,53.88216],[25.69462,53.88379],[25.67896,53.88199],[25.66664,53.87773],[25.61852,53.85106],[25.57174,53.84056],[25.50085,53.84464],[25.48544,53.84238],[25.45667,53.83254],[25.43688,53.82901],[25.34019,53.82989],[25.19839,53.84955],[25.1293,53.82494],[25.10994,53.81018]]}},{"type":"Feature","properties":{},"geometry":{"type":"LineString","coordinates":[[25.10994,53.81018],[25.1101,53.8101]]}},{"type":"Feature","properties":{},"geometry":{"type":"LineString","coordinates":[[25.1101,53.8101],[25.12942,53.82488],[25.19738,53.84937],[25.33032,53.83039],[25.43492,53.82875],[25.45418,53.83179],[25.49647,53.84419],[25.56544,53.83998],[25.60195,53.84606],[25.62397,53.85326],[25.6656,53.87711],[25.67638,53.88123],[25.69463,53.88369],[25.77058,53.88225],[25.78448,53.88609],[25.80309,53.89866],[25.81936,53.90364],[25.88441,53.91007],[25.95585,53.89754],[25.99483,53.90855],[26.04224,53.90668],[26.10021,53.91645],[26.11902,53.9228],[26.15046,53.94606],[26.16119,53.95079],[26.26424,53.97732],[26.31867,53.98468],[26.34797,53.99253],[26.37563,54.00375],[26.39209,54.01716],[26.43477,54.02461],[26.50632,54.06398],[26.51476,54.06597],[26.52428,54.06452],[26.57353,54.04322],[26.58804,54.04021],[26.64058,54.03803],[26.72148,54.04348],[26.77123,54.05141],[26.80256,54.04838],[26.90163,54.0159],[26.98079,53.9864],[27.07423,53.97365],[27.09185,53.96359],[27.11194,53.9566],[27.12418,53.94425],[27.14576,53.93222],[27.17592,53.92191],[27.25049,53.91211],[27.3133,53.91844],[27.36761,53.90732],[27.40421,53.91146],[27.45001,53.90615],[27.49484,53.90943]]}},{"type":"Feature","properties":{},"geometry":{"type":"LineString","coordinates":[[25.1101,53.8101],[25.1544,53.78831],[25.17792,53.76694],[25.1943,53.75711],[25.24261,53.74871],[25.37353,53.73957]]}},{"type":"Feature","properties":{},"geometry":{"type":"LineString","coordinates":[[24.95675,52.52046],[24.57759,52.32981]]}},{"type":"Feature","properties":{},"geometry":{"type":"LineString","coordinates":[[25.30987,53.39722],[25.29928,53.39404],[25.23718,53.39173],[25.11432,53.39682],[25.07974,53.3895],[25.05856,53.38073],[25.03511,53.37636],[25.02955,53.37231],[25.02777,53.36397],[25.0209,53.35739],[25.01565,53.34388],[24.99686,53.33217],[24.97288,53.32149],[24.96915,53.30809],[24.95053,53.29695],[24.94099,53.27149],[24.92451,53.25374],[24.9168,53.25087]]}},{"type":"Feature","properties":{},"geometry":{"type":"LineString","coordinates":[[24.9209,53.24451],[24.9168,53.25087]]}},{"type":"Feature","properties":{},"geometry":{"type":"LineString","coordinates":[[25.31805,53.09595],[25.29277,53.10485],[25.28647,53.11227],[25.26089,53.11774],[25.24554,53.12439],[25.15665,53.17259],[25.12285,53.17525],[25.03751,53.21094],[25.03569,53.21851],[24.99731,53.2289],[24.96839,53.24395],[24.9209,53.24451]]}},{"type":"Feature","properties":{},"geometry":{"type":"LineString","coordinates":[[25.3615,54.26254],[25.35736,54.25968],[25.3547,54.24069],[25.35864,54.23005],[25.34445,54.1915],[25.33611,54.18315],[25.32581,54.15715],[25.3267,54.14546],[25.31937,54.14041],[25.30776,54.13819],[25.2802,54.11196],[25.27878,54.09218],[25.27059,54.07732]]}},{"type":"Feature","properties":{},"geometry":{"type":"LineString","coordinates":[[25.27059,54.07732],[25.25937,54.05916],[25.22089,54.02268],[25.21195,53.99654],[25.2485,53.95081],[25.24448,53.93268],[25.24913,53.91444]]}},{"type":"Feature","properties":{},"geometry":{"type":"LineString","coordinates":[[25.42738,54.04062],[25.41511,54.03972],[25.37518,54.04483],[25.30389,54.06966],[25.27059,54.07732]]}},{"type":"Feature","properties":{},"geometry":{"type":"LineString","coordinates":[[25.36367,54.28913],[25.37556,54.27648]]}},{"type":"Feature","properties":{},"geometry":{"type":"LineString","coordinates":[[25.25849,53.87197],[25.19736,53.85054]]}},{"type":"Feature","properties":{},"geometry":{"type":"LineString","coordinates":[[25.3615,54.26254],[25.3622,54.26255]]}},{"type":"Feature","properties":{},"geometry":{"type":"LineString","coordinates":[[25.36206,54.26276],[25.3615,54.26254]]}},{"type":"Feature","properties":{},"geometry":{"type":"LineString","coordinates":[[25.36262,54.26293],[25.36206,54.26276]]}},{"type":"Feature","properties":{},"geometry":{"type":"LineString","coordinates":[[25.36206,54.26276],[25.3622,54.26255]]}},{"type":"Feature","properties":{},"geometry":{"type":"LineString","coordinates":[[25.3622,54.26255],[25.36283,54.26276]]}},{"type":"Feature","properties":{},"geometry":{"type":"LineString","coordinates":[[25.36312,54.26301],[25.36262,54.26293]]}},{"type":"Feature","properties":{},"geometry":{"type":"LineString","coordinates":[[25.36283,54.26276],[25.36262,54.26293]]}},{"type":"Feature","properties":{},"geometry":{"type":"LineString","coordinates":[[25.36283,54.26276],[25.36312,54.26301]]}},{"type":"Feature","properties":{},"geometry":{"type":"LineString","coordinates":[[25.3712,54.26704],[25.36312,54.26301]]}},{"type":"Feature","properties":{},"geometry":{"type":"LineString","coordinates":[[25.37287,54.27102],[25.37211,54.26987]]}},{"type":"Feature","properties":{},"geometry":{"type":"LineString","coordinates":[[25.37287,54.27102],[25.37211,54.26987]]}},{"type":"Feature","properties":{},"geometry":{"type":"LineString","coordinates":[[25.37211,54.26987],[25.37227,54.26971]]}},{"type":"Feature","properties":{},"geometry":{"type":"LineString","coordinates":[[25.37316,54.27085],[25.37228,54.26989]]}},{"type":"Feature","properties":{},"geometry":{"type":"LineString","coordinates":[[25.37316,54.27085],[25.37228,54.26989]]}},{"type":"Feature","properties":{},"geometry":{"type":"LineString","coordinates":[[25.37316,54.27085],[25.37228,54.26989]]}},{"type":"Feature","properties":{},"geometry":{"type":"LineString","coordinates":[[25.37228,54.26989],[25.37227,54.26971]]}},{"type":"Feature","properties":{},"geometry":{"type":"LineString","coordinates":[[25.3712,54.26704],[25.37254,54.26952]]}},{"type":"Feature","properties":{},"geometry":{"type":"LineString","coordinates":[[25.37227,54.26971],[25.3712,54.26704]]}},{"type":"Feature","properties":{},"geometry":{"type":"LineString","coordinates":[[25.37468,54.27154],[25.37287,54.27102]]}},{"type":"Feature","properties":{},"geometry":{"type":"LineString","coordinates":[[25.37254,54.26952],[25.37435,54.27131]]}},{"type":"Feature","properties":{},"geometry":{"type":"LineString","coordinates":[[25.37254,54.26952],[25.37344,54.27024]]}},{"type":"Feature","properties":{},"geometry":{"type":"LineString","coordinates":[[25.37468,54.27154],[25.37316,54.27085]]}},{"type":"Feature","properties":{},"geometry":{"type":"LineString","coordinates":[[25.37556,54.27648],[25.37468,54.27154]]}},{"type":"Feature","properties":{},"geometry":{"type":"LineString","coordinates":[[25.37435,54.27131],[25.37556,54.27648]]}},{"type":"Feature","properties":{},"geometry":{"type":"LineString","coordinates":[[25.37344,54.27024],[25.3741,54.27091]]}},{"type":"Feature","properties":{},"geometry":{"type":"LineString","coordinates":[[25.37344,54.27024],[25.37411,54.27104]]}},{"type":"Feature","properties":{},"geometry":{"type":"LineString","coordinates":[[25.37344,54.27024],[25.3741,54.27091]]}},{"type":"Feature","properties":{},"geometry":{"type":"LineString","coordinates":[[25.37411,54.27104],[25.37435,54.27131]]}},{"type":"Feature","properties":{},"geometry":{"type":"LineString","coordinates":[[25.3741,54.27091],[25.37411,54.27104]]}},{"type":"Feature","properties":{},"geometry":{"type":"LineString","coordinates":[[25.24913,53.91444],[25.24956,53.90814]]}},{"type":"Feature","properties":{},"geometry":{"type":"LineString","coordinates":[[25.25022,53.90814],[25.24913,53.91444]]}},{"type":"Feature","properties":{},"geometry":{"type":"LineString","coordinates":[[25.25022,53.90814],[25.24956,53.90814]]}},{"type":"Feature","properties":{},"geometry":{"type":"LineString","coordinates":[[25.24956,53.90814],[25.24933,53.90739]]}},{"type":"Feature","properties":{},"geometry":{"type":"LineString","coordinates":[[25.24933,53.90739],[25.25012,53.90633]]}},{"type":"Feature","properties":{},"geometry":{"type":"LineString","coordinates":[[25.24933,53.90739],[25.25036,53.90725]]}},{"type":"Feature","properties":{},"geometry":{"type":"LineString","coordinates":[[25.25036,53.90725],[25.25022,53.90814]]}},{"type":"Feature","properties":{},"geometry":{"type":"LineString","coordinates":[[25.25012,53.90633],[25.25036,53.90725]]}},{"type":"Feature","properties":{},"geometry":{"type":"LineString","coordinates":[[25.25012,53.90633],[25.25817,53.87636]]}},{"type":"Feature","properties":{},"geometry":{"type":"LineString","coordinates":[[24.86827,52.88052],[24.87473,52.87404],[24.87415,52.86711],[24.89088,52.86702]]}},{"type":"Feature","properties":{},"geometry":{"type":"LineString","coordinates":[[25.25817,53.87636],[25.25931,53.87248]]}},{"type":"Feature","properties":{},"geometry":{"type":"LineString","coordinates":[[25.25993,53.87263],[25.25817,53.87636]]}},{"type":"Feature","properties":{},"geometry":{"type":"LineString","coordinates":[[25.25849,53.87197],[25.25962,53.87204]]}},{"type":"Feature","properties":{},"geometry":{"type":"LineString","coordinates":[[25.25928,53.87243],[25.25849,53.87197]]}},{"type":"Feature","properties":{},"geometry":{"type":"LineString","coordinates":[[25.25931,53.87248],[25.25928,53.87243]]}},{"type":"Feature","properties":{},"geometry":{"type":"LineString","coordinates":[[25.25928,53.87243],[25.25962,53.87204]]}},{"type":"Feature","properties":{},"geometry":{"type":"LineString","coordinates":[[25.25993,53.87263],[25.25931,53.87248]]}},{"type":"Feature","properties":{},"geometry":{"type":"LineString","coordinates":[[25.25962,53.87204],[25.25971,53.87203]]}},{"type":"Feature","properties":{},"geometry":{"type":"LineString","coordinates":[[25.26002,53.87261],[25.25993,53.87263]]}},{"type":"Feature","properties":{},"geometry":{"type":"LineString","coordinates":[[25.25971,53.87203],[25.26024,53.87182]]}},{"type":"Feature","properties":{},"geometry":{"type":"LineString","coordinates":[[25.25971,53.87203],[25.26028,53.87224]]}},{"type":"Feature","properties":{},"geometry":{"type":"LineString","coordinates":[[25.2603,53.8723],[25.26002,53.87261]]}},{"type":"Feature","properties":{},"geometry":{"type":"LineString","coordinates":[[25.26082,53.87269],[25.26002,53.87261]]}},{"type":"Feature","properties":{},"geometry":{"type":"LineString","coordinates":[[25.2603,53.8723],[25.26082,53.87269]]}},{"type":"Feature","properties":{},"geometry":{"type":"LineString","coordinates":[[25.26028,53.87224],[25.2603,53.8723]]}},{"type":"Feature","properties":{},"geometry":{"type":"LineString","coordinates":[[25.26024,53.87182],[25.26028,53.87224]]}},{"type":"Feature","properties":{},"geometry":{"type":"LineString","coordinates":[[25.26024,53.87182],[25.26794,53.86839]]}},{"type":"Feature","properties":{},"geometry":{"type":"LineString","coordinates":[[25.2715,53.87596],[25.26082,53.87269]]}},{"type":"Feature","properties":{},"geometry":{"type":"LineString","coordinates":[[25.3185,53.09265],[25.28223,53.07904],[25.17004,53.02605],[25.16173,53.02464],[25.12575,53.00969],[25.11629,53.00312],[25.10592,52.98383],[25.09095,52.97403],[24.92974,52.88753],[24.89867,52.86852],[24.89088,52.86702]]}},{"type":"Feature","properties":{},"geometry":{"type":"LineString","coordinates":[[24.89088,52.86702],[24.89097,52.86096]]}},{"type":"Feature","properties":{},"geometry":{"type":"LineString","coordinates":[[24.89097,52.86096],[24.94022,52.83848],[25.02062,52.75441],[25.03146,52.7527],[25.12459,52.7613],[25.14954,52.74782],[25.17117,52.74809],[25.18245,52.74445],[25.31763,52.72504],[25.32588,52.72083],[25.3352,52.70796]]}},{"type":"Feature","properties":{},"geometry":{"type":"LineString","coordinates":[[25.26794,53.86839],[25.26869,53.86793]]}},{"type":"Feature","properties":{},"geometry":{"type":"LineString","coordinates":[[25.26901,53.86827],[25.26794,53.86839]]}},{"type":"Feature","properties":{},"geometry":{"type":"LineString","coordinates":[[25.2715,53.87596],[25.27266,53.87603]]}},{"type":"Feature","properties":{},"geometry":{"type":"LineString","coordinates":[[25.27219,53.87639],[25.2715,53.87596]]}},{"type":"Feature","properties":{},"geometry":{"type":"LineString","coordinates":[[25.26901,53.86827],[25.26869,53.86793]]}},{"type":"Feature","properties":{},"geometry":{"type":"LineString","coordinates":[[25.26869,53.86793],[25.26936,53.86775]]}},{"type":"Feature","properties":{},"geometry":{"type":"LineString","coordinates":[[25.26911,53.86828],[25.26901,53.86827]]}},{"type":"Feature","properties":{},"geometry":{"type":"LineString","coordinates":[[25.27279,53.87667],[25.27219,53.87639]]}},{"type":"Feature","properties":{},"geometry":{"type":"LineString","coordinates":[[25.27219,53.87639],[25.27266,53.87603]]}},{"type":"Feature","properties":{},"geometry":{"type":"LineString","coordinates":[[25.27577,53.86901],[25.26911,53.86828]]}},{"type":"Feature","properties":{},"geometry":{"type":"LineString","coordinates":[[25.26962,53.86805],[25.26911,53.86828]]}},{"type":"Feature","properties":{},"geometry":{"type":"LineString","coordinates":[[25.26936,53.86775],[25.26962,53.86802]]}},{"type":"Feature","properties":{},"geometry":{"type":"LineString","coordinates":[[25.26936,53.86775],[25.27018,53.86758]]}},{"type":"Feature","properties":{},"geometry":{"type":"LineString","coordinates":[[25.27365,53.87689],[25.27279,53.87667]]}},{"type":"Feature","properties":{},"geometry":{"type":"LineString","coordinates":[[25.27329,53.87639],[25.27279,53.87667]]}},{"type":"Feature","properties":{},"geometry":{"type":"LineString","coordinates":[[25.27266,53.87603],[25.27364,53.87565]]}},{"type":"Feature","properties":{},"geometry":{"type":"LineString","coordinates":[[25.27266,53.87603],[25.27329,53.87634]]}},{"type":"Feature","properties":{},"geometry":{"type":"LineString","coordinates":[[25.26962,53.86805],[25.27565,53.86868]]}},{"type":"Feature","properties":{},"geometry":{"type":"LineString","coordinates":[[25.26962,53.86802],[25.26962,53.86805]]}},{"type":"Feature","properties":{},"geometry":{"type":"LineString","coordinates":[[25.27018,53.86758],[25.26962,53.86802]]}},{"type":"Feature","properties":{},"geometry":{"type":"LineString","coordinates":[[25.27329,53.87639],[25.27365,53.87689]]}},{"type":"Feature","properties":{},"geometry":{"type":"LineString","coordinates":[[25.27329,53.87634],[25.27329,53.87639]]}},{"type":"Feature","properties":{},"geometry":{"type":"LineString","coordinates":[[25.27364,53.87565],[25.27329,53.87634]]}},{"type":"Feature","properties":{},"geometry":{"type":"LineString","coordinates":[[25.27415,53.87721],[25.27365,53.87689]]}},{"type":"Feature","properties":{},"geometry":{"type":"LineString","coordinates":[[25.27018,53.86758],[25.27752,53.86403]]}},{"type":"Feature","properties":{},"geometry":{"type":"LineString","coordinates":[[25.27415,53.87721],[25.27434,53.87735]]}},{"type":"Feature","properties":{},"geometry":{"type":"LineString","coordinates":[[25.27434,53.87735],[25.27415,53.87721]]}},{"type":"Feature","properties":{},"geometry":{"type":"LineString","coordinates":[[25.27364,53.87565],[25.27661,53.86978]]}},{"type":"Feature","properties":{},"geometry":{"type":"LineString","coordinates":[[25.2836,53.88356],[25.27434,53.87735]]}},{"type":"Feature","properties":{},"geometry":{"type":"LineString","coordinates":[[25.276,53.86908],[25.27577,53.86901]]}},{"type":"Feature","properties":{},"geometry":{"type":"LineString","coordinates":[[25.27577,53.86901],[25.27565,53.86868]]}},{"type":"Feature","properties":{},"geometry":{"type":"LineString","coordinates":[[25.27565,53.86868],[25.27652,53.86898]]}},{"type":"Feature","properties":{},"geometry":{"type":"LineString","coordinates":[[25.27652,53.86898],[25.276,53.86908]]}},{"type":"Feature","properties":{},"geometry":{"type":"LineString","coordinates":[[25.27661,53.86978],[25.276,53.86908]]}},{"type":"Feature","properties":{},"geometry":{"type":"LineString","coordinates":[[25.27652,53.86898],[25.27661,53.86978]]}},{"type":"Feature","properties":{},"geometry":{"type":"LineString","coordinates":[[25.2836,53.88356],[25.28632,53.88545]]}},{"type":"Feature","properties":{},"geometry":{"type":"LineString","coordinates":[[25.28632,53.88545],[25.2836,53.88356]]}},{"type":"Feature","properties":{},"geometry":{"type":"LineString","coordinates":[[25.27752,53.86403],[25.2843,53.86026],[25.29615,53.85855]]}},{"type":"Feature","properties":{},"geometry":{"type":"LineString","coordinates":[[25.29615,53.85855],[25.27752,53.86403]]}},{"type":"Feature","properties":{},"geometry":{"type":"LineString","coordinates":[[25.29101,53.88827],[25.28632,53.88545]]}},{"type":"Feature","properties":{},"geometry":{"type":"LineString","coordinates":[[25.29101,53.88827],[25.29805,53.8899]]}},{"type":"Feature","properties":{},"geometry":{"type":"LineString","coordinates":[[25.29799,53.89002],[25.29101,53.88827]]}},{"type":"Feature","properties":{},"geometry":{"type":"LineString","coordinates":[[25.30286,53.89039],[25.29799,53.89002]]}},{"type":"Feature","properties":{},"geometry":{"type":"LineString","coordinates":[[25.29799,53.89002],[25.29805,53.8899]]}},{"type":"Feature","properties":{},"geometry":{"type":"LineString","coordinates":[[25.29805,53.8899],[25.30284,53.89019]]}},{"type":"Feature","properties":{},"geometry":{"type":"LineString","coordinates":[[25.29805,53.8899],[25.30241,53.88558]]}},{"type":"Feature","properties":{},"geometry":{"type":"LineString","coordinates":[[25.30241,53.88558],[25.30301,53.88519]]}},{"type":"Feature","properties":{},"geometry":{"type":"LineString","coordinates":[[25.30301,53.88519],[25.30241,53.88558]]}},{"type":"Feature","properties":{},"geometry":{"type":"LineString","coordinates":[[25.30301,53.88519],[25.3051,53.88376]]}},{"type":"Feature","properties":{},"geometry":{"type":"LineString","coordinates":[[25.3051,53.88376],[25.30648,53.8827]]}},{"type":"Feature","properties":{},"geometry":{"type":"LineString","coordinates":[[25.30648,53.8827],[25.3051,53.88376]]}},{"type":"Feature","properties":{},"geometry":{"type":"LineString","coordinates":[[25.32964,53.8599],[25.31933,53.85649],[25.29615,53.85855]]}},{"type":"Feature","properties":{},"geometry":{"type":"LineString","coordinates":[[25.30648,53.8827],[25.30697,53.88231]]}},{"type":"Feature","properties":{},"geometry":{"type":"LineString","coordinates":[[25.30697,53.88231],[25.30802,53.88135]]}},{"type":"Feature","properties":{},"geometry":{"type":"LineString","coordinates":[[25.30802,53.88135],[25.30697,53.88231]]}},{"type":"Feature","properties":{},"geometry":{"type":"LineString","coordinates":[[25.30802,53.88135],[25.30892,53.88056]]}},{"type":"Feature","properties":{},"geometry":{"type":"LineString","coordinates":[[25.30892,53.88056],[25.30923,53.88027]]}},{"type":"Feature","properties":{},"geometry":{"type":"LineString","coordinates":[[25.30923,53.88027],[25.30892,53.88056]]}},{"type":"Feature","properties":{},"geometry":{"type":"LineString","coordinates":[[25.30923,53.88027],[25.31064,53.87891]]}},{"type":"Feature","properties":{},"geometry":{"type":"LineString","coordinates":[[25.31064,53.87891],[25.31088,53.87868]]}},{"type":"Feature","properties":{},"geometry":{"type":"LineString","coordinates":[[25.31088,53.87868],[25.31064,53.87891]]}},{"type":"Feature","properties":{},"geometry":{"type":"LineString","coordinates":[[25.31088,53.87868],[25.31273,53.87694]]}},{"type":"Feature","properties":{},"geometry":{"type":"LineString","coordinates":[[25.31273,53.87694],[25.31289,53.87678]]}},{"type":"Feature","properties":{},"geometry":{"type":"LineString","coordinates":[[25.31289,53.87678],[25.31273,53.87694]]}},{"type":"Feature","properties":{},"geometry":{"type":"LineString","coordinates":[[25.31289,53.87678],[25.32344,53.86684]]}},{"type":"Feature","properties":{},"geometry":{"type":"LineString","coordinates":[[25.32344,53.86684],[25.32381,53.86649]]}},{"type":"Feature","properties":{},"geometry":{"type":"LineString","coordinates":[[25.32381,53.86649],[25.32344,53.86684]]}},{"type":"Feature","properties":{},"geometry":{"type":"LineString","coordinates":[[25.32381,53.86649],[25.32435,53.866]]}},{"type":"Feature","properties":{},"geometry":{"type":"LineString","coordinates":[[25.32435,53.866],[25.32381,53.86649]]}},{"type":"Feature","properties":{},"geometry":{"type":"LineString","coordinates":[[25.32435,53.866],[25.3275,53.86303]]}},{"type":"Feature","properties":{},"geometry":{"type":"LineString","coordinates":[[25.3275,53.86303],[25.3278,53.86275]]}},{"type":"Feature","properties":{},"geometry":{"type":"LineString","coordinates":[[25.3278,53.86275],[25.3275,53.86303]]}},{"type":"Feature","properties":{},"geometry":{"type":"LineString","coordinates":[[25.33049,53.86021],[25.3278,53.86275]]}},{"type":"Feature","properties":{},"geometry":{"type":"LineString","coordinates":[[25.32964,53.8599],[25.33049,53.86021]]}},{"type":"Feature","properties":{},"geometry":{"type":"LineString","coordinates":[[25.33049,53.86021],[25.32964,53.8599]]}},{"type":"Feature","properties":{},"geometry":{"type":"LineString","coordinates":[[25.33049,53.86021],[25.33972,53.84915]]}},{"type":"Feature","properties":{},"geometry":{"type":"LineString","coordinates":[[25.67044,54.70887],[25.70881,54.7161],[25.7388,54.71541]]}},{"type":"Feature","properties":{},"geometry":{"type":"LineString","coordinates":[[25.33972,53.84915],[25.35375,53.85105],[25.3854,53.84363],[25.39418,53.85828],[25.37712,53.88932],[25.37674,53.89713],[25.38696,53.91912],[25.38765,53.93577],[25.35938,53.94369],[25.34319,53.94296],[25.33265,53.94608],[25.34203,53.95871],[25.35269,53.96554],[25.37511,53.99647],[25.38893,54.00078],[25.39456,54.00616],[25.4047,54.02623],[25.42738,54.04062]]}},{"type":"Feature","properties":{},"geometry":{"type":"LineString","coordinates":[[25.33972,53.84915],[25.34846,53.83516]]}},{"type":"Feature","properties":{},"geometry":{"type":"LineString","coordinates":[[25.42738,54.04062],[25.45511,54.05987],[25.54881,54.11507],[25.58637,54.12091],[25.59948,54.13727],[25.60122,54.14387]]}},{"type":"Feature","properties":{},"geometry":{"type":"LineString","coordinates":[[25.76658,53.91529],[25.74223,53.93029],[25.72742,53.95068],[25.73014,53.95572],[25.70627,53.96985],[25.68813,53.97669],[25.67365,53.9789],[25.60351,54.00816],[25.54839,54.02706],[25.52512,54.03226],[25.45922,54.03516],[25.42738,54.04062]]}},{"type":"Feature","properties":{},"geometry":{"type":"LineString","coordinates":[[25.34846,53.83516],[25.35486,53.82483]]}},{"type":"Feature","properties":{},"geometry":{"type":"LineString","coordinates":[[25.35486,53.82483],[25.34846,53.83516]]}},{"type":"Feature","properties":{},"geometry":{"type":"LineString","coordinates":[[25.53148,54.30096],[25.54778,54.28304],[25.5603,54.27552],[25.58532,54.27175],[25.6085,54.26221],[25.611,54.25634],[25.60826,54.24162],[25.59771,54.23238],[25.60418,54.21895],[25.62214,54.20318]]}},{"type":"Feature","properties":{},"geometry":{"type":"LineString","coordinates":[[25.35486,53.82483],[25.35477,53.8153],[25.35988,53.80687],[25.37315,53.79653],[25.39062,53.76094]]}},{"type":"Feature","properties":{},"geometry":{"type":"LineString","coordinates":[[25.37353,53.73957],[25.36596,53.73002],[25.36483,53.71944],[25.35075,53.70428],[25.33689,53.67711],[25.30594,53.64854]]}},{"type":"Feature","properties":{},"geometry":{"type":"LineString","coordinates":[[25.30594,53.64854],[25.30371,53.64341],[25.3063,53.63901],[25.33866,53.61571],[25.36217,53.60644],[25.38004,53.58863],[25.38386,53.56885],[25.39827,53.5441],[25.38895,53.52939],[25.38524,53.51228],[25.39103,53.5018],[25.41297,53.48073],[25.41386,53.47854],[25.40768,53.47143]]}},{"type":"Feature","properties":{},"geometry":{"type":"LineString","coordinates":[[25.74502,54.71856],[25.74244,54.71561],[25.7388,54.71541]]}},{"type":"Feature","properties":{},"geometry":{"type":"LineString","coordinates":[[25.7388,54.71541],[25.74363,54.71579],[25.74502,54.71856]]}},{"type":"Feature","properties":{},"geometry":{"type":"LineString","coordinates":[[25.74502,54.71856],[25.74533,54.71874]]}},{"type":"Feature","properties":{},"geometry":{"type":"LineString","coordinates":[[25.75051,54.72138],[25.74994,54.72127]]}},{"type":"Feature","properties":{},"geometry":{"type":"LineString","coordinates":[[25.75002,54.72122],[25.75051,54.72138]]}},{"type":"Feature","properties":{},"geometry":{"type":"LineString","coordinates":[[25.75051,54.72138],[25.75653,54.72209]]}},{"type":"Feature","properties":{},"geometry":{"type":"LineString","coordinates":[[25.75653,54.72209],[25.76517,54.72259]]}},{"type":"Feature","properties":{},"geometry":{"type":"LineString","coordinates":[[25.76517,54.72259],[25.75653,54.72209]]}},{"type":"Feature","properties":{},"geometry":{"type":"LineString","coordinates":[[25.37353,53.73957],[25.38931,53.75689]]}},{"type":"Feature","properties":{},"geometry":{"type":"LineString","coordinates":[[25.37353,53.73957],[25.41765,53.73511]]}},{"type":"Feature","properties":{},"geometry":{"type":"LineString","coordinates":[[25.69929,54.5444],[25.69135,54.54657]]}},{"type":"Feature","properties":{},"geometry":{"type":"LineString","coordinates":[[25.69306,54.54573],[25.69462,54.54489]]}},{"type":"Feature","properties":{},"geometry":{"type":"LineString","coordinates":[[26.38849,54.89175],[26.33762,54.86326],[26.3232,54.86187],[26.30993,54.85566],[26.28806,54.85601],[26.24815,54.84886],[26.21171,54.85018],[26.20137,54.84415],[26.18613,54.82454],[26.17588,54.81634],[26.14991,54.81176],[26.12612,54.80132],[26.04812,54.77911],[26.03729,54.77812],[25.96344,54.75809],[25.8627,54.7402],[25.84363,54.73957],[25.79453,54.72342],[25.76517,54.72259]]}},{"type":"Feature","properties":{},"geometry":{"type":"LineString","coordinates":[[25.69929,54.5444],[25.69537,54.546]]}},{"type":"Feature","properties":{},"geometry":{"type":"LineString","coordinates":[[25.69611,54.54499],[25.69326,54.54581],[25.69611,54.54499]]}},{"type":"Feature","properties":{},"geometry":{"type":"LineString","coordinates":[[25.69611,54.54499],[25.70048,54.54404]]}},{"type":"Feature","properties":{},"geometry":{"type":"LineString","coordinates":[[25.39062,53.76094],[25.39075,53.75978]]}},{"type":"Feature","properties":{},"geometry":{"type":"LineString","coordinates":[[25.39162,53.76015],[25.39062,53.76094]]}},{"type":"Feature","properties":{},"geometry":{"type":"LineString","coordinates":[[25.38931,53.75689],[25.39198,53.75948]]}},{"type":"Feature","properties":{},"geometry":{"type":"LineString","coordinates":[[25.39075,53.7597],[25.38931,53.75689]]}},{"type":"Feature","properties":{},"geometry":{"type":"LineString","coordinates":[[25.39162,53.76015],[25.39075,53.75978]]}},{"type":"Feature","properties":{},"geometry":{"type":"LineString","coordinates":[[25.39075,53.75978],[25.39075,53.7597]]}},{"type":"Feature","properties":{},"geometry":{"type":"LineString","coordinates":[[25.39075,53.7597],[25.39198,53.75948]]}},{"type":"Feature","properties":{},"geometry":{"type":"LineString","coordinates":[[25.39173,53.76013],[25.39162,53.76015]]}},{"type":"Feature","properties":{},"geometry":{"type":"LineString","coordinates":[[25.39206,53.75955],[25.39173,53.76013]]}},{"type":"Feature","properties":{},"geometry":{"type":"LineString","coordinates":[[25.3931,53.75997],[25.39173,53.76013]]}},{"type":"Feature","properties":{},"geometry":{"type":"LineString","coordinates":[[25.39198,53.75948],[25.39206,53.75955]]}},{"type":"Feature","properties":{},"geometry":{"type":"LineString","coordinates":[[25.39206,53.75955],[25.3931,53.75997]]}},{"type":"Feature","properties":{},"geometry":{"type":"LineString","coordinates":[[25.70103,54.54379],[25.69929,54.5444]]}},{"type":"Feature","properties":{},"geometry":{"type":"LineString","coordinates":[[25.41765,53.73511],[25.41533,53.75053],[25.4035,53.75954],[25.3931,53.75997]]}},{"type":"Feature","properties":{},"geometry":{"type":"LineString","coordinates":[[25.70048,54.54404],[25.70542,54.54204]]}},{"type":"Feature","properties":{},"geometry":{"type":"LineString","coordinates":[[25.70048,54.54404],[25.70341,54.54263]]}},{"type":"Feature","properties":{},"geometry":{"type":"LineString","coordinates":[[25.70108,54.54367],[25.70103,54.54379]]}},{"type":"Feature","properties":{},"geometry":{"type":"LineString","coordinates":[[25.70243,54.54329],[25.70103,54.54379]]}},{"type":"Feature","properties":{},"geometry":{"type":"LineString","coordinates":[[25.70115,54.54347],[25.70108,54.54367]]}},{"type":"Feature","properties":{},"geometry":{"type":"LineString","coordinates":[[25.70243,54.54329],[25.70108,54.54367]]}},{"type":"Feature","properties":{},"geometry":{"type":"LineString","coordinates":[[25.70391,54.5429],[25.70115,54.54347]]}},{"type":"Feature","properties":{},"geometry":{"type":"LineString","coordinates":[[25.70243,54.54329],[25.70115,54.54347]]}},{"type":"Feature","properties":{},"geometry":{"type":"LineString","coordinates":[[25.70665,54.54262],[25.70243,54.54329]]}},{"type":"Feature","properties":{},"geometry":{"type":"LineString","coordinates":[[25.70341,54.54263],[25.70373,54.54268]]}},{"type":"Feature","properties":{},"geometry":{"type":"LineString","coordinates":[[25.70341,54.54263],[25.70508,54.54235]]}},{"type":"Feature","properties":{},"geometry":{"type":"LineString","coordinates":[[25.70373,54.54268],[25.70471,54.54244]]}},{"type":"Feature","properties":{},"geometry":{"type":"LineString","coordinates":[[25.70373,54.54268],[25.70471,54.54244]]}},{"type":"Feature","properties":{},"geometry":{"type":"LineString","coordinates":[[25.70615,54.54258],[25.70391,54.5429]]}},{"type":"Feature","properties":{},"geometry":{"type":"LineString","coordinates":[[25.70437,54.54285],[25.70391,54.5429]]}},{"type":"Feature","properties":{},"geometry":{"type":"LineString","coordinates":[[25.70559,54.54253],[25.70437,54.54285]]}},{"type":"Feature","properties":{},"geometry":{"type":"LineString","coordinates":[[25.70559,54.54253],[25.70437,54.54285]]}},{"type":"Feature","properties":{},"geometry":{"type":"LineString","coordinates":[[25.70471,54.54244],[25.70508,54.54235]]}},{"type":"Feature","properties":{},"geometry":{"type":"LineString","coordinates":[[25.70508,54.54235],[25.70753,54.54226]]}},{"type":"Feature","properties":{},"geometry":{"type":"LineString","coordinates":[[25.70615,54.54258],[25.70559,54.54253]]}},{"type":"Feature","properties":{},"geometry":{"type":"LineString","coordinates":[[25.70542,54.54204],[25.70773,54.54221]]}},{"type":"Feature","properties":{},"geometry":{"type":"LineString","coordinates":[[25.70542,54.54204],[25.70753,54.54226]]}},{"type":"Feature","properties":{},"geometry":{"type":"LineString","coordinates":[[25.70665,54.54262],[25.70615,54.54258]]}},{"type":"Feature","properties":{},"geometry":{"type":"LineString","coordinates":[[25.71323,54.54077],[25.70665,54.54262]]}},{"type":"Feature","properties":{},"geometry":{"type":"LineString","coordinates":[[25.70753,54.54226],[25.70773,54.54221]]}},{"type":"Feature","properties":{},"geometry":{"type":"LineString","coordinates":[[25.70773,54.54221],[25.71323,54.54077]]}},{"type":"Feature","properties":{},"geometry":{"type":"LineString","coordinates":[[25.73452,54.5981],[25.75676,54.59137]]}},{"type":"Feature","properties":{},"geometry":{"type":"LineString","coordinates":[[25.72445,54.5358],[25.71323,54.54077]]}},{"type":"Feature","properties":{},"geometry":{"type":"LineString","coordinates":[[24.95288,52.52624],[24.9537,52.52628]]}},{"type":"Feature","properties":{},"geometry":{"type":"LineString","coordinates":[[24.95355,52.52661],[24.95288,52.52624]]}},{"type":"Feature","properties":{},"geometry":{"type":"LineString","coordinates":[[24.95446,52.52631],[24.95355,52.52661]]}},{"type":"Feature","properties":{},"geometry":{"type":"LineString","coordinates":[[24.95355,52.52661],[24.9537,52.52628]]}},{"type":"Feature","properties":{},"geometry":{"type":"LineString","coordinates":[[24.9537,52.52628],[24.95386,52.52622]]}},{"type":"Feature","properties":{},"geometry":{"type":"LineString","coordinates":[[24.95386,52.52622],[24.95441,52.52579]]}},{"type":"Feature","properties":{},"geometry":{"type":"LineString","coordinates":[[24.95386,52.52622],[24.95446,52.52631]]}},{"type":"Feature","properties":{},"geometry":{"type":"LineString","coordinates":[[24.95441,52.52579],[24.95446,52.52631]]}},{"type":"Feature","properties":{},"geometry":{"type":"LineString","coordinates":[[24.95675,52.52046],[24.95441,52.52579]]}},{"type":"Feature","properties":{},"geometry":{"type":"LineString","coordinates":[[24.95675,52.52046],[24.96361,52.52379]]}},{"type":"Feature","properties":{},"geometry":{"type":"LineString","coordinates":[[24.96354,52.52384],[24.95675,52.52046]]}},{"type":"Feature","properties":{},"geometry":{"type":"LineString","coordinates":[[25.72445,54.5358],[25.72459,54.53548]]}},{"type":"Feature","properties":{},"geometry":{"type":"LineString","coordinates":[[25.7249,54.53568],[25.72445,54.5358]]}},{"type":"Feature","properties":{},"geometry":{"type":"LineString","coordinates":[[25.7249,54.53568],[25.72459,54.53548]]}},{"type":"Feature","properties":{},"geometry":{"type":"LineString","coordinates":[[25.72459,54.53548],[25.72524,54.53507]]}},{"type":"Feature","properties":{},"geometry":{"type":"LineString","coordinates":[[25.72562,54.53525],[25.7249,54.53568]]}},{"type":"Feature","properties":{},"geometry":{"type":"LineString","coordinates":[[25.72524,54.53507],[25.72562,54.53525]]}},{"type":"Feature","properties":{},"geometry":{"type":"LineString","coordinates":[[25.72524,54.53507],[25.72582,54.53491]]}},{"type":"Feature","properties":{},"geometry":{"type":"LineString","coordinates":[[25.72582,54.53491],[25.72562,54.53525]]}},{"type":"Feature","properties":{},"geometry":{"type":"LineString","coordinates":[[26.75998,54.04898],[26.71857,54.07467],[26.65241,54.08996],[26.57703,54.12788],[26.41189,54.18245],[26.36826,54.19952],[26.35605,54.20928],[26.34531,54.23212],[26.26244,54.30693],[26.15809,54.36311],[26.10889,54.39966],[26.0886,54.40641],[26.03228,54.41526],[25.94971,54.44074],[25.90249,54.44604],[25.88737,54.45735],[25.86413,54.46769],[25.82607,54.49636],[25.76769,54.52052],[25.73644,54.52876],[25.72582,54.53491]]}},{"type":"Feature","properties":{},"geometry":{"type":"LineString","coordinates":[[24.99687,52.54045],[24.96354,52.52384]]}},{"type":"Feature","properties":{},"geometry":{"type":"LineString","coordinates":[[24.96354,52.52384],[24.96361,52.52379]]}},{"type":"Feature","properties":{},"geometry":{"type":"LineString","coordinates":[[24.96361,52.52379],[24.99687,52.54045]]}},{"type":"Feature","properties":{},"geometry":{"type":"LineString","coordinates":[[24.96361,52.52379],[24.97101,52.5048],[24.96914,52.48745],[24.96072,52.4824],[24.97305,52.46103],[24.97008,52.45145],[24.98013,52.43482],[24.98001,52.41763],[24.99114,52.41256],[25.01951,52.38772],[25.0243,52.35845],[25.01848,52.34485],[25.02828,52.31992],[25.0658,52.2924],[25.07364,52.26391],[25.09616,52.25001],[25.12385,52.22185]]}},{"type":"Feature","properties":{},"geometry":{"type":"LineString","coordinates":[[25.41765,53.73511],[25.44103,53.72136],[25.45896,53.71455],[25.46662,53.71331],[25.50226,53.71804],[25.53632,53.70817],[25.578,53.69039],[25.62103,53.68773],[25.64684,53.67999],[25.6629,53.67279],[25.68033,53.66039],[25.69525,53.65607],[25.75859,53.62451],[25.76893,53.61553]]}},{"type":"Feature","properties":{},"geometry":{"type":"LineString","coordinates":[[25.96386,54.63261],[25.95119,54.62538],[25.93576,54.62115],[25.93294,54.6115],[25.9272,54.60723],[25.90353,54.60116],[25.89329,54.59177],[25.88889,54.58291],[25.84136,54.58449],[25.80484,54.59139],[25.76344,54.59161]]}},{"type":"Feature","properties":{},"geometry":{"type":"LineString","coordinates":[[25.40696,53.47099],[25.36495,53.45426],[25.36024,53.44704],[25.34335,53.43346],[25.32956,53.42863],[25.31702,53.41832],[25.31885,53.40926],[25.30987,53.39722]]}},{"type":"Feature","properties":{},"geometry":{"type":"LineString","coordinates":[[25.30987,53.39722],[25.30386,53.3897],[25.28789,53.37942],[25.28499,53.35386],[25.27345,53.33588],[25.28271,53.31307],[25.29299,53.29901],[25.28403,53.28508],[25.28751,53.24875],[25.2781,53.22649],[25.28867,53.19924],[25.30044,53.18867],[25.30639,53.16611],[25.30625,53.14659],[25.30156,53.1293],[25.31167,53.1165],[25.3369,53.10744],[25.33094,53.09848]]}},{"type":"Feature","properties":{},"geometry":{"type":"LineString","coordinates":[[25.09248,52.58798],[24.99687,52.54045]]}},{"type":"Feature","properties":{},"geometry":{"type":"LineString","coordinates":[[25.60193,54.14666],[25.60235,54.14747]]}},{"type":"Feature","properties":{},"geometry":{"type":"LineString","coordinates":[[25.60235,54.14747],[25.60193,54.14666]]}},{"type":"Feature","properties":{},"geometry":{"type":"LineString","coordinates":[[25.60193,54.14666],[25.60171,54.14589]]}},{"type":"Feature","properties":{},"geometry":{"type":"LineString","coordinates":[[25.61089,54.15246],[25.60235,54.14747]]}},{"type":"Feature","properties":{},"geometry":{"type":"LineString","coordinates":[[25.40736,53.47113],[25.40696,53.47099]]}},{"type":"Feature","properties":{},"geometry":{"type":"LineString","coordinates":[[25.40696,53.47099],[25.40734,53.47097]]}},{"type":"Feature","properties":{},"geometry":{"type":"LineString","coordinates":[[25.40741,53.47116],[25.40736,53.47113]]}},{"type":"Feature","properties":{},"geometry":{"type":"LineString","coordinates":[[25.40736,53.47113],[25.40734,53.47097]]}},{"type":"Feature","properties":{},"geometry":{"type":"LineString","coordinates":[[25.40773,53.47118],[25.40741,53.47116]]}},{"type":"Feature","properties":{},"geometry":{"type":"LineString","coordinates":[[25.40768,53.47143],[25.40741,53.47116]]}},{"type":"Feature","properties":{},"geometry":{"type":"LineString","coordinates":[[25.40734,53.47097],[25.40783,53.47102]]}},{"type":"Feature","properties":{},"geometry":{"type":"LineString","coordinates":[[25.40773,53.47118],[25.40768,53.47143]]}},{"type":"Feature","properties":{},"geometry":{"type":"LineString","coordinates":[[25.40779,53.47115],[25.40773,53.47118]]}},{"type":"Feature","properties":{},"geometry":{"type":"LineString","coordinates":[[25.40783,53.47102],[25.40779,53.47115]]}},{"type":"Feature","properties":{},"geometry":{"type":"LineString","coordinates":[[25.40832,53.47109],[25.40779,53.47115]]}},{"type":"Feature","properties":{},"geometry":{"type":"LineString","coordinates":[[25.40783,53.47102],[25.40832,53.47109]]}},{"type":"Feature","properties":{},"geometry":{"type":"LineString","coordinates":[[25.4208,53.46958],[25.40832,53.47109]]}},{"type":"Feature","properties":{},"geometry":{"type":"LineString","coordinates":[[25.31709,52.69904],[25.09248,52.58798]]}},{"type":"Feature","properties":{},"geometry":{"type":"LineString","coordinates":[[25.09248,52.58798],[25.10576,52.57996]]}},{"type":"Feature","properties":{},"geometry":{"type":"LineString","coordinates":[[25.77687,53.57174],[25.76383,53.56778],[25.73703,53.55419],[25.73399,53.55051],[25.71607,53.54273],[25.70743,53.52631],[25.69638,53.51918],[25.6767,53.49402],[25.66374,53.49031],[25.65905,53.48624],[25.64069,53.48138],[25.62613,53.47106],[25.62313,53.47049],[25.61312,53.47823],[25.58895,53.4818],[25.54302,53.47269],[25.51204,53.47746],[25.48909,53.47289],[25.4208,53.46958]]}},{"type":"Feature","properties":{},"geometry":{"type":"LineString","coordinates":[[25.93154,53.13492],[25.93035,53.13972],[25.91835,53.13418],[25.91215,53.14202],[25.90123,53.14295],[25.89935,53.1488],[25.86901,53.18293],[25.86082,53.20606],[25.8499,53.21002],[25.84107,53.2194],[25.82431,53.22748],[25.80298,53.26403],[25.77217,53.27885],[25.72754,53.31103],[25.7056,53.31498],[25.70313,53.31184],[25.69931,53.31273],[25.69836,53.32311],[25.66475,53.33132],[25.64406,53.33322],[25.62458,53.33304],[25.61311,53.32767],[25.60659,53.33069],[25.59943,53.33866],[25.60301,53.3763],[25.59099,53.3928],[25.57823,53.40275],[25.57597,53.40915],[25.56933,53.4069],[25.55804,53.41041],[25.51509,53.40928],[25.49965,53.41174],[25.48067,53.41905],[25.45819,53.43743],[25.44,53.44355],[25.41574,53.45717],[25.4208,53.46958]]}},{"type":"Feature","properties":{},"geometry":{"type":"LineString","coordinates":[[25.10576,52.57996],[25.11108,52.57598]]}},{"type":"Feature","properties":{},"geometry":{"type":"LineString","coordinates":[[25.11108,52.57598],[25.10576,52.57996]]}},{"type":"Feature","properties":{},"geometry":{"type":"LineString","coordinates":[[25.11108,52.57598],[25.11945,52.56942],[25.1563,52.5116],[25.19015,52.49977],[25.19679,52.47443],[25.23475,52.42122],[25.23151,52.40403],[25.23767,52.36992],[25.23495,52.35772],[25.22822,52.34677],[25.22753,52.33888],[25.20798,52.33257],[25.20831,52.32871],[25.21981,52.32116],[25.20927,52.30642],[25.20474,52.27967],[25.18761,52.26578],[25.18371,52.23739],[25.17979,52.22589],[25.17365,52.21873]]}},{"type":"Feature","properties":{},"geometry":{"type":"LineString","coordinates":[[25.30103,53.05805],[25.30163,53.0577]]}},{"type":"Feature","properties":{},"geometry":{"type":"LineString","coordinates":[[25.30183,53.05813],[25.30103,53.05805]]}},{"type":"Feature","properties":{},"geometry":{"type":"LineString","coordinates":[[25.30183,53.05813],[25.30163,53.0577]]}},{"type":"Feature","properties":{},"geometry":{"type":"LineString","coordinates":[[25.30163,53.0577],[25.30257,53.05747]]}},{"type":"Feature","properties":{},"geometry":{"type":"LineString","coordinates":[[25.30292,53.05789],[25.30183,53.05813]]}},{"type":"Feature","properties":{},"geometry":{"type":"LineString","coordinates":[[25.30257,53.05747],[25.30347,53.05756]]}},{"type":"Feature","properties":{},"geometry":{"type":"LineString","coordinates":[[25.30257,53.05747],[25.30292,53.05789]]}},{"type":"Feature","properties":{},"geometry":{"type":"LineString","coordinates":[[25.30347,53.05756],[25.30292,53.05789]]}},{"type":"Feature","properties":{},"geometry":{"type":"LineString","coordinates":[[25.30347,53.05756],[25.35257,53.04714]]}},{"type":"Feature","properties":{},"geometry":{"type":"LineString","coordinates":[[25.31805,53.09595],[25.31827,53.09588]]}},{"type":"Feature","properties":{},"geometry":{"type":"LineString","coordinates":[[25.31833,53.09594],[25.31805,53.09595]]}},{"type":"Feature","properties":{},"geometry":{"type":"LineString","coordinates":[[25.31827,53.09588],[25.31856,53.09562]]}},{"type":"Feature","properties":{},"geometry":{"type":"LineString","coordinates":[[25.31827,53.09588],[25.31874,53.09582]]}},{"type":"Feature","properties":{},"geometry":{"type":"LineString","coordinates":[[25.31891,53.09604],[25.31833,53.09594]]}},{"type":"Feature","properties":{},"geometry":{"type":"LineString","coordinates":[[25.31874,53.09582],[25.31833,53.09594]]}},{"type":"Feature","properties":{},"geometry":{"type":"LineString","coordinates":[[25.3186,53.09566],[25.31856,53.09562]]}},{"type":"Feature","properties":{},"geometry":{"type":"LineString","coordinates":[[25.31856,53.09562],[25.31907,53.09401]]}},{"type":"Feature","properties":{},"geometry":{"type":"LineString","coordinates":[[25.31902,53.09563],[25.3186,53.09566]]}},{"type":"Feature","properties":{},"geometry":{"type":"LineString","coordinates":[[25.31874,53.09582],[25.3186,53.09566]]}},{"type":"Feature","properties":{},"geometry":{"type":"LineString","coordinates":[[25.31874,53.09582],[25.31883,53.09594]]}},{"type":"Feature","properties":{},"geometry":{"type":"LineString","coordinates":[[25.3189,53.0958],[25.31874,53.09582]]}},{"type":"Feature","properties":{},"geometry":{"type":"LineString","coordinates":[[25.31883,53.09594],[25.31891,53.09604]]}},{"type":"Feature","properties":{},"geometry":{"type":"LineString","coordinates":[[25.3189,53.0958],[25.31883,53.09594]]}},{"type":"Feature","properties":{},"geometry":{"type":"LineString","coordinates":[[25.31891,53.09604],[25.3195,53.09666]]}},{"type":"Feature","properties":{},"geometry":{"type":"LineString","coordinates":[[25.31902,53.09563],[25.3189,53.0958]]}},{"type":"Feature","properties":{},"geometry":{"type":"LineString","coordinates":[[25.31977,53.09412],[25.31902,53.09563]]}},{"type":"Feature","properties":{},"geometry":{"type":"LineString","coordinates":[[25.3195,53.09666],[25.32075,53.0973]]}},{"type":"Feature","properties":{},"geometry":{"type":"LineString","coordinates":[[25.3208,53.09747],[25.3195,53.09666]]}},{"type":"Feature","properties":{},"geometry":{"type":"LineString","coordinates":[[25.3194,53.09311],[25.3185,53.09265]]}},{"type":"Feature","properties":{},"geometry":{"type":"LineString","coordinates":[[25.3185,53.09265],[25.32005,53.09298]]}},{"type":"Feature","properties":{},"geometry":{"type":"LineString","coordinates":[[25.31907,53.09401],[25.31977,53.09412]]}},{"type":"Feature","properties":{},"geometry":{"type":"LineString","coordinates":[[25.31907,53.09401],[25.3194,53.09311]]}},{"type":"Feature","properties":{},"geometry":{"type":"LineString","coordinates":[[25.32075,53.0973],[25.3208,53.09747]]}},{"type":"Feature","properties":{},"geometry":{"type":"LineString","coordinates":[[25.32117,53.09739],[25.3208,53.09747]]}},{"type":"Feature","properties":{},"geometry":{"type":"LineString","coordinates":[[25.32075,53.0973],[25.32117,53.09739]]}},{"type":"Feature","properties":{},"geometry":{"type":"LineString","coordinates":[[25.32005,53.09298],[25.31977,53.09412]]}},{"type":"Feature","properties":{},"geometry":{"type":"LineString","coordinates":[[25.32005,53.09298],[25.3194,53.09311]]}},{"type":"Feature","properties":{},"geometry":{"type":"LineString","coordinates":[[25.32982,53.0982],[25.32117,53.09739]]}},{"type":"Feature","properties":{},"geometry":{"type":"LineString","coordinates":[[25.33029,53.09821],[25.32982,53.0982]]}},{"type":"Feature","properties":{},"geometry":{"type":"LineString","coordinates":[[25.32982,53.0982],[25.33067,53.09799]]}},{"type":"Feature","properties":{},"geometry":{"type":"LineString","coordinates":[[25.33084,53.09831],[25.33029,53.09821]]}},{"type":"Feature","properties":{},"geometry":{"type":"LineString","coordinates":[[25.33071,53.09816],[25.33029,53.09821]]}},{"type":"Feature","properties":{},"geometry":{"type":"LineString","coordinates":[[25.33084,53.09831],[25.33071,53.09816]]}},{"type":"Feature","properties":{},"geometry":{"type":"LineString","coordinates":[[25.33071,53.09816],[25.33067,53.09799]]}},{"type":"Feature","properties":{},"geometry":{"type":"LineString","coordinates":[[25.33094,53.09812],[25.33071,53.09816]]}},{"type":"Feature","properties":{},"geometry":{"type":"LineString","coordinates":[[25.33067,53.09799],[25.33092,53.09752]]}},{"type":"Feature","properties":{},"geometry":{"type":"LineString","coordinates":[[25.33067,53.09799],[25.33094,53.09801]]}},{"type":"Feature","properties":{},"geometry":{"type":"LineString","coordinates":[[25.33094,53.09848],[25.33084,53.09831]]}},{"type":"Feature","properties":{},"geometry":{"type":"LineString","coordinates":[[25.33094,53.09812],[25.33094,53.09848]]}},{"type":"Feature","properties":{},"geometry":{"type":"LineString","coordinates":[[25.33094,53.09801],[25.33094,53.09812]]}},{"type":"Feature","properties":{},"geometry":{"type":"LineString","coordinates":[[25.33092,53.09752],[25.33094,53.09801]]}},{"type":"Feature","properties":{},"geometry":{"type":"LineString","coordinates":[[25.33247,53.08242],[25.33585,53.09484],[25.33092,53.09752]]}},{"type":"Feature","properties":{},"geometry":{"type":"LineString","coordinates":[[25.33247,53.08242],[25.32383,53.08237],[25.32796,53.07365],[25.358,53.04795],[25.35026,53.02511],[25.36162,53.00013],[25.39287,52.98626],[25.41025,52.97354],[25.42297,52.95619],[25.42906,52.94058],[25.49462,52.88366],[25.49493,52.87602],[25.50043,52.87357],[25.51091,52.85461],[25.4968,52.83358],[25.50827,52.82581],[25.50952,52.81253],[25.52473,52.80103]]}},{"type":"Feature","properties":{},"geometry":{"type":"LineString","coordinates":[[25.33247,53.08242],[25.34971,53.08195],[25.37313,53.07199],[25.40853,53.0645]]}},{"type":"Feature","properties":{},"geometry":{"type":"LineString","coordinates":[[25.96386,54.63261],[25.96464,54.63247]]}},{"type":"Feature","properties":{},"geometry":{"type":"LineString","coordinates":[[25.96464,54.63247],[25.96386,54.63261]]}},{"type":"Feature","properties":{},"geometry":{"type":"LineString","coordinates":[[25.96464,54.63247],[25.9716,54.63098]]}},{"type":"Feature","properties":{},"geometry":{"type":"LineString","coordinates":[[25.35257,53.04714],[25.35778,53.0465]]}},{"type":"Feature","properties":{},"geometry":{"type":"LineString","coordinates":[[25.35778,53.0465],[25.35257,53.04714]]}},{"type":"Feature","properties":{},"geometry":{"type":"LineString","coordinates":[[25.9716,54.63098],[25.97199,54.63051]]}},{"type":"Feature","properties":{},"geometry":{"type":"LineString","coordinates":[[25.97246,54.63087],[25.9716,54.63098]]}},{"type":"Feature","properties":{},"geometry":{"type":"LineString","coordinates":[[25.97246,54.63087],[25.97199,54.63051]]}},{"type":"Feature","properties":{},"geometry":{"type":"LineString","coordinates":[[25.97199,54.63051],[25.97261,54.63026]]}},{"type":"Feature","properties":{},"geometry":{"type":"LineString","coordinates":[[25.97305,54.63056],[25.97246,54.63087]]}},{"type":"Feature","properties":{},"geometry":{"type":"LineString","coordinates":[[25.97261,54.63026],[25.97305,54.63056]]}},{"type":"Feature","properties":{},"geometry":{"type":"LineString","coordinates":[[25.97261,54.63026],[25.97356,54.63009]]}},{"type":"Feature","properties":{},"geometry":{"type":"LineString","coordinates":[[25.35778,53.0465],[25.37156,53.04912],[25.39188,53.06119],[25.4089,53.06388]]}},{"type":"Feature","properties":{},"geometry":{"type":"LineString","coordinates":[[25.97356,54.63009],[25.97305,54.63056]]}},{"type":"Feature","properties":{},"geometry":{"type":"LineString","coordinates":[[25.97356,54.63009],[25.98346,54.62054],[25.98335,54.61475]]}},{"type":"Feature","properties":{},"geometry":{"type":"LineString","coordinates":[[25.98335,54.61475],[25.9932,54.61377]]}},{"type":"Feature","properties":{},"geometry":{"type":"LineString","coordinates":[[25.99322,54.61385],[25.98335,54.61475]]}},{"type":"Feature","properties":{},"geometry":{"type":"LineString","coordinates":[[26.01203,54.6129],[26.02469,54.63332],[26.04686,54.6578],[26.07144,54.67963],[26.07678,54.68937],[26.08697,54.73985],[26.0538,54.78027]]}},{"type":"Feature","properties":{},"geometry":{"type":"LineString","coordinates":[[25.9932,54.61377],[25.99322,54.61385]]}},{"type":"Feature","properties":{},"geometry":{"type":"LineString","coordinates":[[26.01097,54.61218],[25.99322,54.61385]]}},{"type":"Feature","properties":{},"geometry":{"type":"LineString","coordinates":[[25.9932,54.61377],[26.01092,54.61177]]}},{"type":"Feature","properties":{},"geometry":{"type":"LineString","coordinates":[[26.20227,55.12171],[26.22644,55.10228],[26.26005,55.08465]]}},{"type":"Feature","properties":{},"geometry":{"type":"LineString","coordinates":[[25.40853,53.0645],[25.4089,53.06388]]}},{"type":"Feature","properties":{},"geometry":{"type":"LineString","coordinates":[[25.4089,53.06388],[25.40853,53.0645]]}},{"type":"Feature","properties":{},"geometry":{"type":"LineString","coordinates":[[26.01125,54.61231],[26.01097,54.61218]]}},{"type":"Feature","properties":{},"geometry":{"type":"LineString","coordinates":[[26.01097,54.61218],[26.01092,54.61177]]}},{"type":"Feature","properties":{},"geometry":{"type":"LineString","coordinates":[[26.01092,54.61177],[26.01106,54.61167]]}},{"type":"Feature","properties":{},"geometry":{"type":"LineString","coordinates":[[25.4089,53.06388],[25.43523,53.05919],[25.53648,53.05335],[25.71308,53.02259],[25.73231,53.02279],[25.74016,53.01951],[25.75668,53.02465],[25.7812,53.0235]]}},{"type":"Feature","properties":{},"geometry":{"type":"LineString","coordinates":[[26.01206,54.61225],[26.01125,54.61231]]}},{"type":"Feature","properties":{},"geometry":{"type":"LineString","coordinates":[[26.01203,54.6129],[26.01125,54.61231]]}},{"type":"Feature","properties":{},"geometry":{"type":"LineString","coordinates":[[26.01106,54.61167],[26.01111,54.61103]]}},{"type":"Feature","properties":{},"geometry":{"type":"LineString","coordinates":[[26.01106,54.61167],[26.01196,54.61163]]}},{"type":"Feature","properties":{},"geometry":{"type":"LineString","coordinates":[[26.01111,54.61103],[26.01196,54.61163]]}},{"type":"Feature","properties":{},"geometry":{"type":"LineString","coordinates":[[26.01111,54.61103],[25.9844,54.55774],[25.9688,54.51092],[25.97415,54.47001],[25.96767,54.44064]]}},{"type":"Feature","properties":{},"geometry":{"type":"LineString","coordinates":[[26.01206,54.61225],[26.01203,54.6129]]}},{"type":"Feature","properties":{},"geometry":{"type":"LineString","coordinates":[[26.01217,54.61217],[26.01206,54.61225]]}},{"type":"Feature","properties":{},"geometry":{"type":"LineString","coordinates":[[26.01214,54.61176],[26.01217,54.61217]]}},{"type":"Feature","properties":{},"geometry":{"type":"LineString","coordinates":[[26.01306,54.612],[26.01217,54.61217]]}},{"type":"Feature","properties":{},"geometry":{"type":"LineString","coordinates":[[26.01196,54.61163],[26.01214,54.61176]]}},{"type":"Feature","properties":{},"geometry":{"type":"LineString","coordinates":[[26.01214,54.61176],[26.01306,54.612]]}},{"type":"Feature","properties":{},"geometry":{"type":"LineString","coordinates":[[26.01306,54.612],[26.03225,54.61019],[26.04727,54.61198],[26.05684,54.59569],[26.1027,54.56884],[26.12297,54.54024],[26.14634,54.53571],[26.16048,54.52436],[26.1967,54.50947],[26.20969,54.50115]]}},{"type":"Feature","properties":{},"geometry":{"type":"LineString","coordinates":[[25.17365,52.21873],[25.14695,52.22457],[25.12385,52.22185]]}},{"type":"Feature","properties":{},"geometry":{"type":"LineString","coordinates":[[25.96787,54.44024],[25.96711,54.44029]]}},{"type":"Feature","properties":{},"geometry":{"type":"LineString","coordinates":[[25.96767,54.44064],[25.96711,54.44029]]}},{"type":"Feature","properties":{},"geometry":{"type":"LineString","coordinates":[[25.96711,54.44029],[25.96694,54.4395]]}},{"type":"Feature","properties":{},"geometry":{"type":"LineString","coordinates":[[25.96694,54.4395],[25.96721,54.43903]]}},{"type":"Feature","properties":{},"geometry":{"type":"LineString","coordinates":[[25.96694,54.4395],[25.96768,54.43944]]}},{"type":"Feature","properties":{},"geometry":{"type":"LineString","coordinates":[[25.96787,54.44024],[25.96767,54.44064]]}},{"type":"Feature","properties":{},"geometry":{"type":"LineString","coordinates":[[25.96721,54.43903],[25.96768,54.43944]]}},{"type":"Feature","properties":{},"geometry":{"type":"LineString","coordinates":[[25.96721,54.43903],[25.96666,54.43673]]}},{"type":"Feature","properties":{},"geometry":{"type":"LineString","coordinates":[[25.96687,54.43642],[25.96627,54.43649]]}},{"type":"Feature","properties":{},"geometry":{"type":"LineString","coordinates":[[25.96666,54.43673],[25.96627,54.43649]]}},{"type":"Feature","properties":{},"geometry":{"type":"LineString","coordinates":[[25.96627,54.43649],[25.96579,54.43524]]}},{"type":"Feature","properties":{},"geometry":{"type":"LineString","coordinates":[[25.96579,54.43524],[25.96593,54.43485]]}},{"type":"Feature","properties":{},"geometry":{"type":"LineString","coordinates":[[25.96579,54.43524],[25.96641,54.43516]]}},{"type":"Feature","properties":{},"geometry":{"type":"LineString","coordinates":[[25.96816,54.43997],[25.96787,54.44024]]}},{"type":"Feature","properties":{},"geometry":{"type":"LineString","coordinates":[[25.96768,54.43944],[25.96795,54.43955]]}},{"type":"Feature","properties":{},"geometry":{"type":"LineString","coordinates":[[25.96687,54.43642],[25.96666,54.43673]]}},{"type":"Feature","properties":{},"geometry":{"type":"LineString","coordinates":[[25.96593,54.43485],[25.96641,54.43516]]}},{"type":"Feature","properties":{},"geometry":{"type":"LineString","coordinates":[[25.96593,54.43485],[25.96232,54.43318],[25.97052,54.42134]]}},{"type":"Feature","properties":{},"geometry":{"type":"LineString","coordinates":[[25.96795,54.43955],[25.96875,54.43965]]}},{"type":"Feature","properties":{},"geometry":{"type":"LineString","coordinates":[[25.96795,54.43955],[25.96816,54.43997]]}},{"type":"Feature","properties":{},"geometry":{"type":"LineString","coordinates":[[25.96875,54.43965],[25.96816,54.43997]]}},{"type":"Feature","properties":{},"geometry":{"type":"LineString","coordinates":[[25.96641,54.43516],[25.96687,54.43642]]}},{"type":"Feature","properties":{},"geometry":{"type":"LineString","coordinates":[[26.20969,54.50115],[26.15201,54.48491],[26.11697,54.48544],[26.09402,54.47551],[26.08333,54.46627],[26.07223,54.46236],[25.97699,54.43712],[25.96875,54.43965]]}},{"type":"Feature","properties":{},"geometry":{"type":"LineString","coordinates":[[25.8292,53.56201],[25.82392,53.61013],[25.81281,53.63333],[25.81716,53.66055],[25.80529,53.67888],[25.79912,53.71064],[25.8121,53.71955],[25.80802,53.7283],[25.79496,53.72926],[25.76435,53.76383],[25.75434,53.78498],[25.75382,53.79664],[25.74028,53.84366],[25.73922,53.8829],[25.76658,53.91529]]}},{"type":"Feature","properties":{},"geometry":{"type":"LineString","coordinates":[[25.81157,53.92596],[25.78783,53.91222],[25.77673,53.91198],[25.76658,53.91529]]}},{"type":"Feature","properties":{},"geometry":{"type":"LineString","coordinates":[[25.97052,54.42134],[25.97043,54.42106]]}},{"type":"Feature","properties":{},"geometry":{"type":"LineString","coordinates":[[25.97092,54.42108],[25.97052,54.42134]]}},{"type":"Feature","properties":{},"geometry":{"type":"LineString","coordinates":[[25.97092,54.42108],[25.97043,54.42106]]}},{"type":"Feature","properties":{},"geometry":{"type":"LineString","coordinates":[[25.97043,54.42106],[25.97045,54.42066]]}},{"type":"Feature","properties":{},"geometry":{"type":"LineString","coordinates":[[25.97045,54.42066],[25.97056,54.4203]]}},{"type":"Feature","properties":{},"geometry":{"type":"LineString","coordinates":[[25.97045,54.42066],[25.97103,54.42056]]}},{"type":"Feature","properties":{},"geometry":{"type":"LineString","coordinates":[[25.97056,54.4203],[25.97103,54.42056]]}},{"type":"Feature","properties":{},"geometry":{"type":"LineString","coordinates":[[25.97056,54.4203],[25.95012,54.40523],[25.93058,54.40389],[25.93242,54.36828],[25.94777,54.35485],[25.95268,54.33579],[25.98915,54.27789],[25.99127,54.2712],[25.98771,54.26399],[25.991,54.25999]]}},{"type":"Feature","properties":{},"geometry":{"type":"LineString","coordinates":[[25.97103,54.42056],[25.97092,54.42108]]}},{"type":"Feature","properties":{},"geometry":{"type":"LineString","coordinates":[[25.3352,52.70796],[25.31709,52.69904]]}},{"type":"Feature","properties":{},"geometry":{"type":"LineString","coordinates":[[25.36033,52.70327],[25.359,52.70104],[25.32024,52.69633],[25.31709,52.69904]]}},{"type":"Feature","properties":{},"geometry":{"type":"LineString","coordinates":[[25.3483,52.71441],[25.3352,52.70796]]}},{"type":"Feature","properties":{},"geometry":{"type":"LineString","coordinates":[[25.36848,52.72433],[25.3483,52.71441]]}},{"type":"Feature","properties":{},"geometry":{"type":"LineString","coordinates":[[25.35948,52.70405],[25.3483,52.71441]]}},{"type":"Feature","properties":{},"geometry":{"type":"LineString","coordinates":[[26.00677,54.2532],[25.9808,54.22294],[25.96557,54.21376],[25.9573,54.19957],[25.94359,54.19385],[25.92945,54.17805],[25.90974,54.16078],[25.90628,54.16006],[25.9191,54.13048],[25.90749,54.10829],[25.91849,54.09555],[25.91252,54.08385],[25.9149,54.07758],[25.91035,54.06194],[25.91453,54.05707],[25.91657,54.04347],[25.92764,54.03057],[25.90366,54.01564],[25.88062,53.99268],[25.87025,53.97778],[25.83146,53.95012],[25.80977,53.94203],[25.81385,53.93336],[25.81157,53.92596]]}},{"type":"Feature","properties":{},"geometry":{"type":"LineString","coordinates":[[25.81157,53.92596],[25.83724,53.92142],[25.85282,53.91333],[25.87283,53.91111]]}},{"type":"Feature","properties":{},"geometry":{"type":"LineString","coordinates":[[25.46725,52.14623],[25.39635,52.14944],[25.33705,52.15557],[25.32824,52.15951],[25.31127,52.17546],[25.2941,52.1847],[25.24969,52.19394],[25.21962,52.20769],[25.17365,52.21873]]}},{"type":"Feature","properties":{},"geometry":{"type":"LineString","coordinates":[[26.31357,55.04789],[26.30202,55.04967],[26.27854,55.07548]]}},{"type":"Feature","properties":{},"geometry":{"type":"LineString","coordinates":[[25.35948,52.70405],[25.36519,52.70647],[25.37251,52.71875],[25.36848,52.72433]]}},{"type":"Feature","properties":{},"geometry":{"type":"LineString","coordinates":[[25.36033,52.70327],[25.35948,52.70405]]}},{"type":"Feature","properties":{},"geometry":{"type":"LineString","coordinates":[[25.36033,52.70327],[25.36182,52.70104]]}},{"type":"Feature","properties":{},"geometry":{"type":"LineString","coordinates":[[25.52473,52.80103],[25.36848,52.72433]]}},{"type":"Feature","properties":{},"geometry":{"type":"LineString","coordinates":[[25.36182,52.70104],[25.36356,52.6976]]}},{"type":"Feature","properties":{},"geometry":{"type":"LineString","coordinates":[[25.36356,52.6976],[25.36182,52.70104]]}},{"type":"Feature","properties":{},"geometry":{"type":"LineString","coordinates":[[25.98981,52.33447],[25.98453,52.34542],[25.93035,52.38938],[25.91679,52.39643],[25.87317,52.40313],[25.84908,52.42169],[25.84554,52.4283],[25.84085,52.46453],[25.84564,52.49503],[25.81517,52.51853],[25.68785,52.53449],[25.59286,52.58103],[25.57117,52.60168],[25.56892,52.61218],[25.56208,52.61838],[25.54701,52.61942],[25.51276,52.62839],[25.48842,52.64706],[25.45445,52.65852],[25.39814,52.66511],[25.38113,52.67215],[25.37179,52.67997],[25.36356,52.6976]]}},{"type":"Feature","properties":{},"geometry":{"type":"LineString","coordinates":[[25.99131,54.2598],[26.00677,54.2532]]}},{"type":"Feature","properties":{},"geometry":{"type":"LineString","coordinates":[[26.31357,55.04789],[26.31823,55.03539]]}},{"type":"Feature","properties":{},"geometry":{"type":"LineString","coordinates":[[26.77761,55.08285],[26.76158,55.08107],[26.75664,55.07733],[26.75124,55.07911],[26.7279,55.07845],[26.69984,55.07475],[26.67146,55.07432],[26.60766,55.05875],[26.57702,55.04849],[26.49456,55.03835],[26.38212,55.04223],[26.31357,55.04789]]}},{"type":"Feature","properties":{},"geometry":{"type":"LineString","coordinates":[[26.38942,54.4568],[26.38166,54.4425],[26.38884,54.43258],[26.39252,54.41751],[26.37934,54.37057],[26.34318,54.34797],[26.31413,54.33702],[26.29341,54.31341],[26.28345,54.31093],[26.26452,54.31835],[26.22564,54.3128],[26.1678,54.31645],[26.14831,54.31306],[26.13867,54.31672],[26.11999,54.31188],[26.10447,54.3156],[26.08242,54.29803],[26.05566,54.28503],[26.04834,54.2787],[26.03424,54.27387],[26.02931,54.26701],[26.00677,54.2532]]}},{"type":"Feature","properties":{},"geometry":{"type":"LineString","coordinates":[[25.87283,53.91111],[25.87406,53.91004]]}},{"type":"Feature","properties":{},"geometry":{"type":"LineString","coordinates":[[25.87473,53.91045],[25.87283,53.91111]]}},{"type":"Feature","properties":{},"geometry":{"type":"LineString","coordinates":[[27.49481,53.90957],[27.45149,53.90629],[27.40447,53.91161],[27.36769,53.90747],[27.31409,53.91851],[27.28622,53.91721],[27.25197,53.91219],[27.176,53.92204],[27.14594,53.93231],[27.12378,53.94473],[27.11203,53.95675],[27.09199,53.96366],[27.07374,53.97396],[26.98095,53.98648],[26.90174,54.016],[26.80255,54.04852],[26.7698,54.0515],[26.72146,54.04357],[26.64054,54.03811],[26.59081,54.04015],[26.57479,54.0429],[26.52436,54.0646],[26.5154,54.06608],[26.50631,54.0641],[26.43463,54.02468],[26.39243,54.01743],[26.37546,54.00379],[26.34645,53.99216],[26.31881,53.98481],[26.26424,53.97746],[26.15763,53.94976],[26.12092,53.92412],[26.10464,53.91749],[26.04366,53.9069],[25.99565,53.90879],[25.95519,53.89764],[25.90224,53.90823],[25.87406,53.91004]]}},{"type":"Feature","properties":{},"geometry":{"type":"LineString","coordinates":[[25.76814,53.61505],[25.76893,53.61553]]}},{"type":"Feature","properties":{},"geometry":{"type":"LineString","coordinates":[[25.76893,53.61553],[25.76814,53.61505]]}},{"type":"Feature","properties":{},"geometry":{"type":"LineString","coordinates":[[25.77785,53.57297],[25.77025,53.5816],[25.76346,53.60854],[25.76814,53.61505]]}},{"type":"Feature","properties":{},"geometry":{"type":"LineString","coordinates":[[25.77687,53.57174],[25.77825,53.57192]]}},{"type":"Feature","properties":{},"geometry":{"type":"LineString","coordinates":[[25.77786,53.57225],[25.77687,53.57174]]}},{"type":"Feature","properties":{},"geometry":{"type":"LineString","coordinates":[[25.77785,53.57297],[25.77793,53.57232]]}},{"type":"Feature","properties":{},"geometry":{"type":"LineString","coordinates":[[25.77889,53.57268],[25.77785,53.57297]]}},{"type":"Feature","properties":{},"geometry":{"type":"LineString","coordinates":[[25.77793,53.57232],[25.77786,53.57225]]}},{"type":"Feature","properties":{},"geometry":{"type":"LineString","coordinates":[[25.77786,53.57225],[25.77825,53.57192]]}},{"type":"Feature","properties":{},"geometry":{"type":"LineString","coordinates":[[25.77889,53.57268],[25.77793,53.57232]]}},{"type":"Feature","properties":{},"geometry":{"type":"LineString","coordinates":[[25.77825,53.57192],[25.7785,53.57191]]}},{"type":"Feature","properties":{},"geometry":{"type":"LineString","coordinates":[[25.7785,53.57191],[25.77941,53.57224]]}},{"type":"Feature","properties":{},"geometry":{"type":"LineString","coordinates":[[25.7785,53.57191],[25.77953,53.57161]]}},{"type":"Feature","properties":{},"geometry":{"type":"LineString","coordinates":[[25.77941,53.57224],[25.77889,53.57268]]}},{"type":"Feature","properties":{},"geometry":{"type":"LineString","coordinates":[[25.77953,53.57161],[25.77941,53.57224]]}},{"type":"Feature","properties":{},"geometry":{"type":"LineString","coordinates":[[25.82774,53.56125],[25.78786,53.56681],[25.77953,53.57161]]}},{"type":"Feature","properties":{},"geometry":{"type":"LineString","coordinates":[[26.34897,54.98868],[26.36202,54.96527],[26.35768,54.95226],[26.39345,54.92433],[26.39606,54.91196],[26.3858,54.90306],[26.38878,54.89187]]}},{"type":"Feature","properties":{},"geometry":{"type":"LineString","coordinates":[[25.63738,52.85592],[25.52473,52.80103]]}},{"type":"Feature","properties":{},"geometry":{"type":"LineString","coordinates":[[25.52473,52.80103],[25.53806,52.78583],[25.55443,52.78305]]}},{"type":"Feature","properties":{},"geometry":{"type":"LineString","coordinates":[[25.82774,53.56125],[25.8288,53.56087]]}},{"type":"Feature","properties":{},"geometry":{"type":"LineString","coordinates":[[25.82883,53.56135],[25.82774,53.56125]]}},{"type":"Feature","properties":{},"geometry":{"type":"LineString","coordinates":[[25.82895,53.56142],[25.82883,53.56135]]}},{"type":"Feature","properties":{},"geometry":{"type":"LineString","coordinates":[[25.82883,53.56135],[25.8288,53.56087]]}},{"type":"Feature","properties":{},"geometry":{"type":"LineString","coordinates":[[25.82963,53.56147],[25.82895,53.56142]]}},{"type":"Feature","properties":{},"geometry":{"type":"LineString","coordinates":[[25.8292,53.56201],[25.82895,53.56142]]}},{"type":"Feature","properties":{},"geometry":{"type":"LineString","coordinates":[[25.82963,53.56147],[25.8292,53.56201]]}},{"type":"Feature","properties":{},"geometry":{"type":"LineString","coordinates":[[25.8288,53.56087],[25.82903,53.56074]]}},{"type":"Feature","properties":{},"geometry":{"type":"LineString","coordinates":[[25.82903,53.56074],[25.82949,53.56027]]}},{"type":"Feature","properties":{},"geometry":{"type":"LineString","coordinates":[[25.82903,53.56074],[25.82974,53.56076]]}},{"type":"Feature","properties":{},"geometry":{"type":"LineString","coordinates":[[25.82985,53.56139],[25.82963,53.56147]]}},{"type":"Feature","properties":{},"geometry":{"type":"LineString","coordinates":[[25.82991,53.56085],[25.82985,53.56139]]}},{"type":"Feature","properties":{},"geometry":{"type":"LineString","coordinates":[[25.83114,53.56116],[25.82985,53.56139]]}},{"type":"Feature","properties":{},"geometry":{"type":"LineString","coordinates":[[25.82949,53.56027],[25.82974,53.56076]]}},{"type":"Feature","properties":{},"geometry":{"type":"LineString","coordinates":[[26.02647,53.16648],[26.02966,53.2001],[26.03838,53.20958],[26.03721,53.22962],[26.04232,53.24251],[26.04042,53.2517],[26.04549,53.26321],[26.04321,53.26689],[26.0481,53.28008],[26.04655,53.28601],[26.02315,53.30943],[25.99443,53.31636],[25.9859,53.32927],[25.99017,53.34165],[25.98607,53.35023],[25.95491,53.37311],[25.93498,53.38337],[25.92568,53.39461],[25.9193,53.40325],[25.91702,53.41748],[25.89124,53.44513],[25.885,53.45833],[25.89089,53.46572],[25.89244,53.48406],[25.87841,53.50494],[25.857,53.52057],[25.84524,53.5338],[25.83283,53.53954],[25.82949,53.56027]]}},{"type":"Feature","properties":{},"geometry":{"type":"LineString","coordinates":[[25.82974,53.56076],[25.82991,53.56085]]}},{"type":"Feature","properties":{},"geometry":{"type":"LineString","coordinates":[[25.82991,53.56085],[25.83114,53.56116]]}},{"type":"Feature","properties":{},"geometry":{"type":"LineString","coordinates":[[26.0541,53.75225],[26.02241,53.75014],[26.01487,53.73727],[26.00249,53.73006],[25.9769,53.69839],[25.96845,53.67909],[25.94123,53.66337],[25.93367,53.64777],[25.9123,53.63894],[25.89986,53.62563],[25.8883,53.62285],[25.88776,53.61437],[25.88169,53.60449],[25.8853,53.59516],[25.8837,53.59082],[25.83872,53.56341],[25.83114,53.56116]]}},{"type":"Feature","properties":{},"geometry":{"type":"LineString","coordinates":[[26.36633,54.49191],[26.32744,54.50479],[26.31307,54.50142],[26.2631,54.49855],[26.20969,54.50115]]}},{"type":"Feature","properties":{},"geometry":{"type":"LineString","coordinates":[[26.38878,54.89187],[26.38849,54.89175]]}},{"type":"Feature","properties":{},"geometry":{"type":"LineString","coordinates":[[26.38849,54.89175],[26.39231,54.87632],[26.39981,54.87266],[26.39062,54.86426],[26.39117,54.85606],[26.42217,54.83574],[26.47681,54.79225],[26.50505,54.76189],[26.5279,54.74965],[26.53377,54.73275],[26.52289,54.7145],[26.52156,54.68976],[26.5253,54.67688],[26.52056,54.6699],[26.52236,54.65202],[26.51375,54.62408],[26.51685,54.61653],[26.5085,54.59144],[26.47461,54.55841],[26.44935,54.54457],[26.4282,54.52939],[26.42334,54.5231],[26.42856,54.5143],[26.4424,54.5092]]}},{"type":"Feature","properties":{},"geometry":{"type":"LineString","coordinates":[[26.64963,54.95972],[26.63309,54.96013],[26.61097,54.95686],[26.57953,54.94555],[26.56513,54.93825],[26.55975,54.93183],[26.52509,54.92211],[26.49432,54.92542],[26.47118,54.92315],[26.39502,54.89266],[26.38878,54.89187]]}},{"type":"Feature","properties":{},"geometry":{"type":"LineString","coordinates":[[25.88482,53.5901],[25.89787,53.58834],[25.92958,53.59186],[25.96194,53.59004],[25.97921,53.59265],[26.05943,53.5961],[26.10354,53.58851],[26.14531,53.57035],[26.15233,53.55907]]}},{"type":"Feature","properties":{},"geometry":{"type":"LineString","coordinates":[[25.7812,53.0235],[25.66503,52.90899],[25.66473,52.89653],[25.64551,52.86254],[25.63738,52.85592]]}},{"type":"Feature","properties":{},"geometry":{"type":"LineString","coordinates":[[26.34815,52.95815],[26.12924,52.94881],[25.66091,52.8599],[25.64924,52.85546],[25.63738,52.85592]]}},{"type":"Feature","properties":{},"geometry":{"type":"LineString","coordinates":[[26.58826,55.15654],[26.60395,55.15672],[26.6253,55.14934]]}},{"type":"Feature","properties":{},"geometry":{"type":"LineString","coordinates":[[26.86829,55.71907],[26.86785,55.71906]]}},{"type":"Feature","properties":{},"geometry":{"type":"LineString","coordinates":[[26.86785,55.71906],[26.86837,55.71852]]}},{"type":"Feature","properties":{},"geometry":{"type":"LineString","coordinates":[[26.86785,55.71906],[26.86858,55.71867]]}},{"type":"Feature","properties":{},"geometry":{"type":"LineString","coordinates":[[26.86866,55.71889],[26.86829,55.71907]]}},{"type":"Feature","properties":{},"geometry":{"type":"LineString","coordinates":[[26.86864,55.719],[26.86829,55.71907]]}},{"type":"Feature","properties":{},"geometry":{"type":"LineString","coordinates":[[26.86837,55.71852],[26.86991,55.71808]]}},{"type":"Feature","properties":{},"geometry":{"type":"LineString","coordinates":[[26.86837,55.71852],[26.86897,55.71835]]}},{"type":"Feature","properties":{},"geometry":{"type":"LineString","coordinates":[[26.8709,55.71851],[26.86864,55.719]]}},{"type":"Feature","properties":{},"geometry":{"type":"LineString","coordinates":[[26.86879,55.71897],[26.86864,55.719]]}},{"type":"Feature","properties":{},"geometry":{"type":"LineString","coordinates":[[26.87099,55.71832],[26.86866,55.71889]]}},{"type":"Feature","properties":{},"geometry":{"type":"LineString","coordinates":[[26.87099,55.71832],[26.86866,55.71889]]}},{"type":"Feature","properties":{},"geometry":{"type":"LineString","coordinates":[[26.86858,55.71867],[26.8702,55.71815]]}},{"type":"Feature","properties":{},"geometry":{"type":"LineString","coordinates":[[26.86858,55.71867],[26.8702,55.71815]]}},{"type":"Feature","properties":{},"geometry":{"type":"LineString","coordinates":[[26.8709,55.71851],[26.86879,55.71897]]}},{"type":"Feature","properties":{},"geometry":{"type":"LineString","coordinates":[[26.8709,55.71851],[26.86879,55.71897]]}},{"type":"Feature","properties":{},"geometry":{"type":"LineString","coordinates":[[26.8691,55.71831],[26.86991,55.71808]]}},{"type":"Feature","properties":{},"geometry":{"type":"LineString","coordinates":[[26.86991,55.71808],[26.87057,55.71812]]}},{"type":"Feature","properties":{},"geometry":{"type":"LineString","coordinates":[[26.8702,55.71815],[26.87057,55.71812]]}},{"type":"Feature","properties":{},"geometry":{"type":"LineString","coordinates":[[26.87057,55.71812],[26.87589,55.71695]]}},{"type":"Feature","properties":{},"geometry":{"type":"LineString","coordinates":[[26.87362,55.71814],[26.8709,55.71851]]}},{"type":"Feature","properties":{},"geometry":{"type":"LineString","coordinates":[[26.87362,55.71814],[26.87099,55.71832]]}},{"type":"Feature","properties":{},"geometry":{"type":"LineString","coordinates":[[26.77761,55.08285],[26.77683,55.08619],[26.76541,55.09199],[26.73201,55.10222],[26.71127,55.11961],[26.66129,55.142],[26.62811,55.14885]]}},{"type":"Feature","properties":{},"geometry":{"type":"LineString","coordinates":[[26.87724,55.71664],[26.87362,55.71814]]}},{"type":"Feature","properties":{},"geometry":{"type":"LineString","coordinates":[[26.87589,55.71695],[26.87632,55.71617]]}},{"type":"Feature","properties":{},"geometry":{"type":"LineString","coordinates":[[26.87589,55.71695],[26.87642,55.71625]]}},{"type":"Feature","properties":{},"geometry":{"type":"LineString","coordinates":[[26.87589,55.71695],[26.87646,55.71657]]}},{"type":"Feature","properties":{},"geometry":{"type":"LineString","coordinates":[[25.7812,53.0235],[25.78305,53.02449]]}},{"type":"Feature","properties":{},"geometry":{"type":"LineString","coordinates":[[25.78305,53.02449],[25.7812,53.0235]]}},{"type":"Feature","properties":{},"geometry":{"type":"LineString","coordinates":[[26.87646,55.71657],[26.87655,55.71644]]}},{"type":"Feature","properties":{},"geometry":{"type":"LineString","coordinates":[[26.87646,55.71657],[26.87755,55.71575]]}},{"type":"Feature","properties":{},"geometry":{"type":"LineString","coordinates":[[26.87642,55.71625],[26.87632,55.71617]]}},{"type":"Feature","properties":{},"geometry":{"type":"LineString","coordinates":[[26.87632,55.71617],[26.87825,55.71523]]}},{"type":"Feature","properties":{},"geometry":{"type":"LineString","coordinates":[[26.87642,55.71625],[26.87807,55.71543]]}},{"type":"Feature","properties":{},"geometry":{"type":"LineString","coordinates":[[26.87655,55.71644],[26.87725,55.71579]]}},{"type":"Feature","properties":{},"geometry":{"type":"LineString","coordinates":[[26.87655,55.71644],[26.87725,55.71579]]}},{"type":"Feature","properties":{},"geometry":{"type":"LineString","coordinates":[[26.87738,55.71664],[26.87724,55.71664]]}},{"type":"Feature","properties":{},"geometry":{"type":"LineString","coordinates":[[26.87794,55.71593],[26.87724,55.71664]]}},{"type":"Feature","properties":{},"geometry":{"type":"LineString","coordinates":[[26.87753,55.71664],[26.87738,55.71664]]}},{"type":"Feature","properties":{},"geometry":{"type":"LineString","coordinates":[[26.87801,55.71603],[26.87738,55.71664]]}},{"type":"Feature","properties":{},"geometry":{"type":"LineString","coordinates":[[26.87801,55.71603],[26.87753,55.71664]]}},{"type":"Feature","properties":{},"geometry":{"type":"LineString","coordinates":[[26.87821,55.71546],[26.87753,55.71664]]}},{"type":"Feature","properties":{},"geometry":{"type":"LineString","coordinates":[[25.93154,53.13492],[25.90345,53.12195],[25.90394,53.08583],[25.87549,53.06403],[25.85311,53.04901],[25.8252,53.04706],[25.78305,53.02449]]}},{"type":"Feature","properties":{},"geometry":{"type":"LineString","coordinates":[[26.87725,55.71579],[26.87755,55.71575]]}},{"type":"Feature","properties":{},"geometry":{"type":"LineString","coordinates":[[26.87755,55.71575],[26.87807,55.71543]]}},{"type":"Feature","properties":{},"geometry":{"type":"LineString","coordinates":[[26.87794,55.71593],[26.87801,55.71603]]}},{"type":"Feature","properties":{},"geometry":{"type":"LineString","coordinates":[[26.87821,55.71546],[26.87794,55.71593]]}},{"type":"Feature","properties":{},"geometry":{"type":"LineString","coordinates":[[26.87807,55.71543],[26.87825,55.71523]]}},{"type":"Feature","properties":{},"geometry":{"type":"LineString","coordinates":[[26.87885,55.71367],[26.87821,55.71546]]}},{"type":"Feature","properties":{},"geometry":{"type":"LineString","coordinates":[[26.87825,55.71523],[26.87885,55.71367]]}},{"type":"Feature","properties":{},"geometry":{"type":"LineString","coordinates":[[26.97939,55.64768],[26.93348,55.67806],[26.90198,55.68511],[26.89716,55.69653],[26.88261,55.70483],[26.87885,55.71367]]}},{"type":"Feature","properties":{},"geometry":{"type":"LineString","coordinates":[[26.36633,54.49191],[26.36679,54.49147]]}},{"type":"Feature","properties":{},"geometry":{"type":"LineString","coordinates":[[26.36715,54.49184],[26.36633,54.49191]]}},{"type":"Feature","properties":{},"geometry":{"type":"LineString","coordinates":[[26.36622,54.49099],[26.36731,54.491]]}},{"type":"Feature","properties":{},"geometry":{"type":"LineString","coordinates":[[26.36679,54.49141],[26.36622,54.49099]]}},{"type":"Feature","properties":{},"geometry":{"type":"LineString","coordinates":[[26.38879,54.45724],[26.37541,54.45842],[26.34477,54.47013],[26.35496,54.48528],[26.36622,54.49099]]}},{"type":"Feature","properties":{},"geometry":{"type":"LineString","coordinates":[[26.36715,54.49184],[26.36679,54.49147]]}},{"type":"Feature","properties":{},"geometry":{"type":"LineString","coordinates":[[26.36679,54.49147],[26.36679,54.49141]]}},{"type":"Feature","properties":{},"geometry":{"type":"LineString","coordinates":[[26.36679,54.49141],[26.36731,54.491]]}},{"type":"Feature","properties":{},"geometry":{"type":"LineString","coordinates":[[26.36731,54.491],[26.36715,54.49184]]}},{"type":"Feature","properties":{},"geometry":{"type":"LineString","coordinates":[[25.54344,52.15809],[25.49333,52.15631],[25.46725,52.14623]]}},{"type":"Feature","properties":{},"geometry":{"type":"LineString","coordinates":[[25.46725,52.14623],[25.5226,52.14302],[25.53253,52.14587]]}},{"type":"Feature","properties":{},"geometry":{"type":"LineString","coordinates":[[26.38926,54.45733],[26.38879,54.45724]]}},{"type":"Feature","properties":{},"geometry":{"type":"LineString","coordinates":[[26.38879,54.45724],[26.38926,54.45711]]}},{"type":"Feature","properties":{},"geometry":{"type":"LineString","coordinates":[[26.38964,54.45747],[26.38926,54.45733]]}},{"type":"Feature","properties":{},"geometry":{"type":"LineString","coordinates":[[26.38926,54.45733],[26.38926,54.45711]]}},{"type":"Feature","properties":{},"geometry":{"type":"LineString","coordinates":[[26.38926,54.45711],[26.38938,54.45702]]}},{"type":"Feature","properties":{},"geometry":{"type":"LineString","coordinates":[[26.38938,54.45702],[26.38942,54.4568]]}},{"type":"Feature","properties":{},"geometry":{"type":"LineString","coordinates":[[26.38938,54.45702],[26.38967,54.45697]]}},{"type":"Feature","properties":{},"geometry":{"type":"LineString","coordinates":[[26.38991,54.45756],[26.38964,54.45747]]}},{"type":"Feature","properties":{},"geometry":{"type":"LineString","coordinates":[[26.38991,54.45742],[26.38964,54.45747]]}},{"type":"Feature","properties":{},"geometry":{"type":"LineString","coordinates":[[26.38942,54.4568],[26.38967,54.45697]]}},{"type":"Feature","properties":{},"geometry":{"type":"LineString","coordinates":[[26.44298,54.50815],[26.43925,54.50005],[26.42902,54.49284],[26.41102,54.48214],[26.40147,54.48119],[26.38991,54.45756]]}},{"type":"Feature","properties":{},"geometry":{"type":"LineString","coordinates":[[26.38991,54.45742],[26.38991,54.45756]]}},{"type":"Feature","properties":{},"geometry":{"type":"LineString","coordinates":[[26.38967,54.45697],[26.39003,54.4571]]}},{"type":"Feature","properties":{},"geometry":{"type":"LineString","coordinates":[[26.39007,54.45727],[26.38991,54.45742]]}},{"type":"Feature","properties":{},"geometry":{"type":"LineString","coordinates":[[26.39003,54.4571],[26.39007,54.45727]]}},{"type":"Feature","properties":{},"geometry":{"type":"LineString","coordinates":[[26.39046,54.45714],[26.39007,54.45727]]}},{"type":"Feature","properties":{},"geometry":{"type":"LineString","coordinates":[[26.39003,54.4571],[26.39046,54.45714]]}},{"type":"Feature","properties":{},"geometry":{"type":"LineString","coordinates":[[26.83157,54.30672],[26.77968,54.31457],[26.76792,54.32104],[26.7172,54.31624],[26.69555,54.31914],[26.65929,54.37208],[26.64935,54.37759],[26.62449,54.38081],[26.60678,54.40255],[26.57944,54.41799],[26.50635,54.43992],[26.46332,54.46146],[26.45518,54.45454],[26.44918,54.45296],[26.39046,54.45714]]}},{"type":"Feature","properties":{},"geometry":{"type":"LineString","coordinates":[[26.4424,54.5092],[26.44295,54.50875]]}},{"type":"Feature","properties":{},"geometry":{"type":"LineString","coordinates":[[26.44354,54.50893],[26.4424,54.5092]]}},{"type":"Feature","properties":{},"geometry":{"type":"LineString","coordinates":[[26.44354,54.50893],[26.44295,54.50875]]}},{"type":"Feature","properties":{},"geometry":{"type":"LineString","coordinates":[[26.44295,54.50875],[26.44297,54.50861]]}},{"type":"Feature","properties":{},"geometry":{"type":"LineString","coordinates":[[26.44297,54.50861],[26.44298,54.50815]]}},{"type":"Feature","properties":{},"geometry":{"type":"LineString","coordinates":[[26.44297,54.50861],[26.44353,54.50845]]}},{"type":"Feature","properties":{},"geometry":{"type":"LineString","coordinates":[[26.44298,54.50815],[26.44353,54.50845]]}},{"type":"Feature","properties":{},"geometry":{"type":"LineString","coordinates":[[26.44376,54.50882],[26.44354,54.50893]]}},{"type":"Feature","properties":{},"geometry":{"type":"LineString","coordinates":[[26.44353,54.50845],[26.4437,54.50852]]}},{"type":"Feature","properties":{},"geometry":{"type":"LineString","coordinates":[[26.4437,54.50852],[26.44376,54.50882]]}},{"type":"Feature","properties":{},"geometry":{"type":"LineString","coordinates":[[26.44448,54.5086],[26.44376,54.50882]]}},{"type":"Feature","properties":{},"geometry":{"type":"LineString","coordinates":[[26.4437,54.50852],[26.44448,54.5086]]}},{"type":"Feature","properties":{},"geometry":{"type":"LineString","coordinates":[[25.5328,52.14596],[25.53253,52.14587]]}},{"type":"Feature","properties":{},"geometry":{"type":"LineString","coordinates":[[25.53253,52.14587],[25.53273,52.14582]]}},{"type":"Feature","properties":{},"geometry":{"type":"LineString","coordinates":[[25.53273,52.14582],[25.5328,52.14596]]}},{"type":"Feature","properties":{},"geometry":{"type":"LineString","coordinates":[[25.53273,52.14582],[25.53892,52.13009],[25.53842,52.10145],[25.55804,52.08106],[25.55265,52.06195],[25.5622,52.04847],[25.58477,52.02927],[25.57846,52.0198],[25.57214,52.01686],[25.56971,52.01304],[25.56474,51.98692],[25.55914,51.97889],[25.56489,51.96341],[25.5624,51.94803],[25.55234,51.93756]]}},{"type":"Feature","properties":{},"geometry":{"type":"LineString","coordinates":[[25.5328,52.14596],[25.56966,52.15479]]}},{"type":"Feature","properties":{},"geometry":{"type":"LineString","coordinates":[[26.85401,54.49067],[26.83097,54.49116],[26.81721,54.49579],[26.80628,54.50662],[26.80626,54.51617],[26.80241,54.52093],[26.78754,54.52597],[26.77241,54.52736],[26.74672,54.53692],[26.73153,54.55523],[26.70845,54.55957],[26.64878,54.5472],[26.61265,54.54225],[26.56867,54.51953],[26.53059,54.50897],[26.46441,54.50571],[26.44448,54.5086]]}},{"type":"Feature","properties":{},"geometry":{"type":"LineString","coordinates":[[25.54344,52.15809],[25.54491,52.15788]]}},{"type":"Feature","properties":{},"geometry":{"type":"LineString","coordinates":[[25.54498,52.15809],[25.54344,52.15809]]}},{"type":"Feature","properties":{},"geometry":{"type":"LineString","coordinates":[[25.54542,52.15804],[25.54498,52.15809]]}},{"type":"Feature","properties":{},"geometry":{"type":"LineString","coordinates":[[25.54498,52.15809],[25.54491,52.15788]]}},{"type":"Feature","properties":{},"geometry":{"type":"LineString","coordinates":[[25.54491,52.15788],[25.54535,52.15782]]}},{"type":"Feature","properties":{},"geometry":{"type":"LineString","coordinates":[[25.54535,52.15782],[25.54542,52.15804]]}},{"type":"Feature","properties":{},"geometry":{"type":"LineString","coordinates":[[25.54797,52.15768],[25.54542,52.15804]]}},{"type":"Feature","properties":{},"geometry":{"type":"LineString","coordinates":[[25.54535,52.15782],[25.54797,52.15768]]}},{"type":"Feature","properties":{},"geometry":{"type":"LineString","coordinates":[[25.56966,52.15479],[25.54797,52.15768]]}},{"type":"Feature","properties":{},"geometry":{"type":"LineString","coordinates":[[26.88108,55.01175],[26.86003,55.00657],[26.81561,55.00168],[26.78657,54.9957],[26.75387,54.99334],[26.68371,54.96832],[26.64963,54.95972]]}},{"type":"Feature","properties":{},"geometry":{"type":"LineString","coordinates":[[26.7201,54.91534],[26.69346,54.93631],[26.66021,54.95168],[26.64963,54.95972]]}},{"type":"Feature","properties":{},"geometry":{"type":"LineString","coordinates":[[25.99598,53.15532],[25.94187,53.14042],[25.93154,53.13492]]}},{"type":"Feature","properties":{},"geometry":{"type":"LineString","coordinates":[[26.01955,52.16788],[25.97287,52.16343],[25.9017,52.14774],[25.75906,52.15727],[25.56966,52.15479]]}},{"type":"Feature","properties":{},"geometry":{"type":"LineString","coordinates":[[26.97939,55.64768],[26.99622,55.66305],[27.01022,55.66275],[27.02742,55.66707],[27.03676,55.66632],[27.07287,55.6548],[27.09001,55.64531],[27.09602,55.64002],[27.08964,55.63739],[27.08802,55.63415],[27.09536,55.62085],[27.11227,55.61819]]}},{"type":"Feature","properties":{},"geometry":{"type":"LineString","coordinates":[[26.97939,55.64768],[26.99142,55.63884],[26.98206,55.63799],[26.95264,55.62015],[26.92721,55.60059],[26.92427,55.59293],[26.91844,55.58821],[26.89378,55.58201],[26.82067,55.53439],[26.79142,55.51094],[26.77096,55.49968],[26.76123,55.49126],[26.75907,55.48425],[26.75194,55.47648],[26.72371,55.45794],[26.66719,55.43842],[26.66055,55.43255],[26.65155,55.41755],[26.63104,55.40446],[26.62765,55.3977],[26.63236,55.38363],[26.66851,55.36133],[26.68405,55.35884],[26.70922,55.34536],[26.72511,55.34029],[26.75009,55.34026],[26.78327,55.32463],[26.81545,55.32024],[26.82989,55.31488],[26.84524,55.31549],[26.85432,55.31294],[26.8575,55.29743]]}},{"type":"Feature","properties":{},"geometry":{"type":"LineString","coordinates":[[25.51094,51.9029],[25.51286,51.91184],[25.53107,51.91786],[25.54256,51.93355],[25.55046,51.93649]]}},{"type":"Feature","properties":{},"geometry":{"type":"LineString","coordinates":[[26.07861,53.19323],[26.05848,53.18381],[26.02827,53.18026],[26.01058,53.1755],[25.99127,53.16742],[25.98139,53.16051]]}},{"type":"Feature","properties":{},"geometry":{"type":"LineString","coordinates":[[25.99598,53.15532],[25.98012,53.16145],[25.98139,53.16051]]}},{"type":"Feature","properties":{},"geometry":{"type":"LineString","coordinates":[[26.8575,55.29743],[26.85059,55.28787],[26.85596,55.27807],[26.85366,55.25908],[26.86551,55.23512],[26.84938,55.20582],[26.85474,55.18236],[26.85338,55.1719],[26.87257,55.12983],[26.87519,55.1024]]}},{"type":"Feature","properties":{},"geometry":{"type":"LineString","coordinates":[[27.46281,55.36616],[27.44301,55.36041],[27.41654,55.34572],[27.39163,55.33676],[27.29195,55.31665],[27.21274,55.31589],[27.15529,55.31206],[27.0294,55.28736],[26.89512,55.29796],[26.86289,55.29592],[26.8575,55.29743]]}},{"type":"Feature","properties":{},"geometry":{"type":"LineString","coordinates":[[26.15233,53.55907],[26.15264,53.55837]]}},{"type":"Feature","properties":{},"geometry":{"type":"LineString","coordinates":[[26.15336,53.55852],[26.15233,53.55907]]}},{"type":"Feature","properties":{},"geometry":{"type":"LineString","coordinates":[[26.02647,53.16648],[25.99598,53.15532]]}},{"type":"Feature","properties":{},"geometry":{"type":"LineString","coordinates":[[26.15336,53.55852],[26.15264,53.55837]]}},{"type":"Feature","properties":{},"geometry":{"type":"LineString","coordinates":[[26.15264,53.55837],[26.15308,53.55791]]}},{"type":"Feature","properties":{},"geometry":{"type":"LineString","coordinates":[[26.15308,53.55791],[26.15364,53.55814]]}},{"type":"Feature","properties":{},"geometry":{"type":"LineString","coordinates":[[26.15308,53.55791],[26.15393,53.55739]]}},{"type":"Feature","properties":{},"geometry":{"type":"LineString","coordinates":[[26.15364,53.55814],[26.15336,53.55852]]}},{"type":"Feature","properties":{},"geometry":{"type":"LineString","coordinates":[[26.15393,53.55739],[26.15364,53.55814]]}},{"type":"Feature","properties":{},"geometry":{"type":"LineString","coordinates":[[26.15393,53.55739],[26.17151,53.54774],[26.23963,53.53102],[26.27183,53.52443],[26.29271,53.52514],[26.32692,53.51861],[26.3809,53.49502],[26.43888,53.46345],[26.44329,53.44872],[26.44984,53.44274],[26.45873,53.44058],[26.47711,53.44138]]}},{"type":"Feature","properties":{},"geometry":{"type":"LineString","coordinates":[[26.87519,55.1024],[26.86078,55.10164],[26.84866,55.09515],[26.83619,55.09693],[26.83016,55.09055],[26.79985,55.081],[26.78876,55.08413],[26.77761,55.08285]]}},{"type":"Feature","properties":{},"geometry":{"type":"LineString","coordinates":[[25.55046,51.93649],[25.55234,51.93756]]}},{"type":"Feature","properties":{},"geometry":{"type":"LineString","coordinates":[[25.55234,51.93756],[25.55046,51.93649]]}},{"type":"Feature","properties":{},"geometry":{"type":"LineString","coordinates":[[26.7201,54.91534],[26.70635,54.91419],[26.6978,54.90917],[26.67474,54.90439],[26.67121,54.89447],[26.66327,54.8855],[26.672,54.86689],[26.69366,54.849],[26.702,54.83781],[26.72789,54.81788],[26.77093,54.79933],[26.8073,54.79051],[26.82849,54.77753],[26.8427,54.77279],[26.88963,54.7703],[26.90826,54.77307],[26.92593,54.77091],[26.94772,54.772]]}},{"type":"Feature","properties":{},"geometry":{"type":"LineString","coordinates":[[26.91593,54.88622],[26.89251,54.88657],[26.88094,54.88231],[26.86204,54.88008],[26.83228,54.88644],[26.79569,54.88634],[26.75362,54.89809],[26.74564,54.90506],[26.73208,54.90598],[26.7201,54.91534]]}},{"type":"Feature","properties":{},"geometry":{"type":"LineString","coordinates":[[26.08684,53.19233],[26.0654,53.18091],[26.02647,53.16648]]}},{"type":"Feature","properties":{},"geometry":{"type":"LineString","coordinates":[[26.50174,54.10727],[26.49086,54.11862],[26.48076,54.12134],[26.47691,54.1279],[26.46542,54.13271],[26.45999,54.1401],[26.46462,54.15233],[26.44617,54.16733],[26.44616,54.17318]]}},{"type":"Feature","properties":{},"geometry":{"type":"LineString","coordinates":[[27.0373,53.58825],[26.96188,53.55198],[26.86626,53.5306],[26.84713,53.52945],[26.80669,53.53621],[26.78341,53.5361],[26.73049,53.52725],[26.67963,53.51363],[26.63409,53.48621],[26.60064,53.45314],[26.57819,53.4227],[26.56893,53.4142],[26.41643,53.32715],[26.3822,53.30432],[26.33331,53.28744],[26.29295,53.26876],[26.2353,53.25529],[26.1832,53.23782],[26.14894,53.21953],[26.11169,53.20833],[26.07861,53.19323]]}},{"type":"Feature","properties":{},"geometry":{"type":"LineString","coordinates":[[26.07861,53.19323],[26.08126,53.1963],[26.0859,53.19313]]}},{"type":"Feature","properties":{},"geometry":{"type":"LineString","coordinates":[[26.0859,53.19313],[26.08684,53.19233]]}},{"type":"Feature","properties":{},"geometry":{"type":"LineString","coordinates":[[26.08695,53.19239],[26.0859,53.19313]]}},{"type":"Feature","properties":{},"geometry":{"type":"LineString","coordinates":[[26.08695,53.19239],[26.08684,53.19233]]}},{"type":"Feature","properties":{},"geometry":{"type":"LineString","coordinates":[[26.08684,53.19233],[26.08781,53.19159]]}},{"type":"Feature","properties":{},"geometry":{"type":"LineString","coordinates":[[26.51367,53.3594],[26.32846,53.26601],[26.24559,53.24068],[26.12014,53.20968],[26.08695,53.19239]]}},{"type":"Feature","properties":{},"geometry":{"type":"LineString","coordinates":[[26.08781,53.19159],[26.08695,53.19239]]}},{"type":"Feature","properties":{},"geometry":{"type":"LineString","coordinates":[[26.08781,53.19159],[26.10372,53.173],[26.0967,53.14985],[26.11182,53.13912]]}},{"type":"Feature","properties":{},"geometry":{"type":"LineString","coordinates":[[26.87519,55.1024],[26.88184,55.06473],[26.90758,55.04334],[26.93997,55.0258]]}},{"type":"Feature","properties":{},"geometry":{"type":"LineString","coordinates":[[27.65053,55.62745],[27.63701,55.63382],[27.61063,55.63644],[27.58891,55.62983],[27.57721,55.61679],[27.46581,55.59479],[27.41569,55.60057],[27.39238,55.62022],[27.38881,55.62829],[27.37155,55.63362],[27.33292,55.62078],[27.28897,55.621],[27.27692,55.61787],[27.19205,55.61989],[27.18125,55.61585],[27.15544,55.61393],[27.12889,55.61848],[27.11227,55.61819]]}},{"type":"Feature","properties":{},"geometry":{"type":"LineString","coordinates":[[27.45772,55.37025],[27.43451,55.38395],[27.39611,55.38909],[27.36625,55.39907],[27.31456,55.4108],[27.31026,55.41688],[27.29605,55.42386],[27.22086,55.45145],[27.18154,55.4775],[27.15868,55.48314],[27.1407,55.51521],[27.11348,55.5368],[27.11498,55.55975],[27.11218,55.56938],[27.12539,55.60424],[27.11227,55.61819]]}},{"type":"Feature","properties":{},"geometry":{"type":"LineString","coordinates":[[26.64029,53.22909],[26.5634,53.21032],[26.5042,53.20055],[26.47729,53.20876],[26.41298,53.22155],[26.38337,53.21377],[26.3346,53.20977],[26.32178,53.20579],[26.2971,53.20363],[26.26201,53.17696],[26.21772,53.15764],[26.18898,53.15408],[26.18044,53.15097],[26.16441,53.15438],[26.13263,53.15137],[26.11182,53.13912]]}},{"type":"Feature","properties":{},"geometry":{"type":"LineString","coordinates":[[26.11182,53.13912],[26.115,53.13443],[26.11218,53.12057],[26.15591,53.11676],[26.1747,53.10849],[26.21949,53.06493],[26.23561,53.0472],[26.24188,53.03542]]}},{"type":"Feature","properties":{},"geometry":{"type":"LineString","coordinates":[[26.48955,54.09227],[26.48873,54.09247]]}},{"type":"Feature","properties":{},"geometry":{"type":"LineString","coordinates":[[26.48939,54.09293],[26.48873,54.09247]]}},{"type":"Feature","properties":{},"geometry":{"type":"LineString","coordinates":[[26.48873,54.09247],[26.48863,54.09126]]}},{"type":"Feature","properties":{},"geometry":{"type":"LineString","coordinates":[[26.48863,54.09126],[26.48928,54.09074]]}},{"type":"Feature","properties":{},"geometry":{"type":"LineString","coordinates":[[26.48863,54.09126],[26.48966,54.09147]]}},{"type":"Feature","properties":{},"geometry":{"type":"LineString","coordinates":[[26.50112,54.10648],[26.48939,54.09293]]}},{"type":"Feature","properties":{},"geometry":{"type":"LineString","coordinates":[[26.48955,54.09227],[26.48939,54.09293]]}},{"type":"Feature","properties":{},"geometry":{"type":"LineString","coordinates":[[26.48966,54.09147],[26.48955,54.09227]]}},{"type":"Feature","properties":{},"geometry":{"type":"LineString","coordinates":[[26.48928,54.09074],[26.48966,54.09147]]}},{"type":"Feature","properties":{},"geometry":{"type":"LineString","coordinates":[[26.48928,54.09074],[26.49593,54.07019],[26.50388,54.0635]]}},{"type":"Feature","properties":{},"geometry":{"type":"LineString","coordinates":[[26.50112,54.10648],[26.50174,54.10727]]}},{"type":"Feature","properties":{},"geometry":{"type":"LineString","coordinates":[[26.50174,54.10727],[26.50112,54.10648]]}},{"type":"Feature","properties":{},"geometry":{"type":"LineString","coordinates":[[26.93997,55.0258],[26.88108,55.01175]]}},{"type":"Feature","properties":{},"geometry":{"type":"LineString","coordinates":[[26.88143,55.01123],[26.88108,55.01175]]}},{"type":"Feature","properties":{},"geometry":{"type":"LineString","coordinates":[[26.88144,55.01115],[26.88725,54.98894],[26.90044,54.97948],[26.89643,54.9685],[26.91144,54.93918],[26.90339,54.92036],[26.90685,54.91356],[26.90241,54.90423],[26.91593,54.88622]]}},{"type":"Feature","properties":{},"geometry":{"type":"LineString","coordinates":[[26.50388,54.0635],[26.50029,54.06217],[26.50445,54.06221]]}},{"type":"Feature","properties":{},"geometry":{"type":"LineString","coordinates":[[26.50388,54.0635],[26.50402,54.06339]]}},{"type":"Feature","properties":{},"geometry":{"type":"LineString","coordinates":[[27.66989,55.11787],[27.6566,55.11411],[27.6168,55.11062],[27.51648,55.0951],[27.39506,55.07028],[27.23688,55.061],[27.18753,55.06425],[27.15207,55.06157],[27.08438,55.04834],[27.0128,55.03952],[26.93997,55.0258]]}},{"type":"Feature","properties":{},"geometry":{"type":"LineString","coordinates":[[26.83157,54.30672],[26.82869,54.29781],[26.8237,54.29552],[26.81208,54.27866],[26.79667,54.26926],[26.77074,54.23735],[26.75434,54.22762],[26.73512,54.22564],[26.71903,54.22675],[26.68381,54.22173],[26.6495,54.21995],[26.64653,54.20399],[26.63131,54.16299],[26.62711,54.13265],[26.57167,54.11373],[26.53581,54.08698],[26.56557,54.05321],[26.56196,54.04688],[26.56531,54.04599]]}},{"type":"Feature","properties":{},"geometry":{"type":"LineString","coordinates":[[26.94107,54.87692],[26.93661,54.88521],[26.91593,54.88622]]}},{"type":"Feature","properties":{},"geometry":{"type":"LineString","coordinates":[[26.94107,54.87692],[26.95838,54.88431],[26.9828,54.88968],[27.00138,54.89736],[27.02987,54.9052],[27.04049,54.91547],[27.05638,54.92215],[27.10297,54.92432],[27.16899,54.93496],[27.18518,54.93332],[27.21217,54.92546],[27.2633,54.92375],[27.27021,54.92159],[27.32984,54.92052],[27.36027,54.92394],[27.36748,54.92773],[27.402,54.91263],[27.43566,54.88784],[27.4856,54.89816],[27.51067,54.90739],[27.53322,54.90847],[27.56379,54.90071],[27.57624,54.89122],[27.58028,54.87974],[27.59128,54.87497],[27.60712,54.87855],[27.62894,54.87764],[27.65045,54.88442],[27.68471,54.88609],[27.69593,54.88247],[27.71063,54.88294],[27.73706,54.89136]]}},{"type":"Feature","properties":{},"geometry":{"type":"LineString","coordinates":[[26.94179,54.82807],[26.92632,54.84314],[26.92348,54.8565],[26.93198,54.86068],[26.94107,54.87692]]}},{"type":"Feature","properties":{},"geometry":{"type":"LineString","coordinates":[[26.94909,54.77268],[26.95322,54.78279],[26.94165,54.79746],[26.94179,54.82807]]}},{"type":"Feature","properties":{},"geometry":{"type":"LineString","coordinates":[[27.19389,54.58879],[27.16727,54.62626],[27.17468,54.65455],[27.15355,54.67891],[27.15159,54.68565],[27.15542,54.69588],[27.14249,54.71383],[27.1397,54.72874],[27.13428,54.73649],[27.10885,54.75285],[27.09687,54.76479],[27.04065,54.78125],[27.0339,54.78665],[26.94179,54.82807]]}},{"type":"Feature","properties":{},"geometry":{"type":"LineString","coordinates":[[26.24188,53.03542],[26.24177,53.0348]]}},{"type":"Feature","properties":{},"geometry":{"type":"LineString","coordinates":[[26.24257,53.03493],[26.24188,53.03542]]}},{"type":"Feature","properties":{},"geometry":{"type":"LineString","coordinates":[[26.24257,53.03493],[26.24177,53.0348]]}},{"type":"Feature","properties":{},"geometry":{"type":"LineString","coordinates":[[26.24177,53.0348],[26.24217,53.03437]]}},{"type":"Feature","properties":{},"geometry":{"type":"LineString","coordinates":[[26.24217,53.03437],[26.24263,53.03401]]}},{"type":"Feature","properties":{},"geometry":{"type":"LineString","coordinates":[[26.24217,53.03437],[26.24271,53.03452]]}},{"type":"Feature","properties":{},"geometry":{"type":"LineString","coordinates":[[26.24271,53.03452],[26.24257,53.03493]]}},{"type":"Feature","properties":{},"geometry":{"type":"LineString","coordinates":[[26.24263,53.03401],[26.24271,53.03452]]}},{"type":"Feature","properties":{},"geometry":{"type":"LineString","coordinates":[[26.24263,53.03401],[26.27175,53.02001],[26.27931,52.99797],[26.31134,52.98367],[26.31917,52.97604],[26.3431,52.96438],[26.34815,52.95815]]}},{"type":"Feature","properties":{},"geometry":{"type":"LineString","coordinates":[[26.94848,54.77219],[26.94772,54.772]]}},{"type":"Feature","properties":{},"geometry":{"type":"LineString","coordinates":[[26.94772,54.772],[26.94841,54.77188]]}},{"type":"Feature","properties":{},"geometry":{"type":"LineString","coordinates":[[26.94853,54.77221],[26.94848,54.77219]]}},{"type":"Feature","properties":{},"geometry":{"type":"LineString","coordinates":[[26.94848,54.77219],[26.94841,54.77188]]}},{"type":"Feature","properties":{},"geometry":{"type":"LineString","coordinates":[[26.94907,54.77215],[26.94853,54.77221]]}},{"type":"Feature","properties":{},"geometry":{"type":"LineString","coordinates":[[26.94909,54.77268],[26.94853,54.77221]]}},{"type":"Feature","properties":{},"geometry":{"type":"LineString","coordinates":[[26.94841,54.77188],[26.94844,54.77186]]}},{"type":"Feature","properties":{},"geometry":{"type":"LineString","coordinates":[[26.94844,54.77186],[26.94836,54.77134]]}},{"type":"Feature","properties":{},"geometry":{"type":"LineString","coordinates":[[26.94844,54.77186],[26.94891,54.7718]]}},{"type":"Feature","properties":{},"geometry":{"type":"LineString","coordinates":[[26.94836,54.77134],[26.94891,54.7718]]}},{"type":"Feature","properties":{},"geometry":{"type":"LineString","coordinates":[[26.86902,54.52624],[26.85559,54.5706],[26.87214,54.5838],[26.87617,54.59301],[26.89792,54.61416],[26.91365,54.63488],[26.91241,54.64807],[26.92312,54.69028],[26.93333,54.70603],[26.93487,54.71914],[26.94996,54.75092],[26.94836,54.77134]]}},{"type":"Feature","properties":{},"geometry":{"type":"LineString","coordinates":[[26.94907,54.77215],[26.94909,54.77268]]}},{"type":"Feature","properties":{},"geometry":{"type":"LineString","coordinates":[[26.94891,54.7718],[26.94907,54.77215]]}},{"type":"Feature","properties":{},"geometry":{"type":"LineString","coordinates":[[26.44642,52.7436],[26.4113,52.73612],[26.40464,52.73673],[26.37704,52.72534],[26.3706,52.71864],[26.36488,52.70123],[26.321,52.66224],[26.31512,52.63633],[26.30675,52.62938],[26.30726,52.61193],[26.36217,52.56357],[26.36492,52.53962],[26.36254,52.53201],[26.3521,52.5181],[26.31886,52.50066],[26.30593,52.47487],[26.28503,52.45888],[26.26405,52.45156],[26.24272,52.39733],[26.1591,52.36732],[26.14696,52.36631],[26.0479,52.3424],[26.00103,52.33865],[26.00074,52.33685],[25.98981,52.33447]]}},{"type":"Feature","properties":{},"geometry":{"type":"LineString","coordinates":[[25.99327,52.26154],[25.98981,52.33447]]}},{"type":"Feature","properties":{},"geometry":{"type":"LineString","coordinates":[[26.14928,52.07408],[26.13273,52.0631],[26.12075,52.06066],[26.10117,52.04725],[26.09541,52.0418],[26.08645,52.02454],[26.06382,52.02036],[26.0189,51.9957],[26.00568,51.99213],[25.97182,51.97552],[25.95981,51.96164],[25.95574,51.95169],[25.9359,51.94835],[25.91525,51.94113],[25.89304,51.94013],[25.86826,51.93331],[25.84336,51.9332],[25.84513,51.92794]]}},{"type":"Feature","properties":{},"geometry":{"type":"LineString","coordinates":[[25.84513,51.92794],[25.84495,51.92634]]}},{"type":"Feature","properties":{},"geometry":{"type":"LineString","coordinates":[[25.84495,51.92634],[25.84513,51.92794]]}},{"type":"Feature","properties":{},"geometry":{"type":"LineString","coordinates":[[25.84466,51.92382],[25.84495,51.92634]]}},{"type":"Feature","properties":{},"geometry":{"type":"LineString","coordinates":[[25.84466,51.92382],[25.84445,51.92211]]}},{"type":"Feature","properties":{},"geometry":{"type":"LineString","coordinates":[[25.84445,51.92211],[25.84466,51.92382]]}},{"type":"Feature","properties":{},"geometry":{"type":"LineString","coordinates":[[25.84432,51.91999],[25.84445,51.92211]]}},{"type":"Feature","properties":{},"geometry":{"type":"LineString","coordinates":[[26.66795,54.04089],[26.68413,54.03335],[26.68526,54.02019],[26.69783,54.00916],[26.70343,53.99913],[26.72947,53.9899],[26.72832,53.97731],[26.73841,53.96088],[26.73245,53.94761],[26.73266,53.93469],[26.72909,53.92642],[26.74059,53.91345],[26.74094,53.90774],[26.73417,53.8962],[26.74247,53.88739],[26.74502,53.87838],[26.72044,53.86081],[26.65226,53.78099],[26.61171,53.74846],[26.59586,53.74087],[26.58767,53.73974],[26.56976,53.72763],[26.55864,53.71498],[26.57304,53.69463],[26.60576,53.67735],[26.6593,53.66724],[26.67852,53.65227],[26.67584,53.64008],[26.66328,53.61722],[26.67045,53.59319],[26.68678,53.57949],[26.68046,53.569],[26.68073,53.5499],[26.67398,53.53998],[26.70045,53.50641],[26.7091,53.49045],[26.71933,53.48072]]}},{"type":"Feature","properties":{},"geometry":{"type":"LineString","coordinates":[[26.85401,54.49067],[26.85521,54.49052]]}},{"type":"Feature","properties":{},"geometry":{"type":"LineString","coordinates":[[26.85507,54.4912],[26.85401,54.49067]]}},{"type":"Feature","properties":{},"geometry":{"type":"LineString","coordinates":[[26.85568,54.49196],[26.86028,54.51334],[26.86902,54.52624]]}},{"type":"Feature","properties":{},"geometry":{"type":"LineString","coordinates":[[26.88909,54.51392],[26.86902,54.52624]]}},{"type":"Feature","properties":{},"geometry":{"type":"LineString","coordinates":[[26.85511,54.49123],[26.85507,54.4912]]}},{"type":"Feature","properties":{},"geometry":{"type":"LineString","coordinates":[[26.85507,54.4912],[26.85521,54.49052]]}},{"type":"Feature","properties":{},"geometry":{"type":"LineString","coordinates":[[26.85639,54.49125],[26.85511,54.49123]]}},{"type":"Feature","properties":{},"geometry":{"type":"LineString","coordinates":[[26.85568,54.49196],[26.85511,54.49123]]}},{"type":"Feature","properties":{},"geometry":{"type":"LineString","coordinates":[[26.85639,54.49125],[26.85568,54.49196]]}},{"type":"Feature","properties":{},"geometry":{"type":"LineString","coordinates":[[26.85521,54.49052],[26.85527,54.49049]]}},{"type":"Feature","properties":{},"geometry":{"type":"LineString","coordinates":[[26.85527,54.49049],[26.85589,54.48993]]}},{"type":"Feature","properties":{},"geometry":{"type":"LineString","coordinates":[[26.85527,54.49049],[26.85632,54.49052]]}},{"type":"Feature","properties":{},"geometry":{"type":"LineString","coordinates":[[26.85632,54.49052],[26.85639,54.49125]]}},{"type":"Feature","properties":{},"geometry":{"type":"LineString","coordinates":[[26.85589,54.48993],[26.85632,54.49052]]}},{"type":"Feature","properties":{},"geometry":{"type":"LineString","coordinates":[[26.87105,54.33035],[26.86471,54.33956],[26.85404,54.41387],[26.86605,54.42445],[26.87353,54.44194],[26.86162,54.46109],[26.85589,54.48993]]}},{"type":"Feature","properties":{},"geometry":{"type":"LineString","coordinates":[[26.63334,53.06746],[26.62843,53.06638],[26.61872,53.07421],[26.5885,53.07172],[26.56069,53.06653],[26.49269,53.07884],[26.4527,53.07528],[26.44769,53.07448],[26.44698,53.06746],[26.41437,53.06203],[26.39381,53.06275],[26.35515,53.0576],[26.33856,53.05101],[26.28683,53.04554],[26.28387,53.04447],[26.27823,53.03297],[26.26853,53.0319],[26.27221,53.02027]]}},{"type":"Feature","properties":{},"geometry":{"type":"LineString","coordinates":[[25.98719,52.2478],[25.99327,52.26154]]}},{"type":"Feature","properties":{},"geometry":{"type":"LineString","coordinates":[[25.99327,52.26154],[25.98672,52.25137],[25.98719,52.2478]]}},{"type":"Feature","properties":{},"geometry":{"type":"LineString","coordinates":[[26.09682,52.1367],[26.08733,52.17689],[26.07032,52.19487],[26.00797,52.23739],[25.98719,52.2478]]}},{"type":"Feature","properties":{},"geometry":{"type":"LineString","coordinates":[[26.88909,54.51392],[26.88919,54.51375]]}},{"type":"Feature","properties":{},"geometry":{"type":"LineString","coordinates":[[26.88938,54.51387],[26.88909,54.51392]]}},{"type":"Feature","properties":{},"geometry":{"type":"LineString","coordinates":[[26.88938,54.51387],[26.88919,54.51375]]}},{"type":"Feature","properties":{},"geometry":{"type":"LineString","coordinates":[[26.88919,54.51375],[26.88956,54.51374]]}},{"type":"Feature","properties":{},"geometry":{"type":"LineString","coordinates":[[26.88944,54.51386],[26.88938,54.51387]]}},{"type":"Feature","properties":{},"geometry":{"type":"LineString","coordinates":[[26.88972,54.51389],[26.88944,54.51386]]}},{"type":"Feature","properties":{},"geometry":{"type":"LineString","coordinates":[[26.88956,54.51374],[26.88944,54.51386]]}},{"type":"Feature","properties":{},"geometry":{"type":"LineString","coordinates":[[26.88956,54.51374],[26.88972,54.51389]]}},{"type":"Feature","properties":{},"geometry":{"type":"LineString","coordinates":[[26.88972,54.51389],[26.89927,54.51767],[26.92917,54.51447],[26.93596,54.52417]]}},{"type":"Feature","properties":{},"geometry":{"type":"LineString","coordinates":[[26.47735,53.44151],[26.47711,53.44138]]}},{"type":"Feature","properties":{},"geometry":{"type":"LineString","coordinates":[[26.47711,53.44138],[26.47741,53.44134]]}},{"type":"Feature","properties":{},"geometry":{"type":"LineString","coordinates":[[26.47794,53.44161],[26.47735,53.44151]]}},{"type":"Feature","properties":{},"geometry":{"type":"LineString","coordinates":[[26.47735,53.44151],[26.47741,53.44134]]}},{"type":"Feature","properties":{},"geometry":{"type":"LineString","coordinates":[[26.47741,53.44134],[26.47774,53.44126]]}},{"type":"Feature","properties":{},"geometry":{"type":"LineString","coordinates":[[26.47774,53.44126],[26.47795,53.44133]]}},{"type":"Feature","properties":{},"geometry":{"type":"LineString","coordinates":[[26.47774,53.44126],[26.47795,53.44114]]}},{"type":"Feature","properties":{},"geometry":{"type":"LineString","coordinates":[[26.47821,53.44162],[26.47794,53.44161]]}},{"type":"Feature","properties":{},"geometry":{"type":"LineString","coordinates":[[26.47803,53.44149],[26.47794,53.44161]]}},{"type":"Feature","properties":{},"geometry":{"type":"LineString","coordinates":[[26.47795,53.44133],[26.47803,53.44149]]}},{"type":"Feature","properties":{},"geometry":{"type":"LineString","coordinates":[[26.47795,53.44114],[26.47795,53.44133]]}},{"type":"Feature","properties":{},"geometry":{"type":"LineString","coordinates":[[26.47803,53.44149],[26.47821,53.44162]]}},{"type":"Feature","properties":{},"geometry":{"type":"LineString","coordinates":[[26.47795,53.44114],[26.51032,53.38004],[26.51415,53.36033]]}},{"type":"Feature","properties":{},"geometry":{"type":"LineString","coordinates":[[26.47821,53.44162],[26.4924,53.44898],[26.52751,53.44152],[26.66983,53.44855]]}},{"type":"Feature","properties":{},"geometry":{"type":"LineString","coordinates":[[26.83157,54.30672],[26.83869,54.30525],[26.84431,54.31014],[26.86762,54.31762]]}},{"type":"Feature","properties":{},"geometry":{"type":"LineString","coordinates":[[27.19389,54.58879],[27.13591,54.59362],[27.08928,54.58102],[27.07362,54.57972],[27.00438,54.5638],[26.97295,54.5592],[26.9628,54.55419],[26.9625,54.54202],[26.94407,54.53144],[26.93596,54.52417]]}},{"type":"Feature","properties":{},"geometry":{"type":"LineString","coordinates":[[26.93596,54.52417],[26.9643,54.52245],[26.99419,54.51322]]}},{"type":"Feature","properties":{},"geometry":{"type":"LineString","coordinates":[[26.01955,52.16788],[26.0997,52.19069],[26.13328,52.22293],[26.14563,52.22894],[26.39049,52.27525],[26.40008,52.27894],[26.42156,52.29302],[26.43177,52.29638],[26.58029,52.31774],[26.63891,52.31578],[26.82919,52.2801]]}},{"type":"Feature","properties":{},"geometry":{"type":"LineString","coordinates":[[26.01955,52.16788],[26.02047,52.15423],[26.00859,52.13284]]}},{"type":"Feature","properties":{},"geometry":{"type":"LineString","coordinates":[[26.00859,52.13284],[26.06401,52.13474]]}},{"type":"Feature","properties":{},"geometry":{"type":"LineString","coordinates":[[26.00859,52.13284],[26.01142,52.1185],[26.02235,52.11943],[26.05472,52.11277]]}},{"type":"Feature","properties":{},"geometry":{"type":"LineString","coordinates":[[26.86762,54.31762],[26.87105,54.33035]]}},{"type":"Feature","properties":{},"geometry":{"type":"LineString","coordinates":[[26.87355,54.32579],[26.87105,54.33035]]}},{"type":"Feature","properties":{},"geometry":{"type":"LineString","coordinates":[[26.86762,54.31762],[26.87196,54.31776]]}},{"type":"Feature","properties":{},"geometry":{"type":"LineString","coordinates":[[26.87355,54.32579],[26.87202,54.31906]]}},{"type":"Feature","properties":{},"geometry":{"type":"LineString","coordinates":[[26.87202,54.31906],[26.87355,54.32579]]}},{"type":"Feature","properties":{},"geometry":{"type":"LineString","coordinates":[[26.87196,54.31776],[26.87202,54.31906]]}},{"type":"Feature","properties":{},"geometry":{"type":"LineString","coordinates":[[26.92384,54.29574],[26.91243,54.30399],[26.87196,54.31776]]}},{"type":"Feature","properties":{},"geometry":{"type":"LineString","coordinates":[[26.4746,52.96333],[26.34815,52.95815]]}},{"type":"Feature","properties":{},"geometry":{"type":"LineString","coordinates":[[26.51367,53.3594],[26.51418,53.35957]]}},{"type":"Feature","properties":{},"geometry":{"type":"LineString","coordinates":[[26.51402,53.35972],[26.51367,53.3594]]}},{"type":"Feature","properties":{},"geometry":{"type":"LineString","coordinates":[[26.51415,53.36033],[26.5141,53.35987]]}},{"type":"Feature","properties":{},"geometry":{"type":"LineString","coordinates":[[26.51442,53.35994],[26.51415,53.36033]]}},{"type":"Feature","properties":{},"geometry":{"type":"LineString","coordinates":[[26.5141,53.35987],[26.51402,53.35972]]}},{"type":"Feature","properties":{},"geometry":{"type":"LineString","coordinates":[[26.51402,53.35972],[26.51418,53.35957]]}},{"type":"Feature","properties":{},"geometry":{"type":"LineString","coordinates":[[26.51442,53.35994],[26.5141,53.35987]]}},{"type":"Feature","properties":{},"geometry":{"type":"LineString","coordinates":[[26.51418,53.35957],[26.51425,53.35956]]}},{"type":"Feature","properties":{},"geometry":{"type":"LineString","coordinates":[[26.51425,53.35956],[26.51456,53.35962]]}},{"type":"Feature","properties":{},"geometry":{"type":"LineString","coordinates":[[26.51425,53.35956],[26.51449,53.35922]]}},{"type":"Feature","properties":{},"geometry":{"type":"LineString","coordinates":[[26.51451,53.35991],[26.51442,53.35994]]}},{"type":"Feature","properties":{},"geometry":{"type":"LineString","coordinates":[[26.51495,53.36003],[26.51451,53.35991]]}},{"type":"Feature","properties":{},"geometry":{"type":"LineString","coordinates":[[26.51465,53.35979],[26.51451,53.35991]]}},{"type":"Feature","properties":{},"geometry":{"type":"LineString","coordinates":[[26.51456,53.35962],[26.51465,53.35979]]}},{"type":"Feature","properties":{},"geometry":{"type":"LineString","coordinates":[[26.51449,53.35922],[26.51456,53.35962]]}},{"type":"Feature","properties":{},"geometry":{"type":"LineString","coordinates":[[26.51465,53.35979],[26.51495,53.36003]]}},{"type":"Feature","properties":{},"geometry":{"type":"LineString","coordinates":[[26.51449,53.35922],[26.52155,53.33645]]}},{"type":"Feature","properties":{},"geometry":{"type":"LineString","coordinates":[[26.66983,53.44855],[26.59802,53.40202],[26.51495,53.36003]]}},{"type":"Feature","properties":{},"geometry":{"type":"LineString","coordinates":[[26.9951,54.51341],[26.99419,54.51322]]}},{"type":"Feature","properties":{},"geometry":{"type":"LineString","coordinates":[[26.99419,54.51322],[26.99481,54.51294]]}},{"type":"Feature","properties":{},"geometry":{"type":"LineString","coordinates":[[26.9951,54.51341],[26.99481,54.51294]]}},{"type":"Feature","properties":{},"geometry":{"type":"LineString","coordinates":[[26.99481,54.51294],[26.99652,54.51277]]}},{"type":"Feature","properties":{},"geometry":{"type":"LineString","coordinates":[[26.99649,54.51332],[26.9951,54.51341]]}},{"type":"Feature","properties":{},"geometry":{"type":"LineString","coordinates":[[26.99652,54.51277],[26.99649,54.51332]]}},{"type":"Feature","properties":{},"geometry":{"type":"LineString","coordinates":[[26.99747,54.51322],[26.99649,54.51332]]}},{"type":"Feature","properties":{},"geometry":{"type":"LineString","coordinates":[[26.99652,54.51277],[26.99747,54.51322]]}},{"type":"Feature","properties":{},"geometry":{"type":"LineString","coordinates":[[27.22071,54.51082],[27.21198,54.51228],[27.18402,54.50512],[27.16613,54.50434],[27.1444,54.49642],[27.12536,54.49894],[27.0886,54.49928],[27.03085,54.5174],[27.01785,54.51735],[26.99747,54.51322]]}},{"type":"Feature","properties":{},"geometry":{"type":"LineString","coordinates":[[26.06364,52.11255],[26.05472,52.11277]]}},{"type":"Feature","properties":{},"geometry":{"type":"LineString","coordinates":[[26.05472,52.11277],[26.06364,52.11255]]}},{"type":"Feature","properties":{},"geometry":{"type":"LineString","coordinates":[[26.52155,53.33645],[26.52156,53.3359]]}},{"type":"Feature","properties":{},"geometry":{"type":"LineString","coordinates":[[26.52215,53.33604],[26.52155,53.33645]]}},{"type":"Feature","properties":{},"geometry":{"type":"LineString","coordinates":[[26.52215,53.33604],[26.52156,53.3359]]}},{"type":"Feature","properties":{},"geometry":{"type":"LineString","coordinates":[[26.52156,53.3359],[26.52242,53.33521]]}},{"type":"Feature","properties":{},"geometry":{"type":"LineString","coordinates":[[26.5227,53.33544],[26.52215,53.33604]]}},{"type":"Feature","properties":{},"geometry":{"type":"LineString","coordinates":[[26.0786,52.13478],[26.06401,52.13474]]}},{"type":"Feature","properties":{},"geometry":{"type":"LineString","coordinates":[[26.06401,52.13474],[26.07855,52.13465]]}},{"type":"Feature","properties":{},"geometry":{"type":"LineString","coordinates":[[26.52242,53.33521],[26.5227,53.33544]]}},{"type":"Feature","properties":{},"geometry":{"type":"LineString","coordinates":[[26.52242,53.33521],[26.52286,53.33498]]}},{"type":"Feature","properties":{},"geometry":{"type":"LineString","coordinates":[[26.52286,53.33498],[26.5227,53.33544]]}},{"type":"Feature","properties":{},"geometry":{"type":"LineString","coordinates":[[26.52286,53.33498],[26.54333,53.33257],[26.54907,53.32932],[26.57479,53.30225],[26.57511,53.29458]]}},{"type":"Feature","properties":{},"geometry":{"type":"LineString","coordinates":[[26.07885,52.1126],[26.06364,52.11255]]}},{"type":"Feature","properties":{},"geometry":{"type":"LineString","coordinates":[[26.92384,54.29574],[26.92387,54.29525]]}},{"type":"Feature","properties":{},"geometry":{"type":"LineString","coordinates":[[26.92467,54.29533],[26.92384,54.29574]]}},{"type":"Feature","properties":{},"geometry":{"type":"LineString","coordinates":[[26.92467,54.29533],[26.92387,54.29525]]}},{"type":"Feature","properties":{},"geometry":{"type":"LineString","coordinates":[[26.92387,54.29525],[26.92473,54.29432]]}},{"type":"Feature","properties":{},"geometry":{"type":"LineString","coordinates":[[26.92523,54.29459],[26.92467,54.29533]]}},{"type":"Feature","properties":{},"geometry":{"type":"LineString","coordinates":[[26.07855,52.13465],[26.0786,52.13478]]}},{"type":"Feature","properties":{},"geometry":{"type":"LineString","coordinates":[[26.07855,52.13465],[26.07929,52.13465]]}},{"type":"Feature","properties":{},"geometry":{"type":"LineString","coordinates":[[26.0793,52.13478],[26.0786,52.13478]]}},{"type":"Feature","properties":{},"geometry":{"type":"LineString","coordinates":[[26.92473,54.29432],[26.92523,54.29459]]}},{"type":"Feature","properties":{},"geometry":{"type":"LineString","coordinates":[[26.92473,54.29432],[26.9258,54.29411]]}},{"type":"Feature","properties":{},"geometry":{"type":"LineString","coordinates":[[26.9258,54.29411],[26.92523,54.29459]]}},{"type":"Feature","properties":{},"geometry":{"type":"LineString","coordinates":[[26.09285,52.13585],[26.0793,52.13478]]}},{"type":"Feature","properties":{},"geometry":{"type":"LineString","coordinates":[[26.0793,52.13478],[26.07929,52.13465]]}},{"type":"Feature","properties":{},"geometry":{"type":"LineString","coordinates":[[26.07929,52.13465],[26.09285,52.13585]]}},{"type":"Feature","properties":{},"geometry":{"type":"LineString","coordinates":[[27.21688,54.16886],[27.15232,54.21213],[27.11219,54.21739],[27.08314,54.23118],[27.07794,54.2383],[27.0772,54.25129],[27.03624,54.27577],[26.9521,54.2851],[26.9258,54.29411]]}},{"type":"Feature","properties":{},"geometry":{"type":"LineString","coordinates":[[26.0814,52.11249],[26.07885,52.1126]]}},{"type":"Feature","properties":{},"geometry":{"type":"LineString","coordinates":[[26.07885,52.1126],[26.0814,52.11249]]}},{"type":"Feature","properties":{},"geometry":{"type":"LineString","coordinates":[[26.0814,52.11249],[26.09644,52.1119]]}},{"type":"Feature","properties":{},"geometry":{"type":"LineString","coordinates":[[26.09285,52.13585],[26.09617,52.13618]]}},{"type":"Feature","properties":{},"geometry":{"type":"LineString","coordinates":[[26.0966,52.1364],[26.09617,52.13618]]}},{"type":"Feature","properties":{},"geometry":{"type":"LineString","coordinates":[[26.09617,52.13618],[26.09668,52.13606]]}},{"type":"Feature","properties":{},"geometry":{"type":"LineString","coordinates":[[26.09666,52.13646],[26.0966,52.1364]]}},{"type":"Feature","properties":{},"geometry":{"type":"LineString","coordinates":[[26.0966,52.1364],[26.09668,52.13606]]}},{"type":"Feature","properties":{},"geometry":{"type":"LineString","coordinates":[[26.09718,52.13651],[26.09666,52.13646]]}},{"type":"Feature","properties":{},"geometry":{"type":"LineString","coordinates":[[26.09682,52.1367],[26.09666,52.13646]]}},{"type":"Feature","properties":{},"geometry":{"type":"LineString","coordinates":[[26.09718,52.13651],[26.09682,52.1367]]}},{"type":"Feature","properties":{},"geometry":{"type":"LineString","coordinates":[[26.09668,52.13606],[26.09673,52.13603]]}},{"type":"Feature","properties":{},"geometry":{"type":"LineString","coordinates":[[26.09673,52.13603],[26.09713,52.13577]]}},{"type":"Feature","properties":{},"geometry":{"type":"LineString","coordinates":[[26.09673,52.13603],[26.09733,52.13608]]}},{"type":"Feature","properties":{},"geometry":{"type":"LineString","coordinates":[[26.09733,52.13608],[26.09718,52.13651]]}},{"type":"Feature","properties":{},"geometry":{"type":"LineString","coordinates":[[26.09713,52.13577],[26.09733,52.13608]]}},{"type":"Feature","properties":{},"geometry":{"type":"LineString","coordinates":[[26.0997,52.12566],[26.09713,52.13577]]}},{"type":"Feature","properties":{},"geometry":{"type":"LineString","coordinates":[[26.0997,52.12566],[26.10298,52.11536]]}},{"type":"Feature","properties":{},"geometry":{"type":"LineString","coordinates":[[26.10312,52.11538],[26.0997,52.12566]]}},{"type":"Feature","properties":{},"geometry":{"type":"LineString","coordinates":[[26.10298,52.11536],[26.09644,52.1119]]}},{"type":"Feature","properties":{},"geometry":{"type":"LineString","coordinates":[[26.09644,52.1119],[26.10377,52.11388]]}},{"type":"Feature","properties":{},"geometry":{"type":"LineString","coordinates":[[26.10312,52.11538],[26.10298,52.11536]]}},{"type":"Feature","properties":{},"geometry":{"type":"LineString","coordinates":[[26.10298,52.11536],[26.10377,52.11388]]}},{"type":"Feature","properties":{},"geometry":{"type":"LineString","coordinates":[[26.10827,52.11618],[26.10312,52.11538]]}},{"type":"Feature","properties":{},"geometry":{"type":"LineString","coordinates":[[26.10389,52.11391],[26.10312,52.11538]]}},{"type":"Feature","properties":{},"geometry":{"type":"LineString","coordinates":[[26.10377,52.11388],[26.10389,52.11391]]}},{"type":"Feature","properties":{},"geometry":{"type":"LineString","coordinates":[[26.10377,52.11388],[26.10483,52.11215]]}},{"type":"Feature","properties":{},"geometry":{"type":"LineString","coordinates":[[26.10389,52.11391],[26.10852,52.11597]]}},{"type":"Feature","properties":{},"geometry":{"type":"LineString","coordinates":[[26.10483,52.11215],[26.10389,52.11391]]}},{"type":"Feature","properties":{},"geometry":{"type":"LineString","coordinates":[[26.10483,52.11215],[26.11461,52.1006],[26.14928,52.07408]]}},{"type":"Feature","properties":{},"geometry":{"type":"LineString","coordinates":[[26.10955,52.11664],[26.10827,52.11618]]}},{"type":"Feature","properties":{},"geometry":{"type":"LineString","coordinates":[[26.10852,52.11597],[26.10827,52.11618]]}},{"type":"Feature","properties":{},"geometry":{"type":"LineString","coordinates":[[26.10852,52.11597],[26.10888,52.11626]]}},{"type":"Feature","properties":{},"geometry":{"type":"LineString","coordinates":[[26.10888,52.11626],[26.10981,52.11631]]}},{"type":"Feature","properties":{},"geometry":{"type":"LineString","coordinates":[[26.10888,52.11626],[26.10955,52.11664]]}},{"type":"Feature","properties":{},"geometry":{"type":"LineString","coordinates":[[26.10981,52.11631],[26.10955,52.11664]]}},{"type":"Feature","properties":{},"geometry":{"type":"LineString","coordinates":[[26.81673,52.25663],[26.80593,52.25898],[26.79705,52.25653],[26.74278,52.27294],[26.69604,52.27923],[26.67155,52.28932],[26.63542,52.29961],[26.56739,52.31006],[26.53207,52.30084],[26.52383,52.29531],[26.45861,52.28594],[26.38901,52.26453],[26.36775,52.25272],[26.32965,52.22613],[26.29566,52.20855],[26.28011,52.19065],[26.27968,52.18356],[26.27234,52.17798],[26.24619,52.17309],[26.17942,52.15124],[26.16703,52.14043],[26.13478,52.12847],[26.10981,52.11631]]}},{"type":"Feature","properties":{},"geometry":{"type":"LineString","coordinates":[[27.62678,55.82039],[27.62897,55.8206]]}},{"type":"Feature","properties":{},"geometry":{"type":"LineString","coordinates":[[27.62678,55.82039],[27.62242,55.81995],[27.62678,55.82039]]}},{"type":"Feature","properties":{},"geometry":{"type":"LineString","coordinates":[[27.62897,55.8206],[27.62747,55.82056]]}},{"type":"Feature","properties":{},"geometry":{"type":"LineString","coordinates":[[27.62747,55.82056],[27.6226,55.82009],[27.62747,55.82056]]}},{"type":"Feature","properties":{},"geometry":{"type":"LineString","coordinates":[[27.62917,55.8206],[27.62897,55.8206]]}},{"type":"Feature","properties":{},"geometry":{"type":"LineString","coordinates":[[27.63129,55.82076],[27.62917,55.8206]]}},{"type":"Feature","properties":{},"geometry":{"type":"LineString","coordinates":[[27.62917,55.8206],[27.63022,55.8206]]}},{"type":"Feature","properties":{},"geometry":{"type":"LineString","coordinates":[[27.63022,55.8206],[27.63548,55.8204]]}},{"type":"Feature","properties":{},"geometry":{"type":"LineString","coordinates":[[27.63022,55.8206],[27.63548,55.8204]]}},{"type":"Feature","properties":{},"geometry":{"type":"LineString","coordinates":[[27.63574,55.82047],[27.63129,55.82076]]}},{"type":"Feature","properties":{},"geometry":{"type":"LineString","coordinates":[[27.63574,55.82047],[27.63129,55.82076]]}},{"type":"Feature","properties":{},"geometry":{"type":"LineString","coordinates":[[27.63548,55.8204],[27.63738,55.82033]]}},{"type":"Feature","properties":{},"geometry":{"type":"LineString","coordinates":[[27.63738,55.82033],[27.63574,55.82047]]}},{"type":"Feature","properties":{},"geometry":{"type":"LineString","coordinates":[[27.9718,55.79192],[27.97417,55.80586],[27.96674,55.81777],[27.91928,55.83813],[27.90374,55.83664],[27.86329,55.83943],[27.82945,55.83593],[27.80804,55.82625],[27.71764,55.82125],[27.67039,55.81572],[27.63738,55.82033]]}},{"type":"Feature","properties":{},"geometry":{"type":"LineString","coordinates":[[26.57511,53.29458],[26.57511,53.29421]]}},{"type":"Feature","properties":{},"geometry":{"type":"LineString","coordinates":[[26.57568,53.29414],[26.57511,53.29458]]}},{"type":"Feature","properties":{},"geometry":{"type":"LineString","coordinates":[[26.57568,53.29414],[26.57511,53.29421]]}},{"type":"Feature","properties":{},"geometry":{"type":"LineString","coordinates":[[26.57511,53.29421],[26.57549,53.29335]]}},{"type":"Feature","properties":{},"geometry":{"type":"LineString","coordinates":[[26.57599,53.29349],[26.57568,53.29414]]}},{"type":"Feature","properties":{},"geometry":{"type":"LineString","coordinates":[[26.57549,53.29335],[26.57628,53.29274]]}},{"type":"Feature","properties":{},"geometry":{"type":"LineString","coordinates":[[26.57549,53.29335],[26.57599,53.29349]]}},{"type":"Feature","properties":{},"geometry":{"type":"LineString","coordinates":[[26.57628,53.29274],[26.57599,53.29349]]}},{"type":"Feature","properties":{},"geometry":{"type":"LineString","coordinates":[[26.57628,53.29274],[26.63285,53.23919]]}},{"type":"Feature","properties":{},"geometry":{"type":"LineString","coordinates":[[27.45772,55.37025],[27.46555,55.37533],[27.47886,55.37483],[27.48163,55.37771]]}},{"type":"Feature","properties":{},"geometry":{"type":"LineString","coordinates":[[27.45772,55.37025],[27.46281,55.36616]]}},{"type":"Feature","properties":{},"geometry":{"type":"LineString","coordinates":[[27.46281,55.36616],[27.46511,55.36497]]}},{"type":"Feature","properties":{},"geometry":{"type":"LineString","coordinates":[[27.46511,55.36497],[27.46281,55.36616]]}},{"type":"Feature","properties":{},"geometry":{"type":"LineString","coordinates":[[27.46619,55.36187],[27.46511,55.36497]]}},{"type":"Feature","properties":{},"geometry":{"type":"LineString","coordinates":[[26.47483,52.96339],[26.4746,52.96333]]}},{"type":"Feature","properties":{},"geometry":{"type":"LineString","coordinates":[[26.4746,52.96333],[26.47485,52.96327]]}},{"type":"Feature","properties":{},"geometry":{"type":"LineString","coordinates":[[26.47492,52.96343],[26.47483,52.96339]]}},{"type":"Feature","properties":{},"geometry":{"type":"LineString","coordinates":[[26.47483,52.96339],[26.47485,52.96327]]}},{"type":"Feature","properties":{},"geometry":{"type":"LineString","coordinates":[[26.47485,52.96327],[26.4749,52.96324]]}},{"type":"Feature","properties":{},"geometry":{"type":"LineString","coordinates":[[26.4751,52.96342],[26.47492,52.96343]]}},{"type":"Feature","properties":{},"geometry":{"type":"LineString","coordinates":[[26.47505,52.96355],[26.47492,52.96343]]}},{"type":"Feature","properties":{},"geometry":{"type":"LineString","coordinates":[[26.4749,52.96324],[26.47507,52.96308]]}},{"type":"Feature","properties":{},"geometry":{"type":"LineString","coordinates":[[26.4749,52.96324],[26.47513,52.96328]]}},{"type":"Feature","properties":{},"geometry":{"type":"LineString","coordinates":[[26.63334,53.06746],[26.63933,53.06379],[26.62121,53.05381],[26.56649,53.03525],[26.51465,53.02118],[26.47505,52.96355]]}},{"type":"Feature","properties":{},"geometry":{"type":"LineString","coordinates":[[26.4751,52.96342],[26.47505,52.96355]]}},{"type":"Feature","properties":{},"geometry":{"type":"LineString","coordinates":[[26.47513,52.9634],[26.4751,52.96342]]}},{"type":"Feature","properties":{},"geometry":{"type":"LineString","coordinates":[[26.47514,52.96328],[26.47513,52.9634]]}},{"type":"Feature","properties":{},"geometry":{"type":"LineString","coordinates":[[26.47549,52.96336],[26.47513,52.9634]]}},{"type":"Feature","properties":{},"geometry":{"type":"LineString","coordinates":[[26.47513,52.96328],[26.47514,52.96328]]}},{"type":"Feature","properties":{},"geometry":{"type":"LineString","coordinates":[[26.47507,52.96308],[26.47513,52.96328]]}},{"type":"Feature","properties":{},"geometry":{"type":"LineString","coordinates":[[26.47514,52.96328],[26.47549,52.96336]]}},{"type":"Feature","properties":{},"geometry":{"type":"LineString","coordinates":[[26.47507,52.96308],[26.47892,52.94275],[26.48888,52.93614],[26.49289,52.9273],[26.49812,52.92457],[26.50759,52.90159],[26.52154,52.89307],[26.54671,52.88546],[26.5457,52.86754],[26.55386,52.84082],[26.55626,52.80631],[26.54691,52.79396],[26.52729,52.77833],[26.50324,52.77062],[26.48457,52.76724],[26.46599,52.74942],[26.45371,52.74855],[26.44642,52.7436]]}},{"type":"Feature","properties":{},"geometry":{"type":"LineString","coordinates":[[27.46619,55.36187],[27.46605,55.35952],[27.47626,55.35931]]}},{"type":"Feature","properties":{},"geometry":{"type":"LineString","coordinates":[[27.47626,55.35931],[27.46619,55.36187]]}},{"type":"Feature","properties":{},"geometry":{"type":"LineString","coordinates":[[27.07838,52.98632],[26.47549,52.96336]]}},{"type":"Feature","properties":{},"geometry":{"type":"LineString","coordinates":[[26.70282,53.46993],[26.66983,53.44855]]}},{"type":"Feature","properties":{},"geometry":{"type":"LineString","coordinates":[[27.68061,55.61677],[27.66018,55.61368],[27.65023,55.60544],[27.62909,55.59689],[27.61609,55.5994],[27.60383,55.59258],[27.58902,55.59212],[27.57971,55.58687],[27.55406,55.58061],[27.53982,55.55761],[27.5413,55.54982],[27.51825,55.53491],[27.51689,55.52932],[27.50943,55.52268],[27.51286,55.51451],[27.51055,55.50984],[27.47891,55.4944],[27.48203,55.48182],[27.49148,55.46941],[27.48379,55.45656],[27.48629,55.44679],[27.44871,55.43939],[27.43781,55.42669],[27.46394,55.3927],[27.48134,55.38334],[27.48163,55.37771]]}},{"type":"Feature","properties":{},"geometry":{"type":"LineString","coordinates":[[27.48343,55.35576],[27.50126,55.35823],[27.50279,55.37377],[27.49205,55.38087],[27.48796,55.37721],[27.48163,55.37771]]}},{"type":"Feature","properties":{},"geometry":{"type":"LineString","coordinates":[[27.48343,55.35576],[27.47626,55.35931]]}},{"type":"Feature","properties":{},"geometry":{"type":"LineString","coordinates":[[26.14928,52.07408],[26.16912,52.07307],[26.19477,52.06481],[26.20766,52.06443],[26.21304,52.05751],[26.23905,52.0474],[26.27236,52.04185],[26.3124,52.04342],[26.3199,52.04163],[26.34165,52.01639],[26.38135,51.99048],[26.39937,51.95726],[26.41134,51.94835],[26.48186,51.94619],[26.51516,51.9513],[26.54533,51.95183],[26.6477,51.93258],[26.69214,51.91044],[26.77986,51.90705],[26.81927,51.89724],[26.84275,51.88575]]}},{"type":"Feature","properties":{},"geometry":{"type":"LineString","coordinates":[[27.65724,55.17541],[27.64393,55.18481],[27.62869,55.20228],[27.60559,55.21376],[27.59118,55.21712],[27.53393,55.25743],[27.51712,55.28457],[27.49046,55.304],[27.4861,55.32127],[27.4877,55.34744],[27.48343,55.35576]]}},{"type":"Feature","properties":{},"geometry":{"type":"LineString","coordinates":[[26.70282,53.46993],[26.71795,53.47966]]}},{"type":"Feature","properties":{},"geometry":{"type":"LineString","coordinates":[[26.71777,53.47976],[26.70282,53.46993]]}},{"type":"Feature","properties":{},"geometry":{"type":"LineString","coordinates":[[26.71933,53.48072],[26.71777,53.47976]]}},{"type":"Feature","properties":{},"geometry":{"type":"LineString","coordinates":[[26.71777,53.47976],[26.71795,53.47966]]}},{"type":"Feature","properties":{},"geometry":{"type":"LineString","coordinates":[[26.71795,53.47966],[26.71945,53.48062]]}},{"type":"Feature","properties":{},"geometry":{"type":"LineString","coordinates":[[26.71795,53.47966],[26.73437,53.47441]]}},{"type":"Feature","properties":{},"geometry":{"type":"LineString","coordinates":[[26.72077,53.4815],[26.71933,53.48072]]}},{"type":"Feature","properties":{},"geometry":{"type":"LineString","coordinates":[[26.71933,53.48072],[26.71945,53.48062]]}},{"type":"Feature","properties":{},"geometry":{"type":"LineString","coordinates":[[26.71945,53.48062],[26.72077,53.4815]]}},{"type":"Feature","properties":{},"geometry":{"type":"LineString","coordinates":[[26.73437,53.47441],[26.71945,53.48062]]}},{"type":"Feature","properties":{},"geometry":{"type":"LineString","coordinates":[[26.73548,53.491],[26.72077,53.4815]]}},{"type":"Feature","properties":{},"geometry":{"type":"LineString","coordinates":[[26.63285,53.23919],[26.63329,53.23854]]}},{"type":"Feature","properties":{},"geometry":{"type":"LineString","coordinates":[[26.63375,53.23894],[26.63285,53.23919]]}},{"type":"Feature","properties":{},"geometry":{"type":"LineString","coordinates":[[26.63375,53.23894],[26.63329,53.23854]]}},{"type":"Feature","properties":{},"geometry":{"type":"LineString","coordinates":[[26.63329,53.23854],[26.63363,53.2382]]}},{"type":"Feature","properties":{},"geometry":{"type":"LineString","coordinates":[[26.63396,53.23896],[26.63375,53.23894]]}},{"type":"Feature","properties":{},"geometry":{"type":"LineString","coordinates":[[26.63363,53.2382],[26.63435,53.23761]]}},{"type":"Feature","properties":{},"geometry":{"type":"LineString","coordinates":[[26.63363,53.2382],[26.6343,53.2382]]}},{"type":"Feature","properties":{},"geometry":{"type":"LineString","coordinates":[[26.63466,53.23922],[26.63396,53.23896]]}},{"type":"Feature","properties":{},"geometry":{"type":"LineString","coordinates":[[26.63456,53.23875],[26.63396,53.23896]]}},{"type":"Feature","properties":{},"geometry":{"type":"LineString","coordinates":[[26.63466,53.23922],[26.64753,53.24842],[26.67448,53.25175]]}},{"type":"Feature","properties":{},"geometry":{"type":"LineString","coordinates":[[26.63456,53.23875],[26.63466,53.23922]]}},{"type":"Feature","properties":{},"geometry":{"type":"LineString","coordinates":[[26.6343,53.2382],[26.63456,53.23875]]}},{"type":"Feature","properties":{},"geometry":{"type":"LineString","coordinates":[[26.63435,53.23761],[26.6343,53.2382]]}},{"type":"Feature","properties":{},"geometry":{"type":"LineString","coordinates":[[26.64082,53.23005],[26.63435,53.23761]]}},{"type":"Feature","properties":{},"geometry":{"type":"LineString","coordinates":[[26.73548,53.491],[26.73588,53.4911]]}},{"type":"Feature","properties":{},"geometry":{"type":"LineString","coordinates":[[26.73572,53.49123],[26.73548,53.491]]}},{"type":"Feature","properties":{},"geometry":{"type":"LineString","coordinates":[[26.73611,53.49145],[26.73572,53.49123]]}},{"type":"Feature","properties":{},"geometry":{"type":"LineString","coordinates":[[26.73572,53.49123],[26.73588,53.4911]]}},{"type":"Feature","properties":{},"geometry":{"type":"LineString","coordinates":[[26.73588,53.4911],[26.73628,53.49138]]}},{"type":"Feature","properties":{},"geometry":{"type":"LineString","coordinates":[[26.73643,53.4916],[26.73611,53.49145]]}},{"type":"Feature","properties":{},"geometry":{"type":"LineString","coordinates":[[26.73628,53.49138],[26.73611,53.49145]]}},{"type":"Feature","properties":{},"geometry":{"type":"LineString","coordinates":[[26.73628,53.49138],[26.73643,53.4916]]}},{"type":"Feature","properties":{},"geometry":{"type":"LineString","coordinates":[[26.86407,53.53008],[26.81141,53.51216],[26.76229,53.50774],[26.73643,53.4916]]}},{"type":"Feature","properties":{},"geometry":{"type":"LineString","coordinates":[[26.44642,52.7436],[26.45922,52.71813],[26.47057,52.70582],[26.47011,52.69381],[26.48308,52.67499],[26.49579,52.64249],[26.53497,52.57236],[26.56922,52.53528],[26.59378,52.52509],[26.60494,52.51267],[26.67456,52.47146],[26.69939,52.43066],[26.72803,52.40921],[26.73859,52.39121],[26.75209,52.38],[26.79194,52.36033],[26.79824,52.35457],[26.82524,52.31658],[26.82602,52.28144],[26.82427,52.27895],[26.82208,52.28032]]}},{"type":"Feature","properties":{},"geometry":{"type":"LineString","coordinates":[[26.73437,53.47441],[26.72652,53.46846],[26.7263,53.45968],[26.74294,53.44438],[26.722,53.39184],[26.71974,53.37967],[26.65924,53.31933],[26.65768,53.29588],[26.6735,53.27372],[26.67563,53.25243]]}},{"type":"Feature","properties":{},"geometry":{"type":"LineString","coordinates":[[27.22071,54.51082],[27.22369,54.51777],[27.21272,54.52746],[27.2076,54.53934],[27.2131,54.559],[27.19389,54.58879]]}},{"type":"Feature","properties":{},"geometry":{"type":"LineString","coordinates":[[27.75131,54.88483],[27.72811,54.8703],[27.71156,54.85481],[27.7019,54.81963],[27.6884,54.80732],[27.66818,54.80298],[27.63612,54.78741],[27.59244,54.77359],[27.55526,54.7373],[27.49098,54.69644],[27.48762,54.6677],[27.46491,54.65578],[27.45245,54.64628],[27.41395,54.64323],[27.36609,54.62684],[27.3366,54.61532],[27.28863,54.58822],[27.28066,54.58166],[27.20862,54.58949],[27.19389,54.58879]]}},{"type":"Feature","properties":{},"geometry":{"type":"LineString","coordinates":[[26.64029,53.22909],[26.64111,53.2291]]}},{"type":"Feature","properties":{},"geometry":{"type":"LineString","coordinates":[[26.64089,53.22944],[26.64029,53.22909]]}},{"type":"Feature","properties":{},"geometry":{"type":"LineString","coordinates":[[26.64082,53.23005],[26.64091,53.22949]]}},{"type":"Feature","properties":{},"geometry":{"type":"LineString","coordinates":[[26.64146,53.22969],[26.64082,53.23005]]}},{"type":"Feature","properties":{},"geometry":{"type":"LineString","coordinates":[[26.64091,53.22949],[26.64089,53.22944]]}},{"type":"Feature","properties":{},"geometry":{"type":"LineString","coordinates":[[26.64089,53.22944],[26.64111,53.2291]]}},{"type":"Feature","properties":{},"geometry":{"type":"LineString","coordinates":[[26.64146,53.22969],[26.64091,53.22949]]}},{"type":"Feature","properties":{},"geometry":{"type":"LineString","coordinates":[[26.64111,53.2291],[26.64129,53.22906]]}},{"type":"Feature","properties":{},"geometry":{"type":"LineString","coordinates":[[26.64187,53.22921],[26.64146,53.22969]]}},{"type":"Feature","properties":{},"geometry":{"type":"LineString","coordinates":[[26.64129,53.22906],[26.64201,53.22868]]}},{"type":"Feature","properties":{},"geometry":{"type":"LineString","coordinates":[[26.64129,53.22906],[26.64187,53.22921]]}},{"type":"Feature","properties":{},"geometry":{"type":"LineString","coordinates":[[26.64201,53.22868],[26.64187,53.22921]]}},{"type":"Feature","properties":{},"geometry":{"type":"LineString","coordinates":[[26.6912,53.19887],[26.65684,53.21128],[26.64201,53.22868]]}},{"type":"Feature","properties":{},"geometry":{"type":"LineString","coordinates":[[27.95841,55.75443],[27.95464,55.74844],[27.94535,55.745],[27.87491,55.74363],[27.8567,55.74613],[27.83976,55.7414],[27.80398,55.74126],[27.77394,55.72973],[27.76813,55.71989],[27.77039,55.71664],[27.74564,55.67717],[27.73454,55.67167],[27.72562,55.66146],[27.68143,55.64151],[27.67106,55.63436],[27.65053,55.62745]]}},{"type":"Feature","properties":{},"geometry":{"type":"LineString","coordinates":[[27.68061,55.61677],[27.67008,55.61807],[27.65053,55.62745]]}},{"type":"Feature","properties":{},"geometry":{"type":"LineString","coordinates":[[26.67548,53.25183],[26.67448,53.25175]]}},{"type":"Feature","properties":{},"geometry":{"type":"LineString","coordinates":[[26.67448,53.25175],[26.67551,53.25168]]}},{"type":"Feature","properties":{},"geometry":{"type":"LineString","coordinates":[[26.67563,53.25243],[26.67554,53.25188]]}},{"type":"Feature","properties":{},"geometry":{"type":"LineString","coordinates":[[26.67583,53.25188],[26.67563,53.25243]]}},{"type":"Feature","properties":{},"geometry":{"type":"LineString","coordinates":[[26.67554,53.25188],[26.67548,53.25183]]}},{"type":"Feature","properties":{},"geometry":{"type":"LineString","coordinates":[[26.67548,53.25183],[26.67551,53.25168]]}},{"type":"Feature","properties":{},"geometry":{"type":"LineString","coordinates":[[26.67583,53.25188],[26.67554,53.25188]]}},{"type":"Feature","properties":{},"geometry":{"type":"LineString","coordinates":[[26.67551,53.25168],[26.67588,53.25168]]}},{"type":"Feature","properties":{},"geometry":{"type":"LineString","coordinates":[[26.6759,53.25184],[26.67583,53.25188]]}},{"type":"Feature","properties":{},"geometry":{"type":"LineString","coordinates":[[26.67588,53.25168],[26.6759,53.25184]]}},{"type":"Feature","properties":{},"geometry":{"type":"LineString","coordinates":[[26.67686,53.25177],[26.6759,53.25184]]}},{"type":"Feature","properties":{},"geometry":{"type":"LineString","coordinates":[[26.67588,53.25168],[26.67686,53.25177]]}},{"type":"Feature","properties":{},"geometry":{"type":"LineString","coordinates":[[26.72369,53.22913],[26.69667,53.2482],[26.67686,53.25177]]}},{"type":"Feature","properties":{},"geometry":{"type":"LineString","coordinates":[[28.57852,55.47036],[28.51209,55.48051],[28.43713,55.49668],[28.40253,55.49942],[28.36061,55.51458],[28.2604,55.52878],[28.24014,55.53632],[28.20354,55.54223],[28.15314,55.56292],[28.12903,55.58204],[28.10205,55.59396],[28.0853,55.59774],[28.07637,55.60477],[28.03262,55.61941],[28.01402,55.63178],[27.98557,55.64207],[27.92759,55.64459],[27.91343,55.64763],[27.87636,55.64673],[27.82669,55.65055],[27.71832,55.6188],[27.69686,55.6153],[27.68061,55.61677]]}},{"type":"Feature","properties":{},"geometry":{"type":"LineString","coordinates":[[26.6912,53.19887],[26.67805,53.17097],[26.67271,53.14688],[26.67539,53.1361],[26.63334,53.06746]]}},{"type":"Feature","properties":{},"geometry":{"type":"LineString","coordinates":[[27.24273,54.50065],[27.23034,54.5041],[27.22071,54.51082]]}},{"type":"Feature","properties":{},"geometry":{"type":"LineString","coordinates":[[26.69794,53.2128],[26.6912,53.19887]]}},{"type":"Feature","properties":{},"geometry":{"type":"LineString","coordinates":[[26.72369,53.22913],[26.7102,53.22464],[26.70077,53.21773],[26.69794,53.2128]]}},{"type":"Feature","properties":{},"geometry":{"type":"LineString","coordinates":[[26.69794,53.2128],[26.73302,53.1923],[26.74637,53.18782],[26.77281,53.16456],[26.78944,53.15464],[26.84073,53.14632],[26.86843,53.13643],[26.88529,53.12375],[26.98521,53.07464]]}},{"type":"Feature","properties":{},"geometry":{"type":"LineString","coordinates":[[27.26347,54.41222],[27.26753,54.42145],[27.28442,54.43413],[27.28699,54.44198],[27.27851,54.46893],[27.2498,54.47968],[27.23867,54.48972],[27.23656,54.49412],[27.24273,54.50065]]}},{"type":"Feature","properties":{},"geometry":{"type":"LineString","coordinates":[[27.83449,54.42258],[27.79692,54.41725],[27.75392,54.42667],[27.69827,54.44278],[27.68225,54.45155],[27.63932,54.46101],[27.61189,54.46081],[27.5874,54.46415],[27.55809,54.46354],[27.53282,54.45912],[27.51424,54.46],[27.49202,54.4562],[27.446,54.4633],[27.43083,54.47013],[27.33457,54.48778],[27.28328,54.50655],[27.26554,54.50144],[27.24273,54.50065]]}},{"type":"Feature","properties":{},"geometry":{"type":"LineString","coordinates":[[27.26375,53.23027],[27.17201,53.24739],[27.14055,53.24978],[27.11694,53.24493],[27.09124,53.25593],[27.03176,53.2591],[26.93402,53.25674],[26.85957,53.24173],[26.7602,53.22683],[26.73151,53.23017],[26.72369,53.22913]]}},{"type":"Feature","properties":{},"geometry":{"type":"LineString","coordinates":[[26.86407,53.53008],[26.96197,53.55187],[27.03718,53.588],[27.0524,53.61989],[27.073,53.64918],[27.08144,53.65539],[27.09536,53.659],[27.13791,53.6611],[27.17813,53.67467]]}},{"type":"Feature","properties":{},"geometry":{"type":"LineString","coordinates":[[27.26351,54.4121],[27.26342,54.41211]]}},{"type":"Feature","properties":{},"geometry":{"type":"LineString","coordinates":[[27.26347,54.41222],[27.26342,54.41211]]}},{"type":"Feature","properties":{},"geometry":{"type":"LineString","coordinates":[[27.26342,54.41211],[27.26363,54.412]]}},{"type":"Feature","properties":{},"geometry":{"type":"LineString","coordinates":[[27.26351,54.4121],[27.26347,54.41222]]}},{"type":"Feature","properties":{},"geometry":{"type":"LineString","coordinates":[[27.26361,54.41206],[27.26351,54.4121]]}},{"type":"Feature","properties":{},"geometry":{"type":"LineString","coordinates":[[27.26363,54.412],[27.26361,54.41206]]}},{"type":"Feature","properties":{},"geometry":{"type":"LineString","coordinates":[[27.26383,54.41204],[27.26361,54.41206]]}},{"type":"Feature","properties":{},"geometry":{"type":"LineString","coordinates":[[27.26363,54.412],[27.26383,54.41204]]}},{"type":"Feature","properties":{},"geometry":{"type":"LineString","coordinates":[[27.45972,54.33346],[27.41364,54.36215],[27.30985,54.40866],[27.28557,54.41299],[27.26383,54.41204]]}},{"type":"Feature","properties":{},"geometry":{"type":"LineString","coordinates":[[27.21688,54.16886],[27.22048,54.16572]]}},{"type":"Feature","properties":{},"geometry":{"type":"LineString","coordinates":[[27.22048,54.16572],[27.21688,54.16886]]}},{"type":"Feature","properties":{},"geometry":{"type":"LineString","coordinates":[[27.31026,54.03013],[27.29565,54.06396],[27.26893,54.11093],[27.23322,54.14657],[27.22048,54.16572]]}},{"type":"Feature","properties":{},"geometry":{"type":"LineString","coordinates":[[27.65724,55.17541],[27.65724,55.17541]]}},{"type":"Feature","properties":{},"geometry":{"type":"LineString","coordinates":[[27.67141,55.11901],[27.68328,55.13787],[27.66541,55.15713],[27.6571,55.17493]]}},{"type":"Feature","properties":{},"geometry":{"type":"LineString","coordinates":[[27.65761,55.1755],[27.6678,55.17996],[27.72589,55.1788],[27.75447,55.15289]]}},{"type":"Feature","properties":{},"geometry":{"type":"LineString","coordinates":[[27.66989,55.11787],[27.6707,55.11801]]}},{"type":"Feature","properties":{},"geometry":{"type":"LineString","coordinates":[[27.67054,55.11821],[27.66989,55.11787]]}},{"type":"Feature","properties":{},"geometry":{"type":"LineString","coordinates":[[27.95873,55.75584],[27.9718,55.79192]]}},{"type":"Feature","properties":{},"geometry":{"type":"LineString","coordinates":[[28.13056,55.8695],[28.12449,55.86348],[28.11118,55.85867],[28.08705,55.84247],[28.07452,55.82682],[28.04736,55.81614],[28.02626,55.80166],[28.00232,55.7912],[27.9718,55.79192]]}},{"type":"Feature","properties":{},"geometry":{"type":"LineString","coordinates":[[27.67097,55.11859],[27.67054,55.11821]]}},{"type":"Feature","properties":{},"geometry":{"type":"LineString","coordinates":[[27.67054,55.11821],[27.6707,55.11801]]}},{"type":"Feature","properties":{},"geometry":{"type":"LineString","coordinates":[[27.6707,55.11801],[27.67073,55.118]]}},{"type":"Feature","properties":{},"geometry":{"type":"LineString","coordinates":[[27.67153,55.11863],[27.67097,55.11859]]}},{"type":"Feature","properties":{},"geometry":{"type":"LineString","coordinates":[[27.67141,55.11901],[27.67097,55.11859]]}},{"type":"Feature","properties":{},"geometry":{"type":"LineString","coordinates":[[27.67073,55.118],[27.67073,55.11758]]}},{"type":"Feature","properties":{},"geometry":{"type":"LineString","coordinates":[[27.67073,55.118],[27.67116,55.118]]}},{"type":"Feature","properties":{},"geometry":{"type":"LineString","coordinates":[[27.67073,55.11758],[27.67116,55.118]]}},{"type":"Feature","properties":{},"geometry":{"type":"LineString","coordinates":[[27.73706,54.89136],[27.72294,54.90056],[27.72571,54.90443],[27.73804,54.90927],[27.69853,54.93056],[27.65357,54.96374],[27.65616,54.98421],[27.66808,55.00756],[27.66331,55.01783],[27.66272,55.03575],[27.66825,55.05684],[27.66226,55.09854],[27.67073,55.11758]]}},{"type":"Feature","properties":{},"geometry":{"type":"LineString","coordinates":[[27.67153,55.11863],[27.67141,55.11901]]}},{"type":"Feature","properties":{},"geometry":{"type":"LineString","coordinates":[[27.67116,55.118],[27.6716,55.11832]]}},{"type":"Feature","properties":{},"geometry":{"type":"LineString","coordinates":[[27.67156,55.11862],[27.67153,55.11863]]}},{"type":"Feature","properties":{},"geometry":{"type":"LineString","coordinates":[[27.67223,55.1187],[27.67156,55.11862]]}},{"type":"Feature","properties":{},"geometry":{"type":"LineString","coordinates":[[27.6716,55.11832],[27.67156,55.11862]]}},{"type":"Feature","properties":{},"geometry":{"type":"LineString","coordinates":[[27.6716,55.11832],[27.67223,55.1187]]}},{"type":"Feature","properties":{},"geometry":{"type":"LineString","coordinates":[[27.75447,55.15289],[27.72357,55.14559],[27.70265,55.12989],[27.67223,55.1187]]}},{"type":"Feature","properties":{},"geometry":{"type":"LineString","coordinates":[[27.95845,55.75521],[27.95824,55.75484]]}},{"type":"Feature","properties":{},"geometry":{"type":"LineString","coordinates":[[27.95824,55.75484],[27.95841,55.75443]]}},{"type":"Feature","properties":{},"geometry":{"type":"LineString","coordinates":[[27.95824,55.75484],[27.95863,55.75474]]}},{"type":"Feature","properties":{},"geometry":{"type":"LineString","coordinates":[[27.95873,55.75584],[27.95845,55.75521]]}},{"type":"Feature","properties":{},"geometry":{"type":"LineString","coordinates":[[27.95895,55.75512],[27.95873,55.75584]]}},{"type":"Feature","properties":{},"geometry":{"type":"LineString","coordinates":[[27.95895,55.75512],[27.95845,55.75521]]}},{"type":"Feature","properties":{},"geometry":{"type":"LineString","coordinates":[[27.95841,55.75443],[27.95863,55.75474]]}},{"type":"Feature","properties":{},"geometry":{"type":"LineString","coordinates":[[27.95863,55.75474],[27.95874,55.75475]]}},{"type":"Feature","properties":{},"geometry":{"type":"LineString","coordinates":[[27.95874,55.75475],[27.959,55.75506]]}},{"type":"Feature","properties":{},"geometry":{"type":"LineString","coordinates":[[27.95874,55.75475],[27.95971,55.75448]]}},{"type":"Feature","properties":{},"geometry":{"type":"LineString","coordinates":[[27.959,55.75506],[27.95895,55.75512]]}},{"type":"Feature","properties":{},"geometry":{"type":"LineString","coordinates":[[27.95971,55.75448],[27.959,55.75506]]}},{"type":"Feature","properties":{},"geometry":{"type":"LineString","coordinates":[[28.66765,55.54178],[28.64183,55.54614],[28.62046,55.5552],[28.59482,55.56948],[28.57857,55.58804],[28.55168,55.59769],[28.52156,55.59546],[28.49142,55.59672],[28.47731,55.60361],[28.46764,55.6048],[28.44393,55.61842],[28.40936,55.61856],[28.3764,55.61005],[28.33219,55.60571],[28.31043,55.60793],[28.29604,55.6147],[28.28254,55.61506],[28.25561,55.62148],[28.2485,55.63278],[28.21592,55.66387],[28.18383,55.6722],[28.15961,55.68428],[28.15059,55.69194],[28.12579,55.70141],[28.09551,55.7076],[28.06903,55.71726],[28.00101,55.73135],[27.95971,55.75448]]}},{"type":"Feature","properties":{},"geometry":{"type":"LineString","coordinates":[[27.0735,53.65006],[27.0522,53.61992],[27.0373,53.58825]]}},{"type":"Feature","properties":{},"geometry":{"type":"LineString","coordinates":[[27.2024,53.4665],[27.17257,53.48906],[27.1626,53.50085],[27.14237,53.50904],[27.12592,53.5102],[27.09686,53.52562],[27.06349,53.53865],[27.05366,53.54951],[27.06294,53.57054],[27.05203,53.58779],[27.03846,53.59088],[27.0373,53.58825]]}},{"type":"Feature","properties":{},"geometry":{"type":"LineString","coordinates":[[27.17791,53.67475],[27.13623,53.66092],[27.0891,53.65813],[27.0735,53.65006]]}},{"type":"Feature","properties":{},"geometry":{"type":"LineString","coordinates":[[27.0735,53.65006],[27.09029,53.66689],[27.1279,53.67395],[27.15065,53.68657]]}},{"type":"Feature","properties":{},"geometry":{"type":"LineString","coordinates":[[28.60054,55.42854],[28.54852,55.42047],[28.53249,55.42346],[28.51827,55.41957],[28.49345,55.41699],[28.47037,55.40913],[28.46144,55.41002],[28.45439,55.40121],[28.4392,55.39359],[28.43142,55.38622],[28.38781,55.37149],[28.36985,55.369],[28.32686,55.35201],[28.31001,55.34991],[28.29641,55.34504],[28.28274,55.33514],[28.27157,55.3157],[28.25319,55.30501],[28.22468,55.30242],[28.21228,55.29902],[28.10631,55.25172],[28.07246,55.24185],[28.0111,55.23634],[27.9312,55.22281],[27.88651,55.20399],[27.81375,55.18101],[27.75447,55.15289]]}},{"type":"Feature","properties":{},"geometry":{"type":"LineString","coordinates":[[27.27725,54.00078],[27.27645,54.00053]]}},{"type":"Feature","properties":{},"geometry":{"type":"LineString","coordinates":[[27.27645,54.00053],[27.27709,54.00008]]}},{"type":"Feature","properties":{},"geometry":{"type":"LineString","coordinates":[[27.27645,54.00053],[27.27705,54.00047]]}},{"type":"Feature","properties":{},"geometry":{"type":"LineString","coordinates":[[27.27705,54.00047],[27.27714,54.00051]]}},{"type":"Feature","properties":{},"geometry":{"type":"LineString","coordinates":[[27.27709,54.00008],[27.27705,54.00047]]}},{"type":"Feature","properties":{},"geometry":{"type":"LineString","coordinates":[[27.27714,54.00051],[27.27725,54.00078]]}},{"type":"Feature","properties":{},"geometry":{"type":"LineString","coordinates":[[27.27775,54.0005],[27.27725,54.00078]]}},{"type":"Feature","properties":{},"geometry":{"type":"LineString","coordinates":[[27.27714,54.00051],[27.27775,54.0005]]}},{"type":"Feature","properties":{},"geometry":{"type":"LineString","coordinates":[[27.27709,54.00008],[27.27726,53.99824],[27.25829,53.9875],[27.24939,53.97725],[27.24467,53.96554],[27.24373,53.9287],[27.25483,53.91498]]}},{"type":"Feature","properties":{},"geometry":{"type":"LineString","coordinates":[[27.30054,53.99211],[27.27775,54.0005]]}},{"type":"Feature","properties":{},"geometry":{"type":"LineString","coordinates":[[27.15065,53.68657],[27.1512,53.68674]]}},{"type":"Feature","properties":{},"geometry":{"type":"LineString","coordinates":[[27.15079,53.68675],[27.15065,53.68657]]}},{"type":"Feature","properties":{},"geometry":{"type":"LineString","coordinates":[[27.15092,53.6869],[27.15079,53.68675]]}},{"type":"Feature","properties":{},"geometry":{"type":"LineString","coordinates":[[27.15079,53.68675],[27.15105,53.68674]]}},{"type":"Feature","properties":{},"geometry":{"type":"LineString","coordinates":[[27.15244,53.68726],[27.15092,53.6869]]}},{"type":"Feature","properties":{},"geometry":{"type":"LineString","coordinates":[[27.15092,53.6869],[27.15105,53.68674]]}},{"type":"Feature","properties":{},"geometry":{"type":"LineString","coordinates":[[27.15105,53.68674],[27.1512,53.68674]]}},{"type":"Feature","properties":{},"geometry":{"type":"LineString","coordinates":[[27.1512,53.68674],[27.15282,53.68709]]}},{"type":"Feature","properties":{},"geometry":{"type":"LineString","coordinates":[[27.16867,53.69157],[27.15244,53.68726]]}},{"type":"Feature","properties":{},"geometry":{"type":"LineString","coordinates":[[27.15282,53.68709],[27.15244,53.68726]]}},{"type":"Feature","properties":{},"geometry":{"type":"LineString","coordinates":[[27.15282,53.68709],[27.16879,53.69145]]}},{"type":"Feature","properties":{},"geometry":{"type":"LineString","coordinates":[[27.25483,53.91498],[27.25543,53.91356]]}},{"type":"Feature","properties":{},"geometry":{"type":"LineString","coordinates":[[27.2568,53.91388],[27.25483,53.91498]]}},{"type":"Feature","properties":{},"geometry":{"type":"LineString","coordinates":[[27.2568,53.91388],[27.25543,53.91356]]}},{"type":"Feature","properties":{},"geometry":{"type":"LineString","coordinates":[[27.25543,53.91356],[27.25611,53.91295]]}},{"type":"Feature","properties":{},"geometry":{"type":"LineString","coordinates":[[27.25611,53.91295],[27.2566,53.91261]]}},{"type":"Feature","properties":{},"geometry":{"type":"LineString","coordinates":[[27.25611,53.91295],[27.25684,53.91306]]}},{"type":"Feature","properties":{},"geometry":{"type":"LineString","coordinates":[[27.25684,53.91306],[27.2568,53.91388]]}},{"type":"Feature","properties":{},"geometry":{"type":"LineString","coordinates":[[27.2566,53.91261],[27.25684,53.91306]]}},{"type":"Feature","properties":{},"geometry":{"type":"LineString","coordinates":[[27.2566,53.91261],[27.25674,53.91216]]}},{"type":"Feature","properties":{},"geometry":{"type":"LineString","coordinates":[[27.25731,53.91182],[27.25645,53.91169]]}},{"type":"Feature","properties":{},"geometry":{"type":"LineString","coordinates":[[27.25674,53.91216],[27.25645,53.91169]]}},{"type":"Feature","properties":{},"geometry":{"type":"LineString","coordinates":[[27.25645,53.91169],[27.25662,53.91089]]}},{"type":"Feature","properties":{},"geometry":{"type":"LineString","coordinates":[[27.25731,53.91182],[27.25674,53.91216]]}},{"type":"Feature","properties":{},"geometry":{"type":"LineString","coordinates":[[27.25662,53.91089],[27.25846,53.90965]]}},{"type":"Feature","properties":{},"geometry":{"type":"LineString","coordinates":[[27.25662,53.91089],[27.25792,53.91123]]}},{"type":"Feature","properties":{},"geometry":{"type":"LineString","coordinates":[[27.25792,53.91123],[27.25731,53.91182]]}},{"type":"Feature","properties":{},"geometry":{"type":"LineString","coordinates":[[27.25846,53.90965],[27.25792,53.91123]]}},{"type":"Feature","properties":{},"geometry":{"type":"LineString","coordinates":[[27.25846,53.90965],[27.26043,53.90173],[27.24838,53.88289],[27.22244,53.87405],[27.18841,53.85824],[27.12242,53.83504],[27.10118,53.81249],[27.09657,53.7705],[27.1298,53.69697],[27.14292,53.69245],[27.16426,53.694],[27.16835,53.6919]]}},{"type":"Feature","properties":{},"geometry":{"type":"LineString","coordinates":[[27.16835,53.6919],[27.16867,53.69157]]}},{"type":"Feature","properties":{},"geometry":{"type":"LineString","coordinates":[[27.1688,53.69163],[27.16835,53.6919]]}},{"type":"Feature","properties":{},"geometry":{"type":"LineString","coordinates":[[27.1688,53.69163],[27.16867,53.69157]]}},{"type":"Feature","properties":{},"geometry":{"type":"LineString","coordinates":[[27.16867,53.69157],[27.16879,53.69145]]}},{"type":"Feature","properties":{},"geometry":{"type":"LineString","coordinates":[[27.21752,53.70677],[27.19118,53.70197],[27.1688,53.69163]]}},{"type":"Feature","properties":{},"geometry":{"type":"LineString","coordinates":[[27.16879,53.69145],[27.1688,53.69163]]}},{"type":"Feature","properties":{},"geometry":{"type":"LineString","coordinates":[[27.16879,53.69145],[27.19127,53.70184],[27.21752,53.70487],[27.21991,53.70671]]}},{"type":"Feature","properties":{},"geometry":{"type":"LineString","coordinates":[[27.16879,53.69145],[27.16967,53.68603],[27.17845,53.68572],[27.17808,53.67157],[27.20268,53.65641],[27.20701,53.65116],[27.20576,53.64685],[27.22052,53.63157],[27.22679,53.63013],[27.31141,53.62106],[27.38321,53.6316],[27.4525,53.6323],[27.46757,53.63513],[27.46685,53.63865]]}},{"type":"Feature","properties":{},"geometry":{"type":"LineString","coordinates":[[27.31026,54.03013],[27.31292,54.02096],[27.30531,53.99291],[27.30738,53.98214],[27.31701,53.95997],[27.33215,53.95043],[27.35752,53.94549],[27.40126,53.95224],[27.41227,53.95169],[27.43543,53.9443],[27.45915,53.93264],[27.50449,53.92755],[27.52648,53.91119]]}},{"type":"Feature","properties":{},"geometry":{"type":"LineString","coordinates":[[27.30654,53.98699],[27.30565,53.99337],[27.3131,54.02067],[27.31026,54.03013]]}},{"type":"Feature","properties":{},"geometry":{"type":"LineString","coordinates":[[27.30113,53.9922],[27.30054,53.99211]]}},{"type":"Feature","properties":{},"geometry":{"type":"LineString","coordinates":[[27.30054,53.99211],[27.30122,53.99208]]}},{"type":"Feature","properties":{},"geometry":{"type":"LineString","coordinates":[[27.30153,53.99221],[27.30113,53.9922]]}},{"type":"Feature","properties":{},"geometry":{"type":"LineString","coordinates":[[27.30113,53.9922],[27.30122,53.99208]]}},{"type":"Feature","properties":{},"geometry":{"type":"LineString","coordinates":[[27.30122,53.99208],[27.30139,53.99206]]}},{"type":"Feature","properties":{},"geometry":{"type":"LineString","coordinates":[[27.30139,53.99206],[27.30153,53.99221]]}},{"type":"Feature","properties":{},"geometry":{"type":"LineString","coordinates":[[27.30139,53.99206],[27.302,53.99186]]}},{"type":"Feature","properties":{},"geometry":{"type":"LineString","coordinates":[[27.302,53.99186],[27.30153,53.99221]]}},{"type":"Feature","properties":{},"geometry":{"type":"LineString","coordinates":[[27.302,53.99186],[27.30777,53.98881],[27.30654,53.98699]]}},{"type":"Feature","properties":{},"geometry":{"type":"LineString","coordinates":[[27.52663,53.91124],[27.50514,53.92752],[27.4592,53.93272],[27.43555,53.94443],[27.41244,53.95179],[27.40175,53.95243],[27.35829,53.94563],[27.33601,53.94888],[27.31708,53.96016],[27.30654,53.98699]]}},{"type":"Feature","properties":{},"geometry":{"type":"LineString","coordinates":[[27.53709,53.89639],[27.50004,53.88068],[27.49181,53.86975],[27.47799,53.85776],[27.4715,53.84502],[27.45712,53.83164],[27.42923,53.81681],[27.3761,53.80081],[27.36796,53.79439],[27.3601,53.77923],[27.30494,53.73613],[27.25121,53.72108],[27.21994,53.70772],[27.2036,53.68641],[27.17791,53.67475]]}},{"type":"Feature","properties":{},"geometry":{"type":"LineString","coordinates":[[30.4354,54.62318],[30.4071,54.61927],[30.35867,54.60251],[30.32538,54.57615],[30.27515,54.55489],[30.19618,54.5429],[30.1206,54.5067],[30.0511,54.49982],[30.02488,54.49258],[29.89475,54.47385],[29.87138,54.47399],[29.8357,54.47952],[29.81034,54.47757],[29.74689,54.46362],[29.69318,54.45772],[29.62298,54.43863],[29.56733,54.43052],[29.53333,54.42318],[29.48895,54.40735],[29.33023,54.37954],[29.30374,54.37258],[29.21745,54.3725],[29.1671,54.36511],[29.13064,54.35362],[29.09789,54.33361],[29.05115,54.31668],[28.97873,54.30315],[28.91955,54.29833],[28.87457,54.2915],[28.82788,54.28911],[28.75473,54.29077],[28.71544,54.27147],[28.68796,54.26911],[28.67009,54.26257],[28.65587,54.24223],[28.60596,54.20744],[28.58148,54.18404],[28.55001,54.1453],[28.51863,54.1194],[28.47634,54.07926],[28.45887,54.0668],[28.4253,54.04964],[28.36501,54.03396],[28.30941,54.02665],[28.21975,54.01949],[28.19198,54.01501],[28.1394,53.99877],[28.0903,53.98646],[28.05109,53.97228],[27.98518,53.95282],[27.97333,53.94662],[27.96428,53.93839],[27.93783,53.88512],[27.92092,53.87005],[27.80154,53.8076],[27.78594,53.80248],[27.72395,53.78941],[27.66878,53.76082],[27.62593,53.74302],[27.53124,53.731],[27.43798,53.7035],[27.41167,53.69799],[27.25953,53.67712],[27.22796,53.67571],[27.18764,53.67863],[27.17791,53.67475]]}},{"type":"Feature","properties":{},"geometry":{"type":"LineString","coordinates":[[27.17813,53.67467],[27.19453,53.67754],[27.23053,53.67556],[27.26165,53.67722],[27.41368,53.69818],[27.45515,53.70844]]}},{"type":"Feature","properties":{},"geometry":{"type":"LineString","coordinates":[[27.17813,53.67467],[27.20377,53.68632],[27.21962,53.70736],[27.25022,53.72064],[27.29434,53.7316],[27.30527,53.73616],[27.3913,53.80339],[27.43099,53.81734],[27.4593,53.83293],[27.47247,53.84586],[27.4786,53.85809],[27.50114,53.8812],[27.53779,53.89597]]}},{"type":"Feature","properties":{},"geometry":{"type":"LineString","coordinates":[[28.29105,56.08397],[28.27246,56.0779],[28.25382,56.05141],[28.23897,56.04083],[28.2343,56.03194],[28.2073,56.01506],[28.20751,56.00175],[28.19783,55.98124],[28.20481,55.96842],[28.19959,55.9512],[28.20119,55.93874],[28.19723,55.93452],[28.17686,55.92624],[28.16402,55.91639],[28.1581,55.90349],[28.14298,55.89046],[28.13056,55.8695]]}},{"type":"Feature","properties":{},"geometry":{"type":"LineString","coordinates":[[28.62303,55.89988],[28.61191,55.8976],[28.5913,55.88692],[28.53512,55.88954],[28.52134,55.88743],[28.4564,55.86066],[28.39084,55.86381],[28.37151,55.86835],[28.35301,55.86675],[28.32955,55.87214],[28.32304,55.86994],[28.31521,55.85906],[28.30754,55.85608],[28.30036,55.84957],[28.27665,55.84473],[28.23087,55.85084],[28.18053,55.85219],[28.1348,55.86032],[28.13056,55.8695]]}},{"type":"Feature","properties":{},"geometry":{"type":"LineString","coordinates":[[27.45972,54.33346],[27.46056,54.33265]]}},{"type":"Feature","properties":{},"geometry":{"type":"LineString","coordinates":[[27.46104,54.33296],[27.45972,54.33346]]}},{"type":"Feature","properties":{},"geometry":{"type":"LineString","coordinates":[[27.46104,54.33296],[27.46056,54.33265]]}},{"type":"Feature","properties":{},"geometry":{"type":"LineString","coordinates":[[27.46056,54.33265],[27.46125,54.33226]]}},{"type":"Feature","properties":{},"geometry":{"type":"LineString","coordinates":[[27.4615,54.33278],[27.46104,54.33296]]}},{"type":"Feature","properties":{},"geometry":{"type":"LineString","coordinates":[[27.46125,54.33226],[27.46225,54.33169]]}},{"type":"Feature","properties":{},"geometry":{"type":"LineString","coordinates":[[27.46125,54.33226],[27.46168,54.33233]]}},{"type":"Feature","properties":{},"geometry":{"type":"LineString","coordinates":[[27.46169,54.33234],[27.4615,54.33278]]}},{"type":"Feature","properties":{},"geometry":{"type":"LineString","coordinates":[[27.46276,54.33218],[27.4615,54.33278]]}},{"type":"Feature","properties":{},"geometry":{"type":"LineString","coordinates":[[27.46168,54.33233],[27.46169,54.33234]]}},{"type":"Feature","properties":{},"geometry":{"type":"LineString","coordinates":[[27.46225,54.33169],[27.46168,54.33233]]}},{"type":"Feature","properties":{},"geometry":{"type":"LineString","coordinates":[[27.46169,54.33234],[27.46276,54.33218]]}},{"type":"Feature","properties":{},"geometry":{"type":"LineString","coordinates":[[27.53483,54.09015],[27.52583,54.13009],[27.50256,54.15133],[27.49978,54.19441],[27.49485,54.20184],[27.49745,54.21357],[27.48426,54.23046],[27.48555,54.24721],[27.49435,54.2571],[27.49316,54.27256],[27.46225,54.33169]]}},{"type":"Feature","properties":{},"geometry":{"type":"LineString","coordinates":[[27.46276,54.33218],[27.51217,54.30905],[27.56167,54.30195],[27.60561,54.28748],[27.62251,54.27845],[27.67263,54.26773],[27.73974,54.23473],[27.80493,54.21805],[27.83627,54.1999]]}},{"type":"Feature","properties":{},"geometry":{"type":"LineString","coordinates":[[27.75131,54.88483],[27.73706,54.89136]]}},{"type":"Feature","properties":{},"geometry":{"type":"LineString","coordinates":[[26.98521,53.07464],[26.98546,53.07437]]}},{"type":"Feature","properties":{},"geometry":{"type":"LineString","coordinates":[[26.98571,53.07457],[26.98521,53.07464]]}},{"type":"Feature","properties":{},"geometry":{"type":"LineString","coordinates":[[26.98571,53.07457],[26.98546,53.07437]]}},{"type":"Feature","properties":{},"geometry":{"type":"LineString","coordinates":[[26.98546,53.07437],[26.98546,53.07424]]}},{"type":"Feature","properties":{},"geometry":{"type":"LineString","coordinates":[[26.98546,53.07424],[26.9854,53.07382]]}},{"type":"Feature","properties":{},"geometry":{"type":"LineString","coordinates":[[26.98546,53.07424],[26.98589,53.07401]]}},{"type":"Feature","properties":{},"geometry":{"type":"LineString","coordinates":[[26.9854,53.07382],[26.98589,53.07401]]}},{"type":"Feature","properties":{},"geometry":{"type":"LineString","coordinates":[[26.9854,53.07382],[26.99707,53.06526],[26.99906,53.05898],[27.0623,53.01934],[27.07838,52.98632]]}},{"type":"Feature","properties":{},"geometry":{"type":"LineString","coordinates":[[26.98629,53.0745],[26.98571,53.07457]]}},{"type":"Feature","properties":{},"geometry":{"type":"LineString","coordinates":[[26.98589,53.07401],[26.98639,53.07422]]}},{"type":"Feature","properties":{},"geometry":{"type":"LineString","coordinates":[[26.98639,53.07422],[26.98629,53.0745]]}},{"type":"Feature","properties":{},"geometry":{"type":"LineString","coordinates":[[26.98695,53.07447],[26.98629,53.0745]]}},{"type":"Feature","properties":{},"geometry":{"type":"LineString","coordinates":[[26.98639,53.07422],[26.98695,53.07447]]}},{"type":"Feature","properties":{},"geometry":{"type":"LineString","coordinates":[[27.08697,53.1373],[27.05933,53.11132],[27.0527,53.10009],[27.04244,53.09787],[27.0011,53.07726],[26.98695,53.07447]]}},{"type":"Feature","properties":{},"geometry":{"type":"LineString","coordinates":[[28.29105,56.08397],[28.2949,56.08494]]}},{"type":"Feature","properties":{},"geometry":{"type":"LineString","coordinates":[[28.2949,56.08494],[28.29105,56.08397]]}},{"type":"Feature","properties":{},"geometry":{"type":"LineString","coordinates":[[27.77893,54.88276],[27.76202,54.88051],[27.75131,54.88483]]}},{"type":"Feature","properties":{},"geometry":{"type":"LineString","coordinates":[[28.30451,56.09257],[28.2949,56.08494]]}},{"type":"Feature","properties":{},"geometry":{"type":"LineString","coordinates":[[27.77893,54.88276],[27.77928,54.88276]]}},{"type":"Feature","properties":{},"geometry":{"type":"LineString","coordinates":[[27.77922,54.88285],[27.77893,54.88276]]}},{"type":"Feature","properties":{},"geometry":{"type":"LineString","coordinates":[[27.77963,54.88295],[27.77922,54.88285]]}},{"type":"Feature","properties":{},"geometry":{"type":"LineString","coordinates":[[27.77922,54.88285],[27.77928,54.88276]]}},{"type":"Feature","properties":{},"geometry":{"type":"LineString","coordinates":[[27.77928,54.88276],[27.77946,54.88271]]}},{"type":"Feature","properties":{},"geometry":{"type":"LineString","coordinates":[[27.77946,54.88271],[27.77969,54.8828]]}},{"type":"Feature","properties":{},"geometry":{"type":"LineString","coordinates":[[27.77946,54.88271],[27.77986,54.8826]]}},{"type":"Feature","properties":{},"geometry":{"type":"LineString","coordinates":[[27.77998,54.88299],[27.77963,54.88295]]}},{"type":"Feature","properties":{},"geometry":{"type":"LineString","coordinates":[[27.77971,54.88285],[27.77963,54.88295]]}},{"type":"Feature","properties":{},"geometry":{"type":"LineString","coordinates":[[27.77971,54.88285],[27.77998,54.88299]]}},{"type":"Feature","properties":{},"geometry":{"type":"LineString","coordinates":[[27.77969,54.8828],[27.77971,54.88285]]}},{"type":"Feature","properties":{},"geometry":{"type":"LineString","coordinates":[[27.77986,54.8826],[27.77969,54.8828]]}},{"type":"Feature","properties":{},"geometry":{"type":"LineString","coordinates":[[27.80768,54.89716],[27.79911,54.88885],[27.77998,54.88299]]}},{"type":"Feature","properties":{},"geometry":{"type":"LineString","coordinates":[[28.06399,54.72961],[28.04786,54.74097],[28.0002,54.75715],[27.96982,54.78967],[27.94923,54.80211],[27.92797,54.82163],[27.8923,54.83168],[27.84829,54.85337],[27.79145,54.87526],[27.77986,54.8826]]}},{"type":"Feature","properties":{},"geometry":{"type":"LineString","coordinates":[[27.2024,53.4665],[27.20257,53.46622]]}},{"type":"Feature","properties":{},"geometry":{"type":"LineString","coordinates":[[27.20295,53.46637],[27.2024,53.4665]]}},{"type":"Feature","properties":{},"geometry":{"type":"LineString","coordinates":[[27.20295,53.46637],[27.20257,53.46622]]}},{"type":"Feature","properties":{},"geometry":{"type":"LineString","coordinates":[[27.20257,53.46622],[27.20304,53.46582]]}},{"type":"Feature","properties":{},"geometry":{"type":"LineString","coordinates":[[27.20342,53.4662],[27.20295,53.46637]]}},{"type":"Feature","properties":{},"geometry":{"type":"LineString","coordinates":[[27.20304,53.46582],[27.20336,53.46594]]}},{"type":"Feature","properties":{},"geometry":{"type":"LineString","coordinates":[[27.20304,53.46582],[27.2035,53.46571]]}},{"type":"Feature","properties":{},"geometry":{"type":"LineString","coordinates":[[27.20339,53.46596],[27.20342,53.4662]]}},{"type":"Feature","properties":{},"geometry":{"type":"LineString","coordinates":[[27.20389,53.46603],[27.20342,53.4662]]}},{"type":"Feature","properties":{},"geometry":{"type":"LineString","coordinates":[[27.20336,53.46594],[27.20339,53.46596]]}},{"type":"Feature","properties":{},"geometry":{"type":"LineString","coordinates":[[27.2035,53.46571],[27.20336,53.46594]]}},{"type":"Feature","properties":{},"geometry":{"type":"LineString","coordinates":[[27.20339,53.46596],[27.20389,53.46603]]}},{"type":"Feature","properties":{},"geometry":{"type":"LineString","coordinates":[[27.2035,53.46571],[27.21208,53.45917],[27.23577,53.45229],[27.23324,53.44565],[27.21853,53.43574],[27.2139,53.42679],[27.21357,53.41805],[27.23172,53.3962],[27.24273,53.38934],[27.22472,53.35828],[27.23881,53.29331],[27.24339,53.28518],[27.25948,53.27731],[27.26093,53.26399],[27.25804,53.25654],[27.27185,53.23928],[27.26375,53.23027]]}},{"type":"Feature","properties":{},"geometry":{"type":"LineString","coordinates":[[27.25351,53.45623],[27.23385,53.46465],[27.20389,53.46603]]}},{"type":"Feature","properties":{},"geometry":{"type":"LineString","coordinates":[[27.80768,54.89716],[27.78418,54.89938],[27.8274,54.91835],[27.88497,54.92533],[27.90567,54.93796],[27.92878,54.94161],[27.95534,54.93791],[28.02145,54.97071],[28.05086,54.98006],[28.06675,54.97942],[28.09074,54.96928],[28.14964,54.9625],[28.18304,54.97155],[28.214,54.98569],[28.23006,55.00132],[28.26801,55.00941],[28.2854,55.01747],[28.32206,55.02887],[28.33813,55.04432],[28.37242,55.05181],[28.38543,55.04797],[28.40028,55.04849],[28.43169,55.05911],[28.4411,55.06544],[28.48225,55.07245],[28.49649,55.09425],[28.5096,55.09867],[28.54991,55.11921],[28.58341,55.13187],[28.5874,55.14232],[28.60044,55.15599],[28.59954,55.16819],[28.60649,55.18067],[28.61376,55.17948]]}},{"type":"Feature","properties":{},"geometry":{"type":"LineString","coordinates":[[28.65457,54.88271],[28.62733,54.88683],[28.57593,54.90145],[28.53942,54.91794],[28.51929,54.94569],[28.5036,54.9541],[28.48356,54.95023],[28.42069,54.92835],[28.39834,54.91829],[28.37244,54.91254],[28.33097,54.89886],[28.26823,54.89552],[28.25457,54.90146],[28.24129,54.90033],[28.22256,54.90712],[28.2074,54.90932],[28.16442,54.90341],[28.15541,54.89919],[28.12455,54.89289],[28.09047,54.88186],[28.0756,54.88095],[28.06686,54.87497],[28.05916,54.87314],[28.02667,54.88492],[27.94422,54.90472],[27.8408,54.89405],[27.80768,54.89716]]}},{"type":"Feature","properties":{},"geometry":{"type":"LineString","coordinates":[[27.3459,53.78698],[27.26714,53.81814],[27.24646,53.82983],[27.2137,53.8381],[27.18167,53.85204],[27.15741,53.86626],[27.12644,53.87674],[27.09528,53.88347],[27.07572,53.89709],[27.07104,53.91019],[27.0792,53.95488],[27.10143,53.98236],[27.14331,54.02052],[27.1673,54.03423],[27.19009,54.05171],[27.22331,54.05817],[27.26702,54.07184],[27.30974,54.06542],[27.4104,54.06173],[27.44345,54.06738],[27.47101,54.06741],[27.52743,54.06075],[27.6063,54.04611],[27.63357,54.0471],[27.66007,54.0524],[27.69002,54.05447]]}},{"type":"Feature","properties":{},"geometry":{"type":"LineString","coordinates":[[27.34658,53.78655],[27.3459,53.78698]]}},{"type":"Feature","properties":{},"geometry":{"type":"LineString","coordinates":[[27.34658,53.78655],[27.3459,53.78698]]}},{"type":"Feature","properties":{},"geometry":{"type":"LineString","coordinates":[[27.45147,53.70618],[27.44553,53.70487],[27.43828,53.71176],[27.42006,53.73408],[27.40793,53.75653],[27.39704,53.76157],[27.3692,53.7667],[27.34658,53.78655]]}},{"type":"Feature","properties":{},"geometry":{"type":"LineString","coordinates":[[27.08738,53.13748],[27.08693,53.13744]]}},{"type":"Feature","properties":{},"geometry":{"type":"LineString","coordinates":[[27.08693,53.13744],[27.08697,53.1373]]}},{"type":"Feature","properties":{},"geometry":{"type":"LineString","coordinates":[[27.08693,53.13744],[27.0872,53.13738]]}},{"type":"Feature","properties":{},"geometry":{"type":"LineString","coordinates":[[27.08697,53.1373],[27.0872,53.13738]]}},{"type":"Feature","properties":{},"geometry":{"type":"LineString","coordinates":[[27.0872,53.13738],[27.08723,53.13738]]}},{"type":"Feature","properties":{},"geometry":{"type":"LineString","coordinates":[[27.08723,53.13738],[27.08738,53.13748]]}},{"type":"Feature","properties":{},"geometry":{"type":"LineString","coordinates":[[27.08723,53.13738],[27.08743,53.13736]]}},{"type":"Feature","properties":{},"geometry":{"type":"LineString","coordinates":[[27.08743,53.13736],[27.08738,53.13748]]}},{"type":"Feature","properties":{},"geometry":{"type":"LineString","coordinates":[[27.26375,53.23027],[27.26071,53.22695],[27.247,53.22112],[27.23921,53.21012],[27.22674,53.20752],[27.21558,53.20102],[27.20282,53.19803],[27.18396,53.18869],[27.15981,53.17227],[27.12921,53.16991],[27.10388,53.15695],[27.11807,53.15471],[27.12165,53.15135],[27.11932,53.13976],[27.10079,53.13487],[27.08743,53.13736]]}},{"type":"Feature","properties":{},"geometry":{"type":"LineString","coordinates":[[27.42927,53.95107],[27.42884,53.95085]]}},{"type":"Feature","properties":{},"geometry":{"type":"LineString","coordinates":[[27.42884,53.95085],[27.42886,53.95068]]}},{"type":"Feature","properties":{},"geometry":{"type":"LineString","coordinates":[[27.42884,53.95085],[27.42904,53.95083]]}},{"type":"Feature","properties":{},"geometry":{"type":"LineString","coordinates":[[27.42886,53.95068],[27.42904,53.95083]]}},{"type":"Feature","properties":{},"geometry":{"type":"LineString","coordinates":[[27.42886,53.95068],[27.42817,53.94781]]}},{"type":"Feature","properties":{},"geometry":{"type":"LineString","coordinates":[[27.42904,53.95083],[27.42913,53.95085]]}},{"type":"Feature","properties":{},"geometry":{"type":"LineString","coordinates":[[27.42913,53.95085],[27.44723,53.95011],[27.47425,53.93867],[27.4974,53.93564],[27.52479,53.92397],[27.53921,53.91442]]}},{"type":"Feature","properties":{},"geometry":{"type":"LineString","coordinates":[[27.42913,53.95085],[27.42927,53.95107]]}},{"type":"Feature","properties":{},"geometry":{"type":"LineString","coordinates":[[27.53943,53.91453],[27.52471,53.92417],[27.49666,53.93605],[27.47444,53.9388],[27.44676,53.95039],[27.42927,53.95107]]}},{"type":"Feature","properties":{},"geometry":{"type":"LineString","coordinates":[[27.2538,53.45609],[27.25351,53.45623]]}},{"type":"Feature","properties":{},"geometry":{"type":"LineString","coordinates":[[27.25351,53.45623],[27.2538,53.45609]]}},{"type":"Feature","properties":{},"geometry":{"type":"LineString","coordinates":[[27.69325,53.4378],[27.56787,53.42869],[27.49689,53.43796],[27.41375,53.41804],[27.36062,53.42675],[27.32944,53.43747],[27.29032,53.44034],[27.2538,53.45609]]}},{"type":"Feature","properties":{},"geometry":{"type":"LineString","coordinates":[[27.0812,52.98643],[27.07838,52.98632]]}},{"type":"Feature","properties":{},"geometry":{"type":"LineString","coordinates":[[27.45247,53.00497],[27.3964,52.99695],[27.0812,52.98643]]}},{"type":"Feature","properties":{},"geometry":{"type":"LineString","coordinates":[[27.0812,52.98643],[27.10288,52.96695],[27.10389,52.93103],[27.11741,52.92247],[27.16474,52.87956],[27.20591,52.85411],[27.4656,52.85325]]}},{"type":"Feature","properties":{},"geometry":{"type":"LineString","coordinates":[[27.53479,54.08977],[27.53456,54.0898]]}},{"type":"Feature","properties":{},"geometry":{"type":"LineString","coordinates":[[27.53483,54.09015],[27.53456,54.0898]]}},{"type":"Feature","properties":{},"geometry":{"type":"LineString","coordinates":[[27.53456,54.0898],[27.53467,54.0895]]}},{"type":"Feature","properties":{},"geometry":{"type":"LineString","coordinates":[[27.53479,54.08977],[27.53483,54.09015]]}},{"type":"Feature","properties":{},"geometry":{"type":"LineString","coordinates":[[27.53467,54.0895],[27.53487,54.08968]]}},{"type":"Feature","properties":{},"geometry":{"type":"LineString","coordinates":[[27.53467,54.0895],[27.53551,54.08941]]}},{"type":"Feature","properties":{},"geometry":{"type":"LineString","coordinates":[[27.53487,54.08968],[27.53479,54.08977]]}},{"type":"Feature","properties":{},"geometry":{"type":"LineString","coordinates":[[27.53551,54.08941],[27.53487,54.08968]]}},{"type":"Feature","properties":{},"geometry":{"type":"LineString","coordinates":[[27.56779,54.06942],[27.563,54.07818],[27.55464,54.08406],[27.53551,54.08941]]}},{"type":"Feature","properties":{},"geometry":{"type":"LineString","coordinates":[[26.81673,52.25663],[26.81708,52.25651]]}},{"type":"Feature","properties":{},"geometry":{"type":"LineString","coordinates":[[26.81716,52.25664],[26.81673,52.25663]]}},{"type":"Feature","properties":{},"geometry":{"type":"LineString","coordinates":[[26.81716,52.25664],[26.81708,52.25651]]}},{"type":"Feature","properties":{},"geometry":{"type":"LineString","coordinates":[[26.81708,52.25651],[26.81741,52.25662]]}},{"type":"Feature","properties":{},"geometry":{"type":"LineString","coordinates":[[26.81721,52.25665],[26.81716,52.25664]]}},{"type":"Feature","properties":{},"geometry":{"type":"LineString","coordinates":[[26.81741,52.25662],[26.81721,52.25665]]}},{"type":"Feature","properties":{},"geometry":{"type":"LineString","coordinates":[[26.81736,52.25678],[26.81721,52.25665]]}},{"type":"Feature","properties":{},"geometry":{"type":"LineString","coordinates":[[26.82919,52.2801],[26.82672,52.28148],[26.83046,52.27027],[26.82425,52.26023],[26.81736,52.25678]]}},{"type":"Feature","properties":{},"geometry":{"type":"LineString","coordinates":[[26.81741,52.25662],[26.81736,52.25678]]}},{"type":"Feature","properties":{},"geometry":{"type":"LineString","coordinates":[[26.82919,52.2801],[26.90311,52.27397],[26.95957,52.27695],[26.98557,52.27293],[27.0741,52.24866],[27.192,52.24182],[27.23958,52.23562],[27.38888,52.24697],[27.54849,52.2373]]}},{"type":"Feature","properties":{},"geometry":{"type":"LineString","coordinates":[[27.4954,53.90961],[27.49481,53.90957]]}},{"type":"Feature","properties":{},"geometry":{"type":"LineString","coordinates":[[27.49534,53.90997],[27.49481,53.90957]]}},{"type":"Feature","properties":{},"geometry":{"type":"LineString","coordinates":[[27.49481,53.90957],[27.49484,53.90943]]}},{"type":"Feature","properties":{},"geometry":{"type":"LineString","coordinates":[[27.49484,53.90943],[27.49543,53.90947]]}},{"type":"Feature","properties":{},"geometry":{"type":"LineString","coordinates":[[27.49484,53.90943],[27.49548,53.90913]]}},{"type":"Feature","properties":{},"geometry":{"type":"LineString","coordinates":[[27.49563,53.90997],[27.49534,53.90997]]}},{"type":"Feature","properties":{},"geometry":{"type":"LineString","coordinates":[[27.54731,53.93226],[27.50877,53.92833],[27.49551,53.91759],[27.49534,53.90997]]}},{"type":"Feature","properties":{},"geometry":{"type":"LineString","coordinates":[[27.49534,53.90997],[27.4954,53.90961]]}},{"type":"Feature","properties":{},"geometry":{"type":"LineString","coordinates":[[27.49566,53.90963],[27.4954,53.90961]]}},{"type":"Feature","properties":{},"geometry":{"type":"LineString","coordinates":[[27.4954,53.90961],[27.49543,53.90947]]}},{"type":"Feature","properties":{},"geometry":{"type":"LineString","coordinates":[[27.49563,53.90997],[27.49565,53.9174],[27.50886,53.9282],[27.54736,53.93214]]}},{"type":"Feature","properties":{},"geometry":{"type":"LineString","coordinates":[[27.49566,53.90963],[27.49563,53.90997]]}},{"type":"Feature","properties":{},"geometry":{"type":"LineString","coordinates":[[27.49622,53.90968],[27.49563,53.90997]]}},{"type":"Feature","properties":{},"geometry":{"type":"LineString","coordinates":[[27.49543,53.90947],[27.49568,53.90949]]}},{"type":"Feature","properties":{},"geometry":{"type":"LineString","coordinates":[[27.49543,53.90947],[27.49548,53.90913]]}},{"type":"Feature","properties":{},"geometry":{"type":"LineString","coordinates":[[27.49622,53.90968],[27.49566,53.90963]]}},{"type":"Feature","properties":{},"geometry":{"type":"LineString","coordinates":[[27.49568,53.90949],[27.49566,53.90963]]}},{"type":"Feature","properties":{},"geometry":{"type":"LineString","coordinates":[[27.49548,53.90913],[27.49574,53.90914]]}},{"type":"Feature","properties":{},"geometry":{"type":"LineString","coordinates":[[27.49548,53.90913],[27.50253,53.88549],[27.5275,53.87381]]}},{"type":"Feature","properties":{},"geometry":{"type":"LineString","coordinates":[[27.49568,53.90949],[27.49625,53.90953]]}},{"type":"Feature","properties":{},"geometry":{"type":"LineString","coordinates":[[27.49574,53.90914],[27.49568,53.90949]]}},{"type":"Feature","properties":{},"geometry":{"type":"LineString","coordinates":[[27.49574,53.90914],[27.49625,53.90953]]}},{"type":"Feature","properties":{},"geometry":{"type":"LineString","coordinates":[[27.52769,53.8739],[27.50295,53.88538],[27.49574,53.90914]]}},{"type":"Feature","properties":{},"geometry":{"type":"LineString","coordinates":[[27.53356,53.90601],[27.49622,53.90968]]}},{"type":"Feature","properties":{},"geometry":{"type":"LineString","coordinates":[[27.49625,53.90953],[27.49622,53.90968]]}},{"type":"Feature","properties":{},"geometry":{"type":"LineString","coordinates":[[27.49625,53.90953],[27.53355,53.9059]]}},{"type":"Feature","properties":{},"geometry":{"type":"LineString","coordinates":[[27.56779,54.06942],[27.56763,54.06785]]}},{"type":"Feature","properties":{},"geometry":{"type":"LineString","coordinates":[[27.56793,54.06783],[27.56779,54.06942]]}},{"type":"Feature","properties":{},"geometry":{"type":"LineString","coordinates":[[27.56793,54.06783],[27.56763,54.06785]]}},{"type":"Feature","properties":{},"geometry":{"type":"LineString","coordinates":[[27.56763,54.06785],[27.56756,54.06758]]}},{"type":"Feature","properties":{},"geometry":{"type":"LineString","coordinates":[[27.56756,54.06758],[27.5676,54.05317],[27.55968,54.02769],[27.5378,54.00637],[27.53797,53.9937],[27.53219,53.98506],[27.53852,53.96737],[27.53473,53.95255],[27.54262,53.94012]]}},{"type":"Feature","properties":{},"geometry":{"type":"LineString","coordinates":[[27.56756,54.06758],[27.56783,54.06754]]}},{"type":"Feature","properties":{},"geometry":{"type":"LineString","coordinates":[[27.56783,54.06754],[27.56793,54.06783]]}},{"type":"Feature","properties":{},"geometry":{"type":"LineString","coordinates":[[27.54262,53.94012],[27.53498,53.95257],[27.53875,53.9674],[27.53229,53.9849],[27.53807,53.99351],[27.53792,54.00636],[27.56002,54.02816],[27.56792,54.05311],[27.56783,54.06754]]}},{"type":"Feature","properties":{},"geometry":{"type":"LineString","coordinates":[[27.69253,54.05558],[27.67972,54.05458],[27.66004,54.05838],[27.60748,54.05738],[27.58541,54.06396],[27.57393,54.06137],[27.56718,54.06379]]}},{"type":"Feature","properties":{},"geometry":{"type":"LineString","coordinates":[[26.68546,51.80772],[26.68981,51.81792]]}},{"type":"Feature","properties":{},"geometry":{"type":"LineString","coordinates":[[26.68981,51.81792],[26.69087,51.82033]]}},{"type":"Feature","properties":{},"geometry":{"type":"LineString","coordinates":[[26.69087,51.82033],[26.68981,51.81792]]}},{"type":"Feature","properties":{},"geometry":{"type":"LineString","coordinates":[[26.69087,51.82033],[26.69815,51.82487]]}},{"type":"Feature","properties":{},"geometry":{"type":"LineString","coordinates":[[27.52426,53.90613],[27.52074,53.90682]]}},{"type":"Feature","properties":{},"geometry":{"type":"LineString","coordinates":[[26.69815,51.82487],[26.70496,51.82694]]}},{"type":"Feature","properties":{},"geometry":{"type":"LineString","coordinates":[[26.70496,51.82694],[26.69815,51.82487]]}},{"type":"Feature","properties":{},"geometry":{"type":"LineString","coordinates":[[27.52648,53.91119],[27.52426,53.90613]]}},{"type":"Feature","properties":{},"geometry":{"type":"LineString","coordinates":[[27.52426,53.90613],[27.53161,53.89455],[27.54058,53.89156]]}},{"type":"Feature","properties":{},"geometry":{"type":"LineString","coordinates":[[27.52663,53.91124],[27.52648,53.91119]]}},{"type":"Feature","properties":{},"geometry":{"type":"LineString","coordinates":[[27.52648,53.91119],[27.52664,53.91104]]}},{"type":"Feature","properties":{},"geometry":{"type":"LineString","coordinates":[[27.53921,53.91442],[27.52663,53.91124]]}},{"type":"Feature","properties":{},"geometry":{"type":"LineString","coordinates":[[27.52679,53.91109],[27.52663,53.91124]]}},{"type":"Feature","properties":{},"geometry":{"type":"LineString","coordinates":[[27.52664,53.91104],[27.52679,53.91109]]}},{"type":"Feature","properties":{},"geometry":{"type":"LineString","coordinates":[[27.54007,53.89188],[27.53068,53.89588],[27.52384,53.90744],[27.52664,53.91104]]}},{"type":"Feature","properties":{},"geometry":{"type":"LineString","coordinates":[[27.52664,53.91104],[27.53356,53.90601]]}},{"type":"Feature","properties":{},"geometry":{"type":"LineString","coordinates":[[27.52679,53.91109],[27.53942,53.91435]]}},{"type":"Feature","properties":{},"geometry":{"type":"LineString","coordinates":[[27.53378,53.90599],[27.52679,53.91109]]}},{"type":"Feature","properties":{},"geometry":{"type":"LineString","coordinates":[[26.84275,51.88575],[26.83369,51.88529],[26.80161,51.87363],[26.79655,51.85639],[26.78767,51.84859],[26.74506,51.84005],[26.70496,51.82694]]}},{"type":"Feature","properties":{},"geometry":{"type":"LineString","coordinates":[[27.54731,53.93226],[27.54262,53.94012]]}},{"type":"Feature","properties":{},"geometry":{"type":"LineString","coordinates":[[27.53356,53.90601],[27.53355,53.9059]]}},{"type":"Feature","properties":{},"geometry":{"type":"LineString","coordinates":[[27.53378,53.90599],[27.53356,53.90601]]}},{"type":"Feature","properties":{},"geometry":{"type":"LineString","coordinates":[[27.53355,53.9059],[27.53724,53.89678]]}},{"type":"Feature","properties":{},"geometry":{"type":"LineString","coordinates":[[27.53355,53.9059],[27.53378,53.90588]]}},{"type":"Feature","properties":{},"geometry":{"type":"LineString","coordinates":[[27.53378,53.90588],[27.53378,53.90599]]}},{"type":"Feature","properties":{},"geometry":{"type":"LineString","coordinates":[[27.54857,53.90189],[27.53378,53.90599]]}},{"type":"Feature","properties":{},"geometry":{"type":"LineString","coordinates":[[27.53802,53.89699],[27.53378,53.90588]]}},{"type":"Feature","properties":{},"geometry":{"type":"LineString","coordinates":[[27.53378,53.90588],[27.54847,53.90182]]}},{"type":"Feature","properties":{},"geometry":{"type":"LineString","coordinates":[[27.53943,53.91453],[27.53921,53.91442]]}},{"type":"Feature","properties":{},"geometry":{"type":"LineString","coordinates":[[27.53921,53.91442],[27.53942,53.91435]]}},{"type":"Feature","properties":{},"geometry":{"type":"LineString","coordinates":[[27.56393,53.91687],[27.54705,53.91751],[27.53943,53.91453]]}},{"type":"Feature","properties":{},"geometry":{"type":"LineString","coordinates":[[27.53966,53.91445],[27.53943,53.91453]]}},{"type":"Feature","properties":{},"geometry":{"type":"LineString","coordinates":[[27.53942,53.91435],[27.53966,53.91445]]}},{"type":"Feature","properties":{},"geometry":{"type":"LineString","coordinates":[[27.53942,53.91435],[27.54674,53.91171],[27.55895,53.90061]]}},{"type":"Feature","properties":{},"geometry":{"type":"LineString","coordinates":[[27.53966,53.91445],[27.54674,53.91737],[27.5639,53.91674]]}},{"type":"Feature","properties":{},"geometry":{"type":"LineString","coordinates":[[27.55905,53.90066],[27.54694,53.91173],[27.53966,53.91445]]}},{"type":"Feature","properties":{},"geometry":{"type":"LineString","coordinates":[[27.57665,53.93171],[27.54731,53.93226]]}},{"type":"Feature","properties":{},"geometry":{"type":"LineString","coordinates":[[27.54736,53.93214],[27.54731,53.93226]]}},{"type":"Feature","properties":{},"geometry":{"type":"LineString","coordinates":[[27.54736,53.93214],[27.5762,53.93128]]}},{"type":"Feature","properties":{},"geometry":{"type":"LineString","coordinates":[[27.45515,53.70844],[27.53299,53.73123],[27.62601,53.74292],[27.66895,53.76074],[27.7241,53.78932],[27.78486,53.80209],[27.80286,53.808],[27.92718,53.87402],[27.9405,53.88911],[27.96364,53.93727],[27.97345,53.94652],[27.98856,53.95392],[28.05121,53.97217],[28.09172,53.98674],[28.13946,53.99866],[28.19205,54.01489],[28.36506,54.03386],[28.39115,54.03935],[28.429,54.05104],[28.45896,54.06668],[28.47651,54.07919],[28.51902,54.11952],[28.55017,54.14523],[28.58289,54.18533],[28.60614,54.20736],[28.65417,54.24046],[28.67043,54.26258],[28.68602,54.26856]]}},{"type":"Feature","properties":{},"geometry":{"type":"LineString","coordinates":[[27.69051,54.05489],[27.65845,54.05229],[27.63354,54.04718],[27.60613,54.04621],[27.52746,54.06086],[27.47106,54.06755],[27.44343,54.06751],[27.4104,54.06185],[27.32036,54.06479],[27.26304,54.07153],[27.2279,54.0595],[27.19632,54.05383],[27.18531,54.04943],[27.16752,54.03451],[27.14074,54.01854],[27.10111,53.98222],[27.08021,53.95682],[27.07087,53.90809],[27.07504,53.89771],[27.08512,53.88869],[27.10187,53.88107],[27.12637,53.87666],[27.15837,53.86579],[27.1814,53.85206],[27.21369,53.83801],[27.24634,53.82978],[27.268,53.81767],[27.33851,53.791],[27.36852,53.76692],[27.39697,53.76149],[27.40692,53.75715],[27.41993,53.73406],[27.44195,53.70771],[27.44812,53.70437],[27.45515,53.70844]]}},{"type":"Feature","properties":{},"geometry":{"type":"LineString","coordinates":[[27.5254,53.87232],[27.52519,53.87229]]}},{"type":"Feature","properties":{},"geometry":{"type":"LineString","coordinates":[[27.52996,53.87526],[27.52519,53.87229]]}},{"type":"Feature","properties":{},"geometry":{"type":"LineString","coordinates":[[27.52519,53.87229],[27.52249,53.86963],[27.52584,53.8676]]}},{"type":"Feature","properties":{},"geometry":{"type":"LineString","coordinates":[[27.52519,53.87229],[27.52584,53.8676]]}},{"type":"Feature","properties":{},"geometry":{"type":"LineString","coordinates":[[27.5275,53.87381],[27.5254,53.87232]]}},{"type":"Feature","properties":{},"geometry":{"type":"LineString","coordinates":[[27.5254,53.87232],[27.52979,53.87512]]}},{"type":"Feature","properties":{},"geometry":{"type":"LineString","coordinates":[[27.52538,53.87214],[27.5254,53.87232]]}},{"type":"Feature","properties":{},"geometry":{"type":"LineString","coordinates":[[27.52538,53.87214],[27.52773,53.87338]]}},{"type":"Feature","properties":{},"geometry":{"type":"LineString","coordinates":[[27.52612,53.86763],[27.52538,53.87214]]}},{"type":"Feature","properties":{},"geometry":{"type":"LineString","coordinates":[[27.5275,53.87381],[27.52795,53.87364]]}},{"type":"Feature","properties":{},"geometry":{"type":"LineString","coordinates":[[27.5496,53.22086],[27.5287,53.21921],[27.49594,53.22189],[27.42164,53.21724],[27.26375,53.23027]]}},{"type":"Feature","properties":{},"geometry":{"type":"LineString","coordinates":[[27.52795,53.87364],[27.52769,53.8739]]}},{"type":"Feature","properties":{},"geometry":{"type":"LineString","coordinates":[[27.5285,53.8736],[27.52769,53.8739]]}},{"type":"Feature","properties":{},"geometry":{"type":"LineString","coordinates":[[27.52979,53.87512],[27.52769,53.8739]]}},{"type":"Feature","properties":{},"geometry":{"type":"LineString","coordinates":[[27.53802,53.89699],[27.53724,53.89678]]}},{"type":"Feature","properties":{},"geometry":{"type":"LineString","coordinates":[[27.53724,53.89678],[27.53709,53.89639]]}},{"type":"Feature","properties":{},"geometry":{"type":"LineString","coordinates":[[27.53709,53.89639],[27.53779,53.89597]]}},{"type":"Feature","properties":{},"geometry":{"type":"LineString","coordinates":[[27.52773,53.87338],[27.52837,53.87348]]}},{"type":"Feature","properties":{},"geometry":{"type":"LineString","coordinates":[[27.52773,53.87338],[27.52795,53.87364]]}},{"type":"Feature","properties":{},"geometry":{"type":"LineString","coordinates":[[27.52795,53.87364],[27.52837,53.87348]]}},{"type":"Feature","properties":{},"geometry":{"type":"LineString","coordinates":[[27.53843,53.89691],[27.53802,53.89699]]}},{"type":"Feature","properties":{},"geometry":{"type":"LineString","coordinates":[[27.52584,53.8676],[27.52602,53.8675]]}},{"type":"Feature","properties":{},"geometry":{"type":"LineString","coordinates":[[27.52837,53.87348],[27.5653,53.87215],[27.59626,53.87619]]}},{"type":"Feature","properties":{},"geometry":{"type":"LineString","coordinates":[[27.53779,53.89597],[27.53798,53.89596]]}},{"type":"Feature","properties":{},"geometry":{"type":"LineString","coordinates":[[27.5285,53.8736],[27.53008,53.87518]]}},{"type":"Feature","properties":{},"geometry":{"type":"LineString","coordinates":[[27.59628,53.87632],[27.56262,53.8722],[27.5285,53.8736]]}},{"type":"Feature","properties":{},"geometry":{"type":"LineString","coordinates":[[27.52602,53.8675],[27.52612,53.86763]]}},{"type":"Feature","properties":{},"geometry":{"type":"LineString","coordinates":[[27.52602,53.8675],[27.53809,53.85904]]}},{"type":"Feature","properties":{},"geometry":{"type":"LineString","coordinates":[[27.53807,53.85941],[27.52612,53.86763]]}},{"type":"Feature","properties":{},"geometry":{"type":"LineString","coordinates":[[27.53798,53.89596],[27.53869,53.8962]]}},{"type":"Feature","properties":{},"geometry":{"type":"LineString","coordinates":[[27.53798,53.89596],[27.54139,53.89322]]}},{"type":"Feature","properties":{},"geometry":{"type":"LineString","coordinates":[[27.54847,53.90182],[27.53843,53.89691]]}},{"type":"Feature","properties":{},"geometry":{"type":"LineString","coordinates":[[27.53882,53.89652],[27.53843,53.89691]]}},{"type":"Feature","properties":{},"geometry":{"type":"LineString","coordinates":[[27.52979,53.87512],[27.53008,53.87518]]}},{"type":"Feature","properties":{},"geometry":{"type":"LineString","coordinates":[[27.52996,53.87526],[27.52979,53.87512]]}},{"type":"Feature","properties":{},"geometry":{"type":"LineString","coordinates":[[27.53882,53.89652],[27.54861,53.90174]]}},{"type":"Feature","properties":{},"geometry":{"type":"LineString","coordinates":[[27.53869,53.8962],[27.53882,53.89652]]}},{"type":"Feature","properties":{},"geometry":{"type":"LineString","coordinates":[[27.54143,53.89336],[27.53869,53.8962]]}},{"type":"Feature","properties":{},"geometry":{"type":"LineString","coordinates":[[27.536,53.88187],[27.52996,53.87526]]}},{"type":"Feature","properties":{},"geometry":{"type":"LineString","coordinates":[[27.53008,53.87518],[27.53506,53.87898],[27.54009,53.89035],[27.5503,53.89617]]}},{"type":"Feature","properties":{},"geometry":{"type":"LineString","coordinates":[[27.54035,53.89179],[27.54007,53.89188]]}},{"type":"Feature","properties":{},"geometry":{"type":"LineString","coordinates":[[27.54079,53.89191],[27.54007,53.89188]]}},{"type":"Feature","properties":{},"geometry":{"type":"LineString","coordinates":[[27.5398,53.8902],[27.536,53.88187]]}},{"type":"Feature","properties":{},"geometry":{"type":"LineString","coordinates":[[27.5393,53.88367],[27.536,53.88187]]}},{"type":"Feature","properties":{},"geometry":{"type":"LineString","coordinates":[[27.54065,53.89168],[27.54035,53.89179]]}},{"type":"Feature","properties":{},"geometry":{"type":"LineString","coordinates":[[27.54068,53.89173],[27.54035,53.89179]]}},{"type":"Feature","properties":{},"geometry":{"type":"LineString","coordinates":[[27.55023,53.89628],[27.5398,53.8902]]}},{"type":"Feature","properties":{},"geometry":{"type":"LineString","coordinates":[[27.54028,53.89107],[27.5398,53.8902]]}},{"type":"Feature","properties":{},"geometry":{"type":"LineString","coordinates":[[27.54058,53.89156],[27.54028,53.89107]]}},{"type":"Feature","properties":{},"geometry":{"type":"LineString","coordinates":[[27.54028,53.89107],[27.54072,53.8915]]}},{"type":"Feature","properties":{},"geometry":{"type":"LineString","coordinates":[[27.54065,53.89168],[27.54058,53.89156]]}},{"type":"Feature","properties":{},"geometry":{"type":"LineString","coordinates":[[27.54058,53.89156],[27.54072,53.8915]]}},{"type":"Feature","properties":{},"geometry":{"type":"LineString","coordinates":[[27.54068,53.89173],[27.54065,53.89168]]}},{"type":"Feature","properties":{},"geometry":{"type":"LineString","coordinates":[[27.54079,53.89161],[27.54065,53.89168]]}},{"type":"Feature","properties":{},"geometry":{"type":"LineString","coordinates":[[27.54079,53.89191],[27.54068,53.89173]]}},{"type":"Feature","properties":{},"geometry":{"type":"LineString","coordinates":[[27.54085,53.8917],[27.54068,53.89173]]}},{"type":"Feature","properties":{},"geometry":{"type":"LineString","coordinates":[[27.54127,53.89293],[27.54079,53.89191]]}},{"type":"Feature","properties":{},"geometry":{"type":"LineString","coordinates":[[27.54127,53.89293],[27.54079,53.89191]]}},{"type":"Feature","properties":{},"geometry":{"type":"LineString","coordinates":[[27.54143,53.89336],[27.54139,53.89322]]}},{"type":"Feature","properties":{},"geometry":{"type":"LineString","coordinates":[[27.54171,53.89328],[27.54143,53.89336]]}},{"type":"Feature","properties":{},"geometry":{"type":"LineString","coordinates":[[27.54139,53.89322],[27.54127,53.89293]]}},{"type":"Feature","properties":{},"geometry":{"type":"LineString","coordinates":[[27.54139,53.89322],[27.54163,53.89317]]}},{"type":"Feature","properties":{},"geometry":{"type":"LineString","coordinates":[[27.54072,53.8915],[27.54079,53.89161]]}},{"type":"Feature","properties":{},"geometry":{"type":"LineString","coordinates":[[27.54072,53.8915],[27.54943,53.88584]]}},{"type":"Feature","properties":{},"geometry":{"type":"LineString","coordinates":[[27.54079,53.89161],[27.54085,53.8917]]}},{"type":"Feature","properties":{},"geometry":{"type":"LineString","coordinates":[[27.54226,53.8909],[27.54079,53.89161]]}},{"type":"Feature","properties":{},"geometry":{"type":"LineString","coordinates":[[27.54085,53.8917],[27.54098,53.89189]]}},{"type":"Feature","properties":{},"geometry":{"type":"LineString","coordinates":[[27.54226,53.8909],[27.54085,53.8917]]}},{"type":"Feature","properties":{},"geometry":{"type":"LineString","coordinates":[[27.54098,53.89189],[27.54137,53.89265]]}},{"type":"Feature","properties":{},"geometry":{"type":"LineString","coordinates":[[27.54098,53.89189],[27.54137,53.89265]]}},{"type":"Feature","properties":{},"geometry":{"type":"LineString","coordinates":[[27.54137,53.89265],[27.54163,53.89317]]}},{"type":"Feature","properties":{},"geometry":{"type":"LineString","coordinates":[[27.54163,53.89317],[27.54171,53.89328]]}},{"type":"Feature","properties":{},"geometry":{"type":"LineString","coordinates":[[27.54163,53.89317],[27.55651,53.89217]]}},{"type":"Feature","properties":{},"geometry":{"type":"LineString","coordinates":[[27.55634,53.89227],[27.54171,53.89328]]}},{"type":"Feature","properties":{},"geometry":{"type":"LineString","coordinates":[[27.53724,53.88198],[27.5393,53.88367]]}},{"type":"Feature","properties":{},"geometry":{"type":"LineString","coordinates":[[27.5509,53.8858],[27.54226,53.8909]]}},{"type":"Feature","properties":{},"geometry":{"type":"LineString","coordinates":[[27.5393,53.88367],[27.54786,53.88578]]}},{"type":"Feature","properties":{},"geometry":{"type":"LineString","coordinates":[[27.54857,53.90189],[27.54847,53.90182]]}},{"type":"Feature","properties":{},"geometry":{"type":"LineString","coordinates":[[27.54847,53.90182],[27.54861,53.90174]]}},{"type":"Feature","properties":{},"geometry":{"type":"LineString","coordinates":[[27.55999,53.91186],[27.54857,53.90189]]}},{"type":"Feature","properties":{},"geometry":{"type":"LineString","coordinates":[[27.54872,53.90181],[27.54857,53.90189]]}},{"type":"Feature","properties":{},"geometry":{"type":"LineString","coordinates":[[27.54861,53.90174],[27.54872,53.90181]]}},{"type":"Feature","properties":{},"geometry":{"type":"LineString","coordinates":[[27.54861,53.90174],[27.55359,53.89795]]}},{"type":"Feature","properties":{},"geometry":{"type":"LineString","coordinates":[[27.54872,53.90181],[27.55999,53.91186]]}},{"type":"Feature","properties":{},"geometry":{"type":"LineString","coordinates":[[27.55367,53.89799],[27.54872,53.90181]]}},{"type":"Feature","properties":{},"geometry":{"type":"LineString","coordinates":[[27.55359,53.89795],[27.55023,53.89628]]}},{"type":"Feature","properties":{},"geometry":{"type":"LineString","coordinates":[[27.55023,53.89628],[27.5503,53.89617]]}},{"type":"Feature","properties":{},"geometry":{"type":"LineString","coordinates":[[27.55042,53.89624],[27.55023,53.89628]]}},{"type":"Feature","properties":{},"geometry":{"type":"LineString","coordinates":[[27.5503,53.89617],[27.55042,53.89624]]}},{"type":"Feature","properties":{},"geometry":{"type":"LineString","coordinates":[[27.5503,53.89617],[27.55634,53.89227]]}},{"type":"Feature","properties":{},"geometry":{"type":"LineString","coordinates":[[27.55042,53.89624],[27.55371,53.89787]]}},{"type":"Feature","properties":{},"geometry":{"type":"LineString","coordinates":[[27.55646,53.89234],[27.55042,53.89624]]}},{"type":"Feature","properties":{},"geometry":{"type":"LineString","coordinates":[[27.54943,53.88584],[27.54786,53.88578]]}},{"type":"Feature","properties":{},"geometry":{"type":"LineString","coordinates":[[27.54786,53.88578],[27.54986,53.88569]]}},{"type":"Feature","properties":{},"geometry":{"type":"LineString","coordinates":[[27.55367,53.89799],[27.55359,53.89795]]}},{"type":"Feature","properties":{},"geometry":{"type":"LineString","coordinates":[[27.55359,53.89795],[27.55371,53.89787]]}},{"type":"Feature","properties":{},"geometry":{"type":"LineString","coordinates":[[27.55895,53.90061],[27.55367,53.89799]]}},{"type":"Feature","properties":{},"geometry":{"type":"LineString","coordinates":[[27.55371,53.89787],[27.55367,53.89799]]}},{"type":"Feature","properties":{},"geometry":{"type":"LineString","coordinates":[[27.55371,53.89787],[27.5591,53.90053]]}},{"type":"Feature","properties":{},"geometry":{"type":"LineString","coordinates":[[27.5488,53.87295],[27.54753,53.86838],[27.53807,53.85941]]}},{"type":"Feature","properties":{},"geometry":{"type":"LineString","coordinates":[[27.53807,53.85941],[27.53809,53.85904]]}},{"type":"Feature","properties":{},"geometry":{"type":"LineString","coordinates":[[27.53845,53.8588],[27.53807,53.85941]]}},{"type":"Feature","properties":{},"geometry":{"type":"LineString","coordinates":[[27.5639,53.91674],[27.55999,53.91186]]}},{"type":"Feature","properties":{},"geometry":{"type":"LineString","coordinates":[[27.53809,53.85904],[27.53312,53.84094],[27.5339,53.82601],[27.52862,53.7937],[27.51374,53.75054],[27.51975,53.71147],[27.52594,53.69886],[27.47335,53.65372],[27.467,53.64272],[27.46426,53.59472],[27.47662,53.54598],[27.47276,53.52227],[27.47476,53.50624],[27.46221,53.47492],[27.46659,53.46333],[27.48865,53.44392],[27.4939,53.43472],[27.49318,53.42464],[27.4814,53.40626],[27.48273,53.39369],[27.49118,53.38071],[27.50696,53.3681],[27.52649,53.33794],[27.54916,53.28754],[27.55043,53.22098]]}},{"type":"Feature","properties":{},"geometry":{"type":"LineString","coordinates":[[27.5509,53.8858],[27.54943,53.88584]]}},{"type":"Feature","properties":{},"geometry":{"type":"LineString","coordinates":[[27.54943,53.88584],[27.54986,53.88569]]}},{"type":"Feature","properties":{},"geometry":{"type":"LineString","coordinates":[[27.53845,53.8588],[27.53955,53.86255],[27.54782,53.8683],[27.54911,53.87293]]}},{"type":"Feature","properties":{},"geometry":{"type":"LineString","coordinates":[[27.46685,53.63865],[27.47352,53.65367],[27.526,53.69835],[27.52001,53.71135],[27.514,53.7507],[27.52901,53.79446],[27.53419,53.82628],[27.53341,53.84108],[27.53845,53.8588]]}},{"type":"Feature","properties":{},"geometry":{"type":"LineString","coordinates":[[27.54986,53.88569],[27.56681,53.8857]]}},{"type":"Feature","properties":{},"geometry":{"type":"LineString","coordinates":[[27.56668,53.88586],[27.5509,53.8858]]}},{"type":"Feature","properties":{},"geometry":{"type":"LineString","coordinates":[[27.56646,53.92002],[27.56393,53.91687]]}},{"type":"Feature","properties":{},"geometry":{"type":"LineString","coordinates":[[27.56393,53.91687],[27.5639,53.91674]]}},{"type":"Feature","properties":{},"geometry":{"type":"LineString","coordinates":[[27.56408,53.91685],[27.56393,53.91687]]}},{"type":"Feature","properties":{},"geometry":{"type":"LineString","coordinates":[[27.5639,53.91674],[27.56408,53.91685]]}},{"type":"Feature","properties":{},"geometry":{"type":"LineString","coordinates":[[27.5639,53.91674],[27.57484,53.91342]]}},{"type":"Feature","properties":{},"geometry":{"type":"LineString","coordinates":[[27.56408,53.91685],[27.57708,53.93088]]}},{"type":"Feature","properties":{},"geometry":{"type":"LineString","coordinates":[[27.57502,53.91352],[27.56408,53.91685]]}},{"type":"Feature","properties":{},"geometry":{"type":"LineString","coordinates":[[27.55905,53.90066],[27.55895,53.90061]]}},{"type":"Feature","properties":{},"geometry":{"type":"LineString","coordinates":[[27.55895,53.90061],[27.5591,53.90053]]}},{"type":"Feature","properties":{},"geometry":{"type":"LineString","coordinates":[[27.57403,53.90848],[27.55905,53.90066]]}},{"type":"Feature","properties":{},"geometry":{"type":"LineString","coordinates":[[27.5591,53.90053],[27.55905,53.90066]]}},{"type":"Feature","properties":{},"geometry":{"type":"LineString","coordinates":[[27.5591,53.90053],[27.57454,53.9081]]}},{"type":"Feature","properties":{},"geometry":{"type":"LineString","coordinates":[[27.55646,53.89234],[27.55634,53.89227]]}},{"type":"Feature","properties":{},"geometry":{"type":"LineString","coordinates":[[27.55634,53.89227],[27.55651,53.89217]]}},{"type":"Feature","properties":{},"geometry":{"type":"LineString","coordinates":[[27.58417,53.90454],[27.55646,53.89234]]}},{"type":"Feature","properties":{},"geometry":{"type":"LineString","coordinates":[[27.55664,53.89223],[27.55646,53.89234]]}},{"type":"Feature","properties":{},"geometry":{"type":"LineString","coordinates":[[27.55651,53.89217],[27.55664,53.89223]]}},{"type":"Feature","properties":{},"geometry":{"type":"LineString","coordinates":[[27.55651,53.89217],[27.56668,53.88586]]}},{"type":"Feature","properties":{},"geometry":{"type":"LineString","coordinates":[[27.55664,53.89223],[27.58464,53.9047]]}},{"type":"Feature","properties":{},"geometry":{"type":"LineString","coordinates":[[27.56684,53.88587],[27.55664,53.89223]]}},{"type":"Feature","properties":{},"geometry":{"type":"LineString","coordinates":[[27.57621,53.93125],[27.5717,53.92636]]}},{"type":"Feature","properties":{},"geometry":{"type":"LineString","coordinates":[[27.57665,53.93171],[27.5762,53.93128]]}},{"type":"Feature","properties":{},"geometry":{"type":"LineString","coordinates":[[27.5762,53.93128],[27.57621,53.93125]]}},{"type":"Feature","properties":{},"geometry":{"type":"LineString","coordinates":[[27.57621,53.93125],[27.57708,53.93088]]}},{"type":"Feature","properties":{},"geometry":{"type":"LineString","coordinates":[[27.57768,53.93132],[27.57665,53.93171]]}},{"type":"Feature","properties":{},"geometry":{"type":"LineString","coordinates":[[27.57708,53.93088],[27.57731,53.93093]]}},{"type":"Feature","properties":{},"geometry":{"type":"LineString","coordinates":[[27.57731,53.93093],[27.59391,53.92608]]}},{"type":"Feature","properties":{},"geometry":{"type":"LineString","coordinates":[[27.57731,53.93093],[27.57768,53.93132]]}},{"type":"Feature","properties":{},"geometry":{"type":"LineString","coordinates":[[27.59403,53.92618],[27.57768,53.93132]]}},{"type":"Feature","properties":{},"geometry":{"type":"LineString","coordinates":[[27.61976,53.96871],[27.59825,53.97116]]}},{"type":"Feature","properties":{},"geometry":{"type":"LineString","coordinates":[[27.57502,53.91352],[27.57484,53.91342]]}},{"type":"Feature","properties":{},"geometry":{"type":"LineString","coordinates":[[27.57484,53.91342],[27.57763,53.91055]]}},{"type":"Feature","properties":{},"geometry":{"type":"LineString","coordinates":[[27.57484,53.91342],[27.5751,53.91342]]}},{"type":"Feature","properties":{},"geometry":{"type":"LineString","coordinates":[[27.59391,53.92608],[27.58406,53.91707],[27.57502,53.91352]]}},{"type":"Feature","properties":{},"geometry":{"type":"LineString","coordinates":[[27.5751,53.91342],[27.57502,53.91352]]}},{"type":"Feature","properties":{},"geometry":{"type":"LineString","coordinates":[[27.5751,53.91342],[27.58239,53.91574],[27.59413,53.92604]]}},{"type":"Feature","properties":{},"geometry":{"type":"LineString","coordinates":[[27.57779,53.91069],[27.5751,53.91342]]}},{"type":"Feature","properties":{},"geometry":{"type":"LineString","coordinates":[[27.57511,53.90898],[27.57403,53.90848]]}},{"type":"Feature","properties":{},"geometry":{"type":"LineString","coordinates":[[27.57403,53.90848],[27.57454,53.9081]]}},{"type":"Feature","properties":{},"geometry":{"type":"LineString","coordinates":[[27.57454,53.9081],[27.57559,53.90868]]}},{"type":"Feature","properties":{},"geometry":{"type":"LineString","coordinates":[[27.57763,53.91055],[27.57511,53.90898]]}},{"type":"Feature","properties":{},"geometry":{"type":"LineString","coordinates":[[27.57559,53.90868],[27.57511,53.90898]]}},{"type":"Feature","properties":{},"geometry":{"type":"LineString","coordinates":[[27.57559,53.90868],[27.57779,53.91049]]}},{"type":"Feature","properties":{},"geometry":{"type":"LineString","coordinates":[[27.56684,53.88587],[27.56668,53.88586]]}},{"type":"Feature","properties":{},"geometry":{"type":"LineString","coordinates":[[27.56668,53.88586],[27.56681,53.8857]]}},{"type":"Feature","properties":{},"geometry":{"type":"LineString","coordinates":[[27.60063,53.88096],[27.57969,53.88731],[27.56684,53.88587]]}},{"type":"Feature","properties":{},"geometry":{"type":"LineString","coordinates":[[27.56697,53.88573],[27.56684,53.88587]]}},{"type":"Feature","properties":{},"geometry":{"type":"LineString","coordinates":[[27.56681,53.8857],[27.56697,53.88573]]}},{"type":"Feature","properties":{},"geometry":{"type":"LineString","coordinates":[[27.56681,53.8857],[27.57254,53.85765],[27.56897,53.84575],[27.57389,53.84136],[27.57509,53.83361]]}},{"type":"Feature","properties":{},"geometry":{"type":"LineString","coordinates":[[27.56697,53.88573],[27.57969,53.88717],[27.60045,53.88089]]}},{"type":"Feature","properties":{},"geometry":{"type":"LineString","coordinates":[[27.57509,53.83361],[27.57415,53.84123],[27.5692,53.84594],[27.57284,53.85752],[27.56697,53.88573]]}},{"type":"Feature","properties":{},"geometry":{"type":"LineString","coordinates":[[27.57779,53.91069],[27.57763,53.91055]]}},{"type":"Feature","properties":{},"geometry":{"type":"LineString","coordinates":[[27.57763,53.91055],[27.57779,53.91049]]}},{"type":"Feature","properties":{},"geometry":{"type":"LineString","coordinates":[[27.60096,53.92236],[27.58521,53.91667],[27.57779,53.91069]]}},{"type":"Feature","properties":{},"geometry":{"type":"LineString","coordinates":[[27.57795,53.91063],[27.57779,53.91069]]}},{"type":"Feature","properties":{},"geometry":{"type":"LineString","coordinates":[[27.57779,53.91049],[27.57795,53.91063]]}},{"type":"Feature","properties":{},"geometry":{"type":"LineString","coordinates":[[27.57779,53.91049],[27.58243,53.90793]]}},{"type":"Feature","properties":{},"geometry":{"type":"LineString","coordinates":[[27.57795,53.91063],[27.58534,53.9166],[27.60101,53.92228]]}},{"type":"Feature","properties":{},"geometry":{"type":"LineString","coordinates":[[27.58327,53.90843],[27.57795,53.91063]]}},{"type":"Feature","properties":{},"geometry":{"type":"LineString","coordinates":[[27.55067,53.22099],[27.54944,53.28737],[27.52688,53.33762],[27.50678,53.3686],[27.491,53.38114],[27.48296,53.39365],[27.48161,53.40624],[27.4936,53.42514],[27.49392,53.43545],[27.48916,53.44369],[27.46705,53.46312],[27.4627,53.4725],[27.46324,53.48055],[27.47487,53.50578],[27.47295,53.52209],[27.47683,53.54699],[27.46442,53.59516],[27.46685,53.63865]]}},{"type":"Feature","properties":{},"geometry":{"type":"LineString","coordinates":[[27.58243,53.90793],[27.58448,53.90497]]}},{"type":"Feature","properties":{},"geometry":{"type":"LineString","coordinates":[[27.58243,53.90793],[27.58321,53.90785]]}},{"type":"Feature","properties":{},"geometry":{"type":"LineString","coordinates":[[27.58339,53.90798],[27.58327,53.90843]]}},{"type":"Feature","properties":{},"geometry":{"type":"LineString","coordinates":[[27.59109,53.9062],[27.58327,53.90843]]}},{"type":"Feature","properties":{},"geometry":{"type":"LineString","coordinates":[[27.58321,53.90785],[27.58339,53.90798]]}},{"type":"Feature","properties":{},"geometry":{"type":"LineString","coordinates":[[27.58466,53.90474],[27.58321,53.90785]]}},{"type":"Feature","properties":{},"geometry":{"type":"LineString","coordinates":[[27.58339,53.90798],[27.59099,53.90609]]}},{"type":"Feature","properties":{},"geometry":{"type":"LineString","coordinates":[[27.5846,53.90473],[27.58417,53.90454]]}},{"type":"Feature","properties":{},"geometry":{"type":"LineString","coordinates":[[27.58448,53.90497],[27.58417,53.90454]]}},{"type":"Feature","properties":{},"geometry":{"type":"LineString","coordinates":[[27.58448,53.90497],[27.5846,53.90473]]}},{"type":"Feature","properties":{},"geometry":{"type":"LineString","coordinates":[[27.58466,53.90474],[27.5846,53.90473]]}},{"type":"Feature","properties":{},"geometry":{"type":"LineString","coordinates":[[27.5846,53.90473],[27.58464,53.9047]]}},{"type":"Feature","properties":{},"geometry":{"type":"LineString","coordinates":[[27.58464,53.9047],[27.58466,53.90474]]}},{"type":"Feature","properties":{},"geometry":{"type":"LineString","coordinates":[[27.58464,53.9047],[27.58891,53.90386],[27.59112,53.90605]]}},{"type":"Feature","properties":{},"geometry":{"type":"LineString","coordinates":[[27.59099,53.90609],[27.58884,53.90394],[27.58466,53.90474]]}},{"type":"Feature","properties":{},"geometry":{"type":"LineString","coordinates":[[27.59403,53.92618],[27.59391,53.92608]]}},{"type":"Feature","properties":{},"geometry":{"type":"LineString","coordinates":[[27.59391,53.92608],[27.59413,53.92604]]}},{"type":"Feature","properties":{},"geometry":{"type":"LineString","coordinates":[[27.87148,54.3911],[27.88246,54.3724],[27.88425,54.35791],[27.87543,54.33263],[27.87364,54.29368],[27.86286,54.27943],[27.85061,54.25059],[27.83541,54.23124],[27.83108,54.21798],[27.81759,54.20106],[27.81553,54.19111],[27.81918,54.17064],[27.81033,54.15262],[27.80352,54.11123],[27.78945,54.0992],[27.72096,54.06874],[27.71056,54.06211],[27.6956,54.03948],[27.67165,54.02619],[27.66129,54.0161],[27.65739,54.0073],[27.65562,53.9842],[27.64246,53.96449],[27.62281,53.95738],[27.59403,53.92618]]}},{"type":"Feature","properties":{},"geometry":{"type":"LineString","coordinates":[[27.59424,53.92613],[27.59403,53.92618]]}},{"type":"Feature","properties":{},"geometry":{"type":"LineString","coordinates":[[27.59413,53.92604],[27.59424,53.92613]]}},{"type":"Feature","properties":{},"geometry":{"type":"LineString","coordinates":[[27.59413,53.92604],[27.59889,53.92446]]}},{"type":"Feature","properties":{},"geometry":{"type":"LineString","coordinates":[[27.59424,53.92613],[27.62254,53.95689],[27.64273,53.96451],[27.65589,53.98443],[27.65736,54.00605],[27.66148,54.01606],[27.67153,54.02592],[27.69593,54.03956],[27.70985,54.06123],[27.72115,54.06867],[27.7904,54.09957],[27.80399,54.11161],[27.81061,54.15293],[27.81957,54.17161],[27.81571,54.19153],[27.81786,54.20124],[27.83137,54.21798],[27.8359,54.23171],[27.85089,54.2505],[27.86335,54.27988],[27.87394,54.29366],[27.87568,54.33302],[27.88443,54.35726],[27.88283,54.37181],[27.87366,54.38376],[27.87167,54.39202],[27.8961,54.41821],[27.8918,54.43224]]}},{"type":"Feature","properties":{},"geometry":{"type":"LineString","coordinates":[[27.59889,53.92446],[27.59424,53.92613]]}},{"type":"Feature","properties":{},"geometry":{"type":"LineString","coordinates":[[27.59109,53.9062],[27.59099,53.90609]]}},{"type":"Feature","properties":{},"geometry":{"type":"LineString","coordinates":[[27.59099,53.90609],[27.59112,53.90605]]}},{"type":"Feature","properties":{},"geometry":{"type":"LineString","coordinates":[[27.59122,53.90616],[27.59109,53.9062]]}},{"type":"Feature","properties":{},"geometry":{"type":"LineString","coordinates":[[27.59112,53.90605],[27.59122,53.90616]]}},{"type":"Feature","properties":{},"geometry":{"type":"LineString","coordinates":[[27.59112,53.90605],[27.59973,53.90318],[27.61727,53.88761],[27.62696,53.87809],[27.62599,53.87495]]}},{"type":"Feature","properties":{},"geometry":{"type":"LineString","coordinates":[[27.62625,53.87497],[27.62739,53.87793],[27.61848,53.88677],[27.59983,53.90331],[27.59122,53.90616]]}},{"type":"Feature","properties":{},"geometry":{"type":"LineString","coordinates":[[27.59889,53.92446],[27.60096,53.92236]]}},{"type":"Feature","properties":{},"geometry":{"type":"LineString","coordinates":[[27.61976,53.96871],[27.63255,53.96772]]}},{"type":"Feature","properties":{},"geometry":{"type":"LineString","coordinates":[[27.63255,53.96772],[27.61976,53.96871]]}},{"type":"Feature","properties":{},"geometry":{"type":"LineString","coordinates":[[28.26317,54.08885],[28.21206,54.07604],[28.07097,54.0476],[28.0464,54.04023],[27.99819,54.03063],[27.91889,54.02172],[27.85441,54.00881],[27.78688,53.98455],[27.71893,53.95522],[27.65636,53.9359],[27.60096,53.92236]]}},{"type":"Feature","properties":{},"geometry":{"type":"LineString","coordinates":[[27.60096,53.92236],[27.60101,53.92228]]}},{"type":"Feature","properties":{},"geometry":{"type":"LineString","coordinates":[[27.60101,53.92228],[27.64838,53.93353],[27.7182,53.95481],[27.7871,53.98441],[27.85456,54.00864],[27.91833,54.0215],[27.99817,54.03052],[28.26344,54.08829]]}},{"type":"Feature","properties":{},"geometry":{"type":"LineString","coordinates":[[27.60101,53.92228],[27.60397,53.91498],[27.61304,53.90753],[27.62851,53.90706]]}},{"type":"Feature","properties":{},"geometry":{"type":"LineString","coordinates":[[27.87289,54.54351],[27.87395,54.54602]]}},{"type":"Feature","properties":{},"geometry":{"type":"LineString","coordinates":[[27.87289,54.54351],[27.89489,54.59553],[27.92324,54.62687],[27.94615,54.63947],[28.02718,54.70413],[28.06395,54.72887]]}},{"type":"Feature","properties":{},"geometry":{"type":"LineString","coordinates":[[27.85129,54.47416],[27.86263,54.49601],[27.86081,54.51505],[27.87289,54.54351]]}},{"type":"Feature","properties":{},"geometry":{"type":"LineString","coordinates":[[27.57528,53.83274],[27.57509,53.83361]]}},{"type":"Feature","properties":{},"geometry":{"type":"LineString","coordinates":[[27.57509,53.83361],[27.57555,53.8329]]}},{"type":"Feature","properties":{},"geometry":{"type":"LineString","coordinates":[[27.6483,53.96649],[27.63255,53.96772]]}},{"type":"Feature","properties":{},"geometry":{"type":"LineString","coordinates":[[27.5971,53.87732],[27.59628,53.87632]]}},{"type":"Feature","properties":{},"geometry":{"type":"LineString","coordinates":[[27.59628,53.87632],[27.59626,53.87619]]}},{"type":"Feature","properties":{},"geometry":{"type":"LineString","coordinates":[[27.59781,53.87631],[27.59628,53.87632]]}},{"type":"Feature","properties":{},"geometry":{"type":"LineString","coordinates":[[27.59626,53.87619],[27.59652,53.8759]]}},{"type":"Feature","properties":{},"geometry":{"type":"LineString","coordinates":[[27.59626,53.87619],[27.59775,53.87618]]}},{"type":"Feature","properties":{},"geometry":{"type":"LineString","coordinates":[[27.59788,53.87717],[27.5971,53.87732]]}},{"type":"Feature","properties":{},"geometry":{"type":"LineString","coordinates":[[27.60045,53.88089],[27.5971,53.87732]]}},{"type":"Feature","properties":{},"geometry":{"type":"LineString","coordinates":[[27.59652,53.8759],[27.61403,53.85235]]}},{"type":"Feature","properties":{},"geometry":{"type":"LineString","coordinates":[[27.59652,53.8759],[27.59747,53.8759]]}},{"type":"Feature","properties":{},"geometry":{"type":"LineString","coordinates":[[27.83449,54.42258],[27.83037,54.43966],[27.85129,54.47416]]}},{"type":"Feature","properties":{},"geometry":{"type":"LineString","coordinates":[[27.88241,54.44952],[27.85365,54.46742],[27.85129,54.47416]]}},{"type":"Feature","properties":{},"geometry":{"type":"LineString","coordinates":[[27.59788,53.87717],[27.60058,53.88085]]}},{"type":"Feature","properties":{},"geometry":{"type":"LineString","coordinates":[[27.59781,53.87631],[27.59788,53.87717]]}},{"type":"Feature","properties":{},"geometry":{"type":"LineString","coordinates":[[27.59747,53.8759],[27.59775,53.87618]]}},{"type":"Feature","properties":{},"geometry":{"type":"LineString","coordinates":[[27.6142,53.8524],[27.59747,53.8759]]}},{"type":"Feature","properties":{},"geometry":{"type":"LineString","coordinates":[[27.59775,53.87618],[27.59781,53.87631]]}},{"type":"Feature","properties":{},"geometry":{"type":"LineString","coordinates":[[27.59775,53.87618],[27.60953,53.87836]]}},{"type":"Feature","properties":{},"geometry":{"type":"LineString","coordinates":[[27.60906,53.87852],[27.59781,53.87631]]}},{"type":"Feature","properties":{},"geometry":{"type":"LineString","coordinates":[[27.60063,53.88096],[27.60045,53.88089]]}},{"type":"Feature","properties":{},"geometry":{"type":"LineString","coordinates":[[27.60045,53.88089],[27.60058,53.88085]]}},{"type":"Feature","properties":{},"geometry":{"type":"LineString","coordinates":[[27.60058,53.88085],[27.60063,53.88096]]}},{"type":"Feature","properties":{},"geometry":{"type":"LineString","coordinates":[[27.60907,53.87889],[27.60063,53.88096]]}},{"type":"Feature","properties":{},"geometry":{"type":"LineString","coordinates":[[27.60058,53.88085],[27.609,53.87879]]}},{"type":"Feature","properties":{},"geometry":{"type":"LineString","coordinates":[[28.21691,54.35814],[28.1621,54.36594],[28.15338,54.37302],[28.13921,54.39451],[28.09508,54.40749],[28.03052,54.4151],[27.98808,54.41064],[27.9106,54.42878],[27.87819,54.42172],[27.84502,54.4241],[27.83449,54.42258]]}},{"type":"Feature","properties":{},"geometry":{"type":"LineString","coordinates":[[27.87148,54.3911],[27.86681,54.39861],[27.83449,54.42258]]}},{"type":"Feature","properties":{},"geometry":{"type":"LineString","coordinates":[[27.66903,54.02906],[27.66909,54.04549],[27.6894,54.05412]]}},{"type":"Feature","properties":{},"geometry":{"type":"LineString","coordinates":[[27.60907,53.87889],[27.609,53.87879]]}},{"type":"Feature","properties":{},"geometry":{"type":"LineString","coordinates":[[27.609,53.87879],[27.60906,53.87852]]}},{"type":"Feature","properties":{},"geometry":{"type":"LineString","coordinates":[[27.609,53.87879],[27.61007,53.87855]]}},{"type":"Feature","properties":{},"geometry":{"type":"LineString","coordinates":[[27.60952,53.87904],[27.60907,53.87889]]}},{"type":"Feature","properties":{},"geometry":{"type":"LineString","coordinates":[[27.61014,53.87865],[27.60907,53.87889]]}},{"type":"Feature","properties":{},"geometry":{"type":"LineString","coordinates":[[27.60906,53.87852],[27.60953,53.87836]]}},{"type":"Feature","properties":{},"geometry":{"type":"LineString","coordinates":[[27.64344,53.89415],[27.60952,53.87904]]}},{"type":"Feature","properties":{},"geometry":{"type":"LineString","coordinates":[[27.61004,53.87889],[27.60952,53.87904]]}},{"type":"Feature","properties":{},"geometry":{"type":"LineString","coordinates":[[27.60953,53.87836],[27.61007,53.87855]]}},{"type":"Feature","properties":{},"geometry":{"type":"LineString","coordinates":[[27.61004,53.87889],[27.61343,53.88213],[27.64353,53.89405]]}},{"type":"Feature","properties":{},"geometry":{"type":"LineString","coordinates":[[27.61014,53.87865],[27.61004,53.87889]]}},{"type":"Feature","properties":{},"geometry":{"type":"LineString","coordinates":[[27.61007,53.87855],[27.61014,53.87865]]}},{"type":"Feature","properties":{},"geometry":{"type":"LineString","coordinates":[[27.61007,53.87855],[27.6469,53.86943]]}},{"type":"Feature","properties":{},"geometry":{"type":"LineString","coordinates":[[27.64701,53.86956],[27.61014,53.87865]]}},{"type":"Feature","properties":{},"geometry":{"type":"LineString","coordinates":[[27.6483,53.96649],[27.6731,53.96405]]}},{"type":"Feature","properties":{},"geometry":{"type":"LineString","coordinates":[[27.6731,53.96405],[27.6483,53.96649]]}},{"type":"Feature","properties":{},"geometry":{"type":"LineString","coordinates":[[27.6894,54.05412],[27.69074,54.05445]]}},{"type":"Feature","properties":{},"geometry":{"type":"LineString","coordinates":[[27.69002,54.05447],[27.6894,54.05412]]}},{"type":"Feature","properties":{},"geometry":{"type":"LineString","coordinates":[[27.63816,53.93222],[27.63938,53.92654],[27.63356,53.9108]]}},{"type":"Feature","properties":{},"geometry":{"type":"LineString","coordinates":[[27.63374,53.91075],[27.63957,53.92652],[27.63839,53.93228]]}},{"type":"Feature","properties":{},"geometry":{"type":"LineString","coordinates":[[27.6904,54.05482],[27.69002,54.05447]]}},{"type":"Feature","properties":{},"geometry":{"type":"LineString","coordinates":[[27.69002,54.05447],[27.69074,54.05445]]}},{"type":"Feature","properties":{},"geometry":{"type":"LineString","coordinates":[[27.69051,54.05489],[27.6904,54.05482]]}},{"type":"Feature","properties":{},"geometry":{"type":"LineString","coordinates":[[27.6904,54.05482],[27.69074,54.05445]]}},{"type":"Feature","properties":{},"geometry":{"type":"LineString","coordinates":[[27.69121,54.05502],[27.69051,54.05489]]}},{"type":"Feature","properties":{},"geometry":{"type":"LineString","coordinates":[[27.63025,53.90742],[27.62851,53.90706]]}},{"type":"Feature","properties":{},"geometry":{"type":"LineString","coordinates":[[27.62851,53.90706],[27.63026,53.90665]]}},{"type":"Feature","properties":{},"geometry":{"type":"LineString","coordinates":[[27.69074,54.05445],[27.69156,54.0546]]}},{"type":"Feature","properties":{},"geometry":{"type":"LineString","coordinates":[[27.69157,54.05497],[27.69121,54.05502]]}},{"type":"Feature","properties":{},"geometry":{"type":"LineString","coordinates":[[27.69251,54.05536],[27.69121,54.05502]]}},{"type":"Feature","properties":{},"geometry":{"type":"LineString","coordinates":[[27.69166,54.05468],[27.69157,54.05497]]}},{"type":"Feature","properties":{},"geometry":{"type":"LineString","coordinates":[[27.69192,54.0549],[27.69157,54.05497]]}},{"type":"Feature","properties":{},"geometry":{"type":"LineString","coordinates":[[27.69156,54.0546],[27.71457,54.05455],[27.73745,54.0576],[27.78559,54.04925],[27.82053,54.03651],[27.8676,54.0319],[27.88716,54.02163],[27.9256,53.98632],[27.97134,53.95515],[27.99174,53.91974],[28.03492,53.8907],[27.99252,53.91933],[27.9795,53.94589],[27.97098,53.95579],[27.92707,53.98549],[27.88664,54.02214],[27.86679,54.03235],[27.82057,54.03657],[27.78562,54.0493],[27.7375,54.05769],[27.71374,54.05457],[27.69192,54.0549]]}},{"type":"Feature","properties":{},"geometry":{"type":"LineString","coordinates":[[27.69156,54.0546],[27.69166,54.05468]]}},{"type":"Feature","properties":{},"geometry":{"type":"LineString","coordinates":[[27.69166,54.05468],[27.69192,54.0549]]}},{"type":"Feature","properties":{},"geometry":{"type":"LineString","coordinates":[[27.69192,54.0549],[27.69266,54.0554]]}},{"type":"Feature","properties":{},"geometry":{"type":"LineString","coordinates":[[27.69253,54.05558],[27.69251,54.05536]]}},{"type":"Feature","properties":{},"geometry":{"type":"LineString","coordinates":[[27.69275,54.05544],[27.69253,54.05558]]}},{"type":"Feature","properties":{},"geometry":{"type":"LineString","coordinates":[[27.63034,53.90745],[27.63025,53.90742]]}},{"type":"Feature","properties":{},"geometry":{"type":"LineString","coordinates":[[27.63025,53.90742],[27.63026,53.90665]]}},{"type":"Feature","properties":{},"geometry":{"type":"LineString","coordinates":[[27.69266,54.0554],[27.69251,54.05536]]}},{"type":"Feature","properties":{},"geometry":{"type":"LineString","coordinates":[[27.6314,53.90715],[27.63034,53.90745]]}},{"type":"Feature","properties":{},"geometry":{"type":"LineString","coordinates":[[27.63356,53.9108],[27.63034,53.90745]]}},{"type":"Feature","properties":{},"geometry":{"type":"LineString","coordinates":[[27.69266,54.0554],[27.69275,54.05544]]}},{"type":"Feature","properties":{},"geometry":{"type":"LineString","coordinates":[[27.69275,54.05544],[27.70493,54.06434],[27.69999,54.07182],[27.7018,54.07484],[27.7278,54.08746],[27.75865,54.09856],[27.76484,54.11517],[27.77971,54.12738],[27.78349,54.13809],[27.80165,54.1542],[27.80834,54.1578],[27.81308,54.15603]]}},{"type":"Feature","properties":{},"geometry":{"type":"LineString","coordinates":[[27.63026,53.90665],[27.6304,53.90661]]}},{"type":"Feature","properties":{},"geometry":{"type":"LineString","coordinates":[[27.6304,53.90661],[27.63955,53.89938]]}},{"type":"Feature","properties":{},"geometry":{"type":"LineString","coordinates":[[27.6304,53.90661],[27.63142,53.9071]]}},{"type":"Feature","properties":{},"geometry":{"type":"LineString","coordinates":[[27.6314,53.90715],[27.63374,53.91075]]}},{"type":"Feature","properties":{},"geometry":{"type":"LineString","coordinates":[[27.63142,53.9071],[27.6314,53.90715]]}},{"type":"Feature","properties":{},"geometry":{"type":"LineString","coordinates":[[27.6397,53.89944],[27.63142,53.9071]]}},{"type":"Feature","properties":{},"geometry":{"type":"LineString","coordinates":[[27.63374,53.91075],[27.63356,53.9108]]}},{"type":"Feature","properties":{},"geometry":{"type":"LineString","coordinates":[[27.6142,53.8524],[27.61403,53.85235]]}},{"type":"Feature","properties":{},"geometry":{"type":"LineString","coordinates":[[27.61403,53.85235],[27.61429,53.85231]]}},{"type":"Feature","properties":{},"geometry":{"type":"LineString","coordinates":[[27.62921,53.85713],[27.6142,53.8524]]}},{"type":"Feature","properties":{},"geometry":{"type":"LineString","coordinates":[[27.61429,53.85231],[27.6142,53.8524]]}},{"type":"Feature","properties":{},"geometry":{"type":"LineString","coordinates":[[27.61429,53.85231],[27.63039,53.85643]]}},{"type":"Feature","properties":{},"geometry":{"type":"LineString","coordinates":[[27.6397,53.89944],[27.63955,53.89938]]}},{"type":"Feature","properties":{},"geometry":{"type":"LineString","coordinates":[[27.63955,53.89938],[27.64325,53.89471]]}},{"type":"Feature","properties":{},"geometry":{"type":"LineString","coordinates":[[27.64387,53.89493],[27.6397,53.89944]]}},{"type":"Feature","properties":{},"geometry":{"type":"LineString","coordinates":[[26.84407,51.88569],[26.84275,51.88575]]}},{"type":"Feature","properties":{},"geometry":{"type":"LineString","coordinates":[[26.84275,51.88575],[26.84407,51.88569]]}},{"type":"Feature","properties":{},"geometry":{"type":"LineString","coordinates":[[27.64387,53.89493],[27.64325,53.89471]]}},{"type":"Feature","properties":{},"geometry":{"type":"LineString","coordinates":[[27.64325,53.89471],[27.64344,53.89415]]}},{"type":"Feature","properties":{},"geometry":{"type":"LineString","coordinates":[[27.1816,52.0497],[27.17526,52.05027],[27.17297,52.04195],[27.16897,52.03912],[27.14695,52.03389],[27.13018,52.03239],[27.10399,52.02048],[27.05941,52.02138],[27.04499,52.01657],[27.02954,52.01549],[27.01277,52.00861],[27.00021,51.99618],[26.99437,51.99372],[26.96294,51.96224],[26.9286,51.94472],[26.90581,51.93568],[26.88525,51.91835],[26.87208,51.90031],[26.84407,51.88569]]}},{"type":"Feature","properties":{},"geometry":{"type":"LineString","coordinates":[[27.64448,53.89459],[27.64344,53.89415]]}},{"type":"Feature","properties":{},"geometry":{"type":"LineString","coordinates":[[27.64344,53.89415],[27.64353,53.89405]]}},{"type":"Feature","properties":{},"geometry":{"type":"LineString","coordinates":[[27.64448,53.89459],[27.64387,53.89493]]}},{"type":"Feature","properties":{},"geometry":{"type":"LineString","coordinates":[[27.64353,53.89405],[27.64458,53.8945]]}},{"type":"Feature","properties":{},"geometry":{"type":"LineString","coordinates":[[27.64353,53.89405],[27.64414,53.89373]]}},{"type":"Feature","properties":{},"geometry":{"type":"LineString","coordinates":[[27.72418,53.95811],[27.6731,53.96405]]}},{"type":"Feature","properties":{},"geometry":{"type":"LineString","coordinates":[[27.64458,53.8945],[27.64448,53.89459]]}},{"type":"Feature","properties":{},"geometry":{"type":"LineString","coordinates":[[27.64414,53.89373],[27.65208,53.88505]]}},{"type":"Feature","properties":{},"geometry":{"type":"LineString","coordinates":[[27.64414,53.89373],[27.64474,53.8939]]}},{"type":"Feature","properties":{},"geometry":{"type":"LineString","coordinates":[[27.64474,53.8939],[27.64458,53.8945]]}},{"type":"Feature","properties":{},"geometry":{"type":"LineString","coordinates":[[27.63046,53.85672],[27.62921,53.85713]]}},{"type":"Feature","properties":{},"geometry":{"type":"LineString","coordinates":[[27.62921,53.85713],[27.63055,53.85654]]}},{"type":"Feature","properties":{},"geometry":{"type":"LineString","coordinates":[[27.65208,53.88505],[27.64474,53.8939]]}},{"type":"Feature","properties":{},"geometry":{"type":"LineString","coordinates":[[27.63055,53.85654],[27.63046,53.85672]]}},{"type":"Feature","properties":{},"geometry":{"type":"LineString","coordinates":[[27.63561,53.85545],[27.63046,53.85672]]}},{"type":"Feature","properties":{},"geometry":{"type":"LineString","coordinates":[[27.63039,53.85643],[27.63075,53.85646]]}},{"type":"Feature","properties":{},"geometry":{"type":"LineString","coordinates":[[27.63039,53.85643],[27.63055,53.85654]]}},{"type":"Feature","properties":{},"geometry":{"type":"LineString","coordinates":[[27.63055,53.85654],[27.63075,53.85646]]}},{"type":"Feature","properties":{},"geometry":{"type":"LineString","coordinates":[[27.63075,53.85646],[27.63545,53.85534]]}},{"type":"Feature","properties":{},"geometry":{"type":"LineString","coordinates":[[27.8918,54.43224],[27.88386,54.44754]]}},{"type":"Feature","properties":{},"geometry":{"type":"LineString","coordinates":[[27.63561,53.85545],[27.63545,53.85534]]}},{"type":"Feature","properties":{},"geometry":{"type":"LineString","coordinates":[[27.63545,53.85534],[27.63057,53.83434]]}},{"type":"Feature","properties":{},"geometry":{"type":"LineString","coordinates":[[27.63545,53.85534],[27.63575,53.85528]]}},{"type":"Feature","properties":{},"geometry":{"type":"LineString","coordinates":[[27.6469,53.86943],[27.64065,53.85835],[27.63561,53.85545]]}},{"type":"Feature","properties":{},"geometry":{"type":"LineString","coordinates":[[27.63593,53.85539],[27.63561,53.85545]]}},{"type":"Feature","properties":{},"geometry":{"type":"LineString","coordinates":[[27.63575,53.85528],[27.63593,53.85539]]}},{"type":"Feature","properties":{},"geometry":{"type":"LineString","coordinates":[[27.63077,53.83434],[27.63575,53.85528]]}},{"type":"Feature","properties":{},"geometry":{"type":"LineString","coordinates":[[27.63575,53.85528],[27.65206,53.84665],[27.66857,53.84469]]}},{"type":"Feature","properties":{},"geometry":{"type":"LineString","coordinates":[[27.63593,53.85539],[27.64099,53.85844],[27.64711,53.86937]]}},{"type":"Feature","properties":{},"geometry":{"type":"LineString","coordinates":[[27.66872,53.84485],[27.65223,53.84679],[27.63593,53.85539]]}},{"type":"Feature","properties":{},"geometry":{"type":"LineString","coordinates":[[27.65208,53.88505],[27.65583,53.87938]]}},{"type":"Feature","properties":{},"geometry":{"type":"LineString","coordinates":[[27.64701,53.86956],[27.6469,53.86943]]}},{"type":"Feature","properties":{},"geometry":{"type":"LineString","coordinates":[[27.6469,53.86943],[27.64711,53.86937]]}},{"type":"Feature","properties":{},"geometry":{"type":"LineString","coordinates":[[27.65583,53.87938],[27.64701,53.86956]]}},{"type":"Feature","properties":{},"geometry":{"type":"LineString","coordinates":[[27.64723,53.86949],[27.64701,53.86956]]}},{"type":"Feature","properties":{},"geometry":{"type":"LineString","coordinates":[[27.64711,53.86937],[27.64723,53.86949]]}},{"type":"Feature","properties":{},"geometry":{"type":"LineString","coordinates":[[27.64711,53.86937],[27.6817,53.85962],[27.853,53.77594],[27.87305,53.76306],[27.93794,53.76161],[27.96633,53.75815],[28.03297,53.75946],[28.08639,53.76353],[28.18948,53.7654],[28.21631,53.76398],[28.22808,53.76168],[28.25377,53.75063],[28.31813,53.74064],[28.37289,53.72589],[28.39089,53.72398],[28.56604,53.74264],[28.9417,53.81734],[28.98737,53.82969],[29.01435,53.82959],[29.04688,53.83818],[29.57182,53.94035],[29.62422,53.94093],[29.6384,53.94557],[29.65686,53.957],[29.67097,53.96274],[29.74211,53.9673],[29.79525,53.98391],[29.91382,53.98172],[29.98891,53.97264],[30.03185,53.97883],[30.11209,53.97668],[30.19536,53.96037],[30.24909,53.9365]]}},{"type":"Feature","properties":{},"geometry":{"type":"LineString","coordinates":[[27.64723,53.86949],[27.65583,53.87938]]}},{"type":"Feature","properties":{},"geometry":{"type":"LineString","coordinates":[[30.24992,53.93712],[30.19549,53.96047],[30.11211,53.97679],[30.03191,53.97894],[29.98892,53.97277],[29.91247,53.98192],[29.79502,53.984],[29.74205,53.96739],[29.67091,53.96283],[29.65761,53.95754],[29.63886,53.946],[29.62411,53.94101],[29.57143,53.9404],[29.04683,53.83828],[29.01288,53.82943],[28.98738,53.82979],[28.94586,53.81832],[28.56602,53.74274],[28.39147,53.72411],[28.37295,53.72601],[28.3171,53.74098],[28.25377,53.75081],[28.22864,53.76164],[28.21629,53.76411],[28.18946,53.76553],[28.08804,53.76368],[28.03158,53.75952],[27.96754,53.75826],[27.93795,53.76172],[27.87307,53.7632],[27.85311,53.77605],[27.68225,53.85957],[27.64723,53.86949]]}},{"type":"Feature","properties":{},"geometry":{"type":"LineString","coordinates":[[27.8918,54.43224],[27.89591,54.41824],[27.87362,54.39658],[27.87148,54.3911]]}},{"type":"Feature","properties":{},"geometry":{"type":"LineString","coordinates":[[27.72437,53.95801],[27.72418,53.95811]]}},{"type":"Feature","properties":{},"geometry":{"type":"LineString","coordinates":[[27.72418,53.95811],[27.72437,53.95801]]}},{"type":"Feature","properties":{},"geometry":{"type":"LineString","coordinates":[[27.72529,53.95602],[27.72437,53.95801]]}},{"type":"Feature","properties":{},"geometry":{"type":"LineString","coordinates":[[27.81814,54.177],[27.83562,54.19713]]}},{"type":"Feature","properties":{},"geometry":{"type":"LineString","coordinates":[[28.06399,54.72961],[28.06411,54.72936]]}},{"type":"Feature","properties":{},"geometry":{"type":"LineString","coordinates":[[28.06435,54.72947],[28.06399,54.72961]]}},{"type":"Feature","properties":{},"geometry":{"type":"LineString","coordinates":[[28.06435,54.72947],[28.06411,54.72936]]}},{"type":"Feature","properties":{},"geometry":{"type":"LineString","coordinates":[[28.06411,54.72936],[28.06409,54.72913]]}},{"type":"Feature","properties":{},"geometry":{"type":"LineString","coordinates":[[28.06395,54.72887],[28.06436,54.729]]}},{"type":"Feature","properties":{},"geometry":{"type":"LineString","coordinates":[[28.06409,54.72913],[28.06395,54.72887]]}},{"type":"Feature","properties":{},"geometry":{"type":"LineString","coordinates":[[28.06409,54.72913],[28.06436,54.729]]}},{"type":"Feature","properties":{},"geometry":{"type":"LineString","coordinates":[[28.06455,54.72947],[28.06435,54.72947]]}},{"type":"Feature","properties":{},"geometry":{"type":"LineString","coordinates":[[28.06508,54.72963],[28.06455,54.72947]]}},{"type":"Feature","properties":{},"geometry":{"type":"LineString","coordinates":[[28.06486,54.72932],[28.06455,54.72947]]}},{"type":"Feature","properties":{},"geometry":{"type":"LineString","coordinates":[[28.06436,54.729],[28.06455,54.729]]}},{"type":"Feature","properties":{},"geometry":{"type":"LineString","coordinates":[[28.06455,54.729],[28.06484,54.72912]]}},{"type":"Feature","properties":{},"geometry":{"type":"LineString","coordinates":[[28.06455,54.729],[28.06497,54.72887]]}},{"type":"Feature","properties":{},"geometry":{"type":"LineString","coordinates":[[28.06486,54.72932],[28.06508,54.72963]]}},{"type":"Feature","properties":{},"geometry":{"type":"LineString","coordinates":[[28.06484,54.72912],[28.06486,54.72932]]}},{"type":"Feature","properties":{},"geometry":{"type":"LineString","coordinates":[[28.06497,54.72887],[28.06484,54.72912]]}},{"type":"Feature","properties":{},"geometry":{"type":"LineString","coordinates":[[28.06508,54.72963],[28.14388,54.76688],[28.18129,54.77304],[28.20692,54.77198]]}},{"type":"Feature","properties":{},"geometry":{"type":"LineString","coordinates":[[28.21691,54.35814],[28.22182,54.3651],[28.23132,54.37111],[28.2483,54.40017],[28.2183,54.47307],[28.22174,54.49654],[28.2069,54.50438],[28.1977,54.52094],[28.18643,54.52955],[28.18608,54.5375],[28.19722,54.54771],[28.19582,54.56003],[28.18889,54.56864],[28.1682,54.58351],[28.15043,54.59211],[28.1335,54.60584],[28.11302,54.61527],[28.10371,54.63621],[28.09792,54.64153],[28.10366,54.65396],[28.09215,54.681],[28.09766,54.69329],[28.08982,54.69913],[28.08087,54.7174],[28.06497,54.72887]]}},{"type":"Feature","properties":{},"geometry":{"type":"LineString","coordinates":[[27.83627,54.1999],[27.83683,54.19926]]}},{"type":"Feature","properties":{},"geometry":{"type":"LineString","coordinates":[[27.83739,54.19957],[27.83627,54.1999]]}},{"type":"Feature","properties":{},"geometry":{"type":"LineString","coordinates":[[27.83562,54.19713],[27.83686,54.19857]]}},{"type":"Feature","properties":{},"geometry":{"type":"LineString","coordinates":[[27.85896,54.1929],[27.83562,54.19713]]}},{"type":"Feature","properties":{},"geometry":{"type":"LineString","coordinates":[[27.83739,54.19957],[27.83683,54.19926]]}},{"type":"Feature","properties":{},"geometry":{"type":"LineString","coordinates":[[27.83683,54.19926],[27.83686,54.1992]]}},{"type":"Feature","properties":{},"geometry":{"type":"LineString","coordinates":[[27.83686,54.1992],[27.83686,54.19857]]}},{"type":"Feature","properties":{},"geometry":{"type":"LineString","coordinates":[[27.83686,54.1992],[27.83756,54.19904]]}},{"type":"Feature","properties":{},"geometry":{"type":"LineString","coordinates":[[27.83686,54.19857],[27.83756,54.19904]]}},{"type":"Feature","properties":{},"geometry":{"type":"LineString","coordinates":[[27.83756,54.19954],[27.83739,54.19957]]}},{"type":"Feature","properties":{},"geometry":{"type":"LineString","coordinates":[[27.83768,54.19911],[27.83756,54.19954]]}},{"type":"Feature","properties":{},"geometry":{"type":"LineString","coordinates":[[27.83864,54.19949],[27.83756,54.19954]]}},{"type":"Feature","properties":{},"geometry":{"type":"LineString","coordinates":[[27.83756,54.19904],[27.83768,54.19911]]}},{"type":"Feature","properties":{},"geometry":{"type":"LineString","coordinates":[[27.83768,54.19911],[27.83864,54.19949]]}},{"type":"Feature","properties":{},"geometry":{"type":"LineString","coordinates":[[27.85364,54.2041],[27.84997,54.20117],[27.83864,54.19949]]}},{"type":"Feature","properties":{},"geometry":{"type":"LineString","coordinates":[[27.85364,54.2041],[27.8531,54.20417]]}},{"type":"Feature","properties":{},"geometry":{"type":"LineString","coordinates":[[27.85364,54.2041],[27.87205,54.2059],[27.88495,54.21342]]}},{"type":"Feature","properties":{},"geometry":{"type":"LineString","coordinates":[[27.85896,54.1929],[27.85937,54.19285]]}},{"type":"Feature","properties":{},"geometry":{"type":"LineString","coordinates":[[27.85896,54.1929],[27.85937,54.19285]]}},{"type":"Feature","properties":{},"geometry":{"type":"LineString","coordinates":[[27.85937,54.19285],[27.86178,54.18778]]}},{"type":"Feature","properties":{},"geometry":{"type":"LineString","coordinates":[[28.81524,55.91573],[28.78152,55.91009],[28.76795,55.90251],[28.7538,55.89946],[28.65556,55.89527],[28.6329,55.9007],[28.62303,55.89988]]}},{"type":"Feature","properties":{},"geometry":{"type":"LineString","coordinates":[[28.62303,55.89988],[28.64297,55.9133],[28.65043,55.93435],[28.6461,55.9604],[28.6457,56.01001],[28.65137,56.01464],[28.66783,56.01914],[28.68914,56.02929],[28.69525,56.03345],[28.70734,56.04935]]}},{"type":"Feature","properties":{},"geometry":{"type":"LineString","coordinates":[[28.71359,55.54041],[28.66556,55.58971],[28.64269,55.62413],[28.60087,55.67257],[28.60286,55.69296],[28.58389,55.70549],[28.58376,55.72552],[28.60274,55.75957],[28.60511,55.77185],[28.59777,55.78892],[28.60082,55.81216],[28.61076,55.8271],[28.60432,55.88684],[28.62303,55.89988]]}},{"type":"Feature","properties":{},"geometry":{"type":"LineString","coordinates":[[27.86178,54.18778],[27.8745,54.18565],[27.88389,54.18988],[27.89603,54.20755],[27.88495,54.21342]]}},{"type":"Feature","properties":{},"geometry":{"type":"LineString","coordinates":[[27.86178,54.18778],[27.86275,54.17641],[27.89001,54.13902]]}},{"type":"Feature","properties":{},"geometry":{"type":"LineString","coordinates":[[27.88495,54.21342],[27.89803,54.2213],[27.97195,54.24929],[28.05086,54.29397],[28.06112,54.29454],[28.09636,54.28733],[28.14885,54.28806],[28.17247,54.29127],[28.18977,54.30294],[28.21795,54.35803]]}},{"type":"Feature","properties":{},"geometry":{"type":"LineString","coordinates":[[27.89054,54.13871],[27.88979,54.13855]]}},{"type":"Feature","properties":{},"geometry":{"type":"LineString","coordinates":[[27.89001,54.13902],[27.88979,54.13855]]}},{"type":"Feature","properties":{},"geometry":{"type":"LineString","coordinates":[[27.88979,54.13855],[27.89009,54.13793]]}},{"type":"Feature","properties":{},"geometry":{"type":"LineString","coordinates":[[27.89054,54.13871],[27.89001,54.13902]]}},{"type":"Feature","properties":{},"geometry":{"type":"LineString","coordinates":[[27.89009,54.13793],[27.89068,54.13755]]}},{"type":"Feature","properties":{},"geometry":{"type":"LineString","coordinates":[[27.89009,54.13793],[27.89091,54.13805]]}},{"type":"Feature","properties":{},"geometry":{"type":"LineString","coordinates":[[27.89091,54.13805],[27.89054,54.13871]]}},{"type":"Feature","properties":{},"geometry":{"type":"LineString","coordinates":[[27.89068,54.13755],[27.89091,54.13805]]}},{"type":"Feature","properties":{},"geometry":{"type":"LineString","coordinates":[[27.89068,54.13755],[27.89,54.12495],[27.90339,54.09734],[27.94986,54.07528],[27.9789,54.06654],[28.03127,54.05931],[28.07062,54.04448]]}},{"type":"Feature","properties":{},"geometry":{"type":"LineString","coordinates":[[27.45247,53.00497],[27.45672,53.00563]]}},{"type":"Feature","properties":{},"geometry":{"type":"LineString","coordinates":[[27.45672,53.00563],[27.45247,53.00497]]}},{"type":"Feature","properties":{},"geometry":{"type":"LineString","coordinates":[[27.4879,53.01021],[27.45672,53.00563]]}},{"type":"Feature","properties":{},"geometry":{"type":"LineString","coordinates":[[28.21649,54.77156],[28.20692,54.77198]]}},{"type":"Feature","properties":{},"geometry":{"type":"LineString","coordinates":[[28.20692,54.77198],[28.21649,54.77156]]}},{"type":"Feature","properties":{},"geometry":{"type":"LineString","coordinates":[[27.55043,53.22098],[27.5496,53.22086]]}},{"type":"Feature","properties":{},"geometry":{"type":"LineString","coordinates":[[27.5496,53.22086],[27.55043,53.22088]]}},{"type":"Feature","properties":{},"geometry":{"type":"LineString","coordinates":[[27.55067,53.22099],[27.55043,53.22098]]}},{"type":"Feature","properties":{},"geometry":{"type":"LineString","coordinates":[[27.55043,53.22098],[27.55043,53.22088]]}},{"type":"Feature","properties":{},"geometry":{"type":"LineString","coordinates":[[27.55043,53.22088],[27.55067,53.2209]]}},{"type":"Feature","properties":{},"geometry":{"type":"LineString","coordinates":[[27.55043,53.22088],[27.55199,53.14045],[27.56066,53.12922],[27.57079,53.10046],[27.56898,53.0857],[27.53661,53.05327],[27.52551,53.04932],[27.49825,53.04583],[27.48902,53.04019],[27.48421,53.02498],[27.48734,53.00854],[27.50545,52.99786],[27.50787,52.99359],[27.46745,52.87851],[27.46635,52.85342]]}},{"type":"Feature","properties":{},"geometry":{"type":"LineString","coordinates":[[27.55135,53.221],[27.55067,53.22099]]}},{"type":"Feature","properties":{},"geometry":{"type":"LineString","coordinates":[[27.55067,53.2209],[27.55067,53.22099]]}},{"type":"Feature","properties":{},"geometry":{"type":"LineString","coordinates":[[27.55067,53.2209],[27.55135,53.221]]}},{"type":"Feature","properties":{},"geometry":{"type":"LineString","coordinates":[[27.55481,53.06988],[27.56841,53.084],[27.57135,53.09827],[27.56097,53.12895],[27.55222,53.13989],[27.55067,53.2209]]}},{"type":"Feature","properties":{},"geometry":{"type":"LineString","coordinates":[[28.04722,53.21193],[27.91658,53.20772],[27.84044,53.21789],[27.80067,53.2059],[27.76848,53.20709],[27.73415,53.22831],[27.63925,53.23222],[27.57792,53.21888],[27.55135,53.221]]}},{"type":"Feature","properties":{},"geometry":{"type":"LineString","coordinates":[[28.21649,54.77156],[28.27144,54.76934],[28.29439,54.77162],[28.42728,54.7693],[28.50716,54.76406],[28.60283,54.78166],[28.63422,54.79387],[28.66441,54.82409],[28.6751,54.84871],[28.70764,54.8687]]}},{"type":"Feature","properties":{},"geometry":{"type":"LineString","coordinates":[[27.81964,53.79254],[27.83243,53.75181],[27.84827,53.73504]]}},{"type":"Feature","properties":{},"geometry":{"type":"LineString","coordinates":[[27.8485,53.73512],[27.83264,53.75181],[27.81977,53.79249]]}},{"type":"Feature","properties":{},"geometry":{"type":"LineString","coordinates":[[27.55301,53.052],[27.53026,53.04996]]}},{"type":"Feature","properties":{},"geometry":{"type":"LineString","coordinates":[[28.57852,55.47036],[28.61296,55.48647],[28.59439,55.50113],[28.61469,55.51026],[28.63938,55.5177],[28.65493,55.52841]]}},{"type":"Feature","properties":{},"geometry":{"type":"LineString","coordinates":[[28.66961,55.44875],[28.57852,55.47036]]}},{"type":"Feature","properties":{},"geometry":{"type":"LineString","coordinates":[[28.13799,53.51705],[27.83963,53.44446],[27.7824,53.42188],[27.70639,53.43835],[27.69325,53.4378]]}},{"type":"Feature","properties":{},"geometry":{"type":"LineString","coordinates":[[27.86305,53.5949],[27.84891,53.58673],[27.83722,53.58842],[27.83203,53.58463],[27.82535,53.57262],[27.83896,53.55441],[27.85567,53.54706],[27.84616,53.52289],[27.83849,53.51617],[27.83036,53.50176],[27.80606,53.49194],[27.78018,53.49281],[27.75801,53.49864],[27.74543,53.49564],[27.72252,53.47566],[27.71354,53.47244],[27.69209,53.47038],[27.68137,53.46177],[27.68197,53.45031],[27.69325,53.4378]]}},{"type":"Feature","properties":{},"geometry":{"type":"LineString","coordinates":[[27.46621,52.85332],[27.4656,52.85325]]}},{"type":"Feature","properties":{},"geometry":{"type":"LineString","coordinates":[[27.4656,52.85325],[27.46619,52.8531]]}},{"type":"Feature","properties":{},"geometry":{"type":"LineString","coordinates":[[27.46635,52.85342],[27.46621,52.85332]]}},{"type":"Feature","properties":{},"geometry":{"type":"LineString","coordinates":[[27.46621,52.85332],[27.46619,52.8531]]}},{"type":"Feature","properties":{},"geometry":{"type":"LineString","coordinates":[[27.46619,52.8531],[27.46638,52.85297]]}},{"type":"Feature","properties":{},"geometry":{"type":"LineString","coordinates":[[27.46692,52.85338],[27.46635,52.85342]]}},{"type":"Feature","properties":{},"geometry":{"type":"LineString","coordinates":[[27.46638,52.85297],[27.46656,52.8526]]}},{"type":"Feature","properties":{},"geometry":{"type":"LineString","coordinates":[[27.46638,52.85297],[27.46678,52.85296]]}},{"type":"Feature","properties":{},"geometry":{"type":"LineString","coordinates":[[27.46656,52.8526],[27.46678,52.85296]]}},{"type":"Feature","properties":{},"geometry":{"type":"LineString","coordinates":[[27.46656,52.8526],[27.46459,52.7825]]}},{"type":"Feature","properties":{},"geometry":{"type":"LineString","coordinates":[[27.46692,52.85338],[27.46782,52.879],[27.50803,52.99331],[27.50546,52.998],[27.48768,53.00821],[27.48443,53.02519],[27.48873,53.03909],[27.49162,53.04303],[27.49936,53.04599],[27.53418,53.05193],[27.55481,53.06988]]}},{"type":"Feature","properties":{},"geometry":{"type":"LineString","coordinates":[[27.4669,52.85301],[27.46692,52.85338]]}},{"type":"Feature","properties":{},"geometry":{"type":"LineString","coordinates":[[27.46769,52.85314],[27.46692,52.85338]]}},{"type":"Feature","properties":{},"geometry":{"type":"LineString","coordinates":[[27.46678,52.85296],[27.4669,52.85301]]}},{"type":"Feature","properties":{},"geometry":{"type":"LineString","coordinates":[[27.4669,52.85301],[27.46769,52.85314]]}},{"type":"Feature","properties":{},"geometry":{"type":"LineString","coordinates":[[27.55481,53.06988],[27.55412,53.05298]]}},{"type":"Feature","properties":{},"geometry":{"type":"LineString","coordinates":[[27.96259,52.80556],[27.85393,52.81597],[27.66391,52.84806],[27.65613,52.85351],[27.61545,52.84763],[27.46769,52.85314]]}},{"type":"Feature","properties":{},"geometry":{"type":"LineString","coordinates":[[27.55301,53.052],[27.55387,53.052]]}},{"type":"Feature","properties":{},"geometry":{"type":"LineString","coordinates":[[27.55376,53.05235],[27.55301,53.052]]}},{"type":"Feature","properties":{},"geometry":{"type":"LineString","coordinates":[[27.5539,53.05248],[27.55376,53.05235]]}},{"type":"Feature","properties":{},"geometry":{"type":"LineString","coordinates":[[27.55376,53.05235],[27.55387,53.052]]}},{"type":"Feature","properties":{},"geometry":{"type":"LineString","coordinates":[[27.5545,53.05254],[27.5539,53.05248]]}},{"type":"Feature","properties":{},"geometry":{"type":"LineString","coordinates":[[27.55412,53.05298],[27.5539,53.05248]]}},{"type":"Feature","properties":{},"geometry":{"type":"LineString","coordinates":[[27.5545,53.05254],[27.55412,53.05298]]}},{"type":"Feature","properties":{},"geometry":{"type":"LineString","coordinates":[[27.55387,53.052],[27.55474,53.05204]]}},{"type":"Feature","properties":{},"geometry":{"type":"LineString","coordinates":[[27.55466,53.05247],[27.5545,53.05254]]}},{"type":"Feature","properties":{},"geometry":{"type":"LineString","coordinates":[[27.55474,53.05204],[27.55466,53.05247]]}},{"type":"Feature","properties":{},"geometry":{"type":"LineString","coordinates":[[27.55563,53.0521],[27.55466,53.05247]]}},{"type":"Feature","properties":{},"geometry":{"type":"LineString","coordinates":[[27.55474,53.05204],[27.55563,53.0521]]}},{"type":"Feature","properties":{},"geometry":{"type":"LineString","coordinates":[[27.55563,53.0521],[27.56601,53.04789]]}},{"type":"Feature","properties":{},"geometry":{"type":"LineString","coordinates":[[28.81607,55.91589],[28.81524,55.91573]]}},{"type":"Feature","properties":{},"geometry":{"type":"LineString","coordinates":[[28.81588,55.9155],[28.81524,55.91573]]}},{"type":"Feature","properties":{},"geometry":{"type":"LineString","coordinates":[[28.81607,55.91589],[28.81588,55.9155]]}},{"type":"Feature","properties":{},"geometry":{"type":"LineString","coordinates":[[28.7835,55.53184],[28.78515,55.55626],[28.77872,55.58372],[28.80543,55.58945],[28.82653,55.59738],[28.84362,55.61512],[28.83395,55.64078],[28.8416,55.65139],[28.82845,55.66752],[28.83785,55.67679],[28.83318,55.68796],[28.83491,55.70796],[28.84189,55.72291],[28.84293,55.75431],[28.79794,55.80574],[28.79866,55.8189],[28.80757,55.82439],[28.81528,55.83697],[28.83477,55.85102],[28.82972,55.87565],[28.81228,55.88941],[28.81634,55.90276],[28.81588,55.9155]]}},{"type":"Feature","properties":{},"geometry":{"type":"LineString","coordinates":[[29.06165,55.96139],[29.03743,55.95095],[29.02612,55.9512],[29.00862,55.9468],[29.00485,55.94329],[28.97295,55.93651],[28.94276,55.941],[28.93798,55.93943],[28.91905,55.94022],[28.9113,55.94297],[28.89637,55.94165],[28.8824,55.94661],[28.86652,55.93818],[28.85829,55.92817],[28.83163,55.92285],[28.81607,55.91589]]}},{"type":"Feature","properties":{},"geometry":{"type":"LineString","coordinates":[[27.8485,53.73512],[27.84827,53.73504]]}},{"type":"Feature","properties":{},"geometry":{"type":"LineString","coordinates":[[27.84827,53.73504],[27.88044,53.70319],[27.9292,53.67655],[27.94125,53.66216],[28.05166,53.61871],[28.12766,53.57637],[28.16238,53.54928],[28.17448,53.54617],[28.23557,53.54345],[28.26206,53.53578],[28.29203,53.51578],[28.35459,53.49234],[28.44926,53.42532],[28.4723,53.41449],[28.51019,53.40308],[28.65883,53.33784],[28.8321,53.28552],[28.93231,53.24764],[29.05673,53.20998],[29.07112,53.21067],[29.08619,53.21715],[29.11961,53.22578],[29.1929,53.25559],[29.29442,53.24589],[29.33754,53.22378],[29.35759,53.18124],[29.36644,53.13349],[29.3538,53.11275],[29.35601,53.10096],[29.36377,53.09439],[29.43235,53.06284],[29.57496,53.0435],[29.62117,53.04369],[29.66509,53.03723],[29.98588,52.92647],[30.01311,52.92856],[30.09364,52.92689],[30.11436,52.92202],[30.14965,52.89287],[30.16483,52.84745],[30.1711,52.83855],[30.33271,52.7215],[30.36642,52.65939],[30.41775,52.63419],[30.46669,52.61662],[30.50267,52.57819],[30.62358,52.52207],[30.63498,52.50783],[30.70065,52.48965],[30.75426,52.48391],[30.81801,52.48948],[30.86238,52.49616],[30.88529,52.49584],[30.91897,52.48625],[30.94626,52.46427]]}},{"type":"Feature","properties":{},"geometry":{"type":"LineString","coordinates":[[27.93611,53.669],[27.92836,53.67731],[27.88105,53.70296],[27.8485,53.73512]]}},{"type":"Feature","properties":{},"geometry":{"type":"LineString","coordinates":[[27.56601,53.04789],[27.57786,53.04313]]}},{"type":"Feature","properties":{},"geometry":{"type":"LineString","coordinates":[[27.57786,53.04313],[27.56601,53.04789]]}},{"type":"Feature","properties":{},"geometry":{"type":"LineString","coordinates":[[27.46484,52.78217],[27.4642,52.78215]]}},{"type":"Feature","properties":{},"geometry":{"type":"LineString","coordinates":[[27.46459,52.7825],[27.4642,52.78215]]}},{"type":"Feature","properties":{},"geometry":{"type":"LineString","coordinates":[[27.4642,52.78215],[27.46416,52.78148]]}},{"type":"Feature","properties":{},"geometry":{"type":"LineString","coordinates":[[27.46416,52.78148],[27.46458,52.78099]]}},{"type":"Feature","properties":{},"geometry":{"type":"LineString","coordinates":[[27.46416,52.78148],[27.46485,52.78146]]}},{"type":"Feature","properties":{},"geometry":{"type":"LineString","coordinates":[[27.46484,52.78217],[27.46459,52.7825]]}},{"type":"Feature","properties":{},"geometry":{"type":"LineString","coordinates":[[27.46485,52.78146],[27.46484,52.78217]]}},{"type":"Feature","properties":{},"geometry":{"type":"LineString","coordinates":[[27.46458,52.78099],[27.46485,52.78146]]}},{"type":"Feature","properties":{},"geometry":{"type":"LineString","coordinates":[[27.46458,52.78099],[27.46462,52.75877],[27.46046,52.75111]]}},{"type":"Feature","properties":{},"geometry":{"type":"LineString","coordinates":[[28.60054,55.42854],[28.6073,55.42961]]}},{"type":"Feature","properties":{},"geometry":{"type":"LineString","coordinates":[[28.6073,55.42961],[28.60054,55.42854]]}},{"type":"Feature","properties":{},"geometry":{"type":"LineString","coordinates":[[27.18222,52.04979],[27.1816,52.0497]]}},{"type":"Feature","properties":{},"geometry":{"type":"LineString","coordinates":[[27.1816,52.0497],[27.18213,52.04952]]}},{"type":"Feature","properties":{},"geometry":{"type":"LineString","coordinates":[[27.18233,52.04983],[27.18222,52.04979]]}},{"type":"Feature","properties":{},"geometry":{"type":"LineString","coordinates":[[27.18222,52.04979],[27.18213,52.04952]]}},{"type":"Feature","properties":{},"geometry":{"type":"LineString","coordinates":[[27.18213,52.04952],[27.1828,52.0498]]}},{"type":"Feature","properties":{},"geometry":{"type":"LineString","coordinates":[[27.1828,52.0498],[27.18233,52.04983]]}},{"type":"Feature","properties":{},"geometry":{"type":"LineString","coordinates":[[27.18264,52.05012],[27.18233,52.04983]]}},{"type":"Feature","properties":{},"geometry":{"type":"LineString","coordinates":[[27.8172,52.05787],[27.78515,52.06252],[27.74603,52.06459],[27.73032,52.07151],[27.72012,52.07076],[27.70903,52.07651],[27.65973,52.08854],[27.63705,52.08713],[27.63344,52.08513],[27.62085,52.08615],[27.5924,52.08365],[27.53758,52.08626],[27.53251,52.08189],[27.50933,52.0777],[27.47529,52.08196],[27.41578,52.08105],[27.39422,52.08315],[27.36748,52.07626],[27.34104,52.07688],[27.33421,52.06634],[27.29572,52.06111],[27.25603,52.0587],[27.2514,52.0672],[27.23777,52.0703],[27.19571,52.06172],[27.18481,52.05468],[27.18264,52.05012]]}},{"type":"Feature","properties":{},"geometry":{"type":"LineString","coordinates":[[27.1828,52.0498],[27.18264,52.05012]]}},{"type":"Feature","properties":{},"geometry":{"type":"LineString","coordinates":[[28.65124,55.5282],[28.66926,55.51696]]}},{"type":"Feature","properties":{},"geometry":{"type":"LineString","coordinates":[[28.66973,55.51734],[28.65158,55.52842]]}},{"type":"Feature","properties":{},"geometry":{"type":"LineString","coordinates":[[28.66961,55.44875],[28.65532,55.44024],[28.6073,55.42961]]}},{"type":"Feature","properties":{},"geometry":{"type":"LineString","coordinates":[[27.46024,52.75087],[27.46046,52.75111]]}},{"type":"Feature","properties":{},"geometry":{"type":"LineString","coordinates":[[27.46024,52.75087],[27.44734,52.73635],[27.44532,52.72421],[27.47268,52.6122],[27.4757,52.48249],[27.46682,52.40384],[27.44187,52.28342],[27.44051,52.25288],[27.44563,52.24178]]}},{"type":"Feature","properties":{},"geometry":{"type":"LineString","coordinates":[[27.46046,52.75111],[27.46024,52.75087]]}},{"type":"Feature","properties":{},"geometry":{"type":"LineString","coordinates":[[27.57786,53.04313],[27.58244,53.04133]]}},{"type":"Feature","properties":{},"geometry":{"type":"LineString","coordinates":[[28.65493,55.52841],[28.66229,55.53529]]}},{"type":"Feature","properties":{},"geometry":{"type":"LineString","coordinates":[[28.66229,55.53529],[28.65493,55.52841]]}},{"type":"Feature","properties":{},"geometry":{"type":"LineString","coordinates":[[27.58244,53.04133],[27.58261,53.04106]]}},{"type":"Feature","properties":{},"geometry":{"type":"LineString","coordinates":[[27.58295,53.04119],[27.58244,53.04133]]}},{"type":"Feature","properties":{},"geometry":{"type":"LineString","coordinates":[[27.58295,53.04119],[27.58261,53.04106]]}},{"type":"Feature","properties":{},"geometry":{"type":"LineString","coordinates":[[27.58261,53.04106],[27.583,53.04084]]}},{"type":"Feature","properties":{},"geometry":{"type":"LineString","coordinates":[[28.6675,55.54024],[28.66229,55.53529]]}},{"type":"Feature","properties":{},"geometry":{"type":"LineString","coordinates":[[27.58311,53.04114],[27.58295,53.04119]]}},{"type":"Feature","properties":{},"geometry":{"type":"LineString","coordinates":[[27.583,53.04084],[27.58311,53.04114]]}},{"type":"Feature","properties":{},"geometry":{"type":"LineString","coordinates":[[27.58424,53.04108],[27.58311,53.04114]]}},{"type":"Feature","properties":{},"geometry":{"type":"LineString","coordinates":[[27.583,53.04084],[27.58424,53.04108]]}},{"type":"Feature","properties":{},"geometry":{"type":"LineString","coordinates":[[27.86097,53.06664],[27.7548,53.07509],[27.58424,53.04108]]}},{"type":"Feature","properties":{},"geometry":{"type":"LineString","coordinates":[[28.66765,55.54178],[28.66817,55.54084]]}},{"type":"Feature","properties":{},"geometry":{"type":"LineString","coordinates":[[28.66947,55.54103],[28.66765,55.54178]]}},{"type":"Feature","properties":{},"geometry":{"type":"LineString","coordinates":[[28.6675,55.54024],[28.66832,55.54033]]}},{"type":"Feature","properties":{},"geometry":{"type":"LineString","coordinates":[[28.6681,55.54077],[28.6675,55.54024]]}},{"type":"Feature","properties":{},"geometry":{"type":"LineString","coordinates":[[28.66817,55.54084],[28.6681,55.54077]]}},{"type":"Feature","properties":{},"geometry":{"type":"LineString","coordinates":[[28.6681,55.54077],[28.66832,55.54033]]}},{"type":"Feature","properties":{},"geometry":{"type":"LineString","coordinates":[[28.66947,55.54103],[28.66817,55.54084]]}},{"type":"Feature","properties":{},"geometry":{"type":"LineString","coordinates":[[28.66832,55.54033],[28.66983,55.53981]]}},{"type":"Feature","properties":{},"geometry":{"type":"LineString","coordinates":[[28.67056,55.54059],[28.66947,55.54103]]}},{"type":"Feature","properties":{},"geometry":{"type":"LineString","coordinates":[[28.66983,55.53981],[28.71334,55.53941]]}},{"type":"Feature","properties":{},"geometry":{"type":"LineString","coordinates":[[28.66983,55.53981],[28.67056,55.54059]]}},{"type":"Feature","properties":{},"geometry":{"type":"LineString","coordinates":[[28.7133,55.5399],[28.67802,55.53875],[28.67056,55.54059]]}},{"type":"Feature","properties":{},"geometry":{"type":"LineString","coordinates":[[28.66973,55.51734],[28.66926,55.51696]]}},{"type":"Feature","properties":{},"geometry":{"type":"LineString","coordinates":[[28.66926,55.51696],[28.66939,55.51686]]}},{"type":"Feature","properties":{},"geometry":{"type":"LineString","coordinates":[[28.66939,55.51686],[28.67025,55.51615]]}},{"type":"Feature","properties":{},"geometry":{"type":"LineString","coordinates":[[28.66939,55.51686],[28.67001,55.51685]]}},{"type":"Feature","properties":{},"geometry":{"type":"LineString","coordinates":[[28.67001,55.51685],[28.66973,55.51734]]}},{"type":"Feature","properties":{},"geometry":{"type":"LineString","coordinates":[[28.67025,55.51615],[28.67001,55.51685]]}},{"type":"Feature","properties":{},"geometry":{"type":"LineString","coordinates":[[28.67025,55.51615],[28.69456,55.50129],[28.70848,55.48353],[28.7217,55.47898],[28.73132,55.46913]]}},{"type":"Feature","properties":{},"geometry":{"type":"LineString","coordinates":[[28.68346,55.53686],[28.72059,55.50729],[28.74738,55.50469]]}},{"type":"Feature","properties":{},"geometry":{"type":"LineString","coordinates":[[27.94539,53.65706],[27.94459,53.65531],[27.93227,53.65332],[27.90774,53.6408],[27.85504,53.61884],[27.85827,53.60267]]}},{"type":"Feature","properties":{},"geometry":{"type":"LineString","coordinates":[[27.85827,53.60267],[27.85393,53.5988],[27.85955,53.59744]]}},{"type":"Feature","properties":{},"geometry":{"type":"LineString","coordinates":[[27.85955,53.59744],[27.86131,53.59969],[27.85827,53.60267]]}},{"type":"Feature","properties":{},"geometry":{"type":"LineString","coordinates":[[28.67193,55.44987],[28.66961,55.44875]]}},{"type":"Feature","properties":{},"geometry":{"type":"LineString","coordinates":[[28.71342,55.53994],[28.7133,55.5399]]}},{"type":"Feature","properties":{},"geometry":{"type":"LineString","coordinates":[[28.7133,55.5399],[28.71334,55.53941]]}},{"type":"Feature","properties":{},"geometry":{"type":"LineString","coordinates":[[28.71359,55.54041],[28.71342,55.53994]]}},{"type":"Feature","properties":{},"geometry":{"type":"LineString","coordinates":[[28.71478,55.54],[28.71359,55.54041]]}},{"type":"Feature","properties":{},"geometry":{"type":"LineString","coordinates":[[28.71478,55.54],[28.71342,55.53994]]}},{"type":"Feature","properties":{},"geometry":{"type":"LineString","coordinates":[[28.67193,55.44987],[28.68296,55.45433]]}},{"type":"Feature","properties":{},"geometry":{"type":"LineString","coordinates":[[28.68296,55.45433],[28.67193,55.44987]]}},{"type":"Feature","properties":{},"geometry":{"type":"LineString","coordinates":[[28.71334,55.53941],[28.71396,55.53929]]}},{"type":"Feature","properties":{},"geometry":{"type":"LineString","coordinates":[[27.85955,53.59744],[27.86885,53.59475],[27.86399,53.59511]]}},{"type":"Feature","properties":{},"geometry":{"type":"LineString","coordinates":[[28.71396,55.53929],[28.71489,55.53903]]}},{"type":"Feature","properties":{},"geometry":{"type":"LineString","coordinates":[[28.71396,55.53929],[28.71513,55.53935]]}},{"type":"Feature","properties":{},"geometry":{"type":"LineString","coordinates":[[28.71545,55.53987],[28.71478,55.54]]}},{"type":"Feature","properties":{},"geometry":{"type":"LineString","coordinates":[[28.71489,55.53903],[28.71513,55.53935]]}},{"type":"Feature","properties":{},"geometry":{"type":"LineString","coordinates":[[28.74801,55.50516],[28.71489,55.53903]]}},{"type":"Feature","properties":{},"geometry":{"type":"LineString","coordinates":[[28.71513,55.53935],[28.71543,55.53941]]}},{"type":"Feature","properties":{},"geometry":{"type":"LineString","coordinates":[[28.71543,55.53941],[28.71545,55.53987]]}},{"type":"Feature","properties":{},"geometry":{"type":"LineString","coordinates":[[28.84082,55.52464],[28.71545,55.53987]]}},{"type":"Feature","properties":{},"geometry":{"type":"LineString","coordinates":[[28.71543,55.53941],[28.84082,55.52464]]}},{"type":"Feature","properties":{},"geometry":{"type":"LineString","coordinates":[[27.86305,53.5949],[27.86339,53.59504]]}},{"type":"Feature","properties":{},"geometry":{"type":"LineString","coordinates":[[27.86322,53.59511],[27.86305,53.5949]]}},{"type":"Feature","properties":{},"geometry":{"type":"LineString","coordinates":[[27.86351,53.59522],[27.86322,53.59511]]}},{"type":"Feature","properties":{},"geometry":{"type":"LineString","coordinates":[[27.86322,53.59511],[27.86339,53.59504]]}},{"type":"Feature","properties":{},"geometry":{"type":"LineString","coordinates":[[27.86339,53.59504],[27.8635,53.59507]]}},{"type":"Feature","properties":{},"geometry":{"type":"LineString","coordinates":[[27.8635,53.59507],[27.86351,53.59522]]}},{"type":"Feature","properties":{},"geometry":{"type":"LineString","coordinates":[[27.86399,53.59511],[27.86351,53.59522]]}},{"type":"Feature","properties":{},"geometry":{"type":"LineString","coordinates":[[27.8635,53.59507],[27.86399,53.59511]]}},{"type":"Feature","properties":{},"geometry":{"type":"LineString","coordinates":[[28.73132,55.46913],[28.68296,55.45433]]}},{"type":"Feature","properties":{},"geometry":{"type":"LineString","coordinates":[[28.07062,54.04448],[28.0664,54.04561]]}},{"type":"Feature","properties":{},"geometry":{"type":"LineString","coordinates":[[28.07062,54.04448],[28.07568,54.04078]]}},{"type":"Feature","properties":{},"geometry":{"type":"LineString","coordinates":[[28.07568,54.04078],[28.07062,54.04448]]}},{"type":"Feature","properties":{},"geometry":{"type":"LineString","coordinates":[[28.07568,54.04078],[28.08577,54.02909]]}},{"type":"Feature","properties":{},"geometry":{"type":"LineString","coordinates":[[28.21795,54.35803],[28.21691,54.35814]]}},{"type":"Feature","properties":{},"geometry":{"type":"LineString","coordinates":[[28.50167,54.26041],[28.49662,54.27217],[28.47882,54.27427],[28.45375,54.28269],[28.37032,54.32129],[28.35324,54.36057],[28.34266,54.3618],[28.33163,54.35795],[28.27417,54.35222],[28.21795,54.35803]]}},{"type":"Feature","properties":{},"geometry":{"type":"LineString","coordinates":[[28.09142,54.02552],[28.09078,54.0299],[28.08577,54.02909]]}},{"type":"Feature","properties":{},"geometry":{"type":"LineString","coordinates":[[28.08577,54.02909],[28.09142,54.02552]]}},{"type":"Feature","properties":{},"geometry":{"type":"LineString","coordinates":[[28.01673,53.75897],[28.00967,53.75192],[28.01065,53.74206],[28.00019,53.72793],[27.97614,53.72054],[27.96023,53.69275],[27.95222,53.66869],[27.93611,53.669]]}},{"type":"Feature","properties":{},"geometry":{"type":"LineString","coordinates":[[30.94661,52.46427],[30.9191,52.48633],[30.88535,52.49594],[30.86235,52.49626],[30.81731,52.48952],[30.75427,52.48403],[30.70069,52.48977],[30.6349,52.50803],[30.62345,52.52231],[30.50394,52.57766],[30.46684,52.61668],[30.41855,52.63397],[30.36657,52.65945],[30.33286,52.72156],[30.17126,52.83862],[30.16502,52.84748],[30.14979,52.89294],[30.11482,52.92195],[30.09134,52.92709],[30.0127,52.92867],[29.99446,52.92581],[29.98588,52.92659],[29.66508,53.03734],[29.62148,53.04379],[29.57496,53.04361],[29.48812,53.05681],[29.47085,53.05698],[29.43409,53.06233],[29.36469,53.09407],[29.35616,53.10102],[29.35401,53.11275],[29.36662,53.13345],[29.35854,53.17944],[29.33776,53.22383],[29.29889,53.24439],[29.28468,53.24778],[29.19282,53.25569],[29.12154,53.22657],[29.0861,53.21725],[29.07253,53.21115],[29.06192,53.20972],[28.93315,53.24749],[28.83207,53.28569],[28.65924,53.33785],[28.51023,53.40319],[28.46897,53.41604],[28.44501,53.4278],[28.35329,53.4932],[28.29292,53.51549],[28.26668,53.53387],[28.24641,53.54107],[28.23133,53.54406],[28.16504,53.54827],[28.12792,53.57637],[28.05102,53.61923],[27.94675,53.66065],[27.93611,53.669]]}},{"type":"Feature","properties":{},"geometry":{"type":"LineString","coordinates":[[28.74801,55.50484],[28.74738,55.50469]]}},{"type":"Feature","properties":{},"geometry":{"type":"LineString","coordinates":[[28.74738,55.50469],[28.74815,55.50461]]}},{"type":"Feature","properties":{},"geometry":{"type":"LineString","coordinates":[[28.74835,55.47421],[28.73132,55.46913]]}},{"type":"Feature","properties":{},"geometry":{"type":"LineString","coordinates":[[28.74801,55.50516],[28.74803,55.50486]]}},{"type":"Feature","properties":{},"geometry":{"type":"LineString","coordinates":[[28.7484,55.50494],[28.74801,55.50516]]}},{"type":"Feature","properties":{},"geometry":{"type":"LineString","coordinates":[[28.74803,55.50486],[28.74801,55.50484]]}},{"type":"Feature","properties":{},"geometry":{"type":"LineString","coordinates":[[28.74801,55.50484],[28.74815,55.50461]]}},{"type":"Feature","properties":{},"geometry":{"type":"LineString","coordinates":[[28.7484,55.50494],[28.74803,55.50486]]}},{"type":"Feature","properties":{},"geometry":{"type":"LineString","coordinates":[[28.74815,55.50461],[28.74823,55.50459]]}},{"type":"Feature","properties":{},"geometry":{"type":"LineString","coordinates":[[28.74823,55.50459],[28.74868,55.50438]]}},{"type":"Feature","properties":{},"geometry":{"type":"LineString","coordinates":[[28.74823,55.50459],[28.74858,55.50469]]}},{"type":"Feature","properties":{},"geometry":{"type":"LineString","coordinates":[[28.74858,55.50469],[28.7484,55.50494]]}},{"type":"Feature","properties":{},"geometry":{"type":"LineString","coordinates":[[28.74868,55.50438],[28.74858,55.50469]]}},{"type":"Feature","properties":{},"geometry":{"type":"LineString","coordinates":[[28.75369,55.49915],[28.74868,55.50438]]}},{"type":"Feature","properties":{},"geometry":{"type":"LineString","coordinates":[[28.09883,54.01176],[28.09142,54.02552]]}},{"type":"Feature","properties":{},"geometry":{"type":"LineString","coordinates":[[28.75369,55.49915],[28.74803,55.48685],[28.74909,55.47474]]}},{"type":"Feature","properties":{},"geometry":{"type":"LineString","coordinates":[[28.75008,55.47489],[28.74733,55.47757],[28.74819,55.48682],[28.75369,55.49915]]}},{"type":"Feature","properties":{},"geometry":{"type":"LineString","coordinates":[[28.74835,55.47421],[28.74923,55.47413]]}},{"type":"Feature","properties":{},"geometry":{"type":"LineString","coordinates":[[28.74894,55.47457],[28.74835,55.47421]]}},{"type":"Feature","properties":{},"geometry":{"type":"LineString","coordinates":[[28.74909,55.47474],[28.74894,55.47457]]}},{"type":"Feature","properties":{},"geometry":{"type":"LineString","coordinates":[[28.74894,55.47457],[28.74923,55.47413]]}},{"type":"Feature","properties":{},"geometry":{"type":"LineString","coordinates":[[28.75008,55.47489],[28.74909,55.47474]]}},{"type":"Feature","properties":{},"geometry":{"type":"LineString","coordinates":[[28.61376,55.17948],[28.61559,55.16617],[28.61187,55.16034],[28.61275,55.14876],[28.60559,55.13927],[28.60274,55.12451],[28.58824,55.11341],[28.59444,55.10579],[28.60441,55.1028],[28.60536,55.09757],[28.6228,55.07689],[28.62669,55.06422],[28.65267,55.04632],[28.65244,55.03782],[28.64448,55.02476],[28.64571,55.01514],[28.62701,55.00473],[28.646,54.99109],[28.65311,54.97775],[28.67593,54.95914],[28.67016,54.93847],[28.67982,54.93371],[28.68465,54.92489],[28.67066,54.89896],[28.67332,54.89018],[28.65457,54.88271]]}},{"type":"Feature","properties":{},"geometry":{"type":"LineString","coordinates":[[28.75557,55.19974],[28.70759,55.20697],[28.69096,55.20624],[28.66629,55.19952],[28.65847,55.18931],[28.63725,55.18031],[28.61376,55.17948]]}},{"type":"Feature","properties":{},"geometry":{"type":"LineString","coordinates":[[28.74923,55.47413],[28.74947,55.47404]]}},{"type":"Feature","properties":{},"geometry":{"type":"LineString","coordinates":[[28.74947,55.47404],[28.75042,55.47358]]}},{"type":"Feature","properties":{},"geometry":{"type":"LineString","coordinates":[[28.74947,55.47404],[28.75045,55.47428]]}},{"type":"Feature","properties":{},"geometry":{"type":"LineString","coordinates":[[28.09883,54.01176],[28.09944,54.01075]]}},{"type":"Feature","properties":{},"geometry":{"type":"LineString","coordinates":[[28.09977,54.01079],[28.09883,54.01176]]}},{"type":"Feature","properties":{},"geometry":{"type":"LineString","coordinates":[[28.75045,55.47428],[28.75008,55.47489]]}},{"type":"Feature","properties":{},"geometry":{"type":"LineString","coordinates":[[28.75042,55.47358],[28.75045,55.47428]]}},{"type":"Feature","properties":{},"geometry":{"type":"LineString","coordinates":[[28.09944,54.01075],[28.09977,54.01079]]}},{"type":"Feature","properties":{},"geometry":{"type":"LineString","coordinates":[[28.09944,54.01075],[28.1073,53.98865],[28.10098,53.97071],[28.12347,53.90691],[28.12427,53.88762],[28.11928,53.8712],[28.10029,53.84546],[28.08217,53.82975],[28.0761,53.82062],[28.07876,53.81046],[28.07445,53.80585],[28.07717,53.79959],[28.07486,53.79515],[28.0708,53.79127],[28.04329,53.77996],[28.01712,53.76007]]}},{"type":"Feature","properties":{},"geometry":{"type":"LineString","coordinates":[[28.76386,55.4574],[28.75042,55.47358]]}},{"type":"Feature","properties":{},"geometry":{"type":"LineString","coordinates":[[28.09977,54.01079],[28.16072,53.98271],[28.19202,53.97346],[28.20992,53.97245],[28.23407,53.96723],[28.26782,53.96771],[28.28198,53.95939],[28.29989,53.95847],[28.34225,53.94523],[28.37387,53.8861],[28.40524,53.88403],[28.41261,53.87983],[28.42829,53.86178],[28.42317,53.85042],[28.39134,53.81689],[28.3875,53.80329],[28.39011,53.78011],[28.40563,53.76066],[28.40572,53.75246],[28.41802,53.74241],[28.4236,53.72877],[28.41273,53.70658],[28.3891,53.68333],[28.33945,53.67003],[28.24532,53.5954],[28.22738,53.58791],[28.21264,53.57275],[28.16968,53.5439]]}},{"type":"Feature","properties":{},"geometry":{"type":"LineString","coordinates":[[28.7835,55.53184],[28.78398,55.53076]]}},{"type":"Feature","properties":{},"geometry":{"type":"LineString","coordinates":[[28.78464,55.53111],[28.7835,55.53184]]}},{"type":"Feature","properties":{},"geometry":{"type":"LineString","coordinates":[[28.78383,55.53033],[28.78327,55.53013]]}},{"type":"Feature","properties":{},"geometry":{"type":"LineString","coordinates":[[28.78464,55.53111],[28.78398,55.53076]]}},{"type":"Feature","properties":{},"geometry":{"type":"LineString","coordinates":[[28.78398,55.53076],[28.78383,55.53033]]}},{"type":"Feature","properties":{},"geometry":{"type":"LineString","coordinates":[[28.78383,55.53033],[28.78475,55.53001]]}},{"type":"Feature","properties":{},"geometry":{"type":"LineString","coordinates":[[28.78511,55.53064],[28.78464,55.53111]]}},{"type":"Feature","properties":{},"geometry":{"type":"LineString","coordinates":[[28.7863,55.5313],[28.78464,55.53111]]}},{"type":"Feature","properties":{},"geometry":{"type":"LineString","coordinates":[[28.78475,55.53001],[28.78502,55.53037]]}},{"type":"Feature","properties":{},"geometry":{"type":"LineString","coordinates":[[28.78475,55.53001],[28.78502,55.53037]]}},{"type":"Feature","properties":{},"geometry":{"type":"LineString","coordinates":[[28.78511,55.53064],[28.7863,55.5313]]}},{"type":"Feature","properties":{},"geometry":{"type":"LineString","coordinates":[[28.78502,55.53037],[28.78511,55.53064]]}},{"type":"Feature","properties":{},"geometry":{"type":"LineString","coordinates":[[28.7863,55.5313],[28.7871,55.5318]]}},{"type":"Feature","properties":{},"geometry":{"type":"LineString","coordinates":[[28.76386,55.4574],[28.76388,55.45714]]}},{"type":"Feature","properties":{},"geometry":{"type":"LineString","coordinates":[[28.76422,55.45724],[28.76386,55.4574]]}},{"type":"Feature","properties":{},"geometry":{"type":"LineString","coordinates":[[28.76422,55.45724],[28.76388,55.45714]]}},{"type":"Feature","properties":{},"geometry":{"type":"LineString","coordinates":[[28.76388,55.45714],[28.76437,55.4566]]}},{"type":"Feature","properties":{},"geometry":{"type":"LineString","coordinates":[[28.76473,55.45668],[28.76422,55.45724]]}},{"type":"Feature","properties":{},"geometry":{"type":"LineString","coordinates":[[28.76437,55.4566],[28.76473,55.45668]]}},{"type":"Feature","properties":{},"geometry":{"type":"LineString","coordinates":[[28.76437,55.4566],[28.76478,55.45636]]}},{"type":"Feature","properties":{},"geometry":{"type":"LineString","coordinates":[[28.76478,55.45636],[28.76473,55.45668]]}},{"type":"Feature","properties":{},"geometry":{"type":"LineString","coordinates":[[28.75645,55.20019],[28.75742,55.21903],[28.76835,55.26611],[28.78072,55.30109],[28.77635,55.31518],[28.80621,55.35961],[28.81383,55.38595],[28.8071,55.40272],[28.76478,55.45636]]}},{"type":"Feature","properties":{},"geometry":{"type":"LineString","coordinates":[[28.01712,53.76007],[28.01673,53.75897]]}},{"type":"Feature","properties":{},"geometry":{"type":"LineString","coordinates":[[28.01673,53.75897],[28.01712,53.76007]]}},{"type":"Feature","properties":{},"geometry":{"type":"LineString","coordinates":[[29.42724,55.31624],[29.35846,55.34165],[29.33643,55.36468],[29.32076,55.37329],[29.23093,55.39573],[29.13385,55.45608],[29.08836,55.47192],[29.01844,55.50284],[28.96537,55.51314],[28.89287,55.5149],[28.84082,55.52464]]}},{"type":"Feature","properties":{},"geometry":{"type":"LineString","coordinates":[[28.75604,55.19984],[28.75557,55.19974]]}},{"type":"Feature","properties":{},"geometry":{"type":"LineString","coordinates":[[28.75557,55.19974],[28.75601,55.19968]]}},{"type":"Feature","properties":{},"geometry":{"type":"LineString","coordinates":[[28.75624,55.19995],[28.75604,55.19984]]}},{"type":"Feature","properties":{},"geometry":{"type":"LineString","coordinates":[[28.75604,55.19984],[28.75601,55.19968]]}},{"type":"Feature","properties":{},"geometry":{"type":"LineString","coordinates":[[28.75601,55.19968],[28.75629,55.1995]]}},{"type":"Feature","properties":{},"geometry":{"type":"LineString","coordinates":[[28.75665,55.19995],[28.75624,55.19995]]}},{"type":"Feature","properties":{},"geometry":{"type":"LineString","coordinates":[[28.75645,55.20019],[28.75624,55.19995]]}},{"type":"Feature","properties":{},"geometry":{"type":"LineString","coordinates":[[28.75665,55.19995],[28.75645,55.20019]]}},{"type":"Feature","properties":{},"geometry":{"type":"LineString","coordinates":[[28.75629,55.1995],[28.75642,55.19931]]}},{"type":"Feature","properties":{},"geometry":{"type":"LineString","coordinates":[[28.75629,55.1995],[28.75658,55.1995]]}},{"type":"Feature","properties":{},"geometry":{"type":"LineString","coordinates":[[28.75684,55.19983],[28.75665,55.19995]]}},{"type":"Feature","properties":{},"geometry":{"type":"LineString","coordinates":[[28.75642,55.19931],[28.75658,55.1995]]}},{"type":"Feature","properties":{},"geometry":{"type":"LineString","coordinates":[[28.73595,54.9182],[28.7457,54.97314],[28.73784,55.00283],[28.74779,55.03431],[28.75911,55.10931],[28.75642,55.19931]]}},{"type":"Feature","properties":{},"geometry":{"type":"LineString","coordinates":[[28.75658,55.1995],[28.75686,55.19967]]}},{"type":"Feature","properties":{},"geometry":{"type":"LineString","coordinates":[[28.75686,55.19967],[28.75684,55.19983]]}},{"type":"Feature","properties":{},"geometry":{"type":"LineString","coordinates":[[28.75728,55.19973],[28.75684,55.19983]]}},{"type":"Feature","properties":{},"geometry":{"type":"LineString","coordinates":[[28.75686,55.19967],[28.75728,55.19973]]}},{"type":"Feature","properties":{},"geometry":{"type":"LineString","coordinates":[[28.26514,54.08932],[28.26317,54.08885]]}},{"type":"Feature","properties":{},"geometry":{"type":"LineString","coordinates":[[28.26344,54.08829],[28.26317,54.08885]]}},{"type":"Feature","properties":{},"geometry":{"type":"LineString","coordinates":[[29.21517,55.19773],[29.18158,55.19291],[29.14692,55.19331],[29.11526,55.19778],[29.05896,55.19085],[29.02847,55.19103],[29.01103,55.18829],[28.99452,55.18998],[28.97908,55.18655],[28.93383,55.18529],[28.88822,55.17414],[28.85741,55.17564],[28.84378,55.18441],[28.81309,55.19025],[28.80088,55.18983],[28.75728,55.19973]]}},{"type":"Feature","properties":{},"geometry":{"type":"LineString","coordinates":[[28.26344,54.08829],[28.26549,54.08876]]}},{"type":"Feature","properties":{},"geometry":{"type":"LineString","coordinates":[[28.33875,54.10725],[28.26514,54.08932]]}},{"type":"Feature","properties":{},"geometry":{"type":"LineString","coordinates":[[28.26514,54.08932],[28.26549,54.08876]]}},{"type":"Feature","properties":{},"geometry":{"type":"LineString","coordinates":[[28.26549,54.08876],[28.33875,54.10725]]}},{"type":"Feature","properties":{},"geometry":{"type":"LineString","coordinates":[[27.86097,53.06664],[27.87801,52.95781],[27.87556,52.9491],[27.88349,52.94827]]}},{"type":"Feature","properties":{},"geometry":{"type":"LineString","coordinates":[[28.26791,53.03288],[27.86097,53.06664]]}},{"type":"Feature","properties":{},"geometry":{"type":"LineString","coordinates":[[28.67814,54.87526],[28.66245,54.8774],[28.65457,54.88271]]}},{"type":"Feature","properties":{},"geometry":{"type":"LineString","coordinates":[[27.54849,52.2373],[27.54882,52.2373]]}},{"type":"Feature","properties":{},"geometry":{"type":"LineString","coordinates":[[27.54849,52.2373],[27.55173,52.23724]]}},{"type":"Feature","properties":{},"geometry":{"type":"LineString","coordinates":[[27.55123,52.23725],[27.55173,52.23724]]}},{"type":"Feature","properties":{},"geometry":{"type":"LineString","coordinates":[[27.55173,52.23724],[27.58134,52.23708],[27.7876,52.25428],[27.85797,52.25769]]}},{"type":"Feature","properties":{},"geometry":{"type":"LineString","coordinates":[[28.67814,54.87526],[28.67866,54.87508]]}},{"type":"Feature","properties":{},"geometry":{"type":"LineString","coordinates":[[28.67875,54.87518],[28.67814,54.87526]]}},{"type":"Feature","properties":{},"geometry":{"type":"LineString","coordinates":[[28.33875,54.10725],[28.35944,54.12166]]}},{"type":"Feature","properties":{},"geometry":{"type":"LineString","coordinates":[[28.67875,54.87518],[28.67866,54.87508]]}},{"type":"Feature","properties":{},"geometry":{"type":"LineString","coordinates":[[28.67866,54.87508],[28.67866,54.87507]]}},{"type":"Feature","properties":{},"geometry":{"type":"LineString","coordinates":[[28.67851,54.87473],[28.67874,54.87489]]}},{"type":"Feature","properties":{},"geometry":{"type":"LineString","coordinates":[[28.67866,54.87507],[28.67851,54.87473]]}},{"type":"Feature","properties":{},"geometry":{"type":"LineString","coordinates":[[28.70764,54.8687],[28.67727,54.86971],[28.67851,54.87473]]}},{"type":"Feature","properties":{},"geometry":{"type":"LineString","coordinates":[[28.67866,54.87507],[28.67886,54.875]]}},{"type":"Feature","properties":{},"geometry":{"type":"LineString","coordinates":[[28.67896,54.87515],[28.67875,54.87518]]}},{"type":"Feature","properties":{},"geometry":{"type":"LineString","coordinates":[[28.67874,54.87489],[28.67906,54.87497]]}},{"type":"Feature","properties":{},"geometry":{"type":"LineString","coordinates":[[28.67874,54.87489],[28.67886,54.875]]}},{"type":"Feature","properties":{},"geometry":{"type":"LineString","coordinates":[[28.67886,54.875],[28.67887,54.875]]}},{"type":"Feature","properties":{},"geometry":{"type":"LineString","coordinates":[[28.67887,54.875],[28.67896,54.87515]]}},{"type":"Feature","properties":{},"geometry":{"type":"LineString","coordinates":[[28.67887,54.875],[28.67906,54.87497]]}},{"type":"Feature","properties":{},"geometry":{"type":"LineString","coordinates":[[28.6799,54.87509],[28.67896,54.87515]]}},{"type":"Feature","properties":{},"geometry":{"type":"LineString","coordinates":[[28.67906,54.87497],[28.6799,54.87509]]}},{"type":"Feature","properties":{},"geometry":{"type":"LineString","coordinates":[[28.73344,54.88424],[28.6799,54.87509]]}},{"type":"Feature","properties":{},"geometry":{"type":"LineString","coordinates":[[28.35944,54.12166],[28.36938,54.12875]]}},{"type":"Feature","properties":{},"geometry":{"type":"LineString","coordinates":[[28.46054,54.19097],[28.43131,54.17399],[28.35944,54.12166]]}},{"type":"Feature","properties":{},"geometry":{"type":"LineString","coordinates":[[28.36938,54.12875],[28.44006,54.17965],[28.46054,54.19097]]}},{"type":"Feature","properties":{},"geometry":{"type":"LineString","coordinates":[[28.36938,54.12875],[28.37024,54.12843]]}},{"type":"Feature","properties":{},"geometry":{"type":"LineString","coordinates":[[28.70764,54.8687],[28.73344,54.88424]]}},{"type":"Feature","properties":{},"geometry":{"type":"LineString","coordinates":[[29.13234,54.78908],[29.09274,54.81071],[29.03235,54.82464],[28.86029,54.84662],[28.82989,54.85438],[28.75163,54.86617],[28.70764,54.8687]]}},{"type":"Feature","properties":{},"geometry":{"type":"LineString","coordinates":[[27.884,52.94828],[27.88349,52.94827]]}},{"type":"Feature","properties":{},"geometry":{"type":"LineString","coordinates":[[27.88349,52.94827],[27.88392,52.94813]]}},{"type":"Feature","properties":{},"geometry":{"type":"LineString","coordinates":[[27.884,52.94828],[27.88392,52.94813]]}},{"type":"Feature","properties":{},"geometry":{"type":"LineString","coordinates":[[27.88392,52.94813],[27.88429,52.94794]]}},{"type":"Feature","properties":{},"geometry":{"type":"LineString","coordinates":[[27.88465,52.94797],[27.884,52.94828]]}},{"type":"Feature","properties":{},"geometry":{"type":"LineString","coordinates":[[27.88429,52.94794],[27.88451,52.94765]]}},{"type":"Feature","properties":{},"geometry":{"type":"LineString","coordinates":[[27.88429,52.94794],[27.88465,52.94797]]}},{"type":"Feature","properties":{},"geometry":{"type":"LineString","coordinates":[[27.88451,52.94765],[27.88465,52.94797]]}},{"type":"Feature","properties":{},"geometry":{"type":"LineString","coordinates":[[27.88451,52.94765],[27.88262,52.94349],[27.88774,52.92665],[27.91706,52.89271],[27.93048,52.87143],[27.9664,52.8381],[27.97544,52.81547],[27.98466,52.80707]]}},{"type":"Feature","properties":{},"geometry":{"type":"LineString","coordinates":[[28.73576,54.91766],[28.73549,54.91759]]}},{"type":"Feature","properties":{},"geometry":{"type":"LineString","coordinates":[[28.73595,54.9182],[28.73549,54.91759]]}},{"type":"Feature","properties":{},"geometry":{"type":"LineString","coordinates":[[28.73549,54.91759],[28.7354,54.91723]]}},{"type":"Feature","properties":{},"geometry":{"type":"LineString","coordinates":[[28.7354,54.91723],[28.73563,54.91626]]}},{"type":"Feature","properties":{},"geometry":{"type":"LineString","coordinates":[[28.7354,54.91723],[28.73615,54.9172]]}},{"type":"Feature","properties":{},"geometry":{"type":"LineString","coordinates":[[28.7361,54.91774],[28.73595,54.9182]]}},{"type":"Feature","properties":{},"geometry":{"type":"LineString","coordinates":[[28.7361,54.91774],[28.73576,54.91766]]}},{"type":"Feature","properties":{},"geometry":{"type":"LineString","coordinates":[[28.73618,54.91755],[28.73576,54.91766]]}},{"type":"Feature","properties":{},"geometry":{"type":"LineString","coordinates":[[28.73692,54.91793],[28.7361,54.91774]]}},{"type":"Feature","properties":{},"geometry":{"type":"LineString","coordinates":[[28.73618,54.91755],[28.7361,54.91774]]}},{"type":"Feature","properties":{},"geometry":{"type":"LineString","coordinates":[[28.73628,54.91736],[28.73618,54.91755]]}},{"type":"Feature","properties":{},"geometry":{"type":"LineString","coordinates":[[28.73563,54.91626],[28.73615,54.9172]]}},{"type":"Feature","properties":{},"geometry":{"type":"LineString","coordinates":[[28.73617,54.89749],[28.73334,54.90332],[28.73563,54.91626]]}},{"type":"Feature","properties":{},"geometry":{"type":"LineString","coordinates":[[28.73615,54.9172],[28.73628,54.91736]]}},{"type":"Feature","properties":{},"geometry":{"type":"LineString","coordinates":[[28.73628,54.91736],[28.73692,54.91793]]}},{"type":"Feature","properties":{},"geometry":{"type":"LineString","coordinates":[[28.73692,54.91793],[28.75119,54.92505],[28.76379,54.93699],[28.78407,54.94969],[28.7901,54.95778],[28.80644,54.96443],[28.85237,54.99075]]}},{"type":"Feature","properties":{},"geometry":{"type":"LineString","coordinates":[[28.73617,54.89749],[28.73835,54.89312]]}},{"type":"Feature","properties":{},"geometry":{"type":"LineString","coordinates":[[28.73835,54.89312],[28.73617,54.89749]]}},{"type":"Feature","properties":{},"geometry":{"type":"LineString","coordinates":[[28.73344,54.88424],[28.73835,54.89312]]}},{"type":"Feature","properties":{},"geometry":{"type":"LineString","coordinates":[[29.15006,54.84309],[29.14345,54.86579],[29.13607,54.8664],[29.10981,54.85969],[29.08551,54.86228],[29.02099,54.87533],[29.01085,54.88272],[28.96759,54.88757],[28.94833,54.88854],[28.94719,54.88111],[28.94071,54.87697],[28.90524,54.87456],[28.90182,54.88003],[28.90954,54.88806],[28.88794,54.89448],[28.84772,54.8962],[28.83208,54.89305],[28.80535,54.89392],[28.78709,54.88963],[28.77941,54.89001],[28.75223,54.87558],[28.74186,54.88338],[28.73344,54.88424]]}},{"type":"Feature","properties":{},"geometry":{"type":"LineString","coordinates":[[28.14145,53.52503],[28.14118,53.52485]]}},{"type":"Feature","properties":{},"geometry":{"type":"LineString","coordinates":[[28.14118,53.52485],[28.14112,53.5246]]}},{"type":"Feature","properties":{},"geometry":{"type":"LineString","coordinates":[[28.14118,53.52485],[28.14139,53.5248]]}},{"type":"Feature","properties":{},"geometry":{"type":"LineString","coordinates":[[28.14112,53.5246],[28.14139,53.5248]]}},{"type":"Feature","properties":{},"geometry":{"type":"LineString","coordinates":[[28.14112,53.5246],[28.13956,53.51764]]}},{"type":"Feature","properties":{},"geometry":{"type":"LineString","coordinates":[[28.13812,53.51713],[28.13799,53.51705]]}},{"type":"Feature","properties":{},"geometry":{"type":"LineString","coordinates":[[28.13799,53.51705],[28.13819,53.51703]]}},{"type":"Feature","properties":{},"geometry":{"type":"LineString","coordinates":[[28.13836,53.5172],[28.13812,53.51713]]}},{"type":"Feature","properties":{},"geometry":{"type":"LineString","coordinates":[[28.13812,53.51713],[28.13819,53.51703]]}},{"type":"Feature","properties":{},"geometry":{"type":"LineString","coordinates":[[28.14173,53.52511],[28.14145,53.52503]]}},{"type":"Feature","properties":{},"geometry":{"type":"LineString","coordinates":[[28.14155,53.52496],[28.14145,53.52503]]}},{"type":"Feature","properties":{},"geometry":{"type":"LineString","coordinates":[[28.14139,53.5248],[28.14154,53.52485]]}},{"type":"Feature","properties":{},"geometry":{"type":"LineString","coordinates":[[28.13819,53.51703],[28.13845,53.51709]]}},{"type":"Feature","properties":{},"geometry":{"type":"LineString","coordinates":[[28.14155,53.52496],[28.14173,53.52511]]}},{"type":"Feature","properties":{},"geometry":{"type":"LineString","coordinates":[[28.14156,53.52495],[28.14155,53.52496]]}},{"type":"Feature","properties":{},"geometry":{"type":"LineString","coordinates":[[28.14154,53.52485],[28.14156,53.52495]]}},{"type":"Feature","properties":{},"geometry":{"type":"LineString","coordinates":[[28.14207,53.5249],[28.14156,53.52495]]}},{"type":"Feature","properties":{},"geometry":{"type":"LineString","coordinates":[[28.14154,53.52485],[28.14207,53.5249]]}},{"type":"Feature","properties":{},"geometry":{"type":"LineString","coordinates":[[28.13859,53.5172],[28.13836,53.5172]]}},{"type":"Feature","properties":{},"geometry":{"type":"LineString","coordinates":[[28.13845,53.51709],[28.13836,53.5172]]}},{"type":"Feature","properties":{},"geometry":{"type":"LineString","coordinates":[[28.16812,53.54288],[28.14173,53.52511]]}},{"type":"Feature","properties":{},"geometry":{"type":"LineString","coordinates":[[28.13845,53.51709],[28.13859,53.5172]]}},{"type":"Feature","properties":{},"geometry":{"type":"LineString","coordinates":[[28.1394,53.5174],[28.13859,53.5172]]}},{"type":"Feature","properties":{},"geometry":{"type":"LineString","coordinates":[[28.26458,53.5357],[28.25284,53.52815],[28.24328,53.5264],[28.18789,53.52834],[28.1576,53.52403],[28.14207,53.5249]]}},{"type":"Feature","properties":{},"geometry":{"type":"LineString","coordinates":[[28.1394,53.5174],[28.13955,53.5174]]}},{"type":"Feature","properties":{},"geometry":{"type":"LineString","coordinates":[[28.13949,53.51748],[28.1394,53.5174]]}},{"type":"Feature","properties":{},"geometry":{"type":"LineString","coordinates":[[28.13955,53.51755],[28.13949,53.51748]]}},{"type":"Feature","properties":{},"geometry":{"type":"LineString","coordinates":[[28.13949,53.51748],[28.13955,53.5174]]}},{"type":"Feature","properties":{},"geometry":{"type":"LineString","coordinates":[[28.13956,53.51764],[28.13955,53.51755]]}},{"type":"Feature","properties":{},"geometry":{"type":"LineString","coordinates":[[28.13965,53.51757],[28.13956,53.51764]]}},{"type":"Feature","properties":{},"geometry":{"type":"LineString","coordinates":[[28.13965,53.51757],[28.13955,53.51755]]}},{"type":"Feature","properties":{},"geometry":{"type":"LineString","coordinates":[[28.13955,53.5174],[28.13962,53.51738]]}},{"type":"Feature","properties":{},"geometry":{"type":"LineString","coordinates":[[28.13978,53.51742],[28.13965,53.51757]]}},{"type":"Feature","properties":{},"geometry":{"type":"LineString","coordinates":[[28.13962,53.51738],[28.13975,53.5173]]}},{"type":"Feature","properties":{},"geometry":{"type":"LineString","coordinates":[[28.13962,53.51738],[28.13978,53.51742]]}},{"type":"Feature","properties":{},"geometry":{"type":"LineString","coordinates":[[28.13975,53.5173],[28.13978,53.51742]]}},{"type":"Feature","properties":{},"geometry":{"type":"LineString","coordinates":[[28.13975,53.5173],[28.15134,53.4994],[28.13047,53.48866],[28.09871,53.48152],[28.08087,53.44665],[28.07946,53.42629],[28.05383,53.41078],[28.04209,53.39028],[28.04712,53.37867],[28.06433,53.37012],[28.0936,53.36205],[28.09644,53.34591],[28.0942,53.34094],[28.0799,53.32984],[28.08075,53.3244],[28.07635,53.31763],[28.06256,53.3144],[28.02484,53.29277],[28.02326,53.25613],[28.01812,53.24737],[28.04388,53.23306],[28.04105,53.22277],[28.04754,53.21227]]}},{"type":"Feature","properties":{},"geometry":{"type":"LineString","coordinates":[[28.16812,53.54288],[28.16881,53.54308]]}},{"type":"Feature","properties":{},"geometry":{"type":"LineString","coordinates":[[28.16838,53.54336],[28.16812,53.54288]]}},{"type":"Feature","properties":{},"geometry":{"type":"LineString","coordinates":[[28.16896,53.5437],[28.16838,53.54336]]}},{"type":"Feature","properties":{},"geometry":{"type":"LineString","coordinates":[[28.16838,53.54336],[28.16881,53.54308]]}},{"type":"Feature","properties":{},"geometry":{"type":"LineString","coordinates":[[28.16968,53.5439],[28.16896,53.5437]]}},{"type":"Feature","properties":{},"geometry":{"type":"LineString","coordinates":[[28.16942,53.54343],[28.16896,53.5437]]}},{"type":"Feature","properties":{},"geometry":{"type":"LineString","coordinates":[[28.16881,53.54308],[28.16942,53.54343]]}},{"type":"Feature","properties":{},"geometry":{"type":"LineString","coordinates":[[28.16942,53.54343],[28.16968,53.5439]]}},{"type":"Feature","properties":{},"geometry":{"type":"LineString","coordinates":[[28.46054,54.19097],[28.46481,54.19332]]}},{"type":"Feature","properties":{},"geometry":{"type":"LineString","coordinates":[[28.04748,53.21199],[28.04722,53.21193]]}},{"type":"Feature","properties":{},"geometry":{"type":"LineString","coordinates":[[28.04722,53.21193],[28.04752,53.2119]]}},{"type":"Feature","properties":{},"geometry":{"type":"LineString","coordinates":[[28.04754,53.21227],[28.04754,53.21208]]}},{"type":"Feature","properties":{},"geometry":{"type":"LineString","coordinates":[[28.04776,53.21213],[28.04754,53.21227]]}},{"type":"Feature","properties":{},"geometry":{"type":"LineString","coordinates":[[28.04754,53.21208],[28.04748,53.21199]]}},{"type":"Feature","properties":{},"geometry":{"type":"LineString","coordinates":[[28.04748,53.21199],[28.04752,53.2119]]}},{"type":"Feature","properties":{},"geometry":{"type":"LineString","coordinates":[[28.46481,54.19332],[28.4695,54.19554]]}},{"type":"Feature","properties":{},"geometry":{"type":"LineString","coordinates":[[28.46882,54.1962],[28.46481,54.19332]]}},{"type":"Feature","properties":{},"geometry":{"type":"LineString","coordinates":[[28.04776,53.21213],[28.04754,53.21208]]}},{"type":"Feature","properties":{},"geometry":{"type":"LineString","coordinates":[[28.04752,53.2119],[28.04804,53.21175]]}},{"type":"Feature","properties":{},"geometry":{"type":"LineString","coordinates":[[28.04825,53.212],[28.04776,53.21213]]}},{"type":"Feature","properties":{},"geometry":{"type":"LineString","coordinates":[[28.04804,53.21175],[28.04823,53.21178]]}},{"type":"Feature","properties":{},"geometry":{"type":"LineString","coordinates":[[28.04804,53.21175],[28.04826,53.21168]]}},{"type":"Feature","properties":{},"geometry":{"type":"LineString","coordinates":[[28.04831,53.21192],[28.04825,53.212]]}},{"type":"Feature","properties":{},"geometry":{"type":"LineString","coordinates":[[28.0486,53.21197],[28.04825,53.212]]}},{"type":"Feature","properties":{},"geometry":{"type":"LineString","coordinates":[[28.04823,53.21178],[28.04831,53.21192]]}},{"type":"Feature","properties":{},"geometry":{"type":"LineString","coordinates":[[28.04826,53.21168],[28.04823,53.21178]]}},{"type":"Feature","properties":{},"geometry":{"type":"LineString","coordinates":[[28.04831,53.21192],[28.0486,53.21197]]}},{"type":"Feature","properties":{},"geometry":{"type":"LineString","coordinates":[[28.04826,53.21168],[28.06964,53.19574],[28.07302,53.18264],[28.09164,53.17514],[28.11156,53.17418],[28.12427,53.1697],[28.14545,53.15555],[28.15757,53.15166],[28.16278,53.12943],[28.19556,53.11674],[28.21206,53.11348],[28.22254,53.09263],[28.23829,53.07358],[28.23603,53.06097],[28.26277,53.0503],[28.26858,53.04434],[28.26791,53.03288]]}},{"type":"Feature","properties":{},"geometry":{"type":"LineString","coordinates":[[28.59692,53.29793],[28.57073,53.28037],[28.56738,53.27066],[28.55757,53.26709],[28.5109,53.26347],[28.49095,53.2509],[28.47,53.24503],[28.36673,53.23725],[28.35309,53.22733],[28.33283,53.2261],[28.30239,53.21638],[28.28954,53.21693],[28.28179,53.2129],[28.2138,53.21706],[28.13961,53.21736],[28.07563,53.20698],[28.0486,53.21197]]}},{"type":"Feature","properties":{},"geometry":{"type":"LineString","coordinates":[[28.47002,54.19656],[28.46882,54.1962]]}},{"type":"Feature","properties":{},"geometry":{"type":"LineString","coordinates":[[28.46882,54.1962],[28.4695,54.19554]]}},{"type":"Feature","properties":{},"geometry":{"type":"LineString","coordinates":[[28.4695,54.19554],[28.47062,54.19597]]}},{"type":"Feature","properties":{},"geometry":{"type":"LineString","coordinates":[[28.51108,54.23652],[28.5054,54.2307],[28.49471,54.22574],[28.48309,54.20437],[28.47002,54.19656]]}},{"type":"Feature","properties":{},"geometry":{"type":"LineString","coordinates":[[28.47062,54.19597],[28.47002,54.19656]]}},{"type":"Feature","properties":{},"geometry":{"type":"LineString","coordinates":[[28.47062,54.19597],[28.48312,54.20409],[28.49495,54.22574],[28.50615,54.23095],[28.5114,54.2364]]}},{"type":"Feature","properties":{},"geometry":{"type":"LineString","coordinates":[[28.50167,54.26041],[28.50471,54.25355],[28.50242,54.24273],[28.50504,54.24103]]}},{"type":"Feature","properties":{},"geometry":{"type":"LineString","coordinates":[[28.50533,54.24115],[28.5089,54.26009],[28.50167,54.26041]]}},{"type":"Feature","properties":{},"geometry":{"type":"LineString","coordinates":[[28.50504,54.24103],[28.50533,54.24115]]}},{"type":"Feature","properties":{},"geometry":{"type":"LineString","coordinates":[[28.50504,54.24103],[28.50534,54.24076]]}},{"type":"Feature","properties":{},"geometry":{"type":"LineString","coordinates":[[28.50534,54.24076],[28.50533,54.24115]]}},{"type":"Feature","properties":{},"geometry":{"type":"LineString","coordinates":[[28.51108,54.23652],[28.50534,54.24076]]}},{"type":"Feature","properties":{},"geometry":{"type":"LineString","coordinates":[[28.50202,54.23029],[28.50741,54.22546],[28.52921,54.22025]]}},{"type":"Feature","properties":{},"geometry":{"type":"LineString","coordinates":[[28.51313,54.23795],[28.51108,54.23652]]}},{"type":"Feature","properties":{},"geometry":{"type":"LineString","coordinates":[[28.5114,54.2364],[28.51108,54.23652]]}},{"type":"Feature","properties":{},"geometry":{"type":"LineString","coordinates":[[28.5114,54.2364],[28.51365,54.23737]]}},{"type":"Feature","properties":{},"geometry":{"type":"LineString","coordinates":[[28.51386,54.23825],[28.51313,54.23795]]}},{"type":"Feature","properties":{},"geometry":{"type":"LineString","coordinates":[[28.51313,54.23795],[28.51365,54.23737]]}},{"type":"Feature","properties":{},"geometry":{"type":"LineString","coordinates":[[28.5158,54.23879],[28.51386,54.23825]]}},{"type":"Feature","properties":{},"geometry":{"type":"LineString","coordinates":[[28.51464,54.23782],[28.51386,54.23825]]}},{"type":"Feature","properties":{},"geometry":{"type":"LineString","coordinates":[[28.51365,54.23737],[28.51464,54.23782]]}},{"type":"Feature","properties":{},"geometry":{"type":"LineString","coordinates":[[28.51464,54.23782],[28.5158,54.23879]]}},{"type":"Feature","properties":{},"geometry":{"type":"LineString","coordinates":[[28.5158,54.23879],[28.57267,54.25554],[28.65189,54.26194]]}},{"type":"Feature","properties":{},"geometry":{"type":"LineString","coordinates":[[28.85237,54.99075],[28.89547,54.98906],[28.94752,54.99603],[28.95881,54.9991],[28.97116,55.00584],[28.99548,55.01287],[29.03526,55.01741],[29.06605,55.01296],[29.11537,55.01347],[29.13574,55.00734],[29.1473,55.00657],[29.17912,55.01766],[29.27416,55.02951]]}},{"type":"Feature","properties":{},"geometry":{"type":"LineString","coordinates":[[29.21517,55.19773],[29.21456,55.18928],[29.20538,55.17522],[29.11997,55.12475],[29.11626,55.11059],[29.0688,55.09112],[29.00737,55.05716],[28.99561,55.04592],[28.9122,55.02577],[28.90686,55.02272],[28.89741,55.01048],[28.89035,55.0099],[28.87241,55.00214],[28.85237,54.99075]]}},{"type":"Feature","properties":{},"geometry":{"type":"LineString","coordinates":[[28.52942,54.22028],[28.52921,54.22025]]}},{"type":"Feature","properties":{},"geometry":{"type":"LineString","coordinates":[[28.52921,54.22025],[28.52942,54.22028]]}},{"type":"Feature","properties":{},"geometry":{"type":"LineString","coordinates":[[28.52942,54.22028],[28.53332,54.22423],[28.54727,54.20785],[28.54331,54.20404],[28.54402,54.19804],[28.56758,54.18342],[28.61679,54.13853],[28.69086,54.10046],[28.69975,54.08147],[28.73369,54.03774],[28.80592,53.98389],[28.83903,53.96779],[28.87999,53.94272],[28.9562,53.84788],[28.96279,53.82625]]}},{"type":"Feature","properties":{},"geometry":{"type":"LineString","coordinates":[[27.98466,52.80707],[27.96259,52.80556]]}},{"type":"Feature","properties":{},"geometry":{"type":"LineString","coordinates":[[27.96259,52.80556],[27.9613,52.78921],[27.97933,52.77686],[27.98958,52.78143]]}},{"type":"Feature","properties":{},"geometry":{"type":"LineString","coordinates":[[27.98466,52.80707],[28.00959,52.80885],[28.02029,52.81448],[28.04692,52.81814],[28.07004,52.82537],[28.11766,52.83589],[28.17626,52.83141],[28.21655,52.83515],[28.31071,52.85392],[28.34553,52.84975],[28.46937,52.85738],[28.50175,52.86204],[28.51773,52.86785],[28.64175,52.89073],[28.65364,52.89068]]}},{"type":"Feature","properties":{},"geometry":{"type":"LineString","coordinates":[[27.98958,52.78143],[27.99008,52.78144]]}},{"type":"Feature","properties":{},"geometry":{"type":"LineString","coordinates":[[27.98994,52.78168],[27.98958,52.78143]]}},{"type":"Feature","properties":{},"geometry":{"type":"LineString","coordinates":[[27.99063,52.78152],[27.98994,52.78168]]}},{"type":"Feature","properties":{},"geometry":{"type":"LineString","coordinates":[[27.98994,52.78168],[27.99008,52.78144]]}},{"type":"Feature","properties":{},"geometry":{"type":"LineString","coordinates":[[27.99008,52.78144],[27.99022,52.7814]]}},{"type":"Feature","properties":{},"geometry":{"type":"LineString","coordinates":[[27.99022,52.7814],[27.99049,52.78111]]}},{"type":"Feature","properties":{},"geometry":{"type":"LineString","coordinates":[[27.99022,52.7814],[27.99063,52.78152]]}},{"type":"Feature","properties":{},"geometry":{"type":"LineString","coordinates":[[27.99049,52.78111],[27.99063,52.78152]]}},{"type":"Feature","properties":{},"geometry":{"type":"LineString","coordinates":[[27.99049,52.78111],[27.99122,52.77636],[28.00204,52.76556],[27.9979,52.72562],[27.99922,52.70476],[27.99553,52.70046],[27.97508,52.69033],[27.96062,52.67208],[27.96294,52.65344],[27.97061,52.64484],[27.98699,52.58799],[27.982,52.57127],[27.98578,52.55487],[28.01958,52.52847],[28.00509,52.51597],[28.00331,52.50269],[28.01216,52.49068],[28.0602,52.46409],[28.09445,52.46066],[28.15187,52.44659],[28.15785,52.43824],[28.1508,52.40098],[28.12552,52.38032],[28.08951,52.35773],[28.03759,52.35603],[28.02955,52.34583],[28.01254,52.33342],[27.99514,52.31636],[27.99433,52.31083],[27.98814,52.30587],[27.97934,52.28704],[27.96249,52.2769],[27.95825,52.26736]]}},{"type":"Feature","properties":{},"geometry":{"type":"LineString","coordinates":[[28.65189,54.26194],[28.67461,54.26324],[28.68602,54.26856]]}},{"type":"Feature","properties":{},"geometry":{"type":"LineString","coordinates":[[28.67888,54.26718],[28.65189,54.26194]]}},{"type":"Feature","properties":{},"geometry":{"type":"LineString","coordinates":[[28.68602,54.26856],[28.71554,54.27135],[28.75916,54.29165],[28.82777,54.28897],[28.87558,54.29145],[28.91964,54.29823],[28.97492,54.30248],[29.03666,54.31285],[29.09412,54.3318],[29.12853,54.35254],[29.16592,54.36476],[29.21744,54.37237],[29.30381,54.37246],[29.33045,54.37944],[29.48909,54.40726],[29.53223,54.42278],[29.56748,54.43041],[29.62309,54.43848],[29.69129,54.4572],[29.74637,54.46341],[29.80842,54.47713],[29.8356,54.47939],[29.87127,54.47388],[29.89635,54.47386],[30.02498,54.49248],[30.05049,54.4996],[30.12211,54.50687],[30.19529,54.54248],[30.27466,54.55456],[30.32551,54.57606],[30.35879,54.60244],[30.40777,54.61932],[30.43543,54.62307]]}},{"type":"Feature","properties":{},"geometry":{"type":"LineString","coordinates":[[27.85797,52.25769],[27.95825,52.26736]]}},{"type":"Feature","properties":{},"geometry":{"type":"LineString","coordinates":[[27.85797,52.25769],[27.86084,52.23452],[27.86678,52.22599],[27.86567,52.21877]]}},{"type":"Feature","properties":{},"geometry":{"type":"LineString","coordinates":[[27.86502,52.21845],[27.86487,52.2183]]}},{"type":"Feature","properties":{},"geometry":{"type":"LineString","coordinates":[[27.86487,52.2183],[27.86479,52.21789]]}},{"type":"Feature","properties":{},"geometry":{"type":"LineString","coordinates":[[27.86487,52.2183],[27.86513,52.21816]]}},{"type":"Feature","properties":{},"geometry":{"type":"LineString","coordinates":[[27.86479,52.21789],[27.86513,52.21816]]}},{"type":"Feature","properties":{},"geometry":{"type":"LineString","coordinates":[[27.86479,52.21789],[27.86738,52.20143],[27.89008,52.15802],[27.89053,52.15068],[27.8875,52.14536],[27.83077,52.09725],[27.82013,52.05897]]}},{"type":"Feature","properties":{},"geometry":{"type":"LineString","coordinates":[[27.86535,52.21834],[27.86502,52.21845]]}},{"type":"Feature","properties":{},"geometry":{"type":"LineString","coordinates":[[27.86567,52.21877],[27.86502,52.21845]]}},{"type":"Feature","properties":{},"geometry":{"type":"LineString","coordinates":[[27.86513,52.21816],[27.86535,52.21834]]}},{"type":"Feature","properties":{},"geometry":{"type":"LineString","coordinates":[[27.86535,52.21834],[27.86567,52.21877]]}},{"type":"Feature","properties":{},"geometry":{"type":"LineString","coordinates":[[27.8172,52.05787],[27.81908,52.05739]]}},{"type":"Feature","properties":{},"geometry":{"type":"LineString","coordinates":[[27.81904,52.05804],[27.8172,52.05787]]}},{"type":"Feature","properties":{},"geometry":{"type":"LineString","coordinates":[[27.81912,52.05807],[27.81904,52.05804]]}},{"type":"Feature","properties":{},"geometry":{"type":"LineString","coordinates":[[27.81904,52.05804],[27.81908,52.05739]]}},{"type":"Feature","properties":{},"geometry":{"type":"LineString","coordinates":[[27.81999,52.05787],[27.81912,52.05807]]}},{"type":"Feature","properties":{},"geometry":{"type":"LineString","coordinates":[[27.82013,52.05897],[27.81912,52.05807]]}},{"type":"Feature","properties":{},"geometry":{"type":"LineString","coordinates":[[27.81908,52.05739],[27.81928,52.05734]]}},{"type":"Feature","properties":{},"geometry":{"type":"LineString","coordinates":[[27.81928,52.05734],[27.82107,52.05675]]}},{"type":"Feature","properties":{},"geometry":{"type":"LineString","coordinates":[[27.81928,52.05734],[27.82004,52.05774]]}},{"type":"Feature","properties":{},"geometry":{"type":"LineString","coordinates":[[27.81999,52.05787],[27.82013,52.05897]]}},{"type":"Feature","properties":{},"geometry":{"type":"LineString","coordinates":[[27.82004,52.05774],[27.81999,52.05787]]}},{"type":"Feature","properties":{},"geometry":{"type":"LineString","coordinates":[[27.82107,52.05675],[27.82004,52.05774]]}},{"type":"Feature","properties":{},"geometry":{"type":"LineString","coordinates":[[27.82107,52.05675],[27.83388,52.0518],[27.85234,52.03423],[27.87933,51.98668],[27.84253,51.91941],[27.85097,51.90758],[27.94845,51.90204],[27.99244,51.89072],[28.01083,51.88951],[28.03097,51.88488],[28.08242,51.88838],[28.13084,51.87701],[28.1546,51.86791],[28.184,51.86156],[28.22695,51.81721],[28.30513,51.79456]]}},{"type":"Feature","properties":{},"geometry":{"type":"LineString","coordinates":[[29.23294,55.21363],[29.21517,55.19773]]}},{"type":"Feature","properties":{},"geometry":{"type":"LineString","coordinates":[[28.79801,53.08332],[28.62088,53.07244],[28.40406,53.05336],[28.26791,53.03288]]}},{"type":"Feature","properties":{},"geometry":{"type":"LineString","coordinates":[[27.95825,52.26736],[28.00841,52.27267],[28.25064,52.27436],[28.34371,52.25738],[28.44254,52.22639],[28.58147,52.21377],[28.82472,52.22414],[28.93367,52.23845],[29.21535,52.16775],[29.23803,52.15773],[29.25075,52.14558]]}},{"type":"Feature","properties":{},"geometry":{"type":"LineString","coordinates":[[29.23332,55.21404],[29.23294,55.21363]]}},{"type":"Feature","properties":{},"geometry":{"type":"LineString","coordinates":[[29.23348,55.21346],[29.23294,55.21363]]}},{"type":"Feature","properties":{},"geometry":{"type":"LineString","coordinates":[[29.42654,55.31576],[29.40593,55.30968],[29.38949,55.30058],[29.37343,55.29716],[29.36089,55.28693],[29.34596,55.28214],[29.32734,55.26669],[29.31709,55.26553],[29.28906,55.24925],[29.26345,55.24414],[29.26228,55.24146],[29.25588,55.23936],[29.25365,55.23206],[29.23332,55.21404]]}},{"type":"Feature","properties":{},"geometry":{"type":"LineString","coordinates":[[29.23348,55.21346],[29.23332,55.21404]]}},{"type":"Feature","properties":{},"geometry":{"type":"LineString","coordinates":[[29.4552,55.04624],[29.44367,55.04542],[29.41201,55.05973],[29.35832,55.0686],[29.27856,55.10226],[29.28332,55.1229],[29.24781,55.13963],[29.24712,55.14569],[29.2536,55.15585],[29.24773,55.17798],[29.24085,55.18667],[29.24304,55.19649],[29.23348,55.21346]]}},{"type":"Feature","properties":{},"geometry":{"type":"LineString","coordinates":[[29.15006,54.84309],[29.14321,54.83616],[29.1463,54.81916],[29.14406,54.80458],[29.13467,54.79725],[29.13349,54.78976]]}},{"type":"Feature","properties":{},"geometry":{"type":"LineString","coordinates":[[29.18313,54.84094],[29.17871,54.84045],[29.17656,54.84317],[29.16087,54.83958],[29.15006,54.84309]]}},{"type":"Feature","properties":{},"geometry":{"type":"LineString","coordinates":[[29.13234,54.78908],[29.13349,54.78976]]}},{"type":"Feature","properties":{},"geometry":{"type":"LineString","coordinates":[[29.13373,54.78802],[29.13234,54.78908]]}},{"type":"Feature","properties":{},"geometry":{"type":"LineString","coordinates":[[29.13373,54.78802],[29.13349,54.78976]]}},{"type":"Feature","properties":{},"geometry":{"type":"LineString","coordinates":[[29.14254,54.78001],[29.13373,54.78802]]}},{"type":"Feature","properties":{},"geometry":{"type":"LineString","coordinates":[[29.14254,54.78001],[29.15335,54.7619],[29.14407,54.74105],[29.13829,54.69975],[29.18839,54.68699],[29.20709,54.67493],[29.22968,54.66631],[29.2311,54.64548],[29.26994,54.62808],[29.2755,54.61598],[29.29078,54.6016],[29.30683,54.57776],[29.32175,54.54471],[29.32414,54.51993],[29.32052,54.49197],[29.30828,54.46324],[29.31223,54.44279],[29.29398,54.38339],[29.27592,54.35403],[29.23916,54.33333]]}},{"type":"Feature","properties":{},"geometry":{"type":"LineString","coordinates":[[29.80826,54.63681],[29.73757,54.66177],[29.66929,54.67023],[29.48612,54.70538],[29.41539,54.7099],[29.29097,54.72773],[29.21734,54.74694],[29.15455,54.77905],[29.14254,54.78001]]}},{"type":"Feature","properties":{},"geometry":{"type":"LineString","coordinates":[[29.43976,55.01607],[29.43461,55.00245],[29.41293,54.98753],[29.40993,54.9778],[29.39602,54.97039],[29.39042,54.95503],[29.32533,54.93007],[29.31103,54.92081],[29.3084,54.90746],[29.30531,54.90556],[29.28184,54.90294],[29.27366,54.90431],[29.24958,54.8946],[29.23867,54.8826],[29.2355,54.87275],[29.21709,54.84902],[29.20367,54.84402],[29.18313,54.84094]]}},{"type":"Feature","properties":{},"geometry":{"type":"LineString","coordinates":[[29.68851,54.80916],[29.66182,54.81261],[29.64317,54.80496],[29.60112,54.80587],[29.56474,54.80099],[29.54768,54.79287],[29.5323,54.78815],[29.51801,54.78667],[29.48623,54.77638],[29.44956,54.77561],[29.4037,54.78199],[29.38856,54.78147],[29.35139,54.77378],[29.28792,54.79863],[29.26505,54.81706],[29.22569,54.8292],[29.18903,54.8341],[29.18313,54.84094]]}},{"type":"Feature","properties":{},"geometry":{"type":"LineString","coordinates":[[29.27416,55.02951],[29.27805,55.03025]]}},{"type":"Feature","properties":{},"geometry":{"type":"LineString","coordinates":[[29.27805,55.03025],[29.27416,55.02951]]}},{"type":"Feature","properties":{},"geometry":{"type":"LineString","coordinates":[[27.82902,51.61216],[27.79293,51.58622],[27.82349,51.57067],[27.83214,51.5475],[27.84125,51.54108]]}},{"type":"Feature","properties":{},"geometry":{"type":"LineString","coordinates":[[29.27805,55.03025],[29.34887,55.03626],[29.39167,55.01714],[29.43976,55.01607]]}},{"type":"Feature","properties":{},"geometry":{"type":"LineString","coordinates":[[29.42654,55.31576],[29.42801,55.31582]]}},{"type":"Feature","properties":{},"geometry":{"type":"LineString","coordinates":[[29.42724,55.31624],[29.42654,55.31576]]}},{"type":"Feature","properties":{},"geometry":{"type":"LineString","coordinates":[[29.4281,55.31599],[29.42724,55.31624]]}},{"type":"Feature","properties":{},"geometry":{"type":"LineString","coordinates":[[29.42801,55.31582],[29.42881,55.3158]]}},{"type":"Feature","properties":{},"geometry":{"type":"LineString","coordinates":[[29.42801,55.31582],[29.4281,55.31599]]}},{"type":"Feature","properties":{},"geometry":{"type":"LineString","coordinates":[[29.42881,55.3158],[29.4281,55.31599]]}},{"type":"Feature","properties":{},"geometry":{"type":"LineString","coordinates":[[29.49705,55.31455],[29.42881,55.3158]]}},{"type":"Feature","properties":{},"geometry":{"type":"LineString","coordinates":[[28.977,54.30229],[28.97032,54.30181]]}},{"type":"Feature","properties":{},"geometry":{"type":"LineString","coordinates":[[28.977,54.30229],[28.97275,54.30274]]}},{"type":"Feature","properties":{},"geometry":{"type":"LineString","coordinates":[[29.23916,54.33333],[29.14876,54.32793],[29.12723,54.32442],[29.06871,54.30172],[29.04688,54.29682],[29.02975,54.29658],[28.977,54.30229]]}},{"type":"Feature","properties":{},"geometry":{"type":"LineString","coordinates":[[28.30513,51.79456],[28.30423,51.78195],[28.28888,51.76156],[28.29035,51.75743],[28.27777,51.7486],[28.24386,51.73268],[28.21196,51.72476],[28.19621,51.72565],[28.12592,51.72046],[28.05752,51.71301],[28.05446,51.70168],[28.01815,51.68211],[27.96266,51.66851],[27.92628,51.65192],[27.86579,51.62885]]}},{"type":"Feature","properties":{},"geometry":{"type":"LineString","coordinates":[[27.84125,51.54108],[27.8423,51.54062]]}},{"type":"Feature","properties":{},"geometry":{"type":"LineString","coordinates":[[27.8423,51.54062],[27.84125,51.54108]]}},{"type":"Feature","properties":{},"geometry":{"type":"LineString","coordinates":[[27.8423,51.54062],[27.84399,51.53988]]}},{"type":"Feature","properties":{},"geometry":{"type":"LineString","coordinates":[[29.49716,55.31496],[29.5002,55.32027],[29.55709,55.34685],[29.63656,55.37547],[29.67276,55.39076],[29.73322,55.40462],[29.87046,55.44232],[29.89658,55.44532],[29.95805,55.47069],[29.96966,55.47201]]}},{"type":"Feature","properties":{},"geometry":{"type":"LineString","coordinates":[[29.49716,55.31496],[29.49705,55.31455]]}},{"type":"Feature","properties":{},"geometry":{"type":"LineString","coordinates":[[29.49715,55.31455],[29.49716,55.31496]]}},{"type":"Feature","properties":{},"geometry":{"type":"LineString","coordinates":[[29.49715,55.31455],[29.49705,55.31455]]}},{"type":"Feature","properties":{},"geometry":{"type":"LineString","coordinates":[[29.59377,55.30563],[29.54614,55.31304],[29.49715,55.31455]]}},{"type":"Feature","properties":{},"geometry":{"type":"LineString","coordinates":[[28.59692,53.29793],[28.60934,53.30098],[28.64763,53.29295],[28.66672,53.27848]]}},{"type":"Feature","properties":{},"geometry":{"type":"LineString","coordinates":[[28.64116,53.31262],[28.62241,53.31886],[28.59501,53.31833],[28.58942,53.31175],[28.59692,53.29793]]}},{"type":"Feature","properties":{},"geometry":{"type":"LineString","coordinates":[[28.64116,53.31262],[28.68265,53.35198],[28.6824,53.36059],[28.71921,53.3701],[28.73779,53.37207],[28.78241,53.39153],[28.79372,53.39784],[28.81264,53.42402],[28.83457,53.42624],[28.86917,53.43355],[28.90791,53.42885],[28.93159,53.43316],[28.9502,53.44168],[28.96471,53.44226]]}},{"type":"Feature","properties":{},"geometry":{"type":"LineString","coordinates":[[28.64116,53.31262],[28.65927,53.30654],[28.69217,53.30585]]}},{"type":"Feature","properties":{},"geometry":{"type":"LineString","coordinates":[[28.69217,53.30585],[28.69851,53.29781],[28.70485,53.29714],[28.69826,53.28575],[28.66672,53.27848]]}},{"type":"Feature","properties":{},"geometry":{"type":"LineString","coordinates":[[28.66672,53.27848],[28.67575,53.27344],[28.6792,53.26247],[28.69167,53.24712],[28.68487,53.23568],[28.68394,53.22156],[28.69421,53.21436],[28.6982,53.19783],[28.7407,53.18437],[28.75469,53.17466],[28.77842,53.16918],[28.78633,53.16048],[28.78857,53.15092],[28.82124,53.12541],[28.82136,53.11984],[28.82881,53.1151],[28.8293,53.10825],[28.84488,53.09566],[28.84648,53.08665]]}},{"type":"Feature","properties":{},"geometry":{"type":"LineString","coordinates":[[29.43976,55.01607],[29.47148,55.01971],[29.50264,55.03591]]}},{"type":"Feature","properties":{},"geometry":{"type":"LineString","coordinates":[[29.4552,55.04624],[29.43976,55.01607]]}},{"type":"Feature","properties":{},"geometry":{"type":"LineString","coordinates":[[29.50264,55.03591],[29.47101,55.04525],[29.4552,55.04624]]}},{"type":"Feature","properties":{},"geometry":{"type":"LineString","coordinates":[[28.71854,53.31785],[28.7063,53.3068],[28.69217,53.30585]]}},{"type":"Feature","properties":{},"geometry":{"type":"LineString","coordinates":[[29.59377,55.30563],[29.6206,55.29039],[29.63506,55.2864]]}},{"type":"Feature","properties":{},"geometry":{"type":"LineString","coordinates":[[29.63506,55.2864],[29.62082,55.29043],[29.59377,55.30563]]}},{"type":"Feature","properties":{},"geometry":{"type":"LineString","coordinates":[[28.71854,53.31785],[28.7213,53.31995]]}},{"type":"Feature","properties":{},"geometry":{"type":"LineString","coordinates":[[28.72159,53.32023],[28.71854,53.31785]]}},{"type":"Feature","properties":{},"geometry":{"type":"LineString","coordinates":[[29.50264,55.03591],[29.51487,55.0448],[29.52757,55.06304],[29.53267,55.06588],[29.61068,55.0877],[29.69336,55.1037],[29.71287,55.10391],[29.75829,55.11183],[29.79022,55.12418],[29.83292,55.14486],[29.85342,55.14289],[29.96286,55.1556],[29.98733,55.15445]]}},{"type":"Feature","properties":{},"geometry":{"type":"LineString","coordinates":[[29.70659,54.8133],[29.69133,54.82953],[29.68994,54.83647],[29.6725,54.85003],[29.67359,54.85565],[29.66871,54.85913],[29.67533,54.8686],[29.65899,54.89921],[29.642,54.90501],[29.64235,54.93005],[29.63071,54.94329],[29.62395,54.95761],[29.6236,54.96872],[29.61706,54.98404],[29.61019,54.98904],[29.59112,54.99322],[29.56595,55.01459],[29.50264,55.03591]]}},{"type":"Feature","properties":{},"geometry":{"type":"LineString","coordinates":[[28.96279,53.82625],[28.96288,53.82596]]}},{"type":"Feature","properties":{},"geometry":{"type":"LineString","coordinates":[[28.9632,53.82603],[28.96279,53.82625]]}},{"type":"Feature","properties":{},"geometry":{"type":"LineString","coordinates":[[28.9632,53.82603],[28.96288,53.82596]]}},{"type":"Feature","properties":{},"geometry":{"type":"LineString","coordinates":[[28.96288,53.82596],[28.96306,53.82566]]}},{"type":"Feature","properties":{},"geometry":{"type":"LineString","coordinates":[[28.96345,53.82577],[28.9632,53.82603]]}},{"type":"Feature","properties":{},"geometry":{"type":"LineString","coordinates":[[28.96306,53.82566],[28.96347,53.82547]]}},{"type":"Feature","properties":{},"geometry":{"type":"LineString","coordinates":[[28.96306,53.82566],[28.96345,53.82577]]}},{"type":"Feature","properties":{},"geometry":{"type":"LineString","coordinates":[[28.96347,53.82547],[28.96345,53.82577]]}},{"type":"Feature","properties":{},"geometry":{"type":"LineString","coordinates":[[28.96347,53.82547],[28.96841,53.82235]]}},{"type":"Feature","properties":{},"geometry":{"type":"LineString","coordinates":[[30.02056,55.21235],[29.96173,55.23488],[29.90877,55.23689],[29.86831,55.23276],[29.82453,55.24861],[29.79045,55.25696],[29.66639,55.27858],[29.63506,55.2864]]}},{"type":"Feature","properties":{},"geometry":{"type":"LineString","coordinates":[[28.96841,53.82235],[28.97046,53.8213]]}},{"type":"Feature","properties":{},"geometry":{"type":"LineString","coordinates":[[28.97046,53.8213],[28.96841,53.82235]]}},{"type":"Feature","properties":{},"geometry":{"type":"LineString","coordinates":[[28.97046,53.8213],[28.98008,53.81633],[28.95829,53.79657],[28.93206,53.78586],[28.92043,53.75228],[28.9455,53.71804],[28.93917,53.70606],[28.94182,53.68465],[28.91646,53.66581],[28.89046,53.65435],[28.88641,53.64568],[28.89972,53.63728],[28.91114,53.62491],[28.94343,53.57161],[28.95145,53.53603],[28.94749,53.5276],[28.94642,53.50722],[28.94083,53.49805],[28.93947,53.48822],[28.9295,53.48122],[28.92738,53.47153],[28.93616,53.45737],[28.96471,53.44226]]}},{"type":"Feature","properties":{},"geometry":{"type":"LineString","coordinates":[[29.96361,55.87571],[29.96356,55.86198]]}},{"type":"Feature","properties":{},"geometry":{"type":"LineString","coordinates":[[29.96356,55.86198],[29.96377,55.87575]]}},{"type":"Feature","properties":{},"geometry":{"type":"LineString","coordinates":[[29.27532,54.33641],[29.25668,54.33263],[29.23916,54.33333]]}},{"type":"Feature","properties":{},"geometry":{"type":"LineString","coordinates":[[29.96356,55.86198],[29.96411,55.85605],[29.98506,55.82977]]}},{"type":"Feature","properties":{},"geometry":{"type":"LineString","coordinates":[[29.71033,54.40519],[29.63965,54.39139],[29.56427,54.36244],[29.53519,54.34903],[29.45798,54.34002],[29.32664,54.3468],[29.27532,54.33641]]}},{"type":"Feature","properties":{},"geometry":{"type":"LineString","coordinates":[[29.27532,54.33641],[29.3098,54.29425],[29.30947,54.28172],[29.29809,54.24929],[29.28602,54.23929],[29.27264,54.23257],[29.26653,54.21985],[29.22768,54.20114],[29.1958,54.16557],[29.19491,54.15919],[29.18679,54.14632],[29.18698,54.13524],[29.20602,54.1133],[29.2044,54.09286],[29.17309,54.05486],[29.15089,54.0223],[29.11985,53.99111],[29.11529,53.98073],[29.11929,53.94489],[29.11204,53.93337],[29.09454,53.92656],[29.08939,53.922],[29.07796,53.89672],[29.07583,53.88311],[29.06065,53.86873],[29.06335,53.85303],[29.05796,53.84656],[29.04124,53.83806],[29.06088,53.82859],[29.1157,53.81487],[29.14508,53.76187],[29.16543,53.74499],[29.163,53.73678],[29.16944,53.72726],[29.22322,53.69099],[29.23245,53.65626],[29.24497,53.64196],[29.25664,53.6332],[29.27794,53.62762],[29.288,53.62796],[29.30474,53.61938],[29.32331,53.60484],[29.32819,53.59446],[29.32064,53.57883],[29.34944,53.56318],[29.36083,53.53368],[29.33552,53.51427],[29.33346,53.50637],[29.32434,53.50511]]}},{"type":"Feature","properties":{},"geometry":{"type":"LineString","coordinates":[[28.79801,53.08332],[28.799,53.07592],[28.7601,53.0412],[28.75908,53.01916],[28.74038,53.00745],[28.71694,52.98495],[28.71124,52.97339],[28.71188,52.94623],[28.68815,52.91929],[28.67834,52.91588],[28.66167,52.90377],[28.65364,52.89068]]}},{"type":"Feature","properties":{},"geometry":{"type":"LineString","coordinates":[[28.69228,52.88966],[28.65364,52.89068]]}},{"type":"Feature","properties":{},"geometry":{"type":"LineString","coordinates":[[29.98506,55.82977],[29.98716,55.82717]]}},{"type":"Feature","properties":{},"geometry":{"type":"LineString","coordinates":[[29.98716,55.82717],[29.98506,55.82977]]}},{"type":"Feature","properties":{},"geometry":{"type":"LineString","coordinates":[[29.98716,55.82717],[30.01771,55.7875],[29.97484,55.5368]]}},{"type":"Feature","properties":{},"geometry":{"type":"LineString","coordinates":[[29.23505,53.1229],[29.22095,53.11564],[29.20734,53.11331],[29.19767,53.10838],[29.13432,53.10447],[29.11655,53.09121],[29.00274,53.06469],[28.84326,52.99428],[28.80554,52.98251],[28.79833,52.97457],[28.79496,52.96092],[28.7654,52.92989],[28.69228,52.88966]]}},{"type":"Feature","properties":{},"geometry":{"type":"LineString","coordinates":[[28.69228,52.88966],[28.69717,52.87411],[28.69582,52.86844],[28.70791,52.85415],[28.71733,52.84875],[28.72405,52.83234],[28.72345,52.82963],[28.70791,52.82141],[28.70025,52.81149],[28.71641,52.80422],[28.72415,52.79484],[28.72463,52.78974],[28.71279,52.77376],[28.71598,52.75298],[28.73031,52.73125],[28.78124,52.70916],[28.80758,52.70932],[28.83121,52.68336],[28.84423,52.66354],[28.86996,52.65373],[28.87467,52.64899],[28.8838,52.64801]]}},{"type":"Feature","properties":{},"geometry":{"type":"LineString","coordinates":[[28.84648,53.08665],[28.79801,53.08332]]}},{"type":"Feature","properties":{},"geometry":{"type":"LineString","coordinates":[[28.96471,53.44226],[28.97611,53.434],[28.96479,53.42623],[28.99593,53.40618],[29.00991,53.38575],[29.00401,53.3732],[29.01076,53.35877],[29.01717,53.3482],[29.03146,53.34101],[29.04929,53.31318],[29.0515,53.2958],[29.06571,53.27464],[29.06856,53.25707],[29.07838,53.24056],[29.10133,53.2207],[29.1058,53.20786]]}},{"type":"Feature","properties":{},"geometry":{"type":"LineString","coordinates":[[28.87478,51.88106],[28.78789,51.88162],[28.72667,51.87704],[28.65315,51.86105],[28.61746,51.85624],[28.54463,51.86679],[28.48203,51.86981],[28.44176,51.87777],[28.3932,51.85269],[28.38443,51.84617],[28.36634,51.84074],[28.35324,51.83056],[28.33801,51.8224],[28.32865,51.80571],[28.30973,51.80327],[28.30502,51.79866],[28.30513,51.79456]]}},{"type":"Feature","properties":{},"geometry":{"type":"LineString","coordinates":[[28.30513,51.79456],[28.31953,51.79045],[28.39779,51.75553],[28.42197,51.74967],[28.48231,51.72881],[28.48834,51.72944],[28.49562,51.71846],[28.5095,51.71018],[28.6225,51.70464],[28.71395,51.67737],[28.77942,51.67289],[28.78146,51.67],[28.801,51.66482],[28.83657,51.66461],[28.88933,51.65853],[28.98965,51.65486],[28.99881,51.65248],[29.00196,51.64486],[29.062,51.63083],[29.06615,51.63155],[29.06943,51.63847],[29.07861,51.63692]]}},{"type":"Feature","properties":{},"geometry":{"type":"LineString","coordinates":[[29.05204,53.10494],[29.00316,53.09727],[28.84648,53.08665]]}},{"type":"Feature","properties":{},"geometry":{"type":"LineString","coordinates":[[29.97402,55.53626],[29.97493,55.53655]]}},{"type":"Feature","properties":{},"geometry":{"type":"LineString","coordinates":[[29.97484,55.5368],[29.97402,55.53626]]}},{"type":"Feature","properties":{},"geometry":{"type":"LineString","coordinates":[[29.96966,55.47201],[29.96664,55.49386],[29.97402,55.53626]]}},{"type":"Feature","properties":{},"geometry":{"type":"LineString","coordinates":[[29.97484,55.5368],[29.97493,55.53655]]}},{"type":"Feature","properties":{},"geometry":{"type":"LineString","coordinates":[[29.97493,55.53655],[29.99395,55.51167],[30.01213,55.50264],[30.02379,55.4918]]}},{"type":"Feature","properties":{},"geometry":{"type":"LineString","coordinates":[[30.11532,55.24294],[30.10486,55.3086],[30.08398,55.34672],[30.07145,55.35746],[30.08191,55.38765],[29.98494,55.45649],[29.9874,55.46202],[29.96966,55.47201]]}},{"type":"Feature","properties":{},"geometry":{"type":"LineString","coordinates":[[29.68851,54.80916],[29.68867,54.80907]]}},{"type":"Feature","properties":{},"geometry":{"type":"LineString","coordinates":[[29.68871,54.80916],[29.68851,54.80916]]}},{"type":"Feature","properties":{},"geometry":{"type":"LineString","coordinates":[[29.68897,54.8092],[29.68871,54.80916]]}},{"type":"Feature","properties":{},"geometry":{"type":"LineString","coordinates":[[29.68871,54.80916],[29.68867,54.80907]]}},{"type":"Feature","properties":{},"geometry":{"type":"LineString","coordinates":[[29.68867,54.80907],[29.68909,54.80906]]}},{"type":"Feature","properties":{},"geometry":{"type":"LineString","coordinates":[[29.68951,54.80925],[29.68897,54.8092]]}},{"type":"Feature","properties":{},"geometry":{"type":"LineString","coordinates":[[29.68909,54.80906],[29.68897,54.8092]]}},{"type":"Feature","properties":{},"geometry":{"type":"LineString","coordinates":[[29.68909,54.80906],[29.68951,54.80925]]}},{"type":"Feature","properties":{},"geometry":{"type":"LineString","coordinates":[[29.68951,54.80925],[29.70638,54.81327]]}},{"type":"Feature","properties":{},"geometry":{"type":"LineString","coordinates":[[30.02379,55.4918],[30.02427,55.49095]]}},{"type":"Feature","properties":{},"geometry":{"type":"LineString","coordinates":[[30.02478,55.49113],[30.02379,55.4918]]}},{"type":"Feature","properties":{},"geometry":{"type":"LineString","coordinates":[[30.02478,55.49113],[30.02427,55.49095]]}},{"type":"Feature","properties":{},"geometry":{"type":"LineString","coordinates":[[30.02427,55.49095],[30.02489,55.48986]]}},{"type":"Feature","properties":{},"geometry":{"type":"LineString","coordinates":[[30.02544,55.49005],[30.02478,55.49113]]}},{"type":"Feature","properties":{},"geometry":{"type":"LineString","coordinates":[[30.02489,55.48986],[30.02544,55.49005]]}},{"type":"Feature","properties":{},"geometry":{"type":"LineString","coordinates":[[30.02489,55.48986],[30.02563,55.48929]]}},{"type":"Feature","properties":{},"geometry":{"type":"LineString","coordinates":[[30.02563,55.48929],[30.02544,55.49005]]}},{"type":"Feature","properties":{},"geometry":{"type":"LineString","coordinates":[[30.02563,55.48929],[30.05319,55.44676],[30.09638,55.42501],[30.15794,55.36717],[30.17799,55.35805],[30.29758,55.32076]]}},{"type":"Feature","properties":{},"geometry":{"type":"LineString","coordinates":[[29.70638,54.81327],[29.70659,54.8133]]}},{"type":"Feature","properties":{},"geometry":{"type":"LineString","coordinates":[[29.70638,54.81327],[29.72307,54.76941],[29.75481,54.75375],[29.76791,54.73975],[29.7765,54.67653],[29.80976,54.63868],[29.80826,54.63681]]}},{"type":"Feature","properties":{},"geometry":{"type":"LineString","coordinates":[[29.70659,54.8133],[29.71802,54.81368],[29.71956,54.81576]]}},{"type":"Feature","properties":{},"geometry":{"type":"LineString","coordinates":[[29.71961,54.81586],[29.71956,54.81576]]}},{"type":"Feature","properties":{},"geometry":{"type":"LineString","coordinates":[[29.71956,54.81576],[29.72,54.81582]]}},{"type":"Feature","properties":{},"geometry":{"type":"LineString","coordinates":[[30.1084,55.11241],[30.07395,55.09546],[30.06614,55.06969],[30.04958,55.05076],[30.05291,55.00869],[30.04292,55.00075],[29.99297,54.98051],[29.93109,54.97675],[29.92253,54.97816],[29.87369,54.97014],[29.823,54.96491],[29.81119,54.94789],[29.79779,54.94217],[29.77508,54.9397],[29.74965,54.93011],[29.73904,54.92317],[29.73683,54.91884],[29.74325,54.909],[29.71961,54.81586]]}},{"type":"Feature","properties":{},"geometry":{"type":"LineString","coordinates":[[29.72,54.81582],[29.71961,54.81586]]}},{"type":"Feature","properties":{},"geometry":{"type":"LineString","coordinates":[[30.38007,54.81114],[30.35982,54.81103],[30.33335,54.81502],[30.3106,54.83142],[30.2908,54.8385],[30.25021,54.84338],[30.20852,54.83956],[30.2041,54.84469],[30.18498,54.8462],[30.17824,54.84337],[30.17258,54.83481],[30.13411,54.82648],[30.10943,54.82762],[30.09101,54.83404],[30.07641,54.83085],[30.05478,54.83188],[30.02091,54.82895],[29.999,54.83132],[29.98879,54.83712],[29.97555,54.83629],[29.94585,54.8271],[29.88047,54.82194],[29.83737,54.83049],[29.81673,54.82756],[29.77406,54.83471],[29.75005,54.83127],[29.72,54.81582]]}},{"type":"Feature","properties":{},"geometry":{"type":"LineString","coordinates":[[29.07132,53.20531],[29.07361,53.20898],[29.06992,53.21128]]}},{"type":"Feature","properties":{},"geometry":{"type":"LineString","coordinates":[[29.07243,53.20878],[29.1058,53.20786]]}},{"type":"Feature","properties":{},"geometry":{"type":"LineString","coordinates":[[29.07132,53.20531],[29.07307,53.21007]]}},{"type":"Feature","properties":{},"geometry":{"type":"LineString","coordinates":[[29.07085,53.20489],[29.07132,53.20531]]}},{"type":"Feature","properties":{},"geometry":{"type":"LineString","coordinates":[[29.07348,53.20917],[29.07085,53.20489]]}},{"type":"Feature","properties":{},"geometry":{"type":"LineString","coordinates":[[29.07085,53.20489],[29.0538,53.19391],[29.0446,53.17462],[29.05569,53.10866]]}},{"type":"Feature","properties":{},"geometry":{"type":"LineString","coordinates":[[29.05204,53.10494],[29.06133,53.10645]]}},{"type":"Feature","properties":{},"geometry":{"type":"LineString","coordinates":[[29.06133,53.10645],[29.05204,53.10494]]}},{"type":"Feature","properties":{},"geometry":{"type":"LineString","coordinates":[[29.05569,53.10866],[29.05727,53.10293]]}},{"type":"Feature","properties":{},"geometry":{"type":"LineString","coordinates":[[29.05727,53.10293],[29.05569,53.10866]]}},{"type":"Feature","properties":{},"geometry":{"type":"LineString","coordinates":[[29.05727,53.10293],[29.06772,53.08003],[29.08941,53.05754],[29.15024,53.02434],[29.20688,53.01292]]}},{"type":"Feature","properties":{},"geometry":{"type":"LineString","coordinates":[[29.23011,53.13054],[29.20125,53.12861],[29.06133,53.10645]]}},{"type":"Feature","properties":{},"geometry":{"type":"LineString","coordinates":[[29.98733,55.15445],[30.0768,55.15574],[30.11666,55.15127],[30.15747,55.15587],[30.19729,55.16817]]}},{"type":"Feature","properties":{},"geometry":{"type":"LineString","coordinates":[[30.19714,55.16839],[30.15738,55.15598],[30.11671,55.1514],[30.0768,55.15587],[29.98733,55.15445]]}},{"type":"Feature","properties":{},"geometry":{"type":"LineString","coordinates":[[29.1058,53.20786],[29.11867,53.2073],[29.18457,53.18703]]}},{"type":"Feature","properties":{},"geometry":{"type":"LineString","coordinates":[[30.02056,55.21235],[30.07538,55.18852],[30.09403,55.18838],[30.11659,55.19246],[30.14139,55.19378]]}},{"type":"Feature","properties":{},"geometry":{"type":"LineString","coordinates":[[30.14139,55.19378],[30.11643,55.19258],[30.09307,55.18842],[30.07537,55.18865],[30.02056,55.21235]]}},{"type":"Feature","properties":{},"geometry":{"type":"LineString","coordinates":[[28.8838,52.64801],[28.88505,52.65713],[28.89337,52.6643],[28.91021,52.67078],[28.92664,52.68114],[28.96086,52.68989],[29.04511,52.73163],[29.10222,52.7462],[29.15142,52.74347],[29.1731,52.74776],[29.22433,52.76732],[29.29405,52.77007],[29.30621,52.77434],[29.32847,52.78677],[29.34478,52.78966],[29.37947,52.78844],[29.40736,52.79412]]}},{"type":"Feature","properties":{},"geometry":{"type":"LineString","coordinates":[[28.8838,52.64801],[28.89552,52.64526],[28.92726,52.61195],[28.95933,52.60545],[28.99556,52.57947],[29.02726,52.55037],[29.04596,52.54443],[29.07706,52.54245],[29.13181,52.53285],[29.18193,52.52028],[29.20549,52.50417],[29.22069,52.48392],[29.24695,52.46923],[29.27302,52.46269]]}},{"type":"Feature","properties":{},"geometry":{"type":"LineString","coordinates":[[29.71115,54.46133],[29.71009,54.46133]]}},{"type":"Feature","properties":{},"geometry":{"type":"LineString","coordinates":[[29.71068,54.46199],[29.71009,54.46133]]}},{"type":"Feature","properties":{},"geometry":{"type":"LineString","coordinates":[[29.71009,54.46133],[29.71021,54.46049]]}},{"type":"Feature","properties":{},"geometry":{"type":"LineString","coordinates":[[29.80826,54.63681],[29.7704,54.61335],[29.73597,54.60687],[29.74189,54.58869],[29.72963,54.56901],[29.72819,54.56054],[29.73517,54.54605],[29.72385,54.52077],[29.71261,54.50944],[29.71474,54.49759],[29.70576,54.48829],[29.71068,54.46199]]}},{"type":"Feature","properties":{},"geometry":{"type":"LineString","coordinates":[[29.71115,54.46133],[29.71068,54.46199]]}},{"type":"Feature","properties":{},"geometry":{"type":"LineString","coordinates":[[29.71021,54.46049],[29.71059,54.46016]]}},{"type":"Feature","properties":{},"geometry":{"type":"LineString","coordinates":[[29.71021,54.46049],[29.71107,54.46051]]}},{"type":"Feature","properties":{},"geometry":{"type":"LineString","coordinates":[[29.71089,54.45926],[29.71012,54.45926]]}},{"type":"Feature","properties":{},"geometry":{"type":"LineString","coordinates":[[29.71054,54.45962],[29.71012,54.45926]]}},{"type":"Feature","properties":{},"geometry":{"type":"LineString","coordinates":[[29.71012,54.45926],[29.70995,54.45841]]}},{"type":"Feature","properties":{},"geometry":{"type":"LineString","coordinates":[[29.71059,54.46016],[29.71107,54.46051]]}},{"type":"Feature","properties":{},"geometry":{"type":"LineString","coordinates":[[29.71054,54.45962],[29.71059,54.46016]]}},{"type":"Feature","properties":{},"geometry":{"type":"LineString","coordinates":[[29.71107,54.46051],[29.71115,54.46133]]}},{"type":"Feature","properties":{},"geometry":{"type":"LineString","coordinates":[[29.70995,54.45841],[29.71047,54.45773]]}},{"type":"Feature","properties":{},"geometry":{"type":"LineString","coordinates":[[29.70995,54.45841],[29.71111,54.45844]]}},{"type":"Feature","properties":{},"geometry":{"type":"LineString","coordinates":[[29.71089,54.45926],[29.71054,54.45962]]}},{"type":"Feature","properties":{},"geometry":{"type":"LineString","coordinates":[[29.71111,54.45844],[29.71089,54.45926]]}},{"type":"Feature","properties":{},"geometry":{"type":"LineString","coordinates":[[29.71047,54.45773],[29.71111,54.45844]]}},{"type":"Feature","properties":{},"geometry":{"type":"LineString","coordinates":[[29.71047,54.45773],[29.71539,54.44609],[29.70964,54.43098],[29.72616,54.4242],[29.73533,54.40941]]}},{"type":"Feature","properties":{},"geometry":{"type":"LineString","coordinates":[[30.23607,54.53877],[30.22714,54.55139],[30.20206,54.56488],[30.15227,54.56954],[30.04585,54.58951],[29.98991,54.59689],[29.80826,54.63681]]}},{"type":"Feature","properties":{},"geometry":{"type":"LineString","coordinates":[[29.73533,54.40941],[29.71033,54.40519]]}},{"type":"Feature","properties":{},"geometry":{"type":"LineString","coordinates":[[29.71033,54.40519],[29.72751,54.40036],[29.7442,54.38925],[29.77873,54.37324],[29.78315,54.36744],[29.7801,54.35135],[29.7873,54.3314],[29.77656,54.29633],[29.7933,54.2729],[29.79574,54.24328],[29.80204,54.24311],[29.81188,54.23033]]}},{"type":"Feature","properties":{},"geometry":{"type":"LineString","coordinates":[[30.08809,55.18706],[30.08556,55.18198],[30.07099,55.1695],[30.06567,55.15936]]}},{"type":"Feature","properties":{},"geometry":{"type":"LineString","coordinates":[[30.06567,55.15936],[30.06643,55.14959]]}},{"type":"Feature","properties":{},"geometry":{"type":"LineString","coordinates":[[30.06643,55.14959],[30.06567,55.15936]]}},{"type":"Feature","properties":{},"geometry":{"type":"LineString","coordinates":[[30.06643,55.14959],[30.0762,55.13416],[30.09882,55.11387],[30.12829,55.1023],[30.14125,55.10103],[30.22404,55.1049],[30.27443,55.10016],[30.28376,55.10278]]}},{"type":"Feature","properties":{},"geometry":{"type":"LineString","coordinates":[[30.08802,55.18864],[30.08809,55.18706]]}},{"type":"Feature","properties":{},"geometry":{"type":"LineString","coordinates":[[30.08809,55.18706],[30.08818,55.18864]]}},{"type":"Feature","properties":{},"geometry":{"type":"LineString","coordinates":[[30.11532,55.24294],[30.11876,55.22156],[30.15439,55.20589],[30.18347,55.19958]]}},{"type":"Feature","properties":{},"geometry":{"type":"LineString","coordinates":[[30.18495,55.19897],[30.15442,55.20595],[30.11886,55.22162],[30.11532,55.24294]]}},{"type":"Feature","properties":{},"geometry":{"type":"LineString","coordinates":[[29.18457,53.18703],[29.1975,53.17842]]}},{"type":"Feature","properties":{},"geometry":{"type":"LineString","coordinates":[[29.19768,53.17848],[29.19196,53.18455],[29.18457,53.18703]]}},{"type":"Feature","properties":{},"geometry":{"type":"LineString","coordinates":[[29.32434,53.50511],[29.32392,53.50506]]}},{"type":"Feature","properties":{},"geometry":{"type":"LineString","coordinates":[[29.32392,53.50506],[29.32384,53.50481]]}},{"type":"Feature","properties":{},"geometry":{"type":"LineString","coordinates":[[29.32408,53.50493],[29.32392,53.50506]]}},{"type":"Feature","properties":{},"geometry":{"type":"LineString","coordinates":[[29.32384,53.50481],[29.32406,53.50488]]}},{"type":"Feature","properties":{},"geometry":{"type":"LineString","coordinates":[[29.32384,53.50481],[29.32411,53.50468]]}},{"type":"Feature","properties":{},"geometry":{"type":"LineString","coordinates":[[29.32408,53.50493],[29.32434,53.50511]]}},{"type":"Feature","properties":{},"geometry":{"type":"LineString","coordinates":[[29.32406,53.50488],[29.32408,53.50493]]}},{"type":"Feature","properties":{},"geometry":{"type":"LineString","coordinates":[[29.32411,53.50468],[29.32406,53.50488]]}},{"type":"Feature","properties":{},"geometry":{"type":"LineString","coordinates":[[29.32411,53.50468],[29.34692,53.48469]]}},{"type":"Feature","properties":{},"geometry":{"type":"LineString","coordinates":[[29.91211,54.47336],[29.85134,54.44481],[29.79262,54.42683],[29.76542,54.41637],[29.73533,54.40941]]}},{"type":"Feature","properties":{},"geometry":{"type":"LineString","coordinates":[[29.23402,53.27284],[29.25436,53.27362],[29.26857,53.26956],[29.36239,53.26867],[29.3732,53.27201],[29.39384,53.29301],[29.43185,53.29782],[29.47143,53.2656]]}},{"type":"Feature","properties":{},"geometry":{"type":"LineString","coordinates":[[29.34692,53.48469],[29.31334,53.44306],[29.27782,53.4265],[29.24879,53.42516],[29.24345,53.42246],[29.23829,53.40846],[29.21926,53.38464],[29.17613,53.35708],[29.17791,53.35217],[29.19624,53.34004],[29.19945,53.33479],[29.19923,53.3231],[29.22653,53.29125],[29.23402,53.27284]]}},{"type":"Feature","properties":{},"geometry":{"type":"LineString","coordinates":[[29.23402,53.27284],[29.23806,53.25475]]}},{"type":"Feature","properties":{},"geometry":{"type":"LineString","coordinates":[[29.19768,53.17848],[29.1975,53.17842]]}},{"type":"Feature","properties":{},"geometry":{"type":"LineString","coordinates":[[29.1975,53.17842],[29.19814,53.17771]]}},{"type":"Feature","properties":{},"geometry":{"type":"LineString","coordinates":[[29.1975,53.17842],[29.19814,53.17771]]}},{"type":"Feature","properties":{},"geometry":{"type":"LineString","coordinates":[[29.19832,53.17777],[29.19768,53.17848]]}},{"type":"Feature","properties":{},"geometry":{"type":"LineString","coordinates":[[29.19832,53.17777],[29.19768,53.17848]]}},{"type":"Feature","properties":{},"geometry":{"type":"LineString","coordinates":[[29.19814,53.17771],[29.19832,53.17777]]}},{"type":"Feature","properties":{},"geometry":{"type":"LineString","coordinates":[[29.19814,53.17771],[29.21524,53.15786],[29.2355,53.14499]]}},{"type":"Feature","properties":{},"geometry":{"type":"LineString","coordinates":[[29.23558,53.14504],[29.21543,53.15792],[29.19832,53.17777]]}},{"type":"Feature","properties":{},"geometry":{"type":"LineString","coordinates":[[29.23484,53.25179],[29.23498,53.25186]]}},{"type":"Feature","properties":{},"geometry":{"type":"LineString","coordinates":[[29.23498,53.25186],[29.2372,53.25379]]}},{"type":"Feature","properties":{},"geometry":{"type":"LineString","coordinates":[[29.25047,53.25064],[29.23498,53.25186]]}},{"type":"Feature","properties":{},"geometry":{"type":"LineString","coordinates":[[29.2372,53.25379],[29.23756,53.25391]]}},{"type":"Feature","properties":{},"geometry":{"type":"LineString","coordinates":[[29.23736,53.2541],[29.2372,53.25379]]}},{"type":"Feature","properties":{},"geometry":{"type":"LineString","coordinates":[[29.23779,53.2545],[29.23736,53.2541]]}},{"type":"Feature","properties":{},"geometry":{"type":"LineString","coordinates":[[29.23736,53.2541],[29.23756,53.25391]]}},{"type":"Feature","properties":{},"geometry":{"type":"LineString","coordinates":[[29.23806,53.25475],[29.23779,53.2545]]}},{"type":"Feature","properties":{},"geometry":{"type":"LineString","coordinates":[[29.23822,53.25444],[29.23779,53.2545]]}},{"type":"Feature","properties":{},"geometry":{"type":"LineString","coordinates":[[29.23756,53.25391],[29.23822,53.25444]]}},{"type":"Feature","properties":{},"geometry":{"type":"LineString","coordinates":[[29.23822,53.25444],[29.23806,53.25475]]}},{"type":"Feature","properties":{},"geometry":{"type":"LineString","coordinates":[[29.34692,53.48469],[29.36081,53.48981],[29.37371,53.50896],[29.38844,53.51046],[29.42932,53.52317],[29.53918,53.56069],[29.58275,53.54888],[29.63631,53.54184],[29.73531,53.53853],[29.82447,53.5179]]}},{"type":"Feature","properties":{},"geometry":{"type":"LineString","coordinates":[[30.14139,55.19378],[30.16174,55.19819],[30.17802,55.19879]]}},{"type":"Feature","properties":{},"geometry":{"type":"LineString","coordinates":[[30.56077,55.78314],[30.49217,55.80678],[30.47362,55.82302]]}},{"type":"Feature","properties":{},"geometry":{"type":"LineString","coordinates":[[29.23558,53.14504],[29.2355,53.14499]]}},{"type":"Feature","properties":{},"geometry":{"type":"LineString","coordinates":[[29.2355,53.14499],[29.23114,53.14091],[29.23237,53.1306],[29.23011,53.13054]]}},{"type":"Feature","properties":{},"geometry":{"type":"LineString","coordinates":[[29.25616,53.1439],[29.24681,53.14979],[29.23558,53.14504]]}},{"type":"Feature","properties":{},"geometry":{"type":"LineString","coordinates":[[29.23011,53.13054],[29.23505,53.1229]]}},{"type":"Feature","properties":{},"geometry":{"type":"LineString","coordinates":[[30.18495,55.19897],[30.17802,55.19879]]}},{"type":"Feature","properties":{},"geometry":{"type":"LineString","coordinates":[[30.17802,55.19879],[30.18789,55.19825],[30.18799,55.1949]]}},{"type":"Feature","properties":{},"geometry":{"type":"LineString","coordinates":[[29.23505,53.1229],[29.23793,53.12075]]}},{"type":"Feature","properties":{},"geometry":{"type":"LineString","coordinates":[[29.23793,53.12075],[29.23944,53.11784],[29.24701,53.11699]]}},{"type":"Feature","properties":{},"geometry":{"type":"LineString","coordinates":[[29.24701,53.11699],[29.24777,53.11864],[29.23793,53.12075]]}},{"type":"Feature","properties":{},"geometry":{"type":"LineString","coordinates":[[30.18824,55.1948],[30.18899,55.19783],[30.18495,55.19897]]}},{"type":"Feature","properties":{},"geometry":{"type":"LineString","coordinates":[[30.18799,55.1949],[30.18796,55.19484]]}},{"type":"Feature","properties":{},"geometry":{"type":"LineString","coordinates":[[30.18824,55.1948],[30.18799,55.1949]]}},{"type":"Feature","properties":{},"geometry":{"type":"LineString","coordinates":[[30.18796,55.19484],[30.18784,55.19458]]}},{"type":"Feature","properties":{},"geometry":{"type":"LineString","coordinates":[[30.18824,55.1948],[30.18796,55.19484]]}},{"type":"Feature","properties":{},"geometry":{"type":"LineString","coordinates":[[30.18784,55.19458],[30.18774,55.19436]]}},{"type":"Feature","properties":{},"geometry":{"type":"LineString","coordinates":[[30.18784,55.19458],[30.18811,55.19447]]}},{"type":"Feature","properties":{},"geometry":{"type":"LineString","coordinates":[[30.18774,55.19436],[30.18809,55.1944]]}},{"type":"Feature","properties":{},"geometry":{"type":"LineString","coordinates":[[30.18774,55.19436],[30.18855,55.18565]]}},{"type":"Feature","properties":{},"geometry":{"type":"LineString","coordinates":[[30.18811,55.19447],[30.18824,55.1948]]}},{"type":"Feature","properties":{},"geometry":{"type":"LineString","coordinates":[[30.20624,55.19273],[30.18824,55.1948]]}},{"type":"Feature","properties":{},"geometry":{"type":"LineString","coordinates":[[30.18809,55.1944],[30.18811,55.19447]]}},{"type":"Feature","properties":{},"geometry":{"type":"LineString","coordinates":[[30.18811,55.19447],[30.18828,55.19443]]}},{"type":"Feature","properties":{},"geometry":{"type":"LineString","coordinates":[[30.18809,55.1944],[30.18828,55.19443]]}},{"type":"Feature","properties":{},"geometry":{"type":"LineString","coordinates":[[30.18882,55.18567],[30.18809,55.1944]]}},{"type":"Feature","properties":{},"geometry":{"type":"LineString","coordinates":[[30.18828,55.19443],[30.20621,55.19261]]}},{"type":"Feature","properties":{},"geometry":{"type":"LineString","coordinates":[[29.25616,53.1439],[29.27591,53.14075]]}},{"type":"Feature","properties":{},"geometry":{"type":"LineString","coordinates":[[29.27591,53.14075],[29.25616,53.1439]]}},{"type":"Feature","properties":{},"geometry":{"type":"LineString","coordinates":[[29.2082,53.01339],[29.20368,53.02838],[29.22842,53.06363],[29.24241,53.09166],[29.24048,53.10149],[29.24701,53.11699]]}},{"type":"Feature","properties":{},"geometry":{"type":"LineString","coordinates":[[30.18882,55.18567],[30.18855,55.18565]]}},{"type":"Feature","properties":{},"geometry":{"type":"LineString","coordinates":[[30.18855,55.18565],[30.18877,55.18546]]}},{"type":"Feature","properties":{},"geometry":{"type":"LineString","coordinates":[[30.18877,55.18546],[30.18882,55.18567]]}},{"type":"Feature","properties":{},"geometry":{"type":"LineString","coordinates":[[30.203,55.18295],[30.18882,55.18567]]}},{"type":"Feature","properties":{},"geometry":{"type":"LineString","coordinates":[[30.18877,55.18546],[30.20288,55.18273]]}},{"type":"Feature","properties":{},"geometry":{"type":"LineString","coordinates":[[29.20688,53.01292],[29.20752,53.01263]]}},{"type":"Feature","properties":{},"geometry":{"type":"LineString","coordinates":[[29.20762,53.01293],[29.20688,53.01292]]}},{"type":"Feature","properties":{},"geometry":{"type":"LineString","coordinates":[[29.20804,53.0131],[29.20762,53.01293]]}},{"type":"Feature","properties":{},"geometry":{"type":"LineString","coordinates":[[29.20762,53.01293],[29.20752,53.01263]]}},{"type":"Feature","properties":{},"geometry":{"type":"LineString","coordinates":[[29.20752,53.01263],[29.20851,53.01232]]}},{"type":"Feature","properties":{},"geometry":{"type":"LineString","coordinates":[[29.20859,53.01304],[29.20804,53.0131]]}},{"type":"Feature","properties":{},"geometry":{"type":"LineString","coordinates":[[29.2082,53.01339],[29.20804,53.0131]]}},{"type":"Feature","properties":{},"geometry":{"type":"LineString","coordinates":[[29.20859,53.01304],[29.2082,53.01339]]}},{"type":"Feature","properties":{},"geometry":{"type":"LineString","coordinates":[[29.20885,53.01255],[29.20859,53.01304]]}},{"type":"Feature","properties":{},"geometry":{"type":"LineString","coordinates":[[29.20851,53.01232],[29.20885,53.01255]]}},{"type":"Feature","properties":{},"geometry":{"type":"LineString","coordinates":[[29.20851,53.01232],[29.209,53.0121]]}},{"type":"Feature","properties":{},"geometry":{"type":"LineString","coordinates":[[29.209,53.0121],[29.20885,53.01255]]}},{"type":"Feature","properties":{},"geometry":{"type":"LineString","coordinates":[[29.209,53.0121],[29.23789,52.9817],[29.25535,52.97479],[29.2888,52.9552],[29.29409,52.93715],[29.30581,52.91554],[29.31723,52.87266],[29.3902,52.83078],[29.40402,52.81968],[29.40689,52.81569],[29.40736,52.79412]]}},{"type":"Feature","properties":{},"geometry":{"type":"LineString","coordinates":[[30.2078,55.20308],[30.20747,55.20171]]}},{"type":"Feature","properties":{},"geometry":{"type":"LineString","coordinates":[[30.20764,55.2017],[30.2078,55.20308]]}},{"type":"Feature","properties":{},"geometry":{"type":"LineString","coordinates":[[30.21232,55.20395],[30.2078,55.20308]]}},{"type":"Feature","properties":{},"geometry":{"type":"LineString","coordinates":[[30.20747,55.20171],[30.20624,55.19273]]}},{"type":"Feature","properties":{},"geometry":{"type":"LineString","coordinates":[[30.20764,55.2017],[30.20747,55.20171]]}},{"type":"Feature","properties":{},"geometry":{"type":"LineString","coordinates":[[30.20764,55.2017],[30.21232,55.20395]]}},{"type":"Feature","properties":{},"geometry":{"type":"LineString","coordinates":[[30.20645,55.19273],[30.20764,55.2017]]}},{"type":"Feature","properties":{},"geometry":{"type":"LineString","coordinates":[[30.20764,55.2017],[30.21278,55.20392]]}},{"type":"Feature","properties":{},"geometry":{"type":"LineString","coordinates":[[30.20645,55.19273],[30.20624,55.19273]]}},{"type":"Feature","properties":{},"geometry":{"type":"LineString","coordinates":[[30.20624,55.19273],[30.20621,55.19261]]}},{"type":"Feature","properties":{},"geometry":{"type":"LineString","coordinates":[[30.20621,55.19261],[30.20643,55.19261]]}},{"type":"Feature","properties":{},"geometry":{"type":"LineString","coordinates":[[30.20621,55.19261],[30.203,55.18295]]}},{"type":"Feature","properties":{},"geometry":{"type":"LineString","coordinates":[[30.22858,55.19388],[30.20645,55.19273]]}},{"type":"Feature","properties":{},"geometry":{"type":"LineString","coordinates":[[30.20643,55.19261],[30.20645,55.19273]]}},{"type":"Feature","properties":{},"geometry":{"type":"LineString","coordinates":[[30.20643,55.19261],[30.22864,55.19375]]}},{"type":"Feature","properties":{},"geometry":{"type":"LineString","coordinates":[[30.20329,55.18291],[30.20643,55.19261]]}},{"type":"Feature","properties":{},"geometry":{"type":"LineString","coordinates":[[30.21281,55.20432],[30.21232,55.20395]]}},{"type":"Feature","properties":{},"geometry":{"type":"LineString","coordinates":[[30.21278,55.20392],[30.21281,55.20432]]}},{"type":"Feature","properties":{},"geometry":{"type":"LineString","coordinates":[[30.21327,55.20421],[30.21281,55.20432]]}},{"type":"Feature","properties":{},"geometry":{"type":"LineString","coordinates":[[30.21278,55.20392],[30.21337,55.20413]]}},{"type":"Feature","properties":{},"geometry":{"type":"LineString","coordinates":[[30.203,55.18295],[30.20288,55.18273]]}},{"type":"Feature","properties":{},"geometry":{"type":"LineString","coordinates":[[30.20288,55.18273],[30.19934,55.17353]]}},{"type":"Feature","properties":{},"geometry":{"type":"LineString","coordinates":[[30.20288,55.18273],[30.20318,55.18268]]}},{"type":"Feature","properties":{},"geometry":{"type":"LineString","coordinates":[[30.20329,55.18291],[30.203,55.18295]]}},{"type":"Feature","properties":{},"geometry":{"type":"LineString","coordinates":[[30.21394,55.20435],[30.21327,55.20421]]}},{"type":"Feature","properties":{},"geometry":{"type":"LineString","coordinates":[[30.21495,55.20505],[30.21327,55.20421]]}},{"type":"Feature","properties":{},"geometry":{"type":"LineString","coordinates":[[30.21337,55.20413],[30.21406,55.20413]]}},{"type":"Feature","properties":{},"geometry":{"type":"LineString","coordinates":[[30.21337,55.20413],[30.21394,55.20435]]}},{"type":"Feature","properties":{},"geometry":{"type":"LineString","coordinates":[[30.20318,55.18268],[30.20329,55.18291]]}},{"type":"Feature","properties":{},"geometry":{"type":"LineString","coordinates":[[30.19967,55.17363],[30.20318,55.18268]]}},{"type":"Feature","properties":{},"geometry":{"type":"LineString","coordinates":[[30.20318,55.18268],[30.22825,55.17804]]}},{"type":"Feature","properties":{},"geometry":{"type":"LineString","coordinates":[[30.22835,55.17827],[30.20329,55.18291]]}},{"type":"Feature","properties":{},"geometry":{"type":"LineString","coordinates":[[30.21443,55.20429],[30.21394,55.20435]]}},{"type":"Feature","properties":{},"geometry":{"type":"LineString","coordinates":[[30.21394,55.20435],[30.21448,55.20457]]}},{"type":"Feature","properties":{},"geometry":{"type":"LineString","coordinates":[[30.21495,55.20505],[30.21394,55.20435]]}},{"type":"Feature","properties":{},"geometry":{"type":"LineString","coordinates":[[30.21394,55.20435],[30.21406,55.20413]]}},{"type":"Feature","properties":{},"geometry":{"type":"LineString","coordinates":[[30.19967,55.17363],[30.19934,55.17353]]}},{"type":"Feature","properties":{},"geometry":{"type":"LineString","coordinates":[[30.19934,55.17353],[30.19933,55.1735]]}},{"type":"Feature","properties":{},"geometry":{"type":"LineString","coordinates":[[30.21406,55.20413],[30.22179,55.20143],[30.22858,55.19388]]}},{"type":"Feature","properties":{},"geometry":{"type":"LineString","coordinates":[[30.19933,55.1735],[30.19963,55.17352]]}},{"type":"Feature","properties":{},"geometry":{"type":"LineString","coordinates":[[30.19933,55.1735],[30.19714,55.16839]]}},{"type":"Feature","properties":{},"geometry":{"type":"LineString","coordinates":[[30.21448,55.20457],[30.2504,55.2239],[30.27354,55.23333]]}},{"type":"Feature","properties":{},"geometry":{"type":"LineString","coordinates":[[30.21443,55.20429],[30.21448,55.20457]]}},{"type":"Feature","properties":{},"geometry":{"type":"LineString","coordinates":[[30.19742,55.16838],[30.19714,55.16839]]}},{"type":"Feature","properties":{},"geometry":{"type":"LineString","coordinates":[[30.19714,55.16839],[30.19729,55.16817]]}},{"type":"Feature","properties":{},"geometry":{"type":"LineString","coordinates":[[30.19963,55.17352],[30.19967,55.17363]]}},{"type":"Feature","properties":{},"geometry":{"type":"LineString","coordinates":[[30.22525,55.17041],[30.19967,55.17363]]}},{"type":"Feature","properties":{},"geometry":{"type":"LineString","coordinates":[[30.22899,55.19392],[30.22186,55.20161],[30.21443,55.20429]]}},{"type":"Feature","properties":{},"geometry":{"type":"LineString","coordinates":[[30.19742,55.16838],[30.19963,55.17352]]}},{"type":"Feature","properties":{},"geometry":{"type":"LineString","coordinates":[[30.19963,55.17352],[30.22518,55.17024]]}},{"type":"Feature","properties":{},"geometry":{"type":"LineString","coordinates":[[30.27354,55.23333],[30.24964,55.22371],[30.21495,55.20505]]}},{"type":"Feature","properties":{},"geometry":{"type":"LineString","coordinates":[[30.19729,55.16817],[30.19742,55.16838]]}},{"type":"Feature","properties":{},"geometry":{"type":"LineString","coordinates":[[30.19729,55.16817],[30.20466,55.16406],[30.22129,55.16173]]}},{"type":"Feature","properties":{},"geometry":{"type":"LineString","coordinates":[[30.22142,55.16196],[30.20417,55.16443],[30.19742,55.16838]]}},{"type":"Feature","properties":{},"geometry":{"type":"LineString","coordinates":[[29.29296,53.13904],[29.27591,53.14075]]}},{"type":"Feature","properties":{},"geometry":{"type":"LineString","coordinates":[[29.65112,53.95579],[29.65111,53.95531]]}},{"type":"Feature","properties":{},"geometry":{"type":"LineString","coordinates":[[29.65141,53.95556],[29.65112,53.95579]]}},{"type":"Feature","properties":{},"geometry":{"type":"LineString","coordinates":[[29.65181,53.95582],[29.65112,53.95579]]}},{"type":"Feature","properties":{},"geometry":{"type":"LineString","coordinates":[[29.65111,53.95531],[29.65158,53.95515]]}},{"type":"Feature","properties":{},"geometry":{"type":"LineString","coordinates":[[29.65111,53.95531],[29.65141,53.95551]]}},{"type":"Feature","properties":{},"geometry":{"type":"LineString","coordinates":[[29.65141,53.95556],[29.65181,53.95582]]}},{"type":"Feature","properties":{},"geometry":{"type":"LineString","coordinates":[[29.65141,53.95551],[29.65141,53.95556]]}},{"type":"Feature","properties":{},"geometry":{"type":"LineString","coordinates":[[29.65158,53.95515],[29.65141,53.95551]]}},{"type":"Feature","properties":{},"geometry":{"type":"LineString","coordinates":[[29.71664,53.98657],[29.65181,53.95582]]}},{"type":"Feature","properties":{},"geometry":{"type":"LineString","coordinates":[[29.65158,53.95515],[29.64939,53.93894],[29.65664,53.91914],[29.68907,53.88997],[29.69699,53.88764],[29.7143,53.8696],[29.73478,53.85536],[29.74086,53.8046],[29.75031,53.78211],[29.79105,53.74069],[29.7889,53.70962],[29.78129,53.70673],[29.7888,53.70683],[29.79169,53.69775],[29.81647,53.68234],[29.81369,53.6732],[29.83607,53.67392],[29.88724,53.69042],[29.92254,53.70728],[29.94037,53.69717],[29.95457,53.68423],[30.02179,53.65908]]}},{"type":"Feature","properties":{},"geometry":{"type":"LineString","coordinates":[[30.22899,55.19392],[30.22858,55.19388]]}},{"type":"Feature","properties":{},"geometry":{"type":"LineString","coordinates":[[30.22858,55.19388],[30.22864,55.19375]]}},{"type":"Feature","properties":{},"geometry":{"type":"LineString","coordinates":[[30.22858,55.19388],[30.22886,55.19376]]}},{"type":"Feature","properties":{},"geometry":{"type":"LineString","coordinates":[[30.22864,55.19375],[30.22886,55.19376]]}},{"type":"Feature","properties":{},"geometry":{"type":"LineString","coordinates":[[30.22886,55.19376],[30.23317,55.19414]]}},{"type":"Feature","properties":{},"geometry":{"type":"LineString","coordinates":[[30.22886,55.19376],[30.22899,55.19392]]}},{"type":"Feature","properties":{},"geometry":{"type":"LineString","coordinates":[[30.23312,55.19428],[30.22899,55.19392]]}},{"type":"Feature","properties":{},"geometry":{"type":"LineString","coordinates":[[29.29296,53.13904],[29.31576,53.15579]]}},{"type":"Feature","properties":{},"geometry":{"type":"LineString","coordinates":[[29.30869,53.13941],[29.29296,53.13904]]}},{"type":"Feature","properties":{},"geometry":{"type":"LineString","coordinates":[[30.23335,55.1943],[30.23312,55.19428]]}},{"type":"Feature","properties":{},"geometry":{"type":"LineString","coordinates":[[30.23312,55.19428],[30.23317,55.19414]]}},{"type":"Feature","properties":{},"geometry":{"type":"LineString","coordinates":[[30.23317,55.19414],[30.23338,55.19417]]}},{"type":"Feature","properties":{},"geometry":{"type":"LineString","coordinates":[[30.23317,55.19414],[30.22835,55.17827]]}},{"type":"Feature","properties":{},"geometry":{"type":"LineString","coordinates":[[30.249,55.19575],[30.23335,55.1943]]}},{"type":"Feature","properties":{},"geometry":{"type":"LineString","coordinates":[[30.23338,55.19417],[30.23335,55.1943]]}},{"type":"Feature","properties":{},"geometry":{"type":"LineString","coordinates":[[30.23338,55.19417],[30.24904,55.19562]]}},{"type":"Feature","properties":{},"geometry":{"type":"LineString","coordinates":[[30.22883,55.17822],[30.23338,55.19417]]}},{"type":"Feature","properties":{},"geometry":{"type":"LineString","coordinates":[[30.22835,55.17827],[30.22825,55.17804]]}},{"type":"Feature","properties":{},"geometry":{"type":"LineString","coordinates":[[30.22883,55.17822],[30.22835,55.17827]]}},{"type":"Feature","properties":{},"geometry":{"type":"LineString","coordinates":[[30.22825,55.17804],[30.22525,55.17041]]}},{"type":"Feature","properties":{},"geometry":{"type":"LineString","coordinates":[[30.22825,55.17804],[30.22874,55.17797]]}},{"type":"Feature","properties":{},"geometry":{"type":"LineString","coordinates":[[30.29758,55.32076],[30.31465,55.30406]]}},{"type":"Feature","properties":{},"geometry":{"type":"LineString","coordinates":[[30.31465,55.30406],[30.30687,55.31508],[30.29758,55.32076]]}},{"type":"Feature","properties":{},"geometry":{"type":"LineString","coordinates":[[30.22874,55.17797],[30.22883,55.17822]]}},{"type":"Feature","properties":{},"geometry":{"type":"LineString","coordinates":[[30.24462,55.17618],[30.22883,55.17822]]}},{"type":"Feature","properties":{},"geometry":{"type":"LineString","coordinates":[[30.22574,55.17035],[30.22874,55.17797]]}},{"type":"Feature","properties":{},"geometry":{"type":"LineString","coordinates":[[30.22874,55.17797],[30.24452,55.17594]]}},{"type":"Feature","properties":{},"geometry":{"type":"LineString","coordinates":[[30.22525,55.17041],[30.22518,55.17024]]}},{"type":"Feature","properties":{},"geometry":{"type":"LineString","coordinates":[[30.22574,55.17035],[30.22525,55.17041]]}},{"type":"Feature","properties":{},"geometry":{"type":"LineString","coordinates":[[30.22518,55.17024],[30.22142,55.16196]]}},{"type":"Feature","properties":{},"geometry":{"type":"LineString","coordinates":[[30.22518,55.17024],[30.22567,55.17018]]}},{"type":"Feature","properties":{},"geometry":{"type":"LineString","coordinates":[[30.22142,55.16196],[30.22129,55.16173]]}},{"type":"Feature","properties":{},"geometry":{"type":"LineString","coordinates":[[30.22129,55.16173],[30.22171,55.16165]]}},{"type":"Feature","properties":{},"geometry":{"type":"LineString","coordinates":[[30.22185,55.16188],[30.22142,55.16196]]}},{"type":"Feature","properties":{},"geometry":{"type":"LineString","coordinates":[[30.22567,55.17018],[30.22574,55.17035]]}},{"type":"Feature","properties":{},"geometry":{"type":"LineString","coordinates":[[30.24147,55.16829],[30.22574,55.17035]]}},{"type":"Feature","properties":{},"geometry":{"type":"LineString","coordinates":[[30.22185,55.16188],[30.22567,55.17018]]}},{"type":"Feature","properties":{},"geometry":{"type":"LineString","coordinates":[[30.22567,55.17018],[30.24142,55.16817]]}},{"type":"Feature","properties":{},"geometry":{"type":"LineString","coordinates":[[30.22171,55.16165],[30.22185,55.16188]]}},{"type":"Feature","properties":{},"geometry":{"type":"LineString","coordinates":[[30.22171,55.16165],[30.23315,55.15777]]}},{"type":"Feature","properties":{},"geometry":{"type":"LineString","coordinates":[[30.23337,55.15799],[30.22185,55.16188]]}},{"type":"Feature","properties":{},"geometry":{"type":"LineString","coordinates":[[29.31649,53.15667],[29.31584,53.15626]]}},{"type":"Feature","properties":{},"geometry":{"type":"LineString","coordinates":[[29.31649,53.15667],[29.31584,53.15626]]}},{"type":"Feature","properties":{},"geometry":{"type":"LineString","coordinates":[[29.31584,53.15626],[29.31576,53.15579]]}},{"type":"Feature","properties":{},"geometry":{"type":"LineString","coordinates":[[29.31584,53.15626],[29.31637,53.15609]]}},{"type":"Feature","properties":{},"geometry":{"type":"LineString","coordinates":[[29.31576,53.15579],[29.31637,53.15609]]}},{"type":"Feature","properties":{},"geometry":{"type":"LineString","coordinates":[[30.00401,53.06776],[29.56944,53.12024],[29.54486,53.12818],[29.51742,53.12361],[29.50459,53.1243],[29.4813,53.13065],[29.37536,53.14299],[29.30869,53.13941]]}},{"type":"Feature","properties":{},"geometry":{"type":"LineString","coordinates":[[29.30869,53.13941],[29.35275,53.11034]]}},{"type":"Feature","properties":{},"geometry":{"type":"LineString","coordinates":[[29.31666,53.15627],[29.31649,53.15667]]}},{"type":"Feature","properties":{},"geometry":{"type":"LineString","coordinates":[[29.3172,53.15684],[29.31649,53.15667]]}},{"type":"Feature","properties":{},"geometry":{"type":"LineString","coordinates":[[29.31637,53.15609],[29.31666,53.15627]]}},{"type":"Feature","properties":{},"geometry":{"type":"LineString","coordinates":[[29.31666,53.15627],[29.3172,53.15684]]}},{"type":"Feature","properties":{},"geometry":{"type":"LineString","coordinates":[[29.47143,53.2656],[29.3172,53.15684]]}},{"type":"Feature","properties":{},"geometry":{"type":"LineString","coordinates":[[30.24941,55.19564],[30.249,55.19575]]}},{"type":"Feature","properties":{},"geometry":{"type":"LineString","coordinates":[[30.249,55.19575],[30.24904,55.19562]]}},{"type":"Feature","properties":{},"geometry":{"type":"LineString","coordinates":[[30.24904,55.19562],[30.24941,55.19564]]}},{"type":"Feature","properties":{},"geometry":{"type":"LineString","coordinates":[[30.24904,55.19562],[30.24462,55.17618]]}},{"type":"Feature","properties":{},"geometry":{"type":"LineString","coordinates":[[30.24503,55.17613],[30.24941,55.19564]]}},{"type":"Feature","properties":{},"geometry":{"type":"LineString","coordinates":[[30.23337,55.15799],[30.23315,55.15777]]}},{"type":"Feature","properties":{},"geometry":{"type":"LineString","coordinates":[[30.23315,55.15777],[30.23352,55.1576]]}},{"type":"Feature","properties":{},"geometry":{"type":"LineString","coordinates":[[30.24142,55.16817],[30.23337,55.15799]]}},{"type":"Feature","properties":{},"geometry":{"type":"LineString","coordinates":[[30.2337,55.15776],[30.23337,55.15799]]}},{"type":"Feature","properties":{},"geometry":{"type":"LineString","coordinates":[[30.23352,55.1576],[30.2337,55.15776]]}},{"type":"Feature","properties":{},"geometry":{"type":"LineString","coordinates":[[30.23352,55.1576],[30.23809,55.15388]]}},{"type":"Feature","properties":{},"geometry":{"type":"LineString","coordinates":[[30.2337,55.15776],[30.24186,55.16811]]}},{"type":"Feature","properties":{},"geometry":{"type":"LineString","coordinates":[[30.23809,55.15388],[30.2337,55.15776]]}},{"type":"Feature","properties":{},"geometry":{"type":"LineString","coordinates":[[29.91211,54.47336],[29.91656,54.47547]]}},{"type":"Feature","properties":{},"geometry":{"type":"LineString","coordinates":[[29.91527,54.47768],[29.9115,54.47718],[29.91211,54.47336]]}},{"type":"Feature","properties":{},"geometry":{"type":"LineString","coordinates":[[30.24462,55.17618],[30.24452,55.17594]]}},{"type":"Feature","properties":{},"geometry":{"type":"LineString","coordinates":[[30.24503,55.17613],[30.24462,55.17618]]}},{"type":"Feature","properties":{},"geometry":{"type":"LineString","coordinates":[[30.24452,55.17594],[30.24147,55.16829]]}},{"type":"Feature","properties":{},"geometry":{"type":"LineString","coordinates":[[30.24452,55.17594],[30.24494,55.17588]]}},{"type":"Feature","properties":{},"geometry":{"type":"LineString","coordinates":[[30.24494,55.17588],[30.24503,55.17613]]}},{"type":"Feature","properties":{},"geometry":{"type":"LineString","coordinates":[[30.2968,55.16946],[30.24503,55.17613]]}},{"type":"Feature","properties":{},"geometry":{"type":"LineString","coordinates":[[30.24192,55.16824],[30.24494,55.17588]]}},{"type":"Feature","properties":{},"geometry":{"type":"LineString","coordinates":[[30.24494,55.17588],[30.29675,55.16936]]}},{"type":"Feature","properties":{},"geometry":{"type":"LineString","coordinates":[[30.24147,55.16829],[30.24142,55.16817]]}},{"type":"Feature","properties":{},"geometry":{"type":"LineString","coordinates":[[30.24192,55.16824],[30.24147,55.16829]]}},{"type":"Feature","properties":{},"geometry":{"type":"LineString","coordinates":[[30.24142,55.16817],[30.24186,55.16811]]}},{"type":"Feature","properties":{},"geometry":{"type":"LineString","coordinates":[[30.24186,55.16811],[30.24192,55.16824]]}},{"type":"Feature","properties":{},"geometry":{"type":"LineString","coordinates":[[30.24186,55.16811],[30.28062,55.16322],[30.29708,55.16931]]}},{"type":"Feature","properties":{},"geometry":{"type":"LineString","coordinates":[[30.29675,55.16936],[30.28053,55.16336],[30.24192,55.16824]]}},{"type":"Feature","properties":{},"geometry":{"type":"LineString","coordinates":[[30.27354,55.23333],[30.33535,55.25552]]}},{"type":"Feature","properties":{},"geometry":{"type":"LineString","coordinates":[[30.28446,55.10374],[30.2816,55.11671],[30.23809,55.15388]]}},{"type":"Feature","properties":{},"geometry":{"type":"LineString","coordinates":[[30.31465,55.30406],[30.33039,55.27499],[30.33611,55.25645]]}},{"type":"Feature","properties":{},"geometry":{"type":"LineString","coordinates":[[30.29013,54.20892],[30.24076,54.2111],[30.16786,54.23046],[30.13308,54.23569],[30.11556,54.23511],[30.09461,54.23921],[30.07142,54.22303],[30.03174,54.22911],[30.0041,54.22376],[29.94512,54.22901],[29.92981,54.22406],[29.83717,54.2272],[29.81188,54.23033]]}},{"type":"Feature","properties":{},"geometry":{"type":"LineString","coordinates":[[29.81188,54.23033],[29.82923,54.20504],[29.83094,54.17487],[29.83553,54.16839]]}},{"type":"Feature","properties":{},"geometry":{"type":"LineString","coordinates":[[29.79096,53.98492],[29.71664,53.98657]]}},{"type":"Feature","properties":{},"geometry":{"type":"LineString","coordinates":[[29.83504,54.16768],[29.78259,54.16415],[29.77721,54.16004],[29.77172,54.1514],[29.76609,54.121],[29.7563,54.10466],[29.74344,54.06868],[29.7476,54.04786],[29.72897,54.02952],[29.71664,53.98657]]}},{"type":"Feature","properties":{},"geometry":{"type":"LineString","coordinates":[[30.33535,55.25552],[30.33626,55.25568]]}},{"type":"Feature","properties":{},"geometry":{"type":"LineString","coordinates":[[30.33606,55.25591],[30.33535,55.25552]]}},{"type":"Feature","properties":{},"geometry":{"type":"LineString","coordinates":[[30.33611,55.25645],[30.33611,55.25599]]}},{"type":"Feature","properties":{},"geometry":{"type":"LineString","coordinates":[[30.33654,55.25609],[30.33611,55.25645]]}},{"type":"Feature","properties":{},"geometry":{"type":"LineString","coordinates":[[30.33611,55.25599],[30.33606,55.25591]]}},{"type":"Feature","properties":{},"geometry":{"type":"LineString","coordinates":[[30.33606,55.25591],[30.33626,55.25568]]}},{"type":"Feature","properties":{},"geometry":{"type":"LineString","coordinates":[[30.33654,55.25609],[30.33611,55.25599]]}},{"type":"Feature","properties":{},"geometry":{"type":"LineString","coordinates":[[30.33626,55.25568],[30.33638,55.25566]]}},{"type":"Feature","properties":{},"geometry":{"type":"LineString","coordinates":[[30.33663,55.25606],[30.33654,55.25609]]}},{"type":"Feature","properties":{},"geometry":{"type":"LineString","coordinates":[[30.33638,55.25566],[30.33679,55.25578]]}},{"type":"Feature","properties":{},"geometry":{"type":"LineString","coordinates":[[30.33638,55.25566],[30.33686,55.25518]]}},{"type":"Feature","properties":{},"geometry":{"type":"LineString","coordinates":[[30.33743,55.25619],[30.33663,55.25606]]}},{"type":"Feature","properties":{},"geometry":{"type":"LineString","coordinates":[[30.33682,55.25585],[30.33663,55.25606]]}},{"type":"Feature","properties":{},"geometry":{"type":"LineString","coordinates":[[30.33679,55.25578],[30.33682,55.25585]]}},{"type":"Feature","properties":{},"geometry":{"type":"LineString","coordinates":[[30.33686,55.25518],[30.33679,55.25578]]}},{"type":"Feature","properties":{},"geometry":{"type":"LineString","coordinates":[[30.33682,55.25585],[30.33743,55.25619]]}},{"type":"Feature","properties":{},"geometry":{"type":"LineString","coordinates":[[30.36063,55.20998],[30.33686,55.25518]]}},{"type":"Feature","properties":{},"geometry":{"type":"LineString","coordinates":[[30.33743,55.25619],[30.35805,55.26288],[30.40273,55.2702],[30.4679,55.27739],[30.50225,55.27543],[30.51343,55.2769],[30.53698,55.29725],[30.63764,55.34554],[30.67896,55.37378],[30.69433,55.37595],[30.71029,55.40174],[30.73022,55.41189],[30.74869,55.42798],[30.77588,55.43952],[30.79252,55.44455],[30.82957,55.44989],[30.85411,55.45094],[30.87441,55.4558],[31.01983,55.47064],[31.05076,55.48892],[31.08266,55.50299],[31.08889,55.50397],[31.10179,55.51616],[31.11339,55.52085],[31.11598,55.53599],[31.11217,55.57326],[31.11661,55.582],[31.12229,55.58597],[31.14569,55.59291]]}},{"type":"Feature","properties":{},"geometry":{"type":"LineString","coordinates":[[30.2968,55.16946],[30.29675,55.16936]]}},{"type":"Feature","properties":{},"geometry":{"type":"LineString","coordinates":[[30.29713,55.16942],[30.2968,55.16946]]}},{"type":"Feature","properties":{},"geometry":{"type":"LineString","coordinates":[[30.29675,55.16936],[30.29708,55.16931]]}},{"type":"Feature","properties":{},"geometry":{"type":"LineString","coordinates":[[30.29708,55.16931],[30.29713,55.16942]]}},{"type":"Feature","properties":{},"geometry":{"type":"LineString","coordinates":[[30.35092,55.16197],[30.29713,55.16942]]}},{"type":"Feature","properties":{},"geometry":{"type":"LineString","coordinates":[[30.29708,55.16931],[30.35057,55.16151]]}},{"type":"Feature","properties":{},"geometry":{"type":"LineString","coordinates":[[29.83563,54.16787],[29.83504,54.16768]]}},{"type":"Feature","properties":{},"geometry":{"type":"LineString","coordinates":[[29.83504,54.16768],[29.83575,54.1676]]}},{"type":"Feature","properties":{},"geometry":{"type":"LineString","coordinates":[[29.83553,54.16839],[29.83566,54.16789]]}},{"type":"Feature","properties":{},"geometry":{"type":"LineString","coordinates":[[29.83606,54.16794],[29.83553,54.16839]]}},{"type":"Feature","properties":{},"geometry":{"type":"LineString","coordinates":[[29.83566,54.16789],[29.83563,54.16787]]}},{"type":"Feature","properties":{},"geometry":{"type":"LineString","coordinates":[[29.83563,54.16787],[29.83575,54.1676]]}},{"type":"Feature","properties":{},"geometry":{"type":"LineString","coordinates":[[29.83606,54.16794],[29.83566,54.16789]]}},{"type":"Feature","properties":{},"geometry":{"type":"LineString","coordinates":[[29.83575,54.1676],[29.83589,54.16757]]}},{"type":"Feature","properties":{},"geometry":{"type":"LineString","coordinates":[[29.83614,54.16791],[29.83606,54.16794]]}},{"type":"Feature","properties":{},"geometry":{"type":"LineString","coordinates":[[29.83589,54.16757],[29.83619,54.16767]]}},{"type":"Feature","properties":{},"geometry":{"type":"LineString","coordinates":[[29.83589,54.16757],[29.83627,54.16725]]}},{"type":"Feature","properties":{},"geometry":{"type":"LineString","coordinates":[[29.83622,54.16769],[29.83614,54.16791]]}},{"type":"Feature","properties":{},"geometry":{"type":"LineString","coordinates":[[29.83698,54.16786],[29.83614,54.16791]]}},{"type":"Feature","properties":{},"geometry":{"type":"LineString","coordinates":[[29.83619,54.16767],[29.83622,54.16769]]}},{"type":"Feature","properties":{},"geometry":{"type":"LineString","coordinates":[[29.83627,54.16725],[29.83619,54.16767]]}},{"type":"Feature","properties":{},"geometry":{"type":"LineString","coordinates":[[29.83622,54.16769],[29.83698,54.16786]]}},{"type":"Feature","properties":{},"geometry":{"type":"LineString","coordinates":[[29.83627,54.16725],[29.8925,54.08998],[29.9252,54.065],[29.92926,54.05337],[29.93745,54.04663],[29.95491,53.99547],[29.95157,53.98088]]}},{"type":"Feature","properties":{},"geometry":{"type":"LineString","coordinates":[[30.30442,54.19225],[30.28685,54.18444],[30.25972,54.17751],[30.18102,54.16876],[30.16306,54.17047],[30.13864,54.17706],[30.10206,54.16818],[30.08403,54.16754],[30.05582,54.16276],[30.01491,54.16732],[29.98301,54.18454],[29.9718,54.18662],[29.92993,54.17607],[29.83698,54.16786]]}},{"type":"Feature","properties":{},"geometry":{"type":"LineString","coordinates":[[30.28376,55.10278],[30.28428,55.10293]]}},{"type":"Feature","properties":{},"geometry":{"type":"LineString","coordinates":[[30.2841,55.10319],[30.28376,55.10278]]}},{"type":"Feature","properties":{},"geometry":{"type":"LineString","coordinates":[[30.2842,55.10328],[30.2841,55.10319]]}},{"type":"Feature","properties":{},"geometry":{"type":"LineString","coordinates":[[30.2841,55.10319],[30.28428,55.10293]]}},{"type":"Feature","properties":{},"geometry":{"type":"LineString","coordinates":[[30.28469,55.1033],[30.2842,55.10328]]}},{"type":"Feature","properties":{},"geometry":{"type":"LineString","coordinates":[[30.28446,55.10374],[30.2842,55.10328]]}},{"type":"Feature","properties":{},"geometry":{"type":"LineString","coordinates":[[30.28469,55.1033],[30.28446,55.10374]]}},{"type":"Feature","properties":{},"geometry":{"type":"LineString","coordinates":[[30.28428,55.10293],[30.28435,55.10291]]}},{"type":"Feature","properties":{},"geometry":{"type":"LineString","coordinates":[[30.28435,55.10291],[30.28469,55.1026]]}},{"type":"Feature","properties":{},"geometry":{"type":"LineString","coordinates":[[30.28435,55.10291],[30.28474,55.10297]]}},{"type":"Feature","properties":{},"geometry":{"type":"LineString","coordinates":[[30.28477,55.10325],[30.28469,55.1033]]}},{"type":"Feature","properties":{},"geometry":{"type":"LineString","coordinates":[[30.28478,55.103],[30.28477,55.10325]]}},{"type":"Feature","properties":{},"geometry":{"type":"LineString","coordinates":[[30.28551,55.10309],[30.28477,55.10325]]}},{"type":"Feature","properties":{},"geometry":{"type":"LineString","coordinates":[[30.28474,55.10297],[30.28478,55.103]]}},{"type":"Feature","properties":{},"geometry":{"type":"LineString","coordinates":[[30.28469,55.1026],[30.28474,55.10297]]}},{"type":"Feature","properties":{},"geometry":{"type":"LineString","coordinates":[[30.28478,55.103],[30.28551,55.10309]]}},{"type":"Feature","properties":{},"geometry":{"type":"LineString","coordinates":[[30.38092,54.81128],[30.34855,54.91996],[30.31889,54.97566],[30.30124,55.01906],[30.28469,55.1026]]}},{"type":"Feature","properties":{},"geometry":{"type":"LineString","coordinates":[[30.28551,55.10309],[30.29932,55.1031],[30.30235,55.10088]]}},{"type":"Feature","properties":{},"geometry":{"type":"LineString","coordinates":[[29.15009,51.8036],[29.13574,51.81762],[29.12252,51.81648],[29.11182,51.82187],[29.03385,51.83215],[28.97576,51.81948],[28.94838,51.82929],[28.93863,51.83762],[28.90522,51.85383],[28.88966,51.8573],[28.87478,51.88106]]}},{"type":"Feature","properties":{},"geometry":{"type":"LineString","coordinates":[[29.36103,52.07693],[29.36021,52.04425],[29.31081,52.02014],[29.27368,52.01559],[29.24138,52.00329],[29.22365,52.00556],[29.20389,52.01852],[29.14402,51.99096],[29.06179,51.94807],[28.99225,51.92678],[28.96809,51.90961],[28.93977,51.89332],[28.88692,51.88118],[28.87478,51.88106]]}},{"type":"Feature","properties":{},"geometry":{"type":"LineString","coordinates":[[30.36063,55.20998],[30.36183,55.20659]]}},{"type":"Feature","properties":{},"geometry":{"type":"LineString","coordinates":[[30.36183,55.20659],[30.36063,55.20998]]}},{"type":"Feature","properties":{},"geometry":{"type":"LineString","coordinates":[[30.35186,55.16254],[30.3624,55.17895],[30.36462,55.19679],[30.36183,55.20659]]}},{"type":"Feature","properties":{},"geometry":{"type":"LineString","coordinates":[[29.79096,53.98492],[29.7912,53.98439]]}},{"type":"Feature","properties":{},"geometry":{"type":"LineString","coordinates":[[29.7912,53.98439],[29.79096,53.98492]]}},{"type":"Feature","properties":{},"geometry":{"type":"LineString","coordinates":[[29.79576,53.98482],[29.79096,53.98492]]}},{"type":"Feature","properties":{},"geometry":{"type":"LineString","coordinates":[[29.82447,53.5179],[29.47143,53.2656]]}},{"type":"Feature","properties":{},"geometry":{"type":"LineString","coordinates":[[29.79211,53.98248],[29.7912,53.98439]]}},{"type":"Feature","properties":{},"geometry":{"type":"LineString","coordinates":[[30.34094,55.14616],[30.34145,55.14691]]}},{"type":"Feature","properties":{},"geometry":{"type":"LineString","coordinates":[[30.40593,54.82106],[30.39037,54.87318],[30.39036,54.88353],[30.37731,54.8985],[30.37356,54.92581],[30.31408,55.04589],[30.30814,55.07356],[30.3088,55.08653],[30.29991,55.09923],[30.30254,55.10519],[30.3187,55.11339],[30.34094,55.14616]]}},{"type":"Feature","properties":{},"geometry":{"type":"LineString","coordinates":[[30.34094,55.14616],[30.34251,55.14593]]}},{"type":"Feature","properties":{},"geometry":{"type":"LineString","coordinates":[[30.34145,55.14691],[30.35064,55.16072]]}},{"type":"Feature","properties":{},"geometry":{"type":"LineString","coordinates":[[30.34251,55.14593],[30.34145,55.14691]]}},{"type":"Feature","properties":{},"geometry":{"type":"LineString","coordinates":[[30.35513,55.1326],[30.34251,55.14593]]}},{"type":"Feature","properties":{},"geometry":{"type":"LineString","coordinates":[[30.35092,55.16197],[30.35057,55.16151]]}},{"type":"Feature","properties":{},"geometry":{"type":"LineString","coordinates":[[30.35057,55.16151],[30.35063,55.16142]]}},{"type":"Feature","properties":{},"geometry":{"type":"LineString","coordinates":[[30.35063,55.16142],[30.35064,55.16072]]}},{"type":"Feature","properties":{},"geometry":{"type":"LineString","coordinates":[[30.35063,55.16142],[30.35148,55.16124]]}},{"type":"Feature","properties":{},"geometry":{"type":"LineString","coordinates":[[30.35098,55.16199],[30.35092,55.16197]]}},{"type":"Feature","properties":{},"geometry":{"type":"LineString","coordinates":[[30.35189,55.16178],[30.35098,55.16199]]}},{"type":"Feature","properties":{},"geometry":{"type":"LineString","coordinates":[[30.35186,55.16254],[30.35098,55.16199]]}},{"type":"Feature","properties":{},"geometry":{"type":"LineString","coordinates":[[30.35064,55.16072],[30.35148,55.16124]]}},{"type":"Feature","properties":{},"geometry":{"type":"LineString","coordinates":[[30.35189,55.16178],[30.35186,55.16254]]}},{"type":"Feature","properties":{},"geometry":{"type":"LineString","coordinates":[[30.35148,55.16124],[30.35158,55.16126]]}},{"type":"Feature","properties":{},"geometry":{"type":"LineString","coordinates":[[30.35158,55.16126],[30.35261,55.16127]]}},{"type":"Feature","properties":{},"geometry":{"type":"LineString","coordinates":[[30.35158,55.16126],[30.35192,55.16172]]}},{"type":"Feature","properties":{},"geometry":{"type":"LineString","coordinates":[[30.35192,55.16172],[30.35189,55.16178]]}},{"type":"Feature","properties":{},"geometry":{"type":"LineString","coordinates":[[30.35261,55.16127],[30.35192,55.16172]]}},{"type":"Feature","properties":{},"geometry":{"type":"LineString","coordinates":[[30.77791,55.0362],[30.71492,55.06077],[30.35261,55.16127]]}},{"type":"Feature","properties":{},"geometry":{"type":"LineString","coordinates":[[30.02929,53.978],[29.91953,53.98155]]}},{"type":"Feature","properties":{},"geometry":{"type":"LineString","coordinates":[[29.40736,52.79412],[29.40784,52.79133]]}},{"type":"Feature","properties":{},"geometry":{"type":"LineString","coordinates":[[29.40784,52.79133],[29.41927,52.79234],[29.44072,52.78873],[29.46965,52.75834],[29.50128,52.7426],[29.51893,52.72323],[29.56146,52.68734],[29.63124,52.66074]]}},{"type":"Feature","properties":{},"geometry":{"type":"LineString","coordinates":[[29.40784,52.79133],[29.39865,52.77118],[29.39748,52.74105],[29.37953,52.72137],[29.36618,52.69972],[29.35945,52.66196],[29.3772,52.64008],[29.37824,52.61504],[29.35877,52.56598],[29.36051,52.54742],[29.35499,52.53912],[29.32892,52.53177],[29.31344,52.50828],[29.29266,52.49005],[29.28592,52.47614],[29.27302,52.46269]]}},{"type":"Feature","properties":{},"geometry":{"type":"LineString","coordinates":[[29.27302,52.46269],[29.26972,52.45711],[29.30654,52.39552],[29.3245,52.38464],[29.34883,52.37854],[29.37335,52.35796],[29.33693,52.31423],[29.29924,52.21335],[29.30094,52.20747],[29.3128,52.19636],[29.34351,52.18502],[29.34056,52.17664],[29.34456,52.16002]]}},{"type":"Feature","properties":{},"geometry":{"type":"LineString","coordinates":[[30.23607,54.53877],[30.23692,54.53823]]}},{"type":"Feature","properties":{},"geometry":{"type":"LineString","coordinates":[[30.23726,54.53851],[30.23607,54.53877]]}},{"type":"Feature","properties":{},"geometry":{"type":"LineString","coordinates":[[30.23726,54.53851],[30.23692,54.53823]]}},{"type":"Feature","properties":{},"geometry":{"type":"LineString","coordinates":[[30.23692,54.53823],[30.23774,54.53765]]}},{"type":"Feature","properties":{},"geometry":{"type":"LineString","coordinates":[[30.23896,54.53801],[30.23726,54.53851]]}},{"type":"Feature","properties":{},"geometry":{"type":"LineString","coordinates":[[30.23774,54.53765],[30.238,54.53671]]}},{"type":"Feature","properties":{},"geometry":{"type":"LineString","coordinates":[[30.23774,54.53765],[30.23845,54.53759]]}},{"type":"Feature","properties":{},"geometry":{"type":"LineString","coordinates":[[30.238,54.53671],[30.23845,54.53759]]}},{"type":"Feature","properties":{},"geometry":{"type":"LineString","coordinates":[[30.28967,54.45684],[30.26859,54.47216],[30.26513,54.48537],[30.24879,54.50648],[30.238,54.53671]]}},{"type":"Feature","properties":{},"geometry":{"type":"LineString","coordinates":[[30.23845,54.53759],[30.23874,54.53768]]}},{"type":"Feature","properties":{},"geometry":{"type":"LineString","coordinates":[[30.23874,54.53768],[30.24049,54.53755]]}},{"type":"Feature","properties":{},"geometry":{"type":"LineString","coordinates":[[30.23874,54.53768],[30.23896,54.53801]]}},{"type":"Feature","properties":{},"geometry":{"type":"LineString","coordinates":[[30.24049,54.53755],[30.23896,54.53801]]}},{"type":"Feature","properties":{},"geometry":{"type":"LineString","coordinates":[[30.42882,54.51102],[30.39265,54.5144],[30.38555,54.5117],[30.36497,54.51269],[30.32873,54.50992],[30.31337,54.52231],[30.26508,54.53497],[30.24049,54.53755]]}},{"type":"Feature","properties":{},"geometry":{"type":"LineString","coordinates":[[30.38092,54.81128],[30.38007,54.81114]]}},{"type":"Feature","properties":{},"geometry":{"type":"LineString","coordinates":[[30.38007,54.81114],[30.38098,54.81107]]}},{"type":"Feature","properties":{},"geometry":{"type":"LineString","coordinates":[[30.38187,54.81143],[30.38092,54.81128]]}},{"type":"Feature","properties":{},"geometry":{"type":"LineString","coordinates":[[30.38098,54.81107],[30.38092,54.81128]]}},{"type":"Feature","properties":{},"geometry":{"type":"LineString","coordinates":[[30.38098,54.81107],[30.38187,54.81143]]}},{"type":"Feature","properties":{},"geometry":{"type":"LineString","coordinates":[[30.4354,54.62318],[30.38098,54.81107]]}},{"type":"Feature","properties":{},"geometry":{"type":"LineString","coordinates":[[30.40593,54.82106],[30.39126,54.8183],[30.38187,54.81143]]}},{"type":"Feature","properties":{},"geometry":{"type":"LineString","coordinates":[[30.15713,54.29937],[30.15747,54.29954]]}},{"type":"Feature","properties":{},"geometry":{"type":"LineString","coordinates":[[30.15731,54.29972],[30.15713,54.29937]]}},{"type":"Feature","properties":{},"geometry":{"type":"LineString","coordinates":[[30.15713,54.29937],[30.15763,54.29927]]}},{"type":"Feature","properties":{},"geometry":{"type":"LineString","coordinates":[[30.15749,54.29959],[30.15731,54.29972]]}},{"type":"Feature","properties":{},"geometry":{"type":"LineString","coordinates":[[30.1577,54.2997],[30.15731,54.29972]]}},{"type":"Feature","properties":{},"geometry":{"type":"LineString","coordinates":[[30.15749,54.29959],[30.1577,54.2997]]}},{"type":"Feature","properties":{},"geometry":{"type":"LineString","coordinates":[[30.15747,54.29954],[30.15749,54.29959]]}},{"type":"Feature","properties":{},"geometry":{"type":"LineString","coordinates":[[30.15763,54.29927],[30.15747,54.29954]]}},{"type":"Feature","properties":{},"geometry":{"type":"LineString","coordinates":[[30.27577,54.33138],[30.23513,54.32193],[30.21689,54.31337],[30.1577,54.2997]]}},{"type":"Feature","properties":{},"geometry":{"type":"LineString","coordinates":[[30.15763,54.29927],[30.21905,54.26568],[30.26315,54.24534],[30.29013,54.20892]]}},{"type":"Feature","properties":{},"geometry":{"type":"LineString","coordinates":[[30.4376,54.6638],[30.44214,54.69861],[30.40593,54.82106]]}},{"type":"Feature","properties":{},"geometry":{"type":"LineString","coordinates":[[30.02179,53.65908],[29.82447,53.5179]]}},{"type":"Feature","properties":{},"geometry":{"type":"LineString","coordinates":[[29.34456,52.16002],[29.34415,52.14989],[29.3234,52.14989],[29.31155,52.1461],[29.28587,52.16143],[29.25075,52.14558]]}},{"type":"Feature","properties":{},"geometry":{"type":"LineString","coordinates":[[29.25075,52.14558],[29.2673,52.12779],[29.28241,52.12345],[29.2991,52.09526]]}},{"type":"Feature","properties":{},"geometry":{"type":"LineString","coordinates":[[30.28967,54.45684],[30.29043,54.45645]]}},{"type":"Feature","properties":{},"geometry":{"type":"LineString","coordinates":[[30.29075,54.45666],[30.28967,54.45684]]}},{"type":"Feature","properties":{},"geometry":{"type":"LineString","coordinates":[[30.29075,54.45666],[30.29043,54.45645]]}},{"type":"Feature","properties":{},"geometry":{"type":"LineString","coordinates":[[30.29043,54.45645],[30.29123,54.45611]]}},{"type":"Feature","properties":{},"geometry":{"type":"LineString","coordinates":[[30.29149,54.4563],[30.29075,54.45666]]}},{"type":"Feature","properties":{},"geometry":{"type":"LineString","coordinates":[[30.29123,54.45611],[30.29229,54.456]]}},{"type":"Feature","properties":{},"geometry":{"type":"LineString","coordinates":[[30.29123,54.45611],[30.29149,54.4563]]}},{"type":"Feature","properties":{},"geometry":{"type":"LineString","coordinates":[[30.29229,54.456],[30.29149,54.4563]]}},{"type":"Feature","properties":{},"geometry":{"type":"LineString","coordinates":[[30.31624,54.45384],[30.29229,54.456]]}},{"type":"Feature","properties":{},"geometry":{"type":"LineString","coordinates":[[29.08396,51.62193],[29.05018,51.56944]]}},{"type":"Feature","properties":{},"geometry":{"type":"LineString","coordinates":[[29.07861,51.63692],[29.07966,51.63643]]}},{"type":"Feature","properties":{},"geometry":{"type":"LineString","coordinates":[[29.0799,51.63652],[29.07861,51.63692]]}},{"type":"Feature","properties":{},"geometry":{"type":"LineString","coordinates":[[29.0799,51.63652],[29.07966,51.63643]]}},{"type":"Feature","properties":{},"geometry":{"type":"LineString","coordinates":[[29.07966,51.63643],[29.07665,51.63365],[29.07916,51.63159]]}},{"type":"Feature","properties":{},"geometry":{"type":"LineString","coordinates":[[29.07966,51.63643],[29.07988,51.63634]]}},{"type":"Feature","properties":{},"geometry":{"type":"LineString","coordinates":[[29.07988,51.63634],[29.0799,51.63652]]}},{"type":"Feature","properties":{},"geometry":{"type":"LineString","coordinates":[[29.09267,51.63513],[29.08974,51.63334],[29.0799,51.63652]]}},{"type":"Feature","properties":{},"geometry":{"type":"LineString","coordinates":[[29.07916,51.63159],[29.07712,51.63369],[29.07988,51.63634]]}},{"type":"Feature","properties":{},"geometry":{"type":"LineString","coordinates":[[29.07988,51.63634],[29.0897,51.63323],[29.09267,51.63513]]}},{"type":"Feature","properties":{},"geometry":{"type":"LineString","coordinates":[[29.07916,51.63159],[29.08591,51.63005]]}},{"type":"Feature","properties":{},"geometry":{"type":"LineString","coordinates":[[29.15009,51.8036],[29.14515,51.80049],[29.16212,51.77757],[29.1814,51.76586],[29.1873,51.7665]]}},{"type":"Feature","properties":{},"geometry":{"type":"LineString","coordinates":[[29.15009,51.8036],[29.15162,51.80267],[29.15797,51.80681],[29.15976,51.8133]]}},{"type":"Feature","properties":{},"geometry":{"type":"LineString","coordinates":[[30.31624,54.45384],[30.31802,54.45311]]}},{"type":"Feature","properties":{},"geometry":{"type":"LineString","coordinates":[[30.31827,54.45341],[30.31624,54.45384]]}},{"type":"Feature","properties":{},"geometry":{"type":"LineString","coordinates":[[29.16007,51.81357],[29.15965,51.81349]]}},{"type":"Feature","properties":{},"geometry":{"type":"LineString","coordinates":[[29.15965,51.81349],[29.15976,51.8133]]}},{"type":"Feature","properties":{},"geometry":{"type":"LineString","coordinates":[[29.15965,51.81349],[29.15986,51.81343]]}},{"type":"Feature","properties":{},"geometry":{"type":"LineString","coordinates":[[29.15976,51.8133],[29.15986,51.81343]]}},{"type":"Feature","properties":{},"geometry":{"type":"LineString","coordinates":[[29.15986,51.81343],[29.15994,51.81345]]}},{"type":"Feature","properties":{},"geometry":{"type":"LineString","coordinates":[[29.15994,51.81345],[29.16029,51.81345]]}},{"type":"Feature","properties":{},"geometry":{"type":"LineString","coordinates":[[29.15994,51.81345],[29.16007,51.81357]]}},{"type":"Feature","properties":{},"geometry":{"type":"LineString","coordinates":[[29.16029,51.81345],[29.16007,51.81357]]}},{"type":"Feature","properties":{},"geometry":{"type":"LineString","coordinates":[[29.20688,51.81135],[29.16029,51.81345]]}},{"type":"Feature","properties":{},"geometry":{"type":"LineString","coordinates":[[29.08591,51.63005],[29.08816,51.62821]]}},{"type":"Feature","properties":{},"geometry":{"type":"LineString","coordinates":[[29.08816,51.62821],[29.08591,51.63005]]}},{"type":"Feature","properties":{},"geometry":{"type":"LineString","coordinates":[[30.41785,54.50698],[30.40084,54.4943],[30.38936,54.49434],[30.35863,54.48598],[30.3184,54.4543]]}},{"type":"Feature","properties":{},"geometry":{"type":"LineString","coordinates":[[30.3184,54.4543],[30.31827,54.45341]]}},{"type":"Feature","properties":{},"geometry":{"type":"LineString","coordinates":[[30.31881,54.4534],[30.3184,54.4543]]}},{"type":"Feature","properties":{},"geometry":{"type":"LineString","coordinates":[[30.31827,54.45341],[30.31802,54.45311]]}},{"type":"Feature","properties":{},"geometry":{"type":"LineString","coordinates":[[30.31802,54.45311],[30.3186,54.45289]]}},{"type":"Feature","properties":{},"geometry":{"type":"LineString","coordinates":[[30.31881,54.4534],[30.31827,54.45341]]}},{"type":"Feature","properties":{},"geometry":{"type":"LineString","coordinates":[[30.319,54.45312],[30.31881,54.4534]]}},{"type":"Feature","properties":{},"geometry":{"type":"LineString","coordinates":[[30.3186,54.45289],[30.31998,54.45244]]}},{"type":"Feature","properties":{},"geometry":{"type":"LineString","coordinates":[[30.3186,54.45289],[30.319,54.45312]]}},{"type":"Feature","properties":{},"geometry":{"type":"LineString","coordinates":[[29.08396,51.62193],[29.08434,51.62249]]}},{"type":"Feature","properties":{},"geometry":{"type":"LineString","coordinates":[[29.08434,51.62249],[29.08396,51.62193]]}},{"type":"Feature","properties":{},"geometry":{"type":"LineString","coordinates":[[30.31998,54.45244],[30.319,54.45312]]}},{"type":"Feature","properties":{},"geometry":{"type":"LineString","coordinates":[[29.08816,51.62821],[29.08434,51.62249]]}},{"type":"Feature","properties":{},"geometry":{"type":"LineString","coordinates":[[30.31998,54.45244],[30.32353,54.44902],[30.31103,54.43232],[30.30604,54.40246],[30.2804,54.34701],[30.2803,54.34029],[30.28396,54.33681],[30.27666,54.33247]]}},{"type":"Feature","properties":{},"geometry":{"type":"LineString","coordinates":[[29.1873,51.7665],[29.17448,51.73807],[29.17085,51.72063],[29.15557,51.7111],[29.13815,51.69428],[29.11811,51.65615],[29.09267,51.63513]]}},{"type":"Feature","properties":{},"geometry":{"type":"LineString","coordinates":[[29.25369,52.00994],[29.25673,52.00237]]}},{"type":"Feature","properties":{},"geometry":{"type":"LineString","coordinates":[[29.25673,52.00237],[29.25451,52.01]]}},{"type":"Feature","properties":{},"geometry":{"type":"LineString","coordinates":[[30.27577,54.33138],[30.27666,54.33247]]}},{"type":"Feature","properties":{},"geometry":{"type":"LineString","coordinates":[[30.27666,54.33247],[30.27577,54.33138]]}},{"type":"Feature","properties":{},"geometry":{"type":"LineString","coordinates":[[29.25673,52.00237],[29.26404,51.94473]]}},{"type":"Feature","properties":{},"geometry":{"type":"LineString","coordinates":[[30.43772,54.61656],[30.4376,54.6638]]}},{"type":"Feature","properties":{},"geometry":{"type":"LineString","coordinates":[[30.7966,55.03147],[30.79462,55.02583],[30.80021,55.01247],[30.757,54.97003],[30.70684,54.95165],[30.70509,54.94198],[30.69922,54.93729],[30.68246,54.93161],[30.66962,54.9311],[30.63934,54.91463],[30.61732,54.90101],[30.60826,54.88308],[30.59448,54.87519],[30.58276,54.86479],[30.57773,54.85216],[30.58104,54.84363],[30.5758,54.8363],[30.57844,54.82023],[30.56474,54.81219],[30.5315,54.77419],[30.53318,54.75178],[30.54355,54.74602],[30.5418,54.7319],[30.54626,54.71876],[30.53378,54.7046],[30.4989,54.69387],[30.49352,54.68145],[30.5023,54.6707],[30.49225,54.66543],[30.47413,54.66193],[30.4533,54.66129],[30.4376,54.6638]]}},{"type":"Feature","properties":{},"geometry":{"type":"LineString","coordinates":[[29.2991,52.09526],[29.29915,52.09496]]}},{"type":"Feature","properties":{},"geometry":{"type":"LineString","coordinates":[[29.29956,52.09509],[29.2991,52.09526]]}},{"type":"Feature","properties":{},"geometry":{"type":"LineString","coordinates":[[29.29956,52.09509],[29.29915,52.09496]]}},{"type":"Feature","properties":{},"geometry":{"type":"LineString","coordinates":[[29.29915,52.09496],[29.29949,52.09423]]}},{"type":"Feature","properties":{},"geometry":{"type":"LineString","coordinates":[[29.29987,52.09439],[29.29956,52.09509]]}},{"type":"Feature","properties":{},"geometry":{"type":"LineString","coordinates":[[29.29949,52.09423],[29.29987,52.09439]]}},{"type":"Feature","properties":{},"geometry":{"type":"LineString","coordinates":[[29.29949,52.09423],[29.29999,52.09404]]}},{"type":"Feature","properties":{},"geometry":{"type":"LineString","coordinates":[[29.29999,52.09404],[29.29987,52.09439]]}},{"type":"Feature","properties":{},"geometry":{"type":"LineString","coordinates":[[29.29999,52.09404],[29.3371,52.08027],[29.34834,52.08072],[29.35563,52.07556]]}},{"type":"Feature","properties":{},"geometry":{"type":"LineString","coordinates":[[31.17489,54.70093],[31.06322,54.69003],[30.88644,54.68937],[30.78191,54.68343],[30.72239,54.67323],[30.59279,54.64281],[30.4354,54.62318]]}},{"type":"Feature","properties":{},"geometry":{"type":"LineString","coordinates":[[30.43543,54.62307],[30.4354,54.62318]]}},{"type":"Feature","properties":{},"geometry":{"type":"LineString","coordinates":[[30.43543,54.62307],[30.59284,54.64272],[30.72226,54.67312],[30.78195,54.68335],[30.88648,54.68928],[31.06389,54.68995],[31.17495,54.70086]]}},{"type":"Feature","properties":{},"geometry":{"type":"LineString","coordinates":[[30.43543,54.62307],[30.43767,54.61536]]}},{"type":"Feature","properties":{},"geometry":{"type":"LineString","coordinates":[[29.34456,52.16002],[29.36574,52.15104],[29.37643,52.13085]]}},{"type":"Feature","properties":{},"geometry":{"type":"LineString","coordinates":[[30.43772,54.61656],[30.43767,54.61536]]}},{"type":"Feature","properties":{},"geometry":{"type":"LineString","coordinates":[[30.45591,54.55383],[30.43772,54.61656]]}},{"type":"Feature","properties":{},"geometry":{"type":"LineString","coordinates":[[30.43767,54.61536],[30.45591,54.55383]]}},{"type":"Feature","properties":{},"geometry":{"type":"LineString","coordinates":[[29.1873,51.7665],[29.20953,51.76967],[29.22295,51.76751],[29.24476,51.76828],[29.25556,51.76718],[29.28023,51.75735],[29.29935,51.75676],[29.33887,51.76953],[29.40454,51.77733],[29.45879,51.77793],[29.48913,51.78488]]}},{"type":"Feature","properties":{},"geometry":{"type":"LineString","coordinates":[[29.20688,51.81135],[29.1873,51.7665]]}},{"type":"Feature","properties":{},"geometry":{"type":"LineString","coordinates":[[29.26404,51.94473],[29.20688,51.81135]]}},{"type":"Feature","properties":{},"geometry":{"type":"LineString","coordinates":[[29.26404,51.94473],[29.27479,51.93409],[29.28822,51.92834],[29.30321,51.93085],[29.36562,51.92083],[29.39695,51.90146],[29.40529,51.89016],[29.43452,51.87229],[29.45408,51.84946],[29.4788,51.82896],[29.48045,51.82656],[29.47257,51.81887],[29.47239,51.811],[29.47696,51.79872],[29.48913,51.78488]]}},{"type":"Feature","properties":{},"geometry":{"type":"LineString","coordinates":[[30.20418,53.80057],[30.1549,53.76034],[30.02179,53.65908]]}},{"type":"Feature","properties":{},"geometry":{"type":"LineString","coordinates":[[30.02179,53.65908],[30.08391,53.63592],[30.09646,53.6174],[30.10915,53.60646],[30.13109,53.59483],[30.14651,53.59017],[30.17337,53.5548],[30.24897,53.52418]]}},{"type":"Feature","properties":{},"geometry":{"type":"LineString","coordinates":[[30.41785,54.50698],[30.42215,54.50983],[30.42583,54.50858]]}},{"type":"Feature","properties":{},"geometry":{"type":"LineString","coordinates":[[30.4226,54.50633],[30.41785,54.50698]]}},{"type":"Feature","properties":{},"geometry":{"type":"LineString","coordinates":[[30.4226,54.50633],[30.42597,54.50851]]}},{"type":"Feature","properties":{},"geometry":{"type":"LineString","coordinates":[[30.42583,54.50858],[30.4226,54.50633]]}},{"type":"Feature","properties":{},"geometry":{"type":"LineString","coordinates":[[30.42882,54.51102],[30.42583,54.50858]]}},{"type":"Feature","properties":{},"geometry":{"type":"LineString","coordinates":[[30.42597,54.50851],[30.42583,54.50858]]}},{"type":"Feature","properties":{},"geometry":{"type":"LineString","coordinates":[[30.42597,54.50851],[30.42895,54.51097]]}},{"type":"Feature","properties":{},"geometry":{"type":"LineString","coordinates":[[30.43656,54.50278],[30.42597,54.50851]]}},{"type":"Feature","properties":{},"geometry":{"type":"LineString","coordinates":[[30.45347,54.54875],[30.42882,54.51102]]}},{"type":"Feature","properties":{},"geometry":{"type":"LineString","coordinates":[[30.42895,54.51097],[30.42882,54.51102]]}},{"type":"Feature","properties":{},"geometry":{"type":"LineString","coordinates":[[30.42895,54.51097],[30.45359,54.54872]]}},{"type":"Feature","properties":{},"geometry":{"type":"LineString","coordinates":[[30.29013,54.20892],[30.29569,54.20233]]}},{"type":"Feature","properties":{},"geometry":{"type":"LineString","coordinates":[[29.37643,52.13085],[29.37644,52.12136]]}},{"type":"Feature","properties":{},"geometry":{"type":"LineString","coordinates":[[29.37644,52.12136],[29.37643,52.13085]]}},{"type":"Feature","properties":{},"geometry":{"type":"LineString","coordinates":[[29.38399,52.12594],[29.37511,52.12598]]}},{"type":"Feature","properties":{},"geometry":{"type":"LineString","coordinates":[[29.3752,52.12591],[29.38399,52.12594]]}},{"type":"Feature","properties":{},"geometry":{"type":"LineString","coordinates":[[29.35563,52.07556],[29.36719,52.07097]]}},{"type":"Feature","properties":{},"geometry":{"type":"LineString","coordinates":[[29.36719,52.07097],[29.35563,52.07556]]}},{"type":"Feature","properties":{},"geometry":{"type":"LineString","coordinates":[[30.44278,54.40025],[30.44601,54.4053],[30.46827,54.41681],[30.4748,54.42269],[30.51402,54.49149],[30.51058,54.50223],[30.49405,54.52076],[30.45591,54.55383]]}},{"type":"Feature","properties":{},"geometry":{"type":"LineString","coordinates":[[29.37644,52.12136],[29.375,52.11224],[29.36178,52.09016],[29.36103,52.07693]]}},{"type":"Feature","properties":{},"geometry":{"type":"LineString","coordinates":[[29.36103,52.07693],[29.361,52.07105]]}},{"type":"Feature","properties":{},"geometry":{"type":"LineString","coordinates":[[30.29569,54.20233],[30.30495,54.20594],[30.36282,54.21758],[30.44938,54.21825]]}},{"type":"Feature","properties":{},"geometry":{"type":"LineString","coordinates":[[30.29569,54.20233],[30.30507,54.19243]]}},{"type":"Feature","properties":{},"geometry":{"type":"LineString","coordinates":[[30.43751,54.50319],[30.43656,54.50278]]}},{"type":"Feature","properties":{},"geometry":{"type":"LineString","coordinates":[[30.44234,54.40802],[30.43656,54.50278]]}},{"type":"Feature","properties":{},"geometry":{"type":"LineString","coordinates":[[30.93844,54.30792],[30.91149,54.32],[30.88652,54.32605],[30.8394,54.34842],[30.81118,54.3654],[30.78227,54.36502],[30.74505,54.38917],[30.70397,54.39642],[30.68166,54.41483],[30.65844,54.41789],[30.63934,54.42768],[30.6094,54.43621],[30.54717,54.47239],[30.51145,54.47941],[30.43751,54.50319]]}},{"type":"Feature","properties":{},"geometry":{"type":"LineString","coordinates":[[30.43751,54.50319],[30.43671,54.5049],[30.56105,54.52224],[30.66914,54.56725]]}},{"type":"Feature","properties":{},"geometry":{"type":"LineString","coordinates":[[29.38399,52.12594],[29.46837,52.13329],[29.5243,52.12719],[29.55287,52.13523],[29.66568,52.14701],[29.68912,52.15559],[29.73821,52.16029],[29.79123,52.17271],[29.80672,52.17292],[29.8484,52.18025],[29.87457,52.1824],[29.93148,52.17708],[29.98272,52.18108],[30.02506,52.20417],[30.08441,52.21308],[30.14292,52.23817],[30.16732,52.24473],[30.20874,52.24922],[30.24425,52.26308],[30.3343,52.29165],[30.3604,52.29003]]}},{"type":"Feature","properties":{},"geometry":{"type":"LineString","coordinates":[[29.36719,52.07097],[29.42814,52.05889],[29.46113,52.03282],[29.51396,52.00863],[29.53473,52.00262],[29.55346,51.98593],[29.54595,51.96173],[29.54368,51.94025],[29.57556,51.92857],[29.64768,51.92946],[29.68818,51.92271],[29.83941,51.90558],[29.87118,51.89759],[29.92528,51.88893],[29.92903,51.88173],[29.95697,51.86648],[29.97032,51.86572],[29.99171,51.86968]]}},{"type":"Feature","properties":{},"geometry":{"type":"LineString","coordinates":[[30.30442,54.19225],[30.30507,54.19243]]}},{"type":"Feature","properties":{},"geometry":{"type":"LineString","coordinates":[[30.30507,54.19243],[30.30442,54.19225]]}},{"type":"Feature","properties":{},"geometry":{"type":"LineString","coordinates":[[30.30507,54.19243],[30.30895,54.18692],[30.30552,54.17239],[30.33251,54.10301],[30.31746,53.9813]]}},{"type":"Feature","properties":{},"geometry":{"type":"LineString","coordinates":[[29.97216,52.92895],[29.94212,52.90158],[29.93945,52.90234],[29.94658,52.89994],[29.96457,52.87512],[29.95656,52.86967],[29.9541,52.85252],[29.93483,52.84698],[29.89127,52.80351],[29.77584,52.74738],[29.7363,52.73308],[29.66661,52.69378],[29.65568,52.67761],[29.63124,52.66074]]}},{"type":"Feature","properties":{},"geometry":{"type":"LineString","coordinates":[[29.63124,52.66074],[29.65425,52.64982],[29.67074,52.62709],[29.71553,52.61083]]}},{"type":"Feature","properties":{},"geometry":{"type":"LineString","coordinates":[[30.21727,53.9451],[30.23116,53.95378]]}},{"type":"Feature","properties":{},"geometry":{"type":"LineString","coordinates":[[30.23116,53.95378],[30.21727,53.9451]]}},{"type":"Feature","properties":{},"geometry":{"type":"LineString","coordinates":[[30.20356,53.80182],[30.18784,53.8152],[30.17949,53.84668],[30.16532,53.8627],[30.16301,53.87051],[30.18081,53.91903],[30.21727,53.9451]]}},{"type":"Feature","properties":{},"geometry":{"type":"LineString","coordinates":[[30.23116,53.95378],[30.25606,53.96713],[30.31499,53.98081]]}},{"type":"Feature","properties":{},"geometry":{"type":"LineString","coordinates":[[30.44234,54.40802],[30.44278,54.40025]]}},{"type":"Feature","properties":{},"geometry":{"type":"LineString","coordinates":[[30.44304,54.39583],[30.44614,54.40197],[30.44234,54.40802]]}},{"type":"Feature","properties":{},"geometry":{"type":"LineString","coordinates":[[30.44304,54.39583],[30.44278,54.40025]]}},{"type":"Feature","properties":{},"geometry":{"type":"LineString","coordinates":[[30.46549,53.9947],[30.44304,54.39583]]}},{"type":"Feature","properties":{},"geometry":{"type":"LineString","coordinates":[[30.22826,53.91923],[30.22755,53.91947]]}},{"type":"Feature","properties":{},"geometry":{"type":"LineString","coordinates":[[30.2491,53.93646],[30.22755,53.91947]]}},{"type":"Feature","properties":{},"geometry":{"type":"LineString","coordinates":[[30.22755,53.91947],[30.22789,53.91876]]}},{"type":"Feature","properties":{},"geometry":{"type":"LineString","coordinates":[[30.22789,53.91876],[30.2283,53.91906]]}},{"type":"Feature","properties":{},"geometry":{"type":"LineString","coordinates":[[30.22789,53.91876],[30.24204,53.91301],[30.25652,53.91447],[30.26729,53.91007]]}},{"type":"Feature","properties":{},"geometry":{"type":"LineString","coordinates":[[30.22826,53.91923],[30.25002,53.93606]]}},{"type":"Feature","properties":{},"geometry":{"type":"LineString","coordinates":[[30.2283,53.91906],[30.22826,53.91923]]}},{"type":"Feature","properties":{},"geometry":{"type":"LineString","coordinates":[[30.26767,53.91049],[30.25655,53.91455],[30.24208,53.91314],[30.2283,53.91906]]}},{"type":"Feature","properties":{},"geometry":{"type":"LineString","coordinates":[[30.24992,53.93712],[30.24909,53.9365]]}},{"type":"Feature","properties":{},"geometry":{"type":"LineString","coordinates":[[30.24909,53.9365],[30.2491,53.93646]]}},{"type":"Feature","properties":{},"geometry":{"type":"LineString","coordinates":[[30.2491,53.93646],[30.25002,53.93606]]}},{"type":"Feature","properties":{},"geometry":{"type":"LineString","coordinates":[[30.25086,53.93672],[30.24992,53.93712]]}},{"type":"Feature","properties":{},"geometry":{"type":"LineString","coordinates":[[30.25002,53.93606],[30.2502,53.93608]]}},{"type":"Feature","properties":{},"geometry":{"type":"LineString","coordinates":[[30.2502,53.93608],[30.25086,53.93672]]}},{"type":"Feature","properties":{},"geometry":{"type":"LineString","coordinates":[[30.2502,53.93608],[30.28652,53.9202]]}},{"type":"Feature","properties":{},"geometry":{"type":"LineString","coordinates":[[30.28672,53.92027],[30.25086,53.93672]]}},{"type":"Feature","properties":{},"geometry":{"type":"LineString","coordinates":[[30.77791,55.0362],[30.7966,55.03147]]}},{"type":"Feature","properties":{},"geometry":{"type":"LineString","coordinates":[[30.79669,55.03154],[30.77791,55.0362]]}},{"type":"Feature","properties":{},"geometry":{"type":"LineString","coordinates":[[30.20356,53.80182],[30.20406,53.8014]]}},{"type":"Feature","properties":{},"geometry":{"type":"LineString","coordinates":[[30.20428,53.80181],[30.20356,53.80182]]}},{"type":"Feature","properties":{},"geometry":{"type":"LineString","coordinates":[[30.20428,53.80181],[30.20406,53.8014]]}},{"type":"Feature","properties":{},"geometry":{"type":"LineString","coordinates":[[30.20406,53.8014],[30.20407,53.80131]]}},{"type":"Feature","properties":{},"geometry":{"type":"LineString","coordinates":[[30.20439,53.80187],[30.20428,53.80181]]}},{"type":"Feature","properties":{},"geometry":{"type":"LineString","coordinates":[[30.20407,53.80131],[30.20418,53.80057]]}},{"type":"Feature","properties":{},"geometry":{"type":"LineString","coordinates":[[30.20407,53.80131],[30.20469,53.80118]]}},{"type":"Feature","properties":{},"geometry":{"type":"LineString","coordinates":[[30.20503,53.8017],[30.20439,53.80187]]}},{"type":"Feature","properties":{},"geometry":{"type":"LineString","coordinates":[[30.20538,53.80259],[30.20439,53.80187]]}},{"type":"Feature","properties":{},"geometry":{"type":"LineString","coordinates":[[30.20418,53.80057],[30.20469,53.80118]]}},{"type":"Feature","properties":{},"geometry":{"type":"LineString","coordinates":[[30.20469,53.80118],[30.20483,53.80127]]}},{"type":"Feature","properties":{},"geometry":{"type":"LineString","coordinates":[[30.24025,53.82267],[30.23446,53.81403],[30.20953,53.80614],[30.20538,53.80259]]}},{"type":"Feature","properties":{},"geometry":{"type":"LineString","coordinates":[[30.20503,53.8017],[30.20538,53.80259]]}},{"type":"Feature","properties":{},"geometry":{"type":"LineString","coordinates":[[30.20483,53.80127],[30.20549,53.80134]]}},{"type":"Feature","properties":{},"geometry":{"type":"LineString","coordinates":[[30.20483,53.80127],[30.20503,53.80157]]}},{"type":"Feature","properties":{},"geometry":{"type":"LineString","coordinates":[[30.20503,53.80157],[30.20503,53.8017]]}},{"type":"Feature","properties":{},"geometry":{"type":"LineString","coordinates":[[30.20549,53.80134],[30.20503,53.80157]]}},{"type":"Feature","properties":{},"geometry":{"type":"LineString","coordinates":[[30.20549,53.80134],[30.24645,53.78764]]}},{"type":"Feature","properties":{},"geometry":{"type":"LineString","coordinates":[[30.79669,55.03154],[30.7966,55.03147]]}},{"type":"Feature","properties":{},"geometry":{"type":"LineString","coordinates":[[30.7966,55.03147],[30.81849,55.02744]]}},{"type":"Feature","properties":{},"geometry":{"type":"LineString","coordinates":[[30.81849,55.02744],[30.79669,55.03154]]}},{"type":"Feature","properties":{},"geometry":{"type":"LineString","coordinates":[[30.26767,53.91049],[30.26729,53.91007]]}},{"type":"Feature","properties":{},"geometry":{"type":"LineString","coordinates":[[30.26729,53.91007],[30.26808,53.90982]]}},{"type":"Feature","properties":{},"geometry":{"type":"LineString","coordinates":[[30.26777,53.91051],[30.26767,53.91049]]}},{"type":"Feature","properties":{},"geometry":{"type":"LineString","coordinates":[[30.26842,53.9103],[30.26777,53.91051]]}},{"type":"Feature","properties":{},"geometry":{"type":"LineString","coordinates":[[30.26992,53.91209],[30.26777,53.91051]]}},{"type":"Feature","properties":{},"geometry":{"type":"LineString","coordinates":[[30.26808,53.90982],[30.26846,53.91025]]}},{"type":"Feature","properties":{},"geometry":{"type":"LineString","coordinates":[[30.26808,53.90982],[30.28235,53.90718]]}},{"type":"Feature","properties":{},"geometry":{"type":"LineString","coordinates":[[30.26842,53.9103],[30.26992,53.91209]]}},{"type":"Feature","properties":{},"geometry":{"type":"LineString","coordinates":[[30.26846,53.91025],[30.26842,53.9103]]}},{"type":"Feature","properties":{},"geometry":{"type":"LineString","coordinates":[[30.28228,53.90749],[30.26846,53.91025]]}},{"type":"Feature","properties":{},"geometry":{"type":"LineString","coordinates":[[30.28401,53.91848],[30.26992,53.91209]]}},{"type":"Feature","properties":{},"geometry":{"type":"LineString","coordinates":[[30.28401,53.91848],[30.28669,53.92015]]}},{"type":"Feature","properties":{},"geometry":{"type":"LineString","coordinates":[[30.28652,53.9202],[30.28401,53.91848]]}},{"type":"Feature","properties":{},"geometry":{"type":"LineString","coordinates":[[30.32564,53.89301],[30.31168,53.89381],[30.28948,53.89026],[30.27741,53.88704],[30.26753,53.88089],[30.24025,53.82267]]}},{"type":"Feature","properties":{},"geometry":{"type":"LineString","coordinates":[[30.24025,53.82267],[30.25608,53.81495],[30.25841,53.80653],[30.25659,53.79829],[30.24835,53.78777]]}},{"type":"Feature","properties":{},"geometry":{"type":"LineString","coordinates":[[30.28672,53.92027],[30.28652,53.9202]]}},{"type":"Feature","properties":{},"geometry":{"type":"LineString","coordinates":[[30.28652,53.9202],[30.28669,53.92015]]}},{"type":"Feature","properties":{},"geometry":{"type":"LineString","coordinates":[[30.28669,53.92015],[30.28672,53.92027]]}},{"type":"Feature","properties":{},"geometry":{"type":"LineString","coordinates":[[30.3185,53.91316],[30.31129,53.91734],[30.28672,53.92027]]}},{"type":"Feature","properties":{},"geometry":{"type":"LineString","coordinates":[[30.28669,53.92015],[30.30279,53.91893]]}},{"type":"Feature","properties":{},"geometry":{"type":"LineString","coordinates":[[30.31719,53.98081],[30.31499,53.98081]]}},{"type":"Feature","properties":{},"geometry":{"type":"LineString","coordinates":[[30.31499,53.98081],[30.31715,53.98061]]}},{"type":"Feature","properties":{},"geometry":{"type":"LineString","coordinates":[[30.28253,53.90729],[30.28228,53.90749]]}},{"type":"Feature","properties":{},"geometry":{"type":"LineString","coordinates":[[30.28265,53.90754],[30.28228,53.90749]]}},{"type":"Feature","properties":{},"geometry":{"type":"LineString","coordinates":[[30.28253,53.90729],[30.28235,53.90718]]}},{"type":"Feature","properties":{},"geometry":{"type":"LineString","coordinates":[[30.28235,53.90718],[30.29375,53.89843]]}},{"type":"Feature","properties":{},"geometry":{"type":"LineString","coordinates":[[30.28265,53.90754],[30.28253,53.90729]]}},{"type":"Feature","properties":{},"geometry":{"type":"LineString","coordinates":[[30.29435,53.89883],[30.28253,53.90729]]}},{"type":"Feature","properties":{},"geometry":{"type":"LineString","coordinates":[[30.28265,53.90754],[30.28668,53.91373],[30.30279,53.91893]]}},{"type":"Feature","properties":{},"geometry":{"type":"LineString","coordinates":[[30.31724,53.98083],[30.31719,53.98081]]}},{"type":"Feature","properties":{},"geometry":{"type":"LineString","coordinates":[[30.31719,53.98081],[30.31715,53.98061]]}},{"type":"Feature","properties":{},"geometry":{"type":"LineString","coordinates":[[30.31746,53.9813],[30.31724,53.98083]]}},{"type":"Feature","properties":{},"geometry":{"type":"LineString","coordinates":[[30.31759,53.9808],[30.31746,53.9813]]}},{"type":"Feature","properties":{},"geometry":{"type":"LineString","coordinates":[[30.31759,53.9808],[30.31724,53.98083]]}},{"type":"Feature","properties":{},"geometry":{"type":"LineString","coordinates":[[30.31715,53.98061],[30.3172,53.98057]]}},{"type":"Feature","properties":{},"geometry":{"type":"LineString","coordinates":[[30.3172,53.98057],[30.31732,53.97985]]}},{"type":"Feature","properties":{},"geometry":{"type":"LineString","coordinates":[[30.3172,53.98057],[30.31755,53.98056]]}},{"type":"Feature","properties":{},"geometry":{"type":"LineString","coordinates":[[30.31762,53.98078],[30.31759,53.9808]]}},{"type":"Feature","properties":{},"geometry":{"type":"LineString","coordinates":[[30.31759,53.98058],[30.31762,53.98078]]}},{"type":"Feature","properties":{},"geometry":{"type":"LineString","coordinates":[[30.3183,53.98065],[30.31762,53.98078]]}},{"type":"Feature","properties":{},"geometry":{"type":"LineString","coordinates":[[30.31755,53.98056],[30.31759,53.98058]]}},{"type":"Feature","properties":{},"geometry":{"type":"LineString","coordinates":[[30.31732,53.97985],[30.31755,53.98056]]}},{"type":"Feature","properties":{},"geometry":{"type":"LineString","coordinates":[[30.31759,53.98058],[30.3183,53.98065]]}},{"type":"Feature","properties":{},"geometry":{"type":"LineString","coordinates":[[30.34051,53.90888],[30.34286,53.92137],[30.31612,53.96705],[30.31732,53.97985]]}},{"type":"Feature","properties":{},"geometry":{"type":"LineString","coordinates":[[30.3183,53.98065],[30.34687,53.97909]]}},{"type":"Feature","properties":{},"geometry":{"type":"LineString","coordinates":[[30.93881,54.99326],[30.85244,55.02088],[30.81849,55.02744]]}},{"type":"Feature","properties":{},"geometry":{"type":"LineString","coordinates":[[29.71553,52.61083],[29.71704,52.61018]]}},{"type":"Feature","properties":{},"geometry":{"type":"LineString","coordinates":[[29.71725,52.61044],[29.71553,52.61083]]}},{"type":"Feature","properties":{},"geometry":{"type":"LineString","coordinates":[[29.71725,52.61044],[29.71704,52.61018]]}},{"type":"Feature","properties":{},"geometry":{"type":"LineString","coordinates":[[29.71704,52.61018],[29.71755,52.61002]]}},{"type":"Feature","properties":{},"geometry":{"type":"LineString","coordinates":[[29.71775,52.61032],[29.71725,52.61044]]}},{"type":"Feature","properties":{},"geometry":{"type":"LineString","coordinates":[[29.71755,52.61002],[29.71775,52.61032]]}},{"type":"Feature","properties":{},"geometry":{"type":"LineString","coordinates":[[29.71755,52.61002],[29.71902,52.60971]]}},{"type":"Feature","properties":{},"geometry":{"type":"LineString","coordinates":[[29.71902,52.60971],[29.71775,52.61032]]}},{"type":"Feature","properties":{},"geometry":{"type":"LineString","coordinates":[[29.71902,52.60971],[29.81499,52.57604],[29.8465,52.5477],[29.8603,52.53947],[29.89635,52.49893],[30.02229,52.43759],[30.05498,52.42971],[30.14499,52.39231],[30.16508,52.38635],[30.19292,52.3831],[30.30051,52.38227],[30.34708,52.36763],[30.34034,52.35884],[30.34246,52.35018],[30.3642,52.33463],[30.37714,52.33097],[30.37302,52.31227],[30.36247,52.29097]]}},{"type":"Feature","properties":{},"geometry":{"type":"LineString","coordinates":[[30.30279,53.91893],[30.3183,53.91315]]}},{"type":"Feature","properties":{},"geometry":{"type":"LineString","coordinates":[[30.29435,53.89883],[30.29375,53.89843]]}},{"type":"Feature","properties":{},"geometry":{"type":"LineString","coordinates":[[30.29375,53.89843],[30.29427,53.89768]]}},{"type":"Feature","properties":{},"geometry":{"type":"LineString","coordinates":[[30.29532,53.89843],[30.29435,53.89883]]}},{"type":"Feature","properties":{},"geometry":{"type":"LineString","coordinates":[[30.31133,53.90874],[30.29435,53.89883]]}},{"type":"Feature","properties":{},"geometry":{"type":"LineString","coordinates":[[30.29427,53.89768],[30.30997,53.88742],[30.31348,53.87766]]}},{"type":"Feature","properties":{},"geometry":{"type":"LineString","coordinates":[[30.29427,53.89768],[30.29522,53.89797]]}},{"type":"Feature","properties":{},"geometry":{"type":"LineString","coordinates":[[30.29532,53.89843],[30.31156,53.90863]]}},{"type":"Feature","properties":{},"geometry":{"type":"LineString","coordinates":[[30.29522,53.89797],[30.29532,53.89843]]}},{"type":"Feature","properties":{},"geometry":{"type":"LineString","coordinates":[[30.31429,53.87777],[30.31007,53.88745],[30.29983,53.8922],[30.29522,53.89797]]}},{"type":"Feature","properties":{},"geometry":{"type":"LineString","coordinates":[[30.24645,53.78764],[30.2473,53.7872]]}},{"type":"Feature","properties":{},"geometry":{"type":"LineString","coordinates":[[30.24747,53.7874],[30.24645,53.78764]]}},{"type":"Feature","properties":{},"geometry":{"type":"LineString","coordinates":[[30.24747,53.7874],[30.2473,53.7872]]}},{"type":"Feature","properties":{},"geometry":{"type":"LineString","coordinates":[[30.2473,53.7872],[30.24788,53.78662]]}},{"type":"Feature","properties":{},"geometry":{"type":"LineString","coordinates":[[30.24786,53.78744],[30.24747,53.7874]]}},{"type":"Feature","properties":{},"geometry":{"type":"LineString","coordinates":[[30.24835,53.78777],[30.24786,53.78744]]}},{"type":"Feature","properties":{},"geometry":{"type":"LineString","coordinates":[[30.24877,53.78719],[30.24786,53.78744]]}},{"type":"Feature","properties":{},"geometry":{"type":"LineString","coordinates":[[30.24877,53.78719],[30.24835,53.78777]]}},{"type":"Feature","properties":{},"geometry":{"type":"LineString","coordinates":[[30.24788,53.78662],[30.24803,53.78612]]}},{"type":"Feature","properties":{},"geometry":{"type":"LineString","coordinates":[[30.24788,53.78662],[30.24853,53.7865]]}},{"type":"Feature","properties":{},"geometry":{"type":"LineString","coordinates":[[30.24803,53.78612],[30.24853,53.7865]]}},{"type":"Feature","properties":{},"geometry":{"type":"LineString","coordinates":[[30.24803,53.78612],[30.24717,53.77439],[30.24037,53.76528],[30.26287,53.73231],[30.27316,53.69298],[30.26707,53.67338],[30.27684,53.63483],[30.27319,53.6256],[30.27648,53.61568],[30.26947,53.61519],[30.26575,53.60674],[30.25378,53.59741],[30.25995,53.57886],[30.25969,53.56554],[30.24517,53.53687],[30.24936,53.52432]]}},{"type":"Feature","properties":{},"geometry":{"type":"LineString","coordinates":[[30.24913,53.78672],[30.24877,53.78719]]}},{"type":"Feature","properties":{},"geometry":{"type":"LineString","coordinates":[[30.24853,53.7865],[30.24878,53.78652]]}},{"type":"Feature","properties":{},"geometry":{"type":"LineString","coordinates":[[30.24878,53.78652],[30.24913,53.78672]]}},{"type":"Feature","properties":{},"geometry":{"type":"LineString","coordinates":[[30.24878,53.78652],[30.2495,53.78643]]}},{"type":"Feature","properties":{},"geometry":{"type":"LineString","coordinates":[[30.2495,53.78643],[30.24913,53.78672]]}},{"type":"Feature","properties":{},"geometry":{"type":"LineString","coordinates":[[30.36312,53.76791],[30.3198,53.77219],[30.28742,53.77179],[30.2495,53.78643]]}},{"type":"Feature","properties":{},"geometry":{"type":"LineString","coordinates":[[30.66914,54.56725],[30.68283,54.57344],[30.67593,54.57946],[30.67203,54.59355],[30.67436,54.5965],[30.67158,54.61218],[30.66256,54.63881],[30.66642,54.65021],[30.66279,54.65886]]}},{"type":"Feature","properties":{},"geometry":{"type":"LineString","coordinates":[[30.31831,53.9128],[30.31133,53.90874]]}},{"type":"Feature","properties":{},"geometry":{"type":"LineString","coordinates":[[30.31133,53.90874],[30.31156,53.90863]]}},{"type":"Feature","properties":{},"geometry":{"type":"LineString","coordinates":[[30.31156,53.90863],[30.31786,53.91229]]}},{"type":"Feature","properties":{},"geometry":{"type":"LineString","coordinates":[[30.31156,53.90863],[30.33271,53.89804]]}},{"type":"Feature","properties":{},"geometry":{"type":"LineString","coordinates":[[30.34687,53.97909],[30.3478,53.97887]]}},{"type":"Feature","properties":{},"geometry":{"type":"LineString","coordinates":[[30.3479,53.97903],[30.34687,53.97909]]}},{"type":"Feature","properties":{},"geometry":{"type":"LineString","coordinates":[[30.3479,53.97903],[30.3478,53.97887]]}},{"type":"Feature","properties":{},"geometry":{"type":"LineString","coordinates":[[30.3478,53.97887],[30.34789,53.9788]]}},{"type":"Feature","properties":{},"geometry":{"type":"LineString","coordinates":[[30.34825,53.97898],[30.3479,53.97903]]}},{"type":"Feature","properties":{},"geometry":{"type":"LineString","coordinates":[[30.34789,53.9788],[30.34811,53.97817]]}},{"type":"Feature","properties":{},"geometry":{"type":"LineString","coordinates":[[30.34789,53.9788],[30.34812,53.97878]]}},{"type":"Feature","properties":{},"geometry":{"type":"LineString","coordinates":[[30.34812,53.97878],[30.34824,53.97884]]}},{"type":"Feature","properties":{},"geometry":{"type":"LineString","coordinates":[[30.34811,53.97817],[30.34812,53.97878]]}},{"type":"Feature","properties":{},"geometry":{"type":"LineString","coordinates":[[30.34824,53.97884],[30.34825,53.97898]]}},{"type":"Feature","properties":{},"geometry":{"type":"LineString","coordinates":[[30.3487,53.97886],[30.34825,53.97898]]}},{"type":"Feature","properties":{},"geometry":{"type":"LineString","coordinates":[[30.34824,53.97884],[30.3487,53.97886]]}},{"type":"Feature","properties":{},"geometry":{"type":"LineString","coordinates":[[30.34955,53.96674],[30.34811,53.97817]]}},{"type":"Feature","properties":{},"geometry":{"type":"LineString","coordinates":[[30.31786,53.91229],[30.31933,53.91272]]}},{"type":"Feature","properties":{},"geometry":{"type":"LineString","coordinates":[[30.31786,53.91229],[30.31868,53.91292]]}},{"type":"Feature","properties":{},"geometry":{"type":"LineString","coordinates":[[30.3183,53.91315],[30.31831,53.9128]]}},{"type":"Feature","properties":{},"geometry":{"type":"LineString","coordinates":[[30.3183,53.91315],[30.31868,53.91292]]}},{"type":"Feature","properties":{},"geometry":{"type":"LineString","coordinates":[[30.3487,53.97886],[30.36899,53.9726],[30.38799,53.97964],[30.45103,53.99024],[30.47972,53.99277]]}},{"type":"Feature","properties":{},"geometry":{"type":"LineString","coordinates":[[30.31868,53.91292],[30.31831,53.9128]]}},{"type":"Feature","properties":{},"geometry":{"type":"LineString","coordinates":[[30.31868,53.91292],[30.3185,53.91316]]}},{"type":"Feature","properties":{},"geometry":{"type":"LineString","coordinates":[[30.31941,53.91284],[30.3185,53.91316]]}},{"type":"Feature","properties":{},"geometry":{"type":"LineString","coordinates":[[30.31941,53.91284],[30.31868,53.91292]]}},{"type":"Feature","properties":{},"geometry":{"type":"LineString","coordinates":[[30.31868,53.91292],[30.31933,53.91272]]}},{"type":"Feature","properties":{},"geometry":{"type":"LineString","coordinates":[[30.31933,53.91272],[30.3405,53.9088]]}},{"type":"Feature","properties":{},"geometry":{"type":"LineString","coordinates":[[30.34051,53.90888],[30.31941,53.91284]]}},{"type":"Feature","properties":{},"geometry":{"type":"LineString","coordinates":[[30.34955,53.96674],[30.34952,53.96657]]}},{"type":"Feature","properties":{},"geometry":{"type":"LineString","coordinates":[[30.34959,53.96663],[30.34955,53.96674]]}},{"type":"Feature","properties":{},"geometry":{"type":"LineString","coordinates":[[30.34952,53.96657],[30.34959,53.96663]]}},{"type":"Feature","properties":{},"geometry":{"type":"LineString","coordinates":[[30.34952,53.96657],[30.36218,53.95926]]}},{"type":"Feature","properties":{},"geometry":{"type":"LineString","coordinates":[[30.36232,53.95932],[30.34959,53.96663]]}},{"type":"Feature","properties":{},"geometry":{"type":"LineString","coordinates":[[30.31429,53.87777],[30.31348,53.87766]]}},{"type":"Feature","properties":{},"geometry":{"type":"LineString","coordinates":[[30.31348,53.87766],[30.31457,53.87628]]}},{"type":"Feature","properties":{},"geometry":{"type":"LineString","coordinates":[[30.31514,53.87679],[30.31429,53.87777]]}},{"type":"Feature","properties":{},"geometry":{"type":"LineString","coordinates":[[30.31457,53.87628],[30.31514,53.87679]]}},{"type":"Feature","properties":{},"geometry":{"type":"LineString","coordinates":[[30.31457,53.87628],[30.31615,53.87571]]}},{"type":"Feature","properties":{},"geometry":{"type":"LineString","coordinates":[[30.31615,53.87571],[30.31514,53.87679]]}},{"type":"Feature","properties":{},"geometry":{"type":"LineString","coordinates":[[30.31615,53.87571],[30.33658,53.86201]]}},{"type":"Feature","properties":{},"geometry":{"type":"LineString","coordinates":[[30.32983,53.89339],[30.32564,53.89301]]}},{"type":"Feature","properties":{},"geometry":{"type":"LineString","coordinates":[[30.32564,53.89301],[30.32979,53.89327]]}},{"type":"Feature","properties":{},"geometry":{"type":"LineString","coordinates":[[30.45846,54.17827],[30.47902,54.17514],[30.58541,54.17794],[30.59869,54.18108],[30.61339,54.18803],[30.629,54.18578]]}},{"type":"Feature","properties":{},"geometry":{"type":"LineString","coordinates":[[30.33648,53.89574],[30.32983,53.89339]]}},{"type":"Feature","properties":{},"geometry":{"type":"LineString","coordinates":[[30.32983,53.89339],[30.32979,53.89327]]}},{"type":"Feature","properties":{},"geometry":{"type":"LineString","coordinates":[[30.32995,53.89329],[30.32983,53.89339]]}},{"type":"Feature","properties":{},"geometry":{"type":"LineString","coordinates":[[30.32979,53.89327],[30.32995,53.89329]]}},{"type":"Feature","properties":{},"geometry":{"type":"LineString","coordinates":[[30.32979,53.89327],[30.33355,53.88435]]}},{"type":"Feature","properties":{},"geometry":{"type":"LineString","coordinates":[[30.32995,53.89329],[30.33052,53.89338]]}},{"type":"Feature","properties":{},"geometry":{"type":"LineString","coordinates":[[30.3299,53.89298],[30.32995,53.89329]]}},{"type":"Feature","properties":{},"geometry":{"type":"LineString","coordinates":[[30.3299,53.89298],[30.33052,53.89338]]}},{"type":"Feature","properties":{},"geometry":{"type":"LineString","coordinates":[[30.33355,53.88435],[30.3299,53.89298]]}},{"type":"Feature","properties":{},"geometry":{"type":"LineString","coordinates":[[30.33052,53.89338],[30.33579,53.89509]]}},{"type":"Feature","properties":{},"geometry":{"type":"LineString","coordinates":[[30.33271,53.89804],[30.3405,53.9088]]}},{"type":"Feature","properties":{},"geometry":{"type":"LineString","coordinates":[[30.33271,53.89804],[30.33648,53.89574]]}},{"type":"Feature","properties":{},"geometry":{"type":"LineString","coordinates":[[30.33712,53.89622],[30.33271,53.89804]]}},{"type":"Feature","properties":{},"geometry":{"type":"LineString","coordinates":[[30.36232,53.95932],[30.36218,53.95926]]}},{"type":"Feature","properties":{},"geometry":{"type":"LineString","coordinates":[[30.36218,53.95926],[30.36344,53.95611]]}},{"type":"Feature","properties":{},"geometry":{"type":"LineString","coordinates":[[30.364,53.9561],[30.36232,53.95932]]}},{"type":"Feature","properties":{},"geometry":{"type":"LineString","coordinates":[[30.3405,53.9088],[30.34051,53.90888]]}},{"type":"Feature","properties":{},"geometry":{"type":"LineString","coordinates":[[30.34545,53.90851],[30.34051,53.90888]]}},{"type":"Feature","properties":{},"geometry":{"type":"LineString","coordinates":[[30.3405,53.9088],[30.34543,53.90842]]}},{"type":"Feature","properties":{},"geometry":{"type":"LineString","coordinates":[[30.364,53.9561],[30.36344,53.95611]]}},{"type":"Feature","properties":{},"geometry":{"type":"LineString","coordinates":[[30.36344,53.95611],[30.36338,53.95584]]}},{"type":"Feature","properties":{},"geometry":{"type":"LineString","coordinates":[[30.36338,53.95584],[30.35551,53.94519],[30.35042,53.92764]]}},{"type":"Feature","properties":{},"geometry":{"type":"LineString","coordinates":[[30.36338,53.95584],[30.36392,53.95577]]}},{"type":"Feature","properties":{},"geometry":{"type":"LineString","coordinates":[[30.35042,53.92764],[30.34832,53.91772]]}},{"type":"Feature","properties":{},"geometry":{"type":"LineString","coordinates":[[30.35061,53.92762],[30.35042,53.92764]]}},{"type":"Feature","properties":{},"geometry":{"type":"LineString","coordinates":[[30.35061,53.92762],[30.35568,53.94516],[30.36392,53.95577]]}},{"type":"Feature","properties":{},"geometry":{"type":"LineString","coordinates":[[30.3506,53.92755],[30.35061,53.92762]]}},{"type":"Feature","properties":{},"geometry":{"type":"LineString","coordinates":[[30.36096,53.92697],[30.35061,53.92762]]}},{"type":"Feature","properties":{},"geometry":{"type":"LineString","coordinates":[[30.34889,53.91763],[30.3506,53.92755]]}},{"type":"Feature","properties":{},"geometry":{"type":"LineString","coordinates":[[30.3506,53.92755],[30.36079,53.9266]]}},{"type":"Feature","properties":{},"geometry":{"type":"LineString","coordinates":[[30.33579,53.89509],[30.33697,53.8956]]}},{"type":"Feature","properties":{},"geometry":{"type":"LineString","coordinates":[[30.33579,53.89509],[30.33659,53.89571]]}},{"type":"Feature","properties":{},"geometry":{"type":"LineString","coordinates":[[30.36392,53.95577],[30.364,53.9561]]}},{"type":"Feature","properties":{},"geometry":{"type":"LineString","coordinates":[[30.33712,53.89622],[30.33648,53.89574]]}},{"type":"Feature","properties":{},"geometry":{"type":"LineString","coordinates":[[30.33648,53.89574],[30.33659,53.89571]]}},{"type":"Feature","properties":{},"geometry":{"type":"LineString","coordinates":[[30.33659,53.89571],[30.3372,53.89619]]}},{"type":"Feature","properties":{},"geometry":{"type":"LineString","coordinates":[[30.33659,53.89571],[30.33697,53.8956]]}},{"type":"Feature","properties":{},"geometry":{"type":"LineString","coordinates":[[30.34543,53.90842],[30.34421,53.90338],[30.33712,53.89622]]}},{"type":"Feature","properties":{},"geometry":{"type":"LineString","coordinates":[[30.3372,53.89619],[30.33712,53.89622]]}},{"type":"Feature","properties":{},"geometry":{"type":"LineString","coordinates":[[30.3372,53.89619],[30.34435,53.90341],[30.34555,53.90841]]}},{"type":"Feature","properties":{},"geometry":{"type":"LineString","coordinates":[[30.33697,53.8956],[30.3372,53.89619]]}},{"type":"Feature","properties":{},"geometry":{"type":"LineString","coordinates":[[30.34889,53.91763],[30.34832,53.91772]]}},{"type":"Feature","properties":{},"geometry":{"type":"LineString","coordinates":[[30.34832,53.91772],[30.34819,53.91727]]}},{"type":"Feature","properties":{},"geometry":{"type":"LineString","coordinates":[[30.34819,53.91727],[30.34545,53.90851]]}},{"type":"Feature","properties":{},"geometry":{"type":"LineString","coordinates":[[30.34819,53.91727],[30.34875,53.91723]]}},{"type":"Feature","properties":{},"geometry":{"type":"LineString","coordinates":[[30.35068,53.86934],[30.33355,53.88435]]}},{"type":"Feature","properties":{},"geometry":{"type":"LineString","coordinates":[[30.34875,53.91723],[30.34889,53.91763]]}},{"type":"Feature","properties":{},"geometry":{"type":"LineString","coordinates":[[30.34557,53.9085],[30.34875,53.91723]]}},{"type":"Feature","properties":{},"geometry":{"type":"LineString","coordinates":[[30.34545,53.90851],[30.34543,53.90842]]}},{"type":"Feature","properties":{},"geometry":{"type":"LineString","coordinates":[[30.34557,53.9085],[30.34545,53.90851]]}},{"type":"Feature","properties":{},"geometry":{"type":"LineString","coordinates":[[30.34543,53.90842],[30.34555,53.90841]]}},{"type":"Feature","properties":{},"geometry":{"type":"LineString","coordinates":[[30.34555,53.90841],[30.34557,53.9085]]}},{"type":"Feature","properties":{},"geometry":{"type":"LineString","coordinates":[[30.36022,53.91023],[30.34557,53.9085]]}},{"type":"Feature","properties":{},"geometry":{"type":"LineString","coordinates":[[30.34555,53.90841],[30.36055,53.90997]]}},{"type":"Feature","properties":{},"geometry":{"type":"LineString","coordinates":[[30.36096,53.92697],[30.36079,53.9266]]}},{"type":"Feature","properties":{},"geometry":{"type":"LineString","coordinates":[[30.36299,53.92657],[30.36096,53.92697]]}},{"type":"Feature","properties":{},"geometry":{"type":"LineString","coordinates":[[30.36079,53.9266],[30.36247,53.92625]]}},{"type":"Feature","properties":{},"geometry":{"type":"LineString","coordinates":[[30.36247,53.92625],[30.37571,53.91842]]}},{"type":"Feature","properties":{},"geometry":{"type":"LineString","coordinates":[[30.36247,53.92625],[30.36299,53.92657]]}},{"type":"Feature","properties":{},"geometry":{"type":"LineString","coordinates":[[30.37615,53.91864],[30.36299,53.92657]]}},{"type":"Feature","properties":{},"geometry":{"type":"LineString","coordinates":[[30.33658,53.86201],[30.35068,53.86934]]}},{"type":"Feature","properties":{},"geometry":{"type":"LineString","coordinates":[[30.33658,53.86201],[30.33656,53.83477]]}},{"type":"Feature","properties":{},"geometry":{"type":"LineString","coordinates":[[30.36098,53.91056],[30.36022,53.91023]]}},{"type":"Feature","properties":{},"geometry":{"type":"LineString","coordinates":[[30.36022,53.91023],[30.36055,53.90997]]}},{"type":"Feature","properties":{},"geometry":{"type":"LineString","coordinates":[[30.36055,53.90997],[30.36083,53.90994]]}},{"type":"Feature","properties":{},"geometry":{"type":"LineString","coordinates":[[30.37567,53.91825],[30.36098,53.91056]]}},{"type":"Feature","properties":{},"geometry":{"type":"LineString","coordinates":[[30.36129,53.91035],[30.36098,53.91056]]}},{"type":"Feature","properties":{},"geometry":{"type":"LineString","coordinates":[[30.36083,53.90994],[30.3613,53.91019]]}},{"type":"Feature","properties":{},"geometry":{"type":"LineString","coordinates":[[30.36083,53.90994],[30.3827,53.88011]]}},{"type":"Feature","properties":{},"geometry":{"type":"LineString","coordinates":[[30.66914,54.56725],[30.68467,54.56123],[30.70466,54.56106],[30.7223,54.56631],[30.72613,54.57245],[30.82791,54.58336],[30.84975,54.58318],[30.8619,54.587],[30.90455,54.59136],[30.93093,54.60151],[31.16862,54.6016],[31.19855,54.59728]]}},{"type":"Feature","properties":{},"geometry":{"type":"LineString","coordinates":[[30.36129,53.91035],[30.3761,53.91795]]}},{"type":"Feature","properties":{},"geometry":{"type":"LineString","coordinates":[[30.3613,53.91019],[30.36129,53.91035]]}},{"type":"Feature","properties":{},"geometry":{"type":"LineString","coordinates":[[30.38299,53.87998],[30.3613,53.91019]]}},{"type":"Feature","properties":{},"geometry":{"type":"LineString","coordinates":[[30.35759,53.86462],[30.35068,53.86934]]}},{"type":"Feature","properties":{},"geometry":{"type":"LineString","coordinates":[[30.33665,53.83467],[30.33647,53.83466]]}},{"type":"Feature","properties":{},"geometry":{"type":"LineString","coordinates":[[30.33656,53.83477],[30.33647,53.83466]]}},{"type":"Feature","properties":{},"geometry":{"type":"LineString","coordinates":[[30.33647,53.83466],[30.33672,53.83452]]}},{"type":"Feature","properties":{},"geometry":{"type":"LineString","coordinates":[[30.33665,53.83467],[30.33656,53.83477]]}},{"type":"Feature","properties":{},"geometry":{"type":"LineString","coordinates":[[30.33672,53.83463],[30.33665,53.83467]]}},{"type":"Feature","properties":{},"geometry":{"type":"LineString","coordinates":[[30.33672,53.83452],[30.33672,53.83463]]}},{"type":"Feature","properties":{},"geometry":{"type":"LineString","coordinates":[[30.33697,53.83457],[30.33672,53.83463]]}},{"type":"Feature","properties":{},"geometry":{"type":"LineString","coordinates":[[30.33672,53.83452],[30.33697,53.83457]]}},{"type":"Feature","properties":{},"geometry":{"type":"LineString","coordinates":[[30.35875,53.83503],[30.33697,53.83457]]}},{"type":"Feature","properties":{},"geometry":{"type":"LineString","coordinates":[[30.37615,53.91864],[30.37571,53.91842]]}},{"type":"Feature","properties":{},"geometry":{"type":"LineString","coordinates":[[30.37571,53.91842],[30.37567,53.91825]]}},{"type":"Feature","properties":{},"geometry":{"type":"LineString","coordinates":[[30.37567,53.91825],[30.3761,53.91795]]}},{"type":"Feature","properties":{},"geometry":{"type":"LineString","coordinates":[[30.3761,53.91795],[30.37615,53.91864]]}},{"type":"Feature","properties":{},"geometry":{"type":"LineString","coordinates":[[30.35759,53.86462],[30.35769,53.8642]]}},{"type":"Feature","properties":{},"geometry":{"type":"LineString","coordinates":[[30.35825,53.86451],[30.35759,53.86462]]}},{"type":"Feature","properties":{},"geometry":{"type":"LineString","coordinates":[[30.35825,53.86451],[30.35769,53.8642]]}},{"type":"Feature","properties":{},"geometry":{"type":"LineString","coordinates":[[30.35769,53.8642],[30.35794,53.86369]]}},{"type":"Feature","properties":{},"geometry":{"type":"LineString","coordinates":[[30.35857,53.86452],[30.35825,53.86451]]}},{"type":"Feature","properties":{},"geometry":{"type":"LineString","coordinates":[[30.35794,53.86369],[30.35836,53.863]]}},{"type":"Feature","properties":{},"geometry":{"type":"LineString","coordinates":[[30.35794,53.86369],[30.35877,53.86362]]}},{"type":"Feature","properties":{},"geometry":{"type":"LineString","coordinates":[[30.35935,53.86478],[30.35857,53.86452]]}},{"type":"Feature","properties":{},"geometry":{"type":"LineString","coordinates":[[30.35918,53.86423],[30.35857,53.86452]]}},{"type":"Feature","properties":{},"geometry":{"type":"LineString","coordinates":[[30.35836,53.863],[30.35877,53.86362]]}},{"type":"Feature","properties":{},"geometry":{"type":"LineString","coordinates":[[30.35836,53.863],[30.3601,53.8357]]}},{"type":"Feature","properties":{},"geometry":{"type":"LineString","coordinates":[[30.35877,53.86362],[30.35962,53.8635]]}},{"type":"Feature","properties":{},"geometry":{"type":"LineString","coordinates":[[30.35877,53.86362],[30.35924,53.86405]]}},{"type":"Feature","properties":{},"geometry":{"type":"LineString","coordinates":[[30.35935,53.86478],[30.36995,53.87105]]}},{"type":"Feature","properties":{},"geometry":{"type":"LineString","coordinates":[[30.35918,53.86423],[30.35935,53.86478]]}},{"type":"Feature","properties":{},"geometry":{"type":"LineString","coordinates":[[30.35924,53.86405],[30.35918,53.86423]]}},{"type":"Feature","properties":{},"geometry":{"type":"LineString","coordinates":[[30.35962,53.8635],[30.35924,53.86405]]}},{"type":"Feature","properties":{},"geometry":{"type":"LineString","coordinates":[[30.35962,53.8635],[30.40498,53.83182],[30.50073,53.79615],[30.52608,53.79021],[30.60325,53.74224],[30.63496,53.714],[30.64423,53.69335],[30.67465,53.67945],[30.68354,53.66694],[30.68618,53.65676],[30.70268,53.63548],[30.72738,53.62289],[30.75745,53.61311],[30.79295,53.59066],[30.87124,53.56658],[30.9034,53.5624],[30.919,53.55344],[30.94708,53.54884]]}},{"type":"Feature","properties":{},"geometry":{"type":"LineString","coordinates":[[30.01424,53.06758],[30.00401,53.06776]]}},{"type":"Feature","properties":{},"geometry":{"type":"LineString","coordinates":[[30.00401,53.06776],[30.01424,53.06758]]}},{"type":"Feature","properties":{},"geometry":{"type":"LineString","coordinates":[[30.36995,53.87105],[30.37053,53.87136]]}},{"type":"Feature","properties":{},"geometry":{"type":"LineString","coordinates":[[30.37053,53.87136],[30.36995,53.87105]]}},{"type":"Feature","properties":{},"geometry":{"type":"LineString","coordinates":[[30.37053,53.87136],[30.37676,53.87489]]}},{"type":"Feature","properties":{},"geometry":{"type":"LineString","coordinates":[[30.37676,53.87489],[30.37793,53.87554]]}},{"type":"Feature","properties":{},"geometry":{"type":"LineString","coordinates":[[30.37793,53.87554],[30.37676,53.87489]]}},{"type":"Feature","properties":{},"geometry":{"type":"LineString","coordinates":[[30.35977,53.83519],[30.35875,53.83503]]}},{"type":"Feature","properties":{},"geometry":{"type":"LineString","coordinates":[[30.35875,53.83503],[30.3598,53.83488]]}},{"type":"Feature","properties":{},"geometry":{"type":"LineString","coordinates":[[30.37793,53.87554],[30.40747,53.88269]]}},{"type":"Feature","properties":{},"geometry":{"type":"LineString","coordinates":[[30.01424,53.06758],[30.02169,53.06856]]}},{"type":"Feature","properties":{},"geometry":{"type":"LineString","coordinates":[[30.35982,53.83522],[30.35977,53.83519]]}},{"type":"Feature","properties":{},"geometry":{"type":"LineString","coordinates":[[30.35977,53.83519],[30.3598,53.83488]]}},{"type":"Feature","properties":{},"geometry":{"type":"LineString","coordinates":[[30.36041,53.83526],[30.35982,53.83522]]}},{"type":"Feature","properties":{},"geometry":{"type":"LineString","coordinates":[[30.3601,53.8357],[30.35982,53.83522]]}},{"type":"Feature","properties":{},"geometry":{"type":"LineString","coordinates":[[30.36041,53.83526],[30.3601,53.8357]]}},{"type":"Feature","properties":{},"geometry":{"type":"LineString","coordinates":[[30.3598,53.83488],[30.35985,53.83485]]}},{"type":"Feature","properties":{},"geometry":{"type":"LineString","coordinates":[[30.35985,53.83485],[30.36016,53.8345]]}},{"type":"Feature","properties":{},"geometry":{"type":"LineString","coordinates":[[30.35985,53.83485],[30.36041,53.83483]]}},{"type":"Feature","properties":{},"geometry":{"type":"LineString","coordinates":[[30.36041,53.83483],[30.36041,53.83526]]}},{"type":"Feature","properties":{},"geometry":{"type":"LineString","coordinates":[[30.36016,53.8345],[30.36041,53.83483]]}},{"type":"Feature","properties":{},"geometry":{"type":"LineString","coordinates":[[30.3642,53.76851],[30.36016,53.8345]]}},{"type":"Feature","properties":{},"geometry":{"type":"LineString","coordinates":[[30.02169,53.06856],[30.02799,53.06944]]}},{"type":"Feature","properties":{},"geometry":{"type":"LineString","coordinates":[[30.02799,53.06944],[30.02169,53.06856]]}},{"type":"Feature","properties":{},"geometry":{"type":"LineString","coordinates":[[30.02169,53.06856],[30.02468,53.05774],[30.01596,53.0233],[30.00404,52.99649],[30.00836,52.97512],[30.00826,52.9472],[30.01908,52.92896]]}},{"type":"Feature","properties":{},"geometry":{"type":"LineString","coordinates":[[30.05112,53.07461],[30.02799,53.06944]]}},{"type":"Feature","properties":{},"geometry":{"type":"LineString","coordinates":[[29.96981,52.93109],[29.97216,52.92895]]}},{"type":"Feature","properties":{},"geometry":{"type":"LineString","coordinates":[[29.97158,52.9316],[29.97472,52.93131],[29.97216,52.92895]]}},{"type":"Feature","properties":{},"geometry":{"type":"LineString","coordinates":[[29.48913,51.78488],[29.50939,51.77708],[29.51119,51.74187],[29.52138,51.7204],[29.5048,51.70002],[29.50421,51.65173],[29.47163,51.61391],[29.45938,51.58807],[29.4261,51.54503],[29.42286,51.52219],[29.42629,51.50613],[29.42002,51.48794],[29.44428,51.44877],[29.48915,51.43743]]}},{"type":"Feature","properties":{},"geometry":{"type":"LineString","coordinates":[[30.40747,53.88269],[30.44348,53.88942],[30.48335,53.90011],[30.6106,53.94367],[30.63452,53.94536],[30.67796,53.95489],[30.70396,53.95511],[30.73668,53.97327],[30.74849,53.97497],[30.82098,53.96942],[30.83445,53.98109],[30.84778,53.98232],[30.87748,54.00236],[30.92523,54.01984],[30.95611,54.01481],[30.97743,54.00409],[31.02512,54.01518],[31.18005,54.00982],[31.36558,54.01361],[31.37133,54.01065],[31.37883,54.01394],[31.69104,54.02129]]}},{"type":"Feature","properties":{},"geometry":{"type":"LineString","coordinates":[[30.40747,53.88269],[30.41845,53.87737],[30.65832,53.83125],[30.7029,53.8253]]}},{"type":"Feature","properties":{},"geometry":{"type":"LineString","coordinates":[[30.7029,53.8253],[30.65707,53.83153],[30.41764,53.87764],[30.40747,53.88269]]}},{"type":"Feature","properties":{},"geometry":{"type":"LineString","coordinates":[[30.93881,54.99326],[30.95295,54.9888]]}},{"type":"Feature","properties":{},"geometry":{"type":"LineString","coordinates":[[30.95295,54.9888],[30.93881,54.99326]]}},{"type":"Feature","properties":{},"geometry":{"type":"LineString","coordinates":[[30.24936,53.52432],[30.24897,53.52418]]}},{"type":"Feature","properties":{},"geometry":{"type":"LineString","coordinates":[[30.24948,53.52389],[30.24897,53.52418]]}},{"type":"Feature","properties":{},"geometry":{"type":"LineString","coordinates":[[30.24936,53.52432],[30.24948,53.52389]]}},{"type":"Feature","properties":{},"geometry":{"type":"LineString","coordinates":[[30.24948,53.52389],[30.25621,53.51865]]}},{"type":"Feature","properties":{},"geometry":{"type":"LineString","coordinates":[[30.46549,53.9947],[30.46595,53.98649]]}},{"type":"Feature","properties":{},"geometry":{"type":"LineString","coordinates":[[30.46556,53.99435],[30.46549,53.9947]]}},{"type":"Feature","properties":{},"geometry":{"type":"LineString","coordinates":[[30.25621,53.51865],[30.2529,53.50679],[30.25712,53.43946],[30.30587,53.39123],[30.31671,53.36408],[30.35141,53.34344],[30.35414,53.33524],[30.35134,53.32842],[30.3283,53.3163],[30.23944,53.25802],[30.2204,53.25166],[30.19159,53.23336],[30.17232,53.20052],[30.13328,53.1802],[30.12635,53.16978],[30.12571,53.16181],[30.10666,53.14993],[30.09152,53.14393],[30.0816,53.12879],[30.06757,53.11533],[30.0595,53.0981],[30.05711,53.09791],[30.05112,53.07461]]}},{"type":"Feature","properties":{},"geometry":{"type":"LineString","coordinates":[[30.45761,53.15652],[30.25634,53.07101],[30.05112,53.07461]]}},{"type":"Feature","properties":{},"geometry":{"type":"LineString","coordinates":[[30.3638,53.76806],[30.36312,53.76791]]}},{"type":"Feature","properties":{},"geometry":{"type":"LineString","coordinates":[[30.36312,53.76791],[30.36393,53.76768]]}},{"type":"Feature","properties":{},"geometry":{"type":"LineString","coordinates":[[30.36393,53.76815],[30.3638,53.76806]]}},{"type":"Feature","properties":{},"geometry":{"type":"LineString","coordinates":[[30.3638,53.76806],[30.36393,53.76768]]}},{"type":"Feature","properties":{},"geometry":{"type":"LineString","coordinates":[[30.36449,53.76818],[30.36393,53.76815]]}},{"type":"Feature","properties":{},"geometry":{"type":"LineString","coordinates":[[30.3642,53.76851],[30.36393,53.76815]]}},{"type":"Feature","properties":{},"geometry":{"type":"LineString","coordinates":[[30.36449,53.76818],[30.3642,53.76851]]}},{"type":"Feature","properties":{},"geometry":{"type":"LineString","coordinates":[[30.36393,53.76768],[30.36401,53.76765]]}},{"type":"Feature","properties":{},"geometry":{"type":"LineString","coordinates":[[30.36401,53.76765],[30.36427,53.76739]]}},{"type":"Feature","properties":{},"geometry":{"type":"LineString","coordinates":[[30.36401,53.76765],[30.36457,53.76768]]}},{"type":"Feature","properties":{},"geometry":{"type":"LineString","coordinates":[[30.3647,53.76806],[30.36449,53.76818]]}},{"type":"Feature","properties":{},"geometry":{"type":"LineString","coordinates":[[30.36427,53.76739],[30.36457,53.76768]]}},{"type":"Feature","properties":{},"geometry":{"type":"LineString","coordinates":[[30.36427,53.76739],[30.36447,53.76533]]}},{"type":"Feature","properties":{},"geometry":{"type":"LineString","coordinates":[[30.3647,53.76777],[30.3647,53.76806]]}},{"type":"Feature","properties":{},"geometry":{"type":"LineString","coordinates":[[30.36551,53.76798],[30.3647,53.76806]]}},{"type":"Feature","properties":{},"geometry":{"type":"LineString","coordinates":[[30.36457,53.76768],[30.3647,53.76777]]}},{"type":"Feature","properties":{},"geometry":{"type":"LineString","coordinates":[[30.3647,53.76777],[30.36551,53.76798]]}},{"type":"Feature","properties":{},"geometry":{"type":"LineString","coordinates":[[30.46595,53.98649],[30.47972,53.99277]]}},{"type":"Feature","properties":{},"geometry":{"type":"LineString","coordinates":[[30.36731,53.76878],[30.43436,53.79438],[30.46161,53.81584],[30.47796,53.832],[30.48037,53.86176],[30.48831,53.8839],[30.4837,53.89433],[30.47036,53.90512],[30.46595,53.98649]]}},{"type":"Feature","properties":{},"geometry":{"type":"LineString","coordinates":[[30.36731,53.76878],[30.36551,53.76798]]}},{"type":"Feature","properties":{},"geometry":{"type":"LineString","coordinates":[[30.36447,53.76533],[30.36731,53.76878]]}},{"type":"Feature","properties":{},"geometry":{"type":"LineString","coordinates":[[30.35879,53.6535],[30.36201,53.66528],[30.37006,53.67722],[30.36447,53.76533]]}},{"type":"Feature","properties":{},"geometry":{"type":"LineString","coordinates":[[30.25621,53.51865],[30.29523,53.51808],[30.32819,53.52902],[30.34306,53.53054]]}},{"type":"Feature","properties":{},"geometry":{"type":"LineString","coordinates":[[31.04255,54.96043],[30.95295,54.9888]]}},{"type":"Feature","properties":{},"geometry":{"type":"LineString","coordinates":[[30.47972,53.99277],[30.52346,54.01047],[30.56842,54.02097],[30.60515,54.03308],[30.7496,54.0922],[30.76934,54.08979],[30.79543,54.08192],[30.84875,54.0841],[30.88048,54.07925],[30.90466,54.07878],[30.92279,54.08245],[30.96046,54.08329],[30.99912,54.09448],[31.02537,54.09796],[31.05608,54.11123],[31.0718,54.11555],[31.07678,54.11066],[31.09374,54.10646],[31.10188,54.10624],[31.12393,54.11165],[31.12723,54.11564],[31.12646,54.12705],[31.10972,54.13828],[31.12534,54.14796],[31.12927,54.15783],[31.12795,54.16244],[31.10453,54.18541],[31.07697,54.20127],[31.06123,54.21862],[31.05347,54.23989],[31.0138,54.25525],[31.00585,54.26878]]}},{"type":"Feature","properties":{},"geometry":{"type":"LineString","coordinates":[[30.01895,52.92865],[30.00848,52.92957],[30.00654,52.92761]]}},{"type":"Feature","properties":{},"geometry":{"type":"LineString","coordinates":[[30.00654,52.92761],[30.00691,52.92678]]}},{"type":"Feature","properties":{},"geometry":{"type":"LineString","coordinates":[[30.00751,52.92715],[30.00654,52.92761]]}},{"type":"Feature","properties":{},"geometry":{"type":"LineString","coordinates":[[30.00751,52.92715],[30.00691,52.92678]]}},{"type":"Feature","properties":{},"geometry":{"type":"LineString","coordinates":[[30.00691,52.92678],[30.008,52.9268]]}},{"type":"Feature","properties":{},"geometry":{"type":"LineString","coordinates":[[30.0076,52.92713],[30.00751,52.92715]]}},{"type":"Feature","properties":{},"geometry":{"type":"LineString","coordinates":[[30.00883,52.9274],[30.0076,52.92713]]}},{"type":"Feature","properties":{},"geometry":{"type":"LineString","coordinates":[[30.008,52.9268],[30.0076,52.92713]]}},{"type":"Feature","properties":{},"geometry":{"type":"LineString","coordinates":[[30.008,52.9268],[30.00883,52.9274]]}},{"type":"Feature","properties":{},"geometry":{"type":"LineString","coordinates":[[30.00883,52.9274],[30.02421,52.92828]]}},{"type":"Feature","properties":{},"geometry":{"type":"LineString","coordinates":[[30.01908,52.92896],[30.01895,52.92865]]}},{"type":"Feature","properties":{},"geometry":{"type":"LineString","coordinates":[[30.01895,52.92865],[30.01908,52.92896]]}},{"type":"Feature","properties":{},"geometry":{"type":"LineString","coordinates":[[30.35879,53.6535],[30.35701,53.64685]]}},{"type":"Feature","properties":{},"geometry":{"type":"LineString","coordinates":[[30.35701,53.64685],[30.35879,53.6535]]}},{"type":"Feature","properties":{},"geometry":{"type":"LineString","coordinates":[[30.34306,53.53054],[30.33819,53.57807],[30.35701,53.64685]]}},{"type":"Feature","properties":{},"geometry":{"type":"LineString","coordinates":[[30.629,54.18578],[30.63591,54.18655]]}},{"type":"Feature","properties":{},"geometry":{"type":"LineString","coordinates":[[30.63591,54.18655],[30.629,54.18578]]}},{"type":"Feature","properties":{},"geometry":{"type":"LineString","coordinates":[[30.63591,54.18655],[30.66582,54.19922],[30.69304,54.19949],[30.72039,54.205],[30.76649,54.209],[30.86354,54.20133],[30.93684,54.20695],[30.95645,54.21442],[30.96174,54.22108],[30.96773,54.24206],[30.96431,54.26246]]}},{"type":"Feature","properties":{},"geometry":{"type":"LineString","coordinates":[[30.38578,53.45377],[30.38434,53.45861],[30.36177,53.47832],[30.34466,53.51785],[30.34306,53.53054]]}},{"type":"Feature","properties":{},"geometry":{"type":"LineString","coordinates":[[29.49195,51.43655],[29.49698,51.43473],[29.48869,51.42631],[29.46566,51.40969],[29.45697,51.40679]]}},{"type":"Feature","properties":{},"geometry":{"type":"LineString","coordinates":[[29.48915,51.43743],[29.49195,51.43655]]}},{"type":"Feature","properties":{},"geometry":{"type":"LineString","coordinates":[[29.49195,51.43655],[29.48915,51.43743]]}},{"type":"Feature","properties":{},"geometry":{"type":"LineString","coordinates":[[30.45913,53.15825],[30.40232,53.3284],[30.38578,53.45377]]}},{"type":"Feature","properties":{},"geometry":{"type":"LineString","coordinates":[[30.85741,53.43368],[30.83334,53.44381],[30.77986,53.45491],[30.75346,53.46744],[30.73028,53.4629],[30.71041,53.46173],[30.60233,53.46313],[30.59216,53.4502],[30.5761,53.44337],[30.55844,53.43953],[30.52979,53.44229],[30.52254,53.44518],[30.51212,53.44233],[30.47216,53.44224],[30.44758,53.4474],[30.42656,53.4463],[30.38578,53.45377]]}},{"type":"Feature","properties":{},"geometry":{"type":"LineString","coordinates":[[30.7029,53.8253],[30.78987,53.81367],[30.95357,53.80158]]}},{"type":"Feature","properties":{},"geometry":{"type":"LineString","coordinates":[[30.93844,54.30792],[30.93868,54.30768]]}},{"type":"Feature","properties":{},"geometry":{"type":"LineString","coordinates":[[30.93893,54.30785],[30.93844,54.30792]]}},{"type":"Feature","properties":{},"geometry":{"type":"LineString","coordinates":[[30.93893,54.30785],[30.93868,54.30768]]}},{"type":"Feature","properties":{},"geometry":{"type":"LineString","coordinates":[[30.93868,54.30768],[30.93918,54.30743]]}},{"type":"Feature","properties":{},"geometry":{"type":"LineString","coordinates":[[30.9392,54.30785],[30.93893,54.30785]]}},{"type":"Feature","properties":{},"geometry":{"type":"LineString","coordinates":[[30.93962,54.30793],[30.9392,54.30785]]}},{"type":"Feature","properties":{},"geometry":{"type":"LineString","coordinates":[[30.93941,54.30773],[30.9392,54.30785]]}},{"type":"Feature","properties":{},"geometry":{"type":"LineString","coordinates":[[30.93918,54.30743],[30.93943,54.30759]]}},{"type":"Feature","properties":{},"geometry":{"type":"LineString","coordinates":[[30.93918,54.30743],[30.93973,54.30735]]}},{"type":"Feature","properties":{},"geometry":{"type":"LineString","coordinates":[[30.93941,54.30773],[30.93962,54.30793]]}},{"type":"Feature","properties":{},"geometry":{"type":"LineString","coordinates":[[30.93943,54.30759],[30.93941,54.30773]]}},{"type":"Feature","properties":{},"geometry":{"type":"LineString","coordinates":[[30.93973,54.30735],[30.93943,54.30759]]}},{"type":"Feature","properties":{},"geometry":{"type":"LineString","coordinates":[[30.99446,54.31645],[30.97076,54.31872],[30.93962,54.30793]]}},{"type":"Feature","properties":{},"geometry":{"type":"LineString","coordinates":[[30.97841,54.29051],[30.93973,54.30735]]}},{"type":"Feature","properties":{},"geometry":{"type":"LineString","coordinates":[[30.96414,54.26339],[30.96259,54.27669],[30.96673,54.28007],[30.98643,54.28724]]}},{"type":"Feature","properties":{},"geometry":{"type":"LineString","coordinates":[[30.96414,54.26339],[30.96404,54.26318]]}},{"type":"Feature","properties":{},"geometry":{"type":"LineString","coordinates":[[30.96432,54.26319],[30.96414,54.26339]]}},{"type":"Feature","properties":{},"geometry":{"type":"LineString","coordinates":[[30.96432,54.26319],[30.96404,54.26318]]}},{"type":"Feature","properties":{},"geometry":{"type":"LineString","coordinates":[[30.96404,54.26318],[30.96406,54.26276]]}},{"type":"Feature","properties":{},"geometry":{"type":"LineString","coordinates":[[30.96406,54.26276],[30.96431,54.26246]]}},{"type":"Feature","properties":{},"geometry":{"type":"LineString","coordinates":[[30.96406,54.26276],[30.96442,54.26278]]}},{"type":"Feature","properties":{},"geometry":{"type":"LineString","coordinates":[[30.96442,54.26278],[30.96432,54.26319]]}},{"type":"Feature","properties":{},"geometry":{"type":"LineString","coordinates":[[30.96431,54.26246],[30.96442,54.26278]]}},{"type":"Feature","properties":{},"geometry":{"type":"LineString","coordinates":[[30.97841,54.29051],[30.98339,54.29486]]}},{"type":"Feature","properties":{},"geometry":{"type":"LineString","coordinates":[[30.98643,54.28724],[30.97841,54.29051]]}},{"type":"Feature","properties":{},"geometry":{"type":"LineString","coordinates":[[30.98339,54.29486],[30.98375,54.29493]]}},{"type":"Feature","properties":{},"geometry":{"type":"LineString","coordinates":[[30.98366,54.29512],[30.98339,54.29486]]}},{"type":"Feature","properties":{},"geometry":{"type":"LineString","coordinates":[[30.98373,54.29518],[30.98366,54.29512]]}},{"type":"Feature","properties":{},"geometry":{"type":"LineString","coordinates":[[30.98366,54.29512],[30.98375,54.29493]]}},{"type":"Feature","properties":{},"geometry":{"type":"LineString","coordinates":[[30.98418,54.29509],[30.98373,54.29518]]}},{"type":"Feature","properties":{},"geometry":{"type":"LineString","coordinates":[[30.98417,54.29555],[30.98373,54.29518]]}},{"type":"Feature","properties":{},"geometry":{"type":"LineString","coordinates":[[30.98375,54.29493],[30.98418,54.29509]]}},{"type":"Feature","properties":{},"geometry":{"type":"LineString","coordinates":[[30.98417,54.29555],[30.98405,54.30565],[30.99223,54.30921],[30.99486,54.31591]]}},{"type":"Feature","properties":{},"geometry":{"type":"LineString","coordinates":[[30.98418,54.29509],[30.98417,54.29555]]}},{"type":"Feature","properties":{},"geometry":{"type":"LineString","coordinates":[[30.99446,54.31645],[30.99502,54.31626]]}},{"type":"Feature","properties":{},"geometry":{"type":"LineString","coordinates":[[30.99515,54.31645],[30.99446,54.31645]]}},{"type":"Feature","properties":{},"geometry":{"type":"LineString","coordinates":[[30.45761,53.15652],[30.45918,53.15683]]}},{"type":"Feature","properties":{},"geometry":{"type":"LineString","coordinates":[[30.45886,53.15727],[30.45761,53.15652]]}},{"type":"Feature","properties":{},"geometry":{"type":"LineString","coordinates":[[30.99486,54.31591],[30.99539,54.31611]]}},{"type":"Feature","properties":{},"geometry":{"type":"LineString","coordinates":[[30.99504,54.31623],[30.99486,54.31591]]}},{"type":"Feature","properties":{},"geometry":{"type":"LineString","coordinates":[[30.99515,54.31645],[30.99502,54.31626]]}},{"type":"Feature","properties":{},"geometry":{"type":"LineString","coordinates":[[30.99502,54.31626],[30.99504,54.31623]]}},{"type":"Feature","properties":{},"geometry":{"type":"LineString","coordinates":[[30.99504,54.31623],[30.99539,54.31611]]}},{"type":"Feature","properties":{},"geometry":{"type":"LineString","coordinates":[[30.99529,54.31648],[30.99515,54.31645]]}},{"type":"Feature","properties":{},"geometry":{"type":"LineString","coordinates":[[30.99587,54.31675],[30.99529,54.31648]]}},{"type":"Feature","properties":{},"geometry":{"type":"LineString","coordinates":[[30.99564,54.31636],[30.99529,54.31648]]}},{"type":"Feature","properties":{},"geometry":{"type":"LineString","coordinates":[[30.45913,53.15825],[30.45892,53.15738]]}},{"type":"Feature","properties":{},"geometry":{"type":"LineString","coordinates":[[30.45964,53.15758],[30.45913,53.15825]]}},{"type":"Feature","properties":{},"geometry":{"type":"LineString","coordinates":[[30.99539,54.31611],[30.99555,54.31616]]}},{"type":"Feature","properties":{},"geometry":{"type":"LineString","coordinates":[[30.45892,53.15738],[30.45886,53.15727]]}},{"type":"Feature","properties":{},"geometry":{"type":"LineString","coordinates":[[30.45886,53.15727],[30.45918,53.15683]]}},{"type":"Feature","properties":{},"geometry":{"type":"LineString","coordinates":[[30.45964,53.15758],[30.45892,53.15738]]}},{"type":"Feature","properties":{},"geometry":{"type":"LineString","coordinates":[[30.99564,54.31636],[30.99587,54.31675]]}},{"type":"Feature","properties":{},"geometry":{"type":"LineString","coordinates":[[30.99565,54.31634],[30.99564,54.31636]]}},{"type":"Feature","properties":{},"geometry":{"type":"LineString","coordinates":[[30.99555,54.31616],[30.9961,54.31618]]}},{"type":"Feature","properties":{},"geometry":{"type":"LineString","coordinates":[[30.99555,54.31616],[30.99565,54.31634]]}},{"type":"Feature","properties":{},"geometry":{"type":"LineString","coordinates":[[30.9961,54.31618],[30.99565,54.31634]]}},{"type":"Feature","properties":{},"geometry":{"type":"LineString","coordinates":[[30.99587,54.31675],[31.07913,54.38495],[31.12505,54.40724],[31.12726,54.41873],[31.1672,54.44243],[31.17126,54.44956],[31.21434,54.46026],[31.22649,54.4684],[31.2305,54.47785]]}},{"type":"Feature","properties":{},"geometry":{"type":"LineString","coordinates":[[30.45918,53.15683],[30.45955,53.15678]]}},{"type":"Feature","properties":{},"geometry":{"type":"LineString","coordinates":[[31.04346,54.27294],[31.03835,54.29641],[31.03346,54.30342],[31.0236,54.30877],[30.9961,54.31618]]}},{"type":"Feature","properties":{},"geometry":{"type":"LineString","coordinates":[[30.45977,53.15756],[30.45964,53.15758]]}},{"type":"Feature","properties":{},"geometry":{"type":"LineString","coordinates":[[30.46067,53.1578],[30.45977,53.15756]]}},{"type":"Feature","properties":{},"geometry":{"type":"LineString","coordinates":[[30.46019,53.15721],[30.45977,53.15756]]}},{"type":"Feature","properties":{},"geometry":{"type":"LineString","coordinates":[[30.45955,53.15678],[30.46017,53.15708]]}},{"type":"Feature","properties":{},"geometry":{"type":"LineString","coordinates":[[30.45955,53.15678],[30.4604,53.15633]]}},{"type":"Feature","properties":{},"geometry":{"type":"LineString","coordinates":[[30.46019,53.15721],[30.46067,53.1578]]}},{"type":"Feature","properties":{},"geometry":{"type":"LineString","coordinates":[[30.46017,53.15708],[30.46019,53.15721]]}},{"type":"Feature","properties":{},"geometry":{"type":"LineString","coordinates":[[30.4604,53.15633],[30.46017,53.15708]]}},{"type":"Feature","properties":{},"geometry":{"type":"LineString","coordinates":[[30.97536,53.44432],[30.96504,53.42574],[30.95696,53.41816],[30.51084,53.19374],[30.48049,53.16637],[30.46067,53.1578]]}},{"type":"Feature","properties":{},"geometry":{"type":"LineString","coordinates":[[30.48022,53.13155],[30.4604,53.15633]]}},{"type":"Feature","properties":{},"geometry":{"type":"LineString","coordinates":[[30.99994,54.28169],[30.98643,54.28724]]}},{"type":"Feature","properties":{},"geometry":{"type":"LineString","coordinates":[[31.04346,54.27294],[30.99994,54.28169]]}},{"type":"Feature","properties":{},"geometry":{"type":"LineString","coordinates":[[31.00533,54.26979],[30.99994,54.28169]]}},{"type":"Feature","properties":{},"geometry":{"type":"LineString","coordinates":[[31.00438,54.2692],[30.99637,54.27105]]}},{"type":"Feature","properties":{},"geometry":{"type":"LineString","coordinates":[[31.00505,54.26934],[31.00438,54.2692]]}},{"type":"Feature","properties":{},"geometry":{"type":"LineString","coordinates":[[31.00438,54.2692],[31.00511,54.26915]]}},{"type":"Feature","properties":{},"geometry":{"type":"LineString","coordinates":[[31.00516,54.26941],[31.00505,54.26934]]}},{"type":"Feature","properties":{},"geometry":{"type":"LineString","coordinates":[[31.00505,54.26934],[31.00511,54.26915]]}},{"type":"Feature","properties":{},"geometry":{"type":"LineString","coordinates":[[31.00533,54.26979],[31.00516,54.26941]]}},{"type":"Feature","properties":{},"geometry":{"type":"LineString","coordinates":[[31.00554,54.26937],[31.00533,54.26979]]}},{"type":"Feature","properties":{},"geometry":{"type":"LineString","coordinates":[[31.00554,54.26937],[31.00516,54.26941]]}},{"type":"Feature","properties":{},"geometry":{"type":"LineString","coordinates":[[31.00511,54.26915],[31.00526,54.26911]]}},{"type":"Feature","properties":{},"geometry":{"type":"LineString","coordinates":[[31.00526,54.26911],[31.00585,54.26878]]}},{"type":"Feature","properties":{},"geometry":{"type":"LineString","coordinates":[[31.00526,54.26911],[31.00559,54.26928]]}},{"type":"Feature","properties":{},"geometry":{"type":"LineString","coordinates":[[31.00559,54.26928],[31.00554,54.26937]]}},{"type":"Feature","properties":{},"geometry":{"type":"LineString","coordinates":[[31.00585,54.26878],[31.00559,54.26928]]}},{"type":"Feature","properties":{},"geometry":{"type":"LineString","coordinates":[[30.89349,52.89175],[30.90559,52.89884],[30.91748,52.91534],[30.91611,52.91904],[30.89282,52.91861],[30.88446,52.92528],[30.88849,52.93343],[30.90372,52.94634],[30.90152,52.95774],[30.85259,53.0107],[30.84629,53.02308],[30.82987,53.09081],[30.80926,53.11109],[30.80421,53.118],[30.80236,53.13034],[30.79573,53.13454],[30.78445,53.13676],[30.77981,53.14139],[30.70601,53.13927],[30.64443,53.12613],[30.5443,53.13036],[30.51454,53.13588],[30.48894,53.1347],[30.48022,53.13155]]}},{"type":"Feature","properties":{},"geometry":{"type":"LineString","coordinates":[[30.72179,52.81884],[30.5973,52.98369],[30.48022,53.13155]]}},{"type":"Feature","properties":{},"geometry":{"type":"LineString","coordinates":[[31.69104,54.02129],[31.68291,54.02929],[31.65938,54.03376],[31.63787,54.04224],[31.62905,54.04963],[31.56496,54.06511],[31.52787,54.09247],[31.43052,54.13634],[31.38342,54.1695],[31.26793,54.19222],[31.24252,54.21741],[31.22269,54.24584],[31.17804,54.26848],[31.13053,54.26589],[31.08189,54.26811],[31.04346,54.27294]]}},{"type":"Feature","properties":{},"geometry":{"type":"LineString","coordinates":[[30.33968,52.70009],[30.38664,52.71187],[30.43157,52.70514],[30.49406,52.70466],[30.5447,52.71415],[30.55542,52.71934],[30.56925,52.7202]]}},{"type":"Feature","properties":{},"geometry":{"type":"LineString","coordinates":[[29.99171,51.86968],[29.99259,51.86982]]}},{"type":"Feature","properties":{},"geometry":{"type":"LineString","coordinates":[[29.992,51.86999],[29.99171,51.86968]]}},{"type":"Feature","properties":{},"geometry":{"type":"LineString","coordinates":[[29.99234,51.871],[29.99217,51.8706]]}},{"type":"Feature","properties":{},"geometry":{"type":"LineString","coordinates":[[29.99217,51.8706],[29.992,51.86999]]}},{"type":"Feature","properties":{},"geometry":{"type":"LineString","coordinates":[[29.99261,51.87052],[29.99217,51.8706]]}},{"type":"Feature","properties":{},"geometry":{"type":"LineString","coordinates":[[30.36168,52.28869],[30.35086,52.25894],[30.33898,52.24037],[30.32957,52.23347],[30.31897,52.21303],[30.3185,52.19859],[30.27872,52.17456],[30.24188,52.14401],[30.13139,52.08325],[30.06983,52.02471],[30.05548,51.98434],[30.01716,51.9175],[29.9921,51.87991],[29.99234,51.871]]}},{"type":"Feature","properties":{},"geometry":{"type":"LineString","coordinates":[[29.99261,51.87052],[29.99234,51.871]]}},{"type":"Feature","properties":{},"geometry":{"type":"LineString","coordinates":[[29.992,51.86999],[29.99259,51.86982]]}},{"type":"Feature","properties":{},"geometry":{"type":"LineString","coordinates":[[29.99292,51.87011],[29.99261,51.87052]]}},{"type":"Feature","properties":{},"geometry":{"type":"LineString","coordinates":[[29.99259,51.86982],[29.99269,51.86983]]}},{"type":"Feature","properties":{},"geometry":{"type":"LineString","coordinates":[[29.99269,51.86983],[29.99292,51.87011]]}},{"type":"Feature","properties":{},"geometry":{"type":"LineString","coordinates":[[29.99269,51.86983],[29.99317,51.8697]]}},{"type":"Feature","properties":{},"geometry":{"type":"LineString","coordinates":[[29.99317,51.8697],[29.99292,51.87011]]}},{"type":"Feature","properties":{},"geometry":{"type":"LineString","coordinates":[[29.99317,51.8697],[30.04253,51.83742],[30.12482,51.80199],[30.24836,51.77675]]}},{"type":"Feature","properties":{},"geometry":{"type":"LineString","coordinates":[[30.95357,53.80158],[30.92587,53.78261],[30.91392,53.7584],[30.91363,53.75138],[30.90534,53.7392],[30.91193,53.72256],[30.91084,53.70516],[30.91571,53.6998],[30.93964,53.69391],[30.94816,53.68208],[30.94275,53.66525],[30.93451,53.65462],[30.92852,53.63963],[30.90776,53.62077],[30.90678,53.61263],[30.90987,53.60358],[30.92274,53.59482],[30.94043,53.57006],[30.94887,53.55245],[30.94708,53.54884]]}},{"type":"Feature","properties":{},"geometry":{"type":"LineString","coordinates":[[30.95357,53.80158],[30.98658,53.79688]]}},{"type":"Feature","properties":{},"geometry":{"type":"LineString","coordinates":[[30.98658,53.79688],[30.9969,53.79412]]}},{"type":"Feature","properties":{},"geometry":{"type":"LineString","coordinates":[[30.9969,53.79412],[30.98658,53.79688]]}},{"type":"Feature","properties":{},"geometry":{"type":"LineString","coordinates":[[30.9969,53.79412],[31.0273,53.78579],[31.04904,53.77359]]}},{"type":"Feature","properties":{},"geometry":{"type":"LineString","coordinates":[[30.85741,53.43368],[30.85946,53.43387]]}},{"type":"Feature","properties":{},"geometry":{"type":"LineString","coordinates":[[30.85946,53.43387],[30.85741,53.43368]]}},{"type":"Feature","properties":{},"geometry":{"type":"LineString","coordinates":[[30.97536,53.44432],[30.94765,53.43936],[30.89448,53.43514],[30.86332,53.436],[30.85946,53.43387]]}},{"type":"Feature","properties":{},"geometry":{"type":"LineString","coordinates":[[30.3604,52.29003],[30.36149,52.28969]]}},{"type":"Feature","properties":{},"geometry":{"type":"LineString","coordinates":[[30.36166,52.29017],[30.3604,52.29003]]}},{"type":"Feature","properties":{},"geometry":{"type":"LineString","coordinates":[[30.36178,52.29022],[30.36166,52.29017]]}},{"type":"Feature","properties":{},"geometry":{"type":"LineString","coordinates":[[30.36166,52.29017],[30.36149,52.28969]]}},{"type":"Feature","properties":{},"geometry":{"type":"LineString","coordinates":[[30.36149,52.28969],[30.36157,52.28961]]}},{"type":"Feature","properties":{},"geometry":{"type":"LineString","coordinates":[[30.3626,52.29011],[30.36178,52.29022]]}},{"type":"Feature","properties":{},"geometry":{"type":"LineString","coordinates":[[30.36247,52.29097],[30.36178,52.29022]]}},{"type":"Feature","properties":{},"geometry":{"type":"LineString","coordinates":[[30.36157,52.28961],[30.36168,52.28869]]}},{"type":"Feature","properties":{},"geometry":{"type":"LineString","coordinates":[[30.36157,52.28961],[30.36237,52.2895]]}},{"type":"Feature","properties":{},"geometry":{"type":"LineString","coordinates":[[30.3626,52.29011],[30.36247,52.29097]]}},{"type":"Feature","properties":{},"geometry":{"type":"LineString","coordinates":[[30.36168,52.28869],[30.36237,52.2895]]}},{"type":"Feature","properties":{},"geometry":{"type":"LineString","coordinates":[[30.36265,52.29007],[30.3626,52.29011]]}},{"type":"Feature","properties":{},"geometry":{"type":"LineString","coordinates":[[30.36237,52.2895],[30.36247,52.28954]]}},{"type":"Feature","properties":{},"geometry":{"type":"LineString","coordinates":[[30.36247,52.28954],[30.36265,52.29007]]}},{"type":"Feature","properties":{},"geometry":{"type":"LineString","coordinates":[[30.51837,52.31836],[30.46941,52.29205],[30.37991,52.28867],[30.36265,52.29007]]}},{"type":"Feature","properties":{},"geometry":{"type":"LineString","coordinates":[[30.36247,52.28954],[30.46949,52.29196],[30.51837,52.31836]]}},{"type":"Feature","properties":{},"geometry":{"type":"LineString","coordinates":[[31.04904,53.77359],[31.16276,53.81516],[31.34077,53.8679],[31.39698,53.89542],[31.4397,53.92208],[31.47136,53.93515],[31.48825,53.9397],[31.50729,53.95374],[31.55084,53.96658],[31.573,53.97896],[31.60111,53.98601],[31.61834,53.99593],[31.63609,54.00303],[31.66043,54.00521],[31.69904,54.0146]]}},{"type":"Feature","properties":{},"geometry":{"type":"LineString","coordinates":[[31.04904,53.77359],[31.105,53.74136],[31.17531,53.68108],[31.2479,53.66063],[31.3482,53.58522]]}},{"type":"Feature","properties":{},"geometry":{"type":"LineString","coordinates":[[30.56925,52.7202],[30.57239,52.72507]]}},{"type":"Feature","properties":{},"geometry":{"type":"LineString","coordinates":[[30.56925,52.7202],[30.56776,52.71749],[30.58046,52.71803]]}},{"type":"Feature","properties":{},"geometry":{"type":"LineString","coordinates":[[30.57239,52.72507],[30.58788,52.74672],[30.56911,52.77835],[30.57066,52.78413],[30.58405,52.79953],[30.6097,52.80942],[30.67791,52.81688],[30.69798,52.8112],[30.72179,52.81884]]}},{"type":"Feature","properties":{},"geometry":{"type":"LineString","coordinates":[[30.57239,52.72507],[30.58018,52.72206],[30.58046,52.71803]]}},{"type":"Feature","properties":{},"geometry":{"type":"LineString","coordinates":[[30.94708,53.54884],[30.99959,53.51163],[31.00704,53.49772],[31.02042,53.48627],[31.02215,53.46604],[31.01667,53.46073]]}},{"type":"Feature","properties":{},"geometry":{"type":"LineString","coordinates":[[30.58046,52.71803],[30.59021,52.70157],[30.62476,52.67102],[30.63741,52.66181],[30.68141,52.63961],[30.72926,52.59246],[30.73188,52.59294],[30.73115,52.59522],[30.73549,52.59542],[30.78271,52.59093],[30.8163,52.60054],[30.84647,52.59664]]}},{"type":"Feature","properties":{},"geometry":{"type":"LineString","coordinates":[[31.02965,53.45908],[31.01276,53.46239],[30.99554,53.46161],[30.9824,53.45496],[30.97536,53.44432]]}},{"type":"Feature","properties":{},"geometry":{"type":"LineString","coordinates":[[30.46598,52.29248],[30.46998,52.28522]]}},{"type":"Feature","properties":{},"geometry":{"type":"LineString","coordinates":[[30.46998,52.28522],[30.46614,52.29243]]}},{"type":"Feature","properties":{},"geometry":{"type":"LineString","coordinates":[[30.24836,51.77675],[30.24885,51.77648]]}},{"type":"Feature","properties":{},"geometry":{"type":"LineString","coordinates":[[30.24901,51.77673],[30.24836,51.77675]]}},{"type":"Feature","properties":{},"geometry":{"type":"LineString","coordinates":[[30.24901,51.77673],[30.24885,51.77648]]}},{"type":"Feature","properties":{},"geometry":{"type":"LineString","coordinates":[[30.24885,51.77648],[30.24958,51.77628]]}},{"type":"Feature","properties":{},"geometry":{"type":"LineString","coordinates":[[30.24922,51.77679],[30.24901,51.77673]]}},{"type":"Feature","properties":{},"geometry":{"type":"LineString","coordinates":[[30.24963,51.77672],[30.24922,51.77679]]}},{"type":"Feature","properties":{},"geometry":{"type":"LineString","coordinates":[[30.2496,51.77698],[30.24922,51.77679]]}},{"type":"Feature","properties":{},"geometry":{"type":"LineString","coordinates":[[30.77273,51.93498],[30.77522,51.92721],[30.77062,51.9252],[30.75392,51.9191],[30.72841,51.91435],[30.67851,51.89316],[30.62855,51.8769],[30.60398,51.87597],[30.57649,51.86996],[30.54954,51.87673],[30.51554,51.88028],[30.50503,51.87818],[30.48284,51.8539],[30.46193,51.84694],[30.45256,51.84159],[30.42123,51.83513],[30.40569,51.82449],[30.35362,51.80641],[30.32363,51.80838],[30.30935,51.82471],[30.26338,51.79788],[30.2496,51.77698]]}},{"type":"Feature","properties":{},"geometry":{"type":"LineString","coordinates":[[30.24963,51.77672],[30.2496,51.77698]]}},{"type":"Feature","properties":{},"geometry":{"type":"LineString","coordinates":[[30.24975,51.7766],[30.24963,51.77672]]}},{"type":"Feature","properties":{},"geometry":{"type":"LineString","coordinates":[[30.24958,51.77628],[30.25026,51.77636]]}},{"type":"Feature","properties":{},"geometry":{"type":"LineString","coordinates":[[30.24958,51.77628],[30.24975,51.7766]]}},{"type":"Feature","properties":{},"geometry":{"type":"LineString","coordinates":[[30.25026,51.77636],[30.24975,51.7766]]}},{"type":"Feature","properties":{},"geometry":{"type":"LineString","coordinates":[[30.25026,51.77636],[30.27408,51.77274],[30.29038,51.77504],[30.30111,51.76799],[30.30472,51.75691],[30.35192,51.71063],[30.34638,51.69366],[30.34881,51.67876],[30.397,51.6685],[30.42082,51.66869],[30.43678,51.6567],[30.44167,51.648],[30.48477,51.63102],[30.47132,51.607],[30.47029,51.59594],[30.49543,51.56991],[30.4954,51.56217],[30.50054,51.55629],[30.50447,51.52066],[30.49871,51.50912],[30.50786,51.50087],[30.51794,51.47534],[30.53721,51.45037],[30.55898,51.43204],[30.57361,51.40884],[30.57097,51.37434],[30.59894,51.37865],[30.6436,51.39499]]}},{"type":"Feature","properties":{},"geometry":{"type":"LineString","coordinates":[[30.46998,52.28522],[30.47937,52.26828],[30.52507,52.21565],[30.56934,52.17451],[30.60349,52.14832],[30.64003,52.11141],[30.67924,52.04539],[30.71282,52.00949],[30.76295,51.96807],[30.7817,51.95943],[30.77596,51.95041],[30.77239,51.93612]]}},{"type":"Feature","properties":{},"geometry":{"type":"LineString","coordinates":[[30.72179,52.81884],[30.75379,52.83584],[30.82772,52.85397],[30.89349,52.89175]]}},{"type":"Feature","properties":{},"geometry":{"type":"LineString","coordinates":[[30.84904,52.59742],[30.85615,52.60209],[30.85687,52.60612],[30.82092,52.67052],[30.78314,52.73345],[30.72179,52.81884]]}},{"type":"Feature","properties":{},"geometry":{"type":"LineString","coordinates":[[31.03297,53.45972],[31.02965,53.45908]]}},{"type":"Feature","properties":{},"geometry":{"type":"LineString","coordinates":[[31.02965,53.45908],[31.03297,53.45972]]}},{"type":"Feature","properties":{},"geometry":{"type":"LineString","coordinates":[[30.51837,52.31836],[30.53431,52.32752]]}},{"type":"Feature","properties":{},"geometry":{"type":"LineString","coordinates":[[31.34894,53.58389],[31.32893,53.57208],[31.32415,53.56215],[31.32451,53.55522],[31.31979,53.55131],[31.03297,53.45972]]}},{"type":"Feature","properties":{},"geometry":{"type":"LineString","coordinates":[[30.53431,52.32752],[30.55213,52.33857],[30.56621,52.34443],[30.62941,52.3583],[30.65059,52.36031],[30.69418,52.35679],[30.7214,52.3597],[30.82227,52.38663],[30.83971,52.38841],[30.907,52.40302]]}},{"type":"Feature","properties":{},"geometry":{"type":"LineString","coordinates":[[30.907,52.40302],[30.83968,52.38854],[30.82147,52.38657],[30.72134,52.35982],[30.69414,52.35691],[30.65054,52.36042],[30.62936,52.35843],[30.56612,52.34455],[30.55199,52.33866],[30.53431,52.32752]]}},{"type":"Feature","properties":{},"geometry":{"type":"LineString","coordinates":[[30.98814,52.89102],[30.94788,52.88765],[30.9209,52.89129],[30.90549,52.88985],[30.89349,52.89175]]}},{"type":"Feature","properties":{},"geometry":{"type":"LineString","coordinates":[[30.84647,52.59664],[30.84717,52.59627]]}},{"type":"Feature","properties":{},"geometry":{"type":"LineString","coordinates":[[30.84754,52.59676],[30.84647,52.59664]]}},{"type":"Feature","properties":{},"geometry":{"type":"LineString","coordinates":[[30.84667,52.59532],[30.84799,52.59607]]}},{"type":"Feature","properties":{},"geometry":{"type":"LineString","coordinates":[[30.84717,52.59624],[30.84667,52.59532]]}},{"type":"Feature","properties":{},"geometry":{"type":"LineString","coordinates":[[30.84667,52.59532],[30.81927,52.55181],[30.81535,52.5335],[30.81829,52.49347]]}},{"type":"Feature","properties":{},"geometry":{"type":"LineString","coordinates":[[30.84754,52.59676],[30.84717,52.59627]]}},{"type":"Feature","properties":{},"geometry":{"type":"LineString","coordinates":[[30.84717,52.59627],[30.84717,52.59624]]}},{"type":"Feature","properties":{},"geometry":{"type":"LineString","coordinates":[[30.84717,52.59624],[30.84799,52.59607]]}},{"type":"Feature","properties":{},"geometry":{"type":"LineString","coordinates":[[30.84772,52.59686],[30.84754,52.59676]]}},{"type":"Feature","properties":{},"geometry":{"type":"LineString","coordinates":[[30.84855,52.59663],[30.84772,52.59686]]}},{"type":"Feature","properties":{},"geometry":{"type":"LineString","coordinates":[[30.84904,52.59742],[30.84772,52.59686]]}},{"type":"Feature","properties":{},"geometry":{"type":"LineString","coordinates":[[30.84799,52.59607],[30.84814,52.59614]]}},{"type":"Feature","properties":{},"geometry":{"type":"LineString","coordinates":[[30.84814,52.59614],[30.84908,52.5963]]}},{"type":"Feature","properties":{},"geometry":{"type":"LineString","coordinates":[[30.84814,52.59614],[30.84855,52.59661]]}},{"type":"Feature","properties":{},"geometry":{"type":"LineString","coordinates":[[30.84855,52.59663],[30.84904,52.59742]]}},{"type":"Feature","properties":{},"geometry":{"type":"LineString","coordinates":[[30.84855,52.59661],[30.84855,52.59663]]}},{"type":"Feature","properties":{},"geometry":{"type":"LineString","coordinates":[[30.84908,52.5963],[30.84855,52.59661]]}},{"type":"Feature","properties":{},"geometry":{"type":"LineString","coordinates":[[30.84908,52.5963],[30.86323,52.59443]]}},{"type":"Feature","properties":{},"geometry":{"type":"LineString","coordinates":[[30.98814,52.89102],[30.9813,52.93001],[30.96166,52.9336],[30.95658,52.93861],[30.96612,52.94118],[30.9718,52.94959],[31.01304,52.95419],[31.05447,52.97075],[31.14239,52.97679],[31.16542,52.99326],[31.19142,52.99598],[31.27732,53.06716],[31.28696,53.08821],[31.3003,53.10234],[31.29987,53.11807],[31.28822,53.13411],[31.28002,53.15516],[31.2808,53.16985],[31.2908,53.18385],[31.34613,53.19272],[31.35855,53.19822],[31.36184,53.20286],[31.3687,53.23769],[31.37653,53.25545],[31.38014,53.25991],[31.40129,53.26912],[31.41393,53.28669],[31.40437,53.30714],[31.40267,53.31603],[31.40649,53.3264],[31.40189,53.33588],[31.41401,53.33607]]}},{"type":"Feature","properties":{},"geometry":{"type":"LineString","coordinates":[[31.16284,52.56925],[31.15994,52.57679],[31.16935,52.58483],[31.18928,52.58666],[31.20397,52.57969],[31.26902,52.61553],[31.32933,52.63792],[31.34894,52.64719],[31.36624,52.65584],[31.38796,52.67123],[31.40048,52.7243],[31.37254,52.79349],[31.32138,52.79348],[31.14724,52.85081],[31.1185,52.8713],[30.98814,52.89102]]}},{"type":"Feature","properties":{},"geometry":{"type":"LineString","coordinates":[[30.86323,52.59443],[30.85961,52.60103]]}},{"type":"Feature","properties":{},"geometry":{"type":"LineString","coordinates":[[30.81829,52.49347],[30.81948,52.48589]]}},{"type":"Feature","properties":{},"geometry":{"type":"LineString","coordinates":[[30.81948,52.48589],[30.81829,52.49347]]}},{"type":"Feature","properties":{},"geometry":{"type":"LineString","coordinates":[[30.96832,52.48527],[30.91362,52.53903],[30.86323,52.59443]]}},{"type":"Feature","properties":{},"geometry":{"type":"LineString","coordinates":[[30.81948,52.48589],[30.82481,52.45396]]}},{"type":"Feature","properties":{},"geometry":{"type":"LineString","coordinates":[[30.82481,52.45396],[30.8246,52.45323]]}},{"type":"Feature","properties":{},"geometry":{"type":"LineString","coordinates":[[30.8254,52.45322],[30.82481,52.45396]]}},{"type":"Feature","properties":{},"geometry":{"type":"LineString","coordinates":[[30.8254,52.45322],[30.8246,52.45323]]}},{"type":"Feature","properties":{},"geometry":{"type":"LineString","coordinates":[[30.8246,52.45323],[30.82452,52.45247]]}},{"type":"Feature","properties":{},"geometry":{"type":"LineString","coordinates":[[30.82452,52.45247],[30.82491,52.45142]]}},{"type":"Feature","properties":{},"geometry":{"type":"LineString","coordinates":[[30.82452,52.45247],[30.82544,52.45239]]}},{"type":"Feature","properties":{},"geometry":{"type":"LineString","coordinates":[[30.82544,52.45239],[30.8254,52.45322]]}},{"type":"Feature","properties":{},"geometry":{"type":"LineString","coordinates":[[30.82491,52.45142],[30.82544,52.45239]]}},{"type":"Feature","properties":{},"geometry":{"type":"LineString","coordinates":[[30.82491,52.45142],[30.82831,52.39202]]}},{"type":"Feature","properties":{},"geometry":{"type":"LineString","coordinates":[[31.3482,53.58522],[31.34965,53.58452]]}},{"type":"Feature","properties":{},"geometry":{"type":"LineString","coordinates":[[31.35013,53.58485],[31.3482,53.58522]]}},{"type":"Feature","properties":{},"geometry":{"type":"LineString","coordinates":[[31.34894,53.58389],[31.35014,53.58422]]}},{"type":"Feature","properties":{},"geometry":{"type":"LineString","coordinates":[[31.34965,53.5845],[31.34894,53.58389]]}},{"type":"Feature","properties":{},"geometry":{"type":"LineString","coordinates":[[31.35013,53.58485],[31.34965,53.58452]]}},{"type":"Feature","properties":{},"geometry":{"type":"LineString","coordinates":[[31.34965,53.58452],[31.34965,53.5845]]}},{"type":"Feature","properties":{},"geometry":{"type":"LineString","coordinates":[[31.34965,53.5845],[31.35014,53.58422]]}},{"type":"Feature","properties":{},"geometry":{"type":"LineString","coordinates":[[31.35031,53.58484],[31.35013,53.58485]]}},{"type":"Feature","properties":{},"geometry":{"type":"LineString","coordinates":[[31.35072,53.58452],[31.35031,53.58484]]}},{"type":"Feature","properties":{},"geometry":{"type":"LineString","coordinates":[[31.35201,53.58527],[31.35031,53.58484]]}},{"type":"Feature","properties":{},"geometry":{"type":"LineString","coordinates":[[31.35014,53.58422],[31.35019,53.58422]]}},{"type":"Feature","properties":{},"geometry":{"type":"LineString","coordinates":[[31.35019,53.58422],[31.35233,53.58377]]}},{"type":"Feature","properties":{},"geometry":{"type":"LineString","coordinates":[[31.35019,53.58422],[31.35072,53.58451]]}},{"type":"Feature","properties":{},"geometry":{"type":"LineString","coordinates":[[31.35072,53.58452],[31.35201,53.58527]]}},{"type":"Feature","properties":{},"geometry":{"type":"LineString","coordinates":[[31.35072,53.58451],[31.35072,53.58452]]}},{"type":"Feature","properties":{},"geometry":{"type":"LineString","coordinates":[[31.35233,53.58377],[31.35072,53.58451]]}},{"type":"Feature","properties":{},"geometry":{"type":"LineString","coordinates":[[31.72213,53.70573],[31.70831,53.70449],[31.69968,53.70092],[31.68103,53.67882],[31.45393,53.59667],[31.43441,53.59398],[31.40321,53.59587],[31.36838,53.59049],[31.35201,53.58527]]}},{"type":"Feature","properties":{},"geometry":{"type":"LineString","coordinates":[[31.35233,53.58377],[31.37031,53.57726],[31.3811,53.56959],[31.40983,53.5622],[31.41223,53.55776]]}},{"type":"Feature","properties":{},"geometry":{"type":"LineString","coordinates":[[30.387,51.32328],[30.3687,51.31017],[30.34958,51.30298]]}},{"type":"Feature","properties":{},"geometry":{"type":"LineString","coordinates":[[30.82831,52.39202],[30.82747,52.38266]]}},{"type":"Feature","properties":{},"geometry":{"type":"LineString","coordinates":[[30.82747,52.38266],[30.82831,52.39202]]}},{"type":"Feature","properties":{},"geometry":{"type":"LineString","coordinates":[[30.82747,52.38266],[30.82836,52.35677],[30.85988,52.32424],[30.91013,52.3067],[30.94621,52.28993],[31.02281,52.28469]]}},{"type":"Feature","properties":{},"geometry":{"type":"LineString","coordinates":[[30.886,52.43754],[30.88542,52.43757]]}},{"type":"Feature","properties":{},"geometry":{"type":"LineString","coordinates":[[30.88616,52.43847],[30.88542,52.43757]]}},{"type":"Feature","properties":{},"geometry":{"type":"LineString","coordinates":[[30.88542,52.43757],[30.88538,52.43715]]}},{"type":"Feature","properties":{},"geometry":{"type":"LineString","coordinates":[[30.88538,52.43715],[30.88668,52.43072]]}},{"type":"Feature","properties":{},"geometry":{"type":"LineString","coordinates":[[30.88538,52.43715],[30.88589,52.43711]]}},{"type":"Feature","properties":{},"geometry":{"type":"LineString","coordinates":[[30.93142,52.4726],[30.92056,52.46836],[30.90252,52.45717],[30.88616,52.43847]]}},{"type":"Feature","properties":{},"geometry":{"type":"LineString","coordinates":[[30.886,52.43754],[30.88616,52.43847]]}},{"type":"Feature","properties":{},"geometry":{"type":"LineString","coordinates":[[30.88589,52.43711],[30.886,52.43754]]}},{"type":"Feature","properties":{},"geometry":{"type":"LineString","coordinates":[[30.88732,52.43073],[30.88589,52.43711]]}},{"type":"Feature","properties":{},"geometry":{"type":"LineString","coordinates":[[30.88732,52.43073],[30.88668,52.43072]]}},{"type":"Feature","properties":{},"geometry":{"type":"LineString","coordinates":[[30.88668,52.43072],[30.88687,52.43029]]}},{"type":"Feature","properties":{},"geometry":{"type":"LineString","coordinates":[[30.88687,52.43029],[30.88748,52.42995]]}},{"type":"Feature","properties":{},"geometry":{"type":"LineString","coordinates":[[30.88687,52.43029],[30.8874,52.43042]]}},{"type":"Feature","properties":{},"geometry":{"type":"LineString","coordinates":[[30.8874,52.43042],[30.88732,52.43073]]}},{"type":"Feature","properties":{},"geometry":{"type":"LineString","coordinates":[[30.88748,52.42995],[30.8874,52.43042]]}},{"type":"Feature","properties":{},"geometry":{"type":"LineString","coordinates":[[30.88748,52.42995],[30.88874,52.42705]]}},{"type":"Feature","properties":{},"geometry":{"type":"LineString","coordinates":[[30.88874,52.42705],[30.88873,52.4264]]}},{"type":"Feature","properties":{},"geometry":{"type":"LineString","coordinates":[[30.88921,52.42655],[30.88874,52.42705]]}},{"type":"Feature","properties":{},"geometry":{"type":"LineString","coordinates":[[30.88921,52.42655],[30.88873,52.4264]]}},{"type":"Feature","properties":{},"geometry":{"type":"LineString","coordinates":[[30.88873,52.4264],[30.88881,52.42625]]}},{"type":"Feature","properties":{},"geometry":{"type":"LineString","coordinates":[[30.88881,52.42625],[30.8893,52.42581]]}},{"type":"Feature","properties":{},"geometry":{"type":"LineString","coordinates":[[30.88881,52.42625],[30.88934,52.42625]]}},{"type":"Feature","properties":{},"geometry":{"type":"LineString","coordinates":[[30.88926,52.42653],[30.88921,52.42655]]}},{"type":"Feature","properties":{},"geometry":{"type":"LineString","coordinates":[[30.88938,52.42629],[30.88926,52.42653]]}},{"type":"Feature","properties":{},"geometry":{"type":"LineString","coordinates":[[30.88982,52.4265],[30.88926,52.42653]]}},{"type":"Feature","properties":{},"geometry":{"type":"LineString","coordinates":[[30.88934,52.42625],[30.88938,52.42629]]}},{"type":"Feature","properties":{},"geometry":{"type":"LineString","coordinates":[[30.8893,52.42581],[30.88934,52.42625]]}},{"type":"Feature","properties":{},"geometry":{"type":"LineString","coordinates":[[30.88938,52.42629],[30.88982,52.4265]]}},{"type":"Feature","properties":{},"geometry":{"type":"LineString","coordinates":[[30.8893,52.42581],[30.907,52.40302]]}},{"type":"Feature","properties":{},"geometry":{"type":"LineString","coordinates":[[30.96792,52.41949],[30.91781,52.4263],[30.88982,52.4265]]}},{"type":"Feature","properties":{},"geometry":{"type":"LineString","coordinates":[[31.41223,53.55776],[31.48511,53.56006],[31.51512,53.5545],[31.52194,53.54834],[31.52765,53.54913],[31.5349,53.53842],[31.56641,53.52808],[31.57276,53.52013],[31.59766,53.50779],[31.61129,53.51233],[31.6501,53.51667],[31.66377,53.50986],[31.71089,53.50691],[31.73142,53.4803],[31.74098,53.47462],[31.76428,53.47404],[31.78354,53.47016],[31.80016,53.46089],[31.82808,53.4594],[31.87436,53.44576],[31.88675,53.44478],[31.90398,53.44919],[31.91738,53.44698],[31.93542,53.43446],[31.95501,53.43088],[31.96351,53.42473],[31.98557,53.41848],[32.00114,53.40854],[32.01955,53.40565],[32.02307,53.40248],[32.02601,53.4054],[32.02857,53.40507],[32.05397,53.39206],[32.05702,53.38483]]}},{"type":"Feature","properties":{},"geometry":{"type":"LineString","coordinates":[[31.41223,53.55776],[31.42031,53.5464],[31.41578,53.53356],[31.40096,53.51263],[31.40058,53.50138],[31.39084,53.49568],[31.38059,53.47887],[31.38317,53.46804],[31.38061,53.43304],[31.39782,53.39223],[31.40799,53.38029],[31.41791,53.34889],[31.41537,53.33673]]}},{"type":"Feature","properties":{},"geometry":{"type":"LineString","coordinates":[[30.93142,52.4726],[30.94145,52.47605]]}},{"type":"Feature","properties":{},"geometry":{"type":"LineString","coordinates":[[30.94145,52.47605],[30.93142,52.4726]]}},{"type":"Feature","properties":{},"geometry":{"type":"LineString","coordinates":[[30.907,52.40302],[30.94786,52.41117],[30.96766,52.41839]]}},{"type":"Feature","properties":{},"geometry":{"type":"LineString","coordinates":[[30.96832,52.48527],[30.94145,52.47605]]}},{"type":"Feature","properties":{},"geometry":{"type":"LineString","coordinates":[[30.94661,52.46427],[30.94626,52.46427]]}},{"type":"Feature","properties":{},"geometry":{"type":"LineString","coordinates":[[30.94626,52.46427],[30.94633,52.46395]]}},{"type":"Feature","properties":{},"geometry":{"type":"LineString","coordinates":[[30.94633,52.46395],[30.94726,52.46322]]}},{"type":"Feature","properties":{},"geometry":{"type":"LineString","coordinates":[[30.94633,52.46395],[30.94673,52.46412]]}},{"type":"Feature","properties":{},"geometry":{"type":"LineString","coordinates":[[30.94673,52.46412],[30.94661,52.46427]]}},{"type":"Feature","properties":{},"geometry":{"type":"LineString","coordinates":[[30.94726,52.46322],[30.94673,52.46412]]}},{"type":"Feature","properties":{},"geometry":{"type":"LineString","coordinates":[[30.95982,52.45553],[30.94726,52.46322]]}},{"type":"Feature","properties":{},"geometry":{"type":"LineString","coordinates":[[30.97755,52.47375],[30.96832,52.48527]]}},{"type":"Feature","properties":{},"geometry":{"type":"LineString","coordinates":[[30.95982,52.45553],[30.97353,52.46635]]}},{"type":"Feature","properties":{},"geometry":{"type":"LineString","coordinates":[[30.97788,52.43994],[30.95982,52.45553]]}},{"type":"Feature","properties":{},"geometry":{"type":"LineString","coordinates":[[31.69953,54.01534],[31.69104,54.02129]]}},{"type":"Feature","properties":{},"geometry":{"type":"LineString","coordinates":[[30.97353,52.46635],[30.98157,52.46845]]}},{"type":"Feature","properties":{},"geometry":{"type":"LineString","coordinates":[[30.9815,52.46855],[30.97353,52.46635]]}},{"type":"Feature","properties":{},"geometry":{"type":"LineString","coordinates":[[30.97755,52.47375],[30.98912,52.48012],[31.00146,52.49244],[31.01483,52.52034]]}},{"type":"Feature","properties":{},"geometry":{"type":"LineString","coordinates":[[30.98089,52.46947],[30.97755,52.47375]]}},{"type":"Feature","properties":{},"geometry":{"type":"LineString","coordinates":[[30.98089,52.46947],[30.9815,52.46855]]}},{"type":"Feature","properties":{},"geometry":{"type":"LineString","coordinates":[[30.98169,52.46859],[30.98089,52.46947]]}},{"type":"Feature","properties":{},"geometry":{"type":"LineString","coordinates":[[30.98169,52.46859],[30.9815,52.46855]]}},{"type":"Feature","properties":{},"geometry":{"type":"LineString","coordinates":[[30.9815,52.46855],[30.98157,52.46845]]}},{"type":"Feature","properties":{},"geometry":{"type":"LineString","coordinates":[[30.98157,52.46845],[30.98175,52.46849]]}},{"type":"Feature","properties":{},"geometry":{"type":"LineString","coordinates":[[30.98157,52.46845],[30.98443,52.46498]]}},{"type":"Feature","properties":{},"geometry":{"type":"LineString","coordinates":[[30.98433,52.46934],[30.98169,52.46859]]}},{"type":"Feature","properties":{},"geometry":{"type":"LineString","coordinates":[[30.98175,52.46849],[30.98169,52.46859]]}},{"type":"Feature","properties":{},"geometry":{"type":"LineString","coordinates":[[30.98175,52.46849],[30.98445,52.46924]]}},{"type":"Feature","properties":{},"geometry":{"type":"LineString","coordinates":[[30.98443,52.46498],[30.98175,52.46849]]}},{"type":"Feature","properties":{},"geometry":{"type":"LineString","coordinates":[[31.69904,54.0146],[31.69999,54.01476]]}},{"type":"Feature","properties":{},"geometry":{"type":"LineString","coordinates":[[31.69985,54.01494],[31.69904,54.0146]]}},{"type":"Feature","properties":{},"geometry":{"type":"LineString","coordinates":[[31.69953,54.01534],[31.69988,54.015]]}},{"type":"Feature","properties":{},"geometry":{"type":"LineString","coordinates":[[31.70011,54.0151],[31.69953,54.01534]]}},{"type":"Feature","properties":{},"geometry":{"type":"LineString","coordinates":[[31.69988,54.015],[31.69985,54.01494]]}},{"type":"Feature","properties":{},"geometry":{"type":"LineString","coordinates":[[31.69985,54.01494],[31.69999,54.01476]]}},{"type":"Feature","properties":{},"geometry":{"type":"LineString","coordinates":[[31.70011,54.0151],[31.69988,54.015]]}},{"type":"Feature","properties":{},"geometry":{"type":"LineString","coordinates":[[31.70044,54.01482],[31.70011,54.0151]]}},{"type":"Feature","properties":{},"geometry":{"type":"LineString","coordinates":[[31.69999,54.01476],[31.70017,54.01473]]}},{"type":"Feature","properties":{},"geometry":{"type":"LineString","coordinates":[[31.70017,54.01473],[31.70044,54.01482]]}},{"type":"Feature","properties":{},"geometry":{"type":"LineString","coordinates":[[31.70017,54.01473],[31.70076,54.01448]]}},{"type":"Feature","properties":{},"geometry":{"type":"LineString","coordinates":[[31.70076,54.01448],[31.70044,54.01482]]}},{"type":"Feature","properties":{},"geometry":{"type":"LineString","coordinates":[[31.74366,53.99456],[31.72535,53.99766],[31.70076,54.01448]]}},{"type":"Feature","properties":{},"geometry":{"type":"LineString","coordinates":[[30.98456,52.46944],[30.98433,52.46934]]}},{"type":"Feature","properties":{},"geometry":{"type":"LineString","coordinates":[[30.98433,52.46934],[30.98445,52.46924]]}},{"type":"Feature","properties":{},"geometry":{"type":"LineString","coordinates":[[30.98445,52.46924],[30.98467,52.46932]]}},{"type":"Feature","properties":{},"geometry":{"type":"LineString","coordinates":[[31.00232,52.47324],[30.98456,52.46944]]}},{"type":"Feature","properties":{},"geometry":{"type":"LineString","coordinates":[[30.98467,52.46932],[30.98456,52.46944]]}},{"type":"Feature","properties":{},"geometry":{"type":"LineString","coordinates":[[30.98467,52.46932],[31.00232,52.47324]]}},{"type":"Feature","properties":{},"geometry":{"type":"LineString","coordinates":[[30.991,52.45673],[30.98443,52.46498]]}},{"type":"Feature","properties":{},"geometry":{"type":"LineString","coordinates":[[30.96792,52.41949],[30.96823,52.41922]]}},{"type":"Feature","properties":{},"geometry":{"type":"LineString","coordinates":[[30.96863,52.41943],[30.96792,52.41949]]}},{"type":"Feature","properties":{},"geometry":{"type":"LineString","coordinates":[[30.96766,52.41839],[30.96871,52.41874]]}},{"type":"Feature","properties":{},"geometry":{"type":"LineString","coordinates":[[30.96818,52.41899],[30.96766,52.41839]]}},{"type":"Feature","properties":{},"geometry":{"type":"LineString","coordinates":[[30.96863,52.41943],[30.96823,52.41922]]}},{"type":"Feature","properties":{},"geometry":{"type":"LineString","coordinates":[[30.96823,52.41922],[30.96818,52.41899]]}},{"type":"Feature","properties":{},"geometry":{"type":"LineString","coordinates":[[30.96818,52.41899],[30.96871,52.41874]]}},{"type":"Feature","properties":{},"geometry":{"type":"LineString","coordinates":[[30.97093,52.41922],[30.96863,52.41943]]}},{"type":"Feature","properties":{},"geometry":{"type":"LineString","coordinates":[[30.97248,52.41924],[30.97788,52.43994]]}},{"type":"Feature","properties":{},"geometry":{"type":"LineString","coordinates":[[31.0,52.4379],[30.97788,52.43994]]}},{"type":"Feature","properties":{},"geometry":{"type":"LineString","coordinates":[[30.96871,52.41874],[30.97353,52.41843]]}},{"type":"Feature","properties":{},"geometry":{"type":"LineString","coordinates":[[30.97093,52.41922],[30.97045,52.41935]]}},{"type":"Feature","properties":{},"geometry":{"type":"LineString","coordinates":[[30.97343,52.41898],[30.97093,52.41922]]}},{"type":"Feature","properties":{},"geometry":{"type":"LineString","coordinates":[[30.97228,52.4182],[30.97077,52.41211]]}},{"type":"Feature","properties":{},"geometry":{"type":"LineString","coordinates":[[30.97353,52.41843],[30.97343,52.41898]]}},{"type":"Feature","properties":{},"geometry":{"type":"LineString","coordinates":[[30.99824,52.41652],[30.97343,52.41898]]}},{"type":"Feature","properties":{},"geometry":{"type":"LineString","coordinates":[[30.97353,52.41843],[30.99824,52.41652]]}},{"type":"Feature","properties":{},"geometry":{"type":"LineString","coordinates":[[30.97077,52.41211],[30.97063,52.41151]]}},{"type":"Feature","properties":{},"geometry":{"type":"LineString","coordinates":[[30.97119,52.41171],[30.97077,52.41211]]}},{"type":"Feature","properties":{},"geometry":{"type":"LineString","coordinates":[[30.99025,52.45569],[30.99143,52.45618]]}},{"type":"Feature","properties":{},"geometry":{"type":"LineString","coordinates":[[30.991,52.45673],[30.99025,52.45569]]}},{"type":"Feature","properties":{},"geometry":{"type":"LineString","coordinates":[[30.99889,52.44008],[30.98956,52.45177],[30.99025,52.45569]]}},{"type":"Feature","properties":{},"geometry":{"type":"LineString","coordinates":[[30.97119,52.41171],[30.97063,52.41151]]}},{"type":"Feature","properties":{},"geometry":{"type":"LineString","coordinates":[[30.97063,52.41151],[30.97107,52.41098]]}},{"type":"Feature","properties":{},"geometry":{"type":"LineString","coordinates":[[30.99273,52.45789],[30.991,52.45673]]}},{"type":"Feature","properties":{},"geometry":{"type":"LineString","coordinates":[[30.99143,52.45618],[30.991,52.45673]]}},{"type":"Feature","properties":{},"geometry":{"type":"LineString","coordinates":[[30.97165,52.41112],[30.97119,52.41171]]}},{"type":"Feature","properties":{},"geometry":{"type":"LineString","coordinates":[[30.97107,52.41098],[30.97165,52.41112]]}},{"type":"Feature","properties":{},"geometry":{"type":"LineString","coordinates":[[30.97107,52.41098],[30.97158,52.41069]]}},{"type":"Feature","properties":{},"geometry":{"type":"LineString","coordinates":[[30.99143,52.45618],[30.99273,52.45789]]}},{"type":"Feature","properties":{},"geometry":{"type":"LineString","coordinates":[[31.00334,52.44082],[30.99143,52.45618]]}},{"type":"Feature","properties":{},"geometry":{"type":"LineString","coordinates":[[30.97158,52.41069],[30.97165,52.41112]]}},{"type":"Feature","properties":{},"geometry":{"type":"LineString","coordinates":[[30.97158,52.41069],[30.97735,52.40478]]}},{"type":"Feature","properties":{},"geometry":{"type":"LineString","coordinates":[[30.99273,52.45789],[31.00508,52.46332],[31.00948,52.47231]]}},{"type":"Feature","properties":{},"geometry":{"type":"LineString","coordinates":[[31.00948,52.47231],[31.00232,52.47324]]}},{"type":"Feature","properties":{},"geometry":{"type":"LineString","coordinates":[[30.97735,52.40478],[30.98411,52.40016]]}},{"type":"Feature","properties":{},"geometry":{"type":"LineString","coordinates":[[30.98424,52.40022],[30.97735,52.40478]]}},{"type":"Feature","properties":{},"geometry":{"type":"LineString","coordinates":[[30.7728,51.93581],[30.7722,51.93574]]}},{"type":"Feature","properties":{},"geometry":{"type":"LineString","coordinates":[[30.77239,51.93612],[30.7722,51.93574]]}},{"type":"Feature","properties":{},"geometry":{"type":"LineString","coordinates":[[30.7722,51.93574],[30.77244,51.93523]]}},{"type":"Feature","properties":{},"geometry":{"type":"LineString","coordinates":[[30.7728,51.93581],[30.77239,51.93612]]}},{"type":"Feature","properties":{},"geometry":{"type":"LineString","coordinates":[[30.77244,51.93523],[30.77273,51.93498]]}},{"type":"Feature","properties":{},"geometry":{"type":"LineString","coordinates":[[30.77244,51.93523],[30.7729,51.9353]]}},{"type":"Feature","properties":{},"geometry":{"type":"LineString","coordinates":[[30.7729,51.9353],[30.7728,51.93581]]}},{"type":"Feature","properties":{},"geometry":{"type":"LineString","coordinates":[[30.77273,51.93498],[30.7729,51.9353]]}},{"type":"Feature","properties":{},"geometry":{"type":"LineString","coordinates":[[31.00948,52.47231],[31.02651,52.49993],[31.04864,52.51256],[31.07448,52.52257],[31.10196,52.54115],[31.15059,52.5611],[31.1627,52.56815]]}},{"type":"Feature","properties":{},"geometry":{"type":"LineString","coordinates":[[31.0034,52.43438],[30.99355,52.43165]]}},{"type":"Feature","properties":{},"geometry":{"type":"LineString","coordinates":[[30.99355,52.43165],[30.99366,52.4309]]}},{"type":"Feature","properties":{},"geometry":{"type":"LineString","coordinates":[[30.99377,52.43106],[30.99355,52.43165]]}},{"type":"Feature","properties":{},"geometry":{"type":"LineString","coordinates":[[30.99366,52.4309],[30.99377,52.43106]]}},{"type":"Feature","properties":{},"geometry":{"type":"LineString","coordinates":[[30.99366,52.4309],[30.99418,52.43066]]}},{"type":"Feature","properties":{},"geometry":{"type":"LineString","coordinates":[[30.99377,52.43106],[31.00359,52.43413]]}},{"type":"Feature","properties":{},"geometry":{"type":"LineString","coordinates":[[30.99418,52.43066],[30.99377,52.43106]]}},{"type":"Feature","properties":{},"geometry":{"type":"LineString","coordinates":[[31.00896,52.42513],[30.99418,52.43066]]}},{"type":"Feature","properties":{},"geometry":{"type":"LineString","coordinates":[[30.99889,52.44008],[30.9988,52.43978]]}},{"type":"Feature","properties":{},"geometry":{"type":"LineString","coordinates":[[30.99919,52.43984],[30.99889,52.44008]]}},{"type":"Feature","properties":{},"geometry":{"type":"LineString","coordinates":[[30.99919,52.43984],[30.9988,52.43978]]}},{"type":"Feature","properties":{},"geometry":{"type":"LineString","coordinates":[[30.9988,52.43978],[30.99902,52.43953]]}},{"type":"Feature","properties":{},"geometry":{"type":"LineString","coordinates":[[30.99902,52.43953],[30.99927,52.43964]]}},{"type":"Feature","properties":{},"geometry":{"type":"LineString","coordinates":[[30.99902,52.43953],[30.99946,52.43932]]}},{"type":"Feature","properties":{},"geometry":{"type":"LineString","coordinates":[[30.99927,52.43964],[30.99919,52.43984]]}},{"type":"Feature","properties":{},"geometry":{"type":"LineString","coordinates":[[31.00334,52.44082],[30.99919,52.43984]]}},{"type":"Feature","properties":{},"geometry":{"type":"LineString","coordinates":[[30.99927,52.43964],[31.00342,52.44072]]}},{"type":"Feature","properties":{},"geometry":{"type":"LineString","coordinates":[[30.99946,52.43932],[30.99927,52.43964]]}},{"type":"Feature","properties":{},"geometry":{"type":"LineString","coordinates":[[31.00031,52.43829],[30.99946,52.43932]]}},{"type":"Feature","properties":{},"geometry":{"type":"LineString","coordinates":[[31.0,52.4379],[31.00047,52.43772]]}},{"type":"Feature","properties":{},"geometry":{"type":"LineString","coordinates":[[31.00045,52.4379],[31.0,52.4379]]}},{"type":"Feature","properties":{},"geometry":{"type":"LineString","coordinates":[[31.00031,52.43829],[31.00045,52.4379]]}},{"type":"Feature","properties":{},"geometry":{"type":"LineString","coordinates":[[31.0009,52.43792],[31.00031,52.43829]]}},{"type":"Feature","properties":{},"geometry":{"type":"LineString","coordinates":[[31.00045,52.4379],[31.00047,52.43772]]}},{"type":"Feature","properties":{},"geometry":{"type":"LineString","coordinates":[[31.00065,52.4379],[31.00045,52.4379]]}},{"type":"Feature","properties":{},"geometry":{"type":"LineString","coordinates":[[31.00065,52.4379],[31.00047,52.43772]]}},{"type":"Feature","properties":{},"geometry":{"type":"LineString","coordinates":[[31.00047,52.43772],[31.00074,52.43751]]}},{"type":"Feature","properties":{},"geometry":{"type":"LineString","coordinates":[[31.0009,52.43792],[31.00065,52.4379]]}},{"type":"Feature","properties":{},"geometry":{"type":"LineString","coordinates":[[30.98411,52.40016],[30.98424,52.40022]]}},{"type":"Feature","properties":{},"geometry":{"type":"LineString","coordinates":[[30.98411,52.40016],[30.99732,52.39174],[31.00416,52.37931],[31.00291,52.35382],[31.01046,52.35034],[31.03039,52.34996]]}},{"type":"Feature","properties":{},"geometry":{"type":"LineString","coordinates":[[31.00107,52.43786],[31.0009,52.43792]]}},{"type":"Feature","properties":{},"geometry":{"type":"LineString","coordinates":[[31.00074,52.43751],[31.0011,52.43732]]}},{"type":"Feature","properties":{},"geometry":{"type":"LineString","coordinates":[[31.00074,52.43751],[31.00097,52.43753]]}},{"type":"Feature","properties":{},"geometry":{"type":"LineString","coordinates":[[31.03039,52.34996],[31.0114,52.35036],[31.0031,52.35388],[31.00432,52.37934],[30.99754,52.39176],[30.98424,52.40022]]}},{"type":"Feature","properties":{},"geometry":{"type":"LineString","coordinates":[[31.00111,52.43761],[31.00107,52.43786]]}},{"type":"Feature","properties":{},"geometry":{"type":"LineString","coordinates":[[31.0019,52.43775],[31.00107,52.43786]]}},{"type":"Feature","properties":{},"geometry":{"type":"LineString","coordinates":[[31.00097,52.43753],[31.0011,52.43755]]}},{"type":"Feature","properties":{},"geometry":{"type":"LineString","coordinates":[[31.00097,52.43753],[31.00111,52.43761]]}},{"type":"Feature","properties":{},"geometry":{"type":"LineString","coordinates":[[31.0011,52.43755],[31.00111,52.43761]]}},{"type":"Feature","properties":{},"geometry":{"type":"LineString","coordinates":[[31.0011,52.43755],[31.0019,52.43775]]}},{"type":"Feature","properties":{},"geometry":{"type":"LineString","coordinates":[[31.0011,52.43732],[31.0011,52.43755]]}},{"type":"Feature","properties":{},"geometry":{"type":"LineString","coordinates":[[31.0034,52.43438],[31.0011,52.43732]]}},{"type":"Feature","properties":{},"geometry":{"type":"LineString","coordinates":[[31.00512,52.43869],[31.0019,52.43775]]}},{"type":"Feature","properties":{},"geometry":{"type":"LineString","coordinates":[[31.02168,52.44462],[31.00334,52.44082]]}},{"type":"Feature","properties":{},"geometry":{"type":"LineString","coordinates":[[31.00342,52.44072],[31.00334,52.44082]]}},{"type":"Feature","properties":{},"geometry":{"type":"LineString","coordinates":[[31.00342,52.44072],[31.02082,52.44426]]}},{"type":"Feature","properties":{},"geometry":{"type":"LineString","coordinates":[[31.00512,52.43869],[31.00342,52.44072]]}},{"type":"Feature","properties":{},"geometry":{"type":"LineString","coordinates":[[31.00773,52.43555],[31.00512,52.43869]]}},{"type":"Feature","properties":{},"geometry":{"type":"LineString","coordinates":[[31.4149,53.33617],[31.41401,53.33607]]}},{"type":"Feature","properties":{},"geometry":{"type":"LineString","coordinates":[[31.41401,53.33607],[31.41498,53.33593]]}},{"type":"Feature","properties":{},"geometry":{"type":"LineString","coordinates":[[31.00773,52.43555],[31.0034,52.43438]]}},{"type":"Feature","properties":{},"geometry":{"type":"LineString","coordinates":[[31.00359,52.43413],[31.0034,52.43438]]}},{"type":"Feature","properties":{},"geometry":{"type":"LineString","coordinates":[[31.00359,52.43413],[31.00788,52.43532]]}},{"type":"Feature","properties":{},"geometry":{"type":"LineString","coordinates":[[31.00496,52.4323],[31.00359,52.43413]]}},{"type":"Feature","properties":{},"geometry":{"type":"LineString","coordinates":[[31.41501,53.33625],[31.4149,53.33617]]}},{"type":"Feature","properties":{},"geometry":{"type":"LineString","coordinates":[[31.4149,53.33617],[31.41498,53.33593]]}},{"type":"Feature","properties":{},"geometry":{"type":"LineString","coordinates":[[31.41551,53.33622],[31.41501,53.33625]]}},{"type":"Feature","properties":{},"geometry":{"type":"LineString","coordinates":[[31.41537,53.33673],[31.41501,53.33625]]}},{"type":"Feature","properties":{},"geometry":{"type":"LineString","coordinates":[[31.41498,53.33593],[31.41534,53.33588]]}},{"type":"Feature","properties":{},"geometry":{"type":"LineString","coordinates":[[31.41551,53.33622],[31.41537,53.33673]]}},{"type":"Feature","properties":{},"geometry":{"type":"LineString","coordinates":[[31.41534,53.33588],[31.41558,53.33614]]}},{"type":"Feature","properties":{},"geometry":{"type":"LineString","coordinates":[[31.41534,53.33588],[31.4164,53.3357]]}},{"type":"Feature","properties":{},"geometry":{"type":"LineString","coordinates":[[31.41558,53.33614],[31.41551,53.33622]]}},{"type":"Feature","properties":{},"geometry":{"type":"LineString","coordinates":[[31.4164,53.3357],[31.41558,53.33614]]}},{"type":"Feature","properties":{},"geometry":{"type":"LineString","coordinates":[[31.4164,53.3357],[31.43627,53.33326],[31.49764,53.33559],[31.53309,53.32488],[31.60478,53.3205],[31.6372,53.32353],[31.68738,53.33523],[31.71893,53.33538],[31.77977,53.33086],[31.86907,53.31694],[31.9069,53.32091],[31.9661,53.32133],[31.99598,53.32738],[32.01094,53.33817]]}},{"type":"Feature","properties":{},"geometry":{"type":"LineString","coordinates":[[31.00505,52.43217],[31.00496,52.4323]]}},{"type":"Feature","properties":{},"geometry":{"type":"LineString","coordinates":[[31.00496,52.4323],[31.00505,52.43217]]}},{"type":"Feature","properties":{},"geometry":{"type":"LineString","coordinates":[[31.00707,52.42929],[31.00505,52.43217]]}},{"type":"Feature","properties":{},"geometry":{"type":"LineString","coordinates":[[31.00021,52.41639],[30.99824,52.41652]]}},{"type":"Feature","properties":{},"geometry":{"type":"LineString","coordinates":[[31.00788,52.43532],[31.00773,52.43555]]}},{"type":"Feature","properties":{},"geometry":{"type":"LineString","coordinates":[[31.0148,52.42528],[31.00788,52.43532]]}},{"type":"Feature","properties":{},"geometry":{"type":"LineString","coordinates":[[31.00896,52.42513],[31.00021,52.41639]]}},{"type":"Feature","properties":{},"geometry":{"type":"LineString","coordinates":[[31.00021,52.41639],[31.00467,52.41425]]}},{"type":"Feature","properties":{},"geometry":{"type":"LineString","coordinates":[[31.00406,52.4146],[31.00021,52.41639]]}},{"type":"Feature","properties":{},"geometry":{"type":"LineString","coordinates":[[31.00726,52.42909],[31.00707,52.42929]]}},{"type":"Feature","properties":{},"geometry":{"type":"LineString","coordinates":[[31.00707,52.42929],[31.00726,52.42909]]}},{"type":"Feature","properties":{},"geometry":{"type":"LineString","coordinates":[[31.00854,52.4273],[31.00726,52.42909]]}},{"type":"Feature","properties":{},"geometry":{"type":"LineString","coordinates":[[31.00863,52.42716],[31.00854,52.4273]]}},{"type":"Feature","properties":{},"geometry":{"type":"LineString","coordinates":[[31.00854,52.4273],[31.00863,52.42716]]}},{"type":"Feature","properties":{},"geometry":{"type":"LineString","coordinates":[[31.00863,52.42716],[31.00896,52.42513]]}},{"type":"Feature","properties":{},"geometry":{"type":"LineString","coordinates":[[31.00458,52.41443],[31.00406,52.4146]]}},{"type":"Feature","properties":{},"geometry":{"type":"LineString","coordinates":[[31.0053,52.41478],[31.00406,52.4146]]}},{"type":"Feature","properties":{},"geometry":{"type":"LineString","coordinates":[[31.01284,52.42366],[31.00896,52.42513]]}},{"type":"Feature","properties":{},"geometry":{"type":"LineString","coordinates":[[31.00491,52.41464],[31.00458,52.41443]]}},{"type":"Feature","properties":{},"geometry":{"type":"LineString","coordinates":[[31.00458,52.41443],[31.00467,52.41425]]}},{"type":"Feature","properties":{},"geometry":{"type":"LineString","coordinates":[[31.00526,52.41424],[31.00458,52.41443]]}},{"type":"Feature","properties":{},"geometry":{"type":"LineString","coordinates":[[31.00467,52.41425],[31.00491,52.41417]]}},{"type":"Feature","properties":{},"geometry":{"type":"LineString","coordinates":[[31.00536,52.41446],[31.00491,52.41464]]}},{"type":"Feature","properties":{},"geometry":{"type":"LineString","coordinates":[[31.0053,52.41478],[31.00491,52.41464]]}},{"type":"Feature","properties":{},"geometry":{"type":"LineString","coordinates":[[31.00491,52.41417],[31.00526,52.41424]]}},{"type":"Feature","properties":{},"geometry":{"type":"LineString","coordinates":[[31.00491,52.41417],[31.01773,52.40905]]}},{"type":"Feature","properties":{},"geometry":{"type":"LineString","coordinates":[[31.00541,52.41485],[31.0053,52.41478]]}},{"type":"Feature","properties":{},"geometry":{"type":"LineString","coordinates":[[31.01362,52.4232],[31.00541,52.41485]]}},{"type":"Feature","properties":{},"geometry":{"type":"LineString","coordinates":[[31.00536,52.41446],[31.00541,52.41485]]}},{"type":"Feature","properties":{},"geometry":{"type":"LineString","coordinates":[[31.00536,52.41435],[31.00536,52.41446]]}},{"type":"Feature","properties":{},"geometry":{"type":"LineString","coordinates":[[31.00526,52.41424],[31.00536,52.41435]]}},{"type":"Feature","properties":{},"geometry":{"type":"LineString","coordinates":[[31.00555,52.41414],[31.00526,52.41424]]}},{"type":"Feature","properties":{},"geometry":{"type":"LineString","coordinates":[[31.00555,52.41414],[31.00536,52.41435]]}},{"type":"Feature","properties":{},"geometry":{"type":"LineString","coordinates":[[31.0163,52.41005],[31.00555,52.41414]]}},{"type":"Feature","properties":{},"geometry":{"type":"LineString","coordinates":[[31.02082,52.44426],[31.02857,52.44445],[31.03817,52.46192],[31.02838,52.44459],[31.02082,52.44426]]}},{"type":"Feature","properties":{},"geometry":{"type":"LineString","coordinates":[[31.01284,52.42366],[31.0131,52.42356]]}},{"type":"Feature","properties":{},"geometry":{"type":"LineString","coordinates":[[31.01346,52.42369],[31.01284,52.42366]]}},{"type":"Feature","properties":{},"geometry":{"type":"LineString","coordinates":[[31.0131,52.42356],[31.01358,52.42332]]}},{"type":"Feature","properties":{},"geometry":{"type":"LineString","coordinates":[[31.0131,52.42356],[31.01354,52.42347]]}},{"type":"Feature","properties":{},"geometry":{"type":"LineString","coordinates":[[31.01362,52.42386],[31.01346,52.42369]]}},{"type":"Feature","properties":{},"geometry":{"type":"LineString","coordinates":[[31.01346,52.42369],[31.01354,52.42347]]}},{"type":"Feature","properties":{},"geometry":{"type":"LineString","coordinates":[[31.01464,52.42485],[31.01362,52.42386]]}},{"type":"Feature","properties":{},"geometry":{"type":"LineString","coordinates":[[31.01362,52.42386],[31.01412,52.42366]]}},{"type":"Feature","properties":{},"geometry":{"type":"LineString","coordinates":[[31.01354,52.42347],[31.01358,52.42332]]}},{"type":"Feature","properties":{},"geometry":{"type":"LineString","coordinates":[[31.01354,52.42347],[31.01388,52.42343]]}},{"type":"Feature","properties":{},"geometry":{"type":"LineString","coordinates":[[31.01358,52.42332],[31.01362,52.4232]]}},{"type":"Feature","properties":{},"geometry":{"type":"LineString","coordinates":[[31.01362,52.4232],[31.01388,52.42343]]}},{"type":"Feature","properties":{},"geometry":{"type":"LineString","coordinates":[[31.01388,52.42343],[31.01412,52.42366]]}},{"type":"Feature","properties":{},"geometry":{"type":"LineString","coordinates":[[31.0148,52.42528],[31.01464,52.42485]]}},{"type":"Feature","properties":{},"geometry":{"type":"LineString","coordinates":[[31.01509,52.42478],[31.0148,52.42528]]}},{"type":"Feature","properties":{},"geometry":{"type":"LineString","coordinates":[[31.01509,52.42478],[31.01464,52.42485]]}},{"type":"Feature","properties":{},"geometry":{"type":"LineString","coordinates":[[31.01412,52.42366],[31.01509,52.42478]]}},{"type":"Feature","properties":{},"geometry":{"type":"LineString","coordinates":[[31.74366,53.99456],[31.74439,53.9944]]}},{"type":"Feature","properties":{},"geometry":{"type":"LineString","coordinates":[[31.74434,53.99461],[31.74366,53.99456]]}},{"type":"Feature","properties":{},"geometry":{"type":"LineString","coordinates":[[31.74454,53.9956],[31.74428,53.99509]]}},{"type":"Feature","properties":{},"geometry":{"type":"LineString","coordinates":[[31.74428,53.99509],[31.74444,53.99468]]}},{"type":"Feature","properties":{},"geometry":{"type":"LineString","coordinates":[[31.74443,53.99494],[31.74428,53.99509]]}},{"type":"Feature","properties":{},"geometry":{"type":"LineString","coordinates":[[31.74454,53.9956],[31.74659,54.01056],[31.75671,54.01832],[31.75379,54.02378],[31.77773,54.02584],[31.8229,54.04454],[31.84834,54.04827],[31.87797,54.04877],[31.8873,54.05855]]}},{"type":"Feature","properties":{},"geometry":{"type":"LineString","coordinates":[[31.74443,53.99494],[31.74454,53.9956]]}},{"type":"Feature","properties":{},"geometry":{"type":"LineString","coordinates":[[31.7447,53.99471],[31.74443,53.99494]]}},{"type":"Feature","properties":{},"geometry":{"type":"LineString","coordinates":[[31.74444,53.99468],[31.74434,53.99461]]}},{"type":"Feature","properties":{},"geometry":{"type":"LineString","coordinates":[[31.74434,53.99461],[31.74439,53.9944]]}},{"type":"Feature","properties":{},"geometry":{"type":"LineString","coordinates":[[31.7447,53.99471],[31.74444,53.99468]]}},{"type":"Feature","properties":{},"geometry":{"type":"LineString","coordinates":[[31.74439,53.9944],[31.74446,53.99437]]}},{"type":"Feature","properties":{},"geometry":{"type":"LineString","coordinates":[[31.74446,53.99437],[31.74488,53.99406]]}},{"type":"Feature","properties":{},"geometry":{"type":"LineString","coordinates":[[31.74446,53.99437],[31.7449,53.99443]]}},{"type":"Feature","properties":{},"geometry":{"type":"LineString","coordinates":[[31.7449,53.99443],[31.7447,53.99471]]}},{"type":"Feature","properties":{},"geometry":{"type":"LineString","coordinates":[[31.74488,53.99406],[31.7449,53.99443]]}},{"type":"Feature","properties":{},"geometry":{"type":"LineString","coordinates":[[31.7225,53.70601],[31.70218,53.73034],[31.7031,53.73442],[31.7198,53.73352],[31.70666,53.77531],[31.70587,53.80146],[31.71047,53.80935],[31.77478,53.88133],[31.78985,53.91772],[31.77299,53.94185],[31.7711,53.95088],[31.74488,53.99406]]}},{"type":"Feature","properties":{},"geometry":{"type":"LineString","coordinates":[[31.01773,52.40905],[31.0163,52.41005]]}},{"type":"Feature","properties":{},"geometry":{"type":"LineString","coordinates":[[31.25744,52.38582],[31.21757,52.38811],[31.21667,52.39092],[31.20281,52.39233],[31.15514,52.38906],[31.12158,52.39857],[31.10162,52.39951],[31.09068,52.39643],[31.0684,52.39874],[31.06354,52.40207],[31.05568,52.40202],[31.03791,52.408],[31.02747,52.40375],[31.0163,52.41005]]}},{"type":"Feature","properties":{},"geometry":{"type":"LineString","coordinates":[[31.01773,52.40905],[31.02982,52.39275],[31.03039,52.34996]]}},{"type":"Feature","properties":{},"geometry":{"type":"LineString","coordinates":[[31.03161,52.28696],[31.03039,52.34996]]}},{"type":"Feature","properties":{},"geometry":{"type":"LineString","coordinates":[[31.02281,52.28469],[31.02898,52.28083]]}},{"type":"Feature","properties":{},"geometry":{"type":"LineString","coordinates":[[31.03161,52.28696],[31.02281,52.28469]]}},{"type":"Feature","properties":{},"geometry":{"type":"LineString","coordinates":[[31.02963,52.28079],[31.03161,52.28696]]}},{"type":"Feature","properties":{},"geometry":{"type":"LineString","coordinates":[[31.04772,52.28226],[31.03706,52.28294],[31.03161,52.28696]]}},{"type":"Feature","properties":{},"geometry":{"type":"LineString","coordinates":[[31.02898,52.28083],[31.02927,52.27975]]}},{"type":"Feature","properties":{},"geometry":{"type":"LineString","coordinates":[[31.02898,52.28083],[31.02963,52.28079]]}},{"type":"Feature","properties":{},"geometry":{"type":"LineString","coordinates":[[30.64613,51.39576],[30.65704,51.39888]]}},{"type":"Feature","properties":{},"geometry":{"type":"LineString","coordinates":[[31.02927,52.27975],[31.02963,52.28079]]}},{"type":"Feature","properties":{},"geometry":{"type":"LineString","coordinates":[[31.02912,52.27926],[31.02927,52.27975]]}},{"type":"Feature","properties":{},"geometry":{"type":"LineString","coordinates":[[31.00518,52.20622],[31.02912,52.27926]]}},{"type":"Feature","properties":{},"geometry":{"type":"LineString","coordinates":[[31.02912,52.27926],[31.04772,52.28226]]}},{"type":"Feature","properties":{},"geometry":{"type":"LineString","coordinates":[[31.16284,52.56925],[31.16302,52.56876]]}},{"type":"Feature","properties":{},"geometry":{"type":"LineString","coordinates":[[31.16343,52.56895],[31.16284,52.56925]]}},{"type":"Feature","properties":{},"geometry":{"type":"LineString","coordinates":[[31.1627,52.56815],[31.16338,52.56841]]}},{"type":"Feature","properties":{},"geometry":{"type":"LineString","coordinates":[[31.163,52.56866],[31.1627,52.56815]]}},{"type":"Feature","properties":{},"geometry":{"type":"LineString","coordinates":[[31.16343,52.56895],[31.16302,52.56876]]}},{"type":"Feature","properties":{},"geometry":{"type":"LineString","coordinates":[[31.16302,52.56876],[31.163,52.56866]]}},{"type":"Feature","properties":{},"geometry":{"type":"LineString","coordinates":[[31.163,52.56866],[31.16338,52.56841]]}},{"type":"Feature","properties":{},"geometry":{"type":"LineString","coordinates":[[31.16375,52.56888],[31.16343,52.56895]]}},{"type":"Feature","properties":{},"geometry":{"type":"LineString","coordinates":[[31.16338,52.56841],[31.16377,52.56849]]}},{"type":"Feature","properties":{},"geometry":{"type":"LineString","coordinates":[[31.16377,52.56849],[31.16375,52.56888]]}},{"type":"Feature","properties":{},"geometry":{"type":"LineString","coordinates":[[31.16537,52.56858],[31.16375,52.56888]]}},{"type":"Feature","properties":{},"geometry":{"type":"LineString","coordinates":[[31.16377,52.56849],[31.16537,52.56858]]}},{"type":"Feature","properties":{},"geometry":{"type":"LineString","coordinates":[[31.16537,52.56858],[31.17307,52.56638]]}},{"type":"Feature","properties":{},"geometry":{"type":"LineString","coordinates":[[31.00518,52.20622],[31.00389,52.20236]]}},{"type":"Feature","properties":{},"geometry":{"type":"LineString","coordinates":[[31.00389,52.20236],[31.00518,52.20622]]}},{"type":"Feature","properties":{},"geometry":{"type":"LineString","coordinates":[[30.96771,52.09457],[31.00389,52.20236]]}},{"type":"Feature","properties":{},"geometry":{"type":"LineString","coordinates":[[30.65704,51.39888],[30.65892,51.39924]]}},{"type":"Feature","properties":{},"geometry":{"type":"LineString","coordinates":[[30.65892,51.39924],[30.65704,51.39888]]}},{"type":"Feature","properties":{},"geometry":{"type":"LineString","coordinates":[[30.65892,51.39924],[30.73777,51.39913]]}},{"type":"Feature","properties":{},"geometry":{"type":"LineString","coordinates":[[31.17307,52.56638],[31.17309,52.56615]]}},{"type":"Feature","properties":{},"geometry":{"type":"LineString","coordinates":[[31.17331,52.56617],[31.17307,52.56638]]}},{"type":"Feature","properties":{},"geometry":{"type":"LineString","coordinates":[[31.17331,52.56617],[31.17309,52.56615]]}},{"type":"Feature","properties":{},"geometry":{"type":"LineString","coordinates":[[31.17309,52.56615],[31.17319,52.56586]]}},{"type":"Feature","properties":{},"geometry":{"type":"LineString","coordinates":[[31.17341,52.56591],[31.17331,52.56617]]}},{"type":"Feature","properties":{},"geometry":{"type":"LineString","coordinates":[[31.17319,52.56586],[31.17338,52.56564]]}},{"type":"Feature","properties":{},"geometry":{"type":"LineString","coordinates":[[31.17319,52.56586],[31.17341,52.56591]]}},{"type":"Feature","properties":{},"geometry":{"type":"LineString","coordinates":[[31.17338,52.56564],[31.17341,52.56591]]}},{"type":"Feature","properties":{},"geometry":{"type":"LineString","coordinates":[[31.17338,52.56564],[31.17979,52.54558]]}},{"type":"Feature","properties":{},"geometry":{"type":"LineString","coordinates":[[31.04772,52.28226],[31.0627,52.28362],[31.16372,52.26311],[31.18115,52.26379],[31.19775,52.26887],[31.2087,52.27686],[31.24536,52.317],[31.24599,52.32265],[31.23145,52.3422],[31.22944,52.35177],[31.26092,52.3766],[31.26645,52.38459]]}},{"type":"Feature","properties":{},"geometry":{"type":"LineString","coordinates":[[30.96771,52.09457],[30.96652,52.09149]]}},{"type":"Feature","properties":{},"geometry":{"type":"LineString","coordinates":[[30.96652,52.09149],[30.96771,52.09457]]}},{"type":"Feature","properties":{},"geometry":{"type":"LineString","coordinates":[[30.96607,52.09029],[30.96652,52.09149]]}},{"type":"Feature","properties":{},"geometry":{"type":"LineString","coordinates":[[30.96607,52.09029],[30.96504,52.08728]]}},{"type":"Feature","properties":{},"geometry":{"type":"LineString","coordinates":[[30.96504,52.08728],[30.96607,52.09029]]}},{"type":"Feature","properties":{},"geometry":{"type":"LineString","coordinates":[[30.96886,52.07547],[30.96391,52.08211],[30.96504,52.08728]]}},{"type":"Feature","properties":{},"geometry":{"type":"LineString","coordinates":[[30.96886,52.07547],[30.97062,52.07334]]}},{"type":"Feature","properties":{},"geometry":{"type":"LineString","coordinates":[[30.97062,52.07334],[30.96886,52.07547]]}},{"type":"Feature","properties":{},"geometry":{"type":"LineString","coordinates":[[31.17979,52.54558],[31.17953,52.54543]]}},{"type":"Feature","properties":{},"geometry":{"type":"LineString","coordinates":[[31.17953,52.54543],[31.17941,52.54511]]}},{"type":"Feature","properties":{},"geometry":{"type":"LineString","coordinates":[[31.17972,52.54533],[31.17953,52.54543]]}},{"type":"Feature","properties":{},"geometry":{"type":"LineString","coordinates":[[31.17941,52.54511],[31.17962,52.54492]]}},{"type":"Feature","properties":{},"geometry":{"type":"LineString","coordinates":[[31.17941,52.54511],[31.17966,52.54516]]}},{"type":"Feature","properties":{},"geometry":{"type":"LineString","coordinates":[[31.17972,52.54533],[31.17979,52.54558]]}},{"type":"Feature","properties":{},"geometry":{"type":"LineString","coordinates":[[31.17966,52.54516],[31.17972,52.54533]]}},{"type":"Feature","properties":{},"geometry":{"type":"LineString","coordinates":[[31.17962,52.54492],[31.17966,52.54516]]}},{"type":"Feature","properties":{},"geometry":{"type":"LineString","coordinates":[[31.8873,54.05855],[31.88951,54.05959]]}},{"type":"Feature","properties":{},"geometry":{"type":"LineString","coordinates":[[31.88951,54.05959],[31.8873,54.05855]]}},{"type":"Feature","properties":{},"geometry":{"type":"LineString","coordinates":[[31.17962,52.54492],[31.18237,52.5272],[31.18785,52.52017],[31.20583,52.51039],[31.2455,52.49549],[31.26143,52.48048],[31.28169,52.47281],[31.28273,52.46222],[31.28962,52.44918],[31.29966,52.44047],[31.31966,52.4334],[31.32095,52.42538],[31.31434,52.41473],[31.32946,52.40292],[31.30697,52.38905]]}},{"type":"Feature","properties":{},"geometry":{"type":"LineString","coordinates":[[30.97289,52.06999],[30.97062,52.07334]]}},{"type":"Feature","properties":{},"geometry":{"type":"LineString","coordinates":[[32.0196,54.13823],[31.98847,54.1233],[31.93045,54.07849],[31.90232,54.06732],[31.88951,54.05959]]}},{"type":"Feature","properties":{},"geometry":{"type":"LineString","coordinates":[[31.7224,53.7058],[31.72213,53.70573]]}},{"type":"Feature","properties":{},"geometry":{"type":"LineString","coordinates":[[31.72213,53.70573],[31.72244,53.70566]]}},{"type":"Feature","properties":{},"geometry":{"type":"LineString","coordinates":[[31.7225,53.70601],[31.72244,53.70584]]}},{"type":"Feature","properties":{},"geometry":{"type":"LineString","coordinates":[[31.72267,53.70588],[31.7225,53.70601]]}},{"type":"Feature","properties":{},"geometry":{"type":"LineString","coordinates":[[31.72244,53.70584],[31.7224,53.7058]]}},{"type":"Feature","properties":{},"geometry":{"type":"LineString","coordinates":[[31.7224,53.7058],[31.72244,53.70566]]}},{"type":"Feature","properties":{},"geometry":{"type":"LineString","coordinates":[[31.72267,53.70588],[31.72244,53.70584]]}},{"type":"Feature","properties":{},"geometry":{"type":"LineString","coordinates":[[31.72244,53.70566],[31.72283,53.7057]]}},{"type":"Feature","properties":{},"geometry":{"type":"LineString","coordinates":[[31.72277,53.70585],[31.72267,53.70588]]}},{"type":"Feature","properties":{},"geometry":{"type":"LineString","coordinates":[[31.72283,53.7057],[31.72277,53.70585]]}},{"type":"Feature","properties":{},"geometry":{"type":"LineString","coordinates":[[31.7231,53.70579],[31.72277,53.70585]]}},{"type":"Feature","properties":{},"geometry":{"type":"LineString","coordinates":[[31.72283,53.7057],[31.7231,53.70579]]}},{"type":"Feature","properties":{},"geometry":{"type":"LineString","coordinates":[[31.92189,53.71335],[31.78401,53.70178],[31.76242,53.70748],[31.7231,53.70579]]}},{"type":"Feature","properties":{},"geometry":{"type":"LineString","coordinates":[[31.26625,52.38608],[31.25744,52.38582]]}},{"type":"Feature","properties":{},"geometry":{"type":"LineString","coordinates":[[31.25744,52.38582],[31.26603,52.38556]]}},{"type":"Feature","properties":{},"geometry":{"type":"LineString","coordinates":[[31.26755,52.38606],[31.26625,52.38608]]}},{"type":"Feature","properties":{},"geometry":{"type":"LineString","coordinates":[[31.26625,52.38608],[31.26603,52.38556]]}},{"type":"Feature","properties":{},"geometry":{"type":"LineString","coordinates":[[31.26603,52.38556],[31.26615,52.38549]]}},{"type":"Feature","properties":{},"geometry":{"type":"LineString","coordinates":[[31.26615,52.38549],[31.26645,52.38459]]}},{"type":"Feature","properties":{},"geometry":{"type":"LineString","coordinates":[[31.26615,52.38549],[31.26735,52.38541]]}},{"type":"Feature","properties":{},"geometry":{"type":"LineString","coordinates":[[31.26645,52.38459],[31.26735,52.38541]]}},{"type":"Feature","properties":{},"geometry":{"type":"LineString","coordinates":[[31.26759,52.38548],[31.26755,52.38606]]}},{"type":"Feature","properties":{},"geometry":{"type":"LineString","coordinates":[[31.27051,52.38577],[31.26755,52.38606]]}},{"type":"Feature","properties":{},"geometry":{"type":"LineString","coordinates":[[31.26735,52.38541],[31.26759,52.38548]]}},{"type":"Feature","properties":{},"geometry":{"type":"LineString","coordinates":[[31.26759,52.38548],[31.27051,52.38577]]}},{"type":"Feature","properties":{},"geometry":{"type":"LineString","coordinates":[[31.29246,52.38549],[31.27051,52.38577]]}},{"type":"Feature","properties":{},"geometry":{"type":"LineString","coordinates":[[31.30697,52.38905],[31.29246,52.38549]]}},{"type":"Feature","properties":{},"geometry":{"type":"LineString","coordinates":[[31.31091,52.38333],[31.29246,52.38549]]}},{"type":"Feature","properties":{},"geometry":{"type":"LineString","coordinates":[[32.33334,53.78818],[32.15566,53.7326],[31.92189,53.71335]]}},{"type":"Feature","properties":{},"geometry":{"type":"LineString","coordinates":[[31.92189,53.71335],[31.93764,53.6807],[31.9372,53.65234]]}},{"type":"Feature","properties":{},"geometry":{"type":"LineString","coordinates":[[31.30697,52.38905],[31.31091,52.38333]]}},{"type":"Feature","properties":{},"geometry":{"type":"LineString","coordinates":[[31.31091,52.38333],[31.31389,52.35008],[31.33294,52.34326],[31.35277,52.32224],[31.36425,52.32104],[31.38782,52.29174],[31.43584,52.26695],[31.44657,52.22596],[31.44387,52.21896],[31.44777,52.21771],[31.44657,52.2143],[31.45829,52.21154],[31.47383,52.21433],[31.51344,52.2155],[31.56348,52.20556],[31.60741,52.2087],[31.65453,52.19557],[31.67204,52.18833],[31.70482,52.16363],[31.69758,52.15706],[31.69637,52.15085],[31.69097,52.14461],[31.71989,52.13605],[31.73864,52.12539],[31.77495,52.11529]]}},{"type":"Feature","properties":{},"geometry":{"type":"LineString","coordinates":[[31.62506,52.44196],[31.606,52.44253],[31.59687,52.44034],[31.5474,52.40209],[31.53277,52.39605],[31.46663,52.38832],[31.31091,52.38333]]}},{"type":"Feature","properties":{},"geometry":{"type":"LineString","coordinates":[[31.9372,53.65234],[31.93785,53.65205]]}},{"type":"Feature","properties":{},"geometry":{"type":"LineString","coordinates":[[31.93785,53.65205],[31.9372,53.65234]]}},{"type":"Feature","properties":{},"geometry":{"type":"LineString","coordinates":[[31.93785,53.65205],[31.96186,53.63589],[31.98923,53.62692],[31.99913,53.6099],[31.99462,53.59523],[31.97414,53.58865],[31.97625,53.5802],[31.98874,53.57259],[32.02079,53.56491],[32.1407,53.50968]]}},{"type":"Feature","properties":{},"geometry":{"type":"LineString","coordinates":[[32.01107,53.33941],[32.00781,53.34983],[32.03046,53.36592]]}},{"type":"Feature","properties":{},"geometry":{"type":"LineString","coordinates":[[32.01107,53.33941],[32.01114,53.33891]]}},{"type":"Feature","properties":{},"geometry":{"type":"LineString","coordinates":[[32.01153,53.33904],[32.01107,53.33941]]}},{"type":"Feature","properties":{},"geometry":{"type":"LineString","coordinates":[[32.01153,53.33904],[32.01114,53.33891]]}},{"type":"Feature","properties":{},"geometry":{"type":"LineString","coordinates":[[32.01114,53.33891],[32.01107,53.33865]]}},{"type":"Feature","properties":{},"geometry":{"type":"LineString","coordinates":[[32.01107,53.33865],[32.01094,53.33817]]}},{"type":"Feature","properties":{},"geometry":{"type":"LineString","coordinates":[[32.01107,53.33865],[32.01146,53.33845]]}},{"type":"Feature","properties":{},"geometry":{"type":"LineString","coordinates":[[32.01094,53.33817],[32.01146,53.33845]]}},{"type":"Feature","properties":{},"geometry":{"type":"LineString","coordinates":[[32.012,53.33861],[32.01153,53.33904]]}},{"type":"Feature","properties":{},"geometry":{"type":"LineString","coordinates":[[32.01146,53.33845],[32.01163,53.33845]]}},{"type":"Feature","properties":{},"geometry":{"type":"LineString","coordinates":[[32.01163,53.33845],[32.012,53.33861]]}},{"type":"Feature","properties":{},"geometry":{"type":"LineString","coordinates":[[32.01163,53.33845],[32.01198,53.33813]]}},{"type":"Feature","properties":{},"geometry":{"type":"LineString","coordinates":[[32.01198,53.33813],[32.012,53.33861]]}},{"type":"Feature","properties":{},"geometry":{"type":"LineString","coordinates":[[32.06462,53.32218],[32.02271,53.32933],[32.01198,53.33813]]}},{"type":"Feature","properties":{},"geometry":{"type":"LineString","coordinates":[[32.03046,53.36592],[32.03104,53.36613]]}},{"type":"Feature","properties":{},"geometry":{"type":"LineString","coordinates":[[32.03072,53.36632],[32.03046,53.36592]]}},{"type":"Feature","properties":{},"geometry":{"type":"LineString","coordinates":[[32.03134,53.3667],[32.03072,53.36632]]}},{"type":"Feature","properties":{},"geometry":{"type":"LineString","coordinates":[[32.03072,53.36632],[32.03104,53.36613]]}},{"type":"Feature","properties":{},"geometry":{"type":"LineString","coordinates":[[32.03104,53.36613],[32.03167,53.36651]]}},{"type":"Feature","properties":{},"geometry":{"type":"LineString","coordinates":[[32.03188,53.3669],[32.03134,53.3667]]}},{"type":"Feature","properties":{},"geometry":{"type":"LineString","coordinates":[[32.03167,53.36651],[32.03134,53.3667]]}},{"type":"Feature","properties":{},"geometry":{"type":"LineString","coordinates":[[32.03167,53.36651],[32.03188,53.3669]]}},{"type":"Feature","properties":{},"geometry":{"type":"LineString","coordinates":[[32.03188,53.3669],[32.04192,53.37415],[32.0556,53.38986],[32.06505,53.39161],[32.08362,53.38937]]}},{"type":"Feature","properties":{},"geometry":{"type":"LineString","coordinates":[[32.06796,53.35946],[32.06742,53.35949]]}},{"type":"Feature","properties":{},"geometry":{"type":"LineString","coordinates":[[32.06781,53.35987],[32.06742,53.35949]]}},{"type":"Feature","properties":{},"geometry":{"type":"LineString","coordinates":[[32.06742,53.35949],[32.06798,53.35914]]}},{"type":"Feature","properties":{},"geometry":{"type":"LineString","coordinates":[[32.08494,53.3884],[32.07886,53.37203],[32.06781,53.35987]]}},{"type":"Feature","properties":{},"geometry":{"type":"LineString","coordinates":[[32.06796,53.35946],[32.06781,53.35987]]}},{"type":"Feature","properties":{},"geometry":{"type":"LineString","coordinates":[[32.06803,53.3594],[32.06796,53.35946]]}},{"type":"Feature","properties":{},"geometry":{"type":"LineString","coordinates":[[32.06798,53.35914],[32.06803,53.3594]]}},{"type":"Feature","properties":{},"geometry":{"type":"LineString","coordinates":[[32.06855,53.3593],[32.06803,53.3594]]}},{"type":"Feature","properties":{},"geometry":{"type":"LineString","coordinates":[[32.06798,53.35914],[32.06855,53.3593]]}},{"type":"Feature","properties":{},"geometry":{"type":"LineString","coordinates":[[32.06855,53.3593],[32.13962,53.36479],[32.20222,53.36417],[32.42988,53.37297],[32.50811,53.39575],[32.54756,53.40447],[32.57141,53.40623]]}},{"type":"Feature","properties":{},"geometry":{"type":"LineString","coordinates":[[32.1407,53.50968],[32.14583,53.5109],[32.18977,53.50573],[32.21172,53.51142],[32.21335,53.50977],[32.23338,53.51038],[32.28641,53.50607],[32.31226,53.5015],[32.37088,53.50435],[32.4052,53.4982],[32.41981,53.49094],[32.44485,53.49173],[32.4845,53.48679],[32.50935,53.47738],[32.52511,53.47549],[32.53597,53.4686],[32.55211,53.4508],[32.54824,53.43718],[32.5554,53.41892],[32.57141,53.40623]]}},{"type":"Feature","properties":{},"geometry":{"type":"LineString","coordinates":[[32.1407,53.50968],[32.13301,53.49193],[32.12389,53.44628],[32.0855,53.39005]]}},{"type":"Feature","properties":{},"geometry":{"type":"LineString","coordinates":[[32.08362,53.38937],[32.08451,53.38907]]}},{"type":"Feature","properties":{},"geometry":{"type":"LineString","coordinates":[[32.08465,53.38947],[32.08362,53.38937]]}},{"type":"Feature","properties":{},"geometry":{"type":"LineString","coordinates":[[32.08494,53.38959],[32.08465,53.38947]]}},{"type":"Feature","properties":{},"geometry":{"type":"LineString","coordinates":[[32.08465,53.38947],[32.08451,53.38907]]}},{"type":"Feature","properties":{},"geometry":{"type":"LineString","coordinates":[[32.08451,53.38907],[32.08474,53.38887]]}},{"type":"Feature","properties":{},"geometry":{"type":"LineString","coordinates":[[32.08574,53.38945],[32.08494,53.38959]]}},{"type":"Feature","properties":{},"geometry":{"type":"LineString","coordinates":[[32.0855,53.39005],[32.08494,53.38959]]}},{"type":"Feature","properties":{},"geometry":{"type":"LineString","coordinates":[[32.08474,53.38887],[32.08494,53.3884]]}},{"type":"Feature","properties":{},"geometry":{"type":"LineString","coordinates":[[32.08474,53.38887],[32.08548,53.38882]]}},{"type":"Feature","properties":{},"geometry":{"type":"LineString","coordinates":[[32.08574,53.38945],[32.0855,53.39005]]}},{"type":"Feature","properties":{},"geometry":{"type":"LineString","coordinates":[[32.08494,53.3884],[32.08548,53.38882]]}},{"type":"Feature","properties":{},"geometry":{"type":"LineString","coordinates":[[32.08548,53.38882],[32.08574,53.38945]]}},{"type":"Feature","properties":{},"geometry":{"type":"LineString","coordinates":[[32.06462,53.32218],[32.06532,53.32189]]}},{"type":"Feature","properties":{},"geometry":{"type":"LineString","coordinates":[[32.06537,53.32217],[32.06462,53.32218]]}},{"type":"Feature","properties":{},"geometry":{"type":"LineString","coordinates":[[32.06606,53.32184],[32.06537,53.32217]]}},{"type":"Feature","properties":{},"geometry":{"type":"LineString","coordinates":[[32.06537,53.32217],[32.06532,53.32189]]}},{"type":"Feature","properties":{},"geometry":{"type":"LineString","coordinates":[[32.06532,53.32189],[32.06552,53.32177]]}},{"type":"Feature","properties":{},"geometry":{"type":"LineString","coordinates":[[32.06552,53.32177],[32.06598,53.32132]]}},{"type":"Feature","properties":{},"geometry":{"type":"LineString","coordinates":[[32.06552,53.32177],[32.06606,53.32184]]}},{"type":"Feature","properties":{},"geometry":{"type":"LineString","coordinates":[[32.06598,53.32132],[32.06606,53.32184]]}},{"type":"Feature","properties":{},"geometry":{"type":"LineString","coordinates":[[32.06598,53.32132],[32.08052,53.28501],[32.1131,53.27008],[32.13771,53.23837],[32.14045,53.22508],[32.14989,53.2129],[32.17002,53.1968],[32.19178,53.1903],[32.20432,53.18149],[32.21074,53.16849],[32.20734,53.16092],[32.21429,53.14627],[32.22916,53.13959],[32.24027,53.13054],[32.24681,53.11794],[32.25314,53.11427],[32.25546,53.09624],[32.27323,53.06675]]}},{"type":"Feature","properties":{},"geometry":{"type":"LineString","coordinates":[[31.77495,52.11529],[31.77766,52.11397]]}},{"type":"Feature","properties":{},"geometry":{"type":"LineString","coordinates":[[31.77766,52.11397],[31.77495,52.11529]]}},{"type":"Feature","properties":{},"geometry":{"type":"LineString","coordinates":[[31.77766,52.11397],[31.78072,52.11248]]}},{"type":"Feature","properties":{},"geometry":{"type":"LineString","coordinates":[[31.78072,52.11248],[31.78094,52.11224]]}},{"type":"Feature","properties":{},"geometry":{"type":"LineString","coordinates":[[31.78114,52.11241],[31.78072,52.11248]]}},{"type":"Feature","properties":{},"geometry":{"type":"LineString","coordinates":[[31.78114,52.11241],[31.78094,52.11224]]}},{"type":"Feature","properties":{},"geometry":{"type":"LineString","coordinates":[[31.78094,52.11224],[31.78143,52.11148]]}},{"type":"Feature","properties":{},"geometry":{"type":"LineString","coordinates":[[31.78236,52.1123],[31.78114,52.11241]]}},{"type":"Feature","properties":{},"geometry":{"type":"LineString","coordinates":[[31.78143,52.11148],[31.78155,52.11122]]}},{"type":"Feature","properties":{},"geometry":{"type":"LineString","coordinates":[[31.78143,52.11148],[31.78178,52.11145]]}},{"type":"Feature","properties":{},"geometry":{"type":"LineString","coordinates":[[31.78155,52.11122],[31.78178,52.11145]]}},{"type":"Feature","properties":{},"geometry":{"type":"LineString","coordinates":[[31.78065,52.10778],[31.78155,52.11122]]}},{"type":"Feature","properties":{},"geometry":{"type":"LineString","coordinates":[[31.78178,52.11145],[31.78257,52.11207]]}},{"type":"Feature","properties":{},"geometry":{"type":"LineString","coordinates":[[31.78257,52.11207],[31.78236,52.1123]]}},{"type":"Feature","properties":{},"geometry":{"type":"LineString","coordinates":[[31.78303,52.11231],[31.78236,52.1123]]}},{"type":"Feature","properties":{},"geometry":{"type":"LineString","coordinates":[[31.78257,52.11207],[31.78303,52.11231]]}},{"type":"Feature","properties":{},"geometry":{"type":"LineString","coordinates":[[31.78065,52.10778],[31.78058,52.10721]]}},{"type":"Feature","properties":{},"geometry":{"type":"LineString","coordinates":[[31.78115,52.10643],[31.78065,52.10778]]}},{"type":"Feature","properties":{},"geometry":{"type":"LineString","coordinates":[[31.78303,52.11231],[31.78572,52.11268]]}},{"type":"Feature","properties":{},"geometry":{"type":"LineString","coordinates":[[31.78572,52.11268],[31.79219,52.11458]]}},{"type":"Feature","properties":{},"geometry":{"type":"LineString","coordinates":[[31.79219,52.11458],[31.78572,52.11268]]}},{"type":"Feature","properties":{},"geometry":{"type":"LineString","coordinates":[[31.79219,52.11458],[31.8016,52.11663]]}},{"type":"Feature","properties":{},"geometry":{"type":"LineString","coordinates":[[32.57141,53.40623],[32.57933,53.40837],[32.58227,53.40511],[32.59602,53.37289],[32.60722,53.36008],[32.60095,53.34966],[32.59211,53.34641],[32.59661,53.33116],[32.57966,53.29644],[32.58055,53.29195]]}},{"type":"Feature","properties":{},"geometry":{"type":"LineString","coordinates":[[27.40793,53.90759],[27.40814,53.8991],[27.43273,53.85286],[27.4484,53.84503],[27.48296,53.84075],[27.5557,53.83294],[27.64617,53.83415],[27.66356,53.84116],[27.69511,53.87495],[27.69635,53.88424],[27.67161,53.94341],[27.59084,53.97105],[27.4807,53.9672],[27.46579,53.96442],[27.42493,53.9345],[27.40793,53.90759]]}},{"type":"Feature","properties":{},"geometry":{"type":"LineString","coordinates":[[27.40818,53.90764],[27.4248,53.9341],[27.46639,53.96446],[27.48064,53.96708],[27.58996,53.97101],[27.67144,53.94336],[27.69613,53.88426],[27.6949,53.87498],[27.66397,53.8417],[27.656,53.83691],[27.64507,53.8341],[27.55534,53.83309],[27.45421,53.84417],[27.4396,53.84839],[27.42945,53.85683],[27.40835,53.89916],[27.40818,53.90764]]}},{"type":"Feature","properties":{},"geometry":{"type":"LineString","coordinates":[[27.50427,53.88329],[27.50636,53.88307],[27.50427,53.88329]]}}]}